#include "global.h"

extern const u8 DisplayPage0[];
extern const u8 DisplayPage1[];
extern const u8 DisplayPage2[];
extern const u8 Pal_PrepWindowA[];
extern const u8 Pal_PrepWindowB[];
extern const u8 Pal_PrepWindowC[];
extern const u8 Pal_PrepWindowD[];
extern const u8 AnimScr_efxNaglfarOBJ[];
extern const u8 AnimScr_efxNaglfarOBJ_6[];

/* Migrated from asm/frontier_df4_misc_lo.s (region-same graphics, single section).
 * Each symbol kept in the original section/order; byte-identical via INCBIN_U*.
 */

u8 frontier_df4_misc_lo_000a_0DC3DC[] __attribute__((section(".data.frontier_df4_misc_lo.gap0a"))) = {
    0x30, 0x31, 0x32, 0x33, 0x34, 0x35, 0x36, 0x37, 0x38, 0x39, 0x41, 0x42,
    0x43, 0x44, 0x45, 0x46, 0x00, 0x00, 0x00, 0x00, 0x82, 0x4F, 0x00, 0x00,
    0x45, 0x5F, 0x46, 0x41, 0x43, 0x45, 0x00, 0x00,
};
u8 frontier_df4_misc_lo_000b_0DC43C[] __attribute__((section(".data.frontier_df4_misc_lo.gap0b"))) = {
    0xFF, 0xFF, 0xFF, 0xFF, 0x00, 0x00, 0x01, 0x00, 0x02, 0x00, 0x03, 0x00,
    0x04, 0x00, 0x05, 0x00, 0x06, 0x00, 0x07, 0x00, 0xFF, 0xFF, 0xFF, 0xFF,
    0xFF, 0xFF, 0xFF, 0xFF, 0x20, 0x00, 0x21, 0x00, 0x22, 0x00, 0x23, 0x00,
    0x24, 0x00, 0x25, 0x00, 0x26, 0x00, 0x27, 0x00, 0xFF, 0xFF, 0xFF, 0xFF,
    0xFF, 0xFF, 0xFF, 0xFF, 0x40, 0x00, 0x41, 0x00, 0x42, 0x00, 0x43, 0x00,
    0x44, 0x00, 0x45, 0x00, 0x46, 0x00, 0x47, 0x00, 0xFF, 0xFF, 0xFF, 0xFF,
    0xFF, 0xFF, 0xFF, 0xFF, 0x60, 0x00, 0x61, 0x00, 0x62, 0x00, 0x63, 0x00,
    0x64, 0x00, 0x65, 0x00, 0x66, 0x00, 0x67, 0x00, 0xFF, 0xFF, 0xFF, 0xFF,
    0xFF, 0xFF, 0xFF, 0xFF, 0x08, 0x00, 0x09, 0x00, 0x0A, 0x00, 0x0B, 0x00,
    0x0C, 0x00, 0x0D, 0x00, 0x0E, 0x00, 0x0F, 0x00, 0xFF, 0xFF, 0xFF, 0xFF,
    0xFF, 0xFF, 0xFF, 0xFF, 0x28, 0x00, 0x29, 0x00, 0x2A, 0x00, 0x2B, 0x00,
    0x2C, 0x00, 0x2D, 0x00, 0x2E, 0x00, 0x2F, 0x00, 0xFF, 0xFF, 0xFF, 0xFF,
    0x14, 0x00, 0x15, 0x00, 0x48, 0x00, 0x49, 0x00, 0x4A, 0x00, 0x4B, 0x00,
    0x4C, 0x00, 0x4D, 0x00, 0x4E, 0x00, 0x4F, 0x00, 0x16, 0x00, 0x17, 0x00,
    0x34, 0x00, 0x35, 0x00, 0x68, 0x00, 0x69, 0x00, 0x6A, 0x00, 0x6B, 0x00,
    0x6C, 0x00, 0x6D, 0x00, 0x6E, 0x00, 0x6F, 0x00, 0x36, 0x00, 0x37, 0x00,
    0x54, 0x00, 0x55, 0x00, 0x10, 0x00, 0x11, 0x00, 0x12, 0x00, 0x13, 0x00,
    0x50, 0x00, 0x51, 0x00, 0x52, 0x00, 0x53, 0x00, 0x56, 0x00, 0x57, 0x00,
    0x74, 0x00, 0x75, 0x00, 0x30, 0x00, 0x31, 0x00, 0x32, 0x00, 0x33, 0x00,
    0x70, 0x00, 0x71, 0x00, 0x72, 0x00, 0x73, 0x00, 0x76, 0x00, 0x77, 0x00,
};
u8 frontier_df4_misc_lo_000bm_0DC548[] __attribute__((section(".data.frontier_df4_misc_lo.gap0bm"))) = {
    0x00, 0x00, 0x00, 0x00, 0x08, 0x00, 0x00, 0x00, 0x47, 0x41, 0x4D, 0x45,
    0x43, 0x54, 0x52, 0x4C, 0x00, 0x00, 0x00, 0x00,
};
u8 frontier_df4_misc_lo_000b1_0DC56C[] __attribute__((section(".data.frontier_df4_misc_lo.gap0b1"))) = {
    0x00, 0x40, 0x80,
};
u8 frontier_df4_misc_lo_000b2_0DC583[] __attribute__((section(".data.frontier_df4_misc_lo.gap0b2"))) = {
    0x00, 0x40, 0x40, 0x4C, 0x57, 0x46, 0x4F, 0x56, 0x44, 0x42, 0x4B, 0x40,
    0x40, 0x00, 0x00, 0x00, 0x00,
};
/* gBmlib_0 (JP 0x080DC594, 96 B) carved out to typed C in
 * src/data/gBmlib_0/dat_gBmlib_0.c (#143 shiftability): its 16 embedded
 * function pointers are now relocatable symbol references instead of raw
 * 0x08.. words. The 17 B head above and 20 B tail below remain raw
 * region-diff data (frontier_df4_misc_lo gap0b2). */
u8 frontier_df4_misc_lo_000b2t_0DC5F4[] __attribute__((section(".data.frontier_df4_misc_lo.gap0b2t"))) = {
    0x45, 0x5F, 0x42, 0x4D, 0x41, 0x50, 0x4D, 0x41, 0x49, 0x4E, 0x00, 0x00,
    0x47, 0x45, 0x4E, 0x53, 0x00, 0x00, 0x00, 0x00,
};
/* frontier_df4_misc_lo_001_0DC974 (the 0DC974 menu string pool, 796 B) is now
 * defined as editable Shift-JIS literals in src/menu_def.c (axis #6 C1). */
u8 frontier_df4_misc_lo_002b_0DD35B[] __attribute__((section(".data.frontier_df4_misc_lo.gap2b"))) = {
    0x00, 0x3E, 0x00, 0x00, 0x00, 0x14, 0x00, 0x00, 0x00, 0x32, 0x00, 0x00,
    0x00,
};
u16 frontier_df4_misc_lo_003_0DE85C[] __attribute__((section(".data.frontier_df4_misc_lo.gap3"))) = {
    0x5887, 0x0000, 0x798C, 0x0000, 0x5787, 0x0000, 0x648F, 0x0000, 0x5687, 0x0000, 0xAB8F, 0x0000, 0x5587, 0x0000, 0x5F90, 0x0000, 0x5487, 0x0000, 0x4597, 0x0000, 0x828C, 0x0000, 0x9591, 0x0000, 0xBA95, 0x0000, 0x6297, 0x0000, 0x9D97, 0x0000, 0xC588, 0x0000, 0xF58C, 0x0000, 0xED90, 0x0000, 0x4B81, 0x0000, 0xB993, 0x0000, 0x4A81, 0x0000, 0x8296, 0x0000, 0x6283, 0x0000, 0xC182, 0x0000, 0xB990, 0x0000, 0x8783, 0x0000, 0xE582, 0x0000, 0x4481, 0x0000, 0x6E94, 0x0000, 0x6081, 0x0000, 0x5693, 0x0000, 0x8583, 0x0000, 0xE382, 0x0000, 0x5B81, 0x0000, 0xB397, 0x0000, 0x9A82, 0x0000, 0xF294, 0x0000, 0x8383, 0x0000, 0xE182, 0x0000, 0x9982, 0x0000, 0xE091, 0x0000, 0x4883, 0x0000, 0xA782, 0x0000, 0x9882, 0x0000, 0x6392, 0x0000, 0x4683, 0x0000, 0xA582, 0x0000, 0x9782, 0x0000, 0x6D8E, 0x0000, 0x4483, 0x0000, 0xA382, 0x0000, 0x9682, 0x0000, 0x528B, 0x0000, 0x4283, 0x0000, 0xA182, 0x0000, 0x9582, 0x0000, 0x528C, 0x0000, 0x4083, 0x0000, 0x9F82, 0x0000, 0x9482, 0x0000, 0x9382, 0x0000, 0x9282, 0x0000, 0x9383, 0x0000, 0xF182, 0x0000, 0x9182, 0x0000, 0x9283, 0x0000, 0xF082, 0x0000, 0x9082, 0x0000, 0x8F83, 0x0000, 0xED82, 0x0000, 0x8F82, 0x0000, 0x5882, 0x0000, 0x8D83, 0x0000, 0xEB82, 0x0000, 0x8E82, 0x0000, 0x5782, 0x0000, 0x8C83, 0x0000, 0xEA82, 0x0000, 0x8D82, 0x0000, 0x5682, 0x0000, 0x8B83, 0x0000, 0xE982, 0x0000, 0x8C82, 0x0000, 0x5582, 0x0000, 0x8A83, 0x0000, 0xE882, 0x0000, 0x8B82, 0x0000, 0x5482, 0x0000, 0x8983, 0x0000, 0xE782, 0x0000, 0x8A82, 0x0000, 0xA781, 0x0000, 0x8883, 0x0000, 0xE682, 0x0000, 0x8982, 0x0000, 0x8882, 0x0000, 0x8683, 0x0000, 0xE482, 0x0000, 0x8782, 0x0000, 0x8682, 0x0000, 0x8483, 0x0000, 0xE282, 0x0000, 0x8582, 0x0000, 0x8283, 0x0000, 0xE082, 0x0000, 0x8482, 0x0000, 0x8183, 0x0000, 0xDF82, 0x0000, 0x8382, 0x0000, 0x8083, 0x0000, 0xDE82, 0x0000, 0x8282, 0x0000, 0x7E83, 0x0000, 0xDD82, 0x0000, 0x8182, 0x0000, 0x7D83, 0x0000, 0xDC82, 0x0000, 0x6A81, 0x0000, 0x7C83, 0x0000, 0x7B83, 0x0000, 0x7A83, 0x0000, 0xDB82, 0x0000, 0xDA82, 0x0000, 0xD982, 0x0000, 0x6981, 0x0000, 0x7983, 0x0000, 0x7883, 0x0000, 0x7783, 0x0000, 0xD882, 0x0000, 0xD782, 0x0000, 0xD682, 0x0000, 0x4881, 0x0000, 0x7683, 0x0000, 0x7583, 0x0000, 0x7483, 0x0000, 0xD582, 0x0000, 0xD482, 0x0000, 0xD382, 0x0000, 0x4981, 0x0000, 0x7383, 0x0000, 0x7283, 0x0000, 0x7183, 0x0000, 0xD282, 0x0000, 0xD182, 0x0000, 0xD082, 0x0000, 0x7982, 0x0000, 0x7083, 0x0000, 0x6F83, 0x0000, 0x6E83, 0x0000, 0xCF82, 0x0000, 0xCE82, 0x0000, 0xCD82, 0x0000, 0x6D83, 0x0000, 0xCC82, 0x0000, 0x6C83, 0x0000, 0xCB82, 0x0000, 0x6B83, 0x0000, 0xCA82, 0x0000, 0x6A83, 0x0000, 0xC982, 0x0000, 0x6983, 0x0000, 0xC882, 0x0000, 0x7382, 0x0000, 0x5382, 0x0000, 0x6883, 0x0000, 0x6783, 0x0000, 0xC782, 0x0000, 0xC682, 0x0000, 0x7282, 0x0000, 0x5282, 0x0000, 0x6683, 0x0000, 0x6583, 0x0000, 0xC582, 0x0000, 0xC482, 0x0000, 0x7182, 0x0000, 0x5182, 0x0000, 0x6483, 0x0000, 0x6383, 0x0000, 0xC382, 0x0000, 0xC282, 0x0000, 0x7082, 0x0000, 0x5082, 0x0000, 0x6183, 0x0000, 0x6083, 0x0000, 0xC082, 0x0000, 0xBF82, 0x0000, 0x6F82, 0x0000, 0x4F82, 0x0000, 0x5F83, 0x0000, 0x5E83, 0x0000, 0xBE82, 0x0000, 0xBD82, 0x0000, 0x7882, 0x0000, 0x5D83, 0x0000, 0x5C83, 0x0000, 0xBC82, 0x0000, 0xBB82, 0x0000, 0x7782, 0x0000, 0x5B83, 0x0000, 0x5A83, 0x0000, 0xBA82, 0x0000, 0xB982, 0x0000, 0x7682, 0x0000, 0x5983, 0x0000, 0x5883, 0x0000, 0xB882, 0x0000, 0xB782, 0x0000, 0x7582, 0x0000, 0x5783, 0x0000, 0x5683, 0x0000, 0xB682, 0x0000, 0xB582, 0x0000, 0x7482, 0x0000, 0x5583, 0x0000, 0x5483, 0x0000, 0xB482, 0x0000, 0xB382, 0x0000, 0x6982, 0x0000, 0x6E82, 0x0000, 0x5383, 0x0000, 0x5283, 0x0000, 0xB282, 0x0000, 0xB182, 0x0000, 0x6882, 0x0000, 0x6D82, 0x0000, 0x5183, 0x0000, 0x5083, 0x0000, 0xB082, 0x0000, 0xAF82, 0x0000, 0x6782, 0x0000, 0x6C82, 0x0000, 0x4F83, 0x0000, 0x4E83, 0x0000, 0xAE82, 0x0000, 0xAD82, 0x0000, 0x6682, 0x0000, 0x6B82, 0x0000, 0x4D83, 0x0000, 0x4C83, 0x0000, 0xAC82, 0x0000, 0xAB82, 0x0000, 0x6582, 0x0000, 0x6A82, 0x0000, 0x4B83, 0x0000, 0x4A83, 0x0000, 0xAA82, 0x0000, 0xA982, 0x0000, 0x6482, 0x0000, 0x4983, 0x0000, 0xA882, 0x0000, 0x6382, 0x0000, 0x4783, 0x0000, 0xA682, 0x0000, 0x6282, 0x0000, 0x4583, 0x0000, 0xA482, 0x0000, 0x6182, 0x0000, 0x4383, 0x0000, 0xA282, 0x0000, 0x6082, 0x0000, 0x4183, 0x0000, 0xA082, 0x0000, 0x4081, 0x0000, 0x0000, 0x0006, 0x0007, 0x0008, 0x0009, 0x000A, 0x001F, 0x0020, 0x0021, 0x0022, 0x0023, 0x0038, 0x0039, 0x003A, 0x003B, 0x003C, 0x000B, 0x000C, 0x000D, 0x000E, 0x000F, 0x0024, 0x0025, 0x0026, 0x0027, 0x0028, 0x003D, 0x003E, 0x003F, 0x0040, 0x0041, 0x0010, 0x0011, 0x0012, 0x0013, 0x0014, 0x0029, 0x002A, 0x002B, 0x002C, 0x002D, 0x0042, 0x0043, 0x0044, 0x0045, 0x0046, 0x0015, 0x0016, 0x0017, 0x0018, 0x0019, 0x002E, 0x002F, 0x0030, 0x0031, 0x0032, 0x0047, 0x0048, 0x0049, 0x004A, 0x004B, 0x001A, 0x001B, 0x001C, 0x001D, 0x001E, 0x0033, 0x0034, 0x0035, 0x0036, 0x0037, 0x004C, 0x004D, 0x004E, 0x004F, 0x0050, 0x004E, 0x0000, 0x004F, 0x0000, 0x0050, 0x0000, 0x0051, 0x0000, 0x0051, 0x0000,
};
u8 frontier_df4_misc_lo_004r_0DEEB0[] __attribute__((section(".data.frontier_df4_misc_lo.gap4r"))) = {
    0x78, 0x10, 0x60, 0x24, 0x48, 0x38, 0x30, 0x4C, 0x18, 0x60, 0x00, 0x00,
};
u8 frontier_df4_misc_lo_004b_0DEED0[] __attribute__((section(".data.frontier_df4_misc_lo.gap4b"))) = {
    0x53, 0x49, 0x4F, 0x4D, 0x45, 0x4E, 0x55, 0x00, 0x91, 0x97, 0x90, 0x4D,
    0x92, 0x86, 0x00, 0x00,
};
u8 data_080DEEE0[] __attribute__((section(".data.frontier_df4_misc_lo.gap4b"))) = {
    0x8E, 0xF3, 0x90, 0x4D, 0x92, 0x86, 0x00, 0x00, 0x00, 0x00, 0x00, 0x60,
    0x00, 0x00, 0x00, 0x00, 0x00, 0x68, 0x00, 0x00, 0x00, 0x00, 0x00, 0x70,
    0x00, 0x00, 0x00, 0x80, 0x00, 0x78, 0x00, 0x00, 0x45, 0x4E, 0x44, 0x00,
    0x00, 0x02, 0x01, 0x03, 0x01, 0x03, 0x00, 0x02, 0x02, 0x01, 0x03, 0x00,
    0x03, 0x00, 0x02, 0x01, 0x00, 0x02, 0x01, 0x03, 0x02, 0x00, 0x03, 0x01,
    0x03, 0x01, 0x00, 0x02, 0x01, 0x03, 0x02, 0x00, 0x05, 0x00, 0x09, 0x00,
    0x06, 0x00, 0x09, 0x00, 0x07, 0x00, 0x09, 0x00, 0x08, 0x00, 0x09, 0x00,
    0x09, 0x00, 0x09, 0x00, 0x0C, 0x00, 0x07, 0x00, 0x0C, 0x00, 0x06, 0x00,
    0x0C, 0x00, 0x05, 0x00, 0x0C, 0x00, 0x04, 0x00, 0x0C, 0x00, 0x03, 0x00,
    0x09, 0x00, 0x01, 0x00, 0x08, 0x00, 0x01, 0x00, 0x07, 0x00, 0x01, 0x00,
    0x06, 0x00, 0x01, 0x00, 0x05, 0x00, 0x01, 0x00, 0x02, 0x00, 0x03, 0x00,
    0x02, 0x00, 0x04, 0x00, 0x02, 0x00, 0x05, 0x00, 0x02, 0x00, 0x06, 0x00,
    0x02, 0x00, 0x07, 0x00, 0x01, 0x10, 0x17, 0x10, 0x17, 0x01, 0x01, 0x01,
};
u8 data_080DEF7C[] __attribute__((section(".data.frontier_df4_misc_lo.gap4b"))) = {
    0x82, 0x66, 0x82, 0x64, 0x82, 0x73, 0x81, 0x40, 0x82, 0x6F, 0x82, 0x6E,
    0x82, 0x68, 0x82, 0x6D, 0x82, 0x73, 0x00, 0x03, 0x04, 0x00, 0x04, 0x02,
    0x04, 0x01, 0x04, 0x00, 0xFF, 0xFF, 0x00, 0x00, 0x01, 0x01, 0x00, 0x04,
    0x02, 0x00, 0x01, 0x03, 0x03, 0x04, 0x01, 0x04, 0x53, 0x49, 0x4F, 0x4D,
    0x41, 0x49, 0x4E, 0x00, 0x53, 0x49, 0x4F, 0x57, 0x41, 0x52, 0x50, 0x00,
    0x53, 0x49, 0x4F, 0x57, 0x41, 0x52, 0x50, 0x46, 0x58, 0x00, 0x02, 0x00,
    0x00, 0x40, 0x00, 0x80, 0xDA, 0x86, 0x00, 0x80, 0x20, 0x00, 0xDE, 0x86,
    0x00, 0x00, 0x00, 0x60, 0x00, 0x00, 0x00, 0x00, 0x00, 0x68, 0x00, 0x00,
    0x00, 0x00, 0x00, 0x70, 0x00, 0x00, 0x00, 0x80, 0x00, 0x78, 0x00, 0x00,
    0x05, 0x00, 0x08, 0x40, 0x08, 0x80, 0x40, 0x02, 0x08, 0x40, 0x28, 0x80,
    0x44, 0x02, 0x08, 0x00, 0x48, 0x40, 0x48, 0x02, 0x00, 0x40, 0x00, 0xC0,
    0x94, 0x02, 0x00, 0x00, 0x40, 0x80, 0x9C, 0x02, 0x05, 0x00, 0x08, 0x40,
    0x08, 0x80, 0x4A, 0x02, 0x08, 0x40, 0x28, 0x80, 0x4E, 0x02, 0x08, 0x00,
    0x48, 0x40, 0x52, 0x02, 0x00, 0x40, 0x00, 0xC0, 0x94, 0x02, 0x00, 0x00,
    0x40, 0x80, 0x9C, 0x02, 0x05, 0x00, 0x08, 0x40, 0x08, 0x80, 0x54, 0x02,
    0x08, 0x40, 0x28, 0x80, 0x58, 0x02, 0x08, 0x00, 0x48, 0x40, 0x5C, 0x02,
    0x00, 0x40, 0x00, 0xC0, 0x94, 0x02, 0x00, 0x00, 0x40, 0x80, 0x9C, 0x02,
    0x05, 0x00, 0x08, 0x40, 0x08, 0x80, 0x80, 0x02, 0x08, 0x40, 0x28, 0x80,
    0x84, 0x02, 0x08, 0x00, 0x48, 0x40, 0x88, 0x02, 0x00, 0x40, 0x00, 0xC0,
    0x94, 0x02, 0x00, 0x00, 0x40, 0x80, 0x9C, 0x02, 0x05, 0x00, 0x08, 0x40,
    0x08, 0x80, 0x8A, 0x02, 0x08, 0x40, 0x28, 0x80, 0x8E, 0x02, 0x08, 0x00,
    0x48, 0x40, 0x92, 0x02, 0x00, 0x40, 0x00, 0xC0, 0x94, 0x02, 0x00, 0x00,
    0x40, 0x80, 0x9C, 0x02, 0x00, 0x54, 0x00, 0x44, 0x00, 0x30, 0x00, 0x40,
    0x02, 0x00, 0x00, 0x40, 0x00, 0x80, 0xC0, 0x42, 0x00, 0x00, 0x20, 0x40,
    0xC4, 0x42, 0x03, 0x00, 0x00, 0x80, 0x00, 0x00, 0xC0, 0x42, 0x00, 0x80,
    0x08, 0x00, 0xC6, 0x42, 0x00, 0x40, 0x10, 0x80, 0xC2, 0x42, 0x03, 0x00,
    0x00, 0x80, 0x00, 0x00, 0xC0, 0x42, 0x00, 0x80, 0x08, 0x00, 0xC7, 0x42,
    0x00, 0x40, 0x10, 0x80, 0xC2, 0x42, 0x00, 0x01, 0x02, 0x03, 0x04, 0x05,
    0x06, 0x07, 0x08, 0x09, 0x0A, 0x0B, 0x0C, 0x0D, 0x0E, 0x0F, 0x0F, 0x0E,
    0x0D, 0x0C, 0x0B, 0x0A, 0x09, 0x08, 0x07, 0x06, 0x05, 0x04, 0x03, 0x02,
    0x01, 0x00, 0x01, 0x00, 0x00, 0x41, 0x00, 0xC0, 0x00, 0x07, 0x0F, 0x0E,
    0x0D, 0x0C, 0x0B, 0x0A, 0x09, 0x08, 0x07, 0x06, 0x05, 0x04, 0x03, 0x02,
    0x01, 0x00, 0x00, 0x01, 0x02, 0x03, 0x04, 0x05, 0x06, 0x07, 0x08, 0x09,
    0x0A, 0x0B, 0x0C, 0x0D, 0x0E, 0x0F, 0x01, 0x00, 0x00, 0x00, 0x00, 0x40,
    0x51, 0x96, 0x01, 0x00, 0x00, 0x40, 0x00, 0x80, 0x53, 0x96, 0x01, 0x00,
    0x00, 0x00, 0x00, 0x00, 0x9A, 0x9A, 0x01, 0x00, 0x00, 0x40, 0x00, 0x80,
    0xC0, 0x06, 0x01, 0x00, 0x00, 0x40, 0x00, 0x80, 0xC4, 0x06, 0x01, 0x00,
    0x00, 0x40, 0x00, 0x80, 0xC8, 0x06, 0x01, 0x00, 0x00, 0x40, 0x00, 0x80,
    0xCC, 0x06, 0x01, 0x00, 0x00, 0x40, 0x00, 0x80, 0xD0, 0x06, 0x01, 0x00,
    0x00, 0x00, 0x00, 0x40, 0xD4, 0x86, 0x01, 0x00, 0x00, 0x00, 0x00, 0x40,
    0xD6, 0x86, 0x01, 0x00, 0x00, 0x00, 0x00, 0x40, 0xD8, 0x86, 0x03, 0x00,
    0x00, 0x40, 0x00, 0x40, 0xCE, 0x62, 0x00, 0x40, 0x20, 0x40, 0xCF, 0x62,
    0x08, 0x80, 0x00, 0x00, 0xD3, 0x62, 0x03, 0x00, 0x00, 0x40, 0x10, 0x50,
    0xCF, 0x62, 0x00, 0x40, 0x30, 0x50, 0xCE, 0x62, 0x08, 0x80, 0x48, 0x10,
    0xD3, 0x62, 0x03, 0x00, 0x18, 0x40, 0x00, 0x60, 0xCE, 0x62, 0x18, 0x40,
    0x20, 0x60, 0xCF, 0x62, 0x08, 0x80, 0x00, 0x20, 0xD3, 0x62, 0x03, 0x00,
    0x18, 0x40, 0x10, 0x70, 0xCF, 0x62, 0x18, 0x40, 0x30, 0x70, 0xCE, 0x62,
    0x08, 0x80, 0x48, 0x30, 0xD3, 0x62, 0x02, 0x00, 0x03, 0x00, 0x02, 0x00,
    0x06, 0x00, 0x06, 0x00, 0x09, 0x00, 0x08, 0x00, 0x0C, 0x00, 0x07, 0x00,
    0x0B, 0x00, 0x07, 0x00, 0x0B, 0x00, 0x06, 0x00, 0x0A, 0x00, 0x06, 0x00,
    0x09, 0x00, 0x05, 0x00, 0x08, 0x00, 0x05, 0x00, 0x07, 0x00, 0x04, 0x00,
    0x06, 0x00, 0x04, 0x00, 0x05, 0x00, 0x03, 0x00, 0x04, 0x00, 0x02, 0x00,
    0x03, 0x00, 0x01, 0x00, 0x01, 0x00, 0x00, 0x00, 0x00, 0x00, 0x00, 0x00,
};
u8 data_080DF228[] __attribute__((section(".data.frontier_df4_misc_lo.gap4b2"))) = {
    0x01, 0x00, 0x00, 0x43, 0x00, 0x80, 0x00, 0x37, 0x01, 0x00, 0x00, 0x43,
    0x00, 0x82, 0x04, 0x47, 0x01, 0x00, 0x00, 0x43, 0x00, 0x84, 0x08, 0x57,
    0x01, 0x00, 0x00, 0x43, 0x00, 0x86, 0x0C, 0x67, 0x02, 0x00, 0x00, 0x40,
    0x00, 0x80, 0x48, 0x87, 0x00, 0x80, 0x20, 0x00, 0x4C, 0x87, 0x03, 0x00,
    0x00, 0x40, 0x00, 0x40, 0x4D, 0x97, 0x00, 0x40, 0x20, 0x40, 0x51, 0x97,
    0x00, 0x40, 0x40, 0x00, 0x55, 0x97, 0x08, 0x00, 0x00, 0x44, 0x00, 0x80,
    0x00, 0x3B, 0x00, 0x44, 0x20, 0x80, 0x04, 0x3B, 0x00, 0x44, 0x40, 0x80,
    0x08, 0x3B, 0x00, 0x84, 0x60, 0x00, 0x0C, 0x3B, 0x00, 0x84, 0x68, 0x10,
    0x0C, 0x3B, 0x00, 0x44, 0x70, 0x90, 0x08, 0x3B, 0x00, 0x44, 0x90, 0x90,
    0x04, 0x3B, 0x00, 0x44, 0xB0, 0x90, 0x00, 0x3B, 0x06, 0x00, 0x04, 0x40,
    0x00, 0x80, 0x00, 0x00, 0x04, 0x40, 0x20, 0x80, 0x04, 0x00, 0x04, 0x40,
    0x40, 0x80, 0x08, 0x00, 0x14, 0x40, 0x00, 0x40, 0x0C, 0x00, 0x14, 0x40,
    0x20, 0x40, 0x10, 0x00, 0x14, 0x40, 0x40, 0x40, 0x14, 0x00, 0x00, 0x00,
    0x81, 0x40, 0x8A, 0xD4, 0x90, 0xDA, 0x8D, 0x55, 0x8C, 0x82, 0x00, 0x00,
    0x81, 0x40, 0x92, 0xBC, 0x90, 0xDA, 0x8D, 0x55, 0x8C, 0x82, 0x00, 0x00,
    0x00, 0x00, 0x00, 0x00,
};
u8 frontier_df4_misc_lo_005_0DF388[] __attribute__((section(".data.frontier_df4_misc_lo.gap5"))) = {
    0x45, 0x5F, 0x4D, 0x65, 0x6E, 0x75, 0x00, 0x00, 0x65, 0x6B, 0x72, 0x42,
    0x61, 0x74, 0x74, 0x6C, 0x65, 0x44, 0x61, 0x65, 0x6D, 0x6F, 0x6E, 0x00,
    0x65, 0x6B, 0x72, 0x42, 0x61, 0x74, 0x74, 0x6C, 0x65, 0x00, 0x00, 0x00,
    0x65, 0x6B, 0x72, 0x4C, 0x76, 0x75, 0x70, 0x46, 0x61, 0x6E, 0x00, 0x00,
    0x65, 0x6B, 0x72, 0x47, 0x61, 0x75, 0x67, 0x65, 0x00, 0x00, 0x00, 0x00,
    0x65, 0x6B, 0x72, 0x44, 0x69, 0x73, 0x70, 0x55, 0x50, 0x00, 0x00, 0x00,
    0x65, 0x66, 0x78, 0x48, 0x50, 0x42, 0x61, 0x72, 0x00, 0x00, 0x00, 0x00,
    0x65, 0x66, 0x78, 0x48, 0x50, 0x42, 0x61, 0x72, 0x52, 0x65, 0x73, 0x69,
    0x72, 0x65, 0x00, 0x00, 0x65, 0x66, 0x78, 0x41, 0x76, 0x6F, 0x69, 0x64,
    0x00, 0x00, 0x00, 0x00, 0x65, 0x66, 0x78, 0x48, 0x50, 0x42, 0x61, 0x72,
    0x4C, 0x69, 0x76, 0x65, 0x00, 0x00, 0x00, 0x00, 0x65, 0x66, 0x78, 0x4E,
    0x6F, 0x44, 0x61, 0x6D, 0x61, 0x67, 0x65, 0x00, 0x65, 0x66, 0x78, 0x4E,
    0x6F, 0x44, 0x61, 0x6D, 0x61, 0x67, 0x65, 0x59, 0x75, 0x72, 0x65, 0x00,
    0x00, 0x00, 0x01, 0x00, 0x02, 0x00, 0x03, 0x00, 0x02, 0x00, 0x01, 0x00,
    0x00, 0x00, 0x00, 0x00, 0x00, 0x00, 0x00, 0x00, 0x00, 0x00, 0x00, 0x00,
    0x00, 0x00, 0xFF, 0xFF, 0x65, 0x66, 0x78, 0x53, 0x74, 0x61, 0x74, 0x75,
    0x73, 0x43, 0x48, 0x47, 0x00, 0x00, 0x00, 0x00, 0x65, 0x66, 0x78, 0x44,
    0x65, 0x61, 0x64, 0x45, 0x56, 0x54, 0x45, 0x4E, 0x54, 0x00, 0x00, 0x00,
    0x65, 0x66, 0x78, 0x44, 0x65, 0x61, 0x64, 0x00, 0x65, 0x66, 0x78, 0x44,
    0x65, 0x61, 0x64, 0x50, 0x69, 0x6B, 0x61, 0x00, 0x65, 0x66, 0x78, 0x44,
    0x65, 0x61, 0x64, 0x41, 0x6C, 0x70, 0x68, 0x61, 0x00, 0x00, 0x00, 0x00,
    0x65, 0x66, 0x78, 0x44, 0x65, 0x61, 0x64, 0x44, 0x72, 0x61, 0x67, 0x6F,
    0x6E, 0x41, 0x6C, 0x70, 0x68, 0x61, 0x00, 0x00, 0x65, 0x66, 0x78, 0x46,
    0x61, 0x72, 0x41, 0x74, 0x74, 0x61, 0x63, 0x6B, 0x00, 0x00, 0x00, 0x00,
    0xFF, 0xFF, 0x00, 0x00, 0x00, 0x00, 0x00, 0x00, 0x01, 0x00, 0x00, 0x00,
    0x00, 0x00, 0x00, 0x00, 0xFF, 0xFF, 0x00, 0x00, 0x00, 0x00, 0x01, 0x00,
    0x01, 0x00, 0x00, 0x00, 0xFF, 0xFF, 0xFF, 0x7F, 0x01, 0x00, 0x01, 0x00,
    0x00, 0x00, 0x00, 0x00, 0x00, 0x00, 0x00, 0x00, 0x00, 0x00, 0x00, 0x00,
    0xFF, 0xFF, 0xFF, 0xFF, 0x00, 0x00, 0x00, 0x00, 0x00, 0x00, 0x00, 0x00,
    0x01, 0x00, 0x01, 0x00, 0x00, 0x00, 0x00, 0x00, 0x00, 0x00, 0x00, 0x00,
    0xFF, 0xFF, 0xFF, 0xFF, 0x00, 0x00, 0x00, 0x00, 0x01, 0x00, 0x01, 0x00,
    0x00, 0x00, 0x00, 0x00, 0xFF, 0xFF, 0xFF, 0xFF, 0x00, 0x00, 0x00, 0x00,
    0x01, 0x00, 0x01, 0x00, 0xFF, 0xFF, 0xFF, 0xFF, 0xFF, 0x7F, 0x02, 0x00,
    0x02, 0x00, 0x00, 0x00, 0x00, 0x00, 0x00, 0x00, 0x00, 0x00, 0x00, 0x00,
    0x00, 0x00, 0xFE, 0xFF, 0xFE, 0xFF, 0x00, 0x00, 0x00, 0x00, 0x00, 0x00,
    0x00, 0x00, 0x02, 0x00, 0x02, 0x00, 0x00, 0x00, 0x00, 0x00, 0x00, 0x00,
    0x00, 0x00, 0xFE, 0xFF, 0xFE, 0xFF, 0x00, 0x00, 0x00, 0x00, 0x02, 0x00,
    0x02, 0x00, 0x00, 0x00, 0x00, 0x00, 0xFE, 0xFF, 0xFE, 0xFF, 0x00, 0x00,
    0x00, 0x00, 0x02, 0x00, 0x02, 0x00, 0xFE, 0xFF, 0xFE, 0xFF, 0xFF, 0x7F,
    0x03, 0x00, 0x03, 0x00, 0x00, 0x00, 0x00, 0x00, 0x00, 0x00, 0x00, 0x00,
    0x00, 0x00, 0x00, 0x00, 0xFD, 0xFF, 0xFD, 0xFF, 0x00, 0x00, 0x00, 0x00,
    0x00, 0x00, 0x00, 0x00, 0x03, 0x00, 0x03, 0x00, 0x00, 0x00, 0x00, 0x00,
    0x00, 0x00, 0x00, 0x00, 0xFD, 0xFF, 0xFD, 0xFF, 0x00, 0x00, 0x00, 0x00,
    0x03, 0x00, 0x03, 0x00, 0x00, 0x00, 0x00, 0x00, 0xFD, 0xFF, 0xFD, 0xFF,
    0x00, 0x00, 0x00, 0x00, 0x03, 0x00, 0x03, 0x00, 0xFD, 0xFF, 0xFD, 0xFF,
    0xFF, 0x7F, 0x06, 0x00, 0x06, 0x00, 0x00, 0x00, 0x00, 0x00, 0x00, 0x00,
    0x00, 0x00, 0x00, 0x00, 0x00, 0x00, 0xFA, 0xFF, 0xFA, 0xFF, 0x00, 0x00,
    0x00, 0x00, 0x00, 0x00, 0x00, 0x00, 0x06, 0x00, 0x06, 0x00, 0x00, 0x00,
    0x00, 0x00, 0x00, 0x00, 0x00, 0x00, 0xFA, 0xFF, 0xFA, 0xFF, 0x00, 0x00,
    0x00, 0x00, 0x06, 0x00, 0x06, 0x00, 0x00, 0x00, 0x00, 0x00, 0xFA, 0xFF,
    0xFA, 0xFF, 0x00, 0x00, 0x00, 0x00, 0x06, 0x00, 0x06, 0x00, 0xFA, 0xFF,
    0xFA, 0xFF, 0xFF, 0x7F, 0x09, 0x00, 0x09, 0x00, 0x00, 0x00, 0x00, 0x00,
    0x00, 0x00, 0x00, 0x00, 0x00, 0x00, 0x00, 0x00, 0xF7, 0xFF, 0xF7, 0xFF,
    0x00, 0x00, 0x00, 0x00, 0x00, 0x00, 0x00, 0x00, 0x09, 0x00, 0x09, 0x00,
    0x00, 0x00, 0x00, 0x00, 0x00, 0x00, 0x00, 0x00, 0xF7, 0xFF, 0xF7, 0xFF,
    0x00, 0x00, 0x00, 0x00, 0x09, 0x00, 0x09, 0x00, 0x00, 0x00, 0x00, 0x00,
    0xFA, 0xFF, 0xFA, 0xFF, 0x00, 0x00, 0x00, 0x00, 0x06, 0x00, 0x06, 0x00,
    0x00, 0x00, 0x00, 0x00, 0xFA, 0xFF, 0xFA, 0xFF, 0x00, 0x00, 0x00, 0x00,
    0x06, 0x00, 0x06, 0x00, 0x00, 0x00, 0x00, 0x00, 0x06, 0x00, 0x06, 0x00,
    0xFA, 0xFF, 0xFA, 0xFF, 0x03, 0x00, 0x03, 0x00, 0xFD, 0xFF, 0xFD, 0xFF,
    0xFF, 0x7F, 0x09, 0x00, 0x09, 0x00, 0x00, 0x00, 0x00, 0x00, 0x00, 0x00,
    0x00, 0x00, 0x00, 0x00, 0x00, 0x00, 0xF7, 0xFF, 0xF7, 0xFF, 0x00, 0x00,
    0x00, 0x00, 0x00, 0x00, 0x00, 0x00, 0x09, 0x00, 0x09, 0x00, 0x00, 0x00,
    0x00, 0x00, 0x00, 0x00, 0x00, 0x00, 0xF7, 0xFF, 0xF7, 0xFF, 0x00, 0x00,
    0x00, 0x00, 0x09, 0x00, 0x09, 0x00, 0x00, 0x00, 0x00, 0x00, 0xFA, 0xFF,
    0xFA, 0xFF, 0x00, 0x00, 0x00, 0x00, 0x06, 0x00, 0x06, 0x00, 0x00, 0x00,
    0x00, 0x00, 0xFA, 0xFF, 0xFA, 0xFF, 0x00, 0x00, 0x00, 0x00, 0x06, 0x00,
    0x06, 0x00, 0x00, 0x00, 0x00, 0x00, 0x06, 0x00, 0x06, 0x00, 0xFA, 0xFF,
    0xFA, 0xFF, 0x00, 0x00, 0x00, 0x00, 0x03, 0x00, 0x03, 0x00, 0x00, 0x00,
    0x00, 0x00, 0xFD, 0xFF, 0xFD, 0xFF, 0x00, 0x00, 0x00, 0x00, 0x02, 0x00,
    0x02, 0x00, 0x00, 0x00, 0x00, 0x00, 0xFE, 0xFF, 0xFE, 0xFF, 0x00, 0x00,
    0x00, 0x00, 0x02, 0x00, 0x02, 0x00, 0x00, 0x00, 0x00, 0x00, 0xFE, 0xFF,
    0xFE, 0xFF, 0x00, 0x00, 0x00, 0x00, 0x01, 0x00, 0x01, 0x00, 0x00, 0x00,
    0x00, 0x00, 0xFF, 0xFF, 0xFF, 0xFF, 0x00, 0x00, 0x00, 0x00, 0x01, 0x00,
    0x01, 0x00, 0x00, 0x00, 0x00, 0x00, 0xFF, 0xFF, 0xFF, 0xFF, 0xFF, 0x7F,
    0x03, 0x00, 0x03, 0x00, 0x00, 0x00, 0x00, 0x00, 0xFD, 0xFF, 0xFD, 0xFF,
    0x00, 0x00, 0x00, 0x00, 0xFF, 0x7F, 0x08, 0x00, 0x08, 0x00, 0x00, 0x00,
    0x00, 0x00, 0xF8, 0xFF, 0xF8, 0xFF, 0x00, 0x00, 0x00, 0x00, 0x07, 0x00,
    0x07, 0x00, 0x00, 0x00, 0x00, 0x00, 0xF9, 0xFF, 0xF9, 0xFF, 0x00, 0x00,
    0x00, 0x00, 0xFF, 0x7F, 0x01, 0x00, 0x01, 0x00, 0x00, 0x00, 0x00, 0x00,
    0xFF, 0xFF, 0xFF, 0xFF, 0x00, 0x00, 0x00, 0x00, 0xFF, 0x7F, 0x02, 0x00,
    0x02, 0x00, 0x00, 0x00, 0x00, 0x00, 0xFE, 0xFF, 0xFE, 0xFF, 0x00, 0x00,
    0x00, 0x00, 0xFF, 0x7F, 0x03, 0x00, 0x03, 0x00, 0x00, 0x00, 0x00, 0x00,
    0xFD, 0xFF, 0xFD, 0xFF, 0x00, 0x00, 0x00, 0x00, 0xFF, 0x7F, 0x00, 0x00,
    0x03, 0x00, 0x00, 0x00, 0x00, 0x00, 0x00, 0x00, 0xFD, 0xFF, 0x00, 0x00,
    0x00, 0x00, 0x00, 0x00, 0x05, 0x00, 0x00, 0x00, 0x00, 0x00, 0x00, 0x00,
    0xFB, 0xFF, 0x00, 0x00, 0x00, 0x00, 0x00, 0x00, 0x02, 0x00, 0x00, 0x00,
    0x00, 0x00, 0x00, 0x00, 0xFE, 0xFF, 0x00, 0x00, 0x00, 0x00, 0x00, 0x00,
    0x04, 0x00, 0x00, 0x00, 0x00, 0x00, 0x00, 0x00, 0xFC, 0xFF, 0x00, 0x00,
    0x00, 0x00, 0x00, 0x00, 0x03, 0x00, 0x00, 0x00, 0x00, 0x00, 0x00, 0x00,
    0xFD, 0xFF, 0x00, 0x00, 0x00, 0x00, 0x00, 0x00, 0x05, 0x00, 0x00, 0x00,
    0x00, 0x00, 0x00, 0x00, 0xFB, 0xFF, 0x00, 0x00, 0x00, 0x00, 0x00, 0x00,
    0x02, 0x00, 0x00, 0x00, 0x00, 0x00, 0x00, 0x00, 0xFE, 0xFF, 0x00, 0x00,
    0x00, 0x00, 0x00, 0x00, 0x04, 0x00, 0x00, 0x00, 0x00, 0x00, 0x00, 0x00,
    0xFC, 0xFF, 0x00, 0x00, 0x00, 0x00, 0x00, 0x00, 0x03, 0x00, 0x00, 0x00,
    0x00, 0x00, 0x00, 0x00, 0xFD, 0xFF, 0x00, 0x00, 0x00, 0x00, 0x00, 0x00,
    0x02, 0x00, 0x00, 0x00, 0x00, 0x00, 0x00, 0x00, 0xFE, 0xFF, 0x00, 0x00,
    0x00, 0x00, 0x00, 0x00, 0x01, 0x00, 0x00, 0x00, 0x00, 0x00, 0x00, 0x00,
    0xFF, 0xFF, 0x00, 0x00, 0x00, 0x00, 0x00, 0x00, 0x00, 0x00, 0xFF, 0x7F,
    0xFF, 0xFF, 0xFF, 0xFF, 0x00, 0x00, 0x00, 0x00, 0x01, 0x00, 0x01, 0x00,
    0x00, 0x00, 0x00, 0x00, 0xFF, 0x7F, 0x02, 0x00, 0x02, 0x00, 0xFF, 0xFF,
    0xFF, 0xFF, 0x01, 0x00, 0x01, 0x00, 0xFE, 0xFF, 0xFE, 0xFF, 0xFF, 0x7F,
    0x02, 0x00, 0x02, 0x00, 0xFF, 0xFF, 0xFF, 0xFF, 0x01, 0x00, 0x01, 0x00,
    0xFE, 0xFF, 0xFE, 0xFF, 0xFF, 0x7F, 0x00, 0x00, 0x04, 0x00, 0x00, 0x00,
    0x04, 0x00, 0x00, 0x00, 0xFC, 0xFF, 0x00, 0x00, 0xFC, 0xFF, 0x00, 0x00,
    0x04, 0x00, 0x00, 0x00, 0x04, 0x00, 0x00, 0x00, 0xFC, 0xFF, 0x00, 0x00,
    0xFC, 0xFF, 0x00, 0x00, 0x04, 0x00, 0x00, 0x00, 0x04, 0x00, 0x00, 0x00,
    0xFC, 0xFF, 0x00, 0x00, 0xFC, 0xFF, 0x00, 0x00, 0x04, 0x00, 0x00, 0x00,
    0x04, 0x00, 0x00, 0x00, 0xFC, 0xFF, 0x00, 0x00, 0xFC, 0xFF, 0x00, 0x00,
    0x04, 0x00, 0x00, 0x00, 0x04, 0x00, 0x00, 0x00, 0xFC, 0xFF, 0x00, 0x00,
    0xFC, 0xFF, 0x00, 0x00, 0x04, 0x00, 0x00, 0x00, 0x04, 0x00, 0x00, 0x00,
    0xFC, 0xFF, 0x00, 0x00, 0xFC, 0xFF, 0x00, 0x00, 0x03, 0x00, 0x00, 0x00,
    0x03, 0x00, 0x00, 0x00, 0xFD, 0xFF, 0x00, 0x00, 0xFD, 0xFF, 0x00, 0x00,
    0x03, 0x00, 0x00, 0x00, 0x03, 0x00, 0x00, 0x00, 0xFD, 0xFF, 0x00, 0x00,
    0xFD, 0xFF, 0x00, 0x00, 0x03, 0x00, 0x00, 0x00, 0x03, 0x00, 0x00, 0x00,
    0xFD, 0xFF, 0x00, 0x00, 0xFD, 0xFF, 0x00, 0x00, 0x03, 0x00, 0x00, 0x00,
    0x03, 0x00, 0x00, 0x00, 0xFD, 0xFF, 0x00, 0x00, 0xFD, 0xFF, 0x00, 0x00,
    0x03, 0x00, 0x00, 0x00, 0x03, 0x00, 0x00, 0x00, 0xFD, 0xFF, 0x00, 0x00,
    0xFD, 0xFF, 0x00, 0x00, 0x03, 0x00, 0x00, 0x00, 0x03, 0x00, 0x00, 0x00,
    0xFD, 0xFF, 0x00, 0x00, 0xFD, 0xFF, 0x00, 0x00, 0x02, 0x00, 0x00, 0x00,
    0x02, 0x00, 0x00, 0x00, 0xFE, 0xFF, 0x00, 0x00, 0xFE, 0xFF, 0x00, 0x00,
    0x02, 0x00, 0x00, 0x00, 0x02, 0x00, 0x00, 0x00, 0xFE, 0xFF, 0x00, 0x00,
    0xFE, 0xFF, 0x00, 0x00, 0x02, 0x00, 0x00, 0x00, 0x02, 0x00, 0x00, 0x00,
    0xFE, 0xFF, 0x00, 0x00, 0xFE, 0xFF, 0x00, 0x00, 0x02, 0x00, 0x00, 0x00,
    0x02, 0x00, 0x00, 0x00, 0xFE, 0xFF, 0x00, 0x00, 0xFE, 0xFF, 0x00, 0x00,
    0x02, 0x00, 0x00, 0x00, 0x02, 0x00, 0x00, 0x00, 0xFE, 0xFF, 0x00, 0x00,
    0xFE, 0xFF, 0x00, 0x00, 0x02, 0x00, 0x00, 0x00, 0x02, 0x00, 0x00, 0x00,
    0xFE, 0xFF, 0x00, 0x00, 0xFE, 0xFF, 0x00, 0x00, 0x01, 0x00, 0x00, 0x00,
    0x01, 0x00, 0x00, 0x00, 0xFF, 0xFF, 0x00, 0x00, 0xFF, 0xFF, 0x00, 0x00,
    0x01, 0x00, 0x00, 0x00, 0x01, 0x00, 0x00, 0x00, 0xFF, 0xFF, 0x00, 0x00,
    0xFF, 0xFF, 0x00, 0x00, 0x01, 0x00, 0x00, 0x00, 0x01, 0x00, 0x00, 0x00,
    0xFF, 0xFF, 0x00, 0x00, 0xFF, 0xFF, 0x00, 0x00, 0x01, 0x00, 0x00, 0x00,
    0x01, 0x00, 0x00, 0x00, 0xFF, 0xFF, 0x00, 0x00, 0xFF, 0xFF, 0x00, 0x00,
    0x01, 0x00, 0x00, 0x00, 0x01, 0x00, 0x00, 0x00, 0xFF, 0xFF, 0x00, 0x00,
    0xFF, 0xFF, 0x00, 0x00, 0x01, 0x00, 0x00, 0x00, 0x01, 0x00, 0x00, 0x00,
    0xFF, 0xFF, 0x00, 0x00, 0xFF, 0xFF, 0xFF, 0x7F, 0x06, 0x00, 0x06, 0x00,
    0x00, 0x00, 0x00, 0x00, 0x00, 0x00, 0x00, 0x00, 0x00, 0x00, 0x00, 0x00,
    0xFA, 0xFF, 0xFA, 0xFF, 0x00, 0x00, 0x00, 0x00, 0x00, 0x00, 0x00, 0x00,
    0x06, 0x00, 0x06, 0x00, 0x00, 0x00, 0x00, 0x00, 0x00, 0x00, 0x00, 0x00,
    0xFA, 0xFF, 0xFA, 0xFF, 0x00, 0x00, 0x00, 0x00, 0x06, 0x00, 0x06, 0x00,
    0x00, 0x00, 0x00, 0x00, 0xFA, 0xFF, 0xFA, 0xFF, 0x00, 0x00, 0x00, 0x00,
    0xFC, 0xFF, 0xFC, 0xFF, 0x00, 0x00, 0x00, 0x00, 0x04, 0x00, 0x04, 0x00,
    0x00, 0x00, 0x00, 0x00, 0xFC, 0xFF, 0xFC, 0xFF, 0x00, 0x00, 0x00, 0x00,
    0x04, 0x00, 0x04, 0x00, 0x00, 0x00, 0x00, 0x00, 0xFC, 0xFF, 0xFC, 0xFF,
    0x00, 0x00, 0x00, 0x00, 0x02, 0x00, 0x02, 0x00, 0x00, 0x00, 0x00, 0x00,
    0xFE, 0xFF, 0xFE, 0xFF, 0x00, 0x00, 0x00, 0x00, 0x02, 0x00, 0x02, 0x00,
    0x00, 0x00, 0x00, 0x00, 0xFE, 0xFF, 0xFE, 0xFF, 0x00, 0x00, 0x00, 0x00,
    0x01, 0x00, 0x01, 0x00, 0x00, 0x00, 0x00, 0x00, 0xFF, 0xFF, 0xFF, 0xFF,
    0xFF, 0x7F, 0x0A, 0x00, 0x0A, 0x00, 0x00, 0x00, 0x00, 0x00, 0x00, 0x00,
    0x00, 0x00, 0x00, 0x00, 0x00, 0x00, 0xF6, 0xFF, 0xF6, 0xFF, 0x00, 0x00,
    0x00, 0x00, 0x00, 0x00, 0x00, 0x00, 0x00, 0x00, 0x00, 0x00, 0x0A, 0x00,
    0x0A, 0x00, 0x00, 0x00, 0x00, 0x00, 0x00, 0x00, 0x00, 0x00, 0x00, 0x00,
    0x00, 0x00, 0xF6, 0xFF, 0xF6, 0xFF, 0x00, 0x00, 0x00, 0x00, 0x00, 0x00,
    0x00, 0x00, 0x00, 0x00, 0x00, 0x00, 0x08, 0x00, 0x08, 0x00, 0x00, 0x00,
    0x00, 0x00, 0x00, 0x00, 0x00, 0x00, 0xF8, 0xFF, 0xF8, 0xFF, 0x00, 0x00,
    0x00, 0x00, 0x08, 0x00, 0x08, 0x00, 0x00, 0x00, 0x00, 0x00, 0xF8, 0xFF,
    0xF8, 0xFF, 0x00, 0x00, 0x00, 0x00, 0x08, 0x00, 0x08, 0x00, 0x00, 0x00,
    0x00, 0x00, 0x00, 0x00, 0x00, 0x00, 0xF8, 0xFF, 0xF8, 0xFF, 0x00, 0x00,
    0x00, 0x00, 0x08, 0x00, 0x08, 0x00, 0x00, 0x00, 0x00, 0x00, 0xF8, 0xFF,
    0xF8, 0xFF, 0x00, 0x00, 0x00, 0x00, 0xFA, 0xFF, 0xFA, 0xFF, 0x00, 0x00,
    0x00, 0x00, 0x06, 0x00, 0x06, 0x00, 0x00, 0x00, 0x00, 0x00, 0xFA, 0xFF,
    0xFA, 0xFF, 0x00, 0x00, 0x00, 0x00, 0x06, 0x00, 0x06, 0x00, 0x00, 0x00,
    0x00, 0x00, 0xFA, 0xFF, 0xFA, 0xFF, 0x00, 0x00, 0x00, 0x00, 0xFA, 0xFF,
    0xFA, 0xFF, 0x00, 0x00, 0x00, 0x00, 0x06, 0x00, 0x06, 0x00, 0x00, 0x00,
    0x00, 0x00, 0xFA, 0xFF, 0xFA, 0xFF, 0x00, 0x00, 0x00, 0x00, 0x06, 0x00,
    0x06, 0x00, 0x00, 0x00, 0x00, 0x00, 0xFA, 0xFF, 0xFA, 0xFF, 0x00, 0x00,
    0x00, 0x00, 0x04, 0x00, 0x04, 0x00, 0x00, 0x00, 0x00, 0x00, 0xFC, 0xFF,
    0xFC, 0xFF, 0x00, 0x00, 0x00, 0x00, 0x04, 0x00, 0x04, 0x00, 0x00, 0x00,
    0x00, 0x00, 0xFC, 0xFF, 0xFC, 0xFF, 0x00, 0x00, 0x00, 0x00, 0x04, 0x00,
    0x04, 0x00, 0x00, 0x00, 0x00, 0x00, 0xFC, 0xFF, 0xFC, 0xFF, 0x00, 0x00,
    0x00, 0x00, 0x04, 0x00, 0x04, 0x00, 0x00, 0x00, 0x00, 0x00, 0xFC, 0xFF,
    0xFC, 0xFF, 0x00, 0x00, 0x00, 0x00, 0x02, 0x00, 0x02, 0x00, 0x00, 0x00,
    0x00, 0x00, 0xFE, 0xFF, 0xFE, 0xFF, 0x02, 0x00, 0x02, 0x00, 0x00, 0x00,
    0x00, 0x00, 0xFE, 0xFF, 0xFE, 0xFF, 0xFF, 0x7F, 0x65, 0x66, 0x78, 0x51,
    0x75, 0x61, 0x6B, 0x65, 0x50, 0x75, 0x72, 0x65, 0x00, 0x00, 0x00, 0x00,
    0x65, 0x66, 0x78, 0x48, 0x69, 0x74, 0x51, 0x75, 0x61, 0x6B, 0x65, 0x50,
    0x75, 0x72, 0x65, 0x00, 0x65, 0x66, 0x78, 0x51, 0x75, 0x61, 0x6B, 0x65,
    0x00, 0x00, 0x00, 0x00, 0x65, 0x66, 0x78, 0x48, 0x69, 0x74, 0x51, 0x75,
    0x61, 0x6B, 0x65, 0x00,
};
u8 frontier_df4_misc_lo_006_0DFBEF[] __attribute__((section(".data.frontier_df4_misc_lo.gap6"))) = {
    0x00, 0x65, 0x66, 0x78, 0x57, 0x68, 0x69, 0x74, 0x65, 0x4F, 0x55, 0x54,
    0x00, 0x65, 0x66, 0x78, 0x57, 0x68, 0x69, 0x74, 0x65, 0x49, 0x4E, 0x00,
    0x00, 0x65, 0x66, 0x78, 0x42, 0x6C, 0x61, 0x63, 0x6B, 0x4F, 0x55, 0x54,
    0x00, 0x65, 0x66, 0x78, 0x42, 0x6C, 0x61, 0x63, 0x6B, 0x49, 0x4E, 0x00,
    0x00, 0x65, 0x66, 0x78, 0x46, 0x6C, 0x61, 0x73, 0x68, 0x48, 0x50, 0x42,
    0x61, 0x72, 0x00, 0x00, 0x00, 0x65, 0x66, 0x78, 0x48, 0x50, 0x42, 0x61,
    0x72, 0x43, 0x6F, 0x6C, 0x6F, 0x72, 0x43, 0x68, 0x61, 0x6E, 0x67, 0x65,
    0x00, 0x01, 0x00, 0x02, 0x00, 0x02, 0x00, 0x02, 0x00, 0x03, 0x00, 0x02,
    0x00, 0x04, 0x00, 0x02, 0x00, 0x05, 0x00, 0x0A, 0x00, 0x04, 0x00, 0x02,
    0x00, 0x03, 0x00, 0x02, 0x00, 0x02, 0x00, 0x02, 0x00, 0x01, 0x00, 0x02,
    0x00, 0x00, 0x00, 0x0A, 0x00, 0xFE, 0xFF, 0x00, 0x00, 0x0A, 0x00, 0x01,
    0x00, 0x0A, 0x00, 0x02, 0x00, 0x0A, 0x00, 0x03, 0x00, 0x0A, 0x00, 0x04,
    0x00, 0x0A, 0x00, 0x03, 0x00, 0x0A, 0x00, 0x02, 0x00, 0x0A, 0x00, 0x01,
    0x00, 0x0A, 0x00, 0xFE, 0xFF, 0x65, 0x66, 0x78, 0x46, 0x6C, 0x61, 0x73,
    0x68, 0x55, 0x6E, 0x69, 0x74, 0x00, 0x00, 0x00, 0x00, 0x65, 0x66, 0x78,
    0x46, 0x6C, 0x61, 0x73, 0x68, 0x55, 0x6E, 0x69, 0x74, 0x45, 0x66, 0x66,
    0x65, 0x63, 0x74, 0x45, 0x6E, 0x64, 0x00, 0x00, 0x00, 0x65, 0x66, 0x78,
    0x53, 0x74, 0x61, 0x74, 0x75, 0x73, 0x55, 0x6E, 0x69, 0x74, 0x00, 0x00,
    0x00, 0x14, 0x00, 0x04, 0x00, 0x06, 0x00, 0x08, 0x00, 0x05, 0x00, 0x0C,
    0x00, 0x06, 0x00, 0x10, 0x00, 0x14, 0x00, 0x0C, 0x00, 0x06, 0x00, 0x08,
    0x00, 0x05, 0x00, 0x04, 0x00, 0x06, 0x00, 0xFE, 0xFF, 0x65, 0x66, 0x78,
    0x57, 0x65, 0x61, 0x70, 0x6F, 0x6E, 0x49, 0x63, 0x6F, 0x6E, 0x00, 0x00,
    0x00, 0x01, 0x00, 0x04, 0x00, 0x02, 0x00, 0x07, 0x00, 0x01, 0x00, 0x0A,
    0x00, 0x01, 0x00, 0x0D, 0x00, 0x01, 0x00, 0x10, 0x00, 0x02, 0x00, 0x0D,
    0x00, 0x03, 0x00, 0x0A, 0x00, 0x03, 0x00, 0x07, 0x00, 0x04, 0x00, 0x04,
    0x00, 0x05, 0x00, 0x00, 0x00, 0x09, 0x00, 0xFE, 0xFF, 0x65, 0x66, 0x78,
    0x53, 0x70, 0x65, 0x6C, 0x6C, 0x43, 0x61, 0x73, 0x74, 0x00, 0x00, 0x00,
    0x00, 0x65, 0x66, 0x78, 0x53, 0x75, 0x70, 0x65, 0x72, 0x64, 0x72, 0x75,
    0x69, 0x64, 0x43, 0x61, 0x73, 0x74, 0x00, 0x00, 0x00, 0x04, 0x00, 0x01,
    0x00, 0x04, 0x00, 0x02, 0x00, 0x04, 0x00, 0x03, 0x00, 0x04, 0x00, 0xFE,
    0xFF, 0x65, 0x66, 0x78, 0x53, 0x50, 0x44, 0x51, 0x75, 0x61, 0x6B, 0x65,
    0x00, 0x65, 0x6B, 0x72, 0x42, 0x61, 0x74, 0x74, 0x6C, 0x65, 0x53, 0x74,
    0x61, 0x72, 0x74, 0x69, 0x6E, 0x67, 0x00, 0x00, 0x00, 0x65, 0x6B, 0x72,
    0x42, 0x61, 0x74, 0x74, 0x6C, 0x65, 0x45, 0x6E, 0x64, 0x69, 0x6E, 0x67,
    0x00, 0x65, 0x6B, 0x72, 0x42, 0x61, 0x73, 0x65, 0x4B, 0x61, 0x69, 0x74,
    0x65, 0x6E, 0x00, 0xA0, 0x00, 0xB8, 0x00, 0xE0, 0x00, 0xF0, 0x00, 0x01,
    0x00, 0x30, 0x00, 0x60, 0x00, 0xFF, 0xFF, 0x00, 0x00, 0x00, 0x00, 0x00,
    0x00, 0x00, 0x00, 0x00, 0x00, 0x00, 0x00, 0x00, 0x00, 0xFF, 0xFF, 0xC0,
    0x00, 0xD8, 0x00, 0xF0, 0x00, 0x01, 0x00, 0x10, 0x00, 0x28, 0x00, 0x40,
    0x00, 0xFF, 0xFF, 0x40, 0x00, 0x28, 0x00, 0x10, 0x00, 0x01, 0x00, 0xE8,
    0x00, 0xD0, 0x00, 0xC0, 0x00, 0xFF, 0xFF, 0x00, 0x00, 0x00, 0x00, 0x00,
    0x00, 0x00, 0x00, 0x00, 0x00, 0x00, 0x00, 0x00, 0x00, 0xFF, 0xFF, 0x00,
    0x00, 0x00, 0x00, 0x00, 0x00, 0x00, 0x00, 0x00, 0x00, 0x00, 0x00, 0x00,
    0x00, 0xFF, 0xFF, 0x40, 0x00, 0x40, 0x00, 0x4C, 0x00, 0x58, 0x00, 0x64,
    0x00, 0x70, 0x00, 0x80, 0x00, 0xFF, 0xFF, 0x40, 0x00, 0x30, 0x00, 0x20,
    0x00, 0x10, 0x00, 0xE8, 0x00, 0xD0, 0x00, 0xC0, 0x00, 0xFF, 0xFF, 0xC0,
    0x00, 0xC8, 0x00, 0xD0, 0x00, 0xD8, 0x00, 0xE0, 0x00, 0xF0, 0x00, 0xF8,
    0x00, 0xFF, 0xFF, 0xC8, 0x00, 0xC0, 0x00, 0xB8, 0x00, 0xB0, 0x00, 0xA0,
    0x00, 0x90, 0x00, 0x80, 0x00, 0xFF, 0xFF, 0xF0, 0x00, 0xC0, 0x00, 0x90,
    0x00, 0x60, 0x00, 0x30, 0x00, 0x00, 0x00, 0xD0, 0x00, 0xFF, 0xFF, 0x70,
    0x00, 0x40, 0x00, 0x10, 0x00, 0xE0, 0x00, 0xB0, 0x00, 0x80, 0x00, 0x50,
    0x00, 0xFF, 0xFF, 0x00, 0x00, 0x65, 0x6B, 0x72, 0x55, 0x6E, 0x69, 0x74,
    0x4B, 0x61, 0x6B, 0x75, 0x64, 0x61, 0x69, 0x00, 0x00, 0x65, 0x6B, 0x72,
    0x57, 0x69, 0x6E, 0x64, 0x6F, 0x77, 0x41, 0x70, 0x70, 0x65, 0x61, 0x72,
    0x00, 0x65, 0x6B, 0x72, 0x4E, 0x61, 0x6D, 0x65, 0x77, 0x69, 0x6E, 0x41,
    0x70, 0x70, 0x65, 0x61, 0x72, 0x00, 0x00, 0x00, 0x00, 0x65, 0x6B, 0x72,
    0x42, 0x61, 0x73, 0x65, 0x41, 0x70, 0x70, 0x65, 0x61, 0x72, 0x00, 0x00,
    0x00,
};
u8 frontier_df4_misc_lo_007_0E1870[] __attribute__((section(".data.frontier_df4_misc_lo.gap7"))) = {
    0x65, 0x66, 0x78, 0x52, 0x65, 0x73, 0x74, 0x52, 0x53, 0x54, 0x00, 0x00,
    0x65, 0x66, 0x78, 0x54, 0x77, 0x6F, 0x62, 0x61, 0x69, 0x52, 0x53, 0x54,
    0x00, 0x00, 0x00, 0x00, 0x65, 0x66, 0x78, 0x44, 0x75, 0x6D, 0x6D, 0x79,
    0x52, 0x53, 0x54, 0x00, 0x65, 0x66, 0x78, 0x52, 0x65, 0x73, 0x74, 0x57,
    0x49, 0x4E, 0x00, 0x00, 0x65, 0x66, 0x78, 0x52, 0x65, 0x73, 0x74, 0x57,
    0x49, 0x4E, 0x48, 0x00, 0x65, 0x66, 0x78, 0x41, 0x4C, 0x50, 0x48, 0x41,
    0x00, 0x00, 0x00, 0x00, 0x65, 0x66, 0x78, 0x43, 0x69, 0x72, 0x63, 0x6C,
    0x65, 0x57, 0x49, 0x4E, 0x00, 0x00, 0x00, 0x00, 0x65, 0x66, 0x78, 0x4D,
    0x61, 0x67, 0x69, 0x63, 0x51, 0x55, 0x41, 0x4B, 0x45, 0x00, 0x00, 0x00,
    0x65, 0x66, 0x78, 0x44, 0x75, 0x6D, 0x6D, 0x79, 0x6D, 0x61, 0x67, 0x69,
    0x63, 0x00, 0x00, 0x00, 0x65, 0x66, 0x78, 0x54, 0x65, 0x6F, 0x6E, 0x6F,
    0x00, 0x00, 0x00, 0x00, 0x65, 0x66, 0x78, 0x54, 0x65, 0x6F, 0x6E, 0x6F,
    0x4F, 0x42, 0x4A, 0x00, 0x65, 0x66, 0x78, 0x54, 0x65, 0x6F, 0x6E, 0x6F,
    0x4F, 0x42, 0x4A, 0x32, 0x00, 0x00, 0x00, 0x00, 0x65, 0x66, 0x78, 0x54,
    0x65, 0x6F, 0x6E, 0x6F, 0x53, 0x45, 0x00, 0x00, 0x65, 0x66, 0x78, 0x41,
    0x72, 0x72, 0x6F, 0x77, 0x00, 0x00, 0x00, 0x00, 0x65, 0x66, 0x78, 0x41,
    0x72, 0x72, 0x6F, 0x77, 0x4F, 0x42, 0x4A, 0x00, 0x65, 0x66, 0x78, 0x54,
    0x65, 0x79, 0x61, 0x72, 0x69, 0x00, 0x00, 0x00, 0x65, 0x66, 0x78, 0x54,
    0x65, 0x79, 0x61, 0x72, 0x69, 0x4F, 0x42, 0x4A, 0x00, 0x00, 0x00, 0x00,
    0x65, 0x66, 0x78, 0x53, 0x6F, 0x6E, 0x67, 0x00, 0x65, 0x66, 0x78, 0x53,
    0x6F, 0x6E, 0x67, 0x42, 0x47, 0x00, 0x00, 0x00, 0x02, 0x00, 0x01, 0x00,
    0x02, 0x00, 0x02, 0x00, 0x02, 0x00, 0x03, 0x00, 0x02, 0x00, 0x04, 0x00,
    0x02, 0x00, 0x05, 0x00, 0x02, 0x00, 0x06, 0x00, 0x02, 0x00, 0x07, 0x00,
    0x02, 0x00, 0x08, 0x00, 0x02, 0x00, 0x09, 0x00, 0x02, 0x00, 0x0A, 0x00,
    0x02, 0x00, 0x0B, 0x00, 0x02, 0x00, 0x0C, 0x00, 0x02, 0x00, 0x0D, 0x00,
    0x02, 0x00, 0x0E, 0x00, 0x02, 0x00, 0x0F, 0x00, 0x02, 0x00, 0x10, 0x00,
    0x02, 0x00, 0x11, 0x00, 0x02, 0x00, 0x12, 0x00, 0x02, 0x00, 0x13, 0x00,
    0x02, 0x00, 0x14, 0x00, 0x02, 0x00, 0x15, 0x00, 0x02, 0x00, 0x16, 0x00,
    0x02, 0x00, 0x17, 0x00, 0x02, 0x00, 0x18, 0x00, 0x02, 0x00, 0x19, 0x00,
    0x02, 0x00, 0x1A, 0x00, 0x30, 0x00, 0xFF, 0xFF, 0x65, 0x66, 0x78, 0x53,
    0x6F, 0x6E, 0x67, 0x4F, 0x42, 0x4A, 0x00, 0x00, 0x65, 0x66, 0x78, 0x44,
    0x61, 0x6E, 0x63, 0x65, 0x00, 0x00, 0x00, 0x00, 0x65, 0x66, 0x78, 0x53,
    0x68, 0x6F, 0x6F, 0x74, 0x65, 0x72, 0x00, 0x00, 0x65, 0x66, 0x78, 0x53,
    0x68, 0x6F, 0x6F, 0x74, 0x65, 0x72, 0x4F, 0x42, 0x4A, 0x00, 0x00, 0x00,
    0x65, 0x66, 0x78, 0x45, 0x63, 0x6B, 0x65, 0x73, 0x61, 0x63, 0x68, 0x73,
    0x00, 0x00, 0x00, 0x00, 0x65, 0x66, 0x78, 0x45, 0x63, 0x6B, 0x65, 0x73,
    0x61, 0x63, 0x68, 0x73, 0x42, 0x47, 0x00, 0x00, 0x65, 0x66, 0x78, 0x45,
    0x63, 0x6B, 0x65, 0x73, 0x61, 0x63, 0x68, 0x73, 0x53, 0x43, 0x52, 0x00,
    0x65, 0x66, 0x78, 0x45, 0x63, 0x6B, 0x65, 0x73, 0x61, 0x63, 0x68, 0x73,
    0x42, 0x47, 0x43, 0x4F, 0x4C, 0x00, 0x00, 0x00, 0x01, 0x00, 0x01, 0x00,
    0x01, 0x00, 0x02, 0x00, 0x01, 0x00, 0x03, 0x00, 0x01, 0x00, 0x04, 0x00,
    0x02, 0x00, 0x05, 0x00, 0x01, 0x00, 0x06, 0x00, 0x01, 0x00, 0x07, 0x00,
    0x01, 0x00, 0xFF, 0xFF, 0x65, 0x66, 0x78, 0x48, 0x75, 0x72, 0x74, 0x6D,
    0x75, 0x74, 0x00, 0x00, 0x65, 0x66, 0x78, 0x48, 0x75, 0x72, 0x74, 0x6D,
    0x75, 0x74, 0x4F, 0x42, 0x4A, 0x00, 0x00, 0x00, 0x65, 0x66, 0x78, 0x46,
    0x69, 0x72, 0x65, 0x62, 0x72, 0x65, 0x61, 0x74, 0x68, 0x00, 0x00, 0x00,
    0x65, 0x66, 0x78, 0x46, 0x69, 0x72, 0x65, 0x62, 0x72, 0x65, 0x61, 0x74,
    0x68, 0x4F, 0x42, 0x4A, 0x00, 0x00, 0x00, 0x00, 0x65, 0x66, 0x78, 0x46,
    0x69, 0x72, 0x65, 0x62, 0x72, 0x65, 0x61, 0x74, 0x68, 0x42, 0x47, 0x00,
    0x65, 0x66, 0x78, 0x46, 0x69, 0x72, 0x65, 0x62, 0x72, 0x65, 0x61, 0x74,
    0x68, 0x42, 0x47, 0x43, 0x4F, 0x4C, 0x00, 0x00, 0x00, 0x00, 0x02, 0x00,
    0x01, 0x00, 0x02, 0x00, 0x02, 0x00, 0x02, 0x00, 0x03, 0x00, 0x02, 0x00,
    0x04, 0x00, 0x02, 0x00, 0x05, 0x00, 0x02, 0x00, 0x06, 0x00, 0x02, 0x00,
    0x07, 0x00, 0x02, 0x00, 0x08, 0x00, 0x02, 0x00, 0x07, 0x00, 0x02, 0x00,
    0x06, 0x00, 0x02, 0x00, 0x05, 0x00, 0x02, 0x00, 0x04, 0x00, 0x02, 0x00,
    0x03, 0x00, 0x02, 0x00, 0x04, 0x00, 0x02, 0x00, 0x05, 0x00, 0x02, 0x00,
    0x06, 0x00, 0x02, 0x00, 0x05, 0x00, 0x02, 0x00, 0x04, 0x00, 0x02, 0x00,
    0x03, 0x00, 0x02, 0x00, 0x02, 0x00, 0x02, 0x00, 0x01, 0x00, 0x02, 0x00,
    0x00, 0x00, 0x02, 0x00, 0x01, 0x00, 0x02, 0x00, 0x02, 0x00, 0x02, 0x00,
    0x03, 0x00, 0x02, 0x00, 0x04, 0x00, 0x02, 0x00, 0x05, 0x00, 0x02, 0x00,
    0x06, 0x00, 0x02, 0x00, 0x05, 0x00, 0x02, 0x00, 0x06, 0x00, 0x02, 0x00,
    0x04, 0x00, 0x02, 0x00, 0x03, 0x00, 0x02, 0x00, 0x02, 0x00, 0x02, 0x00,
    0x01, 0x00, 0x02, 0x00, 0x00, 0x00, 0x02, 0x00, 0x01, 0x00, 0x02, 0x00,
    0x02, 0x00, 0x02, 0x00, 0x01, 0x00, 0x02, 0x00, 0x02, 0x00, 0x02, 0x00,
    0x03, 0x00, 0x02, 0x00, 0x04, 0x00, 0x02, 0x00, 0x05, 0x00, 0x02, 0x00,
    0x06, 0x00, 0x02, 0x00, 0x07, 0x00, 0x02, 0x00, 0x08, 0x00, 0x02, 0x00,
    0x07, 0x00, 0x02, 0x00, 0x06, 0x00, 0x02, 0x00, 0x05, 0x00, 0x02, 0x00,
    0x04, 0x00, 0x02, 0x00, 0x03, 0x00, 0x02, 0x00, 0x02, 0x00, 0x02, 0x00,
    0x01, 0x00, 0x02, 0x00, 0x00, 0x00, 0x06, 0x00, 0xFF, 0xFF, 0x00, 0x00,
    0x65, 0x66, 0x78, 0x49, 0x63, 0x65, 0x62, 0x72, 0x65, 0x61, 0x74, 0x68,
    0x00, 0x00, 0x00, 0x00, 0x65, 0x66, 0x78, 0x49, 0x63, 0x65, 0x62, 0x72,
    0x65, 0x61, 0x74, 0x68, 0x4F, 0x42, 0x4A, 0x00, 0x65, 0x66, 0x78, 0x44,
    0x61, 0x72, 0x6B, 0x62, 0x72, 0x65, 0x61, 0x74, 0x68, 0x00, 0x00, 0x00,
    0x65, 0x66, 0x78, 0x44, 0x61, 0x72, 0x6B, 0x62, 0x72, 0x65, 0x61, 0x74,
    0x68, 0x42, 0x47, 0x00, 0x0B, 0x00, 0x0C, 0x00, 0x00, 0x00, 0x02, 0x00,
    0x01, 0x00, 0x02, 0x00, 0x02, 0x00, 0x02, 0x00, 0x01, 0x00, 0x02, 0x00,
    0x03, 0x00, 0x02, 0x00, 0x04, 0x00, 0x02, 0x00, 0x05, 0x00, 0x02, 0x00,
    0x06, 0x00, 0x02, 0x00, 0x0B, 0x00, 0x02, 0x00, 0x07, 0x00, 0x02, 0x00,
    0x08, 0x00, 0x02, 0x00, 0x0B, 0x00, 0x02, 0x00, 0x09, 0x00, 0x02, 0x00,
    0x0A, 0x00, 0x02, 0x00, 0x08, 0x00, 0x02, 0x00, 0x0B, 0x00, 0x0A, 0x00,
    0xFF, 0xFF, 0x00, 0x00, 0x65, 0x66, 0x78, 0x44, 0x61, 0x72, 0x6B, 0x62,
    0x72, 0x65, 0x61, 0x74, 0x68, 0x42, 0x47, 0x43, 0x4F, 0x4C, 0x00, 0x00,
    0x00, 0x00, 0x02, 0x00, 0x01, 0x00, 0x02, 0x00, 0x02, 0x00, 0x02, 0x00,
    0x01, 0x00, 0x02, 0x00, 0x00, 0x00, 0x02, 0x00, 0x01, 0x00, 0x02, 0x00,
    0x02, 0x00, 0x02, 0x00, 0x01, 0x00, 0x02, 0x00, 0x00, 0x00, 0x02, 0x00,
    0x01, 0x00, 0x02, 0x00, 0x02, 0x00, 0x02, 0x00, 0x01, 0x00, 0x02, 0x00,
    0x00, 0x00, 0x02, 0x00, 0x01, 0x00, 0x02, 0x00, 0x02, 0x00, 0x02, 0x00,
    0x01, 0x00, 0x02, 0x00, 0x00, 0x00, 0x02, 0x00, 0x01, 0x00, 0x02, 0x00,
    0x02, 0x00, 0x02, 0x00, 0x01, 0x00, 0x02, 0x00, 0x00, 0x00, 0x02, 0x00,
    0x01, 0x00, 0x02, 0x00, 0x02, 0x00, 0x02, 0x00, 0x01, 0x00, 0x02, 0x00,
    0x00, 0x00, 0x02, 0x00, 0x01, 0x00, 0x02, 0x00, 0x02, 0x00, 0x02, 0x00,
    0x01, 0x00, 0x02, 0x00, 0x00, 0x00, 0x02, 0x00, 0x01, 0x00, 0x02, 0x00,
    0x02, 0x00, 0x02, 0x00, 0x01, 0x00, 0x02, 0x00, 0x00, 0x00, 0x02, 0x00,
    0x01, 0x00, 0x02, 0x00, 0x02, 0x00, 0x02, 0x00, 0x01, 0x00, 0x02, 0x00,
    0x00, 0x00, 0x02, 0x00, 0x01, 0x00, 0x02, 0x00, 0x02, 0x00, 0x02, 0x00,
    0x01, 0x00, 0x02, 0x00, 0xFF, 0xFF, 0x00, 0x00, 0x65, 0x66, 0x78, 0x44,
    0x61, 0x72, 0x6B, 0x62, 0x72, 0x65, 0x61, 0x74, 0x68, 0x4F, 0x42, 0x4A,
    0x00, 0x00, 0x00, 0x00, 0x65, 0x66, 0x78, 0x54, 0x68, 0x75, 0x6E, 0x64,
    0x65, 0x72, 0x00, 0x00, 0x65, 0x66, 0x78, 0x54, 0x68, 0x75, 0x6E, 0x64,
    0x65, 0x72, 0x42, 0x47, 0x00, 0x00, 0x00, 0x00, 0x04, 0x00, 0x01, 0x00,
    0x28, 0x00, 0xFF, 0xFF, 0x65, 0x66, 0x78, 0x54, 0x68, 0x75, 0x6E, 0x64,
    0x65, 0x72, 0x42, 0x47, 0x43, 0x4F, 0x4C, 0x00, 0x00, 0x00, 0x04, 0x00,
    0x01, 0x00, 0x04, 0x00, 0x02, 0x00, 0x02, 0x00, 0x03, 0x00, 0x02, 0x00,
    0x04, 0x00, 0x14, 0x00, 0x05, 0x00, 0x02, 0x00, 0x06, 0x00, 0x01, 0x00,
    0x07, 0x00, 0x01, 0x00, 0x08, 0x00, 0x01, 0x00, 0x09, 0x00, 0x01, 0x00,
    0x0A, 0x00, 0x01, 0x00, 0x0B, 0x00, 0x01, 0x00, 0x0C, 0x00, 0x01, 0x00,
    0x0D, 0x00, 0x01, 0x00, 0x0E, 0x00, 0x01, 0x00, 0x0F, 0x00, 0x01, 0x00,
    0xFF, 0xFF, 0x00, 0x00, 0x65, 0x66, 0x78, 0x54, 0x68, 0x75, 0x6E, 0x64,
    0x65, 0x72, 0x4F, 0x42, 0x4A, 0x00, 0x00, 0x00, 0x65, 0x66, 0x78, 0x46,
    0x69, 0x72, 0x65, 0x00, 0x65, 0x66, 0x78, 0x46, 0x69, 0x72, 0x65, 0x42,
    0x47, 0x00, 0x00, 0x00, 0x03, 0x00, 0x01, 0x00, 0x02, 0x00, 0x02, 0x00,
    0x02, 0x00, 0x03, 0x00, 0x02, 0x00, 0x04, 0x00, 0x02, 0x00, 0x05, 0x00,
    0x02, 0x00, 0x06, 0x00, 0x02, 0x00, 0x07, 0x00, 0x02, 0x00, 0x08, 0x00,
    0x02, 0x00, 0x09, 0x00, 0x03, 0x00, 0x0A, 0x00, 0x03, 0x00, 0x0B, 0x00,
    0x03, 0x00, 0xFF, 0xFF, 0x65, 0x66, 0x78, 0x46, 0x69, 0x72, 0x65, 0x4F,
    0x42, 0x4A, 0x00, 0x00, 0x65, 0x66, 0x78, 0x46, 0x69, 0x72, 0x65, 0x48,
    0x49, 0x54, 0x42, 0x47, 0x00, 0x00, 0x00, 0x00, 0x01, 0x00, 0x01, 0x00,
    0x01, 0x00, 0x02, 0x00, 0x01, 0x00, 0x03, 0x00, 0x01, 0x00, 0x04, 0x00,
    0x01, 0x00, 0x05, 0x00, 0x01, 0x00, 0x06, 0x00, 0x01, 0x00, 0x07, 0x00,
    0x01, 0x00, 0x08, 0x00, 0x01, 0x00, 0x09, 0x00, 0x01, 0x00, 0x0A, 0x00,
    0x01, 0x00, 0x0B, 0x00, 0x01, 0x00, 0x0C, 0x00, 0x01, 0x00, 0x0D, 0x00,
    0x01, 0x00, 0x0E, 0x00, 0x01, 0x00, 0x0F, 0x00, 0x01, 0x00, 0x10, 0x00,
    0x01, 0x00, 0x11, 0x00, 0x01, 0x00, 0x12, 0x00, 0x02, 0x00, 0x13, 0x00,
    0x02, 0x00, 0x14, 0x00, 0x04, 0x00, 0xFF, 0xFF, 0x65, 0x66, 0x78, 0x45,
    0x6C, 0x66, 0x69, 0x72, 0x65, 0x42, 0x47, 0x00, 0x65, 0x66, 0x78, 0x45,
    0x6C, 0x66, 0x69, 0x72, 0x65, 0x42, 0x47, 0x43, 0x4F, 0x4C, 0x00, 0x00,
    0x00, 0x00, 0x02, 0x00, 0x01, 0x00, 0x02, 0x00, 0x02, 0x00, 0x02, 0x00,
    0x03, 0x00, 0x02, 0x00, 0x04, 0x00, 0x02, 0x00, 0x05, 0x00, 0x02, 0x00,
    0x06, 0x00, 0x02, 0x00, 0x04, 0x00, 0x02, 0x00, 0x06, 0x00, 0x02, 0x00,
    0x04, 0x00, 0x02, 0x00, 0x06, 0x00, 0x02, 0x00, 0x07, 0x00, 0x02, 0x00,
    0x08, 0x00, 0x01, 0x00, 0x09, 0x00, 0x01, 0x00, 0x0A, 0x00, 0x01, 0x00,
    0x0B, 0x00, 0x01, 0x00, 0x0C, 0x00, 0x01, 0x00, 0x0D, 0x00, 0x02, 0x00,
    0x0E, 0x00, 0x02, 0x00, 0x0F, 0x00, 0x03, 0x00, 0x00, 0x00, 0x02, 0x00,
    0xFF, 0xFF, 0x00, 0x00, 0x65, 0x66, 0x78, 0x45, 0x6C, 0x66, 0x69, 0x72,
    0x65, 0x4F, 0x42, 0x4A, 0x00, 0x00, 0x00, 0x00, 0x65, 0x66, 0x78, 0x46,
    0x69, 0x6D, 0x62, 0x75, 0x6C, 0x76, 0x65, 0x74, 0x72, 0x00, 0x00, 0x00,
    0x65, 0x66, 0x78, 0x46, 0x69, 0x6D, 0x62, 0x75, 0x6C, 0x76, 0x65, 0x74,
    0x72, 0x42, 0x47, 0x54, 0x52, 0x00, 0x00, 0x00, 0x03, 0x00, 0x01, 0x00,
    0x03, 0x00, 0x02, 0x00, 0x03, 0x00, 0x00, 0x00, 0x03, 0x00, 0x01, 0x00,
    0x03, 0x00, 0x02, 0x00, 0x03, 0x00, 0x00, 0x00, 0x03, 0x00, 0x01, 0x00,
    0x03, 0x00, 0x02, 0x00, 0x03, 0x00, 0x00, 0x00, 0x03, 0x00, 0x01, 0x00,
    0x03, 0x00, 0x02, 0x00, 0x03, 0x00, 0x00, 0x00, 0x03, 0x00, 0x01, 0x00,
    0x03, 0x00, 0x02, 0x00, 0x03, 0x00, 0x00, 0x00, 0x03, 0x00, 0x01, 0x00,
    0x03, 0x00, 0x02, 0x00, 0x03, 0x00, 0x00, 0x00, 0x03, 0x00, 0x01, 0x00,
    0x03, 0x00, 0x02, 0x00, 0x03, 0x00, 0x00, 0x00, 0x03, 0x00, 0x01, 0x00,
    0x03, 0x00, 0x02, 0x00, 0x03, 0x00, 0x03, 0x00, 0x03, 0x00, 0x04, 0x00,
    0x03, 0x00, 0x05, 0x00, 0x03, 0x00, 0xFF, 0xFF, 0x65, 0x66, 0x78, 0x46,
    0x69, 0x6D, 0x62, 0x75, 0x6C, 0x76, 0x65, 0x74, 0x72, 0x42, 0x47, 0x00,
    0x00, 0x00, 0x01, 0x00, 0x01, 0x00, 0x01, 0x00, 0x02, 0x00, 0x01, 0x00,
    0x03, 0x00, 0x01, 0x00, 0x04, 0x00, 0x01, 0x00, 0x05, 0x00, 0x01, 0x00,
    0x06, 0x00, 0x01, 0x00, 0x07, 0x00, 0x01, 0x00, 0x08, 0x00, 0x01, 0x00,
    0x09, 0x00, 0x01, 0x00, 0x0A, 0x00, 0x1E, 0x00, 0xFF, 0xFF, 0x00, 0x00,
    0x65, 0x66, 0x78, 0x46, 0x69, 0x6D, 0x62, 0x75, 0x6C, 0x76, 0x65, 0x74,
    0x72, 0x4F, 0x42, 0x4A, 0x00, 0x00, 0x00, 0x00, 0x65, 0x66, 0x78, 0x46,
    0x69, 0x6D, 0x62, 0x75, 0x6C, 0x76, 0x65, 0x74, 0x72, 0x4F, 0x42, 0x4A,
    0x32, 0x00, 0x00, 0x00, 0x65, 0x66, 0x78, 0x46, 0x69, 0x6D, 0x62, 0x75,
    0x6C, 0x76, 0x65, 0x74, 0x72, 0x4F, 0x42, 0x4A, 0x32, 0x46, 0x61, 0x6C,
    0x6C, 0x00, 0x00, 0x00, 0x65, 0x66, 0x78, 0x54, 0x68, 0x75, 0x6E, 0x64,
    0x65, 0x72, 0x73, 0x74, 0x6F, 0x72, 0x6D, 0x00, 0x65, 0x66, 0x78, 0x54,
    0x68, 0x75, 0x6E, 0x64, 0x65, 0x72, 0x73, 0x74, 0x6F, 0x72, 0x6D, 0x42,
    0x47, 0x00, 0x00, 0x00, 0x02, 0x00, 0x01, 0x00, 0x02, 0x00, 0x02, 0x00,
    0x02, 0x00, 0x03, 0x00, 0x02, 0x00, 0x07, 0x00, 0x08, 0x00, 0x04, 0x00,
    0x03, 0x00, 0x09, 0x00, 0x08, 0x00, 0x07, 0x00, 0x01, 0x00, 0x09, 0x00,
    0x08, 0x00, 0x05, 0x00, 0x02, 0x00, 0x09, 0x00, 0x08, 0x00, 0x08, 0x00,
    0x01, 0x00, 0x09, 0x00, 0x08, 0x00, 0x06, 0x00, 0x02, 0x00, 0x09, 0x00,
    0x06, 0x00, 0x09, 0x00, 0x26, 0x00, 0x0A, 0x00, 0x26, 0x00, 0xFF, 0xFF,
    0x65, 0x66, 0x78, 0x54, 0x68, 0x75, 0x6E, 0x64, 0x65, 0x72, 0x73, 0x74,
    0x6F, 0x72, 0x6D, 0x4F, 0x42, 0x4A, 0x00, 0x00, 0x65, 0x66, 0x78, 0x54,
    0x68, 0x75, 0x6E, 0x64, 0x65, 0x72, 0x73, 0x74, 0x6F, 0x72, 0x6D, 0x43,
    0x4F, 0x4C, 0x4F, 0x52, 0x00, 0x00, 0x00, 0x00, 0x65, 0x66, 0x78, 0x54,
    0x68, 0x75, 0x6E, 0x64, 0x65, 0x72, 0x73, 0x74, 0x6F, 0x72, 0x6D, 0x44,
    0x41, 0x52, 0x4B, 0x00, 0x65, 0x66, 0x78, 0x41, 0x6C, 0x61, 0x63, 0x61,
    0x6C, 0x69, 0x62, 0x75, 0x72, 0x00, 0x00, 0x00, 0x65, 0x66, 0x78, 0x41,
    0x6C, 0x61, 0x63, 0x61, 0x6C, 0x69, 0x62, 0x75, 0x72, 0x42, 0x47, 0x00,
    0x00, 0x00, 0x02, 0x00, 0x01, 0x00, 0x09, 0x00, 0xFF, 0xFF, 0x00, 0x00,
    0x65, 0x66, 0x78, 0x41, 0x6C, 0x61, 0x63, 0x61, 0x6C, 0x69, 0x62, 0x75,
    0x72, 0x42, 0x47, 0x43, 0x4F, 0x4C, 0x00, 0x00, 0x02, 0x00, 0x01, 0x00,
    0x03, 0x00, 0x01, 0x00, 0x04, 0x00, 0x01, 0x00, 0x05, 0x00, 0x01, 0x00,
    0x00, 0x00, 0x05, 0x00, 0x01, 0x00, 0x02, 0x00, 0xFF, 0xFF, 0x00, 0x00,
    0x65, 0x66, 0x78, 0x41, 0x6C, 0x61, 0x63, 0x61, 0x6C, 0x69, 0x62, 0x75,
    0x72, 0x4F, 0x42, 0x4A, 0x00, 0x00, 0x00, 0x00, 0x65, 0x66, 0x78, 0x4D,
    0x69, 0x73, 0x74, 0x79, 0x72, 0x61, 0x69, 0x6E, 0x00, 0x00, 0x00, 0x00,
    0x65, 0x66, 0x78, 0x4D, 0x69, 0x73, 0x74, 0x79, 0x72, 0x61, 0x69, 0x6E,
    0x42, 0x47, 0x00, 0x00, 0x00, 0x00, 0x02, 0x00, 0x01, 0x00, 0x02, 0x00,
    0x02, 0x00, 0x02, 0x00, 0x03, 0x00, 0x02, 0x00, 0x04, 0x00, 0x02, 0x00,
    0x05, 0x00, 0x02, 0x00, 0x06, 0x00, 0x02, 0x00, 0x07, 0x00, 0x02, 0x00,
    0x08, 0x00, 0x02, 0x00, 0x09, 0x00, 0x02, 0x00, 0x0A, 0x00, 0x02, 0x00,
    0x0B, 0x00, 0x02, 0x00, 0xFF, 0xFF, 0x0C, 0x00, 0x06, 0x00, 0x0D, 0x00,
    0x02, 0x00, 0x0E, 0x00, 0x02, 0x00, 0x0F, 0x00, 0x02, 0x00, 0x10, 0x00,
    0x02, 0x00, 0x11, 0x00, 0x02, 0x00, 0x12, 0x00, 0x02, 0x00, 0x13, 0x00,
    0x02, 0x00, 0x14, 0x00, 0x02, 0x00, 0x15, 0x00, 0x02, 0x00, 0x16, 0x00,
    0x02, 0x00, 0x17, 0x00, 0x02, 0x00, 0x18, 0x00, 0x02, 0x00, 0x19, 0x00,
    0x02, 0x00, 0x1A, 0x00, 0x02, 0x00, 0x1B, 0x00, 0x02, 0x00, 0x1C, 0x00,
    0x02, 0x00, 0x1D, 0x00, 0x02, 0x00, 0x1E, 0x00, 0x02, 0x00, 0x1F, 0x00,
    0x02, 0x00, 0x20, 0x00, 0x02, 0x00, 0x21, 0x00, 0x02, 0x00, 0x22, 0x00,
    0x02, 0x00, 0x23, 0x00, 0x02, 0x00, 0x24, 0x00, 0x02, 0x00, 0x25, 0x00,
    0x02, 0x00, 0x26, 0x00, 0x02, 0x00, 0x27, 0x00, 0x02, 0x00, 0x28, 0x00,
    0x02, 0x00, 0xFF, 0xFF, 0x65, 0x66, 0x78, 0x4D, 0x69, 0x73, 0x74, 0x79,
    0x72, 0x61, 0x69, 0x6E, 0x4F, 0x42, 0x4A, 0x00, 0x65, 0x66, 0x78, 0x4D,
    0x69, 0x73, 0x74, 0x79, 0x72, 0x61, 0x69, 0x6E, 0x4F, 0x42, 0x4A, 0x32,
    0x00, 0x00, 0x00, 0x00, 0x65, 0x66, 0x78, 0x52, 0x65, 0x73, 0x69, 0x72,
    0x65, 0x00, 0x00, 0x00, 0x65, 0x66, 0x78, 0x52, 0x65, 0x73, 0x69, 0x72,
    0x65, 0x42, 0x47, 0x00, 0x65, 0x66, 0x78, 0x52, 0x65, 0x73, 0x69, 0x72,
    0x65, 0x42, 0x47, 0x32, 0x00, 0x00, 0x01, 0x00, 0x03, 0x00, 0x02, 0x00,
    0x02, 0x00, 0x03, 0x00, 0x02, 0x00, 0x04, 0x00, 0x02, 0x00, 0x05, 0x00,
    0x02, 0x00, 0x06, 0x00, 0x02, 0x00, 0x07, 0x00, 0x01, 0x00, 0x08, 0x00,
    0x01, 0x00, 0x09, 0x00, 0x01, 0x00, 0x0A, 0x00, 0x01, 0x00, 0x0B, 0x00,
    0x01, 0x00, 0x0C, 0x00, 0x01, 0x00, 0x0D, 0x00, 0x01, 0x00, 0x0E, 0x00,
    0x01, 0x00, 0x0F, 0x00, 0x01, 0x00, 0x10, 0x00, 0x01, 0x00, 0x11, 0x00,
    0x01, 0x00, 0x12, 0x00, 0x01, 0x00, 0x13, 0x00, 0x01, 0x00, 0x14, 0x00,
    0x01, 0x00, 0x15, 0x00, 0x01, 0x00, 0x16, 0x00, 0x01, 0x00, 0x17, 0x00,
    0x01, 0x00, 0x18, 0x00, 0x01, 0x00, 0x19, 0x00, 0x01, 0x00, 0x1A, 0x00,
    0x01, 0x00, 0x1B, 0x00, 0x01, 0x00, 0xFF, 0xFF, 0x1C, 0x00, 0x01, 0x00,
    0x1D, 0x00, 0x01, 0x00, 0x1E, 0x00, 0x01, 0x00, 0x1F, 0x00, 0x01, 0x00,
    0x20, 0x00, 0x01, 0x00, 0x21, 0x00, 0x01, 0x00, 0x22, 0x00, 0x01, 0x00,
    0x23, 0x00, 0x01, 0x00, 0x24, 0x00, 0x01, 0x00, 0x25, 0x00, 0x01, 0x00,
    0x26, 0x00, 0x01, 0x00, 0x27, 0x00, 0x01, 0x00, 0x28, 0x00, 0x01, 0x00,
    0x29, 0x00, 0x01, 0x00, 0x2A, 0x00, 0x01, 0x00, 0x2B, 0x00, 0x01, 0x00,
    0x2C, 0x00, 0x01, 0x00, 0x2D, 0x00, 0x01, 0x00, 0x2E, 0x00, 0x01, 0x00,
    0x2F, 0x00, 0x01, 0x00, 0x30, 0x00, 0x01, 0x00, 0x31, 0x00, 0x01, 0x00,
    0x32, 0x00, 0x01, 0x00, 0xFF, 0xFF, 0x00, 0x00, 0x2D, 0x00, 0xFF, 0xFF,
    0x65, 0x66, 0x78, 0x52, 0x65, 0x73, 0x69, 0x72, 0x65, 0x52, 0x53, 0x54,
    0x00, 0x00, 0x00, 0x00, 0x65, 0x66, 0x78, 0x4C, 0x69, 0x67, 0x68, 0x74,
    0x6E, 0x69, 0x6E, 0x67, 0x00, 0x00, 0x00, 0x00, 0x65, 0x66, 0x78, 0x4C,
    0x69, 0x67, 0x68, 0x74, 0x6E, 0x69, 0x6E, 0x67, 0x42, 0x47, 0x00, 0x00,
    0x19, 0x00, 0x02, 0x00, 0x1A, 0x00, 0x02, 0x00, 0x1B, 0x00, 0x02, 0x00,
    0x1C, 0x00, 0x02, 0x00, 0x1D, 0x00, 0x02, 0x00, 0x1E, 0x00, 0x02, 0x00,
    0x1F, 0x00, 0x02, 0x00, 0x20, 0x00, 0x02, 0x00, 0x10, 0x00, 0x01, 0x00,
    0x11, 0x00, 0x01, 0x00, 0x12, 0x00, 0x01, 0x00, 0x13, 0x00, 0x01, 0x00,
    0x14, 0x00, 0x01, 0x00, 0x15, 0x00, 0x01, 0x00, 0x16, 0x00, 0x01, 0x00,
    0x17, 0x00, 0x01, 0x00, 0x18, 0x00, 0x01, 0x00, 0x00, 0x00, 0x07, 0x00,
    0x01, 0x00, 0x01, 0x00, 0x02, 0x00, 0x01, 0x00, 0x03, 0x00, 0x01, 0x00,
    0x04, 0x00, 0x01, 0x00, 0x05, 0x00, 0x01, 0x00, 0x06, 0x00, 0x01, 0x00,
    0x07, 0x00, 0x01, 0x00, 0x08, 0x00, 0x01, 0x00, 0x09, 0x00, 0x01, 0x00,
    0x0A, 0x00, 0x01, 0x00, 0x0B, 0x00, 0x01, 0x00, 0x0C, 0x00, 0x01, 0x00,
    0x0D, 0x00, 0x01, 0x00, 0x0E, 0x00, 0x01, 0x00, 0x0F, 0x00, 0x01, 0x00,
    0xFF, 0xFF, 0x00, 0x00, 0x65, 0x66, 0x78, 0x50, 0x75, 0x72, 0x67, 0x65,
    0x00, 0x00, 0x00, 0x00, 0x65, 0x66, 0x78, 0x50, 0x75, 0x72, 0x67, 0x65,
    0x42, 0x47, 0x00, 0x00, 0x00, 0x00, 0x01, 0x00, 0x01, 0x00, 0x01, 0x00,
    0x02, 0x00, 0x01, 0x00, 0x03, 0x00, 0x01, 0x00, 0x04, 0x00, 0x01, 0x00,
    0x05, 0x00, 0x01, 0x00, 0x06, 0x00, 0x01, 0x00, 0x07, 0x00, 0x01, 0x00,
    0x08, 0x00, 0x01, 0x00, 0x09, 0x00, 0x01, 0x00, 0x0A, 0x00, 0x01, 0x00,
    0x0B, 0x00, 0x01, 0x00, 0x0C, 0x00, 0x01, 0x00, 0x0D, 0x00, 0x01, 0x00,
    0x0E, 0x00, 0x01, 0x00, 0x0F, 0x00, 0x05, 0x00, 0x10, 0x00, 0x01, 0x00,
    0x11, 0x00, 0x01, 0x00, 0x12, 0x00, 0x01, 0x00, 0x13, 0x00, 0x01, 0x00,
    0x14, 0x00, 0x01, 0x00, 0x15, 0x00, 0x01, 0x00, 0x16, 0x00, 0x01, 0x00,
    0x17, 0x00, 0x01, 0x00, 0x18, 0x00, 0x01, 0x00, 0x19, 0x00, 0x01, 0x00,
    0x1A, 0x00, 0x01, 0x00, 0x1B, 0x00, 0x01, 0x00, 0x1C, 0x00, 0x01, 0x00,
    0x1D, 0x00, 0x01, 0x00, 0x1E, 0x00, 0x01, 0x00, 0x1F, 0x00, 0x05, 0x00,
    0x20, 0x00, 0x01, 0x00, 0x21, 0x00, 0x01, 0x00, 0x22, 0x00, 0x01, 0x00,
    0x23, 0x00, 0x01, 0x00, 0x24, 0x00, 0x01, 0x00, 0x25, 0x00, 0x01, 0x00,
    0x26, 0x00, 0x01, 0x00, 0x27, 0x00, 0x01, 0x00, 0x28, 0x00, 0x01, 0x00,
    0x29, 0x00, 0x01, 0x00, 0x2A, 0x00, 0x01, 0x00, 0x2B, 0x00, 0x01, 0x00,
    0x2C, 0x00, 0x01, 0x00, 0x2D, 0x00, 0x01, 0x00, 0x2E, 0x00, 0x01, 0x00,
    0x2F, 0x00, 0x05, 0x00, 0x30, 0x00, 0x01, 0x00, 0x31, 0x00, 0x01, 0x00,
    0x32, 0x00, 0x01, 0x00, 0x33, 0x00, 0x01, 0x00, 0x34, 0x00, 0x01, 0x00,
    0x35, 0x00, 0x01, 0x00, 0x36, 0x00, 0x01, 0x00, 0x37, 0x00, 0x01, 0x00,
    0x38, 0x00, 0x01, 0x00, 0x39, 0x00, 0x01, 0x00, 0x30, 0x00, 0x01, 0x00,
    0x31, 0x00, 0x01, 0x00, 0x32, 0x00, 0x01, 0x00, 0x33, 0x00, 0x01, 0x00,
    0x34, 0x00, 0x01, 0x00, 0x35, 0x00, 0x01, 0x00, 0x36, 0x00, 0x01, 0x00,
    0x37, 0x00, 0x01, 0x00, 0x38, 0x00, 0x01, 0x00, 0x39, 0x00, 0x01, 0x00,
    0x30, 0x00, 0x01, 0x00, 0x31, 0x00, 0x01, 0x00, 0x32, 0x00, 0x01, 0x00,
    0x33, 0x00, 0x01, 0x00, 0x34, 0x00, 0x01, 0x00, 0x35, 0x00, 0x01, 0x00,
    0x36, 0x00, 0x01, 0x00, 0x37, 0x00, 0x01, 0x00, 0x38, 0x00, 0x01, 0x00,
    0x39, 0x00, 0x04, 0x00, 0x3F, 0x00, 0x02, 0x00, 0x40, 0x00, 0x02, 0x00,
    0x41, 0x00, 0x02, 0x00, 0x42, 0x00, 0x02, 0x00, 0x43, 0x00, 0x02, 0x00,
    0x44, 0x00, 0x02, 0x00, 0x45, 0x00, 0x02, 0x00, 0x46, 0x00, 0x02, 0x00,
    0x47, 0x00, 0x02, 0x00, 0x48, 0x00, 0x02, 0x00, 0x49, 0x00, 0x02, 0x00,
    0x4A, 0x00, 0x02, 0x00, 0x4B, 0x00, 0x02, 0x00, 0x4C, 0x00, 0x02, 0x00,
    0x4D, 0x00, 0x02, 0x00, 0xFF, 0xFF, 0x00, 0x00, 0x65, 0x66, 0x78, 0x50,
    0x75, 0x72, 0x67, 0x65, 0x4F, 0x42, 0x4A, 0x52, 0x4E, 0x44, 0x00, 0x00,
    0x65, 0x66, 0x78, 0x50, 0x75, 0x72, 0x67, 0x65, 0x4F, 0x42, 0x4A, 0x00,
    0x65, 0x66, 0x78, 0x44, 0x65, 0x76, 0x69, 0x6E, 0x65, 0x00, 0x00, 0x00,
    0x65, 0x66, 0x78, 0x44, 0x65, 0x76, 0x69, 0x6E, 0x65, 0x42, 0x47, 0x00,
    0x00, 0x00, 0x02, 0x00, 0x01, 0x00, 0x02, 0x00, 0x02, 0x00, 0x02, 0x00,
    0x03, 0x00, 0x02, 0x00, 0x04, 0x00, 0x02, 0x00, 0x05, 0x00, 0x02, 0x00,
    0x07, 0x00, 0x01, 0x00, 0x05, 0x00, 0x01, 0x00, 0x07, 0x00, 0x01, 0x00,
    0x05, 0x00, 0x01, 0x00, 0x07, 0x00, 0x01, 0x00, 0x05, 0x00, 0x01, 0x00,
    0x07, 0x00, 0x01, 0x00, 0x06, 0x00, 0x02, 0x00, 0x07, 0x00, 0x02, 0x00,
    0x08, 0x00, 0x02, 0x00, 0x09, 0x00, 0x02, 0x00, 0x0A, 0x00, 0x02, 0x00,
    0x0B, 0x00, 0x02, 0x00, 0x0C, 0x00, 0x02, 0x00, 0x0D, 0x00, 0x02, 0x00,
    0x0E, 0x00, 0x02, 0x00, 0x0F, 0x00, 0x02, 0x00, 0x10, 0x00, 0x02, 0x00,
    0x11, 0x00, 0x02, 0x00, 0x12, 0x00, 0x02, 0x00, 0x13, 0x00, 0x02, 0x00,
    0xFF, 0xFF, 0x00, 0x00, 0x01, 0x00, 0x01, 0x00, 0x01, 0x00, 0x02, 0x00,
    0x01, 0x00, 0xFF, 0xFF, 0x00, 0x00, 0x02, 0x00, 0x01, 0x00, 0x02, 0x00,
    0x02, 0x00, 0x02, 0x00, 0x03, 0x00, 0x02, 0x00, 0x04, 0x00, 0x02, 0x00,
    0x05, 0x00, 0x02, 0x00, 0x06, 0x00, 0x02, 0x00, 0x07, 0x00, 0x02, 0x00,
    0x08, 0x00, 0x02, 0x00, 0x09, 0x00, 0x02, 0x00, 0x0A, 0x00, 0x02, 0x00,
    0x0B, 0x00, 0x02, 0x00, 0x0C, 0x00, 0x02, 0x00, 0x0D, 0x00, 0x02, 0x00,
    0x0E, 0x00, 0x02, 0x00, 0x0F, 0x00, 0x02, 0x00, 0x10, 0x00, 0x02, 0x00,
    0x11, 0x00, 0x02, 0x00, 0x12, 0x00, 0x02, 0x00, 0x13, 0x00, 0x02, 0x00,
    0x14, 0x00, 0x02, 0x00, 0xFF, 0xFF, 0x00, 0x00, 0x65, 0x66, 0x78, 0x44,
    0x65, 0x76, 0x69, 0x6E, 0x65, 0x4F, 0x42, 0x4A, 0x00, 0x00, 0x00, 0x00,
};
u8 frontier_df4_misc_lo_008_0E2638[] __attribute__((section(".data.frontier_df4_misc_lo.gap8"))) = {
    0x65, 0x66, 0x78, 0x48, 0x61, 0x7A, 0x79, 0x6D, 0x6F, 0x6F, 0x6E, 0x42,
    0x47, 0x00, 0x00, 0x00, 0x64, 0x00, 0xFF, 0xFF, 0x01, 0x00, 0x01, 0x00,
    0x02, 0x00, 0x01, 0x00, 0x03, 0x00, 0x01, 0x00, 0x04, 0x00, 0x01, 0x00,
    0x05, 0x00, 0x02, 0x00, 0x06, 0x00, 0x02, 0x00, 0x07, 0x00, 0x02, 0x00,
    0x08, 0x00, 0x03, 0x00, 0x09, 0x00, 0x03, 0x00, 0x0A, 0x00, 0x03, 0x00,
    0x0B, 0x00, 0x03, 0x00, 0x0C, 0x00, 0x04, 0x00, 0x0D, 0x00, 0x05, 0x00,
    0x0C, 0x00, 0x04, 0x00, 0x0B, 0x00, 0x03, 0x00, 0x0A, 0x00, 0x03, 0x00,
    0x0B, 0x00, 0x03, 0x00, 0x0C, 0x00, 0x04, 0x00, 0x0D, 0x00, 0x05, 0x00,
    0x0C, 0x00, 0x04, 0x00, 0x0B, 0x00, 0x03, 0x00, 0x0A, 0x00, 0x03, 0x00,
    0x0B, 0x00, 0x03, 0x00, 0x0C, 0x00, 0x04, 0x00, 0x0D, 0x00, 0x05, 0x00,
    0x0C, 0x00, 0x04, 0x00, 0x0B, 0x00, 0x03, 0x00, 0x0A, 0x00, 0x03, 0x00,
    0x0B, 0x00, 0x03, 0x00, 0x0C, 0x00, 0x04, 0x00, 0x0D, 0x00, 0x05, 0x00,
    0x09, 0x00, 0x01, 0x00, 0x08, 0x00, 0x01, 0x00, 0x07, 0x00, 0x01, 0x00,
    0x06, 0x00, 0x01, 0x00, 0x05, 0x00, 0x01, 0x00, 0x04, 0x00, 0x01, 0x00,
    0x03, 0x00, 0x01, 0x00, 0x02, 0x00, 0x01, 0x00, 0x01, 0x00, 0x01, 0x00,
    0xFF, 0xFF, 0x0E, 0x00, 0x03, 0x00, 0x0F, 0x00, 0x03, 0x00, 0x10, 0x00,
    0x03, 0x00, 0x11, 0x00, 0x03, 0x00, 0x12, 0x00, 0x03, 0x00, 0x13, 0x00,
    0x02, 0x00, 0x14, 0x00, 0x02, 0x00, 0x15, 0x00, 0x02, 0x00, 0x16, 0x00,
    0x02, 0x00, 0x17, 0x00, 0x02, 0x00, 0x18, 0x00, 0x02, 0x00, 0x19, 0x00,
    0x02, 0x00, 0x1A, 0x00, 0x02, 0x00, 0xFF, 0xFF, 0x65, 0x66, 0x78, 0x48,
    0x61, 0x7A, 0x79, 0x6D, 0x6F, 0x6F, 0x6E, 0x4F, 0x42, 0x4A, 0x32, 0x00,
    0x65, 0x66, 0x78, 0x48, 0x61, 0x7A, 0x79, 0x6D, 0x6F, 0x6F, 0x6E, 0x4F,
    0x42, 0x4A, 0x33, 0x00, 0x65, 0x66, 0x78, 0x48, 0x61, 0x7A, 0x79, 0x6D,
    0x6F, 0x6F, 0x6E, 0x4F, 0x42, 0x4A, 0x33, 0x52, 0x4E, 0x44, 0x00, 0x00,
    0x65, 0x66, 0x78, 0x46, 0x65, 0x6E, 0x72, 0x69, 0x72, 0x00, 0x00, 0x00,
    0x65, 0x66, 0x78, 0x46, 0x65, 0x6E, 0x72, 0x69, 0x72, 0x42, 0x47, 0x00,
    0x65, 0x66, 0x78, 0x46, 0x65, 0x6E, 0x72, 0x69, 0x72, 0x42, 0x47, 0x43,
    0x4F, 0x4C, 0x00, 0x00, 0x00, 0x00, 0x04, 0x00, 0x01, 0x00, 0x04, 0x00,
    0x02, 0x00, 0x04, 0x00, 0x03, 0x00, 0x04, 0x00, 0x04, 0x00, 0x04, 0x00,
    0x05, 0x00, 0x04, 0x00, 0x06, 0x00, 0x04, 0x00, 0x07, 0x00, 0x04, 0x00,
    0x08, 0x00, 0x04, 0x00, 0x09, 0x00, 0x04, 0x00, 0x0A, 0x00, 0x04, 0x00,
    0x0B, 0x00, 0x04, 0x00, 0x0C, 0x00, 0x04, 0x00, 0x0D, 0x00, 0x04, 0x00,
    0x0E, 0x00, 0x04, 0x00, 0xFE, 0xFF, 0x00, 0x00, 0x65, 0x66, 0x78, 0x46,
    0x65, 0x6E, 0x72, 0x69, 0x72, 0x4F, 0x42, 0x4A, 0x00, 0x00, 0x00, 0x00,
    0x65, 0x66, 0x78, 0x46, 0x65, 0x6E, 0x72, 0x69, 0x72, 0x42, 0x47, 0x32,
    0x00, 0x00, 0x00, 0x00, 0x02, 0x00, 0x01, 0x00, 0x02, 0x00, 0x02, 0x00,
    0x02, 0x00, 0x03, 0x00, 0x02, 0x00, 0x04, 0x00, 0x02, 0x00, 0x05, 0x00,
    0x02, 0x00, 0x03, 0x00, 0x02, 0x00, 0x06, 0x00, 0x02, 0x00, 0x07, 0x00,
    0x02, 0x00, 0x08, 0x00, 0x02, 0x00, 0x09, 0x00, 0x02, 0x00, 0x0A, 0x00,
    0x02, 0x00, 0x0B, 0x00, 0x02, 0x00, 0x09, 0x00, 0x02, 0x00, 0x0C, 0x00,
    0x02, 0x00, 0x0D, 0x00, 0x02, 0x00, 0x0E, 0x00, 0x02, 0x00, 0x0F, 0x00,
    0x02, 0x00, 0x10, 0x00, 0x02, 0x00, 0x11, 0x00, 0x02, 0x00, 0x0F, 0x00,
    0x02, 0x00, 0x12, 0x00, 0x02, 0x00, 0x13, 0x00, 0x02, 0x00, 0x14, 0x00,
    0x02, 0x00, 0x15, 0x00, 0x02, 0x00, 0x16, 0x00, 0x02, 0x00, 0x17, 0x00,
    0x02, 0x00, 0x15, 0x00, 0x02, 0x00, 0x18, 0x00, 0x02, 0x00, 0x19, 0x00,
    0x02, 0x00, 0x1A, 0x00, 0x02, 0x00, 0x1B, 0x00, 0x02, 0x00, 0x1C, 0x00,
    0x02, 0x00, 0x1D, 0x00, 0x02, 0x00, 0x1B, 0x00, 0x02, 0x00, 0x1E, 0x00,
    0x02, 0x00, 0x1F, 0x00, 0x02, 0x00, 0x20, 0x00, 0x02, 0x00, 0x21, 0x00,
    0x02, 0x00, 0x22, 0x00, 0x02, 0x00, 0x23, 0x00, 0x02, 0x00, 0x21, 0x00,
    0x02, 0x00, 0x24, 0x00, 0x02, 0x00, 0x25, 0x00, 0x02, 0x00, 0x26, 0x00,
    0x02, 0x00, 0x27, 0x00, 0x02, 0x00, 0x28, 0x00, 0x02, 0x00, 0x29, 0x00,
    0x02, 0x00, 0x27, 0x00, 0x02, 0x00, 0x2A, 0x00, 0x02, 0x00, 0x2B, 0x00,
    0x02, 0x00, 0x2C, 0x00, 0x02, 0x00, 0x2D, 0x00, 0x02, 0x00, 0x2E, 0x00,
    0x02, 0x00, 0x2F, 0x00, 0x02, 0x00, 0x2D, 0x00, 0x02, 0x00, 0x2E, 0x00,
    0x02, 0x00, 0x2F, 0x00, 0x02, 0x00, 0x2D, 0x00, 0x02, 0x00, 0x2E, 0x00,
    0x02, 0x00, 0x2F, 0x00, 0x02, 0x00, 0x30, 0x00, 0x01, 0x00, 0x31, 0x00,
    0x01, 0x00, 0x32, 0x00, 0x01, 0x00, 0xFF, 0xFF, 0x65, 0x66, 0x78, 0x46,
    0x65, 0x6E, 0x72, 0x69, 0x72, 0x4F, 0x42, 0x4A, 0x32, 0x00, 0x00, 0x00,
    0x65, 0x66, 0x78, 0x46, 0x65, 0x6E, 0x72, 0x69, 0x72, 0x4F, 0x42, 0x4A,
    0x32, 0x43, 0x68, 0x69, 0x72, 0x69, 0x00, 0x00, 0x65, 0x66, 0x78, 0x4C,
    0x69, 0x76, 0x65, 0x00, 0x65, 0x66, 0x78, 0x52, 0x65, 0x6C, 0x69, 0x76,
    0x65, 0x00, 0x00, 0x00, 0x65, 0x66, 0x78, 0x52, 0x65, 0x63, 0x6F, 0x76,
    0x65, 0x72, 0x00, 0x00, 0x65, 0x66, 0x78, 0x52, 0x65, 0x62, 0x6C, 0x6F,
    0x77, 0x00, 0x00, 0x00, 0x65, 0x66, 0x78, 0x4C, 0x69, 0x76, 0x65, 0x42,
    0x47, 0x00, 0x00, 0x00, 0x3E, 0x00, 0xFF, 0xFF, 0x01, 0x00, 0x3E, 0x00,
    0xFF, 0xFF, 0x00, 0x00, 0x3E, 0x00, 0xFF, 0xFF, 0x01, 0x00, 0x3E, 0x00,
    0xFF, 0xFF, 0x00, 0x00, 0x65, 0x66, 0x78, 0x4C, 0x69, 0x76, 0x65, 0x42,
    0x47, 0x43, 0x4F, 0x4C, 0x00, 0x00, 0x00, 0x00, 0x03, 0x00, 0x01, 0x00,
    0x03, 0x00, 0x02, 0x00, 0x03, 0x00, 0x03, 0x00, 0x04, 0x00, 0x04, 0x00,
    0x04, 0x00, 0x05, 0x00, 0x04, 0x00, 0x06, 0x00, 0x04, 0x00, 0x07, 0x00,
    0x04, 0x00, 0x08, 0x00, 0x04, 0x00, 0x09, 0x00, 0x04, 0x00, 0x0A, 0x00,
    0x04, 0x00, 0x0B, 0x00, 0x04, 0x00, 0x0C, 0x00, 0x04, 0x00, 0x0D, 0x00,
    0x04, 0x00, 0x0E, 0x00, 0x04, 0x00, 0x0F, 0x00, 0x05, 0x00, 0xFF, 0xFF,
    0x0F, 0x00, 0x05, 0x00, 0x0E, 0x00, 0x04, 0x00, 0x0D, 0x00, 0x04, 0x00,
    0x0C, 0x00, 0x04, 0x00, 0x0B, 0x00, 0x04, 0x00, 0x0A, 0x00, 0x04, 0x00,
    0x09, 0x00, 0x04, 0x00, 0x08, 0x00, 0x04, 0x00, 0x07, 0x00, 0x04, 0x00,
    0x06, 0x00, 0x04, 0x00, 0x05, 0x00, 0x04, 0x00, 0x04, 0x00, 0x04, 0x00,
    0x03, 0x00, 0x04, 0x00, 0x02, 0x00, 0x03, 0x00, 0x01, 0x00, 0x03, 0x00,
    0x00, 0x00, 0x03, 0x00, 0xFF, 0xFF, 0x00, 0x00, 0x03, 0x00, 0x01, 0x00,
    0x03, 0x00, 0x02, 0x00, 0x03, 0x00, 0x03, 0x00, 0x04, 0x00, 0x04, 0x00,
    0x04, 0x00, 0x05, 0x00, 0x04, 0x00, 0x06, 0x00, 0x04, 0x00, 0x07, 0x00,
    0x04, 0x00, 0x08, 0x00, 0x04, 0x00, 0x09, 0x00, 0x04, 0x00, 0x0A, 0x00,
    0x04, 0x00, 0x0B, 0x00, 0x04, 0x00, 0xFF, 0xFF, 0x00, 0x00, 0x03, 0x00,
    0x01, 0x00, 0x03, 0x00, 0x02, 0x00, 0x03, 0x00, 0x03, 0x00, 0x04, 0x00,
    0x04, 0x00, 0x04, 0x00, 0x05, 0x00, 0x04, 0x00, 0x06, 0x00, 0x04, 0x00,
    0x07, 0x00, 0x04, 0x00, 0x08, 0x00, 0x04, 0x00, 0x09, 0x00, 0x04, 0x00,
    0x0A, 0x00, 0x04, 0x00, 0x0B, 0x00, 0x04, 0x00, 0x0C, 0x00, 0x04, 0x00,
    0x0D, 0x00, 0x04, 0x00, 0x0E, 0x00, 0x04, 0x00, 0x0F, 0x00, 0x05, 0x00,
    0xFF, 0xFF, 0x00, 0x00, 0x65, 0x66, 0x78, 0x4C, 0x69, 0x76, 0x65, 0x41,
    0x4C, 0x50, 0x48, 0x41, 0x00, 0x00, 0x00, 0x00, 0x65, 0x66, 0x78, 0x4C,
    0x69, 0x76, 0x65, 0x4F, 0x42, 0x4A, 0x00, 0x00, 0x65, 0x66, 0x78, 0x52,
    0x65, 0x73, 0x65, 0x72, 0x76, 0x65, 0x4F, 0x42, 0x4A, 0x00, 0x00, 0x00,
    0x65, 0x66, 0x78, 0x52, 0x65, 0x62, 0x6C, 0x6F, 0x77, 0x4F, 0x42, 0x4A,
    0x00, 0x00, 0x00, 0x00, 0x65, 0x66, 0x78, 0x52, 0x65, 0x73, 0x65, 0x72,
    0x76, 0x65, 0x00, 0x00, 0x65, 0x66, 0x78, 0x52, 0x65, 0x73, 0x65, 0x72,
    0x76, 0x65, 0x42, 0x47, 0x00, 0x00, 0x00, 0x00, 0x20, 0x00, 0x01, 0x00,
    0x20, 0x00, 0x02, 0x00, 0x20, 0x00, 0x03, 0x00, 0x20, 0x00, 0xFF, 0xFF,
    0x0E, 0x01, 0x0F, 0x01, 0x0E, 0x01, 0x0F, 0x01, 0xA0, 0x00, 0x38, 0x00,
    0x80, 0x00, 0x28, 0x00, 0x65, 0x66, 0x78, 0x52, 0x65, 0x73, 0x65, 0x72,
    0x76, 0x65, 0x42, 0x47, 0x43, 0x4F, 0x4C, 0x00, 0x00, 0x00, 0x02, 0x00,
    0x01, 0x00, 0x02, 0x00, 0x02, 0x00, 0x02, 0x00, 0x03, 0x00, 0x02, 0x00,
    0x04, 0x00, 0x02, 0x00, 0x05, 0x00, 0x02, 0x00, 0x06, 0x00, 0x02, 0x00,
    0x07, 0x00, 0x02, 0x00, 0x08, 0x00, 0x02, 0x00, 0x09, 0x00, 0x02, 0x00,
    0x0A, 0x00, 0x02, 0x00, 0x0B, 0x00, 0x02, 0x00, 0x0C, 0x00, 0x02, 0x00,
    0x0D, 0x00, 0x02, 0x00, 0x0E, 0x00, 0x02, 0x00, 0x0F, 0x00, 0x02, 0x00,
    0x00, 0x00, 0x02, 0x00, 0x01, 0x00, 0x02, 0x00, 0x02, 0x00, 0x02, 0x00,
    0x03, 0x00, 0x02, 0x00, 0x04, 0x00, 0x02, 0x00, 0x05, 0x00, 0x02, 0x00,
    0x06, 0x00, 0x02, 0x00, 0x07, 0x00, 0x02, 0x00, 0x08, 0x00, 0x02, 0x00,
    0x09, 0x00, 0x02, 0x00, 0x0A, 0x00, 0x02, 0x00, 0x0B, 0x00, 0x02, 0x00,
    0x0C, 0x00, 0x02, 0x00, 0x0D, 0x00, 0x02, 0x00, 0x0E, 0x00, 0x02, 0x00,
    0x0F, 0x00, 0x02, 0x00, 0x00, 0x00, 0x02, 0x00, 0x01, 0x00, 0x02, 0x00,
    0x02, 0x00, 0x02, 0x00, 0x03, 0x00, 0x02, 0x00, 0x04, 0x00, 0x02, 0x00,
    0x05, 0x00, 0x02, 0x00, 0x06, 0x00, 0x02, 0x00, 0x07, 0x00, 0x02, 0x00,
    0x08, 0x00, 0x02, 0x00, 0x09, 0x00, 0x02, 0x00, 0x0A, 0x00, 0x02, 0x00,
    0x0B, 0x00, 0x02, 0x00, 0x0C, 0x00, 0x02, 0x00, 0x0D, 0x00, 0x02, 0x00,
    0x0E, 0x00, 0x02, 0x00, 0x0F, 0x00, 0x02, 0x00, 0x00, 0x00, 0x02, 0x00,
    0x01, 0x00, 0x02, 0x00, 0x02, 0x00, 0x02, 0x00, 0x03, 0x00, 0x02, 0x00,
    0x04, 0x00, 0x02, 0x00, 0x05, 0x00, 0x02, 0x00, 0x06, 0x00, 0x02, 0x00,
    0x07, 0x00, 0x02, 0x00, 0x08, 0x00, 0x02, 0x00, 0x09, 0x00, 0x02, 0x00,
    0x0A, 0x00, 0x02, 0x00, 0x0B, 0x00, 0x02, 0x00, 0x0C, 0x00, 0x02, 0x00,
    0x0D, 0x00, 0x02, 0x00, 0x0E, 0x00, 0x02, 0x00, 0x0F, 0x00, 0x02, 0x00,
    0xFF, 0xFF, 0x00, 0x00, 0x65, 0x66, 0x78, 0x52, 0x65, 0x73, 0x65, 0x72,
    0x76, 0x65, 0x42, 0x47, 0x32, 0x00, 0x00, 0x00, 0xDC, 0x00, 0xFF, 0xFF,
    0x65, 0x66, 0x78, 0x52, 0x65, 0x73, 0x65, 0x72, 0x76, 0x65, 0x42, 0x47,
    0x43, 0x4F, 0x4C, 0x32, 0x00, 0x00, 0x00, 0x00, 0x04, 0x00, 0x01, 0x00,
    0x04, 0x00, 0x02, 0x00, 0x04, 0x00, 0x03, 0x00, 0x04, 0x00, 0x04, 0x00,
    0x04, 0x00, 0x05, 0x00, 0x04, 0x00, 0x06, 0x00, 0x04, 0x00, 0x07, 0x00,
    0x04, 0x00, 0x08, 0x00, 0x04, 0x00, 0x09, 0x00, 0x04, 0x00, 0x0A, 0x00,
    0x04, 0x00, 0x0B, 0x00, 0x04, 0x00, 0x0C, 0x00, 0x04, 0x00, 0x0D, 0x00,
    0x04, 0x00, 0x0E, 0x00, 0x04, 0x00, 0x00, 0x00, 0x04, 0x00, 0x01, 0x00,
    0x04, 0x00, 0x02, 0x00, 0x04, 0x00, 0x03, 0x00, 0x04, 0x00, 0x04, 0x00,
    0x04, 0x00, 0x05, 0x00, 0x04, 0x00, 0x06, 0x00, 0x04, 0x00, 0x07, 0x00,
    0x04, 0x00, 0x08, 0x00, 0x04, 0x00, 0x09, 0x00, 0x04, 0x00, 0x0A, 0x00,
    0x04, 0x00, 0x0B, 0x00, 0x04, 0x00, 0x0C, 0x00, 0x04, 0x00, 0x0D, 0x00,
    0x04, 0x00, 0x0E, 0x00, 0x04, 0x00, 0x00, 0x00, 0x04, 0x00, 0x01, 0x00,
    0x04, 0x00, 0x02, 0x00, 0x04, 0x00, 0x03, 0x00, 0x04, 0x00, 0x04, 0x00,
    0x04, 0x00, 0x05, 0x00, 0x04, 0x00, 0x06, 0x00, 0x04, 0x00, 0x07, 0x00,
    0x04, 0x00, 0x08, 0x00, 0x04, 0x00, 0x09, 0x00, 0x04, 0x00, 0x0A, 0x00,
    0x04, 0x00, 0x0B, 0x00, 0x04, 0x00, 0x0C, 0x00, 0x04, 0x00, 0x0D, 0x00,
    0x04, 0x00, 0x0E, 0x00, 0x04, 0x00, 0x00, 0x00, 0x04, 0x00, 0x01, 0x00,
    0x04, 0x00, 0x02, 0x00, 0x04, 0x00, 0x03, 0x00, 0x04, 0x00, 0x04, 0x00,
    0x04, 0x00, 0x05, 0x00, 0x04, 0x00, 0x06, 0x00, 0x04, 0x00, 0x07, 0x00,
    0x04, 0x00, 0x08, 0x00, 0x04, 0x00, 0x09, 0x00, 0x04, 0x00, 0xFF, 0xFF,
    0x65, 0x66, 0x78, 0x52, 0x65, 0x73, 0x74, 0x00, 0x65, 0x66, 0x78, 0x52,
    0x65, 0x73, 0x74, 0x42, 0x47, 0x00, 0x00, 0x00, 0x04, 0x00, 0x01, 0x00,
    0x04, 0x00, 0x02, 0x00, 0x04, 0x00, 0x03, 0x00, 0x04, 0x00, 0x04, 0x00,
    0x03, 0x00, 0x05, 0x00, 0x03, 0x00, 0x06, 0x00, 0x03, 0x00, 0x07, 0x00,
    0x03, 0x00, 0x08, 0x00, 0x03, 0x00, 0x09, 0x00, 0x02, 0x00, 0x0A, 0x00,
    0x02, 0x00, 0x0B, 0x00, 0x02, 0x00, 0x0C, 0x00, 0xFA, 0x00, 0xFF, 0xFF,
    0x65, 0x66, 0x78, 0x52, 0x65, 0x73, 0x74, 0x4F, 0x42, 0x4A, 0x00, 0x00,
    0x65, 0x66, 0x78, 0x53, 0x69, 0x6C, 0x65, 0x6E, 0x63, 0x65, 0x00, 0x00,
    0x65, 0x66, 0x78, 0x53, 0x69, 0x6C, 0x65, 0x6E, 0x63, 0x65, 0x42, 0x47,
    0x00, 0x00, 0x00, 0x00, 0x02, 0x00, 0x01, 0x00, 0x01, 0x00, 0x02, 0x00,
    0x01, 0x00, 0x03, 0x00, 0x01, 0x00, 0x04, 0x00, 0x01, 0x00, 0x05, 0x00,
    0x01, 0x00, 0x06, 0x00, 0x04, 0x00, 0x07, 0x00, 0x01, 0x00, 0x08, 0x00,
    0x05, 0x00, 0x09, 0x00, 0x02, 0x00, 0x0A, 0x00, 0x02, 0x00, 0x0B, 0x00,
    0x02, 0x00, 0x0C, 0x00, 0x02, 0x00, 0x0D, 0x00, 0x02, 0x00, 0x0E, 0x00,
    0x02, 0x00, 0x0F, 0x00, 0x01, 0x00, 0x10, 0x00, 0x05, 0x00, 0x11, 0x00,
    0x32, 0x00, 0xFF, 0xFF, 0x65, 0x66, 0x78, 0x53, 0x69, 0x6C, 0x65, 0x6E,
    0x63, 0x65, 0x4F, 0x42, 0x4A, 0x00, 0x00, 0x00, 0x65, 0x66, 0x78, 0x53,
    0x6C, 0x65, 0x65, 0x70, 0x00, 0x00, 0x00, 0x00, 0x65, 0x66, 0x78, 0x53,
    0x6C, 0x65, 0x65, 0x70, 0x42, 0x47, 0x00, 0x00, 0x00, 0x00, 0x04, 0x00,
    0x01, 0x00, 0x04, 0x00, 0x02, 0x00, 0x04, 0x00, 0x03, 0x00, 0x04, 0x00,
    0x04, 0x00, 0x04, 0x00, 0x05, 0x00, 0x04, 0x00, 0x06, 0x00, 0x04, 0x00,
    0x07, 0x00, 0x04, 0x00, 0x08, 0x00, 0x04, 0x00, 0x09, 0x00, 0x04, 0x00,
    0x0A, 0x00, 0x04, 0x00, 0x0B, 0x00, 0x04, 0x00, 0x0C, 0x00, 0x04, 0x00,
    0x0D, 0x00, 0x04, 0x00, 0x0E, 0x00, 0x04, 0x00, 0x0F, 0x00, 0x04, 0x00,
    0x00, 0x00, 0x04, 0x00, 0x01, 0x00, 0x04, 0x00, 0x02, 0x00, 0x04, 0x00,
    0x03, 0x00, 0x04, 0x00, 0x04, 0x00, 0x04, 0x00, 0x05, 0x00, 0x04, 0x00,
    0x06, 0x00, 0x04, 0x00, 0x07, 0x00, 0x04, 0x00, 0x08, 0x00, 0x04, 0x00,
    0x09, 0x00, 0x04, 0x00, 0x0A, 0x00, 0x04, 0x00, 0x0B, 0x00, 0x04, 0x00,
    0x0C, 0x00, 0x04, 0x00, 0x0D, 0x00, 0x04, 0x00, 0x0E, 0x00, 0x04, 0x00,
    0x0F, 0x00, 0x04, 0x00, 0x00, 0x00, 0x04, 0x00, 0x01, 0x00, 0x04, 0x00,
    0x02, 0x00, 0x04, 0x00, 0x03, 0x00, 0x04, 0x00, 0x04, 0x00, 0x04, 0x00,
    0x05, 0x00, 0x04, 0x00, 0x06, 0x00, 0x04, 0x00, 0x07, 0x00, 0x04, 0x00,
    0x08, 0x00, 0x04, 0x00, 0x09, 0x00, 0x04, 0x00, 0x0A, 0x00, 0x04, 0x00,
    0x0B, 0x00, 0x04, 0x00, 0x0C, 0x00, 0x04, 0x00, 0x0D, 0x00, 0x04, 0x00,
    0x0E, 0x00, 0x04, 0x00, 0x0F, 0x00, 0x04, 0x00, 0x00, 0x00, 0x04, 0x00,
    0x01, 0x00, 0x04, 0x00, 0x02, 0x00, 0x04, 0x00, 0x03, 0x00, 0x04, 0x00,
    0x04, 0x00, 0x04, 0x00, 0x05, 0x00, 0x04, 0x00, 0x06, 0x00, 0x04, 0x00,
    0x07, 0x00, 0x04, 0x00, 0x08, 0x00, 0x04, 0x00, 0x09, 0x00, 0x04, 0x00,
    0x0A, 0x00, 0x04, 0x00, 0x0B, 0x00, 0x04, 0x00, 0x0C, 0x00, 0x04, 0x00,
    0x0D, 0x00, 0x04, 0x00, 0x0E, 0x00, 0x04, 0x00, 0x0F, 0x00, 0x04, 0x00,
    0xFF, 0xFF, 0x00, 0x00, 0x65, 0x66, 0x78, 0x53, 0x6C, 0x65, 0x65, 0x70,
    0x4F, 0x42, 0x4A, 0x00, 0x65, 0x66, 0x78, 0x53, 0x6C, 0x65, 0x65, 0x70,
    0x4F, 0x42, 0x4A, 0x32, 0x00, 0x00, 0x00, 0x00, 0x65, 0x66, 0x78, 0x53,
    0x6C, 0x65, 0x65, 0x70, 0x53, 0x45, 0x00, 0x00, 0x65, 0x66, 0x78, 0x48,
    0x61, 0x6D, 0x6D, 0x61, 0x72, 0x6E, 0x65, 0x00, 0x65, 0x66, 0x78, 0x48,
    0x61, 0x6D, 0x6D, 0x61, 0x72, 0x6E, 0x65, 0x42, 0x47, 0x00, 0x00, 0x00,
    0x04, 0x00, 0x01, 0x00, 0x04, 0x00, 0x02, 0x00, 0x04, 0x00, 0x03, 0x00,
    0x04, 0x00, 0x04, 0x00, 0x03, 0x00, 0x05, 0x00, 0x03, 0x00, 0x06, 0x00,
    0x03, 0x00, 0x07, 0x00, 0x03, 0x00, 0x08, 0x00, 0x03, 0x00, 0x09, 0x00,
    0x02, 0x00, 0x0A, 0x00, 0x02, 0x00, 0x0B, 0x00, 0x02, 0x00, 0x0C, 0x00,
    0xFA, 0x00, 0xFF, 0xFF, 0x65, 0x66, 0x78, 0x48, 0x61, 0x6D, 0x6D, 0x61,
    0x72, 0x6E, 0x65, 0x4F, 0x42, 0x4A, 0x00, 0x00, 0x65, 0x66, 0x78, 0x42,
    0x65, 0x72, 0x73, 0x65, 0x72, 0x6B, 0x00, 0x00, 0x65, 0x66, 0x78, 0x42,
    0x65, 0x72, 0x73, 0x65, 0x72, 0x6B, 0x42, 0x47, 0x00, 0x00, 0x00, 0x00,
    0x65, 0x66, 0x78, 0x42, 0x65, 0x72, 0x73, 0x65, 0x72, 0x6B, 0x43, 0x4C,
    0x4F, 0x4E, 0x45, 0x00, 0x65, 0x66, 0x78, 0x42, 0x65, 0x72, 0x73, 0x65,
    0x72, 0x6B, 0x4F, 0x42, 0x4A, 0x00, 0x00, 0x00, 0x65, 0x66, 0x78, 0x4D,
    0x73, 0x68, 0x69, 0x65, 0x6C, 0x64, 0x00, 0x00, 0x65, 0x66, 0x78, 0x4D,
    0x73, 0x68, 0x69, 0x65, 0x6C, 0x64, 0x42, 0x47, 0x00, 0x00, 0x00, 0x00,
    0x02, 0x00, 0x01, 0x00, 0x02, 0x00, 0x02, 0x00, 0x02, 0x00, 0x03, 0x00,
    0x03, 0x00, 0x04, 0x00, 0x05, 0x00, 0x03, 0x00, 0x03, 0x00, 0x04, 0x00,
    0x05, 0x00, 0x03, 0x00, 0x03, 0x00, 0x04, 0x00, 0x05, 0x00, 0x03, 0x00,
    0x03, 0x00, 0x04, 0x00, 0x05, 0x00, 0x03, 0x00, 0x03, 0x00, 0x04, 0x00,
    0x05, 0x00, 0x03, 0x00, 0x03, 0x00, 0x04, 0x00, 0x05, 0x00, 0x03, 0x00,
    0x03, 0x00, 0x04, 0x00, 0x05, 0x00, 0x03, 0x00, 0x03, 0x00, 0x04, 0x00,
    0x05, 0x00, 0x03, 0x00, 0x03, 0x00, 0x04, 0x00, 0x05, 0x00, 0x03, 0x00,
    0x03, 0x00, 0x04, 0x00, 0x05, 0x00, 0x03, 0x00, 0x03, 0x00, 0x04, 0x00,
    0x05, 0x00, 0x03, 0x00, 0x03, 0x00, 0x04, 0x00, 0x05, 0x00, 0x03, 0x00,
    0x03, 0x00, 0x04, 0x00, 0x05, 0x00, 0x03, 0x00, 0x03, 0x00, 0x04, 0x00,
    0x05, 0x00, 0x03, 0x00, 0x03, 0x00, 0x04, 0x00, 0x05, 0x00, 0x03, 0x00,
    0x03, 0x00, 0x04, 0x00, 0x05, 0x00, 0x03, 0x00, 0x03, 0x00, 0x04, 0x00,
    0x05, 0x00, 0x03, 0x00, 0x03, 0x00, 0x04, 0x00, 0x05, 0x00, 0x03, 0x00,
    0x03, 0x00, 0x04, 0x00, 0x05, 0x00, 0x03, 0x00, 0x03, 0x00, 0x04, 0x00,
    0x05, 0x00, 0x03, 0x00, 0x03, 0x00, 0x04, 0x00, 0x05, 0x00, 0x03, 0x00,
    0x03, 0x00, 0x04, 0x00, 0x05, 0x00, 0x02, 0x00, 0x03, 0x00, 0x01, 0x00,
    0x02, 0x00, 0x00, 0x00, 0x02, 0x00, 0xFF, 0xFF, 0x65, 0x66, 0x78, 0x4D,
    0x73, 0x68, 0x69, 0x65, 0x6C, 0x64, 0x4F, 0x42, 0x4A, 0x00, 0x00, 0x00,
    0x65, 0x66, 0x78, 0x4D, 0x73, 0x68, 0x69, 0x65, 0x6C, 0x64, 0x4F, 0x42,
    0x4A, 0x32, 0x00, 0x00, 0x65, 0x66, 0x78, 0x53, 0x68, 0x69, 0x6E, 0x65,
    0x00, 0x00, 0x00, 0x00, 0x65, 0x66, 0x78, 0x53, 0x68, 0x69, 0x6E, 0x65,
    0x42, 0x47, 0x00, 0x00, 0x00, 0x00, 0x0C, 0x00, 0xFF, 0xFF, 0x00, 0x00,
    0x65, 0x66, 0x78, 0x53, 0x68, 0x69, 0x6E, 0x65, 0x42, 0x47, 0x32, 0x00,
    0x00, 0x00, 0x01, 0x00, 0x01, 0x00, 0x01, 0x00, 0x02, 0x00, 0x01, 0x00,
    0x03, 0x00, 0x01, 0x00, 0x04, 0x00, 0x01, 0x00, 0x05, 0x00, 0x01, 0x00,
    0x06, 0x00, 0x01, 0x00, 0x07, 0x00, 0x01, 0x00, 0x08, 0x00, 0x01, 0x00,
    0xFF, 0xFF, 0x00, 0x00, 0x65, 0x66, 0x78, 0x53, 0x68, 0x69, 0x6E, 0x65,
    0x42, 0x47, 0x43, 0x4F, 0x4C, 0x00, 0x00, 0x00, 0x02, 0x00, 0x01, 0x00,
    0x02, 0x00, 0x02, 0x00, 0x02, 0x00, 0x03, 0x00, 0x02, 0x00, 0x04, 0x00,
    0x02, 0x00, 0x05, 0x00, 0x02, 0x00, 0xFF, 0xFF, 0x65, 0x66, 0x78, 0x53,
    0x68, 0x69, 0x6E, 0x65, 0x4F, 0x42, 0x4A, 0x52, 0x4E, 0x44, 0x00, 0x00,
    0x65, 0x66, 0x78, 0x53, 0x68, 0x69, 0x6E, 0x65, 0x4F, 0x42, 0x4A, 0x00,
    0x65, 0x66, 0x78, 0x4C, 0x75, 0x6E, 0x61, 0x00, 0x65, 0x66, 0x78, 0x4C,
    0x75, 0x6E, 0x61, 0x42, 0x47, 0x00, 0x00, 0x00, 0x3C, 0x00, 0xFF, 0xFF,
    0x65, 0x66, 0x78, 0x4C, 0x75, 0x6E, 0x61, 0x53, 0x43, 0x52, 0x00, 0x00,
    0x65, 0x66, 0x78, 0x4C, 0x75, 0x6E, 0x61, 0x53, 0x43, 0x52, 0x32, 0x00,
    0x65, 0x66, 0x78, 0x4C, 0x75, 0x6E, 0x61, 0x42, 0x47, 0x32, 0x00, 0x00,
    0x65, 0x66, 0x78, 0x4C, 0x75, 0x6E, 0x61, 0x42, 0x47, 0x43, 0x4F, 0x4C,
    0x00, 0x00, 0x00, 0x00, 0x04, 0x00, 0x01, 0x00, 0x04, 0x00, 0x02, 0x00,
    0x04, 0x00, 0x03, 0x00, 0x04, 0x00, 0x04, 0x00, 0x04, 0x00, 0x05, 0x00,
    0x04, 0x00, 0x06, 0x00, 0x04, 0x00, 0x07, 0x00, 0x04, 0x00, 0x08, 0x00,
    0x04, 0x00, 0x09, 0x00, 0x04, 0x00, 0x0A, 0x00, 0x04, 0x00, 0x0B, 0x00,
    0x04, 0x00, 0x0C, 0x00, 0x04, 0x00, 0x0D, 0x00, 0x04, 0x00, 0x0E, 0x00,
    0x04, 0x00, 0xFE, 0xFF, 0x65, 0x66, 0x78, 0x4C, 0x75, 0x6E, 0x61, 0x42,
    0x47, 0x33, 0x00, 0x00, 0x00, 0x00, 0x02, 0x00, 0x01, 0x00, 0x02, 0x00,
    0x02, 0x00, 0x02, 0x00, 0x03, 0x00, 0x03, 0x00, 0x04, 0x00, 0x03, 0x00,
    0x05, 0x00, 0x03, 0x00, 0x06, 0x00, 0x03, 0x00, 0x07, 0x00, 0x03, 0x00,
    0x08, 0x00, 0x03, 0x00, 0x09, 0x00, 0x03, 0x00, 0x0A, 0x00, 0x03, 0x00,
    0x0B, 0x00, 0x02, 0x00, 0xFF, 0xFF, 0x00, 0x00, 0x65, 0x66, 0x78, 0x4C,
    0x75, 0x6E, 0x61, 0x4F, 0x42, 0x4A, 0x00, 0x00, 0x65, 0x66, 0x78, 0x4C,
    0x75, 0x6E, 0x61, 0x52, 0x53, 0x54, 0x00, 0x00, 0x65, 0x66, 0x78, 0x45,
    0x78, 0x63, 0x61, 0x6C, 0x69, 0x62, 0x75, 0x72, 0x00, 0x00, 0x00, 0x00,
    0x65, 0x66, 0x78, 0x45, 0x78, 0x63, 0x61, 0x6C, 0x69, 0x62, 0x75, 0x72,
    0x42, 0x47, 0x00, 0x00, 0x65, 0x66, 0x78, 0x45, 0x78, 0x63, 0x61, 0x6C,
    0x69, 0x62, 0x75, 0x72, 0x42, 0x47, 0x43, 0x4F, 0x4C, 0x00, 0x00, 0x00,
    0x02, 0x00, 0x01, 0x00, 0x02, 0x00, 0x02, 0x00, 0x02, 0x00, 0x03, 0x00,
    0x02, 0x00, 0x04, 0x00, 0x02, 0x00, 0x05, 0x00, 0x14, 0x00, 0x06, 0x00,
    0x02, 0x00, 0x07, 0x00, 0x02, 0x00, 0x08, 0x00, 0x02, 0x00, 0x09, 0x00,
    0x06, 0x00, 0x0A, 0x00, 0x02, 0x00, 0x0B, 0x00, 0x02, 0x00, 0x0C, 0x00,
    0x02, 0x00, 0xFF, 0xFF, 0x65, 0x66, 0x78, 0x45, 0x78, 0x63, 0x61, 0x6C,
    0x69, 0x62, 0x75, 0x72, 0x53, 0x43, 0x52, 0x00, 0x65, 0x66, 0x78, 0x45,
    0x78, 0x63, 0x61, 0x6C, 0x69, 0x62, 0x75, 0x72, 0x53, 0x43, 0x52, 0x32,
    0x00, 0x00, 0x00, 0x00, 0x65, 0x66, 0x78, 0x45, 0x78, 0x63, 0x61, 0x6C,
    0x69, 0x62, 0x75, 0x72, 0x42, 0x47, 0x32, 0x00, 0x65, 0x66, 0x78, 0x45,
    0x78, 0x63, 0x61, 0x6C, 0x69, 0x62, 0x75, 0x72, 0x42, 0x47, 0x43, 0x4F,
    0x4C, 0x32, 0x00, 0x00, 0x00, 0x00, 0x06, 0x00, 0x01, 0x00, 0x02, 0x00,
    0x02, 0x00, 0x02, 0x00, 0x03, 0x00, 0x02, 0x00, 0xFF, 0xFF, 0x00, 0x00,
    0x65, 0x66, 0x78, 0x45, 0x78, 0x63, 0x61, 0x6C, 0x69, 0x62, 0x75, 0x72,
    0x42, 0x47, 0x33, 0x00, 0x65, 0x66, 0x78, 0x45, 0x78, 0x63, 0x61, 0x6C,
    0x69, 0x62, 0x75, 0x72, 0x42, 0x47, 0x43, 0x4F, 0x4C, 0x33, 0x00, 0x00,
    0x00, 0x00, 0x06, 0x00, 0x01, 0x00, 0x02, 0x00, 0x02, 0x00, 0x02, 0x00,
    0x03, 0x00, 0x02, 0x00, 0xFF, 0xFF, 0x00, 0x00, 0x65, 0x66, 0x78, 0x45,
    0x78, 0x63, 0x61, 0x6C, 0x69, 0x62, 0x75, 0x72, 0x4F, 0x42, 0x4A, 0x00,
    0x65, 0x66, 0x78, 0x45, 0x78, 0x63, 0x61, 0x6C, 0x69, 0x62, 0x75, 0x72,
    0x42, 0x47, 0x30, 0x00, 0x00, 0x00, 0x3C, 0x00, 0xFF, 0xFF, 0x00, 0x00,
    0x65, 0x66, 0x78, 0x47, 0x65, 0x73, 0x70, 0x65, 0x6E, 0x73, 0x74, 0x00,
    0x65, 0x66, 0x78, 0x47, 0x65, 0x73, 0x70, 0x65, 0x6E, 0x73, 0x74, 0x42,
    0x47, 0x00, 0x00, 0x00, 0x03, 0x00, 0x01, 0x00, 0x03, 0x00, 0x02, 0x00,
    0x03, 0x00, 0x03, 0x00, 0x03, 0x00, 0x04, 0x00, 0x03, 0x00, 0x05, 0x00,
    0x03, 0x00, 0x06, 0x00, 0x03, 0x00, 0x07, 0x00, 0x03, 0x00, 0x08, 0x00,
    0x03, 0x00, 0x09, 0x00, 0x03, 0x00, 0x0A, 0x00, 0x03, 0x00, 0x0B, 0x00,
    0x03, 0x00, 0x09, 0x00, 0x03, 0x00, 0x0A, 0x00, 0x03, 0x00, 0x0B, 0x00,
    0x03, 0x00, 0x09, 0x00, 0x03, 0x00, 0x0A, 0x00, 0x03, 0x00, 0x0B, 0x00,
    0x03, 0x00, 0x09, 0x00, 0x03, 0x00, 0x0A, 0x00, 0x03, 0x00, 0x0B, 0x00,
    0x03, 0x00, 0xFF, 0xFF, 0x65, 0x66, 0x78, 0x47, 0x65, 0x73, 0x70, 0x65,
    0x6E, 0x73, 0x74, 0x42, 0x47, 0x32, 0x00, 0x00, 0x65, 0x66, 0x78, 0x47,
    0x65, 0x73, 0x70, 0x65, 0x6E, 0x73, 0x74, 0x42, 0x47, 0x34, 0x00, 0x00,
    0x65, 0x66, 0x78, 0x47, 0x65, 0x73, 0x70, 0x65, 0x6E, 0x73, 0x74, 0x42,
    0x47, 0x43, 0x4F, 0x4C, 0x32, 0x00, 0x00, 0x00, 0x01, 0x00, 0x01, 0x00,
    0x01, 0x00, 0x02, 0x00, 0x01, 0x00, 0x03, 0x00, 0x01, 0x00, 0x04, 0x00,
    0x01, 0x00, 0x05, 0x00, 0x01, 0x00, 0x06, 0x00, 0x01, 0x00, 0x07, 0x00,
    0x01, 0x00, 0x08, 0x00, 0x01, 0x00, 0x09, 0x00, 0x01, 0x00, 0x00, 0x00,
    0x02, 0x00, 0x01, 0x00, 0x02, 0x00, 0x02, 0x00, 0x02, 0x00, 0x03, 0x00,
    0x02, 0x00, 0x04, 0x00, 0x02, 0x00, 0x05, 0x00, 0x02, 0x00, 0x06, 0x00,
    0x02, 0x00, 0x07, 0x00, 0x02, 0x00, 0x08, 0x00, 0x02, 0x00, 0x09, 0x00,
    0x02, 0x00, 0xFF, 0xFF, 0x65, 0x66, 0x78, 0x47, 0x65, 0x73, 0x70, 0x65,
    0x6E, 0x73, 0x74, 0x4F, 0x42, 0x4A, 0x00, 0x00, 0x65, 0x66, 0x78, 0x47,
    0x65, 0x73, 0x70, 0x65, 0x6E, 0x73, 0x74, 0x4F, 0x42, 0x4A, 0x32, 0x00,
    0x65, 0x66, 0x78, 0x4F, 0x75, 0x72, 0x61, 0x00, 0x65, 0x66, 0x78, 0x4F,
    0x75, 0x72, 0x61, 0x42, 0x47, 0x00, 0x00, 0x00, 0x01, 0x00, 0x01, 0x00,
    0x01, 0x00, 0x02, 0x00, 0x01, 0x00, 0x03, 0x00, 0x01, 0x00, 0x04, 0x00,
    0x01, 0x00, 0x05, 0x00, 0x01, 0x00, 0x06, 0x00, 0x01, 0x00, 0x07, 0x00,
    0x01, 0x00, 0x08, 0x00, 0x01, 0x00, 0x09, 0x00, 0x01, 0x00, 0x0A, 0x00,
    0x01, 0x00, 0xFF, 0xFF, 0x0B, 0x00, 0x1E, 0x00, 0x0C, 0x00, 0x03, 0x00,
    0x0D, 0x00, 0x03, 0x00, 0x0E, 0x00, 0x03, 0x00, 0x0F, 0x00, 0x03, 0x00,
    0x10, 0x00, 0x14, 0x00, 0x11, 0x00, 0x03, 0x00, 0x12, 0x00, 0x01, 0x00,
    0x13, 0x00, 0x01, 0x00, 0x14, 0x00, 0x01, 0x00, 0x15, 0x00, 0x01, 0x00,
    0x16, 0x00, 0x01, 0x00, 0xFF, 0xFF, 0x0B, 0x00, 0x0A, 0x00, 0x17, 0x00,
    0x03, 0x00, 0x18, 0x00, 0x03, 0x00, 0x19, 0x00, 0x03, 0x00, 0x1A, 0x00,
    0x03, 0x00, 0x1B, 0x00, 0x14, 0x00, 0xFF, 0xFF, 0x65, 0x66, 0x78, 0x4F,
    0x75, 0x72, 0x61, 0x42, 0x47, 0x32, 0x00, 0x00, 0x65, 0x66, 0x78, 0x4F,
    0x75, 0x72, 0x61, 0x42, 0x47, 0x43, 0x4F, 0x4C, 0x00, 0x00, 0x03, 0x00,
    0x02, 0x00, 0x02, 0x00, 0x01, 0x00, 0x01, 0x00, 0x01, 0x00, 0x00, 0x00,
    0x01, 0x00, 0xFF, 0xFF, 0x65, 0x66, 0x78, 0x4F, 0x75, 0x72, 0x61, 0x42,
    0x47, 0x33, 0x00, 0x00, 0x00, 0x00, 0x02, 0x00, 0x01, 0x00, 0x02, 0x00,
    0x02, 0x00, 0x02, 0x00, 0x03, 0x00, 0x02, 0x00, 0x04, 0x00, 0x02, 0x00,
    0x05, 0x00, 0x02, 0x00, 0x06, 0x00, 0x02, 0x00, 0x07, 0x00, 0x02, 0x00,
    0x08, 0x00, 0x02, 0x00, 0x09, 0x00, 0x02, 0x00, 0x0A, 0x00, 0x02, 0x00,
    0x0B, 0x00, 0x02, 0x00, 0x08, 0x00, 0x02, 0x00, 0x09, 0x00, 0x02, 0x00,
    0x0A, 0x00, 0x02, 0x00, 0x0B, 0x00, 0x02, 0x00, 0x08, 0x00, 0x02, 0x00,
    0x09, 0x00, 0x02, 0x00, 0x0A, 0x00, 0x02, 0x00, 0x0B, 0x00, 0x02, 0x00,
    0x08, 0x00, 0x02, 0x00, 0x09, 0x00, 0x02, 0x00, 0x0A, 0x00, 0x02, 0x00,
    0x0B, 0x00, 0x02, 0x00, 0x08, 0x00, 0x02, 0x00, 0x09, 0x00, 0x02, 0x00,
    0x0A, 0x00, 0x02, 0x00, 0x0B, 0x00, 0x02, 0x00, 0xFF, 0xFF, 0x00, 0x00,
    0x65, 0x66, 0x78, 0x4C, 0x75, 0x63, 0x65, 0x00, 0x65, 0x66, 0x78, 0x4C,
    0x75, 0x63, 0x65, 0x42, 0x47, 0x00, 0x00, 0x00, 0x01, 0x00, 0x01, 0x00,
    0x01, 0x00, 0x02, 0x00, 0x01, 0x00, 0x03, 0x00, 0x01, 0x00, 0x04, 0x00,
    0x01, 0x00, 0x05, 0x00, 0x01, 0x00, 0x06, 0x00, 0x01, 0x00, 0x07, 0x00,
    0x01, 0x00, 0x08, 0x00, 0x01, 0x00, 0x09, 0x00, 0x01, 0x00, 0x0A, 0x00,
    0x01, 0x00, 0x0B, 0x00, 0x01, 0x00, 0xFF, 0xFF, 0x65, 0x66, 0x78, 0x4C,
    0x75, 0x63, 0x65, 0x42, 0x47, 0x32, 0x00, 0x00, 0x65, 0x66, 0x78, 0x4C,
    0x75, 0x63, 0x65, 0x4F, 0x42, 0x4A, 0x00, 0x00, 0x65, 0x66, 0x78, 0x4C,
    0x75, 0x63, 0x65, 0x57, 0x4F, 0x55, 0x54, 0x00, 0x65, 0x66, 0x78, 0x4C,
    0x75, 0x63, 0x65, 0x42, 0x47, 0x43, 0x4F, 0x4C, 0x00, 0x00, 0x00, 0x00,
    0x03, 0x00, 0x01, 0x00, 0x03, 0x00, 0x02, 0x00, 0x03, 0x00, 0x03, 0x00,
    0x03, 0x00, 0x04, 0x00, 0x03, 0x00, 0x05, 0x00, 0x03, 0x00, 0x06, 0x00,
    0x03, 0x00, 0x07, 0x00, 0x03, 0x00, 0x08, 0x00, 0x03, 0x00, 0x09, 0x00,
    0x03, 0x00, 0x0A, 0x00, 0x03, 0x00, 0x0B, 0x00, 0x03, 0x00, 0x0C, 0x00,
    0x03, 0x00, 0x0D, 0x00, 0x03, 0x00, 0x0E, 0x00, 0x03, 0x00, 0xFE, 0xFF,
    0x65, 0x66, 0x78, 0x53, 0x75, 0x70, 0x65, 0x72, 0x64, 0x72, 0x75, 0x69,
    0x64, 0x00, 0x00, 0x00, 0x65, 0x66, 0x78, 0x53, 0x75, 0x70, 0x65, 0x72,
    0x64, 0x72, 0x75, 0x69, 0x64, 0x4F, 0x42, 0x4A, 0x52, 0x4E, 0x44, 0x00,
    0x65, 0x66, 0x78, 0x53, 0x75, 0x70, 0x65, 0x72, 0x64, 0x72, 0x75, 0x69,
    0x64, 0x4F, 0x42, 0x4A, 0x00, 0x00, 0x00, 0x00, 0x65, 0x66, 0x78, 0x53,
    0x75, 0x70, 0x65, 0x72, 0x64, 0x72, 0x75, 0x69, 0x64, 0x4F, 0x42, 0x4A,
    0x31, 0x00, 0x00, 0x00, 0x65, 0x66, 0x78, 0x53, 0x75, 0x70, 0x65, 0x72,
    0x64, 0x72, 0x75, 0x69, 0x64, 0x42, 0x47, 0x00, 0x00, 0x00, 0x03, 0x00,
    0x01, 0x00, 0x03, 0x00, 0x02, 0x00, 0x03, 0x00, 0x03, 0x00, 0x03, 0x00,
    0x04, 0x00, 0x03, 0x00, 0x05, 0x00, 0x03, 0x00, 0x06, 0x00, 0x03, 0x00,
    0x07, 0x00, 0x03, 0x00, 0x08, 0x00, 0x03, 0x00, 0x09, 0x00, 0x03, 0x00,
    0x02, 0x00, 0x03, 0x00, 0x03, 0x00, 0x03, 0x00, 0x04, 0x00, 0x03, 0x00,
    0x05, 0x00, 0x03, 0x00, 0x06, 0x00, 0x03, 0x00, 0x07, 0x00, 0x03, 0x00,
    0x08, 0x00, 0x03, 0x00, 0x09, 0x00, 0x03, 0x00, 0x02, 0x00, 0x03, 0x00,
    0x03, 0x00, 0x03, 0x00, 0x04, 0x00, 0x03, 0x00, 0x05, 0x00, 0x03, 0x00,
    0x06, 0x00, 0x03, 0x00, 0x07, 0x00, 0x03, 0x00, 0x08, 0x00, 0x03, 0x00,
    0x09, 0x00, 0x03, 0x00, 0x02, 0x00, 0x03, 0x00, 0x03, 0x00, 0x03, 0x00,
    0x04, 0x00, 0x03, 0x00, 0x05, 0x00, 0x03, 0x00, 0x06, 0x00, 0x03, 0x00,
    0x07, 0x00, 0x03, 0x00, 0x08, 0x00, 0x03, 0x00, 0x09, 0x00, 0x03, 0x00,
    0x02, 0x00, 0x03, 0x00, 0x03, 0x00, 0x03, 0x00, 0x04, 0x00, 0x03, 0x00,
    0x05, 0x00, 0x03, 0x00, 0x06, 0x00, 0x03, 0x00, 0x07, 0x00, 0x03, 0x00,
    0x08, 0x00, 0x03, 0x00, 0x09, 0x00, 0x03, 0x00, 0x02, 0x00, 0x03, 0x00,
    0xFF, 0xFF, 0x00, 0x00, 0x65, 0x66, 0x78, 0x53, 0x75, 0x70, 0x65, 0x72,
    0x64, 0x72, 0x75, 0x69, 0x64, 0x42, 0x47, 0x33, 0x00, 0x00, 0x00, 0x00,
    0x01, 0x00, 0x01, 0x00, 0x01, 0x00, 0x02, 0x00, 0x01, 0x00, 0x03, 0x00,
    0x01, 0x00, 0x04, 0x00, 0x01, 0x00, 0x05, 0x00, 0x01, 0x00, 0x06, 0x00,
    0x01, 0x00, 0x07, 0x00, 0x01, 0x00, 0x08, 0x00, 0x01, 0x00, 0x09, 0x00,
    0x03, 0x00, 0xFF, 0xFF, 0x65, 0x66, 0x78, 0x53, 0x75, 0x70, 0x65, 0x72,
    0x64, 0x72, 0x75, 0x69, 0x64, 0x57, 0x4F, 0x55, 0x54, 0x00, 0x00, 0x00,
    0x65, 0x66, 0x78, 0x53, 0x75, 0x70, 0x65, 0x72, 0x64, 0x72, 0x75, 0x69,
    0x64, 0x4F, 0x42, 0x4A, 0x32, 0x00, 0x00, 0x00, 0x65, 0x66, 0x78, 0x53,
    0x75, 0x70, 0x65, 0x72, 0x64, 0x72, 0x75, 0x69, 0x64, 0x4F, 0x42, 0x4A,
    0x33, 0x00, 0x00, 0x00,
};
u8 frontier_df4_misc_lo_009_0E37C5[] __attribute__((section(".data.frontier_df4_misc_lo.gap9"))) = {
    0x00, 0x00, 0x00, 0x65, 0x66, 0x78, 0x49, 0x76, 0x61, 0x6C, 0x64, 0x69,
    0x00, 0x00, 0x00, 0x65, 0x66, 0x78, 0x49, 0x76, 0x61, 0x6C, 0x64, 0x69,
    0x42, 0x47, 0x31, 0x00, 0x00, 0x0B, 0x00, 0x02, 0x00, 0x0A, 0x00, 0x02,
    0x00, 0x09, 0x00, 0x02, 0x00, 0x08, 0x00, 0x02, 0x00, 0x07, 0x00, 0x02,
    0x00, 0x06, 0x00, 0x02, 0x00, 0x05, 0x00, 0x02, 0x00, 0x04, 0x00, 0x02,
    0x00, 0x03, 0x00, 0x02, 0x00, 0x02, 0x00, 0x02, 0x00, 0x01, 0x00, 0x02,
    0x00, 0x00, 0x00, 0x02, 0x00, 0xFF, 0xFF, 0x65, 0x66, 0x78, 0x49, 0x76,
    0x61, 0x6C, 0x64, 0x69, 0x42, 0x47, 0x32, 0x00, 0x00, 0x01, 0x00, 0x02,
    0x00, 0x00, 0x00, 0x14, 0x00, 0x02, 0x00, 0x02, 0x00, 0x00, 0x00, 0x0A,
    0x00, 0x03, 0x00, 0x02, 0x00, 0x00, 0x00, 0x05, 0x00, 0x04, 0x00, 0x02,
    0x00, 0xFF, 0xFF, 0x65, 0x66, 0x78, 0x49, 0x76, 0x61, 0x6C, 0x64, 0x69,
    0x42, 0x47, 0x33, 0x00, 0x00, 0x00, 0x00, 0x05, 0x00, 0x01, 0x00, 0x05,
    0x00, 0x02, 0x00, 0x05, 0x00, 0x03, 0x00, 0x05, 0x00, 0x04, 0x00, 0x05,
    0x00, 0x05, 0x00, 0x05, 0x00, 0x06, 0x00, 0x37, 0x00, 0x07, 0x00, 0x04,
    0x00, 0x08, 0x00, 0x02, 0x00, 0x09, 0x00, 0x02, 0x00, 0x0A, 0x00, 0x02,
    0x00, 0xFF, 0xFF, 0x65, 0x66, 0x78, 0x49, 0x76, 0x61, 0x6C, 0x64, 0x69,
    0x42, 0x47, 0x34, 0x00, 0x00, 0x00, 0x00, 0x78, 0x00, 0xFF, 0xFF, 0x65,
    0x66, 0x78, 0x49, 0x76, 0x61, 0x6C, 0x64, 0x69, 0x4F, 0x42, 0x4A, 0x46,
    0x61, 0x6C, 0x6C, 0x00, 0x00, 0x00, 0x00, 0x65, 0x66, 0x78, 0x49, 0x76,
    0x61, 0x6C, 0x64, 0x69, 0x4F, 0x42, 0x4A, 0x53, 0x69, 0x64, 0x65, 0x57,
    0x61, 0x73, 0x68, 0x00, 0x00, 0x00, 0x00, 0x65, 0x66, 0x78, 0x49, 0x76,
    0x61, 0x6C, 0x64, 0x69, 0x4F, 0x42, 0x4A, 0x55, 0x70, 0x72, 0x69, 0x73,
    0x65, 0x00, 0x00, 0x65, 0x66, 0x78, 0x49, 0x76, 0x61, 0x6C, 0x64, 0x69,
    0x4F, 0x42, 0x4A, 0x31, 0x00, 0x00, 0x00,
};
/* split for StartSubSpell_efxIvaldiOBJ1 local AnimScr root array (0E38E0..0E3910, 48 B) */
u8 frontier_df4_misc_lo_009aa_0E3910[] __attribute__((section(".data.frontier_df4_misc_lo.gap9aa"))) = {
    0x65, 0x66, 0x78, 0x49, 0x76, 0x61, 0x6C, 0x64, 0x69, 0x4F, 0x42, 0x4A,
    0x32, 0x00, 0x00, 0x00,
};
/* split for StartSubSpell_efxIvaldiOBJ2 gEfxmagicIvaldi_0 rodata (0E3920..0E3928, 8 B) */
u8 frontier_df4_misc_lo_009ab_0E3928[] __attribute__((section(".data.frontier_df4_misc_lo.gap9ab"))) = {
    0x65, 0x66, 0x78, 0x49, 0x76, 0x61, 0x6C, 0x64, 0x69, 0x57, 0x4F, 0x55,
    0x54, 0x00, 0x00, 0x00, 0x65, 0x66, 0x78, 0x4D, 0x61, 0x6F, 0x68, 0x46,
    0x6C, 0x61, 0x73, 0x68, 0x00, 0x00, 0x00, 0x00, 0x65, 0x66, 0x78, 0x4D,
    0x61, 0x6F, 0x68, 0x46, 0x6C, 0x61, 0x73, 0x68, 0x42, 0x47, 0x31, 0x00,
    0x00, 0x00, 0x04, 0x00, 0x01, 0x00, 0x04, 0x00, 0x02, 0x00, 0x04, 0x00,
    0x03, 0x00, 0x04, 0x00, 0x04, 0x00, 0x04, 0x00, 0x05, 0x00, 0x04, 0x00,
    0x06, 0x00, 0x04, 0x00, 0x07, 0x00, 0x04, 0x00, 0x08, 0x00, 0x04, 0x00,
    0x09, 0x00, 0x04, 0x00, 0x0A, 0x00, 0x04, 0x00, 0x0B, 0x00, 0x04, 0x00,
    0x0C, 0x00, 0x04, 0x00, 0x0D, 0x00, 0x04, 0x00, 0x0E, 0x00, 0x04, 0x00,
    0x0F, 0x00, 0x04, 0x00, 0x10, 0x00, 0x06, 0x00, 0x11, 0x00, 0x06, 0x00,
    0x12, 0x00, 0x06, 0x00, 0x13, 0x00, 0x06, 0x00, 0x14, 0x00, 0x05, 0x00,
    0x15, 0x00, 0x05, 0x00, 0x16, 0x00, 0x05, 0x00, 0x17, 0x00, 0x05, 0x00,
    0x18, 0x00, 0x04, 0x00, 0x19, 0x00, 0x04, 0x00, 0x1A, 0x00, 0x04, 0x00,
    0x1B, 0x00, 0x04, 0x00, 0x1C, 0x00, 0x03, 0x00, 0x1D, 0x00, 0x03, 0x00,
    0x1E, 0x00, 0x03, 0x00, 0x1F, 0x00, 0x03, 0x00, 0xFF, 0xFF, 0x00, 0x00,
    0x65, 0x66, 0x78, 0x4D, 0x61, 0x6F, 0x68, 0x46, 0x6C, 0x61, 0x73, 0x68,
    0x42, 0x47, 0x32, 0x00, 0x00, 0x00, 0x02, 0x00, 0x01, 0x00, 0x02, 0x00,
    0x02, 0x00, 0x78, 0x00, 0xFF, 0xFF, 0x00, 0x00, 0x65, 0x66, 0x78, 0x4D,
    0x61, 0x6F, 0x68, 0x46, 0x6C, 0x61, 0x73, 0x68, 0x42, 0x47, 0x33, 0x00,
    0x00, 0x00, 0x06, 0x00, 0x01, 0x00, 0x06, 0x00, 0x02, 0x00, 0x06, 0x00,
    0x03, 0x00, 0x06, 0x00, 0x04, 0x00, 0x06, 0x00, 0x03, 0x00, 0x06, 0x00,
    0x02, 0x00, 0x06, 0x00, 0x01, 0x00, 0x06, 0x00, 0x00, 0x00, 0x06, 0x00,
    0xFF, 0xFF, 0x00, 0x00, 0x65, 0x66, 0x78, 0x4D, 0x61, 0x6F, 0x68, 0x46,
    0x6C, 0x61, 0x73, 0x68, 0x42, 0x47, 0x34, 0x00, 0x00, 0x00, 0x02, 0x00,
    0x01, 0x00, 0x02, 0x00, 0x02, 0x00, 0x02, 0x00, 0x03, 0x00, 0x02, 0x00,
    0x04, 0x00, 0x02, 0x00, 0x05, 0x00, 0x02, 0x00, 0x06, 0x00, 0x03, 0x00,
    0x07, 0x00, 0x04, 0x00, 0xFF, 0xFF, 0x00, 0x00, 0x65, 0x66, 0x78, 0x4D,
    0x61, 0x6F, 0x68, 0x46, 0x6C, 0x61, 0x73, 0x68, 0x57, 0x4F, 0x55, 0x54,
    0x00, 0x00, 0x00, 0x00, 0x65, 0x66, 0x78, 0x4D, 0x61, 0x6F, 0x68, 0x46,
    0x6C, 0x61, 0x73, 0x68, 0x42, 0x47, 0x43, 0x4F, 0x4C, 0x00, 0x00, 0x00,
    0x01, 0x00, 0x01, 0x00, 0x01, 0x00, 0x02, 0x00, 0x01, 0x00, 0x03, 0x00,
    0x01, 0x00, 0x04, 0x00, 0x01, 0x00, 0x05, 0x00, 0x01, 0x00, 0x06, 0x00,
    0x01, 0x00, 0x07, 0x00, 0x01, 0x00, 0x08, 0x00, 0x01, 0x00, 0x09, 0x00,
    0x01, 0x00, 0x0A, 0x00, 0x01, 0x00, 0x0B, 0x00, 0x01, 0x00, 0x0C, 0x00,
    0x01, 0x00, 0x0D, 0x00, 0x01, 0x00, 0x0E, 0x00, 0x01, 0x00, 0x0F, 0x00,
    0x01, 0x00, 0x0E, 0x00, 0x01, 0x00, 0x0D, 0x00, 0x01, 0x00, 0x0C, 0x00,
    0x01, 0x00, 0x0B, 0x00, 0x01, 0x00, 0x0A, 0x00, 0x01, 0x00, 0x09, 0x00,
    0x01, 0x00, 0x08, 0x00, 0x01, 0x00, 0x07, 0x00, 0x01, 0x00, 0x06, 0x00,
    0x01, 0x00, 0x05, 0x00, 0x01, 0x00, 0x04, 0x00, 0x01, 0x00, 0x03, 0x00,
    0x01, 0x00, 0x02, 0x00, 0x01, 0x00, 0x01, 0x00, 0x01, 0x00, 0x00, 0x00,
    0x01, 0x00, 0x01, 0x00, 0x01, 0x00, 0x02, 0x00, 0x01, 0x00, 0x03, 0x00,
    0x01, 0x00, 0x04, 0x00, 0x01, 0x00, 0x05, 0x00, 0x01, 0x00, 0x06, 0x00,
    0x01, 0x00, 0x07, 0x00, 0x01, 0x00, 0x08, 0x00, 0x01, 0x00, 0x09, 0x00,
    0x01, 0x00, 0x0A, 0x00, 0x01, 0x00, 0x0B, 0x00, 0x01, 0x00, 0x0C, 0x00,
    0x01, 0x00, 0x0D, 0x00, 0x01, 0x00, 0x0E, 0x00, 0x01, 0x00, 0x0F, 0x00,
    0x01, 0x00, 0x0E, 0x00, 0x01, 0x00, 0x0D, 0x00, 0x01, 0x00, 0x0C, 0x00,
    0x01, 0x00, 0x0B, 0x00, 0x01, 0x00, 0x0A, 0x00, 0x01, 0x00, 0x09, 0x00,
    0x01, 0x00, 0x08, 0x00, 0x01, 0x00, 0x07, 0x00, 0x01, 0x00, 0x06, 0x00,
    0x01, 0x00, 0x05, 0x00, 0x01, 0x00, 0x04, 0x00, 0x01, 0x00, 0x03, 0x00,
    0x01, 0x00, 0x02, 0x00, 0x01, 0x00, 0x01, 0x00, 0x01, 0x00, 0x00, 0x00,
    0x01, 0x00, 0xFF, 0xFF, 0x65, 0x66, 0x78, 0x4D, 0x61, 0x6F, 0x68, 0x46,
    0x6C, 0x61, 0x73, 0x68, 0x45, 0x79, 0x65, 0x52, 0x4F, 0x42, 0x4A, 0x32,
    0x00, 0x00, 0x00, 0x00,
};
u8 frontier_df4_misc_lo_009b_0E3BA4[] __attribute__((section(".data.frontier_df4_misc_lo.gap9b"))) = {
    0x65, 0x66, 0x78, 0x4D, 0x61, 0x6F, 0x68, 0x46, 0x6C, 0x61, 0x73, 0x68,
    0x45, 0x79, 0x65, 0x4C, 0x4F, 0x42, 0x4A, 0x32, 0x00, 0x00, 0x00, 0x00,
};
u8 frontier_df4_misc_lo_009c_0E3BC4[] __attribute__((section(".data.frontier_df4_misc_lo.gap9c"))) = {
    0x65, 0x66, 0x78, 0x4D, 0x61, 0x6F, 0x68, 0x46, 0x6C, 0x61, 0x73, 0x68,
    0x45, 0x79, 0x65, 0x4F, 0x42, 0x4A, 0x31, 0x00,
};
u8 frontier_df4_misc_lo_009d_0E3BE0[] __attribute__((section(".data.frontier_df4_misc_lo.gap9d"))) = {
    0x65, 0x66, 0x78, 0x4D, 0x61, 0x6F, 0x68, 0x46, 0x6C, 0x61, 0x73, 0x68,
    0x45, 0x79, 0x65, 0x46, 0x69, 0x72, 0x65, 0x31, 0x4F, 0x42, 0x4A, 0x31,
    0x00, 0x00, 0x00, 0x00,
};
u8 frontier_df4_misc_lo_009e_0E3C04[] __attribute__((section(".data.frontier_df4_misc_lo.gap9e"))) = {
    0x65, 0x66, 0x78, 0x4D, 0x61, 0x6F, 0x68, 0x46, 0x6C, 0x61, 0x73, 0x68,
    0x45, 0x79, 0x65, 0x46, 0x69, 0x72, 0x65, 0x32, 0x4F, 0x42, 0x4A, 0x31,
    0x00, 0x00, 0x00, 0x00,
};
u8 frontier_df4_misc_lo_009f_0E3C28[] __attribute__((section(".data.frontier_df4_misc_lo.gap9f"))) = {
    0x65, 0x66, 0x78, 0x4D, 0x61, 0x6F, 0x68, 0x46, 0x6C, 0x61, 0x73, 0x68,
    0x54, 0x68, 0x75, 0x6E, 0x64, 0x65, 0x72, 0x4F, 0x42, 0x4A, 0x00, 0x00,
    0x65, 0x66, 0x78, 0x4D, 0x61, 0x6F, 0x68, 0x46, 0x6C, 0x61, 0x73, 0x68,
    0x54, 0x68, 0x75, 0x6E, 0x64, 0x65, 0x72, 0x4F, 0x42, 0x4A, 0x32, 0x00,
    0x65, 0x66, 0x78, 0x53, 0x74, 0x6F, 0x6E, 0x65, 0x00, 0x00, 0x00, 0x00,
    0x65, 0x66, 0x78, 0x53, 0x74, 0x6F, 0x6E, 0x65, 0x42, 0x47, 0x00, 0x00,
    0x00, 0x00, 0x04, 0x00, 0x01, 0x00, 0x04, 0x00, 0x02, 0x00, 0x04, 0x00,
    0x03, 0x00, 0x04, 0x00, 0x04, 0x00, 0x04, 0x00, 0x05, 0x00, 0x04, 0x00,
    0x06, 0x00, 0x04, 0x00, 0x07, 0x00, 0x04, 0x00, 0x08, 0x00, 0x04, 0x00,
    0x09, 0x00, 0x04, 0x00, 0x0A, 0x00, 0x04, 0x00, 0x0B, 0x00, 0x04, 0x00,
    0x0C, 0x00, 0x04, 0x00, 0x0D, 0x00, 0x04, 0x00, 0x0E, 0x00, 0x04, 0x00,
    0x0F, 0x00, 0x04, 0x00, 0x10, 0x00, 0x04, 0x00, 0x11, 0x00, 0x04, 0x00,
    0x12, 0x00, 0x04, 0x00, 0xFF, 0xFF, 0x00, 0x00, 0x65, 0x66, 0x78, 0x53,
    0x74, 0x6F, 0x6E, 0x65, 0x4F, 0x42, 0x4A, 0x00,
};
u8 frontier_df4_misc_lo_010_0E3CD7[] __attribute__((section(".data.frontier_df4_misc_lo.gap10"))) = {
    0x00, 0x65, 0x66, 0x78, 0x45, 0x76, 0x69, 0x6C, 0x45, 0x79, 0x65, 0x42,
    0x47, 0x00, 0x00, 0x00, 0x00, 0x03, 0x00, 0x01, 0x00, 0x03, 0x00, 0x02,
    0x00, 0x03, 0x00, 0x03, 0x00, 0x03, 0x00, 0x04, 0x00, 0x03, 0x00, 0x05,
    0x00, 0x03, 0x00, 0x06, 0x00, 0x03, 0x00, 0x07, 0x00, 0x03, 0x00, 0x08,
    0x00, 0x03, 0x00, 0x09, 0x00, 0x03, 0x00, 0x0A, 0x00, 0x03, 0x00, 0x0B,
    0x00, 0x03, 0x00, 0x0C, 0x00, 0x03, 0x00, 0x0D, 0x00, 0x03, 0x00, 0x0E,
    0x00, 0x03, 0x00, 0x0F, 0x00, 0x03, 0x00, 0x10, 0x00, 0x03, 0x00, 0x11,
    0x00, 0x03, 0x00, 0x12, 0x00, 0x03, 0x00, 0x13, 0x00, 0x03, 0x00, 0xFF,
    0xFF, 0x65, 0x66, 0x78, 0x45, 0x76, 0x69, 0x6C, 0x45, 0x79, 0x65, 0x42,
    0x47, 0x32, 0x00, 0x00, 0x00, 0x02, 0x00, 0x01, 0x00, 0x02, 0x00, 0x02,
    0x00, 0x02, 0x00, 0x03, 0x00, 0x02, 0x00, 0x04, 0x00, 0x02, 0x00, 0x05,
    0x00, 0x02, 0x00, 0xFF, 0xFF, 0x65, 0x66, 0x78, 0x45, 0x76, 0x69, 0x6C,
    0x45, 0x79, 0x65, 0x4F, 0x42, 0x4A, 0x00, 0x00, 0x00,
};
u8 frontier_df4_misc_lo_010b_0E3D78[] __attribute__((section(".data.frontier_df4_misc_lo.gap10b"))) = {
    0x65, 0x66, 0x78, 0x4E, 0x61, 0x67, 0x6C, 0x66, 0x61, 0x72, 0x00, 0x00,
    0x65, 0x66, 0x78, 0x4E, 0x61, 0x67, 0x6C, 0x66, 0x61, 0x72, 0x42, 0x47,
    0x00, 0x00, 0x00, 0x00, 0x3C, 0x00, 0xFF, 0xFF, 0x65, 0x66, 0x78, 0x4E,
    0x61, 0x67, 0x6C, 0x66, 0x61, 0x72, 0x42, 0x47, 0x32, 0x00, 0x00, 0x00,
    0x04, 0x00, 0x01, 0x00, 0x04, 0x00, 0x02, 0x00, 0x04, 0x00, 0x03, 0x00,
    0x04, 0x00, 0x04, 0x00, 0x04, 0x00, 0x05, 0x00, 0x04, 0x00, 0x06, 0x00,
    0x04, 0x00, 0x07, 0x00, 0x04, 0x00, 0x08, 0x00, 0x04, 0x00, 0x09, 0x00,
    0x04, 0x00, 0x0A, 0x00, 0x04, 0x00, 0x0B, 0x00, 0x04, 0x00, 0x0C, 0x00,
    0x04, 0x00, 0x0D, 0x00, 0x04, 0x00, 0x0E, 0x00, 0x04, 0x00, 0x0F, 0x00,
    0x1A, 0x00, 0xFF, 0xFF, 0x65, 0x66, 0x78, 0x4E, 0x61, 0x67, 0x6C, 0x66,
    0x61, 0x72, 0x42, 0x47, 0x33, 0x00, 0x00, 0x00, 0x03, 0x00, 0x01, 0x00,
    0x03, 0x00, 0x02, 0x00, 0x03, 0x00, 0x03, 0x00, 0x03, 0x00, 0x00, 0x00,
    0x03, 0x00, 0x01, 0x00, 0x03, 0x00, 0x02, 0x00, 0x03, 0x00, 0x03, 0x00,
    0x03, 0x00, 0x00, 0x00, 0x03, 0x00, 0x01, 0x00, 0x03, 0x00, 0x02, 0x00,
    0x03, 0x00, 0x03, 0x00, 0x03, 0x00, 0x00, 0x00, 0x03, 0x00, 0x01, 0x00,
    0x03, 0x00, 0x02, 0x00, 0x03, 0x00, 0x03, 0x00, 0x03, 0x00, 0x00, 0x00,
    0x03, 0x00, 0x01, 0x00, 0x03, 0x00, 0x02, 0x00, 0x03, 0x00, 0x03, 0x00,
    0x03, 0x00, 0x00, 0x00, 0x03, 0x00, 0x01, 0x00, 0x03, 0x00, 0x02, 0x00,
    0x03, 0x00, 0x03, 0x00, 0x03, 0x00, 0xFF, 0xFF, 0x65, 0x66, 0x78, 0x4E,
    0x61, 0x67, 0x6C, 0x66, 0x61, 0x72, 0x42, 0x47, 0x34, 0x00, 0x00, 0x00,
    0x02, 0x00, 0x01, 0x00, 0x02, 0x00, 0x02, 0x00, 0x02, 0x00, 0x03, 0x00,
    0x02, 0x00, 0x04, 0x00, 0x02, 0x00, 0x03, 0x00, 0x02, 0x00, 0x02, 0x00,
    0x02, 0x00, 0x01, 0x00, 0x02, 0x00, 0x00, 0x00, 0x02, 0x00, 0x01, 0x00,
    0x02, 0x00, 0x02, 0x00, 0x02, 0x00, 0x03, 0x00, 0x02, 0x00, 0x04, 0x00,
    0x02, 0x00, 0x03, 0x00, 0x02, 0x00, 0x02, 0x00, 0x02, 0x00, 0x01, 0x00,
    0x02, 0x00, 0x00, 0x00, 0x02, 0x00, 0x01, 0x00, 0x02, 0x00, 0x02, 0x00,
    0x02, 0x00, 0xFF, 0xFF, 0x65, 0x66, 0x78, 0x4E, 0x61, 0x67, 0x6C, 0x66,
    0x61, 0x72, 0x4F, 0x42, 0x4A, 0x00, 0x00, 0x00,
};
u32 frontier_df4_misc_lo_010b_0E3D78_1[] __attribute__((section(".data.frontier_df4_misc_lo.gap10b"))) = {
    (u32)&AnimScr_efxNaglfarOBJ,
    (u32)&AnimScr_efxNaglfarOBJ_6,
    (u32)&AnimScr_efxNaglfarOBJ + 8,
    (u32)&AnimScr_efxNaglfarOBJ_6 + 8,
    (u32)&AnimScr_efxNaglfarOBJ + 16,
    (u32)&AnimScr_efxNaglfarOBJ_6 + 16,
    (u32)&AnimScr_efxNaglfarOBJ + 24,
    (u32)&AnimScr_efxNaglfarOBJ_6 + 24,
    (u32)&AnimScr_efxNaglfarOBJ + 32,
    (u32)&AnimScr_efxNaglfarOBJ_6 + 32,
    (u32)&AnimScr_efxNaglfarOBJ + 40,
    (u32)&AnimScr_efxNaglfarOBJ_6 + 40,
};
u8 frontier_df4_misc_lo_010b_0E3D78_2[] __attribute__((section(".data.frontier_df4_misc_lo.gap10b"))) = {
    0x40, 0x00, 0x80, 0x00, 0x20, 0x00, 0x48, 0x00, 0x48, 0x00, 0x18, 0x00,
    0x70, 0x00, 0x10, 0x00, 0x90, 0x00, 0x20, 0x00, 0xB0, 0x00, 0x10, 0x00,
    0xD8, 0x00, 0x40, 0x00, 0xD0, 0x00, 0x68, 0x00, 0x88, 0x00, 0x78, 0x00,
    0x60, 0x00, 0x70, 0x00, 0x65, 0x66, 0x78, 0x4E, 0x61, 0x67, 0x6C, 0x66,
    0x61, 0x72, 0x4F, 0x42, 0x4A, 0x32, 0x00, 0x00,
};
/* split for StartSubSpell_efxNaglfarOBJ2 local AnimScr root array (0E3F2C..0E3F3C, 16 B) */
u8 frontier_df4_misc_lo_010c_0E3F3C[] __attribute__((section(".data.frontier_df4_misc_lo.gap10c"))) = {
    0x65, 0x66, 0x78, 0x4E, 0x61, 0x67, 0x6C, 0x66, 0x61, 0x72, 0x4F, 0x42,
    0x4A, 0x52, 0x6F, 0x63, 0x6B, 0x47, 0x79, 0x72, 0x65, 0x00, 0x00, 0x00,
    0x65, 0x66, 0x78, 0x4E, 0x61, 0x67, 0x6C, 0x66, 0x61, 0x72, 0x42, 0x6C,
    0x61, 0x63, 0x6B, 0x00, 0x65, 0x66, 0x78, 0x44, 0x72, 0x7A, 0x44, 0x72,
    0x61, 0x6B, 0x62, 0x72, 0x65, 0x61, 0x74, 0x68, 0x00, 0x00, 0x00, 0x00,
    0x65, 0x66, 0x78, 0x44, 0x72, 0x7A, 0x44, 0x72, 0x61, 0x6B, 0x62, 0x72,
    0x65, 0x61, 0x74, 0x68, 0x4F, 0x42, 0x4A, 0x00, 0x65, 0x66, 0x78, 0x44,
    0x72, 0x7A, 0x44, 0x72, 0x61, 0x6B, 0x62, 0x72, 0x65, 0x61, 0x74, 0x68,
    0x42, 0x47, 0x00, 0x00, 0x65, 0x66, 0x78, 0x44, 0x72, 0x7A, 0x44, 0x72,
    0x61, 0x6B, 0x62, 0x72, 0x65, 0x61, 0x74, 0x68, 0x42, 0x47, 0x43, 0x4F,
    0x4C, 0x00, 0x00, 0x00, 0x02, 0x00, 0x01, 0x00, 0x02, 0x00, 0x02, 0x00,
    0x02, 0x00, 0x03, 0x00, 0x02, 0x00, 0x04, 0x00, 0x02, 0x00, 0x05, 0x00,
    0x02, 0x00, 0x06, 0x00, 0x02, 0x00, 0x07, 0x00, 0x02, 0x00, 0x08, 0x00,
    0x02, 0x00, 0x07, 0x00, 0x02, 0x00, 0x06, 0x00, 0x02, 0x00, 0x05, 0x00,
    0x02, 0x00, 0x04, 0x00, 0x02, 0x00, 0x03, 0x00, 0x02, 0x00, 0x04, 0x00,
    0x02, 0x00, 0x05, 0x00, 0x02, 0x00, 0x06, 0x00, 0x02, 0x00, 0x05, 0x00,
    0x02, 0x00, 0x04, 0x00, 0x02, 0x00, 0x03, 0x00, 0x02, 0x00, 0x02, 0x00,
    0x02, 0x00, 0x01, 0x00, 0x02, 0x00, 0x00, 0x00, 0x02, 0x00, 0x01, 0x00,
    0x02, 0x00, 0x02, 0x00, 0x02, 0x00, 0x03, 0x00, 0x02, 0x00, 0x04, 0x00,
    0x02, 0x00, 0x05, 0x00, 0x02, 0x00, 0x06, 0x00, 0x02, 0x00, 0x05, 0x00,
    0x02, 0x00, 0x06, 0x00, 0x02, 0x00, 0x04, 0x00, 0x02, 0x00, 0x03, 0x00,
    0x02, 0x00, 0x02, 0x00, 0x02, 0x00, 0x01, 0x00, 0x02, 0x00, 0x00, 0x00,
    0x02, 0x00, 0x01, 0x00, 0x02, 0x00, 0x02, 0x00, 0x02, 0x00, 0x01, 0x00,
    0x02, 0x00, 0x02, 0x00, 0x02, 0x00, 0x03, 0x00, 0x02, 0x00, 0x04, 0x00,
    0x02, 0x00, 0x05, 0x00, 0x02, 0x00, 0x06, 0x00, 0x02, 0x00, 0x07, 0x00,
    0x02, 0x00, 0x08, 0x00, 0x02, 0x00, 0x07, 0x00, 0x02, 0x00, 0x06, 0x00,
    0x02, 0x00, 0x05, 0x00, 0x02, 0x00, 0x04, 0x00, 0x02, 0x00, 0x03, 0x00,
    0x02, 0x00, 0x02, 0x00, 0x02, 0x00, 0x01, 0x00, 0x02, 0x00, 0x00, 0x00,
    0x06, 0x00, 0xFF, 0xFF, 0x65, 0x66, 0x78, 0x44, 0x61, 0x72, 0x6B, 0x47,
    0x72, 0x61, 0x64, 0x6F, 0x00, 0x00, 0x00, 0x00, 0x65, 0x66, 0x78, 0x44,
    0x61, 0x72, 0x6B, 0x47, 0x72, 0x61, 0x64, 0x6F, 0x4D, 0x61, 0x70, 0x46,
    0x61, 0x64, 0x65, 0x4F, 0x75, 0x74, 0x00, 0x00, 0x00, 0x00, 0x18, 0x00,
    0x01, 0x00, 0x04, 0x00, 0x03, 0x00, 0x04, 0x00, 0x04, 0x00, 0x04, 0x00,
    0x05, 0x00, 0x04, 0x00, 0x06, 0x00, 0x04, 0x00, 0x07, 0x00, 0x04, 0x00,
    0x08, 0x00, 0x04, 0x00, 0x09, 0x00, 0x04, 0x00, 0x0A, 0x00, 0x04, 0x00,
    0xFF, 0xFF, 0x00, 0x00, 0x65, 0x66, 0x78, 0x44, 0x61, 0x72, 0x6B, 0x47,
    0x72, 0x61, 0x64, 0x6F, 0x42, 0x47, 0x30, 0x31, 0x00, 0x00, 0x00, 0x00,
    0x06, 0x00, 0x01, 0x00, 0x06, 0x00, 0x02, 0x00, 0x06, 0x00, 0x03, 0x00,
    0x06, 0x00, 0x04, 0x00, 0x06, 0x00, 0x05, 0x00, 0x06, 0x00, 0x06, 0x00,
    0x06, 0x00, 0x07, 0x00, 0x06, 0x00, 0x08, 0x00, 0x06, 0x00, 0x09, 0x00,
    0x06, 0x00, 0x0A, 0x00, 0x06, 0x00, 0x0B, 0x00, 0x06, 0x00, 0x0C, 0x00,
    0x06, 0x00, 0xFA, 0xFF, 0x00, 0x00, 0x0D, 0x00, 0x06, 0x00, 0x0E, 0x00,
    0x06, 0x00, 0x0F, 0x00, 0x06, 0x00, 0xFF, 0xFF, 0x00, 0x00, 0x60, 0x00,
    0xFF, 0xFF, 0x00, 0x00, 0x65, 0x66, 0x78, 0x44, 0x61, 0x72, 0x6B, 0x47,
    0x72, 0x61, 0x64, 0x6F, 0x42, 0x47, 0x30, 0x32, 0x00, 0x00, 0x00, 0x00,
    0x65, 0x66, 0x78, 0x44, 0x61, 0x72, 0x6B, 0x47, 0x72, 0x61, 0x64, 0x6F,
    0x4F, 0x42, 0x4A, 0x30, 0x31, 0x70, 0x69, 0x65, 0x63, 0x65, 0x00, 0x00,
    0x65, 0x66, 0x78, 0x44, 0x61, 0x72, 0x6B, 0x47, 0x72, 0x61, 0x64, 0x6F,
    0x4F, 0x42, 0x4A, 0x30, 0x31, 0x00, 0x00, 0x00, 0x65, 0x66, 0x78, 0x44,
    0x61, 0x72, 0x6B, 0x47, 0x72, 0x61, 0x64, 0x6F, 0x4F, 0x42, 0x4A, 0x30,
    0x32, 0x70, 0x69, 0x65, 0x63, 0x65, 0x00, 0x00, 0x65, 0x66, 0x78, 0x44,
    0x61, 0x72, 0x6B, 0x47, 0x72, 0x61, 0x64, 0x6F, 0x4F, 0x42, 0x4A, 0x30,
    0x32, 0x00, 0x00, 0x00, 0x65, 0x66, 0x78, 0x43, 0x72, 0x69, 0x6D, 0x73,
    0x6F, 0x6E, 0x45, 0x79, 0x65, 0x00, 0x00, 0x00, 0x02, 0x00, 0x01, 0x00,
    0x02, 0x00, 0x02, 0x00, 0x02, 0x00, 0x03, 0x00, 0x02, 0x00, 0xFE, 0xFF,
    0x65, 0x66, 0x78, 0x43, 0x72, 0x69, 0x6D, 0x73, 0x6F, 0x6E, 0x45, 0x79,
    0x65, 0x42, 0x47, 0x46, 0x69, 0x6E, 0x69, 0x73, 0x68, 0x31, 0x00, 0x00,
    0x65, 0x66, 0x78, 0x43, 0x72, 0x69, 0x6D, 0x73, 0x6F, 0x6E, 0x45, 0x79,
    0x65, 0x4F, 0x42, 0x4A, 0x46, 0x69, 0x6E, 0x69, 0x73, 0x68, 0x50, 0x69,
    0x65, 0x63, 0x65, 0x00, 0x65, 0x66, 0x78, 0x43, 0x72, 0x69, 0x6D, 0x73,
    0x6F, 0x6E, 0x45, 0x79, 0x65, 0x4F, 0x42, 0x4A, 0x46, 0x69, 0x6E, 0x69,
    0x73, 0x68, 0x00, 0x00, 0x00, 0x00, 0x04, 0x00, 0x01, 0x00, 0x04, 0x00,
    0x02, 0x00, 0x04, 0x00, 0x03, 0x00, 0x04, 0x00, 0x04, 0x00, 0x04, 0x00,
    0x05, 0x00, 0x04, 0x00, 0x06, 0x00, 0x04, 0x00, 0x07, 0x00, 0x24, 0x00,
    0xFF, 0xFF, 0x00, 0x00, 0x65, 0x66, 0x78, 0x43, 0x72, 0x69, 0x6D, 0x73,
    0x6F, 0x6E, 0x45, 0x79, 0x65, 0x42, 0x47, 0x00, 0x65, 0x66, 0x78, 0x43,
    0x72, 0x69, 0x6D, 0x73, 0x6F, 0x6E, 0x45, 0x79, 0x65, 0x4F, 0x42, 0x4A,
    0x00, 0x00, 0x00, 0x00, 0x65, 0x66, 0x78, 0x44, 0x61, 0x72, 0x6B, 0x4C,
    0x6F, 0x6E, 0x67, 0x4D, 0x6F, 0x6E, 0x73, 0x00, 0x00, 0x00, 0x04, 0x00,
    0x01, 0x00, 0x04, 0x00, 0x02, 0x00, 0x04, 0x00, 0x03, 0x00, 0x04, 0x00,
    0x04, 0x00, 0x04, 0x00, 0x05, 0x00, 0x04, 0x00, 0x06, 0x00, 0x04, 0x00,
    0x07, 0x00, 0x04, 0x00, 0x08, 0x00, 0x04, 0x00, 0x09, 0x00, 0x04, 0x00,
    0x0A, 0x00, 0x04, 0x00, 0x0B, 0x00, 0x04, 0x00, 0x0C, 0x00, 0x04, 0x00,
    0x0D, 0x00, 0x04, 0x00, 0x0E, 0x00, 0x04, 0x00, 0x0F, 0x00, 0x04, 0x00,
    0xFF, 0xFF, 0x00, 0x00, 0x65, 0x66, 0x78, 0x44, 0x61, 0x72, 0x6B, 0x4C,
    0x6F, 0x6E, 0x67, 0x4D, 0x6F, 0x6E, 0x73, 0x42, 0x47, 0x30, 0x31, 0x00,
    0x00, 0x00, 0x08, 0x00, 0x01, 0x00, 0x08, 0x00, 0x02, 0x00, 0x08, 0x00,
    0x03, 0x00, 0x08, 0x00, 0x04, 0x00, 0x08, 0x00, 0x05, 0x00, 0x08, 0x00,
    0x06, 0x00, 0x08, 0x00, 0x07, 0x00, 0x08, 0x00, 0x08, 0x00, 0x08, 0x00,
    0x06, 0x00, 0x08, 0x00, 0x07, 0x00, 0x08, 0x00, 0x08, 0x00, 0x08, 0x00,
    0x06, 0x00, 0x08, 0x00, 0x07, 0x00, 0x08, 0x00, 0x08, 0x00, 0x08, 0x00,
    0xFF, 0xFF, 0x00, 0x00, 0x65, 0x66, 0x78, 0x44, 0x61, 0x72, 0x6B, 0x4C,
    0x6F, 0x6E, 0x67, 0x4D, 0x6F, 0x6E, 0x73, 0x42, 0x47, 0x30, 0x32, 0x00,
    0x65, 0x66, 0x78, 0x44, 0x61, 0x72, 0x6B, 0x4C, 0x6F, 0x6E, 0x67, 0x4D,
    0x6F, 0x6E, 0x73, 0x4F, 0x42, 0x4A, 0x00, 0x00, 0x65, 0x66, 0x78, 0x47,
    0x6F, 0x72, 0x67, 0x6F, 0x6E, 0x00, 0x00, 0x00, 0x05, 0x00, 0x01, 0x00,
    0x05, 0x00, 0x02, 0x00, 0x05, 0x00, 0x03, 0x00, 0x05, 0x00, 0x04, 0x00,
    0x05, 0x00, 0x05, 0x00, 0x05, 0x00, 0x06, 0x00, 0x05, 0x00, 0x07, 0x00,
    0x05, 0x00, 0x08, 0x00, 0x05, 0x00, 0x09, 0x00, 0x05, 0x00, 0x0A, 0x00,
    0x05, 0x00, 0xFF, 0xFF, 0x65, 0x66, 0x78, 0x47, 0x6F, 0x72, 0x67, 0x6F,
    0x6E, 0x42, 0x47, 0x44, 0x69, 0x72, 0x74, 0x00, 0x00, 0x00, 0x02, 0x00,
    0x01, 0x00, 0x02, 0x00, 0x02, 0x00, 0x02, 0x00, 0x00, 0x00, 0x02, 0x00,
    0x01, 0x00, 0x02, 0x00, 0x02, 0x00, 0x02, 0x00, 0xFF, 0xFF, 0x00, 0x00,
    0x65, 0x66, 0x78, 0x47, 0x6F, 0x72, 0x67, 0x6F, 0x6E, 0x42, 0x47, 0x54,
    0x77, 0x69, 0x73, 0x74, 0x65, 0x72, 0x00, 0x00, 0x65, 0x66, 0x78, 0x47,
    0x6F, 0x72, 0x67, 0x6F, 0x6E, 0x4F, 0x42, 0x4A, 0x54, 0x77, 0x69, 0x73,
    0x74, 0x65, 0x72, 0x50, 0x69, 0x65, 0x63, 0x65, 0x00, 0x00, 0x00, 0x00,
    0x65, 0x66, 0x78, 0x47, 0x6F, 0x72, 0x67, 0x6F, 0x6E, 0x4F, 0x42, 0x4A,
    0x54, 0x77, 0x69, 0x73, 0x74, 0x65, 0x72, 0x00, 0x00, 0x00, 0x0A, 0x00,
    0x01, 0x00, 0x02, 0x00, 0x02, 0x00, 0x02, 0x00, 0x03, 0x00, 0x02, 0x00,
    0x04, 0x00, 0x02, 0x00, 0x05, 0x00, 0x02, 0x00, 0x06, 0x00, 0x02, 0x00,
    0x07, 0x00, 0x02, 0x00, 0x08, 0x00, 0x02, 0x00, 0xFF, 0xFF, 0x00, 0x00,
    0x65, 0x66, 0x78, 0x47, 0x6F, 0x72, 0x67, 0x6F, 0x6E, 0x42, 0x47, 0x46,
    0x69, 0x6E, 0x69, 0x73, 0x68, 0x00, 0x00, 0x00, 0x65, 0x66, 0x78, 0x44,
    0x61, 0x6D, 0x61, 0x67, 0x65, 0x4D, 0x6F, 0x6A, 0x69, 0x45, 0x66, 0x66,
    0x65, 0x63, 0x74, 0x00, 0x65, 0x66, 0x78, 0x44, 0x61, 0x6D, 0x61, 0x67,
    0x65, 0x4D, 0x6F, 0x6A, 0x69, 0x45, 0x66, 0x66, 0x65, 0x63, 0x74, 0x4F,
    0x42, 0x4A, 0x00, 0x00, 0x65, 0x66, 0x78, 0x43, 0x72, 0x69, 0x74, 0x69,
    0x63, 0x61, 0x6C, 0x45, 0x66, 0x66, 0x65, 0x63, 0x74, 0x00, 0x00, 0x00,
    0x65, 0x66, 0x78, 0x43, 0x72, 0x69, 0x74, 0x69, 0x63, 0x61, 0x6C, 0x45,
    0x66, 0x66, 0x65, 0x63, 0x74, 0x42, 0x47, 0x00, 0x65, 0x66, 0x78, 0x43,
    0x72, 0x69, 0x74, 0x69, 0x63, 0x61, 0x6C, 0x45, 0x66, 0x66, 0x65, 0x63,
    0x74, 0x42, 0x47, 0x43, 0x4F, 0x4C, 0x00, 0x00, 0x00, 0x00, 0x01, 0x00,
    0x01, 0x00, 0x01, 0x00, 0x02, 0x00, 0x01, 0x00, 0x03, 0x00, 0x01, 0x00,
    0x04, 0x00, 0x01, 0x00, 0x05, 0x00, 0x01, 0x00, 0x06, 0x00, 0x01, 0x00,
    0x07, 0x00, 0x01, 0x00, 0x08, 0x00, 0x01, 0x00, 0x09, 0x00, 0x01, 0x00,
    0x0A, 0x00, 0x01, 0x00, 0x0B, 0x00, 0x01, 0x00, 0x0C, 0x00, 0x01, 0x00,
    0x0D, 0x00, 0x01, 0x00, 0x0E, 0x00, 0x01, 0x00, 0x0F, 0x00, 0x01, 0x00,
    0xFF, 0xFF, 0x00, 0x00, 0x65, 0x66, 0x78, 0x4E, 0x6F, 0x72, 0x6D, 0x61,
    0x6C, 0x45, 0x66, 0x66, 0x65, 0x63, 0x74, 0x00, 0x65, 0x66, 0x78, 0x4E,
    0x6F, 0x72, 0x6D, 0x61, 0x6C, 0x45, 0x66, 0x66, 0x65, 0x63, 0x74, 0x42,
    0x47, 0x00, 0x00, 0x00, 0x02, 0x00, 0x01, 0x00, 0x02, 0x00, 0x02, 0x00,
    0x02, 0x00, 0x03, 0x00, 0x02, 0x00, 0x04, 0x00, 0x02, 0x00, 0x05, 0x00,
    0x02, 0x00, 0x06, 0x00, 0x01, 0x00, 0x07, 0x00, 0x01, 0x00, 0x08, 0x00,
    0x01, 0x00, 0x09, 0x00, 0x01, 0x00, 0xFF, 0xFF, 0x65, 0x66, 0x78, 0x50,
    0x69, 0x65, 0x72, 0x63, 0x65, 0x43, 0x72, 0x69, 0x74, 0x69, 0x63, 0x61,
    0x6C, 0x45, 0x66, 0x66, 0x65, 0x63, 0x74, 0x00, 0x65, 0x66, 0x78, 0x50,
    0x69, 0x65, 0x72, 0x63, 0x65, 0x43, 0x72, 0x69, 0x74, 0x69, 0x63, 0x61,
    0x6C, 0x45, 0x66, 0x66, 0x65, 0x63, 0x74, 0x42, 0x47, 0x00, 0x00, 0x00,
    0x65, 0x66, 0x78, 0x50, 0x69, 0x65, 0x72, 0x63, 0x65, 0x43, 0x72, 0x69,
    0x74, 0x69, 0x63, 0x61, 0x6C, 0x45, 0x66, 0x66, 0x65, 0x63, 0x74, 0x42,
    0x47, 0x43, 0x4F, 0x4C, 0x00, 0x00, 0x00, 0x00, 0x02, 0x00, 0x01, 0x00,
    0x01, 0x00, 0x02, 0x00, 0x01, 0x00, 0x03, 0x00, 0x01, 0x00, 0x04, 0x00,
    0x01, 0x00, 0x05, 0x00, 0x01, 0x00, 0x06, 0x00, 0x01, 0x00, 0x07, 0x00,
    0x01, 0x00, 0x08, 0x00, 0x02, 0x00, 0x09, 0x00, 0x02, 0x00, 0x0A, 0x00,
    0x02, 0x00, 0x0B, 0x00, 0x02, 0x00, 0x0C, 0x00, 0x03, 0x00, 0x0D, 0x00,
    0x03, 0x00, 0x0E, 0x00, 0x04, 0x00, 0x0F, 0x00, 0x04, 0x00, 0xFF, 0xFF,
    0x65, 0x66, 0x78, 0x50, 0x69, 0x65, 0x72, 0x63, 0x65, 0x4E, 0x6F, 0x72,
    0x6D, 0x61, 0x6C, 0x45, 0x66, 0x66, 0x65, 0x63, 0x74, 0x00, 0x00, 0x00,
    0x65, 0x66, 0x78, 0x50, 0x69, 0x65, 0x72, 0x63, 0x65, 0x4E, 0x6F, 0x72,
    0x6D, 0x61, 0x6C, 0x45, 0x66, 0x66, 0x65, 0x63, 0x74, 0x42, 0x47, 0x00,
};
u8 frontier_df4_misc_lo_011_0E4602[] __attribute__((section(".data.frontier_df4_misc_lo.gap11"))) = {
    0x00, 0x00, 0x65, 0x66, 0x78, 0x59, 0x75, 0x73, 0x68, 0x61, 0x53, 0x70,
    0x69, 0x6E, 0x53, 0x68, 0x69, 0x65, 0x6C, 0x64, 0x00, 0x00, 0x65, 0x66,
    0x78, 0x59, 0x75, 0x73, 0x68, 0x61, 0x53, 0x70, 0x69, 0x6E, 0x53, 0x68,
    0x69, 0x65, 0x6C, 0x64, 0x4F, 0x42, 0x4A, 0x00, 0x00, 0x00, 0x65, 0x66,
    0x78, 0x48, 0x75, 0x72, 0x74, 0x6D, 0x75, 0x74, 0x45, 0x66, 0x66, 0x30,
    0x30, 0x00, 0x65, 0x66, 0x78, 0x48, 0x75, 0x72, 0x74, 0x6D, 0x75, 0x74,
    0x45, 0x66, 0x66, 0x30, 0x30, 0x4F, 0x42, 0x4A, 0x00, 0x00, 0x65, 0x66,
    0x78, 0x48, 0x75, 0x72, 0x74, 0x6D, 0x75, 0x74, 0x45, 0x66, 0x66, 0x30,
    0x31, 0x4F, 0x42, 0x4A, 0x00, 0x00, 0x65, 0x66, 0x78, 0x4D, 0x61, 0x67,
    0x66, 0x63, 0x61, 0x73, 0x74, 0x00, 0x65, 0x66, 0x78, 0x4D, 0x61, 0x67,
    0x66, 0x63, 0x61, 0x73, 0x74, 0x42, 0x47, 0x00, 0x00, 0x00, 0x02, 0x00,
    0x01, 0x00, 0x03, 0x00, 0x02, 0x00, 0x07, 0x00, 0x03, 0x00, 0x03, 0x00,
    0x04, 0x00, 0x02, 0x00, 0xFF, 0xFF, 0x05, 0x00, 0x03, 0x00, 0xFF, 0xFF,
    0x00, 0x00, 0x07, 0x00, 0x01, 0x00, 0x07, 0x00, 0x02, 0x00, 0x08, 0x00,
    0x03, 0x00, 0x0B, 0x00, 0x04, 0x00, 0x02, 0x00, 0x05, 0x00, 0x02, 0x00,
    0x06, 0x00, 0x02, 0x00, 0x07, 0x00, 0x02, 0x00, 0xFF, 0xFF, 0x08, 0x00,
    0x03, 0x00, 0x09, 0x00, 0x17, 0x00, 0x0A, 0x00, 0x04, 0x00, 0x0B, 0x00,
    0x17, 0x00, 0x0C, 0x00, 0x04, 0x00, 0x0D, 0x00, 0x1A, 0x00, 0x0E, 0x00,
    0x04, 0x00, 0x0F, 0x00, 0x04, 0x00, 0xFF, 0xFF, 0x00, 0x00, 0x65, 0x66,
    0x78, 0x53, 0x75, 0x6E, 0x61, 0x6B, 0x65, 0x6D, 0x75, 0x72, 0x69, 0x00,
    0x00, 0x00, 0x65, 0x66, 0x78, 0x53, 0x75, 0x6E, 0x61, 0x6B, 0x65, 0x6D,
    0x75, 0x72, 0x69, 0x4F, 0x42, 0x4A, 0x00, 0x00, 0x00, 0x00, 0x65, 0x66,
    0x78, 0x4C, 0x6F, 0x6B, 0x6D, 0x73, 0x75, 0x6E, 0x61, 0x00, 0x65, 0x66,
    0x78, 0x4C, 0x6F, 0x6B, 0x6D, 0x73, 0x75, 0x6E, 0x61, 0x4F, 0x42, 0x4A,
    0x00, 0x00, 0x65, 0x66, 0x78, 0x4B, 0x69, 0x6E, 0x67, 0x50, 0x69, 0x6B,
    0x61, 0x00, 0x65, 0x66, 0x78, 0x46, 0x6C, 0x61, 0x73, 0x68, 0x46, 0x58,
    0x00, 0x00, 0x65, 0x66, 0x78, 0x53, 0x6F, 0x6E, 0x67, 0x4F, 0x42, 0x4A,
    0x00, 0x00, 0x65, 0x66, 0x78, 0x44, 0x61, 0x6E, 0x63, 0x65, 0x4F, 0x42,
    0x4A, 0x00, 0x65, 0x66, 0x78, 0x53, 0x70, 0x65, 0x63, 0x61, 0x6C, 0x45,
    0x66, 0x66, 0x65, 0x63, 0x74, 0x00, 0x65, 0x66, 0x78, 0x53, 0x52, 0x61,
    0x6E, 0x6B, 0x57, 0x65, 0x61, 0x70, 0x6F, 0x6E, 0x45, 0x66, 0x66, 0x65,
    0x63, 0x74, 0x00, 0x00, 0x00, 0x00, 0x65, 0x66, 0x78, 0x53, 0x52, 0x61,
    0x6E, 0x6B, 0x57, 0x65, 0x61, 0x70, 0x6F, 0x6E, 0x45, 0x66, 0x66, 0x65,
    0x63, 0x74, 0x42, 0x47, 0x00, 0x00, 0x65, 0x66, 0x78, 0x53, 0x52, 0x61,
    0x6E, 0x6B, 0x57, 0x65, 0x61, 0x70, 0x6F, 0x6E, 0x45, 0x66, 0x66, 0x65,
    0x63, 0x74, 0x53, 0x43, 0x52, 0x00, 0x65, 0x66, 0x78, 0x53, 0x52, 0x61,
    0x6E, 0x6B, 0x57, 0x65, 0x61, 0x70, 0x6F, 0x6E, 0x45, 0x66, 0x66, 0x65,
    0x63, 0x74, 0x53, 0x43, 0x52, 0x32, 0x00, 0x00, 0x00, 0x00, 0x65, 0x66,
    0x78, 0x4D, 0x61, 0x67, 0x64, 0x68, 0x69, 0x73, 0x45, 0x66, 0x66, 0x65,
    0x63, 0x74, 0x00, 0x00, 0x00, 0x00, 0x65, 0x66, 0x78, 0x4D, 0x61, 0x67,
    0x64, 0x68, 0x69, 0x73, 0x45, 0x66, 0x66, 0x65, 0x63, 0x74, 0x42, 0x47,
    0x00, 0x00, 0x00, 0x00, 0x02, 0x00, 0x01, 0x00, 0x02, 0x00, 0x02, 0x00,
    0x02, 0x00, 0x03, 0x00, 0x02, 0x00, 0x02, 0x00, 0x02, 0x00, 0x01, 0x00,
    0x02, 0x00, 0x00, 0x00, 0x02, 0x00, 0xFE, 0xFF, 0x00, 0x00, 0x65, 0x66,
    0x78, 0x4D, 0x61, 0x6E, 0x74, 0x42, 0x61, 0x74, 0x61, 0x62, 0x61, 0x74,
    0x61, 0x00, 0x65, 0x66, 0x78, 0x43, 0x68, 0x69, 0x6C, 0x6C, 0x45, 0x66,
    0x66, 0x65, 0x63, 0x74, 0x00, 0x00, 0x65, 0x66, 0x78, 0x43, 0x68, 0x69,
    0x6C, 0x6C, 0x45, 0x66, 0x66, 0x65, 0x63, 0x74, 0x42, 0x47, 0x00, 0x00,
    0x00, 0x00, 0x0B, 0x00, 0x01, 0x00, 0x0B, 0x00, 0x02, 0x00, 0x0B, 0x00,
    0xFF, 0xFF, 0x65, 0x66, 0x78, 0x43, 0x68, 0x69, 0x6C, 0x6C, 0x45, 0x66,
    0x66, 0x65, 0x63, 0x74, 0x42, 0x47, 0x43, 0x4F, 0x4C, 0x00, 0x00, 0x00,
    0x01, 0x00, 0x01, 0x00, 0x02, 0x00, 0x02, 0x00, 0x02, 0x00, 0x03, 0x00,
    0x02, 0x00, 0x04, 0x00, 0x02, 0x00, 0x05, 0x00, 0x02, 0x00, 0x00, 0x00,
    0x01, 0x00, 0x01, 0x00, 0x02, 0x00, 0x02, 0x00, 0x02, 0x00, 0x03, 0x00,
    0x02, 0x00, 0x04, 0x00, 0x02, 0x00, 0x05, 0x00, 0x02, 0x00, 0x00, 0x00,
    0x01, 0x00, 0x01, 0x00, 0x02, 0x00, 0x02, 0x00, 0x02, 0x00, 0x03, 0x00,
    0x02, 0x00, 0x04, 0x00, 0x02, 0x00, 0x05, 0x00, 0x02, 0x00, 0xFF, 0xFF,
    0x00, 0x00, 0x65, 0x66, 0x78, 0x43, 0x68, 0x69, 0x6C, 0x6C, 0x41, 0x6E,
    0x69, 0x6D, 0x65, 0x00, 0x00, 0x00, 0x65, 0x66, 0x78, 0x44, 0x72, 0x73,
    0x6D, 0x6D, 0x6F, 0x79, 0x61, 0x00, 0x65, 0x66, 0x78, 0x44, 0x72, 0x73,
    0x6D, 0x6D, 0x6F, 0x79, 0x61, 0x42, 0x47, 0x00, 0x00, 0x00, 0x05, 0x00,
    0x01, 0x00, 0x05, 0x00, 0x02, 0x00, 0x05, 0x00, 0x03, 0x00, 0x05, 0x00,
    0x04, 0x00, 0x05, 0x00, 0x05, 0x00, 0x02, 0x00, 0x06, 0x00, 0x02, 0x00,
    0x05, 0x00, 0x02, 0x00, 0x06, 0x00, 0x02, 0x00, 0x05, 0x00, 0x02, 0x00,
    0x06, 0x00, 0x02, 0x00, 0x05, 0x00, 0x02, 0x00, 0x06, 0x00, 0x02, 0x00,
    0x05, 0x00, 0x02, 0x00, 0x06, 0x00, 0x02, 0x00, 0x05, 0x00, 0x02, 0x00,
    0x06, 0x00, 0x02, 0x00, 0x05, 0x00, 0x02, 0x00, 0x06, 0x00, 0x02, 0x00,
    0x05, 0x00, 0x02, 0x00, 0x06, 0x00, 0x02, 0x00, 0x05, 0x00, 0x02, 0x00,
    0x06, 0x00, 0x02, 0x00, 0x05, 0x00, 0x02, 0x00, 0x06, 0x00, 0x02, 0x00,
    0x05, 0x00, 0x02, 0x00, 0x06, 0x00, 0x02, 0x00, 0x05, 0x00, 0x02, 0x00,
    0x06, 0x00, 0x02, 0x00, 0x05, 0x00, 0x02, 0x00, 0x06, 0x00, 0x02, 0x00,
    0x05, 0x00, 0x02, 0x00, 0x06, 0x00, 0x02, 0x00, 0x05, 0x00, 0x02, 0x00,
    0x06, 0x00, 0x02, 0x00, 0x07, 0x00, 0x03, 0x00, 0x08, 0x00, 0x03, 0x00,
    0x09, 0x00, 0x03, 0x00, 0x0A, 0x00, 0x03, 0x00, 0x0B, 0x00, 0x03, 0x00,
    0x0C, 0x00, 0x03, 0x00, 0xFF, 0xFF, 0x65, 0x66, 0x78, 0x44, 0x72, 0x73,
    0x6D, 0x6D, 0x6F, 0x79, 0x61, 0x52, 0x53, 0x54, 0x00, 0x00, 0x65, 0x66,
    0x78, 0x44, 0x72, 0x73, 0x6D, 0x6D, 0x6F, 0x79, 0x61, 0x30, 0x31, 0x52,
    0x53, 0x54, 0x00, 0x00, 0x00, 0x00, 0x65, 0x66, 0x78, 0x53, 0x6B, 0x69,
    0x6C, 0x6C, 0x54, 0x79, 0x70, 0x65, 0x30, 0x31, 0x42, 0x47, 0x00, 0x00,
    0x00, 0x00, 0x02, 0x00, 0x01, 0x00, 0x02, 0x00, 0x02, 0x00, 0x02, 0x00,
    0x03, 0x00, 0x02, 0x00, 0x04, 0x00, 0x02, 0x00, 0x05, 0x00, 0x02, 0x00,
    0x06, 0x00, 0x02, 0x00, 0x07, 0x00, 0x02, 0x00, 0x08, 0x00, 0x02, 0x00,
    0x09, 0x00, 0x02, 0x00, 0x0A, 0x00, 0x02, 0x00, 0x0B, 0x00, 0x02, 0x00,
    0x0C, 0x00, 0x02, 0x00, 0x0D, 0x00, 0x02, 0x00, 0x0E, 0x00, 0x02, 0x00,
    0x0F, 0x00, 0x02, 0x00, 0xFF, 0xFF, 0x65, 0x66, 0x78, 0x53, 0x6B, 0x69,
    0x6C, 0x6C, 0x43, 0x6F, 0x6D, 0x6D, 0x6F, 0x6E, 0x42, 0x47, 0x00, 0x00,
    0x00, 0x00, 0x65, 0x66, 0x78, 0x6F, 0x70, 0x46, 0x69, 0x72, 0x65, 0x00,
    0x00, 0x00, 0x65, 0x66, 0x78, 0x6F, 0x70, 0x46, 0x69, 0x72, 0x65, 0x42,
    0x47, 0x00, 0x00, 0x00, 0x03, 0x00, 0x01, 0x00, 0x02, 0x00, 0x02, 0x00,
    0x02, 0x00, 0x03, 0x00, 0x02, 0x00, 0x04, 0x00, 0x02, 0x00, 0x05, 0x00,
    0x02, 0x00, 0x06, 0x00, 0x02, 0x00, 0x07, 0x00, 0x02, 0x00, 0x08, 0x00,
    0x02, 0x00, 0x09, 0x00, 0x03, 0x00, 0x0A, 0x00, 0x03, 0x00, 0x0B, 0x00,
    0x03, 0x00, 0xFF, 0xFF, 0x00, 0x00, 0x65, 0x66, 0x78, 0x6F, 0x70, 0x46,
    0x69, 0x72, 0x65, 0x4F, 0x42, 0x4A, 0x00, 0x00, 0x00, 0x00, 0x65, 0x66,
    0x78, 0x6F, 0x70, 0x54, 0x68, 0x75, 0x6E, 0x64, 0x65, 0x72, 0x00, 0x00,
    0x00, 0x00, 0x65, 0x66, 0x78, 0x6F, 0x70, 0x54, 0x68, 0x75, 0x6E, 0x64,
    0x65, 0x72, 0x42, 0x47, 0x00, 0x00, 0x00, 0x00, 0x04, 0x00, 0x01, 0x00,
    0x28, 0x00, 0xFF, 0xFF, 0x00, 0x00, 0x65, 0x66, 0x78, 0x6F, 0x70, 0x54,
    0x68, 0x75, 0x6E, 0x64, 0x65, 0x72, 0x42, 0x47, 0x43, 0x4F, 0x4C, 0x00,
    0x00, 0x00, 0x04, 0x00, 0x01, 0x00, 0x04, 0x00, 0x02, 0x00, 0x02, 0x00,
    0x03, 0x00, 0x02, 0x00, 0x04, 0x00, 0x14, 0x00, 0x05, 0x00, 0x02, 0x00,
    0x06, 0x00, 0x01, 0x00, 0x07, 0x00, 0x01, 0x00, 0x08, 0x00, 0x01, 0x00,
    0x09, 0x00, 0x01, 0x00, 0x0A, 0x00, 0x01, 0x00, 0x0B, 0x00, 0x01, 0x00,
    0x0C, 0x00, 0x01, 0x00, 0x0D, 0x00, 0x01, 0x00, 0x0E, 0x00, 0x01, 0x00,
    0x0F, 0x00, 0x01, 0x00, 0xFF, 0xFF, 0x65, 0x66, 0x78, 0x6F, 0x70, 0x54,
    0x68, 0x75, 0x6E, 0x64, 0x65, 0x72, 0x4F, 0x42, 0x4A, 0x00, 0x65, 0x66,
    0x78, 0x6F, 0x70, 0x4C, 0x69, 0x76, 0x65, 0x00, 0x00, 0x00, 0x65, 0x66,
    0x78, 0x6F, 0x70, 0x4C, 0x69, 0x76, 0x65, 0x42, 0x47, 0x00, 0x00, 0x00,
    0x3E, 0x00, 0xFF, 0xFF, 0x00, 0x00, 0x65, 0x66, 0x78, 0x6F, 0x70, 0x4C,
    0x69, 0x76, 0x65, 0x42, 0x47, 0x43, 0x4F, 0x4C, 0x00, 0x00, 0x00, 0x00,
    0x03, 0x00, 0x01, 0x00, 0x03, 0x00, 0x02, 0x00, 0x03, 0x00, 0x03, 0x00,
    0x04, 0x00, 0x04, 0x00, 0x04, 0x00, 0x05, 0x00, 0x04, 0x00, 0x06, 0x00,
    0x04, 0x00, 0x07, 0x00, 0x04, 0x00, 0x08, 0x00, 0x04, 0x00, 0x09, 0x00,
    0x04, 0x00, 0x0A, 0x00, 0x04, 0x00, 0x0B, 0x00, 0x04, 0x00, 0x0C, 0x00,
    0x04, 0x00, 0x0D, 0x00, 0x04, 0x00, 0x0E, 0x00, 0x04, 0x00, 0x0F, 0x00,
    0x05, 0x00, 0xFF, 0xFF, 0x00, 0x00, 0x65, 0x66, 0x78, 0x6F, 0x70, 0x4C,
    0x69, 0x76, 0x65, 0x41, 0x4C, 0x50, 0x48, 0x41, 0x00, 0x00, 0x65, 0x66,
    0x78, 0x6F, 0x70, 0x4C, 0x69, 0x76, 0x65, 0x4F, 0x42, 0x4A, 0x00, 0x00,
    0x00, 0x00, 0x65, 0x66, 0x78, 0x6F, 0x70, 0x4C, 0x69, 0x67, 0x68, 0x74,
    0x6E, 0x69, 0x6E, 0x67, 0x00, 0x00, 0x65, 0x66, 0x78, 0x6F, 0x70, 0x4C,
    0x69, 0x67, 0x68, 0x74, 0x6E, 0x69, 0x6E, 0x67, 0x42, 0x47, 0x00, 0x00,
    0x19, 0x00, 0x02, 0x00, 0x1A, 0x00, 0x02, 0x00, 0x1B, 0x00, 0x02, 0x00,
    0x1C, 0x00, 0x02, 0x00, 0x1D, 0x00, 0x02, 0x00, 0x1E, 0x00, 0x02, 0x00,
    0x1F, 0x00, 0x02, 0x00, 0x20, 0x00, 0x02, 0x00, 0x10, 0x00, 0x01, 0x00,
    0x11, 0x00, 0x01, 0x00, 0x12, 0x00, 0x01, 0x00, 0x13, 0x00, 0x01, 0x00,
    0x14, 0x00, 0x01, 0x00, 0x15, 0x00, 0x01, 0x00, 0x16, 0x00, 0x01, 0x00,
    0x17, 0x00, 0x01, 0x00, 0x18, 0x00, 0x01, 0x00, 0x00, 0x00, 0x07, 0x00,
    0x01, 0x00, 0x01, 0x00, 0x02, 0x00, 0x01, 0x00, 0x03, 0x00, 0x01, 0x00,
    0x04, 0x00, 0x01, 0x00, 0x05, 0x00, 0x01, 0x00, 0x06, 0x00, 0x01, 0x00,
    0x07, 0x00, 0x01, 0x00, 0x08, 0x00, 0x01, 0x00, 0x09, 0x00, 0x01, 0x00,
    0x0A, 0x00, 0x01, 0x00, 0x0B, 0x00, 0x01, 0x00, 0x0C, 0x00, 0x01, 0x00,
    0x0D, 0x00, 0x01, 0x00, 0x0E, 0x00, 0x01, 0x00, 0x0F, 0x00, 0x01, 0x00,
    0xFF, 0xFF, 0x65, 0x66, 0x78, 0x6F, 0x70, 0x4D, 0x69, 0x73, 0x74, 0x79,
    0x72, 0x61, 0x69, 0x6E, 0x42, 0x47, 0x00, 0x00, 0x00, 0x00, 0x02, 0x00,
    0x01, 0x00, 0x02, 0x00, 0x02, 0x00, 0x02, 0x00, 0x03, 0x00, 0x02, 0x00,
    0x04, 0x00, 0x02, 0x00, 0x05, 0x00, 0x02, 0x00, 0x06, 0x00, 0x02, 0x00,
    0x07, 0x00, 0x02, 0x00, 0x08, 0x00, 0x02, 0x00, 0x09, 0x00, 0x02, 0x00,
    0x0A, 0x00, 0x02, 0x00, 0x0B, 0x00, 0x02, 0x00, 0xFF, 0xFF, 0x0C, 0x00,
    0x06, 0x00, 0x0D, 0x00, 0x02, 0x00, 0x0E, 0x00, 0x02, 0x00, 0x0F, 0x00,
    0x02, 0x00, 0x10, 0x00, 0x02, 0x00, 0x11, 0x00, 0x02, 0x00, 0x12, 0x00,
    0x02, 0x00, 0x13, 0x00, 0x02, 0x00, 0x14, 0x00, 0x02, 0x00, 0x15, 0x00,
    0x02, 0x00, 0x16, 0x00, 0x02, 0x00, 0x17, 0x00, 0x02, 0x00, 0x18, 0x00,
    0x02, 0x00, 0x19, 0x00, 0x02, 0x00, 0x1A, 0x00, 0x02, 0x00, 0x1B, 0x00,
    0x02, 0x00, 0x1C, 0x00, 0x02, 0x00, 0x1D, 0x00, 0x02, 0x00, 0x1E, 0x00,
    0x02, 0x00, 0x1F, 0x00, 0x02, 0x00, 0x20, 0x00, 0x02, 0x00, 0x21, 0x00,
    0x02, 0x00, 0x22, 0x00, 0x02, 0x00, 0x23, 0x00, 0x02, 0x00, 0x24, 0x00,
    0x02, 0x00, 0x25, 0x00, 0x02, 0x00, 0x26, 0x00, 0x02, 0x00, 0x27, 0x00,
    0x02, 0x00, 0x28, 0x00, 0x02, 0x00, 0xFF, 0xFF, 0x00, 0x00, 0x65, 0x66,
    0x78, 0x6F, 0x70, 0x4D, 0x69, 0x73, 0x74, 0x79, 0x72, 0x61, 0x69, 0x6E,
    0x4F, 0x42, 0x4A, 0x00, 0x00, 0x00, 0x65, 0x66, 0x78, 0x6F, 0x70, 0x4D,
    0x69, 0x73, 0x74, 0x79, 0x72, 0x61, 0x69, 0x6E, 0x4F, 0x42, 0x4A, 0x32,
    0x00, 0x00, 0x65, 0x66, 0x78, 0x6F, 0x70, 0x4D, 0x69, 0x73, 0x74, 0x79,
    0x72, 0x61, 0x69, 0x6E, 0x00, 0x00, 0x65, 0x66, 0x78, 0x6F, 0x70, 0x4D,
    0x79, 0x72, 0x72, 0x68, 0x00, 0x00, 0x00, 0x00, 0x03, 0x00, 0x01, 0x00,
    0x03, 0x00, 0x02, 0x00, 0x03, 0x00, 0x03, 0x00, 0x03, 0x00, 0x04, 0x00,
    0x03, 0x00, 0x05, 0x00, 0x03, 0x00, 0x06, 0x00, 0x03, 0x00, 0x07, 0x00,
    0x03, 0x00, 0x08, 0x00, 0x03, 0x00, 0x09, 0x00, 0x03, 0x00, 0x0A, 0x00,
    0x03, 0x00, 0x0B, 0x00, 0x03, 0x00, 0x0C, 0x00, 0x03, 0x00, 0x0D, 0x00,
    0x03, 0x00, 0x0E, 0x00, 0x03, 0x00, 0x0F, 0x00, 0x03, 0x00, 0x10, 0x00,
    0x03, 0x00, 0x11, 0x00, 0x03, 0x00, 0x12, 0x00, 0x03, 0x00, 0x13, 0x00,
    0x03, 0x00, 0x14, 0x00, 0x02, 0x00, 0x15, 0x00, 0x02, 0x00, 0x16, 0x00,
    0x02, 0x00, 0x17, 0x00, 0x02, 0x00, 0x18, 0x00, 0x02, 0x00, 0x19, 0x00,
    0x02, 0x00, 0xFF, 0xFF, 0x00, 0x00, 0x04, 0x00, 0x01, 0x00, 0x04, 0x00,
    0x02, 0x00, 0x04, 0x00, 0x03, 0x00, 0x04, 0x00, 0x04, 0x00, 0x04, 0x00,
    0x05, 0x00, 0x04, 0x00, 0x06, 0x00, 0x04, 0x00, 0x07, 0x00, 0x04, 0x00,
    0x08, 0x00, 0x04, 0x00, 0x09, 0x00, 0x04, 0x00, 0x0A, 0x00, 0x04, 0x00,
    0x0B, 0x00, 0x04, 0x00, 0x0C, 0x00, 0x04, 0x00, 0x0D, 0x00, 0x04, 0x00,
    0x0E, 0x00, 0x04, 0x00, 0x0F, 0x00, 0x04, 0x00, 0x10, 0x00, 0x04, 0x00,
    0x11, 0x00, 0x04, 0x00, 0x12, 0x00, 0x04, 0x00, 0xFF, 0xFF, 0x65, 0x6B,
    0x72, 0x44, 0x72, 0x61, 0x67, 0x6F, 0x6E, 0x51, 0x75, 0x61, 0x6B, 0x65,
    0x00, 0x00, 0x65, 0x6B, 0x72, 0x57, 0x68, 0x69, 0x74, 0x65, 0x49, 0x4E,
    0x4F, 0x55, 0x54, 0x00, 0x00, 0x00,
};
u8 frontier_df4_misc_lo_012_0E6774[] __attribute__((section(".data.frontier_df4_misc_lo.gap12"))) = {
    0x00, 0x00, 0x01, 0x00, 0x02, 0x00, 0x03, 0x00, 0x04, 0x00, 0x05, 0x00,
    0x06, 0x00, 0x08, 0x00, 0x09, 0x00, 0x0A, 0x00, 0x0B, 0x00, 0x0C, 0x00,
    0x0D, 0x00, 0x0E, 0x00, 0x0F, 0x00, 0x10, 0x00, 0x12, 0x00, 0x13, 0x00,
    0x14, 0x00, 0x15, 0x00, 0x16, 0x00, 0x17, 0x00, 0x65, 0x6B, 0x72, 0x73,
    0x75, 0x62, 0x41, 0x6E, 0x69, 0x6D, 0x65, 0x45, 0x6D, 0x75, 0x6C, 0x61,
    0x74, 0x6F, 0x72, 0x00, 0x08, 0x00, 0x10, 0x00, 0x20, 0x00, 0x40, 0x00,
    0x10, 0x00, 0x20, 0x00, 0x20, 0x00, 0x40, 0x00, 0x08, 0x00, 0x08, 0x00,
    0x10, 0x00, 0x20, 0x00, 0xFF, 0xFF, 0xFF, 0xFF, 0xFF, 0xFF, 0xFF, 0xFF,
    0x08, 0x00, 0x10, 0x00, 0x20, 0x00, 0x40, 0x00, 0x08, 0x00, 0x08, 0x00,
    0x10, 0x00, 0x20, 0x00, 0x10, 0x00, 0x20, 0x00, 0x20, 0x00, 0x40, 0x00,
    0xFF, 0xFF, 0xFF, 0xFF, 0xFF, 0xFF, 0xFF, 0xFF, 0x65, 0x66, 0x78, 0x53,
    0x6F, 0x75, 0x6E, 0x64, 0x53, 0x45, 0x00, 0x00, 0x65, 0x6B, 0x72, 0x43,
    0x6C, 0x61, 0x73, 0x73, 0x63, 0x68, 0x67, 0x00, 0x65, 0x66, 0x78, 0x43,
    0x6C, 0x61, 0x73, 0x73, 0x63, 0x68, 0x67, 0x42, 0x47, 0x00, 0x01, 0x00,
    0x02, 0x00, 0x00, 0x00, 0x28, 0x00, 0x02, 0x00, 0x02, 0x00, 0x00, 0x00,
    0x14, 0x00, 0x03, 0x00, 0x02, 0x00, 0x00, 0x00, 0x08, 0x00, 0x02, 0x00,
    0x02, 0x00, 0x00, 0x00, 0x02, 0x00, 0x01, 0x00, 0x02, 0x00, 0x07, 0x00,
    0x02, 0x00, 0x08, 0x00, 0x02, 0x00, 0x09, 0x00, 0x02, 0x00, 0x0A, 0x00,
    0x02, 0x00, 0x0B, 0x00, 0x02, 0x00, 0x0C, 0x00, 0x02, 0x00, 0x0D, 0x00,
    0x02, 0x00, 0x0E, 0x00, 0x02, 0x00, 0x0F, 0x00, 0x02, 0x00, 0x10, 0x00,
    0x02, 0x00, 0xFF, 0xFF, 0x11, 0x00, 0x02, 0x00, 0x12, 0x00, 0x02, 0x00,
    0x13, 0x00, 0x02, 0x00, 0x14, 0x00, 0x02, 0x00, 0x15, 0x00, 0x02, 0x00,
    0x16, 0x00, 0x02, 0x00, 0x17, 0x00, 0x02, 0x00, 0x18, 0x00, 0x02, 0x00,
    0x19, 0x00, 0x02, 0x00, 0x1A, 0x00, 0x02, 0x00, 0x1B, 0x00, 0x02, 0x00,
    0x1C, 0x00, 0x02, 0x00, 0x1D, 0x00, 0x02, 0x00, 0x1E, 0x00, 0x02, 0x00,
    0x1F, 0x00, 0x02, 0x00, 0x04, 0x00, 0x02, 0x00, 0x05, 0x00, 0x02, 0x00,
    0x06, 0x00, 0x02, 0x00, 0x00, 0x00, 0x02, 0x00, 0x05, 0x00, 0x02, 0x00,
    0x00, 0x00, 0x02, 0x00, 0x04, 0x00, 0x02, 0x00, 0x00, 0x00, 0x02, 0x00,
    0x05, 0x00, 0x02, 0x00, 0x00, 0x00, 0x02, 0x00, 0x06, 0x00, 0x02, 0x00,
    0x20, 0x00, 0x02, 0x00, 0x21, 0x00, 0x02, 0x00, 0x22, 0x00, 0x02, 0x00,
    0x23, 0x00, 0x02, 0x00, 0x24, 0x00, 0x02, 0x00, 0xFF, 0xFF, 0x00, 0x00,
    0x65, 0x66, 0x78, 0x43, 0x6C, 0x61, 0x73, 0x73, 0x63, 0x68, 0x67, 0x42,
    0x47, 0x53, 0x45, 0x30, 0x30, 0x00, 0x00, 0x00, 0x65, 0x66, 0x78, 0x43,
    0x6C, 0x61, 0x73, 0x73, 0x63, 0x68, 0x67, 0x42, 0x47, 0x53, 0x45, 0x30,
    0x31, 0x00, 0x00, 0x00, 0x65, 0x66, 0x78, 0x43, 0x6C, 0x61, 0x73, 0x73,
    0x63, 0x68, 0x67, 0x4F, 0x42, 0x4A, 0x47, 0x61, 0x69, 0x6E, 0x00, 0x00,
    0x65, 0x66, 0x78, 0x43, 0x6C, 0x61, 0x73, 0x73, 0x63, 0x68, 0x67, 0x4F,
    0x42, 0x4A, 0x44, 0x72, 0x6F, 0x70, 0x00, 0x00, 0x65, 0x66, 0x78, 0x43,
    0x6C, 0x61, 0x73, 0x73, 0x63, 0x68, 0x67, 0x4F, 0x42, 0x4A, 0x44, 0x69,
    0x66, 0x66, 0x75, 0x73, 0x69, 0x6F, 0x6E, 0x00, 0x65, 0x66, 0x78, 0x43,
    0x6C, 0x61, 0x73, 0x73, 0x63, 0x68, 0x67, 0x46, 0x49, 0x4E, 0x00, 0x00,
    0x65, 0x66, 0x78, 0x43, 0x6C, 0x61, 0x73, 0x73, 0x63, 0x68, 0x67, 0x43,
    0x4C, 0x4F, 0x4E, 0x45, 0x00, 0x00, 0x00, 0x00, 0x65, 0x66, 0x78, 0x42,
    0x6C, 0x61, 0x63, 0x6B, 0x49, 0x6E, 0x4F, 0x75, 0x74, 0x55, 0x6E, 0x69,
    0x74, 0x00, 0x00, 0x00, 0x65, 0x66, 0x78, 0x57, 0x68, 0x69, 0x74, 0x65,
    0x49, 0x6E, 0x4F, 0x75, 0x74, 0x55, 0x6E, 0x69, 0x74, 0x00, 0x00, 0x00,
    0x65, 0x66, 0x78, 0x43, 0x6C, 0x61, 0x73, 0x73, 0x63, 0x68, 0x67, 0x52,
    0x53, 0x54, 0x00, 0x00, 0x62, 0x01, 0xA2, 0x01, 0xE2, 0x01, 0x22, 0x02,
    0x6A, 0x01, 0xAA, 0x01, 0xEA, 0x01, 0x2A, 0x02, 0x65, 0x6B, 0x72, 0x4C,
    0x65, 0x76, 0x65, 0x6C, 0x75, 0x70, 0x00, 0x00, 0x65, 0x66, 0x78, 0x50,
    0x61, 0x72, 0x74, 0x73, 0x6F, 0x66, 0x53, 0x63, 0x72, 0x6F, 0x6C, 0x6C,
    0x00, 0x00, 0x00, 0x00, 0x65, 0x66, 0x78, 0x50, 0x61, 0x72, 0x74, 0x73,
    0x6F, 0x66, 0x53, 0x63, 0x72, 0x6F, 0x6C, 0x6C, 0x32, 0x00, 0x00, 0x00,
    0x65, 0x66, 0x78, 0x4C, 0x65, 0x76, 0x65, 0x6C, 0x75, 0x70, 0x48, 0x42,
    0x00, 0x00, 0x00, 0x00, 0x65, 0x66, 0x78, 0x4C, 0x76, 0x75, 0x70, 0x42,
    0x47, 0x00, 0x00, 0x00, 0x01, 0x00, 0x01, 0x00, 0x01, 0x00, 0x02, 0x00,
    0x01, 0x00, 0x03, 0x00, 0x01, 0x00, 0x04, 0x00, 0x01, 0x00, 0x05, 0x00,
    0x01, 0x00, 0x06, 0x00, 0x01, 0x00, 0x07, 0x00, 0x01, 0x00, 0x08, 0x00,
    0x01, 0x00, 0x09, 0x00, 0x01, 0x00, 0x0A, 0x00, 0x01, 0x00, 0xFF, 0xFF,
    0x65, 0x66, 0x78, 0x4C, 0x76, 0x75, 0x70, 0x42, 0x47, 0x32, 0x00, 0x00,
    0x00, 0x00, 0x01, 0x00, 0x01, 0x00, 0x01, 0x00, 0x02, 0x00, 0x01, 0x00,
    0x03, 0x00, 0x01, 0x00, 0x04, 0x00, 0x01, 0x00, 0x05, 0x00, 0x1C, 0x00,
    0xFF, 0xFF, 0x00, 0x00, 0x65, 0x66, 0x78, 0x4C, 0x76, 0x75, 0x70, 0x4F,
    0x42, 0x4A, 0x32, 0x00, 0x65, 0x66, 0x78, 0x4C, 0x76, 0x75, 0x70, 0x42,
    0x47, 0x43, 0x4F, 0x4C, 0x00, 0x00, 0x00, 0x00, 0x02, 0x00, 0x01, 0x00,
    0x02, 0x00, 0x02, 0x00, 0x02, 0x00, 0x03, 0x00, 0x02, 0x00, 0x04, 0x00,
    0x02, 0x00, 0x05, 0x00, 0x02, 0x00, 0x06, 0x00, 0x02, 0x00, 0x07, 0x00,
    0x02, 0x00, 0x08, 0x00, 0x02, 0x00, 0x09, 0x00, 0x02, 0x00, 0x0A, 0x00,
    0x02, 0x00, 0x0B, 0x00, 0x02, 0x00, 0x0C, 0x00, 0x02, 0x00, 0x0D, 0x00,
    0x02, 0x00, 0x0E, 0x00, 0x02, 0x00, 0x0F, 0x00, 0x02, 0x00, 0xFE, 0xFF,
    0x00, 0x00, 0x02, 0x00, 0x01, 0x00, 0x02, 0x00, 0x02, 0x00, 0x02, 0x00,
    0x03, 0x00, 0x02, 0x00, 0xFF, 0xFF, 0x00, 0x00, 0x65, 0x6F, 0x62, 0x6A,
    0x4C, 0x76, 0x75, 0x70, 0x00, 0x00, 0x00, 0x00, 0x65, 0x6B, 0x72, 0x54,
    0x72, 0x69, 0x61, 0x6E, 0x67, 0x6C, 0x65, 0x00, 0x65, 0x6B, 0x72, 0x54,
    0x72, 0x69, 0x50, 0x65, 0x67, 0x61, 0x73, 0x75, 0x73, 0x4B, 0x6E, 0x69,
    0x67, 0x68, 0x74, 0x00, 0x65, 0x66, 0x78, 0x54, 0x72, 0x69, 0x50, 0x65,
    0x67, 0x61, 0x73, 0x75, 0x73, 0x4B, 0x6E, 0x69, 0x67, 0x68, 0x74, 0x42,
    0x47, 0x00, 0x03, 0x00, 0x02, 0x00, 0x04, 0x00, 0x02, 0x00, 0x05, 0x00,
    0x01, 0x00, 0xFF, 0xFF, 0x00, 0x00, 0x02, 0x00, 0x01, 0x00, 0x02, 0x00,
    0x02, 0x00, 0x01, 0x00, 0xFF, 0xFF, 0x00, 0x00, 0x65, 0x6B, 0x72, 0x54,
    0x72, 0x69, 0x50, 0x65, 0x67, 0x61, 0x73, 0x75, 0x73, 0x4B, 0x6E, 0x69,
    0x67, 0x68, 0x74, 0x4F, 0x42, 0x4A, 0x00, 0x00, 0x65, 0x6B, 0x72, 0x54,
    0x72, 0x69, 0x41, 0x72, 0x6D, 0x6F, 0x72, 0x4B, 0x6E, 0x69, 0x67, 0x68,
    0x74, 0x00, 0x00, 0x00, 0x65, 0x6B, 0x72, 0x54, 0x72, 0x69, 0x41, 0x72,
    0x6D, 0x6F, 0x72, 0x4B, 0x6E, 0x69, 0x67, 0x68, 0x74, 0x4F, 0x42, 0x4A,
    0x00, 0x00, 0x00, 0x00, 0x65, 0x6B, 0x72, 0x54, 0x72, 0x69, 0x41, 0x72,
    0x6D, 0x6F, 0x72, 0x4B, 0x6E, 0x69, 0x67, 0x68, 0x74, 0x4F, 0x42, 0x4A,
    0x32, 0x00, 0x00, 0x00, 0x65, 0x66, 0x78, 0x54, 0x72, 0x69, 0x61, 0x6E,
    0x67, 0x6C, 0x65, 0x51, 0x55, 0x41, 0x4B, 0x45, 0x00, 0x00, 0x00, 0x00,
};
u8 frontier_df4_misc_lo_013_0E7544[] __attribute__((section(".data.frontier_df4_misc_lo.gap13"))) = INCBIN_U8("graphics/frontier_df4_misc_lo/frontier_df4_misc_lo_013a_0E7544.4bpp.lz");
u8 frontier_df4_misc_lo_013b_0E7F34[] __attribute__((section(".data.frontier_df4_misc_lo.gap13"))) = INCBIN_U8("graphics/frontier_df4_misc_lo/frontier_df4_misc_lo_013b_0E7F34.4bpp.lz");
u8 frontier_df4_misc_lo_014_0E8F58[] __attribute__((section(".data.frontier_df4_misc_lo.gap14"))) = INCBIN_U8("graphics/frontier_df4_misc_lo/frontier_df4_misc_lo_014a_0E8F58.4bpp.lz");
u8 frontier_df4_misc_lo_014b_0E9910[] __attribute__((section(".data.frontier_df4_misc_lo.gap14"))) = INCBIN_U8("graphics/frontier_df4_misc_lo/frontier_df4_misc_lo_014b_0E9910.4bpp.lz");
u8 frontier_df4_misc_lo_014c_0EA2DC[] __attribute__((section(".data.frontier_df4_misc_lo.gap14"))) = INCBIN_U8("graphics/frontier_df4_misc_lo/frontier_df4_misc_lo_014c_0EA2DC.4bpp.lz");
/* frontier_df4_misc_lo_015_19E6EC (ROM 0x0819E6EC, 700 B): a JP-region asset =
 * a 442 B LZ77 stream (declen 632 B) immediately followed by a 258 B u16 data
 * table. The LZ stream is NOT reproducible by gbagfx at any -mindist (the JP ROM
 * used a tighter encoder: 442 B vs gbagfx's best 444 B), so the exact JP .lz
 * bytes stay COMMITTED as a no-recipe pin (.gitignore negation + rule in the dir
 * .mk), mirroring graphics/misc_gfx2/gTsa_OpSubtitle_05.bin.lz (wave44). The
 * 258 B tail (ROM 0x0819E8A6..0x0819E9A8) is opaque JP data with no ROM pointers,
 * decoded here to editable .short literals. The base symbol + gap15 section are
 * preserved so the frontier resource name table's `.4byte
 * frontier_df4_misc_lo_015_19E6EC` still resolves. */
u8 frontier_df4_misc_lo_015_19E6EC[] __attribute__((section(".data.frontier_df4_misc_lo.gap15"))) = INCBIN_U8("graphics/frontier_df4_misc_lo/frontier_df4_misc_lo_015_19E6EC.lz");
u16 frontier_df4_misc_lo_015b_19E8A6[] __attribute__((section(".data.frontier_df4_misc_lo.gap15"))) = {
    0x0000, 0x2E10, 0x0001, 0x0F00, 0xD00A, 0x4004, 0x4400, 0x0000,
    0x0048, 0x0B80, 0x0580, 0x0018, 0x3C00, 0x1801, 0x8C00, 0x9005,
    0x000B, 0x004C, 0x0050, 0x0054, 0x04D0, 0x5001, 0xC004, 0xC400,
    0xC800, 0x1D00, 0x0C00, 0x9805, 0xBC00, 0x9801, 0x0000, 0x048C,
    0x0B90, 0x00CC, 0x00D0, 0xD400, 0x5000, 0xD004, 0x8004, 0x080A,
    0x0084, 0x0A80, 0x1D10, 0x0118, 0x0EC0, 0x1803, 0x0C01, 0x3B00,
    0x1330, 0x3B10, 0x0084, 0x000A, 0x0C0A, 0x8008, 0x180C, 0x0002,
    0x01AC, 0x0A00, 0x00A8, 0x905B, 0x0C60, 0x1330, 0x3B10, 0x029C,
    0x02A4, 0x02A0, 0x0002, 0x9806, 0x8400, 0x1100, 0x060C, 0x9808,
    0x0400, 0x3006, 0x1013, 0x043B, 0x0703, 0x0030, 0x0688, 0x00DC,
    0x3053, 0x0C13, 0x0118, 0x03DC, 0x1330, 0x7720, 0xB006, 0x0008,
    0x0684, 0x0088, 0x1401, 0x8802, 0x0214, 0x0294, 0x0910, 0x2084,
    0xD013, 0x0404, 0x0018, 0x0418, 0x0008, 0x1801, 0x4800, 0x4080,
    0x841D, 0x7006, 0x9813, 0x4000, 0x010C, 0x0144, 0x0048, 0x70C9,
    0x981D, 0x0600, 0x014C, 0x0150, 0x0054, 0x0013, 0x01C5, 0xC402,
    0xC801, 0x1801, 0x8001, 0x013B, 0xCC04, 0xD001, 0xD401, 0x1300,
    0x0000,
};
/* frontier_df4_misc_lo_016_1A4C88 (ROM 0x081A4C88): LZ77-compressed in ROM,
 * decompresses to a 1058 B = 529 u16 TSA screen tilemap (every entry is a valid
 * tile-attr: tile 32..992 <1024, palette 0-1, flip bits — NOT a string pool).
 * Already in the correct editable form: the decompressed source .bin rebuilds into
 * ROM byte-exact via the generic %.lz rule. The audit still lists it MISS
 * "string pool" (path-class misnomer) — an audit-false-MISS; fe8u keeps TSA
 * tilemaps binary, so there is no further extraction to do here. */
u8 frontier_df4_misc_lo_016_1A4C88[] __attribute__((section(".data.frontier_df4_misc_lo.gap16"))) = INCBIN_U8("graphics/frontier_df4_misc_lo/frontier_df4_misc_lo_016_1A4C88.bin.lz");
/* frontier_df4_misc_lo_017_1B1878 (ROM 0x081B1878, 5128 B): the unit-class
 * INTERNAL-NAME string pool (FE3_DUMMY, CITIZEN, KOIDO_M, EMPTY_NNN, R08...)
 * + staff-credits role labels, decoded to editable ASCII literals (axis #6).
 * Each name is a NUL-terminated string padded to its original field width via
 * .space; assembles byte-identical to the JP ROM .rodata (make compare).
 * The 257 B gap that follows (0x1B2C80..0x1B2D81) is src/chapterdata.o(.rodata).
 * gap17b (0x1B2D81, 3 zero bytes) is the tail right after it; both lived in the
 * same raw .bin, now fully decoded so the .bin is removed. */
u8 frontier_df4_misc_lo_017_1B1878[] __attribute__((section(".data.frontier_df4_misc_lo.gap17"))) = {
    0x46, 0x45, 0x33, 0x5F, 0x44, 0x55, 0x4D, 0x4D, 0x59, 0x00, 0x00, 0x00,
    0x4C, 0x4F, 0x47, 0x42, 0x52, 0x45, 0x41, 0x4B, 0x00, 0x00, 0x00, 0x00,
    0x57, 0x41, 0x4C, 0x4C, 0x42, 0x52, 0x45, 0x41, 0x4B, 0x00, 0x00, 0x00,
    0x44, 0x55, 0x45, 0x4C, 0x54, 0x41, 0x52, 0x47, 0x45, 0x54, 0x00, 0x00,
    0x4E, 0x4F, 0x54, 0x41, 0x54, 0x54, 0x41, 0x43, 0x4B, 0x00, 0x00, 0x00,
    0x43, 0x49, 0x54, 0x49, 0x5A, 0x45, 0x4E, 0x5F, 0x46, 0x00, 0x00, 0x00,
    0x43, 0x49, 0x56, 0x49, 0x4C, 0x49, 0x41, 0x4E, 0x00, 0x00, 0x00, 0x00,
    0x43, 0x49, 0x54, 0x49, 0x5A, 0x45, 0x4E, 0x00, 0x4B, 0x4F, 0x49, 0x44,
    0x4F, 0x5F, 0x46, 0x00, 0x43, 0x49, 0x54, 0x49, 0x5A, 0x45, 0x4E, 0x32,
    0x5F, 0x46, 0x00, 0x00, 0x4B, 0x4F, 0x49, 0x44, 0x4F, 0x5F, 0x4D, 0x00,
    0x43, 0x49, 0x54, 0x49, 0x5A, 0x45, 0x4E, 0x32, 0x00, 0x00, 0x00, 0x00,
    0x43, 0x48, 0x49, 0x4C, 0x44, 0x5F, 0x46, 0x00, 0x43, 0x48, 0x49, 0x4C,
    0x44, 0x32, 0x5F, 0x46, 0x00, 0x00, 0x00, 0x00, 0x43, 0x48, 0x49, 0x4C,
    0x44, 0x00, 0x00, 0x00, 0x43, 0x48, 0x49, 0x4C, 0x44, 0x32, 0x00, 0x00,
    0x45, 0x4D, 0x50, 0x54, 0x59, 0x5F, 0x32, 0x35, 0x31, 0x00, 0x00, 0x00,
    0x45, 0x4D, 0x50, 0x54, 0x59, 0x5F, 0x32, 0x35, 0x30, 0x00, 0x00, 0x00,
    0x45, 0x4D, 0x50, 0x54, 0x59, 0x5F, 0x32, 0x34, 0x39, 0x00, 0x00, 0x00,
    0x45, 0x4D, 0x50, 0x54, 0x59, 0x5F, 0x32, 0x34, 0x38, 0x00, 0x00, 0x00,
    0x45, 0x4D, 0x50, 0x54, 0x59, 0x5F, 0x32, 0x34, 0x37, 0x00, 0x00, 0x00,
    0x45, 0x4D, 0x50, 0x54, 0x59, 0x5F, 0x32, 0x34, 0x36, 0x00, 0x00, 0x00,
    0x45, 0x4D, 0x50, 0x54, 0x59, 0x5F, 0x32, 0x34, 0x35, 0x00, 0x00, 0x00,
    0x45, 0x4D, 0x50, 0x54, 0x59, 0x5F, 0x32, 0x34, 0x34, 0x00, 0x00, 0x00,
    0x45, 0x4D, 0x50, 0x54, 0x59, 0x5F, 0x32, 0x34, 0x33, 0x00, 0x00, 0x00,
    0x45, 0x4D, 0x50, 0x54, 0x59, 0x5F, 0x32, 0x34, 0x32, 0x00, 0x00, 0x00,
    0x45, 0x4D, 0x50, 0x54, 0x59, 0x5F, 0x32, 0x34, 0x31, 0x00, 0x00, 0x00,
    0x45, 0x4D, 0x50, 0x54, 0x59, 0x5F, 0x32, 0x34, 0x30, 0x00, 0x00, 0x00,
    0x45, 0x4D, 0x50, 0x54, 0x59, 0x5F, 0x32, 0x33, 0x39, 0x00, 0x00, 0x00,
    0x45, 0x4D, 0x50, 0x54, 0x59, 0x5F, 0x32, 0x33, 0x38, 0x00, 0x00, 0x00,
    0x45, 0x4D, 0x50, 0x54, 0x59, 0x5F, 0x32, 0x33, 0x37, 0x00, 0x00, 0x00,
    0x45, 0x4D, 0x50, 0x54, 0x59, 0x5F, 0x32, 0x33, 0x36, 0x00, 0x00, 0x00,
    0x45, 0x4D, 0x50, 0x54, 0x59, 0x5F, 0x32, 0x33, 0x35, 0x00, 0x00, 0x00,
    0x45, 0x4D, 0x50, 0x54, 0x59, 0x5F, 0x32, 0x33, 0x34, 0x00, 0x00, 0x00,
    0x45, 0x4D, 0x50, 0x54, 0x59, 0x5F, 0x32, 0x33, 0x33, 0x00, 0x00, 0x00,
    0x45, 0x4D, 0x50, 0x54, 0x59, 0x5F, 0x32, 0x33, 0x32, 0x00, 0x00, 0x00,
    0x45, 0x4D, 0x50, 0x54, 0x59, 0x5F, 0x32, 0x33, 0x31, 0x00, 0x00, 0x00,
    0x45, 0x4D, 0x50, 0x54, 0x59, 0x5F, 0x32, 0x33, 0x30, 0x00, 0x00, 0x00,
    0x45, 0x4D, 0x50, 0x54, 0x59, 0x5F, 0x32, 0x32, 0x39, 0x00, 0x00, 0x00,
    0x45, 0x4D, 0x50, 0x54, 0x59, 0x5F, 0x32, 0x32, 0x38, 0x00, 0x00, 0x00,
    0x45, 0x4D, 0x50, 0x54, 0x59, 0x5F, 0x32, 0x32, 0x37, 0x00, 0x00, 0x00,
    0x45, 0x4D, 0x50, 0x54, 0x59, 0x5F, 0x32, 0x32, 0x36, 0x00, 0x00, 0x00,
    0x45, 0x4D, 0x50, 0x54, 0x59, 0x5F, 0x32, 0x32, 0x35, 0x00, 0x00, 0x00,
    0x45, 0x4D, 0x50, 0x54, 0x59, 0x5F, 0x32, 0x32, 0x34, 0x00, 0x00, 0x00,
    0x45, 0x4D, 0x50, 0x54, 0x59, 0x5F, 0x32, 0x32, 0x33, 0x00, 0x00, 0x00,
    0x45, 0x4D, 0x50, 0x54, 0x59, 0x5F, 0x32, 0x32, 0x32, 0x00, 0x00, 0x00,
    0x45, 0x4D, 0x50, 0x54, 0x59, 0x5F, 0x32, 0x32, 0x31, 0x00, 0x00, 0x00,
    0x45, 0x4D, 0x50, 0x54, 0x59, 0x5F, 0x32, 0x32, 0x30, 0x00, 0x00, 0x00,
    0x45, 0x4D, 0x50, 0x54, 0x59, 0x5F, 0x32, 0x31, 0x39, 0x00, 0x00, 0x00,
    0x45, 0x4D, 0x50, 0x54, 0x59, 0x5F, 0x32, 0x31, 0x38, 0x00, 0x00, 0x00,
    0x45, 0x4D, 0x50, 0x54, 0x59, 0x5F, 0x32, 0x31, 0x37, 0x00, 0x00, 0x00,
    0x45, 0x4D, 0x50, 0x54, 0x59, 0x5F, 0x32, 0x31, 0x36, 0x00, 0x00, 0x00,
    0x45, 0x4D, 0x50, 0x54, 0x59, 0x5F, 0x32, 0x31, 0x35, 0x00, 0x00, 0x00,
    0x52, 0x4F, 0x53, 0x54, 0x4F, 0x4E, 0x5F, 0x53, 0x4F, 0x4C, 0x44, 0x49,
    0x45, 0x52, 0x32, 0x00, 0x52, 0x4F, 0x53, 0x54, 0x4F, 0x4E, 0x5F, 0x53,
    0x4F, 0x4C, 0x44, 0x49, 0x45, 0x52, 0x00, 0x00, 0x4D, 0x45, 0x53, 0x53,
    0x45, 0x4E, 0x47, 0x45, 0x52, 0x31, 0x00, 0x00, 0x49, 0x53, 0x48, 0x55,
    0x4D, 0x41, 0x52, 0x45, 0x00, 0x00, 0x00, 0x00, 0x44, 0x52, 0x55, 0x49,
    0x44, 0x00, 0x00, 0x00, 0x44, 0x41, 0x52, 0x41, 0x00, 0x00, 0x00, 0x00,
    0x4B, 0x4C, 0x49, 0x4D, 0x54, 0x00, 0x00, 0x00, 0x50, 0x4F, 0x50, 0x45,
    0x00, 0x00, 0x00, 0x00, 0x4D, 0x41, 0x4E, 0x53, 0x45, 0x4C, 0x4C, 0x00,
    0x50, 0x45, 0x45, 0x52, 0x00, 0x00, 0x00, 0x00, 0x48, 0x41, 0x59, 0x44,
    0x45, 0x4E, 0x00, 0x00, 0x45, 0x4D, 0x50, 0x54, 0x59, 0x5F, 0x31, 0x38,
    0x39, 0x00, 0x00, 0x00, 0x46, 0x41, 0x44, 0x4F, 0x00, 0x00, 0x00, 0x00,
    0x45, 0x4D, 0x50, 0x54, 0x59, 0x5F, 0x31, 0x38, 0x37, 0x00, 0x00, 0x00,
    0x45, 0x4D, 0x50, 0x54, 0x59, 0x5F, 0x31, 0x38, 0x36, 0x00, 0x00, 0x00,
    0x45, 0x4D, 0x50, 0x54, 0x59, 0x5F, 0x31, 0x38, 0x35, 0x00, 0x00, 0x00,
    0x46, 0x52, 0x45, 0x52, 0x49, 0x41, 0x5F, 0x53, 0x4F, 0x43, 0x49, 0x41,
    0x4C, 0x4B, 0x4E, 0x49, 0x47, 0x48, 0x54, 0x00, 0x46, 0x52, 0x45, 0x52,
    0x49, 0x41, 0x5F, 0x53, 0x57, 0x4F, 0x52, 0x44, 0x46, 0x49, 0x47, 0x48,
    0x54, 0x45, 0x52, 0x00, 0x45, 0x4D, 0x50, 0x54, 0x59, 0x5F, 0x31, 0x38,
    0x32, 0x00, 0x00, 0x00, 0x46, 0x4F, 0x44, 0x45, 0x54, 0x48, 0x00, 0x00,
    0x44, 0x52, 0x41, 0x47, 0x4F, 0x4E, 0x5A, 0x4F, 0x4D, 0x42, 0x49, 0x45,
    0x00, 0x00, 0x00, 0x00, 0x47, 0x41, 0x52, 0x47, 0x4F, 0x59, 0x4C, 0x45,
    0x00, 0x00, 0x00, 0x00, 0x47, 0x4F, 0x52, 0x47, 0x4F, 0x4E, 0x45, 0x47,
    0x47, 0x00, 0x00, 0x00, 0x44, 0x45, 0x54, 0x48, 0x42, 0x49, 0x47, 0x4C,
    0x00, 0x00, 0x00, 0x00, 0x42, 0x49, 0x47, 0x4C, 0x00, 0x00, 0x00, 0x00,
    0x54, 0x41, 0x52, 0x56, 0x4F, 0x53, 0x00, 0x00, 0x43, 0x45, 0x52, 0x42,
    0x45, 0x52, 0x55, 0x53, 0x00, 0x00, 0x00, 0x00, 0x4D, 0x41, 0x55, 0x54,
    0x48, 0x45, 0x44, 0x4F, 0x4F, 0x47, 0x00, 0x00, 0x44, 0x45, 0x54, 0x48,
    0x42, 0x41, 0x45, 0x4C, 0x00, 0x00, 0x00, 0x00, 0x42, 0x41, 0x45, 0x4C,
    0x00, 0x00, 0x00, 0x00, 0x48, 0x45, 0x4C, 0x4C, 0x53, 0x4B, 0x45, 0x4C,
    0x45, 0x54, 0x4F, 0x4E, 0x5F, 0x41, 0x00, 0x00, 0x53, 0x4B, 0x45, 0x4C,
    0x45, 0x54, 0x4F, 0x4E, 0x5F, 0x41, 0x00, 0x00, 0x53, 0x4B, 0x45, 0x4C,
    0x45, 0x54, 0x4F, 0x4E, 0x5F, 0x53, 0x00, 0x00, 0x5A, 0x4F, 0x4D, 0x42,
    0x49, 0x45, 0x00, 0x00, 0x5A, 0x4F, 0x4E, 0x42, 0x49, 0x45, 0x00, 0x00,
    0x43, 0x41, 0x52, 0x43, 0x49, 0x4E, 0x4F, 0x5F, 0x52, 0x45, 0x4D, 0x4E,
    0x41, 0x4E, 0x54, 0x53, 0x00, 0x00, 0x00, 0x00, 0x43, 0x41, 0x52, 0x43,
    0x49, 0x4E, 0x4F, 0x5F, 0x4D, 0x45, 0x52, 0x43, 0x45, 0x4E, 0x41, 0x52,
    0x59, 0x00, 0x00, 0x00, 0x45, 0x4D, 0x50, 0x54, 0x59, 0x5F, 0x31, 0x35,
    0x39, 0x00, 0x00, 0x00, 0x45, 0x4D, 0x50, 0x54, 0x59, 0x5F, 0x31, 0x35,
    0x38, 0x00, 0x00, 0x00, 0x45, 0x4D, 0x50, 0x54, 0x59, 0x5F, 0x31, 0x35,
    0x37, 0x00, 0x00, 0x00, 0x45, 0x4D, 0x50, 0x54, 0x59, 0x5F, 0x31, 0x35,
    0x36, 0x00, 0x00, 0x00, 0x45, 0x4D, 0x50, 0x54, 0x59, 0x5F, 0x31, 0x35,
    0x35, 0x00, 0x00, 0x00, 0x45, 0x4D, 0x50, 0x54, 0x59, 0x5F, 0x31, 0x35,
    0x34, 0x00, 0x00, 0x00, 0x45, 0x4D, 0x50, 0x54, 0x59, 0x5F, 0x31, 0x35,
    0x33, 0x00, 0x00, 0x00, 0x45, 0x4D, 0x50, 0x54, 0x59, 0x5F, 0x31, 0x35,
    0x32, 0x00, 0x00, 0x00, 0x45, 0x4D, 0x50, 0x54, 0x59, 0x5F, 0x31, 0x35,
    0x31, 0x00, 0x00, 0x00, 0x45, 0x4D, 0x50, 0x54, 0x59, 0x5F, 0x31, 0x35,
    0x30, 0x00, 0x00, 0x00, 0x45, 0x4D, 0x50, 0x54, 0x59, 0x5F, 0x31, 0x34,
    0x39, 0x00, 0x00, 0x00, 0x45, 0x4D, 0x50, 0x54, 0x59, 0x5F, 0x31, 0x34,
    0x38, 0x00, 0x00, 0x00, 0x45, 0x4D, 0x50, 0x54, 0x59, 0x5F, 0x31, 0x34,
    0x37, 0x00, 0x00, 0x00, 0x45, 0x4D, 0x50, 0x54, 0x59, 0x5F, 0x31, 0x34,
    0x36, 0x00, 0x00, 0x00, 0x45, 0x4D, 0x50, 0x54, 0x59, 0x5F, 0x31, 0x34,
    0x35, 0x00, 0x00, 0x00, 0x45, 0x4D, 0x50, 0x54, 0x59, 0x5F, 0x31, 0x34,
    0x34, 0x00, 0x00, 0x00, 0x45, 0x4D, 0x50, 0x54, 0x59, 0x5F, 0x31, 0x34,
    0x33, 0x00, 0x00, 0x00, 0x45, 0x4D, 0x50, 0x54, 0x59, 0x5F, 0x31, 0x34,
    0x32, 0x00, 0x00, 0x00, 0x45, 0x4D, 0x50, 0x54, 0x59, 0x5F, 0x31, 0x34,
    0x31, 0x00, 0x00, 0x00, 0x45, 0x4D, 0x50, 0x54, 0x59, 0x5F, 0x31, 0x34,
    0x30, 0x00, 0x00, 0x00, 0x45, 0x4D, 0x50, 0x54, 0x59, 0x5F, 0x31, 0x33,
    0x39, 0x00, 0x00, 0x00, 0x47, 0x52, 0x41, 0x44, 0x5F, 0x52, 0x45, 0x4D,
    0x4E, 0x41, 0x4E, 0x54, 0x53, 0x34, 0x00, 0x00, 0x47, 0x52, 0x41, 0x44,
    0x5F, 0x52, 0x45, 0x4D, 0x4E, 0x41, 0x4E, 0x54, 0x53, 0x33, 0x00, 0x00,
    0x47, 0x52, 0x41, 0x44, 0x5F, 0x52, 0x45, 0x4D, 0x4E, 0x41, 0x4E, 0x54,
    0x53, 0x32, 0x00, 0x00, 0x42, 0x41, 0x4E, 0x44, 0x49, 0x54, 0x5F, 0x42,
    0x41, 0x5A, 0x42, 0x41, 0x00, 0x00, 0x00, 0x00, 0x47, 0x52, 0x41, 0x44,
    0x5F, 0x52, 0x45, 0x4D, 0x4E, 0x41, 0x4E, 0x54, 0x53, 0x00, 0x00, 0x00,
    0x47, 0x52, 0x41, 0x44, 0x5F, 0x31, 0x30, 0x00, 0x47, 0x52, 0x41, 0x44,
    0x5F, 0x30, 0x39, 0x00, 0x47, 0x52, 0x41, 0x44, 0x5F, 0x30, 0x38, 0x00,
    0x47, 0x52, 0x41, 0x44, 0x5F, 0x30, 0x37, 0x00, 0x47, 0x52, 0x41, 0x44,
    0x5F, 0x30, 0x36, 0x00, 0x47, 0x52, 0x41, 0x44, 0x5F, 0x30, 0x35, 0x00,
    0x47, 0x52, 0x41, 0x44, 0x5F, 0x30, 0x34, 0x00, 0x47, 0x52, 0x41, 0x44,
    0x5F, 0x30, 0x33, 0x00, 0x47, 0x52, 0x41, 0x44, 0x5F, 0x30, 0x32, 0x00,
    0x53, 0x4F, 0x4C, 0x44, 0x49, 0x45, 0x52, 0x00, 0x47, 0x52, 0x41, 0x44,
    0x5F, 0x30, 0x31, 0x00, 0x47, 0x52, 0x41, 0x44, 0x5F, 0x46, 0x49, 0x47,
    0x48, 0x54, 0x45, 0x52, 0x32, 0x00, 0x00, 0x00, 0x47, 0x52, 0x41, 0x44,
    0x5F, 0x41, 0x52, 0x43, 0x48, 0x45, 0x52, 0x00, 0x47, 0x52, 0x41, 0x44,
    0x5F, 0x46, 0x49, 0x47, 0x48, 0x54, 0x45, 0x52, 0x00, 0x00, 0x00, 0x00,
    0x47, 0x52, 0x41, 0x44, 0x5F, 0x4C, 0x30, 0x36, 0x00, 0x00, 0x00, 0x00,
    0x45, 0x4D, 0x50, 0x54, 0x59, 0x5F, 0x31, 0x32, 0x31, 0x00, 0x00, 0x00,
    0x45, 0x4D, 0x50, 0x54, 0x59, 0x5F, 0x31, 0x32, 0x30, 0x00, 0x00, 0x00,
    0x45, 0x4D, 0x50, 0x54, 0x59, 0x5F, 0x31, 0x31, 0x39, 0x00, 0x00, 0x00,
    0x45, 0x4D, 0x50, 0x54, 0x59, 0x5F, 0x31, 0x31, 0x38, 0x00, 0x00, 0x00,
    0x45, 0x4D, 0x50, 0x54, 0x59, 0x5F, 0x31, 0x31, 0x37, 0x00, 0x00, 0x00,
    0x45, 0x4D, 0x50, 0x54, 0x59, 0x5F, 0x31, 0x31, 0x36, 0x00, 0x00, 0x00,
    0x45, 0x4D, 0x50, 0x54, 0x59, 0x5F, 0x31, 0x31, 0x35, 0x00, 0x00, 0x00,
    0x45, 0x4D, 0x50, 0x54, 0x59, 0x5F, 0x31, 0x31, 0x34, 0x00, 0x00, 0x00,
    0x45, 0x4D, 0x50, 0x54, 0x59, 0x5F, 0x31, 0x31, 0x33, 0x00, 0x00, 0x00,
    0x45, 0x4D, 0x50, 0x54, 0x59, 0x5F, 0x31, 0x31, 0x32, 0x00, 0x00, 0x00,
    0x45, 0x4D, 0x50, 0x54, 0x59, 0x5F, 0x31, 0x31, 0x31, 0x00, 0x00, 0x00,
    0x45, 0x4D, 0x50, 0x54, 0x59, 0x5F, 0x31, 0x31, 0x30, 0x00, 0x00, 0x00,
    0x45, 0x4D, 0x50, 0x54, 0x59, 0x5F, 0x31, 0x30, 0x39, 0x00, 0x00, 0x00,
    0x45, 0x4D, 0x50, 0x54, 0x59, 0x5F, 0x31, 0x30, 0x38, 0x00, 0x00, 0x00,
    0x45, 0x4D, 0x50, 0x54, 0x59, 0x5F, 0x31, 0x30, 0x37, 0x00, 0x00, 0x00,
    0x45, 0x4D, 0x50, 0x54, 0x59, 0x5F, 0x31, 0x30, 0x36, 0x00, 0x00, 0x00,
    0x45, 0x4D, 0x50, 0x54, 0x59, 0x5F, 0x31, 0x30, 0x35, 0x00, 0x00, 0x00,
    0x4F, 0x4C, 0x53, 0x53, 0x4F, 0x4E, 0x32, 0x00, 0x4C, 0x59, 0x4F, 0x4E,
    0x32, 0x00, 0x00, 0x00, 0x56, 0x49, 0x47, 0x41, 0x52, 0x44, 0x00, 0x00,
    0x5A, 0x4F, 0x4E, 0x54, 0x41, 0x00, 0x00, 0x00, 0x47, 0x4C, 0x45, 0x4E,
    0x00, 0x00, 0x00, 0x00, 0x4F, 0x4E, 0x45, 0x49, 0x4C, 0x4C, 0x00, 0x00,
    0x42, 0x41, 0x4E, 0x44, 0x49, 0x54, 0x32, 0x00, 0x42, 0x41, 0x4E, 0x44,
    0x49, 0x54, 0x31, 0x00, 0x42, 0x41, 0x4E, 0x44, 0x49, 0x54, 0x33, 0x00,
    0x54, 0x52, 0x45, 0x41, 0x53, 0x55, 0x52, 0x45, 0x48, 0x55, 0x4E, 0x54,
    0x45, 0x52, 0x00, 0x00, 0x45, 0x4D, 0x50, 0x54, 0x59, 0x5F, 0x30, 0x39,
    0x34, 0x00, 0x00, 0x00, 0x45, 0x4D, 0x50, 0x54, 0x59, 0x5F, 0x30, 0x39,
    0x33, 0x00, 0x00, 0x00, 0x45, 0x4D, 0x50, 0x54, 0x59, 0x5F, 0x30, 0x39,
    0x32, 0x00, 0x00, 0x00, 0x45, 0x4D, 0x50, 0x54, 0x59, 0x5F, 0x30, 0x39,
    0x31, 0x00, 0x00, 0x00, 0x4D, 0x4F, 0x53, 0x54, 0x45, 0x52, 0x5F, 0x42,
    0x4F, 0x53, 0x53, 0x00, 0x44, 0x45, 0x54, 0x48, 0x47, 0x41, 0x52, 0x47,
    0x4F, 0x59, 0x4C, 0x45, 0x00, 0x00, 0x00, 0x00, 0x4D, 0x4F, 0x4E, 0x53,
    0x54, 0x45, 0x52, 0x5F, 0x69, 0x31, 0x30, 0x78, 0x00, 0x00, 0x00, 0x00,
    0x48, 0x45, 0x4C, 0x4C, 0x53, 0x4B, 0x45, 0x4C, 0x45, 0x54, 0x4F, 0x4E,
    0x5F, 0x53, 0x00, 0x00, 0x4D, 0x4F, 0x4E, 0x53, 0x54, 0x45, 0x52, 0x5F,
    0x45, 0x31, 0x30, 0x78, 0x00, 0x00, 0x00, 0x00, 0x43, 0x59, 0x43, 0x4C,
    0x4F, 0x50, 0x53, 0x00, 0x43, 0x59, 0x43, 0x4C, 0x4F, 0x50, 0x53, 0x5F,
    0x69, 0x31, 0x31, 0x00, 0x42, 0x45, 0x52, 0x4E, 0x41, 0x00, 0x00, 0x00,
    0x47, 0x45, 0x42, 0x00, 0x45, 0x4D, 0x50, 0x54, 0x59, 0x5F, 0x30, 0x38,
    0x34, 0x00, 0x00, 0x00, 0x45, 0x4D, 0x50, 0x54, 0x59, 0x5F, 0x30, 0x38,
    0x33, 0x00, 0x00, 0x00, 0x49, 0x52, 0x56, 0x00, 0x47, 0x4F, 0x52, 0x47,
    0x4F, 0x4E, 0x00, 0x00, 0x44, 0x45, 0x4D, 0x49, 0x00, 0x00, 0x00, 0x00,
    0x45, 0x4D, 0x50, 0x54, 0x59, 0x5F, 0x30, 0x38, 0x30, 0x00, 0x00, 0x00,
    0x50, 0x41, 0x42, 0x4C, 0x4F, 0x5F, 0x45, 0x31, 0x32, 0x00, 0x00, 0x00,
    0x43, 0x45, 0x54, 0x48, 0x45, 0x4C, 0x52, 0x45, 0x44, 0x41, 0x00, 0x00,
    0x43, 0x41, 0x52, 0x4C, 0x59, 0x4C, 0x45, 0x00, 0x41, 0x49, 0x41, 0x53,
    0x00, 0x00, 0x00, 0x00, 0x4D, 0x41, 0x43, 0x44, 0x41, 0x49, 0x52, 0x45,
    0x00, 0x00, 0x00, 0x00, 0x4D, 0x41, 0x43, 0x44, 0x41, 0x49, 0x52, 0x45,
    0x5F, 0x65, 0x31, 0x31, 0x00, 0x00, 0x00, 0x00, 0x50, 0x41, 0x42, 0x4C,
    0x4F, 0x00, 0x00, 0x00, 0x57, 0x41, 0x52, 0x52, 0x49, 0x4F, 0x52, 0x00,
    0x42, 0x49, 0x4E, 0x4B, 0x53, 0x00, 0x00, 0x00, 0x54, 0x49, 0x52, 0x41,
    0x44, 0x4F, 0x00, 0x00, 0x4D, 0x55, 0x52, 0x52, 0x41, 0x59, 0x00, 0x00,
    0x4E, 0x4F, 0x56, 0x45, 0x4C, 0x41, 0x00, 0x00, 0x53, 0x41, 0x41, 0x52,
    0x00, 0x00, 0x00, 0x00, 0x4D, 0x55, 0x4D, 0x4D, 0x59, 0x00, 0x00, 0x00,
    0x4D, 0x55, 0x4D, 0x4D, 0x59, 0x5F, 0x4C, 0x30, 0x34, 0x00, 0x00, 0x00,
    0x42, 0x41, 0x5A, 0x42, 0x41, 0x00, 0x00, 0x00, 0x42, 0x4F, 0x4E, 0x00,
    0x42, 0x52, 0x45, 0x47, 0x55, 0x45, 0x54, 0x00, 0x57, 0x41, 0x4C, 0x54,
    0x45, 0x52, 0x5F, 0x4C, 0x30, 0x30, 0x00, 0x00, 0x43, 0x45, 0x4C, 0x49,
    0x4E, 0x41, 0x00, 0x00, 0x57, 0x41, 0x4C, 0x54, 0x45, 0x52, 0x00, 0x00,
    0x4F, 0x4C, 0x53, 0x53, 0x4F, 0x4E, 0x00, 0x00, 0x4D, 0x4F, 0x52, 0x56,
    0x41, 0x00, 0x00, 0x00, 0x4C, 0x59, 0x4F, 0x4E, 0x00, 0x00, 0x00, 0x00,
    0x50, 0x48, 0x41, 0x4E, 0x54, 0x4F, 0x4D, 0x5F, 0x46, 0x49, 0x47, 0x48,
    0x54, 0x45, 0x52, 0x30, 0x31, 0x00, 0x00, 0x00, 0x50, 0x48, 0x41, 0x4E,
    0x54, 0x4F, 0x4D, 0x5F, 0x46, 0x49, 0x47, 0x48, 0x54, 0x45, 0x52, 0x30,
    0x32, 0x00, 0x00, 0x00, 0x45, 0x4D, 0x50, 0x54, 0x59, 0x5F, 0x30, 0x35,
    0x37, 0x00, 0x00, 0x00, 0x53, 0x55, 0x4D, 0x4D, 0x4F, 0x4E, 0x45, 0x52,
    0x00, 0x00, 0x00, 0x00, 0x45, 0x4D, 0x50, 0x54, 0x59, 0x5F, 0x30, 0x35,
    0x36, 0x00, 0x00, 0x00, 0x50, 0x48, 0x41, 0x4E, 0x54, 0x4F, 0x4D, 0x00,
    0x50, 0x48, 0x41, 0x4E, 0x54, 0x4F, 0x4D, 0x5F, 0x46, 0x49, 0x47, 0x48,
    0x54, 0x45, 0x52, 0x30, 0x33, 0x00, 0x00, 0x00, 0x45, 0x4D, 0x50, 0x54,
    0x59, 0x5F, 0x30, 0x35, 0x34, 0x00, 0x00, 0x00, 0x45, 0x4D, 0x50, 0x54,
    0x59, 0x5F, 0x30, 0x35, 0x33, 0x00, 0x00, 0x00, 0x45, 0x4D, 0x50, 0x54,
    0x59, 0x5F, 0x30, 0x35, 0x32, 0x00, 0x00, 0x00, 0x45, 0x4D, 0x50, 0x54,
    0x59, 0x5F, 0x30, 0x35, 0x31, 0x00, 0x00, 0x00, 0x45, 0x4D, 0x50, 0x54,
    0x59, 0x5F, 0x30, 0x35, 0x30, 0x00, 0x00, 0x00, 0x45, 0x4D, 0x50, 0x54,
    0x59, 0x5F, 0x30, 0x34, 0x39, 0x00, 0x00, 0x00, 0x45, 0x4D, 0x50, 0x54,
    0x59, 0x5F, 0x30, 0x34, 0x38, 0x00, 0x00, 0x00, 0x45, 0x4D, 0x50, 0x54,
    0x59, 0x5F, 0x30, 0x34, 0x37, 0x00, 0x00, 0x00, 0x45, 0x4D, 0x50, 0x54,
    0x59, 0x5F, 0x30, 0x34, 0x36, 0x00, 0x00, 0x00, 0x45, 0x4D, 0x50, 0x54,
    0x59, 0x5F, 0x30, 0x34, 0x35, 0x00, 0x00, 0x00, 0x45, 0x4D, 0x50, 0x54,
    0x59, 0x5F, 0x30, 0x34, 0x34, 0x00, 0x00, 0x00, 0x45, 0x4D, 0x50, 0x54,
    0x59, 0x5F, 0x30, 0x34, 0x33, 0x00, 0x00, 0x00, 0x45, 0x4D, 0x50, 0x54,
    0x59, 0x5F, 0x30, 0x34, 0x32, 0x00, 0x00, 0x00, 0x45, 0x4D, 0x50, 0x54,
    0x59, 0x5F, 0x30, 0x34, 0x31, 0x00, 0x00, 0x00, 0x46, 0x4F, 0x52, 0x52,
    0x45, 0x53, 0x54, 0x4B, 0x4E, 0x49, 0x47, 0x48, 0x54, 0x00, 0x00, 0x00,
    0x48, 0x41, 0x59, 0x44, 0x45, 0x4E, 0x5F, 0x43, 0x00, 0x00, 0x00, 0x00,
    0x53, 0x57, 0x4F, 0x52, 0x44, 0x4D, 0x41, 0x53, 0x54, 0x45, 0x52, 0x00,
    0x49, 0x53, 0x48, 0x55, 0x4D, 0x41, 0x52, 0x45, 0x5F, 0x43, 0x00, 0x00,
    0x47, 0x45, 0x4E, 0x45, 0x52, 0x41, 0x4C, 0x00, 0x46, 0x41, 0x44, 0x4F,
    0x5F, 0x43, 0x00, 0x00, 0x48, 0x45, 0x52, 0x4F, 0x00, 0x00, 0x00, 0x00,
    0x43, 0x45, 0x54, 0x48, 0x45, 0x4C, 0x52, 0x45, 0x44, 0x41, 0x5F, 0x43,
    0x00, 0x00, 0x00, 0x00, 0x42, 0x49, 0x53, 0x48, 0x4F, 0x50, 0x00, 0x00,
    0x49, 0x52, 0x56, 0x5F, 0x43, 0x00, 0x00, 0x00, 0x57, 0x59, 0x56, 0x45,
    0x52, 0x4E, 0x4B, 0x4E, 0x49, 0x47, 0x48, 0x54, 0x00, 0x00, 0x00, 0x00,
    0x57, 0x41, 0x4C, 0x54, 0x45, 0x52, 0x5F, 0x43, 0x00, 0x00, 0x00, 0x00,
    0x4D, 0x41, 0x47, 0x45, 0x4B, 0x4E, 0x49, 0x47, 0x48, 0x54, 0x00, 0x00,
    0x43, 0x45, 0x4C, 0x49, 0x4E, 0x41, 0x5F, 0x43, 0x00, 0x00, 0x00, 0x00,
    0x44, 0x52, 0x41, 0x47, 0x4F, 0x4E, 0x4D, 0x41, 0x53, 0x54, 0x45, 0x52,
    0x00, 0x00, 0x00, 0x00, 0x47, 0x4C, 0x45, 0x4E, 0x5F, 0x43, 0x00, 0x00,
    0x4F, 0x4C, 0x53, 0x53, 0x4F, 0x4E, 0x5F, 0x43, 0x00, 0x00, 0x00, 0x00,
    0x4E, 0x45, 0x43, 0x52, 0x4F, 0x4D, 0x41, 0x4E, 0x43, 0x45, 0x52, 0x00,
    0x4C, 0x59, 0x4F, 0x4E, 0x5F, 0x43, 0x00, 0x00, 0x54, 0x55, 0x52, 0x4E,
    0x45, 0x52, 0x00, 0x00, 0x46, 0x41, 0x4C, 0x43, 0x4F, 0x4E, 0x4B, 0x4E,
    0x49, 0x47, 0x48, 0x54, 0x5F, 0x46, 0x00, 0x00, 0x53, 0x59, 0x52, 0x45,
    0x4E, 0x45, 0x00, 0x00, 0x4A, 0x48, 0x4F, 0x53, 0x55, 0x41, 0x00, 0x00,
    0x53, 0x48, 0x41, 0x4D, 0x41, 0x4E, 0x00, 0x00, 0x4B, 0x4E, 0x4F, 0x4C,
    0x4C, 0x00, 0x00, 0x00, 0x4D, 0x41, 0x4D, 0x4B, 0x55, 0x54, 0x45, 0x00,
    0x4D, 0x59, 0x52, 0x52, 0x48, 0x00, 0x00, 0x00, 0x47, 0x52, 0x45, 0x41,
    0x54, 0x4B, 0x4E, 0x49, 0x47, 0x48, 0x54, 0x00, 0x44, 0x55, 0x53, 0x53,
    0x45, 0x4C, 0x00, 0x00, 0x52, 0x4F, 0x47, 0x55, 0x45, 0x00, 0x00, 0x00,
    0x52, 0x45, 0x4E, 0x4E, 0x41, 0x43, 0x00, 0x00, 0x4D, 0x4F, 0x55, 0x4E,
    0x54, 0x41, 0x49, 0x4E, 0x54, 0x48, 0x49, 0x45, 0x46, 0x00, 0x00, 0x00,
    0x45, 0x4D, 0x50, 0x54, 0x59, 0x5F, 0x30, 0x32, 0x33, 0x00, 0x00, 0x00,
    0x42, 0x45, 0x52, 0x53, 0x45, 0x52, 0x4B, 0x45, 0x52, 0x00, 0x00, 0x00,
    0x44, 0x4F, 0x5A, 0x5A, 0x4C, 0x41, 0x00, 0x00, 0x54, 0x52, 0x4F, 0x55,
    0x42, 0x41, 0x44, 0x4F, 0x55, 0x52, 0x5F, 0x46, 0x00, 0x00, 0x00, 0x00,
    0x4C, 0x41, 0x52, 0x43, 0x48, 0x45, 0x4C, 0x00, 0x50, 0x52, 0x4F, 0x42,
    0x41, 0x54, 0x49, 0x4F, 0x4E, 0x5F, 0x4D, 0x41, 0x47, 0x45, 0x00, 0x00,
    0x45, 0x57, 0x41, 0x4E, 0x00, 0x00, 0x00, 0x00, 0x53, 0x41, 0x47, 0x45,
    0x00, 0x00, 0x00, 0x00, 0x53, 0x41, 0x4C, 0x45, 0x48, 0x00, 0x00, 0x00,
    0x53, 0x57, 0x4F, 0x52, 0x44, 0x46, 0x49, 0x47, 0x48, 0x54, 0x45, 0x52,
    0x00, 0x00, 0x00, 0x00, 0x4D, 0x41, 0x52, 0x49, 0x43, 0x41, 0x00, 0x00,
    0x44, 0x41, 0x4E, 0x43, 0x45, 0x52, 0x5F, 0x46, 0x00, 0x00, 0x00, 0x00,
    0x54, 0x45, 0x54, 0x48, 0x59, 0x53, 0x00, 0x00, 0x4D, 0x45, 0x52, 0x43,
    0x45, 0x4E, 0x41, 0x52, 0x59, 0x00, 0x00, 0x00, 0x58, 0x59, 0x53, 0x54,
    0x00, 0x00, 0x00, 0x00, 0x4D, 0x4F, 0x4E, 0x4B, 0x00, 0x00, 0x00, 0x00,
    0x41, 0x53, 0x53, 0x45, 0x52, 0x41, 0x59, 0x00, 0x50, 0x52, 0x4F, 0x42,
    0x41, 0x54, 0x49, 0x4F, 0x4E, 0x5F, 0x46, 0x4C, 0x59, 0x5F, 0x46, 0x00,
    0x41, 0x4D, 0x45, 0x4C, 0x49, 0x41, 0x00, 0x00, 0x4B, 0x59, 0x4C, 0x45,
    0x00, 0x00, 0x00, 0x00, 0x46, 0x4F, 0x52, 0x44, 0x45, 0x00, 0x00, 0x00,
    0x49, 0x52, 0x5A, 0x41, 0x52, 0x4B, 0x00, 0x00, 0x44, 0x52, 0x41, 0x47,
    0x4F, 0x4E, 0x4B, 0x4E, 0x49, 0x47, 0x48, 0x54, 0x00, 0x00, 0x00, 0x00,
    0x43, 0x55, 0x47, 0x41, 0x52, 0x00, 0x00, 0x00, 0x50, 0x52, 0x49, 0x45,
    0x53, 0x54, 0x5F, 0x46, 0x00, 0x00, 0x00, 0x00, 0x4E, 0x41, 0x54, 0x41,
    0x53, 0x48, 0x41, 0x00, 0x4D, 0x41, 0x47, 0x45, 0x00, 0x00, 0x00, 0x00,
    0x4C, 0x55, 0x54, 0x45, 0x00, 0x00, 0x00, 0x00, 0x53, 0x4E, 0x49, 0x50,
    0x45, 0x52, 0x00, 0x00, 0x48, 0x45, 0x41, 0x4E, 0x49, 0x55, 0x53, 0x00,
    0x46, 0x49, 0x47, 0x48, 0x54, 0x45, 0x52, 0x00, 0x42, 0x4F, 0x52, 0x42,
    0x41, 0x00, 0x00, 0x00, 0x54, 0x48, 0x49, 0x45, 0x46, 0x00, 0x00, 0x00,
    0x43, 0x4F, 0x4D, 0x41, 0x00, 0x00, 0x00, 0x00, 0x41, 0x52, 0x43, 0x48,
    0x45, 0x52, 0x00, 0x00, 0x4D, 0x41, 0x52, 0x59, 0x00, 0x00, 0x00, 0x00,
    0x50, 0x52, 0x4F, 0x42, 0x41, 0x54, 0x49, 0x4F, 0x4E, 0x5F, 0x53, 0x4F,
    0x4C, 0x44, 0x49, 0x45, 0x52, 0x00, 0x00, 0x00, 0x52, 0x4F, 0x53, 0x53,
    0x00, 0x00, 0x00, 0x00, 0x50, 0x45, 0x47, 0x41, 0x53, 0x55, 0x53, 0x4B,
    0x4E, 0x49, 0x47, 0x48, 0x54, 0x5F, 0x46, 0x00, 0x56, 0x41, 0x4E, 0x45,
    0x53, 0x53, 0x41, 0x00, 0x50, 0x52, 0x49, 0x45, 0x53, 0x54, 0x00, 0x00,
    0x4D, 0x55, 0x4C, 0x44, 0x45, 0x52, 0x00, 0x00, 0x53, 0x4F, 0x43, 0x49,
    0x41, 0x4C, 0x4B, 0x4E, 0x49, 0x47, 0x48, 0x54, 0x00, 0x00, 0x00, 0x00,
    0x46, 0x52, 0x41, 0x4E, 0x5A, 0x00, 0x00, 0x00, 0x41, 0x52, 0x4D, 0x4F,
    0x52, 0x4B, 0x4E, 0x49, 0x47, 0x48, 0x54, 0x00, 0x47, 0x49, 0x4C, 0x4C,
    0x49, 0x41, 0x4D, 0x00, 0x50, 0x41, 0x4C, 0x41, 0x44, 0x49, 0x4E, 0x00,
    0x53, 0x45, 0x54, 0x48, 0x00, 0x00, 0x00, 0x00, 0x4C, 0x4F, 0x52, 0x44,
    0x00, 0x00, 0x00, 0x00, 0x45, 0x49, 0x52, 0x49, 0x4B, 0x52, 0x00, 0x00,
    0x41, 0x74, 0x73, 0x75, 0x73, 0x68, 0x69, 0x20, 0x54, 0x61, 0x6B, 0x65,
    0x64, 0x61, 0x0A, 0x48, 0x69, 0x72, 0x6F, 0x79, 0x61, 0x20, 0x54, 0x61,
    0x6B, 0x65, 0x64, 0x61, 0x0A, 0x48, 0x69, 0x73, 0x61, 0x73, 0x68, 0x69,
    0x20, 0x54, 0x61, 0x6B, 0x69, 0x7A, 0x61, 0x6B, 0x69, 0x0A, 0x59, 0x6F,
    0x73, 0x68, 0x69, 0x6B, 0x61, 0x7A, 0x75, 0x20, 0x54, 0x61, 0x6E, 0x61,
    0x6B, 0x61, 0x0A, 0x4D, 0x61, 0x72, 0x69, 0x20, 0x55, 0x65, 0x64, 0x61,
    0x0A, 0x53, 0x61, 0x74, 0x6F, 0x72, 0x75, 0x20, 0x55, 0x6E, 0x6F, 0x0A,
    0x59, 0x75, 0x69, 0x63, 0x68, 0x69, 0x72, 0x6F, 0x20, 0x55, 0x73, 0x68,
    0x69, 0x6A, 0x69, 0x6D, 0x61, 0x0A, 0x48, 0x69, 0x72, 0x6F, 0x79, 0x75,
    0x6B, 0x69, 0x20, 0x59, 0x61, 0x6D, 0x61, 0x6F, 0x6B, 0x61, 0x00, 0x00,
    0x48, 0x69, 0x72, 0x6F, 0x79, 0x75, 0x6B, 0x69, 0x20, 0x4D, 0x75, 0x72,
    0x61, 0x74, 0x61, 0x0A, 0x4B, 0x65, 0x69, 0x20, 0x4E, 0x61, 0x64, 0x61,
    0x62, 0x65, 0x0A, 0x54, 0x6F, 0x6D, 0x6F, 0x68, 0x69, 0x72, 0x6F, 0x20,
    0x4E, 0x69, 0x73, 0x68, 0x69, 0x67, 0x61, 0x6B, 0x69, 0x0A, 0x4B, 0x65,
    0x69, 0x69, 0x63, 0x68, 0x69, 0x72, 0x6F, 0x20, 0x4E, 0x69, 0x73, 0x68,
    0x69, 0x6D, 0x6F, 0x74, 0x6F, 0x0A, 0x52, 0x79, 0x75, 0x69, 0x63, 0x68,
    0x69, 0x72, 0x6F, 0x20, 0x53, 0x61, 0x6B, 0x69, 0x6D, 0x61, 0x0A, 0x4D,
    0x61, 0x73, 0x61, 0x68, 0x61, 0x72, 0x75, 0x20, 0x53, 0x68, 0x69, 0x6D,
    0x61, 0x0A, 0x53, 0x79, 0x6F, 0x67, 0x6F, 0x20, 0x54, 0x61, 0x63, 0x68,
    0x69, 0x62, 0x61, 0x6E, 0x61, 0x0A, 0x53, 0x68, 0x69, 0x67, 0x65, 0x6F,
    0x20, 0x54, 0x61, 0x6B, 0x61, 0x64, 0x61, 0x00, 0x4D, 0x61, 0x73, 0x61,
    0x72, 0x75, 0x20, 0x49, 0x6B, 0x65, 0x73, 0x68, 0x69, 0x74, 0x61, 0x0A,
    0x48, 0x61, 0x72, 0x75, 0x6B, 0x61, 0x20, 0x4B, 0x61, 0x74, 0x6F, 0x0A,
    0x4D, 0x61, 0x73, 0x61, 0x6D, 0x69, 0x20, 0x4B, 0x61, 0x74, 0x6F, 0x0A,
    0x4A, 0x75, 0x6E, 0x6B, 0x6F, 0x20, 0x4B, 0x6F, 0x6D, 0x61, 0x6B, 0x69,
    0x0A, 0x4E, 0x6F, 0x62, 0x75, 0x61, 0x6B, 0x69, 0x20, 0x4D, 0x61, 0x65,
    0x64, 0x61, 0x0A, 0x4B, 0x61, 0x74, 0x73, 0x75, 0x6E, 0x6F, 0x72, 0x69,
    0x20, 0x4D, 0x61, 0x73, 0x75, 0x74, 0x61, 0x6E, 0x69, 0x0A, 0x41, 0x6B,
    0x69, 0x6B, 0x6F, 0x20, 0x4D, 0x61, 0x74, 0x73, 0x75, 0x6D, 0x6F, 0x74,
    0x6F, 0x0A, 0x4E, 0x61, 0x6F, 0x74, 0x61, 0x6B, 0x61, 0x20, 0x4D, 0x61,
    0x74, 0x73, 0x75, 0x6D, 0x6F, 0x74, 0x6F, 0x00, 0x53, 0x55, 0x50, 0x45,
    0x52, 0x20, 0x4D, 0x41, 0x52, 0x49, 0x4F, 0x20, 0x43, 0x4C, 0x55, 0x42,
    0x00, 0x00, 0x00, 0x00, 0x54, 0x6F, 0x6D, 0x6F, 0x6E, 0x6F, 0x72, 0x69,
    0x20, 0x53, 0x75, 0x6D, 0x69, 0x79, 0x61, 0x0A, 0x48, 0x69, 0x72, 0x6F,
    0x73, 0x68, 0x69, 0x20, 0x49, 0x7A, 0x61, 0x77, 0x61, 0x0A, 0x4B, 0x6F,
    0x74, 0x61, 0x72, 0x6F, 0x20, 0x59, 0x61, 0x6D, 0x61, 0x64, 0x61, 0x00,
    0x4D, 0x61, 0x73, 0x61, 0x68, 0x69, 0x72, 0x6F, 0x20, 0x53, 0x61, 0x6B,
    0x75, 0x72, 0x61, 0x69, 0x0A, 0x20, 0x20, 0x20, 0x20, 0x20, 0x20, 0x20,
    0x20, 0x20, 0x26, 0x0A, 0x53, 0x6D, 0x61, 0x73, 0x68, 0x20, 0x42, 0x72,
    0x6F, 0x74, 0x68, 0x65, 0x72, 0x73, 0x20, 0x44, 0x58, 0x0A, 0x20, 0x20,
    0x20, 0x20, 0x20, 0x20, 0x20, 0x54, 0x65, 0x61, 0x6D, 0x20, 0x20, 0x20,
    0x20, 0x20, 0x20, 0x20, 0x20, 0x20, 0x00, 0x00, 0x4D, 0x61, 0x73, 0x61,
    0x6F, 0x20, 0x59, 0x61, 0x6D, 0x61, 0x6D, 0x6F, 0x74, 0x6F, 0x0A, 0x4B,
    0x79, 0x6F, 0x6B, 0x6F, 0x20, 0x57, 0x61, 0x74, 0x61, 0x6E, 0x61, 0x62,
    0x65, 0x0A, 0x59, 0x75, 0x74, 0x61, 0x6B, 0x61, 0x20, 0x54, 0x61, 0x6B,
    0x65, 0x68, 0x69, 0x73, 0x61, 0x0A, 0x54, 0x6F, 0x73, 0x68, 0x69, 0x68,
    0x69, 0x72, 0x6F, 0x20, 0x54, 0x6F, 0x7A, 0x61, 0x00, 0x00, 0x00, 0x00,
    0x4D, 0x61, 0x73, 0x61, 0x6E, 0x6F, 0x62, 0x75, 0x20, 0x4D, 0x61, 0x74,
    0x73, 0x75, 0x6E, 0x61, 0x67, 0x61, 0x0A, 0x52, 0x79, 0x75, 0x69, 0x63,
    0x68, 0x69, 0x72, 0x6F, 0x20, 0x4B, 0x6F, 0x67, 0x75, 0x63, 0x68, 0x69,
    0x0A, 0x59, 0x75, 0x6B, 0x61, 0x20, 0x48, 0x6F, 0x6E, 0x67, 0x6F, 0x75,
    0x0A, 0x4B, 0x61, 0x74, 0x73, 0x75, 0x79, 0x6F, 0x73, 0x68, 0x69, 0x20,
    0x4B, 0x6F, 0x79, 0x61, 0x00, 0x00, 0x00, 0x00, 0x52, 0x79, 0x6F, 0x69,
    0x63, 0x68, 0x69, 0x20, 0x4B, 0x69, 0x74, 0x61, 0x6E, 0x69, 0x73, 0x68,
    0x69, 0x0A, 0x4B, 0x6F, 0x7A, 0x6F, 0x20, 0x49, 0x6B, 0x75, 0x6E, 0x6F,
    0x0A, 0x54, 0x6F, 0x73, 0x68, 0x69, 0x79, 0x75, 0x6B, 0x69, 0x20, 0x4E,
    0x61, 0x6B, 0x61, 0x6D, 0x75, 0x72, 0x61, 0x0A, 0x4D, 0x61, 0x73, 0x61,
    0x68, 0x69, 0x72, 0x6F, 0x20, 0x4E, 0x61, 0x6B, 0x61, 0x6D, 0x6F, 0x72,
    0x69, 0x0A, 0x54, 0x6F, 0x73, 0x68, 0x69, 0x6F, 0x20, 0x53, 0x65, 0x6E,
    0x67, 0x6F, 0x6B, 0x75, 0x00, 0x00, 0x00, 0x00, 0x53, 0x50, 0x45, 0x43,
    0x49, 0x41, 0x4C, 0x20, 0x54, 0x48, 0x41, 0x4E, 0x4B, 0x53, 0x0A, 0x00,
    0x20, 0x4B, 0x65, 0x6E, 0x6A, 0x69, 0x20, 0x49, 0x6D, 0x61, 0x69, 0x00,
    0x50, 0x52, 0x4F, 0x43, 0x45, 0x53, 0x53, 0x20, 0x4D, 0x41, 0x4E, 0x41,
    0x47, 0x45, 0x52, 0x0A, 0x00, 0x00, 0x00, 0x00, 0x4B, 0x65, 0x6E, 0x6A,
    0x69, 0x20, 0x4E, 0x61, 0x6B, 0x61, 0x6A, 0x69, 0x6D, 0x61, 0x00, 0x00,
    0x54, 0x45, 0x43, 0x48, 0x4E, 0x49, 0x43, 0x41, 0x4C, 0x20, 0x53, 0x55,
    0x50, 0x50, 0x4F, 0x52, 0x54, 0x0A, 0x00, 0x00, 0x59, 0x75, 0x73, 0x75,
    0x6B, 0x65, 0x20, 0x4B, 0x69, 0x74, 0x61, 0x6E, 0x69, 0x73, 0x68, 0x69,
    0x0A, 0x54, 0x65, 0x74, 0x73, 0x75, 0x72, 0x6F, 0x20, 0x4F, 0x65, 0x00,
    0x50, 0x55, 0x42, 0x4C, 0x49, 0x53, 0x48, 0x4D, 0x45, 0x4E, 0x54, 0x0A,
    0x00, 0x00, 0x00, 0x00, 0x59, 0x61, 0x73, 0x75, 0x6F, 0x20, 0x49, 0x6E,
    0x6F, 0x75, 0x65, 0x0A, 0x54, 0x61, 0x6B, 0x61, 0x73, 0x68, 0x69, 0x20,
    0x49, 0x74, 0x6F, 0x75, 0x00, 0x00, 0x00, 0x00, 0x41, 0x52, 0x54, 0x20,
    0x57, 0x4F, 0x52, 0x4B, 0x0A, 0x00, 0x00, 0x00, 0x20, 0x45, 0x69, 0x6A,
    0x69, 0x20, 0x4B, 0x61, 0x6E, 0x65, 0x64, 0x61, 0x00, 0x00, 0x00, 0x00,
    0x49, 0x4D, 0x41, 0x47, 0x45, 0x20, 0x49, 0x4C, 0x4C, 0x55, 0x53, 0x54,
    0x52, 0x41, 0x54, 0x49, 0x4F, 0x4E, 0x0A, 0x00, 0x53, 0x75, 0x73, 0x75,
    0x6D, 0x75, 0x20, 0x49, 0x73, 0x68, 0x69, 0x68, 0x61, 0x72, 0x61, 0x0A,
    0x59, 0x75, 0x73, 0x75, 0x6B, 0x65, 0x20, 0x4D, 0x75, 0x72, 0x61, 0x6B,
    0x61, 0x6D, 0x69, 0x00, 0x50, 0x52, 0x4F, 0x47, 0x52, 0x41, 0x4D, 0x20,
    0x53, 0x55, 0x50, 0x50, 0x4F, 0x52, 0x54, 0x0A, 0x00, 0x00, 0x00, 0x00,
    0x4B, 0x6F, 0x75, 0x68, 0x65, 0x69, 0x20, 0x4D, 0x61, 0x65, 0x64, 0x61,
    0x00, 0x00, 0x00, 0x00, 0x53, 0x43, 0x45, 0x4E, 0x41, 0x52, 0x49, 0x4F,
    0x20, 0x53, 0x55, 0x50, 0x50, 0x4F, 0x52, 0x54, 0x0A, 0x00, 0x00, 0x00,
    0x4D, 0x69, 0x6E, 0x6F, 0x72, 0x75, 0x20, 0x4E, 0x6F, 0x64, 0x61, 0x0A,
    0x52, 0x79, 0x6F, 0x20, 0x48, 0x69, 0x72, 0x61, 0x74, 0x61, 0x0A, 0x54,
    0x75, 0x79, 0x6F, 0x73, 0x68, 0x69, 0x20, 0x4E, 0x61, 0x6B, 0x61, 0x74,
    0x75, 0x6B, 0x61, 0x0A, 0x4D, 0x61, 0x73, 0x61, 0x72, 0x75, 0x20, 0x4E,
    0x69, 0x73, 0x68, 0x69, 0x6D, 0x75, 0x72, 0x61, 0x00, 0x00, 0x00, 0x00,
    0x47, 0x52, 0x41, 0x50, 0x48, 0x49, 0x43, 0x20, 0x53, 0x55, 0x50, 0x50,
    0x4F, 0x52, 0x54, 0x0A, 0x00, 0x00, 0x00, 0x00, 0x4B, 0x65, 0x6E, 0x69,
    0x63, 0x68, 0x69, 0x20, 0x4E, 0x69, 0x73, 0x68, 0x69, 0x6D, 0x61, 0x6B,
    0x69, 0x0A, 0x4E, 0x6F, 0x72, 0x69, 0x74, 0x61, 0x6B, 0x61, 0x20, 0x4D,
    0x69, 0x73, 0x61, 0x77, 0x61, 0x00, 0x00, 0x00, 0x53, 0x4F, 0x55, 0x4E,
    0x44, 0x20, 0x45, 0x46, 0x46, 0x45, 0x43, 0x54, 0x20, 0x0A, 0x00, 0x00,
    0x59, 0x75, 0x6B, 0x61, 0x20, 0x54, 0x73, 0x75, 0x6A, 0x69, 0x79, 0x6F,
    0x6B, 0x6F, 0x00, 0x00, 0x53, 0x4F, 0x55, 0x4E, 0x44, 0x20, 0x43, 0x4F,
    0x4D, 0x50, 0x4F, 0x53, 0x49, 0x54, 0x49, 0x4F, 0x4E, 0x0A, 0x00, 0x00,
    0x4D, 0x61, 0x6B, 0x6F, 0x74, 0x6F, 0x20, 0x53, 0x68, 0x69, 0x6D, 0x6F,
    0x6A, 0x6F, 0x00, 0x00, 0x4C, 0x41, 0x59, 0x4F, 0x55, 0x54, 0x0A, 0x00,
    0x53, 0x75, 0x6D, 0x69, 0x6B, 0x6F, 0x20, 0x4D, 0x69, 0x6B, 0x69, 0x00,
    0x4D, 0x41, 0x50, 0x20, 0x44, 0x45, 0x53, 0x49, 0x47, 0x4E, 0x0A, 0x00,
    0x4D, 0x61, 0x6B, 0x69, 0x20, 0x54, 0x61, 0x6B, 0x65, 0x6D, 0x6F, 0x72,
    0x69, 0x0A, 0x59, 0x6F, 0x6B, 0x6F, 0x20, 0x4E, 0x61, 0x6B, 0x61, 0x69,
    0x00, 0x00, 0x00, 0x00, 0x42, 0x41, 0x54, 0x54, 0x4C, 0x45, 0x20, 0x41,
    0x4E, 0x49, 0x4D, 0x41, 0x54, 0x49, 0x4F, 0x4E, 0x0A, 0x00, 0x00, 0x00,
    0x4D, 0x6F, 0x74, 0x6F, 0x6D, 0x75, 0x20, 0x43, 0x68, 0x69, 0x6B, 0x61,
    0x72, 0x61, 0x69, 0x73, 0x68, 0x69, 0x00, 0x00, 0x42, 0x41, 0x54, 0x54,
    0x4C, 0x45, 0x20, 0x50, 0x52, 0x4F, 0x47, 0x52, 0x41, 0x4D, 0x0A, 0x00,
    0x4E, 0x61, 0x6F, 0x74, 0x61, 0x6B, 0x61, 0x20, 0x4F, 0x68, 0x6E, 0x69,
    0x73, 0x68, 0x69, 0x00, 0x42, 0x41, 0x54, 0x54, 0x4C, 0x45, 0x20, 0x44,
    0x45, 0x53, 0x49, 0x47, 0x4E, 0x0A, 0x00, 0x00, 0x43, 0x68, 0x69, 0x6B,
    0x61, 0x72, 0x61, 0x20, 0x59, 0x61, 0x6D, 0x61, 0x6D, 0x6F, 0x74, 0x6F,
    0x00, 0x00, 0x00, 0x00, 0x41, 0x2E, 0x49, 0x2E, 0x20, 0x50, 0x52, 0x4F,
    0x47, 0x52, 0x41, 0x4D, 0x0A, 0x00, 0x00, 0x00, 0x4D, 0x61, 0x6B, 0x6F,
    0x74, 0x6F, 0x20, 0x4B, 0x61, 0x74, 0x61, 0x79, 0x61, 0x6D, 0x61, 0x00,
    0x45, 0x56, 0x45, 0x4E, 0x54, 0x20, 0x26, 0x20, 0x53, 0x55, 0x50, 0x50,
    0x4F, 0x52, 0x54, 0x0A, 0x00, 0x00, 0x00, 0x00, 0x54, 0x61, 0x6B, 0x61,
    0x6E, 0x6F, 0x72, 0x69, 0x20, 0x48, 0x69, 0x6E, 0x6F, 0x00, 0x00, 0x00,
    0x45, 0x56, 0x45, 0x4E, 0x54, 0x20, 0x50, 0x52, 0x4F, 0x47, 0x52, 0x41,
    0x4D, 0x0A, 0x00, 0x00, 0x4D, 0x61, 0x73, 0x61, 0x68, 0x69, 0x72, 0x6F,
    0x20, 0x48, 0x69, 0x67, 0x75, 0x63, 0x68, 0x69, 0x00, 0x00, 0x00, 0x00,
    0x47, 0x52, 0x41, 0x50, 0x48, 0x49, 0x43, 0x20, 0x43, 0x48, 0x49, 0x45,
    0x46, 0x0A, 0x00, 0x00, 0x0A, 0x53, 0x61, 0x63, 0x68, 0x69, 0x6B, 0x6F,
    0x20, 0x57, 0x61, 0x64, 0x61, 0x00, 0x00, 0x00, 0x4D, 0x41, 0x49, 0x4E,
    0x20, 0x44, 0x45, 0x53, 0x49, 0x47, 0x4E, 0x0A, 0x46, 0x41, 0x43, 0x45,
    0x20, 0x44, 0x45, 0x53, 0x49, 0x47, 0x4E, 0x00, 0x54, 0x61, 0x65, 0x6B,
    0x6F, 0x20, 0x4B, 0x61, 0x6E, 0x65, 0x64, 0x61, 0x00, 0x00, 0x00, 0x00,
    0x41, 0x52, 0x54, 0x20, 0x44, 0x49, 0x52, 0x45, 0x43, 0x54, 0x4F, 0x52,
    0x0A, 0x00, 0x00, 0x00, 0x0A, 0x54, 0x61, 0x6B, 0x61, 0x66, 0x75, 0x6D,
    0x69, 0x20, 0x4B, 0x61, 0x6E, 0x65, 0x6B, 0x6F, 0x00, 0x00, 0x00, 0x00,
    0x53, 0x59, 0x53, 0x54, 0x45, 0x4D, 0x20, 0x44, 0x49, 0x52, 0x45, 0x43,
    0x54, 0x4F, 0x52, 0x0A, 0x4D, 0x41, 0x49, 0x4E, 0x20, 0x50, 0x52, 0x4F,
    0x47, 0x52, 0x41, 0x4D, 0x00, 0x00, 0x00, 0x00, 0x0A, 0x4D, 0x61, 0x73,
    0x61, 0x79, 0x75, 0x6B, 0x69, 0x20, 0x48, 0x6F, 0x72, 0x69, 0x6B, 0x61,
    0x77, 0x61, 0x00, 0x00, 0x47, 0x41, 0x4D, 0x45, 0x20, 0x44, 0x49, 0x52,
    0x45, 0x43, 0x54, 0x4F, 0x52, 0x0A, 0x53, 0x43, 0x45, 0x4E, 0x41, 0x52,
    0x49, 0x4F, 0x00, 0x00, 0x4B, 0x65, 0x6E, 0x74, 0x61, 0x72, 0x6F, 0x20,
    0x4E, 0x69, 0x73, 0x68, 0x69, 0x6D, 0x75, 0x72, 0x61, 0x00, 0x00, 0x00,
    0x53, 0x55, 0x50, 0x45, 0x52, 0x20, 0x56, 0x49, 0x53, 0x4F, 0x52, 0x0A,
    0x00, 0x00, 0x00, 0x00, 0x54, 0x6F, 0x68, 0x72, 0x75, 0x20, 0x4E, 0x61,
    0x72, 0x69, 0x68, 0x69, 0x72, 0x6F, 0x00, 0x00, 0x44, 0x49, 0x52, 0x45,
    0x43, 0x54, 0x4F, 0x52, 0x0A, 0x00, 0x00, 0x00, 0x54, 0x61, 0x6B, 0x65,
    0x68, 0x69, 0x72, 0x6F, 0x20, 0x49, 0x7A, 0x75, 0x73, 0x68, 0x69, 0x00,
    0x50, 0x52, 0x4F, 0x44, 0x55, 0x43, 0x45, 0x52, 0x0A, 0x00, 0x00, 0x00,
    0x48, 0x69, 0x72, 0x6F, 0x73, 0x68, 0x69, 0x20, 0x59, 0x61, 0x6D, 0x61,
    0x75, 0x63, 0x68, 0x69, 0x00, 0x00, 0x00, 0x00, 0x45, 0x58, 0x45, 0x43,
    0x55, 0x54, 0x49, 0x56, 0x45, 0x20, 0x50, 0x52, 0x4F, 0x44, 0x55, 0x43,
    0x45, 0x52, 0x0A, 0x00,
};
u8 frontier_df4_misc_lo_017b_1B2D81[] __attribute__((section(".data.frontier_df4_misc_lo.gap17b"))) = {
    0x00, 0x00, 0x00,
};
u16 frontier_df4_misc_lo_018_1DEF84[] __attribute__((section(".data.frontier_df4_misc_lo.gap18"))) = {
    0x0004, 0x002A, 0x0030, 0x003A, 0x0044, 0x004E, 0x0058, 0x0062, 0x006C, 0x0076, 0x0080, 0x008A, 0x0094, 0x009E, 0x00A8, 0x00B2, 0x00BC, 0x00C6, 0x00D0, 0x00DA, 0x00E4, 0x00C8, 0x00DC, 0x00F0, 0x0104, 0x0118, 0x0001, 0x00E0, 0x81F0, 0x0000, 0x0000, 0x0001, 0x00E0, 0x81F0, 0x0000, 0x0010, 0x0001, 0x00E0, 0x81F0, 0x0000, 0x0020, 0x0001, 0x00E0, 0x81F0, 0x0000, 0x0030, 0x0001, 0x00E0, 0x91F0, 0x0000, 0x0000, 0x0001, 0x00E0, 0x91F0, 0x0000, 0x0010, 0x0001, 0x00E0, 0x91F0, 0x0000, 0x0020, 0x0001, 0x00E0, 0x91F0, 0x0000, 0x0030, 0x0001, 0x00E0, 0x81F0, 0x0000, 0x0040, 0x0001, 0x00E0, 0x81F0, 0x0000, 0x0050, 0x0001, 0x00E0, 0x81F0, 0x0000, 0x0060, 0x0001, 0x00E0, 0x81F0, 0x0000, 0x0070, 0x0001, 0x00E0, 0x81F0, 0x0000, 0x0080, 0x0001, 0x00E0, 0x81F0, 0x0000, 0x0090, 0x0001, 0x00E0, 0x81F0, 0x0000, 0x00A0, 0x0001, 0x00E0, 0x81F0, 0x0000, 0x00B0, 0x0001, 0x00E0, 0x81F0, 0x0000, 0x00C0, 0x0001, 0x00E0, 0x81F0, 0x0000, 0x00D0, 0x0001, 0x00E0, 0x81F0, 0x0000, 0x00E0, 0x000D, 0x0000, 0x0006, 0x0001, 0x000D, 0x0002, 0x0006, 0x0003, 0x0000, 0xFFFF, 0x000D, 0x0004, 0x0006, 0x0005, 0x000D, 0x0006, 0x0006, 0x0007, 0x0000, 0xFFFF, 0x000D, 0x0008, 0x0006, 0x0009, 0x000D, 0x000A, 0x0006, 0x000B, 0x0000, 0xFFFF, 0x000D, 0x000C, 0x0006, 0x000D, 0x000D, 0x000E, 0x0006, 0x000F, 0x0000, 0xFFFF, 0x0014, 0x0010, 0x0004, 0x0011, 0x0014, 0x0012, 0x0004, 0x0011, 0x0000, 0xFFFF, 0x0000, 0x0010, 0x001E, 0x003F, 0xF000, 0xF001, 0xF001, 0xF001, 0xF001, 0xF001, 0xFB01, 0x01F0, 0x01F0, 0x01F0, 0x01F0, 0x0160, 0xF0FF, 0xF012, 0xC41C, 0x01F0, 0x01F0, 0x0000, 0x00F0, 0x6F2E, 0xA1D6, 0x0300, 0x0026, 0xFD03, 0x0000, 0x002F, 0x200F, 0x0F2F, 0x4500, 0x00DF, 0x63F0, 0x0066, 0xF000, 0x6135, 0xF00F, 0x6662, 0xFD00, 0x12FF, 0x2D26, 0x12D2, 0x00D1, 0x22FF, 0x66FD, 0xFF00, 0x66FD, 0x2240, 0x2100, 0xF26D, 0x000F, 0x6662, 0x0F10, 0x6600, 0x0300, 0x26D2, 0x000F, 0xDD41, 0x0300, 0xF266, 0x0000, 0x0062, 0xE703, 0x01F0, 0x77E0, 0x4100, 0xF000, 0x17F0, 0x9660, 0x8F00, 0x002C, 0x002F, 0xAF03, 0x0C00, 0x0B00, 0x6FDD, 0xDD00, 0xFDDD, 0xDD25, 0x6FDD, 0x0433, 0xDDD0, 0xFFFF, 0x002D, 0xA8A5, 0x008A, 0x000F, 0x899A, 0x00F8, 0x8899, 0x4800, 0xFF0F, 0x5FFF, 0xDF0F, 0x04FD, 0xDF54, 0xDDDF, 0x00FF, 0xDD03, 0xDFDD, 0x50F0, 0x0130, 0xF00D, 0xF012, 0xF001, 0xF001, 0xF001, 0xFF01, 0x01F0, 0x01F0, 0x01F0, 0x01F0, 0x01F0, 0xDEE1, 0x9B01, 0x17F0, 0x61FF, 0x11FB, 0xF09B, 0xF001, 0xF101, 0x51FB, 0x01FB, 0xF19B, 0xDBFB, 0xFB61, 0x6500, 0xF126, 0x71FB, 0x2DFB, 0x7FF0, 0x01F0, 0xF1FB, 0xD0FB, 0x1101, 0x10FB, 0x3023, 0xD027, 0xD301, 0xD701, 0x00A0, 0xFD06, 0x0700, 0x99FD, 0x00F9, 0x4000, 0x10AA, 0x5903, 0x000F, 0x546F, 0x000F, 0x5F00, 0xDF56, 0xDF0D, 0xDDF6, 0xDD0B, 0xF336, 0x02DD, 0xDD1D, 0xE6F1, 0x01F0, 0xF0FF, 0xF001, 0xF001, 0xF001, 0xF001, 0xF001, 0xF001, 0xF001, 0xFF01, 0x01F0, 0x01F0, 0xE2F3, 0x01F0, 0x1CF0, 0x01F0, 0x03F2, 0xFFF3, 0xF3FF, 0xF3FF, 0xF2FF, 0xF303, 0xF0FF, 0xF301, 0xF0FF, 0x6301, 0x20FF, 0x84F0, 0x0300, 0xD045, 0xFDDD, 0xAA54, 0xF601, 0x0045, 0xFF03, 0x0302, 0x13DD, 0x99FF, 0x9A00, 0x000F, 0xA989, 0x000F, 0x02FF, 0xFFA8, 0xDF00, 0x335F, 0xFF03, 0x0B3D, 0xDDDF, 0x66FD, 0xFE03, 0xF3FF, 0x43FF, 0xFFFB, 0x18F2, 0x01F0, 0x01F0, 0x01F0, 0x01F0, 0x01F0, 0x01F0, 0x01F0, 0xF0FF, 0xF001, 0xF101, 0xF3DE, 0xF3FF, 0xF0FF, 0xF001, 0xF101, 0xFFFB, 0xFFF3, 0xFBF1, 0xFFF3, 0xFFF3, 0x01F0, 0x7CF0, 0x12F0, 0xFFF3, 0x60F5, 0x0103, 0x01F8, 0x15F6, 0x6FDA, 0x0B00, 0x93FF, 0x40FF, 0x0356, 0x65FF, 0xDF54, 0x6200, 0x1FFF, 0xDDDD, 0x2126, 0xF5FD, 0xF5FF, 0xF0FF, 0xF001, 0xFF01, 0x01F0, 0x01F0, 0x01F0, 0x01F0, 0x01F0, 0x01F0, 0x17A1, 0xFB10, 0xF0C0, 0x2101, 0xFFB0, 0xD2DF, 0x22FF, 0xD06F, 0x1AF0, 0xFB31, 0x0036, 0x6620, 0xFFF2, 0xFFD2, 0x1DF0, 0x0130, 0x9A11, 0xE801, 0x0110, 0x4310, 0x0350, 0x4F12, 0xA180, 0x368F, 0x6626, 0xD654, 0x2DDD, 0x6508, 0xFFF2, 0x01D3, 0xDFCE, 0x0F42, 0x0000, 0x222F, 0x0001, 0xD2DF, 0x1010, 0xF000, 0x002D, 0x282A, 0xD613, 0x0062, 0x3362, 0xDD22, 0x316D, 0xFF3D, 0x6F00, 0xFFD1, 0xF000, 0xF222, 0x2A00, 0x2D10, 0x5800, 0x00D2, 0x8260, 0x0300, 0xFDF6, 0x4300, 0x0310, 0x0A14, 0x6F10, 0x0310, 0x9F10, 0x4010, 0xC203, 0x01F0, 0xEAE0, 0x0088, 0x8F00, 0x0300, 0x809F, 0xE501, 0xFAAF, 0xDD00, 0xF2EF, 0x01D0, 0xDFDD, 0xD01D, 0x2FDD, 0x001D, 0x250B, 0x88DE, 0x6300, 0xF888, 0x1D30, 0x002F, 0x0E64, 0xDFFF, 0x000D, 0xFA01, 0x0340, 0xE501, 0xFF01, 0x51F0, 0x01F0, 0x01F0, 0x01F0, 0x01F0, 0x01F0, 0x01F0, 0x01F0, 0xF0FF, 0xF001, 0x6101, 0xF1FB, 0x81DF, 0x11FB, 0xF19B, 0x71FB, 0xFEFB, 0x9B11, 0x3EF0, 0xFB71, 0x9711, 0xFBF1, 0x01B0, 0xFBF1, 0x3FDF, 0x01D2, 0xFB41, 0x9B11, 0xFBF1, 0xFB71, 0x9B11, 0xFBF1, 0x001F, 0xF100, 0x0300, 0x96F1, 0x01F0, 0x0130, 0xFB81, 0x0027, 0x01DF, 0x2FF3, 0x1912, 0x15F7, 0x10FB, 0xD71D, 0xFB11, 0xF711, 0x00DF, 0x1F5C, 0x5800, 0xFF11, 0x1A10, 0xF3FF, 0xF0FA, 0xF001, 0xF001, 0xF001, 0xF001, 0xF001, 0xF001, 0xFF01, 0x01F0, 0x01F0, 0x03F2, 0xFFF3, 0xFFF3, 0x01F0, 0xFFF3, 0x01F0, 0xF3FF, 0xE2FF, 0x2303, 0xF39E, 0x32FF, 0x0003, 0xF326, 0xF2FF, 0xFC03, 0xFFF3, 0x03F2, 0x01F0, 0xFFF3, 0x0342, 0xE901, 0xFDD0, 0xFF7B, 0x0316, 0x0320, 0x0C08, 0x6302, 0x5310, 0x12FF, 0x0021, 0xFE2F, 0x00DD, 0xFDD1, 0x0DDD, 0xD107, 0xDDF2, 0xED0D, 0x0B00, 0x4FF0, 0x01F0, 0xF0FF, 0xF001, 0xF001, 0xF001, 0xF001, 0xF001, 0xF001, 0xF001, 0xFF01, 0xFFF3, 0xFBF1, 0xFFF3, 0xFBF1, 0xFFF3, 0xFFF3, 0xFBF1, 0xFFF3, 0xF3DF, 0x53FF, 0x8FFF, 0xFFF3, 0xFF93, 0x9701, 0xFBF1, 0x6430, 0xF5FE, 0xF0FF, 0x7301, 0x83FF, 0x49E1, 0x93F7, 0x51FF, 0xD1FB, 0x0087, 0x2121, 0x0DF2, 0x0B00, 0xF3F7, 0xF0FF, 0xFF01, 0x01F0, 0x01F0, 0x01F0, 0x01F0, 0x01F0, 0x01F0, 0x01F0, 0x01F0, 0xF0ED, 0xF001, 0xD901, 0x32FF, 0x16F0, 0x0772, 0xFC23, 0xF800, 0x01F0, 0x77F2, 0x7712, 0x0310, 0xAA31, 0x62FF, 0x0066, 0x33F0, 0x6663, 0x23F0, 0x3263, 0x3F00, 0x32D3, 0xE332, 0x2DFF, 0x0033, 0x0F3E, 0x98DF, 0x00F3, 0x99F0, 0xFD00, 0x8F00, 0x6699, 0xFF26, 0x0000, 0x3666, 0x0F33, 0x3623, 0xFF32, 0x2300, 0x3D23, 0x3323, 0xFF22, 0x003E, 0xFD89, 0xEFF0, 0x0F99, 0x3F00, 0x993F, 0xB2F8, 0x124F, 0x1277, 0x920B, 0xF20F, 0xD273, 0x2CAB, 0x898F, 0xFB01, 0x0112, 0x00FB, 0x102E, 0xF4F1, 0xFFD3, 0x6310, 0x0300, 0x0722, 0x002D, 0x3303, 0x15F2, 0x00DD, 0x0332, 0x2DFF, 0x0300, 0x00EE, 0xFF0B, 0x82FA, 0x01F0, 0x01F0, 0x01F0, 0x01F0, 0x01F0, 0x01F0, 0x01F0, 0xF0FF, 0xF001, 0xF001, 0xF101, 0x21DE, 0x01FB, 0xF09B, 0x711A, 0xFBFB, 0x9B11, 0x1DF0, 0x01F0, 0xFBF1, 0xA663, 0xF1F0, 0x71FB, 0xFFFB, 0x9B11, 0xFBF1, 0xFB71, 0xFF91, 0xFBF1, 0x1330, 0x01F0, 0xFEEB, 0x825E, 0xFB01, 0x211D, 0x14FB, 0x71FA, 0x03FB, 0xD0E0, 0xDD55, 0xF711, 0x0088, 0x22AD, 0x5000, 0x0033, 0xCF5C, 0x190C, 0x1D05, 0x0DDD, 0xFF03, 0x0300, 0xE5FB, 0x01F0, 0xF0FF, 0xF001, 0xF001, 0xF001, 0xF001, 0xF001, 0xF001, 0xF001, 0xFF01, 0x01F0, 0x01F0, 0xFFF3, 0x1CF0, 0xFFF3, 0x01F0, 0x03F2, 0xFFF3, 0xF3FF, 0xF3FF, 0xF2FF, 0xF303, 0xF2FF, 0xF303, 0xF0FF, 0x0201, 0x7063, 0x0699, 0x1003, 0x1803, 0xD207, 0xD000, 0x592F, 0x0133, 0x23E4, 0x0300, 0x0B10, 0x98EE, 0x6300, 0x2157, 0x4800, 0x02DF, 0x1F1D, 0x5008, 0xFB01, 0xFB1B, 0x0D7F, 0x0340, 0x63F2, 0x01F0, 0x01F0, 0x01F0, 0x01F0, 0x01F0, 0xF0FF, 0xF001, 0xF001, 0xF001, 0xF001, 0xF001, 0xF301, 0xF1FF, 0xFDFB, 0xFFF3, 0x01F0, 0xFBF1, 0xFFF3, 0xFBF1, 0xFF73, 0xF199, 0xFDFB, 0xFB71, 0x9B11, 0xFBF1, 0xFFF3, 0x01F0, 0xFFD7, 0x00FF, 0x2F03, 0x22DF, 0x9A00, 0x0533, 0x07FF, 0x26DC, 0x0303, 0x17FF, 0xDDDD, 0x0028, 0xD150, 0xFB51, 0x5000, 0xFB51, 0x3CFF, 0xF003, 0xF04D, 0xF001, 0xF001, 0xF001, 0xF001, 0xF001, 0xFF01, 0x01F0, 0x01F0, 0x01F0, 0x01F0, 0x01F0, 0xEAA1, 0x01F0, 0x1CF0, 0xF0F0, 0xF001, 0xF001, 0x3201, 0x2216, 0xF000, 0x052F, 0x00D6, 0x66F0, 0x0026, 0x6603, 0x0300, 0x2D0A, 0xF000, 0x0962, 0x2FFF, 0x9307, 0x606F, 0x0166, 0x0389, 0x0FFF, 0x1600, 0x0F53, 0x0284, 0x0F6F, 0x62F0, 0x0321, 0x2181, 0x002D, 0x2D2D, 0x22DF, 0x26FD, 0xFFDF, 0xA0DA, 0x1082, 0x660C, 0xA301, 0x0310, 0x006D, 0x2F03, 0xF2CA, 0xF000, 0xF001, 0x0A2D, 0xFFC3, 0x6F00, 0x009F, 0x002A, 0x98FD, 0xD0AA, 0x21FD, 0xFD00, 0xDFD0, 0xDFD2, 0x2FD0, 0x0326, 0xD0DF, 0xFFFF, 0x96DF, 0xFF05, 0x0310, 0x9957, 0x030A, 0x029F, 0x2F0B, 0x1E02, 0x1A00, 0x030A, 0xDF57, 0xFF01, 0x200D, 0xF063, 0x67F0, 0x01F0, 0x01F0, 0xF0FF, 0xF001, 0xF001, 0xF001, 0xF001, 0xF001, 0xF001, 0xF001, 0xFF01, 0x01F0, 0xE2F1, 0x1CF0, 0x01F0, 0x01F0, 0x01F0, 0xFFF1, 0xFF61, 0x0194, 0xF0FB, 0x0362, 0x2F59, 0x7B04, 0x262F, 0xF1C0, 0x21FF, 0xD2FF, 0xDF66, 0xFF22, 0x6A66, 0x70DF, 0x1381, 0x6D9B, 0x0C0C, 0x0062, 0xDF03, 0x00AF, 0xFF03, 0xAB01, 0x1410, 0xF00C, 0xD001, 0x0E7F, 0x286B, 0x9F8F, 0xDD01, 0xF1AA, 0xFFFF, 0x62DF, 0x01BF, 0x92FB, 0xFFF1, 0xFF61, 0x641E, 0x67FC, 0x01F0, 0x01F0, 0xF0FF, 0xF001, 0xF001, 0xF001, 0xF001, 0xF001, 0xF001, 0xF001, 0xFF01, 0x01F0, 0xE2F1, 0x1CF0, 0x01F0, 0x01F0, 0x01F0, 0xFFF1, 0xFF81, 0xD20A, 0xF000, 0x016D, 0x2F93, 0x9703, 0xA02F, 0xFF93, 0x01FF, 0x2FFF, 0x2DDD, 0xDFFF, 0x6600, 0x2D26, 0x62F2, 0xDFD6, 0x3BF2, 0xD62D, 0xF511, 0xFBF1, 0xFB11, 0x11F0, 0xF0FB, 0xCDA0, 0x01F0, 0x7F10, 0x8F00, 0x2900, 0xFF61, 0x21F2, 0x5FFF, 0x316F, 0x29FF, 0xFB01, 0x0310, 0xFFF1, 0xFF41, 0xFBF3, 0xA080, 0x0001, 0x0000, 0x0004, 0x002A, 0x0030, 0x003A, 0x0044, 0x004E, 0x0058, 0x0062, 0x006C, 0x0076, 0x0080, 0x008A, 0x0094, 0x009E, 0x00A8, 0x00B2, 0x00BC, 0x00C6, 0x00D0, 0x00DA, 0x00E4, 0x00C8, 0x00DC, 0x00F0, 0x0104, 0x0118, 0x0001, 0x00E0, 0x81F0, 0x0000, 0x0000, 0x0001, 0x00E0, 0x81F0, 0x0000, 0x0010, 0x0001, 0x00E0, 0x81F0, 0x0000, 0x0020, 0x0001, 0x00E0, 0x81F0, 0x0000, 0x0030, 0x0001, 0x00E0, 0x91F0, 0x0000, 0x0000, 0x0001, 0x00E0, 0x91F0, 0x0000, 0x0010, 0x0001, 0x00E0, 0x91F0, 0x0000, 0x0020, 0x0001, 0x00E0, 0x91F0, 0x0000, 0x0030, 0x0001, 0x00E0, 0x81F0, 0x0000, 0x0040, 0x0001, 0x00E0, 0x81F0, 0x0000, 0x0050, 0x0001, 0x00E0, 0x81F0, 0x0000, 0x0060, 0x0001, 0x00E0, 0x81F0, 0x0000, 0x0070, 0x0001, 0x00E0, 0x81F0, 0x0000, 0x0080, 0x0001, 0x00E0, 0x81F0, 0x0000, 0x0090, 0x0001, 0x00E0, 0x81F0, 0x0000, 0x00A0, 0x0001, 0x00E0, 0x81F0, 0x0000, 0x00B0, 0x0001, 0x00E0, 0x81F0, 0x0000, 0x00C0, 0x0001, 0x00E0, 0x81F0, 0x0000, 0x00D0, 0x0001, 0x00E0, 0x81F0, 0x0000, 0x00E0, 0x000D, 0x0000, 0x0006, 0x0001, 0x000D, 0x0002, 0x0006, 0x0003, 0x0000, 0xFFFF, 0x000D, 0x0004, 0x0006, 0x0005, 0x000D, 0x0006, 0x0006, 0x0007, 0x0000, 0xFFFF, 0x000D, 0x0008, 0x0006, 0x0009, 0x000D, 0x000A, 0x0006, 0x000B, 0x0000, 0xFFFF, 0x000D, 0x000C, 0x0006, 0x000D, 0x000D, 0x000E, 0x0006, 0x000F, 0x0000, 0xFFFF, 0x0014, 0x0010, 0x0004, 0x0011, 0x0014, 0x0012, 0x0004, 0x0011, 0x0000, 0xFFFF, 0x0000, 0x0010, 0x001E, 0x003F, 0xF000, 0xF001, 0xF001, 0xF001, 0xF001, 0xF001, 0xFB01, 0x01F0, 0x01F0, 0x01F0, 0x01F0, 0x0160, 0xF0FF, 0xF012, 0xC41C, 0x01F0, 0x01F0, 0x0000, 0x00F0, 0x6F2E, 0xA1D6, 0x0300, 0x0026, 0xFD03, 0x0000, 0x002F, 0x200F, 0x0F2F, 0x4500, 0x00DF, 0x63F0, 0x0066, 0xF000, 0x6135, 0xF00F, 0x6662, 0xFD00, 0x12FF, 0x2D26, 0x12D2, 0x00D1, 0x22FF, 0x66FD, 0xFF00, 0x66FD, 0x2240, 0x2100, 0xF26D, 0x000F, 0x6662, 0x0F10, 0x6600, 0x0300, 0x26D2, 0x000F, 0xDD41, 0x0300, 0xF266, 0x0000, 0x0062, 0xE703, 0x01F0, 0x77E0, 0x4100, 0xF000, 0x17F0, 0x9660, 0x8F00, 0x002C, 0x002F, 0xAF03, 0x0C00, 0x0B00, 0x6FDD, 0xDD00, 0xFDDD, 0xDD25, 0x6FDD, 0x0433, 0xDDD0, 0xFFFF, 0x002D, 0xA8A5, 0x008A, 0x000F, 0x899A, 0x00F8, 0x8899, 0x4800, 0xFF0F, 0x5FFF, 0xDF0F, 0x04FD, 0xDF54, 0xDDDF, 0x00FF, 0xDD03, 0xDFDD, 0x50F0, 0x0130, 0xF00D, 0xF012, 0xF001, 0xF001, 0xF001, 0xFF01, 0x01F0, 0x01F0, 0x01F0, 0x01F0, 0x01F0, 0xDEE1, 0x9B01, 0x17F0, 0x61FF, 0x11FB, 0xF09B, 0xF001, 0xF101, 0x51FB, 0x01FB, 0xF19B, 0xDBFB, 0xFB61, 0x6500, 0xF126, 0x71FB, 0x2DFB, 0x7FF0, 0x01F0, 0xF1FB, 0xD0FB, 0x1101, 0x10FB, 0x3023, 0xD027, 0xD301, 0xD701, 0x00A0, 0xFD06, 0x0700, 0x99FD, 0x00F9, 0x4000, 0x10AA, 0x5903, 0x000F, 0x546F, 0x000F, 0x5F00, 0xDF56, 0xDF0D, 0xDDF6, 0xDD0B, 0xF336, 0x02DD, 0xDD1D, 0xE6F1, 0x01F0, 0xF0FF, 0xF001, 0xF001, 0xF001, 0xF001, 0xF001, 0xF001, 0xF001, 0xFF01, 0x01F0, 0x01F0, 0xE2F3, 0x01F0, 0x1CF0, 0x01F0, 0x03F2, 0xFFF3, 0xF3FF, 0xF3FF, 0xF2FF, 0xF303, 0xF0FF, 0xF301, 0xF0FF, 0x6301, 0x20FF, 0x84F0, 0x0300, 0xD045, 0xFDDD, 0xAA54, 0xF601, 0x0045, 0xFF03, 0x0302, 0x13DD, 0x99FF, 0x9A00, 0x000F, 0xA989, 0x000F, 0x02FF, 0xFFA8, 0xDF00, 0x335F, 0xFF03, 0x0B3D, 0xDDDF, 0x66FD, 0xFE03, 0xF3FF, 0x43FF, 0xFFFB, 0x18F2, 0x01F0, 0x01F0, 0x01F0, 0x01F0, 0x01F0, 0x01F0, 0x01F0, 0xF0FF, 0xF001, 0xF101, 0xF3DE, 0xF3FF, 0xF0FF, 0xF001, 0xF101, 0xFFFB, 0xFFF3, 0xFBF1, 0xFFF3, 0xFFF3, 0x01F0, 0x7CF0, 0x12F0, 0xFFF3, 0x60F5, 0x0103, 0x01F8, 0x15F6, 0x6FDA, 0x0B00, 0x93FF, 0x40FF, 0x0356, 0x65FF, 0xDF54, 0x6200, 0x1FFF, 0xDDDD, 0x2126, 0xF5FD, 0xF5FF, 0xF0FF, 0xF001, 0xFF01, 0x01F0, 0x01F0, 0x01F0, 0x01F0, 0x01F0, 0x01F0, 0x17A1, 0xFB10, 0xF0C0, 0x2101, 0xFFB0, 0xD2DF, 0x22FF, 0xD06F, 0x1AF0, 0xFB31, 0x0036, 0x6620, 0xFFF2, 0xFFD2, 0x1DF0, 0x0130, 0x9A11, 0xE801, 0x0110, 0x4310, 0x0350, 0x4F12, 0xA180, 0x368F, 0x6626, 0xD654, 0x2DDD, 0x6508, 0xFFF2, 0x01D3, 0xDFCE, 0x0F42, 0x0000, 0x222F, 0x0001, 0xD2DF, 0x1010, 0xF000, 0x002D, 0x282A, 0xD613, 0x0062, 0x3362, 0xDD22, 0x316D, 0xFF3D, 0x6F00, 0xFFD1, 0xF000, 0xF222, 0x2A00, 0x2D10, 0x5800, 0x00D2, 0x8260, 0x0300, 0xFDF6, 0x4300, 0x0310, 0x0A14, 0x6F10, 0x0310, 0x9F10, 0x4010, 0xC203, 0x01F0, 0xEAE0, 0x0088, 0x8F00, 0x0300, 0x809F, 0xE501, 0xFAAF, 0xDD00, 0xF2EF, 0x01D0, 0xDFDD, 0xD01D, 0x2FDD, 0x001D, 0x250B, 0x88DE, 0x6300, 0xF888, 0x1D30, 0x002F, 0x0E64, 0xDFFF, 0x000D, 0xFA01, 0x0340, 0xE501, 0xFF01, 0x51F0, 0x01F0, 0x01F0, 0x01F0, 0x01F0, 0x01F0, 0x01F0, 0x01F0, 0xF0FF, 0xF001, 0x6101, 0xF1FB, 0x81DF, 0x11FB, 0xF19B, 0x71FB, 0xFEFB, 0x9B11, 0x3EF0, 0xFB71, 0x9711, 0xFBF1, 0x01B0, 0xFBF1, 0x3FDF, 0x01D2, 0xFB41, 0x9B11, 0xFBF1, 0xFB71, 0x9B11, 0xFBF1, 0x001F, 0xF100, 0x0300, 0x96F1, 0x01F0, 0x0130, 0xFB81, 0x0027, 0x01DF, 0x2FF3, 0x1912, 0x15F7, 0x10FB, 0xD71D, 0xFB11, 0xF711, 0x00DF, 0x1F5C, 0x5800, 0xFF11, 0x1A10, 0xF3FF, 0xF0FA, 0xF001, 0xF001, 0xF001, 0xF001, 0xF001, 0xF001, 0xFF01, 0x01F0, 0x01F0, 0x03F2, 0xFFF3, 0xFFF3, 0x01F0, 0xFFF3, 0x01F0, 0xF3FF, 0xE2FF, 0x2303, 0xF39E, 0x32FF, 0x0003, 0xF326, 0xF2FF, 0xFC03, 0xFFF3, 0x03F2, 0x01F0, 0xFFF3, 0x0342, 0xE901, 0xFDD0, 0xFF7B, 0x0316, 0x0320, 0x0C08, 0x6302, 0x5310, 0x12FF, 0x0021, 0xFE2F, 0x00DD, 0xFDD1, 0x0DDD, 0xD107, 0xDDF2, 0xED0D, 0x0B00, 0x4FF0, 0x01F0, 0xF0FF, 0xF001, 0xF001, 0xF001, 0xF001, 0xF001, 0xF001, 0xF001, 0xFF01, 0xFFF3, 0xFBF1, 0xFFF3, 0xFBF1, 0xFFF3, 0xFFF3, 0xFBF1, 0xFFF3, 0xF3DF, 0x53FF, 0x8FFF, 0xFFF3, 0xFF93, 0x9701, 0xFBF1, 0x6430, 0xF5FE, 0xF0FF, 0x7301, 0x83FF, 0x49E1, 0x93F7, 0x51FF, 0xD1FB, 0x0087, 0x2121, 0x0DF2, 0x0B00, 0xF3F7, 0xF0FF, 0xFF01, 0x01F0, 0x01F0, 0x01F0, 0x01F0, 0x01F0, 0x01F0, 0x01F0, 0x01F0, 0xF0ED, 0xF001, 0xD901, 0x32FF, 0x16F0, 0x0772, 0xFC23, 0xF800, 0x01F0, 0x77F2, 0x7712, 0x0310, 0xAA31, 0x62FF, 0x0066, 0x33F0, 0x6663, 0x23F0, 0x3263, 0x3F00, 0x32D3, 0xE332, 0x2DFF, 0x0033, 0x0F3E, 0x98DF, 0x00F3, 0x99F0, 0xFD00, 0x8F00, 0x6699, 0xFF26, 0x0000, 0x3666, 0x0F33, 0x3623, 0xFF32, 0x2300, 0x3D23, 0x3323, 0xFF22, 0x003E, 0xFD89, 0xEFF0, 0x0F99, 0x3F00, 0x993F, 0xB2F8, 0x124F, 0x1277, 0x920B, 0xF20F, 0xD273, 0x2CAB, 0x898F, 0xFB01, 0x0112, 0x00FB, 0x102E, 0xF4F1, 0xFFD3, 0x6310, 0x0300, 0x0722, 0x002D, 0x3303, 0x15F2, 0x00DD, 0x0332, 0x2DFF, 0x0300, 0x00EE, 0xFF0B, 0x82FA, 0x01F0, 0x01F0, 0x01F0, 0x01F0, 0x01F0, 0x01F0, 0x01F0, 0xF0FF, 0xF001, 0xF001, 0xF101, 0x21DE, 0x01FB, 0xF09B, 0x711A, 0xFBFB, 0x9B11, 0x1DF0, 0x01F0, 0xFBF1, 0xA663, 0xF1F0, 0x71FB, 0xFFFB, 0x9B11, 0xFBF1, 0xFB71, 0xFF91, 0xFBF1, 0x1330, 0x01F0, 0xFEEB, 0x825E, 0xFB01, 0x211D, 0x14FB, 0x71FA, 0x03FB, 0xD0E0, 0xDD55, 0xF711, 0x0088, 0x22AD, 0x5000, 0x0033, 0xCF5C, 0x190C, 0x1D05, 0x0DDD, 0xFF03, 0x0300, 0xE5FB, 0x01F0, 0xF0FF, 0xF001, 0xF001, 0xF001, 0xF001, 0xF001, 0xF001, 0xF001, 0xFF01, 0x01F0, 0x01F0, 0xFFF3, 0x1CF0, 0xFFF3, 0x01F0, 0x03F2, 0xFFF3, 0xF3FF, 0xF3FF, 0xF2FF, 0xF303, 0xF2FF, 0xF303, 0xF0FF, 0x0201, 0x7063, 0x0699, 0x1003, 0x1803, 0xD207, 0xD000, 0x592F, 0x0133, 0x23E4, 0x0300, 0x0B10, 0x98EE, 0x6300, 0x2157, 0x4800, 0x02DF, 0x1F1D, 0x5008, 0xFB01, 0xFB1B, 0x0D7F, 0x0340, 0x63F2, 0x01F0, 0x01F0, 0x01F0, 0x01F0, 0x01F0, 0xF0FF, 0xF001, 0xF001, 0xF001, 0xF001, 0xF001, 0xF301, 0xF1FF, 0xFDFB, 0xFFF3, 0x01F0, 0xFBF1, 0xFFF3, 0xFBF1, 0xFF73, 0xF199, 0xFDFB, 0xFB71, 0x9B11, 0xFBF1, 0xFFF3, 0x01F0, 0xFFD7, 0x00FF, 0x2F03, 0x22DF, 0x9A00, 0x0533, 0x07FF, 0x26DC, 0x0303, 0x17FF, 0xDDDD, 0x0028, 0xD150, 0xFB51, 0x5000, 0xFB51, 0x3CFF, 0xF003, 0xF04D, 0xF001, 0xF001, 0xF001, 0xF001, 0xF001, 0xFC01, 0x01F0, 0x01F0, 0x01F0, 0x01F0, 0x01F0, 0x5711, 0xDFFF, 0xFF6F, 0xFFFB, 0x039A, 0x0A00, 0xF203, 0xF000, 0x2101, 0xC0E7, 0x03C0, 0x0160, 0x2D22, 0x5466, 0xD366, 0x2D00, 0x6665, 0xD3DD, 0x262D, 0x15FF, 0x42DF, 0x0AFD, 0xFF03, 0x030A, 0x6BF0, 0x00FF, 0xDD22, 0x2233, 0x6626, 0x3D31, 0xDD02, 0xD166, 0xFFFF, 0x0A26, 0xDF03, 0x0AAB, 0xDF03, 0x030A, 0x0AF0, 0xF003, 0xE311, 0x03F0, 0x70F0, 0xF003, 0xFB01, 0x6BFF, 0xF0FF, 0xF8AA, 0x0000, 0xAAFD, 0xD00F, 0x26FD, 0xD0DF, 0xFF01, 0xDF22, 0x6F00, 0xDF26, 0xFF5F, 0x8F60, 0x030A, 0x9112, 0x83F0, 0x00DF, 0x80DF, 0xFB0B, 0x662F, 0x0DDF, 0xFFFF, 0xFFDF, 0x67F0, 0x01F0, 0x01F0, 0x01F0, 0x01F0, 0x01F0, 0x01F0, 0x01F0, 0xF0FF, 0xF001, 0xFD01, 0xF0FF, 0xFD01, 0xF1FF, 0xFDFF, 0xFCFF, 0xFF03, 0xFFFD, 0xFFFD, 0xFFFD, 0xFFFD, 0x03FC, 0xFFFD, 0xFFFD, 0x96F0, 0xF0FF, 0xF101, 0xF1FF, 0xF1FF, 0x61FF, 0xFCFF, 0xF063, 0xF001, 0xFF01, 0x01F0, 0x01F0, 0x01F0, 0x01F0, 0x01F0, 0x01F0, 0x01F0, 0x8341, 0x11E2, 0xF18B, 0x21DF, 0xFF3F, 0xDDF0, 0xFF00, 0x3036, 0x2626, 0x1FF0, 0x1F10, 0x0FF0, 0x36FF, 0x2F07, 0xD2F2, 0xD266, 0xFFFD, 0xFFFD, 0xFBF1, 0xAD80, 0xDFFF, 0x546D, 0xFFF2, 0x6523, 0x0F17, 0xD2F0, 0xFF01, 0x012F, 0x15FF, 0x9187, 0x00FF, 0x6D22, 0xD233, 0x6FFF, 0x2D31, 0x0F3F, 0x21F0, 0x00FF, 0x1058, 0x9103, 0xD1FF, 0x66FB, 0xFF5C, 0x9AF0, 0x01F0, 0xFFF1, 0xFFF1, 0xFFF1, 0xFF61, 0x4FF0, 0x01B0, 0x0004, 0x002A, 0x0030, 0x003A, 0x0044, 0x004E, 0x0058, 0x0062, 0x006C, 0x0076, 0x0080, 0x008A, 0x0094, 0x009E, 0x00A8, 0x00B2, 0x00BC, 0x00C6, 0x00D0, 0x00DA, 0x00E4, 0x00C8, 0x00DC, 0x00F0, 0x0104, 0x0118, 0x0001, 0x00E0, 0x81F0, 0x0000, 0x0000, 0x0001, 0x00E0, 0x81F0, 0x0000, 0x0010, 0x0001, 0x00E0, 0x81F0, 0x0000, 0x0020, 0x0001, 0x00E0, 0x81F0, 0x0000, 0x0030, 0x0001, 0x00E0, 0x91F0, 0x0000, 0x0000, 0x0001, 0x00E0, 0x91F0, 0x0000, 0x0010, 0x0001, 0x00E0, 0x91F0, 0x0000, 0x0020, 0x0001, 0x00E0, 0x91F0, 0x0000, 0x0030, 0x0001, 0x00E0, 0x81F0, 0x0000, 0x0040, 0x0001, 0x00E0, 0x81F0, 0x0000, 0x0050, 0x0001, 0x00E0, 0x81F0, 0x0000, 0x0060, 0x0001, 0x00E0, 0x81F0, 0x0000, 0x0070, 0x0001, 0x00E0, 0x81F0, 0x0000, 0x0080, 0x0001, 0x00E0, 0x81F0, 0x0000, 0x0090, 0x0001, 0x00E0, 0x81F0, 0x0000, 0x00A0, 0x0001, 0x00E0, 0x81F0, 0x0000, 0x00B0, 0x0001, 0x00E0, 0x81F0, 0x0000, 0x00C0, 0x0001, 0x00E0, 0x81F0, 0x0000, 0x00D0, 0x0001, 0x00E0, 0x81F0, 0x0000, 0x00E0, 0x000D, 0x0000, 0x0006, 0x0001, 0x000D, 0x0002, 0x0006, 0x0003, 0x0000, 0xFFFF, 0x000D, 0x0004, 0x0006, 0x0005, 0x000D, 0x0006, 0x0006, 0x0007, 0x0000, 0xFFFF, 0x000D, 0x0008, 0x0006, 0x0009, 0x000D, 0x000A, 0x0006, 0x000B, 0x0000, 0xFFFF, 0x000D, 0x000C, 0x0006, 0x000D, 0x000D, 0x000E, 0x0006, 0x000F, 0x0000, 0xFFFF, 0x0014, 0x0010, 0x0004, 0x0011, 0x0014, 0x0012, 0x0004, 0x0011, 0x0000, 0xFFFF, 0x0000, 0x0010, 0x001E, 0x003F, 0xF000, 0xF001, 0xF001, 0xF001, 0xF001, 0xF001, 0xED01, 0x01F0, 0x01F0, 0x0160, 0x40F0, 0x1003, 0xFF01, 0x0A00, 0xE200, 0x0FF0, 0x3EEF, 0xFCF0, 0x003E, 0x3FFF, 0xF2C4, 0x2300, 0xFC42, 0x000E, 0xF2C8, 0x00FF, 0x0017, 0x001C, 0xEE06, 0xEE13, 0x0F3E, 0x0E00, 0x0FFF, 0x4080, 0x0B90, 0xF0F0, 0xE001, 0x9067, 0x6003, 0x8501, 0xEDFF, 0x003E, 0xFF52, 0xEEEE, 0xFFF3, 0xEF24, 0x3300, 0x33F2, 0xFF53, 0x43FF, 0x0A83, 0x0000, 0x888F, 0x2600, 0x0098, 0x2F1E, 0xFD54, 0x0400, 0x00F2, 0x8368, 0x7900, 0x2288, 0xF300, 0x98FF, 0x5FFF, 0x8822, 0x000F, 0x33F0, 0x0F89, 0x3EF0, 0x0F44, 0xF07E, 0x9F20, 0x0190, 0x9310, 0x0390, 0x01F0, 0x0160, 0xD4D0, 0x9E40, 0xFB10, 0x009E, 0xF303, 0x0300, 0x00F2, 0xDD02, 0xF9FF, 0xFDDD, 0x1099, 0xF803, 0xD005, 0xFFFD, 0x4FDF, 0x4400, 0x0099, 0x4003, 0x01DF, 0xDF03, 0x88FD, 0xFD0F, 0x80D2, 0x0300, 0x8FFF, 0xDDDF, 0xFFDD, 0x09DD, 0xDDDD, 0x0DDD, 0x56F0, 0x0000, 0x1410, 0xF0FF, 0xF018, 0xF001, 0xF001, 0xF001, 0xF001, 0xF001, 0xF001, 0xC001, 0x01F0, 0x9FA1, 0x002F, 0xF0FF, 0x00EE, 0xCF00, 0xF3EF, 0x43F0, 0x0F2C, 0x003F, 0xC422, 0x8F0F, 0xFF2C, 0x5FFF, 0xF815, 0xEEDF, 0xF211, 0x01EE, 0x239E, 0x0800, 0x91DF, 0x106C, 0xD30B, 0x6081, 0x6BF1, 0x01F0, 0x01F0, 0x7800, 0xF500, 0xEEEF, 0xFF3F, 0xF24F, 0x013F, 0x3F23, 0xFF33, 0x3FFF, 0x0034, 0x948E, 0xFB01, 0x8F00, 0x2B52, 0x002E, 0x3E68, 0x00F8, 0x00FF, 0x2885, 0xFF32, 0xF988, 0xFF00, 0x8825, 0x00F8, 0x993F, 0x00F8, 0xEF00, 0xF442, 0xFF00, 0xF999, 0xB0BF, 0xF27F, 0x0300, 0xC401, 0x0320, 0x18E2, 0x01F0, 0x9FF2, 0x2081, 0xDD0E, 0xD0DD, 0xDDDD, 0x01FD, 0x40DB, 0x00FD, 0xFD0A, 0xF459, 0x0000, 0x8229, 0x0300, 0xF5E4, 0x0000, 0x004F, 0xFF58, 0xF211, 0x000D, 0x1D02, 0x99DD, 0x02F8, 0x7F01, 0xF1DF, 0xF1FF, 0xF0FF, 0xF001, 0xF001, 0xF001, 0xF001, 0xFF01, 0x01F0, 0x01F0, 0x01F0, 0xFFF3, 0xFFF3, 0xFFF3, 0xFFF3, 0xF3F1, 0xF0FD, 0xF301, 0xF3FF, 0xF3FF, 0xF3FF, 0x13FF, 0x00FF, 0xFF03, 0xFF00, 0x9800, 0x55FF, 0x88FF, 0x000F, 0xF22F, 0x0F89, 0xF33F, 0x0F44, 0xEF7C, 0xEA11, 0x01F0, 0x01F0, 0x01F0, 0xCAA2, 0x9DFF, 0x00C0, 0x006A, 0xDF03, 0x00F2, 0x4F8D, 0x84F8, 0xFB13, 0xFDDD, 0xF888, 0x0702, 0x4FDD, 0x0F10, 0xFFFF, 0xFF13, 0xF429, 0x0FF0, 0x5F00, 0x9F43, 0xFDF9, 0x9853, 0x17F9, 0xFFDD, 0x029F, 0xFD01, 0x0014, 0xE6F1, 0xFFF1, 0xF0FF, 0xF001, 0xF001, 0xF001, 0xF001, 0xF001, 0xF001, 0xF001, 0xFF01, 0x9FF1, 0xFFF3, 0xFFF3, 0xFFF3, 0xFFF3, 0x01F0, 0x01F0, 0xFFF3, 0xF3D0, 0xE3FF, 0x0FFF, 0xFF03, 0x0FF2, 0xF988, 0x5F00, 0x88F5, 0xF0F8, 0x9922, 0x00F8, 0x33F0, 0xF442, 0x3EF0, 0xF999, 0xB5FF, 0xD5FF, 0xF0FB, 0xF093, 0xF201, 0xF397, 0xF3FF, 0xF3FF, 0xFFFF, 0xFFF1, 0x17F0, 0x01F0, 0x01F0, 0x9AC0, 0xC6F4, 0x7FF3, 0x01F0, 0xF0C4, 0xF001, 0x00EF, 0x3F00, 0xF721, 0x3F00, 0xEE01, 0xF000, 0x23EE, 0xEF00, 0xE101, 0x3E0A, 0x00FF, 0x052C, 0xE444, 0x5800, 0x0B4E, 0x00FC, 0x2E00, 0x5F07, 0x00F3, 0x030B, 0xF676, 0x4FF5, 0x63F5, 0x01F0, 0x0130, 0x81CF, 0xE0CF, 0xF801, 0x0000, 0xEEDF, 0xFF42, 0xEE3F, 0x0022, 0x2422, 0xFF2F, 0x54FF, 0x0033, 0xF011, 0xD3F4, 0xFF73, 0x24F0, 0x00DE, 0x407F, 0x043E, 0x3F75, 0xF329, 0x530F, 0x04FA, 0xF32F, 0x79F3, 0x03F0, 0x3FFF, 0x07F3, 0x00F8, 0xF32F, 0xF1F4, 0xF01F, 0xF001, 0x8101, 0x01C0, 0x893F, 0x0000, 0x8DEF, 0x0700, 0xFF09, 0xDD00, 0x032F, 0xDFD3, 0x13DF, 0x09FF, 0xFD00, 0xF8AA, 0x5E00, 0x88DF, 0x7F00, 0xD850, 0x0300, 0x005F, 0x5803, 0xDDDF, 0x7700, 0x1788, 0x00F9, 0x0003, 0x0001, 0xFDF1, 0x01F0, 0x01F0, 0xF0FF, 0xF001, 0x5101, 0x01FB, 0xF09B, 0x6118, 0x11FB, 0xF09B, 0xFF01, 0x01F0, 0xFBF1, 0xFB51, 0x9B01, 0xFBF1, 0xFB61, 0x9B11, 0xFBF1, 0x71FF, 0x11FB, 0xF09B, 0xE001, 0xF101, 0x80FB, 0xF101, 0x71FB, 0xB7FB, 0xA200, 0xF18F, 0x71FB, 0x48FB, 0x7FF0, 0x01F0, 0x01F0, 0xD1D0, 0x00FF, 0x2F9F, 0xCE00, 0xF88F, 0xDD00, 0x8F7F, 0xD503, 0xDB15, 0xEA04, 0xE011, 0x1D00, 0xF711, 0xFB21, 0x00DF, 0x0103, 0x00FB, 0xFB41, 0xFF21, 0x4BF0, 0x01F0, 0x01F0, 0xF0FF, 0xF001, 0xF301, 0xF0FF, 0xF301, 0xF0FF, 0xF001, 0xF201, 0xFF03, 0xFFF3, 0xFFF3, 0x03F2, 0xFFF3, 0x01F0, 0xFFF3, 0x01F0, 0xFFF3, 0xF3A0, 0x3EFF, 0x7A06, 0x293F, 0xF323, 0x0153, 0xFFFA, 0xF3FD, 0x3F79, 0x07F3, 0x9FFF, 0x0302, 0xFFF0, 0x9605, 0x01F0, 0x01F0, 0x01F0, 0x9EB2, 0x00AA, 0xDF6B, 0x0300, 0x015F, 0x5FF3, 0xFF01, 0x628F, 0x41D8, 0x08FF, 0xDD7A, 0x39DD, 0x7F00, 0xADED, 0x0300, 0x003F, 0x2F03, 0xFF01, 0x1D04, 0x08DD, 0x1F01, 0xA8DD, 0x02FA, 0xF10B, 0xF000, 0xF001, 0xF001, 0xFF01, 0x01F0, 0xFFF3, 0xFBF1, 0xFFF3, 0x01F0, 0xFBF1, 0xFFF3, 0xFBF1, 0xF3FF, 0xF1FF, 0xF3FB, 0xF0FF, 0xF301, 0xF3FF, 0xF1FF, 0x83FB, 0x37FF, 0x884F, 0xFBF1, 0xFB71, 0xF02F, 0xF07F, 0xF001, 0xB201, 0x01C0, 0x005F, 0x019F, 0x00FB, 0x435F, 0xFFFF, 0x19FD, 0x17D7, 0x23FB, 0x21E0, 0x13F7, 0x43FB, 0x99FF, 0xFF85, 0xF0FF, 0xF04B, 0xF001, 0xF001, 0xF001, 0xF101, 0xA12F, 0x117B, 0x5F93, 0x12EE, 0xFE94, 0x1CF0, 0x01F0, 0x01F0, 0x01F0, 0x01F0, 0x22AD, 0x2F7F, 0x1B04, 0x00E3, 0x1B68, 0x2F67, 0x6C00, 0xF050, 0x0310, 0x0253, 0xF536, 0x000F, 0x07FF, 0xF233, 0xF000, 0xD223, 0x0293, 0xF93A, 0xC07F, 0x7FF2, 0x0370, 0x3FF0, 0x0033, 0xA9FF, 0xAA00, 0x22FF, 0x9999, 0x77EE, 0x0098, 0xF399, 0x8F00, 0xF399, 0x4F0F, 0x5500, 0xFFD2, 0x3334, 0xFF22, 0x0042, 0xF325, 0x700F, 0xAA89, 0xFFFF, 0xF302, 0x2899, 0xFE33, 0x0289, 0xF80B, 0x00FF, 0x1134, 0x10FB, 0x1B03, 0xF0FC, 0xF063, 0xF073, 0x8112, 0x104B, 0xF4F0, 0x027F, 0x7077, 0xF000, 0x0577, 0x0070, 0x77FD, 0x017D, 0x7FD7, 0x0300, 0x9F56, 0xFF01, 0x039F, 0xFFFF, 0xF609, 0x576E, 0xD9F2, 0xF301, 0x2002, 0x03DD, 0x10FE, 0x0003, 0xF2FF, 0xFF02, 0x01F0, 0x01F0, 0x01F0, 0xAFF0, 0x01F0, 0xFBF1, 0x2900, 0x9B11, 0xF0FF, 0xF001, 0xF001, 0xF001, 0xF101, 0x21FB, 0xF19B, 0x61FB, 0xFEFB, 0x9B11, 0xFBF1, 0xFFF1, 0xFBF1, 0x0380, 0xFBF1, 0xFB41, 0x5F22, 0x0124, 0xFF9B, 0xFBF1, 0x8B31, 0x0710, 0x9711, 0x01F0, 0xF0EA, 0xF001, 0x9001, 0xF495, 0x8302, 0x1088, 0xFF03, 0x000E, 0xFFFD, 0x119F, 0x00FB, 0x4703, 0xDDFF, 0xDD7F, 0x6310, 0x7710, 0x0310, 0xF311, 0xFB11, 0x2014, 0xFF29, 0xF1FF, 0xF0FF, 0xF001, 0xF001, 0xF001, 0xF201, 0xF203, 0xF303, 0xFFFF, 0x01F0, 0x01F0, 0x01F0, 0x01F0, 0xFFF3, 0x03F2, 0xFFF3, 0x03F2, 0xF1F1, 0xD0FB, 0x0003, 0x1D05, 0xA9F7, 0xEEAA, 0x0302, 0xF342, 0x0312, 0x8F0F, 0xD299, 0x0302, 0x03DD, 0x4F0F, 0xFF33, 0x3F00, 0x6322, 0x03F2, 0x0017, 0x4300, 0x5C00, 0x0024, 0xF303, 0xF000, 0xD501, 0x01F0, 0xFFA5, 0x00F7, 0x07DB, 0x4C01, 0x0B07, 0x56FF, 0x07D7, 0xF7FF, 0x031A, 0x1000, 0x0103, 0x4F69, 0x00DF, 0x1060, 0x7703, 0x0310, 0xFF05, 0xFD69, 0xFFF1, 0x01F0, 0xF0FF, 0xF001, 0xF001, 0xF101, 0xF1FB, 0xF3FB, 0xF0FF, 0xF001, 0xFF01, 0x01F0, 0x01F0, 0xFFF3, 0xFBF1, 0xFFF3, 0xFBF1, 0xFF71, 0xF7F1, 0x80F1, 0xF1E3, 0x11FB, 0x02FB, 0x0013, 0x424F, 0x971B, 0xF1DF, 0x31FB, 0x22FB, 0x9741, 0x01F0, 0x01F0, 0x01F0, 0x0190, 0x17BC, 0x8FDD, 0x0310, 0xF303, 0xFB1B, 0xFF9B, 0xDDDD, 0x10FF, 0x2763, 0x00FB, 0x0703, 0xF1F7, 0xF0FF, 0xF001, 0xF001, 0xFF01, 0x01F0, 0x01F0, 0x01F0, 0x01F0, 0x01F0, 0x01F0, 0x01F0, 0x01F0, 0xF0FF, 0xF001, 0xF001, 0xF001, 0xF001, 0xF001, 0xF201, 0x0A6B, 0x8567, 0x873C, 0x2F24, 0xF000, 0x070A, 0x0A2F, 0x0707, 0xFF2F, 0xF08F, 0x11F2, 0x3A94, 0x3E67, 0x0007, 0x000F, 0x2A53, 0x00F4, 0x49D3, 0xF200, 0x8800, 0x34F8, 0x890F, 0xF8F8, 0x0114, 0x01F0, 0x01F0, 0x01F0, 0xFD81, 0x3FDF, 0x00F2, 0x88FF, 0xFFFF, 0x4452, 0xF000, 0xDF00, 0xF0EE, 0xEEED, 0x00EE, 0x80FF, 0xFF1F, 0xDFFF, 0x0000, 0xDDD0, 0x00D2, 0x5FFF, 0x88F3, 0x3C4F, 0xD4F3, 0x2E00, 0xFE2C, 0xF3EE, 0x0FFC, 0x93F2, 0x2A0A, 0x98FF, 0x1E00, 0xF9A9, 0x2200, 0x19FB, 0xF0FF, 0xF001, 0xF001, 0xF001, 0xF001, 0xF001, 0xF001, 0xF001, 0xE601, 0x01F0, 0x01F0, 0x01F0, 0x4000, 0x12F0, 0x0170, 0xDF04, 0x2010, 0x0410, 0x1043, 0xF004, 0xF001, 0xF001, 0x7401, 0xD4EB, 0xFFF1, 0xFF11, 0x01FF, 0x32FF, 0xFF11, 0x4E33, 0x0000, 0x33DE, 0x04EE, 0x3F3E, 0x04E3, 0x3F4E, 0xE339, 0x01EE, 0xEEFF, 0x17D3, 0x2249, 0x01C2, 0xCFFF, 0xFF01, 0x5B1E, 0x0160, 0x4448, 0x8E00, 0x44CC, 0x0300, 0x0043, 0x5C00, 0x002C, 0x4003, 0x0B00, 0x4FF5, 0x01B0, 0xFD32, 0x0000, 0xFFDF, 0xFF0F, 0x0088, 0xA1F0, 0xFF11, 0x0355, 0xDFF7, 0x00FD, 0x91FD, 0xD0FF, 0xFB03, 0x0404, 0x04D4, 0xFF70, 0x0F5E, 0x3700, 0x52FD, 0x2608, 0xFF11, 0xF1AA, 0xF0FF, 0xF001, 0xFF01, 0x01F0, 0x01F0, 0x01F0, 0x01F0, 0x01F0, 0x01F0, 0x01F0, 0x01F0, 0x83CE, 0x0086, 0xF0CC, 0xBFE2, 0x11D6, 0x7D9B, 0xEEEF, 0x0094, 0xE204, 0x013E, 0xE207, 0x0A06, 0xEE2F, 0x0F1F, 0xF0FF, 0x0810, 0x01F0, 0x01F0, 0x6DF0, 0x7F4E, 0x00D0, 0xF103, 0x0FFB, 0xFB01, 0xF2F3, 0x9F00, 0x2300, 0x00FD, 0xDE2F, 0xFF0F, 0x80E2, 0xFB03, 0x3F2F, 0xFF2A, 0x53FF, 0x052A, 0xC224, 0x49D3, 0x13FF, 0x007E, 0xA101, 0x0065, 0x9B11, 0x1604, 0xCE00, 0x0700, 0x16EC, 0xF2A5, 0x0300, 0x92F1, 0xFFF1, 0x4FA7, 0xF00F, 0xFB01, 0xF65F, 0xFB01, 0xD801, 0x0310, 0xFF21, 0x619A, 0x51FF, 0x2FFB, 0x535C, 0xF700, 0xF1FE, 0xF0FF, 0xB051, 0x0001, 0x0000, 0x0004, 0x002A, 0x0030, 0x003A, 0x0044, 0x004E, 0x0058, 0x0062, 0x006C, 0x0076, 0x0080, 0x008A, 0x0094, 0x009E, 0x00A8, 0x00B2, 0x00BC, 0x00C6, 0x00D0, 0x00DA, 0x00E4, 0x00C8, 0x00DC, 0x00F0, 0x0104, 0x0118, 0x0001, 0x00E0, 0x81F0, 0x0000, 0x0000, 0x0001, 0x00E0, 0x81F0, 0x0000, 0x0010, 0x0001, 0x00E0, 0x81F0, 0x0000, 0x0020, 0x0001, 0x00E0, 0x81F0, 0x0000, 0x0030, 0x0001, 0x00E0, 0x91F0, 0x0000, 0x0000, 0x0001, 0x00E0, 0x91F0, 0x0000, 0x0010, 0x0001, 0x00E0, 0x91F0, 0x0000, 0x0020, 0x0001, 0x00E0, 0x91F0, 0x0000, 0x0030, 0x0001, 0x00E0, 0x81F0, 0x0000, 0x0040, 0x0001, 0x00E0, 0x81F0, 0x0000, 0x0050, 0x0001, 0x00E0, 0x81F0, 0x0000, 0x0060, 0x0001, 0x00E0, 0x81F0, 0x0000, 0x0070, 0x0001, 0x00E0, 0x81F0, 0x0000, 0x0080, 0x0001, 0x00E0, 0x81F0, 0x0000, 0x0090, 0x0001, 0x00E0, 0x81F0, 0x0000, 0x00A0, 0x0001, 0x00E0, 0x81F0, 0x0000, 0x00B0, 0x0001, 0x00E0, 0x81F0, 0x0000, 0x00C0, 0x0001, 0x00E0, 0x81F0, 0x0000, 0x00D0, 0x0001, 0x00E0, 0x81F0, 0x0000, 0x00E0, 0x000D, 0x0000, 0x0006, 0x0001, 0x000D, 0x0002, 0x0006, 0x0003, 0x0000, 0xFFFF, 0x000D, 0x0004, 0x0006, 0x0005, 0x000D, 0x0006, 0x0006, 0x0007, 0x0000, 0xFFFF, 0x000D, 0x0008, 0x0006, 0x0009, 0x000D, 0x000A, 0x0006, 0x000B, 0x0000, 0xFFFF, 0x000D, 0x000C, 0x0006, 0x000D, 0x000D, 0x000E, 0x0006, 0x000F, 0x0000, 0xFFFF, 0x0014, 0x0010, 0x0004, 0x0011, 0x0014, 0x0012, 0x0004, 0x0011, 0x0000, 0xFFFF, 0x0000,
};
u16 frontier_df4_misc_lo_019_1E140C[] __attribute__((section(".data.frontier_df4_misc_lo.gap19"))) = {
    0x0004, 0x002A, 0x0030, 0x003A, 0x0044, 0x004E, 0x0058, 0x0062, 0x006C, 0x0076, 0x0080, 0x008A, 0x0094, 0x009E, 0x00A8, 0x00B2, 0x00BC, 0x00C6, 0x00D0, 0x00DA, 0x00E4, 0x00C8, 0x00DC, 0x00F0, 0x0104, 0x0118, 0x0001, 0x00E0, 0x81F0, 0x0000, 0x0000, 0x0001, 0x00E0, 0x81F0, 0x0000, 0x0010, 0x0001, 0x00E0, 0x81F0, 0x0000, 0x0020, 0x0001, 0x00E0, 0x81F0, 0x0000, 0x0030, 0x0001, 0x00E0, 0x91F0, 0x0000, 0x0000, 0x0001, 0x00E0, 0x91F0, 0x0000, 0x0010, 0x0001, 0x00E0, 0x91F0, 0x0000, 0x0020, 0x0001, 0x00E0, 0x91F0, 0x0000, 0x0030, 0x0001, 0x00E0, 0x81F0, 0x0000, 0x0040, 0x0001, 0x00E0, 0x81F0, 0x0000, 0x0050, 0x0001, 0x00E0, 0x81F0, 0x0000, 0x0060, 0x0001, 0x00E0, 0x81F0, 0x0000, 0x0070, 0x0001, 0x00E0, 0x81F0, 0x0000, 0x0080, 0x0001, 0x00E0, 0x81F0, 0x0000, 0x0090, 0x0001, 0x00E0, 0x81F0, 0x0000, 0x00A0, 0x0001, 0x00E0, 0x81F0, 0x0000, 0x00B0, 0x0001, 0x00E0, 0x81F0, 0x0000, 0x00C0, 0x0001, 0x00E0, 0x81F0, 0x0000, 0x00D0, 0x0001, 0x00E0, 0x81F0, 0x0000, 0x00E0, 0x000D, 0x0000, 0x0006, 0x0001, 0x000D, 0x0002, 0x0006, 0x0003, 0x0000, 0xFFFF, 0x000D, 0x0004, 0x0006, 0x0005, 0x000D, 0x0006, 0x0006, 0x0007, 0x0000, 0xFFFF, 0x000D, 0x0008, 0x0006, 0x0009, 0x000D, 0x000A, 0x0006, 0x000B, 0x0000, 0xFFFF, 0x000D, 0x000C, 0x0006, 0x000D, 0x000D, 0x000E, 0x0006, 0x000F, 0x0000, 0xFFFF, 0x0014, 0x0010, 0x0004, 0x0011, 0x0014, 0x0012, 0x0004, 0x0011, 0x0000, 0xFFFF, 0x0000, 0x0010, 0x001E, 0x003F, 0xF000, 0xF001, 0xF001, 0xF001, 0xF001, 0xF001, 0xED01, 0x01F0, 0x01F0, 0x0160, 0x40F0, 0x1003, 0xFF01, 0x0A00, 0xE200, 0x0FF0, 0x3EEF, 0xFCF0, 0x003E, 0x3FFF, 0xF2C4, 0x2300, 0xFC42, 0x000E, 0xF2C8, 0x00FF, 0x0017, 0x001C, 0xEE06, 0xEE13, 0x0F3E, 0x0E00, 0x0FFF, 0x4080, 0x0B90, 0xF0F0, 0xE001, 0x9067, 0x6003, 0x8501, 0xEDFF, 0x003E, 0xFF52, 0xEEEE, 0xFFF3, 0xEF24, 0x3300, 0x33F2, 0xFF53, 0x43FF, 0x0A83, 0x0000, 0x888F, 0x2600, 0x0098, 0x2F1E, 0xFD54, 0x0400, 0x00F2, 0x8368, 0x7900, 0x2288, 0x1300, 0x9811, 0x1FFF, 0x88EE, 0x100F, 0xEE10, 0x0089, 0x4403, 0x100F, 0xAB33, 0x4B90, 0x00F1, 0xF303, 0x0340, 0x40FC, 0xF003, 0xB601, 0x0160, 0x40D0, 0x109E, 0x9EFB, 0x0300, 0x3600, 0x00F0, 0x00F2, 0xFFDD, 0xDDF9, 0x99FD, 0x1081, 0xF803, 0xFDD0, 0xDFFF, 0x004F, 0x4063, 0x0099, 0xDF03, 0x1FFF, 0xDF21, 0x00FD, 0xF188, 0xD2FD, 0x0F88, 0xFFFD, 0x8F00, 0xDDDF, 0xFFDD, 0xDDDD, 0x1BDD, 0x0DDD, 0x10F4, 0xC19F, 0x0D0B, 0x0340, 0x01F0, 0xF0FF, 0xF001, 0xF001, 0xF001, 0xF001, 0xF001, 0xF001, 0xF001, 0x8001, 0x9F61, 0x002F, 0xF0FF, 0x00EE, 0x00CF, 0xF3EF, 0x43F0, 0x0F2C, 0x223F, 0xC400, 0x8F0F, 0xFF2C, 0x5FFF, 0x2BF8, 0xEEDF, 0xF211, 0x01EE, 0x239E, 0x0800, 0x0C22, 0x729F, 0x0030, 0x80D3, 0xF2F4, 0xF00B, 0xF001, 0x0001, 0x0078, 0xEFF5, 0x3FEE, 0x4FFF, 0x3FF2, 0x2301, 0x333F, 0xFFFF, 0x343F, 0x8E00, 0x0194, 0x00FB, 0x528F, 0x2E2B, 0x6800, 0xF83E, 0xFF00, 0x8500, 0x3228, 0x8811, 0x01F9, 0xE1FF, 0xF888, 0xE100, 0x0099, 0x0003, 0xF442, 0x3100, 0xF999, 0x3100, 0x50AA, 0x1147, 0x8000, 0x403E, 0xCE03, 0x0300, 0xB8C3, 0x0300, 0xF043, 0xF094, 0xE201, 0xDD97, 0xD0DD, 0xDD14, 0xFDDD, 0xDB01, 0x00FD, 0xFD0A, 0x8059, 0x6700, 0xF429, 0x1100, 0xF5E4, 0x2100, 0x4F10, 0x2102, 0xF2FF, 0x000D, 0x1D02, 0xDD10, 0xF899, 0x0102, 0xDDDF, 0x230D, 0x00FF, 0xF163, 0xF1FF, 0xF0FF, 0xF001, 0xF001, 0xF001, 0xF001, 0xFF01, 0x01F0, 0x01F0, 0x01F0, 0xFFF3, 0xFFF3, 0xFFF3, 0xFFF3, 0x01F0, 0xF0F8, 0xF067, 0xF303, 0xF3FF, 0xD3FF, 0x00FF, 0x8800, 0x1200, 0x1111, 0x1F98, 0x3EEE, 0x8088, 0x0300, 0x1F89, 0xCCEE, 0x1F44, 0x7733, 0x90CC, 0x104B, 0x53AC, 0xF5FF, 0x0340, 0x01F0, 0x01E0, 0x0098, 0xFF36, 0x009D, 0x006A, 0xDF03, 0x00F2, 0x8D10, 0xF84F, 0xFB13, 0xFDDD, 0xF888, 0x0280, 0xDD07, 0x1F4F, 0x5533, 0x1F99, 0x3300, 0x2923, 0x11F4, 0x5F22, 0x0043, 0xF11F, 0x53FD, 0xF998, 0xFFDD, 0x9F57, 0x0102, 0x14FD, 0x0D00, 0xFB11, 0xFFF1, 0xFFF1, 0xF0FF, 0xF001, 0xF001, 0xF001, 0xF001, 0xF001, 0xF001, 0xF001, 0xFF01, 0xFFF3, 0xFFF3, 0xFFF3, 0xFFF3, 0x0BF2, 0x01F0, 0x01F0, 0xFFF3, 0xF3D4, 0x93FF, 0x0FFF, 0xFF03, 0x0311, 0xE1FF, 0x00EE, 0xF888, 0xEEE1, 0xF899, 0xCEE1, 0x4200, 0x31F4, 0x99C3, 0x31F9, 0xD553, 0xFB65, 0x8000, 0x4033, 0x5C03, 0x0340, 0xF025, 0xE094, 0x01F0, 0xFFF3, 0xFFC3, 0x3331, 0xF429, 0x5110, 0x0321, 0x11FF, 0xFFF3, 0x0DDD, 0xF322, 0xFFFF, 0xFFF1, 0x01F0, 0x01F0, 0x01F0, 0x9B46, 0x01F0, 0x73F1, 0x01F0, 0xF0D0, 0xE001, 0x3FEF, 0xF721, 0x3F00, 0x00EE, 0xF004, 0x23EE, 0xEF00, 0xE101, 0xFF3E, 0x002A, 0x002C, 0xE4CC, 0x5800, 0x074E, 0x2E3C, 0x0F0B, 0xFFF0, 0x00F3, 0x220B, 0x2113, 0x47F0, 0xF0EC, 0xF013, 0x1001, 0xCF01, 0xCF81, 0x01E0, 0x00F8, 0xDF00, 0x42EE, 0x3FFF, 0x22EE, 0x0022, 0x2F24, 0xFFFF, 0x3354, 0xF000, 0xF423, 0x73D3, 0xF0FF, 0xDE24, 0xD315, 0x7504, 0x3F00, 0x1119, 0x5311, 0xEE1A, 0x203E, 0x19F3, 0xFF23, 0xF8CC, 0x3310, 0x0FCC, 0x10F4, 0x5533, 0xFBF3, 0xFB73, 0x9711, 0x01F0, 0xD081, 0x3F01, 0x0089, 0xEF00, 0x008D, 0x0907, 0x00FF, 0x2FDD, 0xD303, 0xDFDF, 0xFF13, 0x0009, 0xAAFD, 0x01F8, 0xDF7E, 0x0388, 0x20FB, 0x0FD8, 0xFB03, 0x100F, 0x58F1, 0x1CDF, 0x00DD, 0x1788, 0x00F9, 0x0003, 0x0001, 0xFFDD, 0xE401, 0xFBD1, 0x01F0, 0x01F0, 0x01F0, 0x01F0, 0xFB31, 0x9B01, 0xF0FF, 0x6118, 0x11FB, 0xF09B, 0xF001, 0xF101, 0x51FB, 0x01FB, 0xFF9B, 0xFBF1, 0xFB61, 0x9B11, 0xFBF1, 0x6F71, 0x9B11, 0x01F0, 0x01E0, 0xF1FB, 0x80FB, 0xF101, 0x71FB, 0x00FB, 0x8FA2, 0xFBF1, 0xFB71, 0x487F, 0x9B01, 0xFBF1, 0xFB71, 0xFFF1, 0x01F0, 0x0A01, 0x9F00, 0x2F41, 0x4200, 0xF88F, 0xDD00, 0x038F, 0xF7D5, 0xDB15, 0xEA04, 0xE011, 0x1D00, 0x515F, 0x00FB, 0x01EB, 0x7FFB, 0x4100, 0x21FB, 0xF3FF, 0xF083, 0xF001, 0xF001, 0xF001, 0xFF01, 0xFFF3, 0x01F0, 0x7BF0, 0x01F0, 0x01F0, 0x03F2, 0xFFF3, 0xFFF3, 0xF2FE, 0xF303, 0xF0FF, 0xF301, 0xF0FF, 0xF301, 0xF3FF, 0x3EFF, 0xFF00, 0x1111, 0x293F, 0x3EE1, 0x0053, 0xE1FA, 0xF33E, 0xE179, 0x88CE, 0x0F01, 0xC331, 0x00F8, 0x4331, 0x9A09, 0x21FE, 0x11FF, 0xF007, 0xF103, 0xF01F, 0x2201, 0x009E, 0xDF6B, 0x00A9, 0x5F03, 0xF301, 0x015F, 0x8FFF, 0x41D8, 0x80FF, 0x7A08, 0xDDDD, 0x0F39, 0xF211, 0x0BED, 0x100F, 0x3F0F, 0x4C00, 0x012F, 0x04FF, 0x471D, 0x08DD, 0xDD01, 0xFAA8, 0x0B02, 0x00F1, 0x01F0, 0xF0FF, 0xF001, 0xF001, 0xF301, 0xF1FF, 0xF3FB, 0xF0FF, 0xF101, 0xFFFB, 0xFFF3, 0xFBF1, 0xFFF3, 0xFBF1, 0xFFF3, 0x01F0, 0xFFF3, 0xFFF3, 0xF1CD, 0x83FB, 0x4FFF, 0xF188, 0x71FB, 0x2FFB, 0x9B01, 0xF1F6, 0xF1F3, 0xF0FB, 0x9001, 0x5F01, 0x9F00, 0xFB01, 0x5D00, 0x435F, 0xFFFF, 0xD719, 0xFB17, 0xE023, 0x013F, 0x6FFB, 0x132F, 0x43FB, 0x99FF, 0xFF85, 0x4BF0, 0x01F0, 0x01F0, 0xF0FA, 0xF001, 0xF101, 0xA12F, 0x117B, 0xEE93, 0x9000, 0x7E3F, 0xF0FE, 0xF01C, 0xF001, 0xF001, 0xF001, 0x2201, 0x2F7F, 0x04AA, 0xE31B, 0x6800, 0x05EF, 0x2F5A, 0x6C00, 0xC0F0, 0x0310, 0x7309, 0xF5CF, 0x000F, 0x33FF, 0xF21F, 0xF000, 0x7F23, 0x9392, 0x731F, 0x83F1, 0x36A2, 0x4F40, 0x03A0, 0x3FF0, 0x0033, 0xA9FF, 0xAA00, 0x22FF, 0x9999, 0x77EE, 0x0098, 0xF399, 0x8F04, 0xF399, 0x4F0F, 0x5500, 0xFFD2, 0x3334, 0xFF22, 0x0042, 0xF325, 0x700F, 0xAA89, 0xFFFF, 0xF302, 0x2899, 0xFE33, 0x0A89, 0xF882, 0x00FE, 0x1F34, 0x1073, 0x1503, 0xF0EF, 0xE063, 0x1001, 0x5F67, 0x40C0, 0xE17B, 0xFF57, 0xF4F4, 0x557F, 0x00F4, 0x70F4, 0xFF55, 0x7077, 0xFDFF, 0x772A, 0x017D, 0x7FD7, 0x0300, 0x019F, 0x9FFF, 0x03B6, 0xFFFF, 0x4B56, 0x6B10, 0x01F2, 0x02F3, 0xDD20, 0x03CF, 0x10FE, 0x0003, 0xF2FF, 0xF002, 0xF001, 0xF001, 0xFF01, 0xFBF1, 0x01F0, 0xFBF1, 0x2900, 0x9B11, 0x01F0, 0x01F0, 0x01F0, 0xF0FF, 0xF101, 0x21FB, 0xF19B, 0x61FB, 0x11FB, 0xF19B, 0xF1FB, 0xF2FF, 0xFBF1, 0x0380, 0xFBF1, 0xFB41, 0x2422, 0x9B01, 0xFFFF, 0xFBF1, 0x8B31, 0x0710, 0xDFF7, 0x01F0, 0xFBF1, 0x01B0, 0xFB01, 0xF000, 0xFF55, 0xF088, 0xF0FF, 0x0788, 0x00FF, 0xFFFD, 0x119F, 0x00FB, 0x4703, 0x3FFF, 0xDDDD, 0x6310, 0x7710, 0x0310, 0xF311, 0xFB11, 0x2014, 0x29FF, 0xF1FF, 0xF0FF, 0xF001, 0xF001, 0xF001, 0xF001, 0xF2AB, 0xFF03, 0xFFF3, 0x01F0, 0x01F0, 0x01F0, 0x01F0, 0xFFF3, 0x03F2, 0xFFF3, 0xF2EA, 0xF103, 0xD0FB, 0x5F03, 0x6312, 0x02FF, 0xEE03, 0x02A0, 0xF303, 0x0312, 0x8F5F, 0xD299, 0x005F, 0x554F, 0x5FDD, 0x334F, 0x55FF, 0x3F62, 0x6322, 0x03F2, 0x0000, 0x0043, 0x245C, 0x00F8, 0xF303, 0xF000, 0xF0C8, 0x8112, 0xF5FF, 0xF75F, 0xFF0A, 0x2F0F, 0x0107, 0x074C, 0xFF0B, 0xADD7, 0xFF07, 0x1AF7, 0x0003, 0x0310, 0x6901, 0x004F, 0xBF60, 0x0310, 0x1077, 0x0503, 0x69FF, 0xF1FD, 0xF0FF, 0xF001, 0xFF01, 0x01F0, 0x01F0, 0xAFF0, 0xFBF1, 0xFFF3, 0x01F0, 0x01F0, 0x01F0, 0xF0FF, 0xF301, 0xF1FF, 0xF3FB, 0xF1FF, 0x71FB, 0xF1FF, 0x75FB, 0x7093, 0xF1F0, 0x11FB, 0x02FB, 0x5513, 0x424F, 0x3F55, 0x2FF5, 0xFFF3, 0xFB41, 0x771F, 0x9711, 0x01F0, 0x01F0, 0xF0EF, 0x8101, 0x274F, 0x8FDD, 0x0310, 0xF303, 0xFB1B, 0xFF9B, 0xDD3F, 0x10DD, 0x2763, 0x00FB, 0x0703, 0xF1F7, 0xF0FF, 0xFF01, 0x01F0, 0x01F0, 0x01F0, 0x01F0, 0x01F0, 0x01F0, 0x01F0, 0x01F0, 0xF0FF, 0xF001, 0xF001, 0xF001, 0xF001, 0xF001, 0xF001, 0xF001, 0x8801, 0x13F8, 0xF000, 0x02ED, 0xE309, 0xF000, 0x9C00, 0x00F3, 0xAC2F, 0x0032, 0x002F, 0x3D9A, 0xD2F0, 0x88FF, 0xF2EF, 0xF024, 0x0D98, 0x00FE, 0x0BEE, 0xEE89, 0x00F3, 0x00FF, 0x93F2, 0x00FC, 0xA533, 0xDC00, 0x3DFF, 0x9A9D, 0x8841, 0x03F8, 0x2E1F, 0xF899, 0x2E10, 0x4EF0, 0x7FF4, 0xF0C0, 0x8D01, 0x0FFD, 0x1F00, 0xF23F, 0x00F0, 0x6FD8, 0x8FCD, 0xF099, 0xF33C, 0x9900, 0x2FCF, 0xEEEE, 0xF0FF, 0x082F, 0x00E3, 0xFDD0, 0x9700, 0xDDDD, 0x00D5, 0x100F, 0xD2CE, 0x10F8, 0x99C3, 0x8900, 0x231F, 0x28FF, 0x231F, 0x0222, 0x1F2F, 0xEE2D, 0xF893, 0xB602, 0x8FFA, 0x1D08, 0x00FF, 0x0004, 0x1043, 0xF003, 0xF073, 0xFF01, 0x01F0, 0x01F0, 0x01F0, 0x01F0, 0x01F0, 0x01F0, 0x01F0, 0x01F0, 0xF0EA, 0xF001, 0x4001, 0x3001, 0x0380, 0x00E0, 0xE303, 0x40D7, 0xEC03, 0x039F, 0x0380, 0xF002, 0xF047, 0xE101, 0x00FF, 0x32A5, 0x3F00, 0x3D9A, 0xD2D0, 0xF200, 0x2022, 0x2DDD, 0xFF2C, 0x000F, 0xEE30, 0xFDEE, 0x3EE3, 0xD3EE, 0xEE00, 0xF22E, 0xEEE3, 0xEE0E, 0x21EE, 0x02EE, 0x0300, 0xEE43, 0x5EEE, 0x0300, 0x5C3C, 0xF045, 0xF04E, 0xF001, 0x8001, 0xD2D8, 0x00CC, 0x30E2, 0xECC5, 0x50EE, 0xEEDC, 0xEE09, 0xED50, 0x0AEE, 0xDD8B, 0x2122, 0x40D8, 0x15D0, 0xDD69, 0xEEDD, 0xCCCE, 0x0045, 0x23EE, 0x5CC2, 0x223E, 0x5522, 0x2300, 0x22DD, 0x2242, 0x2DD2, 0x0104, 0x98FF, 0x00F8, 0xA9FD, 0x08F9, 0xFF2E, 0x19FD, 0x01F0, 0x01F0, 0x01F0, 0x01F0, 0x01F0, 0xC6ED, 0x6A02, 0xF07F, 0x0A19, 0x01F0, 0x01F0, 0x01F0, 0x01F0, 0x01F0, 0x9B31, 0x15CE, 0x03F7, 0xF067, 0x003E, 0x0103, 0x10EF, 0x2F03, 0x0083, 0x3F0B, 0xFFFE, 0xEF0F, 0x8028, 0x7BFD, 0xF0F5, 0xF048, 0x6001, 0x11CB, 0x32FB, 0xFB01, 0x01F2, 0x00FB, 0x0022, 0x953F, 0x00DD, 0xF2F0, 0xD250, 0x5E06, 0x0612, 0x1F22, 0xFDEE, 0x00EE, 0x330F, 0xFE22, 0xF200, 0xF132, 0x0008, 0x3EEE, 0x20F3, 0x3E03, 0xF35C, 0x0001, 0x5C33, 0x00F2, 0x5533, 0x01FA, 0xF0E0, 0xF001, 0xC001, 0x18E2, 0x0000, 0x991F, 0x0008, 0xDFD0, 0x009D, 0xFD8B, 0xFD00, 0x078C, 0xFDF7, 0xF9AA, 0x9916, 0xFF11, 0x2333, 0xF210, 0x2100, 0x6C06, 0xDFF8, 0x0001, 0xFF02, 0x012F, 0xFD00, 0x00D2, 0xA803, 0x11F0, 0x00FF, 0xF103, 0xE0FF, 0x0001, 0x0004, 0x002A, 0x0030, 0x003A, 0x0044, 0x004E, 0x0058, 0x0062, 0x006C, 0x0076, 0x0080, 0x008A, 0x0094, 0x009E, 0x00A8, 0x00B2, 0x00BC, 0x00C6, 0x00D0, 0x00DA, 0x00E4, 0x00C8, 0x00DC, 0x00F0, 0x0104, 0x0118, 0x0001, 0x00E0, 0x81F0, 0x0000, 0x0000, 0x0001, 0x00E0, 0x81F0, 0x0000, 0x0010, 0x0001, 0x00E0, 0x81F0, 0x0000, 0x0020, 0x0001, 0x00E0, 0x81F0, 0x0000, 0x0030, 0x0001, 0x00E0, 0x91F0, 0x0000, 0x0000, 0x0001, 0x00E0, 0x91F0, 0x0000, 0x0010, 0x0001, 0x00E0, 0x91F0, 0x0000, 0x0020, 0x0001, 0x00E0, 0x91F0, 0x0000, 0x0030, 0x0001, 0x00E0, 0x81F0, 0x0000, 0x0040, 0x0001, 0x00E0, 0x81F0, 0x0000, 0x0050, 0x0001, 0x00E0, 0x81F0, 0x0000, 0x0060, 0x0001, 0x00E0, 0x81F0, 0x0000, 0x0070, 0x0001, 0x00E0, 0x81F0, 0x0000, 0x0080, 0x0001, 0x00E0, 0x81F0, 0x0000, 0x0090, 0x0001, 0x00E0, 0x81F0, 0x0000, 0x00A0, 0x0001, 0x00E0, 0x81F0, 0x0000, 0x00B0, 0x0001, 0x00E0, 0x81F0, 0x0000, 0x00C0, 0x0001, 0x00E0, 0x81F0, 0x0000, 0x00D0, 0x0001, 0x00E0, 0x81F0, 0x0000, 0x00E0, 0x000D, 0x0000, 0x0006, 0x0001, 0x000D, 0x0002, 0x0006, 0x0003, 0x0000, 0xFFFF, 0x000D, 0x0004, 0x0006, 0x0005, 0x000D, 0x0006, 0x0006, 0x0007, 0x0000, 0xFFFF, 0x000D, 0x0008, 0x0006, 0x0009, 0x000D, 0x000A, 0x0006, 0x000B, 0x0000, 0xFFFF, 0x000D, 0x000C, 0x0006, 0x000D, 0x000D, 0x000E, 0x0006, 0x000F, 0x0000, 0xFFFF, 0x0014, 0x0010, 0x0004, 0x0011, 0x0014, 0x0012, 0x0004, 0x0011, 0x0000, 0xFFFF, 0x0000,
};
u16 frontier_df4_misc_lo_020_1EC9E0[] __attribute__((section(".data.frontier_df4_misc_lo.gap20"))) = {
    0x0004, 0x002A, 0x0030, 0x003A, 0x0044, 0x004E, 0x0058, 0x0062, 0x006C, 0x0076, 0x0080, 0x008A, 0x0094, 0x009E, 0x00A8, 0x00B2, 0x00BC, 0x00C6, 0x00D0, 0x00DA, 0x00E4, 0x00C8, 0x00DC, 0x00F0, 0x0104, 0x0118, 0x0001, 0x00E0, 0x81F0, 0x0000, 0x0000, 0x0001, 0x00E0, 0x81F0, 0x0000, 0x0010, 0x0001, 0x00E0, 0x81F0, 0x0000, 0x0020, 0x0001, 0x00E0, 0x81F0, 0x0000, 0x0030, 0x0001, 0x00E0, 0x91F0, 0x0000, 0x0000, 0x0001, 0x00E0, 0x91F0, 0x0000, 0x0010, 0x0001, 0x00E0, 0x91F0, 0x0000, 0x0020, 0x0001, 0x00E0, 0x91F0, 0x0000, 0x0030, 0x0001, 0x00E0, 0x81F0, 0x0000, 0x0040, 0x0001, 0x00E0, 0x81F0, 0x0000, 0x0050, 0x0001, 0x00E0, 0x81F0, 0x0000, 0x0060, 0x0001, 0x00E0, 0x81F0, 0x0000, 0x0070, 0x0001, 0x00E0, 0x81F0, 0x0000, 0x0080, 0x0001, 0x00E0, 0x81F0, 0x0000, 0x0090, 0x0001, 0x00E0, 0x81F0, 0x0000, 0x00A0, 0x0001, 0x00E0, 0x81F0, 0x0000, 0x00B0, 0x0001, 0x00E0, 0x81F0, 0x0000, 0x00C0, 0x0001, 0x00E0, 0x81F0, 0x0000, 0x00D0, 0x0001, 0x00E0, 0x81F0, 0x0000, 0x00E0, 0x0010, 0x0000, 0x000A, 0x0001, 0x0010, 0x0002, 0x000A, 0x0003, 0x0000, 0xFFFF, 0x0010, 0x0004, 0x000A, 0x0005, 0x0010, 0x0006, 0x000A, 0x0007, 0x0000, 0xFFFF, 0x0010, 0x0008, 0x000A, 0x0009, 0x0010, 0x000A, 0x000A, 0x000B, 0x0000, 0xFFFF, 0x0010, 0x000C, 0x000A, 0x000D, 0x0010, 0x000E, 0x000A, 0x000F, 0x0000, 0xFFFF, 0x0014, 0x0010, 0x0004, 0x0011, 0x0014, 0x0012, 0x0004, 0x0011, 0x0000, 0xFFFF, 0x0000, 0x0010, 0x001E, 0x003F, 0xF000, 0xF001, 0xF001, 0xF001, 0xF001, 0xF001, 0xEB01, 0x01F0, 0x01F0, 0x0160, 0x00FF, 0xEF03, 0x16F0, 0x1710, 0xF000, 0x00F5, 0x5F00, 0xFEF1, 0x28FF, 0x0F55, 0x1DE0, 0x00F0, 0x9F1E, 0x0F8A, 0x0000, 0x999F, 0x00F9, 0x646F, 0xF0F8, 0x3EF0, 0x31F0, 0x12F0, 0x0170, 0x42EF, 0x0F15, 0xF000, 0x1114, 0x001F, 0x1F51, 0x00F5, 0x5F00, 0x11F7, 0x5F00, 0xFFF4, 0xF000, 0x0FFF, 0xF000, 0xFF46, 0x00FF, 0x56F0, 0xF666, 0x6F00, 0x0F76, 0xF100, 0x4778, 0xFF0F, 0x54FF, 0x00F6, 0x5541, 0xF51F, 0x456F, 0xFFF5, 0x5F00, 0xF46F, 0x11F2, 0x1111, 0x1FF4, 0x6664, 0x1046, 0xF0C3, 0xF001, 0xF001, 0x5001, 0x109C, 0x6556, 0x0051, 0x6167, 0x42F0, 0x0055, 0xF061, 0x6545, 0xDD6F, 0x445F, 0x0080, 0x5203, 0xDD4F, 0xFFFF, 0xD0FF, 0xDD00, 0xDDDD, 0x6416, 0xF465, 0x0015, 0x4451, 0x56F6, 0x4166, 0x41F6, 0x6500, 0xF665, 0x1511, 0xF654, 0x0256, 0x6416, 0x65DF, 0xF666, 0x2200, 0xFFDF, 0x50F0, 0x01F0, 0x01F0, 0x01F0, 0x01F0, 0x01F0, 0x01F0, 0x01F0, 0xF0FB, 0xF001, 0xD201, 0xF003, 0x4201, 0x0F03, 0x0302, 0x30F1, 0xF1FE, 0xF0FF, 0xB101, 0xF2E2, 0x7003, 0x1201, 0xD263, 0xF003, 0xFF70, 0x0302, 0xFFF1, 0xFFA1, 0xF118, 0xF44F, 0x651E, 0x5666, 0xBFF0, 0x01F0, 0x01F0, 0xFFB1, 0xA854, 0xFF81, 0x4161, 0x5FFF, 0xFF51, 0x5646, 0x0061, 0x44F5, 0x4115, 0x15F6, 0x6566, 0xF600, 0x5656, 0xF654, 0x5145, 0x1111, 0x16F6, 0x3165, 0x11FF, 0xD111, 0x50F0, 0xF0FF, 0xF001, 0xF001, 0xF001, 0xF001, 0xF001, 0xF001, 0xF001, 0xFF01, 0x01F0, 0xFFF3, 0xFBF1, 0xFB21, 0xFFF3, 0xFFF1, 0x3EF0, 0x31F0, 0xF0DC, 0x9312, 0xF5FF, 0xFFF3, 0xFFF3, 0xFFF1, 0xFF11, 0x03BF, 0x56FF, 0x9FF2, 0x01F0, 0x01F0, 0xFFF3, 0xFFF3, 0xFF41, 0x6600, 0x6545, 0x54F5, 0x6515, 0x00F6, 0x5614, 0xF655, 0x6655, 0xF614, 0x5601, 0x1551, 0x46F6, 0x6651, 0xFF21, 0x1F3F, 0xF3F1, 0xF0FF, 0xF001, 0xF001, 0xF001, 0xF001, 0xFF01, 0x01F0, 0x01F0, 0x01F0, 0x01F0, 0xFFF1, 0x17F0, 0xFFF1, 0xFFF1, 0xF1FF, 0xF0FF, 0xF101, 0xF1FF, 0xF5FF, 0xF1FF, 0xF1FF, 0xF3FF, 0xF8FF, 0x01F0, 0x01F0, 0x01F0, 0xFFF3, 0xFFC3, 0x6654, 0x00F5, 0x5456, 0xF645, 0x6555, 0xF611, 0x4420, 0x0266, 0x5103, 0xF665, 0x1166, 0x617F, 0xFFF3, 0x01F0, 0x01F0, 0x01F0, 0x01F0, 0x01F0, 0x01F0, 0xF0FD, 0xF001, 0xF001, 0xF001, 0xF001, 0x5101, 0x5FAF, 0x1FF2, 0xF1FA, 0xF1FE, 0xF0FE, 0xF001, 0xE001, 0x2F01, 0x0340, 0xA06F, 0x0330, 0x00F0, 0x5F7B, 0xFF5F, 0x5FFF, 0x0090, 0x5F04, 0x01FF, 0x00FE, 0x477F, 0x410F, 0x0100, 0x00FE, 0x189F, 0x00F5, 0x9601, 0x0000, 0x8F5F, 0x00F9, 0x6F5F, 0x7CFF, 0x000F, 0xF21F, 0xF09F, 0xF001, 0x8001, 0x6F01, 0x005F, 0x64FF, 0x6F6F, 0x65FF, 0x6F6F, 0x5642, 0x0300, 0x6566, 0x5F5F, 0x0300, 0x00FF, 0x4445, 0xDFFF, 0x54FF, 0xDDD0, 0xFD00, 0xF4FF, 0x6F1F, 0xF40F, 0x0A5F, 0x0F6F, 0x5554, 0x0300, 0x0056, 0x4603, 0x5F00, 0x540F, 0x5FF4, 0xF40F, 0x07DF, 0x0FFF, 0xDDFF, 0xF00D, 0xF050, 0xF001, 0xFF01, 0x01F0, 0x01F0, 0x01F0, 0x01F0, 0x01F0, 0x01F0, 0x01F0, 0x01F0, 0xF0EF, 0x9201, 0xE103, 0x90FF, 0xFFF1, 0x01F0, 0x01F0, 0x01F0, 0x78DF, 0x821F, 0xF003, 0x0300, 0xFFF1, 0xFFF1, 0xFFF1, 0x01F0, 0xF0F7, 0xD001, 0x0001, 0xA164, 0x6FFF, 0xFFE1, 0xEB01, 0xFFA1, 0x00FF, 0xF103, 0xF0FF, 0xF001, 0xF001, 0xF001, 0xF001, 0xF001, 0xFF01, 0x01F0, 0x01F0, 0x01F0, 0x01F0, 0x01F0, 0xFBF1, 0xFFF3, 0xFFF3, 0xF0FF, 0xF001, 0xF001, 0xF301, 0xF3FF, 0xF1FF, 0xF1FF, 0xF0FF, 0xFF4F, 0x01F0, 0x01F0, 0xFFF3, 0xFFF3, 0xFFF3, 0xFFF3, 0x50F0, 0x01F0, 0xF0FF, 0xF001, 0xF001, 0xF001, 0xF001, 0xF001, 0xF001, 0xF001, 0xFF01, 0x01F0, 0xFFF1, 0xFFF1, 0xFFF1, 0xFFF1, 0x01F0, 0x01F0, 0x01F0, 0xF1FF, 0xF1FF, 0xF1FF, 0xF1FF, 0xF0FF, 0xF001, 0xF301, 0xF3FF, 0xFFFF, 0xFFF3, 0xFFF3, 0xFFF1, 0x01F0, 0x01F0, 0x01F0, 0x01F0, 0x01F0, 0xF0FE, 0xF001, 0xF001, 0xF001, 0xF001, 0xF001, 0x1101, 0xF0F6, 0x0000, 0x99F0, 0x005F, 0xA99F, 0x37F9, 0x8F00, 0xE401, 0x20F0, 0x1100, 0x5074, 0xF003, 0xE001, 0x01F0, 0x01F0, 0x4F82, 0x997F, 0x5FFF, 0x20F5, 0xFF77, 0xD301, 0xF065, 0x8A98, 0x0851, 0xF9F0, 0x9FFF, 0x7700, 0xFFFF, 0x2E9F, 0xF889, 0x0402, 0x5089, 0x1267, 0x118C, 0xF8ED, 0x40FE, 0x0003, 0x0A1B, 0xF113, 0xF0FF, 0xF001, 0xA301, 0x1FFF, 0xFF20, 0x0499, 0xFF03, 0x6F6F, 0x4445, 0x0289, 0x5503, 0x5F5F, 0x0300, 0x55FF, 0xFF21, 0x0042, 0xFF01, 0x4FFF, 0x0F6F, 0x0310, 0x0D44, 0x6F44, 0x550F, 0x0320, 0xFF93, 0xF0DD, 0xFF50, 0x01F0, 0x01F0, 0x01F0, 0x01F0, 0x01F0, 0x01F0, 0x01F0, 0x01F0, 0xF0FF, 0xF001, 0xF101, 0xF1FF, 0xF1FF, 0xF1FF, 0xF0FF, 0xF001, 0xFF01, 0xFFF1, 0xFFF1, 0xFFF1, 0xFFF1, 0xFFF1, 0x01F0, 0x01F0, 0xFFF3, 0xC1AF, 0x6FFF, 0xFFE1, 0xC15F, 0x93FF, 0xF1FF, 0xF0FF, 0xFF01, 0x01F0, 0x01F0, 0x01F0, 0x01F0, 0x01F0, 0x01F0, 0x01F0, 0x01F0, 0xF0CF, 0xB501, 0xFFFB, 0xF15F, 0xF1FF, 0xF1FB, 0xF0FF, 0xFF01, 0x01F0, 0x01F0, 0xFFF1, 0xFFF1, 0xFFF1, 0xFFF1, 0x01F0, 0x01F0, 0xF0FF, 0xF301, 0xF3FF, 0xF3FF, 0xF1FF, 0xF0FF, 0xF001, 0xF001, 0xFF01, 0x01F0, 0x01F0, 0x01F0, 0x01F0, 0x01F0, 0x01F0, 0x01F0, 0x01F0, 0xF3FF, 0xF1FF, 0xF3FF, 0xF0FF, 0xF001, 0xF001, 0xF101, 0xF1FF, 0xFFFF, 0xFFF1, 0xFFF1, 0x51F0, 0x01F0, 0x01F0, 0xFFF3, 0xFFF3, 0xFFF3, 0xF3FF, 0xF1FF, 0xF0FF, 0xF001, 0xF001, 0xF001, 0xF001, 0xF001, 0xFC01, 0x01F0, 0x01F0, 0x01F0, 0x01F0, 0xF631, 0x4A01, 0x0F3F, 0xFF04, 0xFF00, 0x54F3, 0x0C00, 0x0054, 0xF003, 0x1F44, 0xF000, 0xAD55, 0x10FF, 0x5722, 0x0955, 0xF17F, 0x004A, 0xFA0F, 0xF000, 0xF001, 0x8201, 0x00C2, 0x1115, 0xF000, 0x00F5, 0xF56B, 0x02A8, 0xF477, 0xED21, 0x00F0, 0xF068, 0xFF46, 0xFF04, 0x56F0, 0xF526, 0x001A, 0x8FF1, 0x4700, 0xF10F, 0x54F4, 0xFFF6, 0x1056, 0xF54F, 0x00FF, 0x5F02, 0xF46F, 0x01F2, 0x1111, 0xF411, 0x6664, 0xEE46, 0xE29F, 0x01F0, 0x01F0, 0x7EA0, 0x5556, 0x0051, 0x6167, 0xF004, 0x5542, 0xF061, 0x0202, 0x5FDD, 0x5248, 0x0310, 0xDD4F, 0x680A, 0xDDD0, 0x00DD, 0x16DD, 0x6564, 0x15F4, 0x4451, 0xF600, 0x6656, 0xF641, 0x5641, 0x0065, 0x11F6, 0x5415, 0x56F6, 0x6416, 0xDF0B, 0x6665, 0x00F6, 0xDF22, 0x50F0, 0x01F0, 0xF0FF, 0xF001, 0xF001, 0xF001, 0xF001, 0xF001, 0xF001, 0xF001, 0xE001, 0x01F0, 0x15F1, 0x5701, 0xF55F, 0xFFF0, 0xFC55, 0x5FF3, 0x00FC, 0x01F0, 0x01F0, 0x01F0, 0xFC5F, 0x1542, 0x0F00, 0x14F0, 0x1F11, 0x5100, 0x001F, 0x00F5, 0xF75F, 0x0011, 0xF45F, 0xFF52, 0xFF91, 0x1100, 0x78FF, 0x0347, 0x54EB, 0xF601, 0x5541, 0xF51F, 0x456F, 0xFF31, 0x1801, 0x4FF1, 0x65F4, 0x5666, 0xFFF1, 0xF0EA, 0xF001, 0xB101, 0x54FF, 0xFF81, 0x4161, 0x5FFF, 0x5180, 0x46FF, 0x6156, 0x44F5, 0x4115, 0xF600, 0x6615, 0xF665, 0x5656, 0x0154, 0x45F6, 0x1151, 0x16F6, 0x3165, 0x1FFF, 0x1111, 0xF0D1, 0xF050, 0xF001, 0xF001, 0xF001, 0xFF01, 0x01F0, 0x01F0, 0x01F0, 0x01F0, 0x01F0, 0x01F0, 0x01F0, 0xED33, 0xF03F, 0xF154, 0xF1FF, 0xF0FF, 0xF001, 0xF001, 0x7301, 0x80FF, 0x6A12, 0xF000, 0xF141, 0xEFFF, 0x0513, 0x15FF, 0x54F0, 0xE1F1, 0xF0FF, 0xFF21, 0x5F04, 0xF1F6, 0xF554, 0xFF71, 0xFF11, 0x039F, 0x56FF, 0xF0F1, 0xF050, 0xF001, 0xF301, 0xF3FF, 0x88FF, 0xFF31, 0x4656, 0x0164, 0x51FF, 0x14F6, 0x21A2, 0x14FF, 0xFF21, 0x6146, 0x3165, 0xF1FF, 0xF3C0, 0xD0FF, 0x0001, 0x0000, 0x0004, 0x002A, 0x0030, 0x003A, 0x0044, 0x004E, 0x0058, 0x0062, 0x006C, 0x0076, 0x0080, 0x008A, 0x0094, 0x009E, 0x00A8, 0x00B2, 0x00BC, 0x00C6, 0x00D0, 0x00DA, 0x00E4, 0x00C8, 0x00DC, 0x00F0, 0x0104, 0x0118, 0x0001, 0x00E0, 0x81F0, 0x0000, 0x0000, 0x0001, 0x00E0, 0x81F0, 0x0000, 0x0010, 0x0001, 0x00E0, 0x81F0, 0x0000, 0x0020, 0x0001, 0x00E0, 0x81F0, 0x0000, 0x0030, 0x0001, 0x00E0, 0x91F0, 0x0000, 0x0000, 0x0001, 0x00E0, 0x91F0, 0x0000, 0x0010, 0x0001, 0x00E0, 0x91F0, 0x0000, 0x0020, 0x0001, 0x00E0, 0x91F0, 0x0000, 0x0030, 0x0001, 0x00E0, 0x81F0, 0x0000, 0x0040, 0x0001, 0x00E0, 0x81F0, 0x0000, 0x0050, 0x0001, 0x00E0, 0x81F0, 0x0000, 0x0060, 0x0001, 0x00E0, 0x81F0, 0x0000, 0x0070, 0x0001, 0x00E0, 0x81F0, 0x0000, 0x0080, 0x0001, 0x00E0, 0x81F0, 0x0000, 0x0090, 0x0001, 0x00E0, 0x81F0, 0x0000, 0x00A0, 0x0001, 0x00E0, 0x81F0, 0x0000, 0x00B0, 0x0001, 0x00E0, 0x81F0, 0x0000, 0x00E0, 0x0001, 0x00E0, 0x81F0, 0x0000, 0x00D0, 0x0001, 0x00E0, 0x81F0, 0x0000, 0x00C0, 0x000D, 0x0000, 0x0006, 0x0001, 0x000D, 0x0002, 0x0006, 0x0003, 0x0000, 0xFFFF, 0x000D, 0x0004, 0x0006, 0x0005, 0x000D, 0x0006, 0x0006, 0x0007, 0x0000, 0xFFFF, 0x000D, 0x0008, 0x0006, 0x0009, 0x000D, 0x000A, 0x0006, 0x000B, 0x0000, 0xFFFF, 0x000D, 0x000C, 0x0006, 0x000D, 0x000D, 0x000E, 0x0006, 0x000F, 0x0000, 0xFFFF, 0x0014, 0x0010, 0x0004, 0x0011, 0x0014, 0x0012, 0x0004, 0x0011, 0x0000, 0xFFFF, 0x0000, 0x0010, 0x001E, 0x003F, 0xF000, 0xF001, 0xF001, 0xF001, 0xF001, 0xF001, 0xEB01, 0x01F0, 0x01F0, 0x0160, 0x00FF, 0xEF03, 0x16F0, 0x1710, 0xF000, 0x00F5, 0x5F00, 0xFEF1, 0x28FF, 0x0F55, 0x1DE0, 0x00F0, 0x9F1E, 0x0F8A, 0x0000, 0x999F, 0x00F9, 0x646F, 0xF0F8, 0x3EF0, 0x31F0, 0x12F0, 0x0170, 0x42EF, 0x0F15, 0xF000, 0x1114, 0x001F, 0x1F51, 0x00F5, 0x5F00, 0x11F7, 0x5F00, 0xFFF4, 0xF000, 0x0FFF, 0xF000, 0xFF46, 0x00FF, 0x56F0, 0xF666, 0x6F00, 0x0F76, 0xF100, 0x4778, 0xFF0F, 0x54FF, 0x00F6, 0x5541, 0xF51F, 0x456F, 0xFFF5, 0x5F00, 0xF46F, 0x11F2, 0x1111, 0x1FF4, 0x6664, 0x1046, 0xF0C3, 0xF001, 0xF001, 0x5001, 0x109C, 0x6556, 0x0051, 0x6167, 0x42F0, 0x0055, 0xF061, 0x6545, 0xDD6F, 0x445F, 0x0080, 0x5203, 0xDD4F, 0xFFFF, 0xD0FF, 0xDD00, 0xDDDD, 0x6416, 0xF465, 0x0015, 0x4451, 0x56F6, 0x4166, 0x41F6, 0x6500, 0xF665, 0x1511, 0xF654, 0x0256, 0x6416, 0x65DF, 0xF666, 0x2200, 0xFFDF, 0x50F0, 0x01F0, 0x01F0, 0x01F0, 0x01F0, 0x01F0, 0x01F0, 0x01F0, 0xF0FB, 0xF001, 0xD201, 0xF003, 0x4201, 0x0F03, 0x0302, 0x30F1, 0xF1FE, 0xF0FF, 0xB101, 0xF2E2, 0x7003, 0x1201, 0xD263, 0xF003, 0xFF70, 0x0302, 0xFFF1, 0xFFA1, 0xF118, 0xF44F, 0x651E, 0x5666, 0xBFF0, 0x01F0, 0x01F0, 0xFFB1, 0xA854, 0xFF81, 0x4161, 0x5FFF, 0xFF51, 0x5646, 0x0061, 0x44F5, 0x4115, 0x15F6, 0x6566, 0xF600, 0x5656, 0xF654, 0x5145, 0x1111, 0x16F6, 0x3165, 0x11FF, 0xD111, 0x50F0, 0xF0FF, 0xF001, 0xF001, 0xF001, 0xF001, 0xF001, 0xF001, 0xF001, 0xFF01, 0x01F0, 0xFFF3, 0xFBF1, 0xFB21, 0xFFF3, 0xFFF1, 0x3EF0, 0x31F0, 0xF0DC, 0x9312, 0xF5FF, 0xFFF3, 0xFFF3, 0xFFF1, 0xFF11, 0x03BF, 0x56FF, 0x9FF2, 0x01F0, 0x01F0, 0xFFF3, 0xFFF3, 0xFF41, 0x6600, 0x6545, 0x54F5, 0x6515, 0x00F6, 0x5614, 0xF655, 0x6655, 0xF614, 0x5601, 0x1551, 0x46F6, 0x6651, 0xFF21, 0x1F3F, 0xF3F1, 0xF0FF, 0xF001, 0xF001, 0xF001, 0xF001, 0xFF01, 0x01F0, 0x01F0, 0x01F0, 0x01F0, 0xFFF1, 0x17F0, 0xFFF1, 0xFFF1, 0xF1FF, 0xF0FF, 0xF101, 0xF1FF, 0xF5FF, 0xF1FF, 0xF1FF, 0xF3FF, 0xF8FF, 0x01F0, 0x01F0, 0x01F0, 0xFFF3, 0xFFC3, 0x6654, 0x00F5, 0x5456, 0xF645, 0x6555, 0xF611, 0x4420, 0x0266, 0x5103, 0xF665, 0x1166, 0x617F, 0xFFF3, 0x01F0, 0x01F0, 0x01F0, 0x01F0, 0x01F0, 0x01F0, 0xF0FD, 0xF001, 0xF001, 0xF001, 0xF001, 0x5101, 0x5FAF, 0x1FF2, 0xF1FA, 0xF1FE, 0xF0FE, 0xF001, 0xE001, 0x2F01, 0x0340, 0xA06F, 0x0330, 0x00F0, 0x5F7B, 0xFF5F, 0x5FFF, 0x0090, 0x5F04, 0x01FF, 0x00FE, 0x477F, 0x410F, 0x0100, 0x00FE, 0x189F, 0x00F5, 0x9601, 0x0000, 0x8F5F, 0x00F9, 0x6F5F, 0x7CFF, 0x000F, 0xF21F, 0xF09F, 0xF001, 0x8001, 0x6F01, 0x005F, 0x64FF, 0x6F6F, 0x65FF, 0x6F6F, 0x5642, 0x0300, 0x6566, 0x5F5F, 0x0300, 0x00FF, 0x4445, 0xDFFF, 0x54FF, 0xDDD0, 0xFD00, 0xF4FF, 0x6F1F, 0xF40F, 0x0A5F, 0x0F6F, 0x5554, 0x0300, 0x0056, 0x4603, 0x5F00, 0x540F, 0x5FF4, 0xF40F, 0x07DF, 0x0FFF, 0xDDFF, 0xF00D, 0xF050, 0xF001, 0xFF01, 0x01F0, 0x01F0, 0x01F0, 0x01F0, 0x01F0, 0x01F0, 0x01F0, 0x01F0, 0xF0EF, 0x9201, 0xE103, 0x90FF, 0xFFF1, 0x01F0, 0x01F0, 0x01F0, 0x78DF, 0x821F, 0xF003, 0x0300, 0xFFF1, 0xFFF1, 0xFFF1, 0x01F0, 0xF0F7, 0xD001, 0x0001, 0xA164, 0x6FFF, 0xFFE1, 0xEB01, 0xFFA1, 0x00FF, 0xF103, 0xF0FF, 0xF001, 0xF001, 0xF001, 0xF001, 0xF001, 0xFF01, 0x01F0, 0x01F0, 0x01F0, 0x01F0, 0x01F0, 0xFBF1, 0xFFF3, 0xFFF3, 0xF0FF, 0xF001, 0xF001, 0xF301, 0xF3FF, 0xF1FF, 0xF1FF, 0xF0FF, 0xFF4F, 0x01F0, 0x01F0, 0xFFF3, 0xFFF3, 0xFFF3, 0xFFF3, 0x50F0, 0x01F0, 0xF0FF, 0xF001, 0xF001, 0xF001, 0xF001, 0xF001, 0xF001, 0xF001, 0xFF01, 0x01F0, 0xFFF1, 0xFFF1, 0xFFF1, 0xFFF1, 0x01F0, 0x01F0, 0x01F0, 0xF1FF, 0xF1FF, 0xF1FF, 0xF1FF, 0xF0FF, 0xF001, 0xF301, 0xF3FF, 0xFFFF, 0xFFF3, 0xFFF3, 0xFFF1, 0x01F0, 0x01F0, 0x01F0, 0x01F0, 0x01F0, 0xF0FE, 0xF001, 0xF001, 0xF001, 0xF001, 0xF001, 0x1101, 0xF0F6, 0x0000, 0x99F0, 0x005F, 0xA99F, 0x37F9, 0x8F00, 0xE401, 0x20F0, 0x1100, 0x5074, 0xF003, 0xE001, 0x01F0, 0x01F0, 0x4F82, 0x997F, 0x5FFF, 0x20F5, 0xFF77, 0xD301, 0xF065, 0x8A98, 0x0851, 0xF9F0, 0x9FFF, 0x7700, 0xFFFF, 0x2E9F, 0xF889, 0x0402, 0x5089, 0x1267, 0x118C, 0xF8ED, 0x40FE, 0x0003, 0x0A1B, 0xF113, 0xF0FF, 0xF001, 0xA301, 0x1FFF, 0xFF20, 0x0499, 0xFF03, 0x6F6F, 0x4445, 0x0289, 0x5503, 0x5F5F, 0x0300, 0x55FF, 0xFF21, 0x0042, 0xFF01, 0x4FFF, 0x0F6F, 0x0310, 0x0D44, 0x6F44, 0x550F, 0x0320, 0xFF93, 0xF0DD, 0xFF50, 0x01F0, 0x01F0, 0x01F0, 0x01F0, 0x01F0, 0x01F0, 0x01F0, 0x01F0, 0xF0FF, 0xF001, 0xF101, 0xF1FF, 0xF1FF, 0xF1FF, 0xF0FF, 0xF001, 0xFF01, 0xFFF1, 0xFFF1, 0xFFF1, 0xFFF1, 0xFFF1, 0x01F0, 0x01F0, 0xFFF3, 0xC1AF, 0x6FFF, 0xFFE1, 0xC15F, 0x93FF, 0xF1FF, 0xF0FF, 0xFF01, 0x01F0, 0x01F0, 0x01F0, 0x01F0, 0x01F0, 0x01F0, 0x01F0, 0x01F0, 0xF0CF, 0xB501, 0xFFFB, 0xF15F, 0xF1FF, 0xF1FB, 0xF0FF, 0xFF01, 0x01F0, 0x01F0, 0xFFF1, 0xFFF1, 0xFFF1, 0xFFF1, 0x01F0, 0x01F0, 0xF0FF, 0xF301, 0xF3FF, 0xF3FF, 0xF1FF, 0xF0FF, 0xF001, 0xF001, 0xFF01, 0x01F0, 0x01F0, 0x01F0, 0x01F0, 0x01F0, 0x01F0, 0x01F0, 0x01F0, 0xF3FF, 0xF1FF, 0xF3FF, 0xF0FF, 0xF001, 0xF001, 0xF101, 0xF1FF, 0xFFFF, 0xFFF1, 0xFFF1, 0x51F0, 0x01F0, 0x01F0, 0xFFF3, 0xFFF3, 0xFFF3, 0xF3FF, 0xF1FF, 0xF0FF, 0xF001, 0xF001, 0xF001, 0xF001, 0xF001, 0xFC01, 0x01F0, 0x01F0, 0x01F0, 0x01F0, 0xF631, 0x4A01, 0x0F3F, 0xFF04, 0xFF00, 0x54F3, 0x0C00, 0x0054, 0xF003, 0x1F44, 0xF000, 0xAD55, 0x10FF, 0x5722, 0x0955, 0xF17F, 0x004A, 0xFA0F, 0xF000, 0xF001, 0x8201, 0x00C2, 0x1115, 0xF000, 0x00F5, 0xF56B, 0x02A8, 0xF477, 0xED21, 0x00F0, 0xF068, 0xFF46, 0xFF04, 0x56F0, 0xF526, 0x001A, 0x8FF1, 0x4700, 0xF10F, 0x54F4, 0xFFF6, 0x1056, 0xF54F, 0x00FF, 0x5F02, 0xF46F, 0x01F2, 0x1111, 0xF411, 0x6664, 0xEE46, 0xE29F, 0x01F0, 0x01F0, 0x7EA0, 0x5556, 0x0051, 0x6167, 0xF004, 0x5542, 0xF061, 0x0202, 0x5FDD, 0x5248, 0x0310, 0xDD4F, 0x680A, 0xDDD0, 0x00DD, 0x16DD, 0x6564, 0x15F4, 0x4451, 0xF600, 0x6656, 0xF641, 0x5641, 0x0065, 0x11F6, 0x5415, 0x56F6, 0x6416, 0xDF0B, 0x6665, 0x00F6, 0xDF22, 0x50F0, 0x01F0, 0xF0FF, 0xF001, 0xF001, 0xF001, 0xF001, 0xF001, 0xF001, 0xF001, 0xE001, 0x01F0, 0x15F1, 0x5701, 0xF55F, 0xFFF0, 0xFC55, 0x5FF3, 0x00FC, 0x01F0, 0x01F0, 0x01F0, 0xFC5F, 0x1542, 0x0F00, 0x14F0, 0x1F11, 0x5100, 0x001F, 0x00F5, 0xF75F, 0x0011, 0xF45F, 0xFF52, 0xFF91, 0x1100, 0x78FF, 0x0347, 0x54EB, 0xF601, 0x5541, 0xF51F, 0x456F, 0xFF31, 0x1801, 0x4FF1, 0x65F4, 0x5666, 0xFFF1, 0xF0EA, 0xF001, 0xB101, 0x54FF, 0xFF81, 0x4161, 0x5FFF, 0x5180, 0x46FF, 0x6156, 0x44F5, 0x4115, 0xF600, 0x6615, 0xF665, 0x5656, 0x0154, 0x45F6, 0x1151, 0x16F6, 0x3165, 0x1FFF, 0x1111, 0xF0D1, 0xF050, 0xF001, 0xF001, 0xF001, 0xFF01, 0x01F0, 0x01F0, 0x01F0, 0x01F0, 0x01F0, 0x01F0, 0x01F0, 0xED33, 0xF03F, 0xF154, 0xF1FF, 0xF0FF, 0xF001, 0xF001, 0x7301, 0x80FF, 0x6A12, 0xF000, 0xF141, 0xEFFF, 0x0513, 0x15FF, 0x54F0, 0xE1F1, 0xF0FF, 0xFF21, 0x5F04, 0xF1F6, 0xF554, 0xFF71, 0xFF11, 0x039F, 0x56FF, 0xF0F1, 0xF050, 0xF001, 0xF301, 0xF3FF, 0x88FF, 0xFF31, 0x4656, 0x0164, 0x51FF, 0x14F6, 0x21A2, 0x14FF, 0xFF21, 0x6146, 0x3165, 0xF1FF, 0xF3C0, 0xD0FF, 0x0001, 0x0000, 0x0004, 0x002A, 0x0030, 0x003A, 0x0044, 0x004E, 0x0058, 0x0062, 0x006C, 0x0076, 0x0080, 0x008A, 0x0094, 0x009E, 0x00A8, 0x00B2, 0x00BC, 0x00C6, 0x00D0, 0x00DA, 0x00E4, 0x00C8, 0x00DC, 0x00F0, 0x0104, 0x0118, 0x0001, 0x00E0, 0x81F0, 0x0000, 0x0000, 0x0001, 0x00E0, 0x81F0, 0x0000, 0x0010, 0x0001, 0x00E0, 0x81F0, 0x0000, 0x0020, 0x0001, 0x00E0, 0x81F0, 0x0000, 0x0030, 0x0001, 0x00E0, 0x91F0, 0x0000, 0x0000, 0x0001, 0x00E0, 0x91F0, 0x0000, 0x0010, 0x0001, 0x00E0, 0x91F0, 0x0000, 0x0020, 0x0001, 0x00E0, 0x91F0, 0x0000, 0x0030, 0x0001, 0x00E0, 0x81F0, 0x0000, 0x0040, 0x0001, 0x00E0, 0x81F0, 0x0000, 0x0050, 0x0001, 0x00E0, 0x81F0, 0x0000, 0x0060, 0x0001, 0x00E0, 0x81F0, 0x0000, 0x0070, 0x0001, 0x00E0, 0x81F0, 0x0000, 0x0080, 0x0001, 0x00E0, 0x81F0, 0x0000, 0x0090, 0x0001, 0x00E0, 0x81F0, 0x0000, 0x00A0, 0x0001, 0x00E0, 0x81F0, 0x0000, 0x00B0, 0x0001, 0x00E0, 0x81F0, 0x0000, 0x00E0, 0x0001, 0x00E0, 0x81F0, 0x0000, 0x00D0, 0x0001, 0x00E0, 0x81F0, 0x0000, 0x00C0, 0x000D, 0x0000, 0x0006, 0x0001, 0x000D, 0x0002, 0x0006, 0x0003, 0x0000, 0xFFFF, 0x000D, 0x0004, 0x0006, 0x0005, 0x000D, 0x0006, 0x0006, 0x0007, 0x0000, 0xFFFF, 0x000D, 0x0008, 0x0006, 0x0009, 0x000D, 0x000A, 0x0006, 0x000B, 0x0000, 0xFFFF, 0x000D, 0x000C, 0x0006, 0x000D, 0x000D, 0x000E, 0x0006, 0x000F, 0x0000, 0xFFFF, 0x0014, 0x0010, 0x0004, 0x0011, 0x0014, 0x0012, 0x0004, 0x0011, 0x0000, 0xFFFF, 0x0000, 0x0010, 0x001E, 0x003F, 0xF000, 0xF001, 0xF001, 0xF001, 0xF001, 0xF001, 0xEB01, 0x01F0, 0x01F0, 0x0160, 0x00FF, 0xEF03, 0x16F0, 0x1710, 0xF000, 0x00F5, 0x5F00, 0xFEF1, 0x28FF, 0x0F55, 0x1DE0, 0x00F0, 0x9F1E, 0x0F8A, 0x0000, 0x999F, 0x00F9, 0x646F, 0xF0F8, 0x3EF0, 0x31F0, 0x12F0, 0x0170, 0x42EF, 0x0F15, 0xF000, 0x1114, 0x001F, 0x1F51, 0x00F5, 0x5F00, 0x11F7, 0x5F00, 0xFFF4, 0xF000, 0x0FFF, 0xF000, 0xFF4C, 0x00FF, 0x5CF0, 0xFCCC, 0x6F00, 0x0F76, 0xF100, 0x4778, 0xFF0F, 0x54FF, 0x00F6, 0x5541, 0xF51F, 0x456F, 0xFFF5, 0x5F00, 0xF46F, 0x11F2, 0x1111, 0x1FF4, 0xCCC4, 0x104C, 0xF0C3, 0xF001, 0xF001, 0x5001, 0x109C, 0xC55C, 0x0051, 0xC167, 0x42F0, 0x0055, 0xF0C1, 0xC545, 0xDDCF, 0x445F, 0x0080, 0x5203, 0xDD4F, 0xFFFF, 0xD0FF, 0xDD00, 0xDDDD, 0xC41C, 0xF4C5, 0x0015, 0x4451, 0x5CFC, 0x41CC, 0x41FC, 0xC500, 0xFCC5, 0x1511, 0xFC54, 0x025C, 0xC41C, 0xC5DF, 0xFCCC, 0x2200, 0xFFDF, 0x50F0, 0x01F0, 0x01F0, 0x01F0, 0x01F0, 0x01F0, 0x01F0, 0x01F0, 0xF0FB, 0xF001, 0xD201, 0xF003, 0x4201, 0x0F03, 0x0302, 0x30F1, 0xF1FE, 0xF0FF, 0xB101, 0xF2E2, 0x7003, 0x1201, 0xD263, 0xF003, 0xFF70, 0x0302, 0xFFF1, 0xFFA1, 0xF118, 0xF44F, 0xC51E, 0x5CCC, 0xBFF0, 0x01F0, 0x01F0, 0xFFB1, 0xA854, 0xFF81, 0x41C1, 0x5FFF, 0xFF51, 0x5C4C, 0x00C1, 0x44F5, 0x4115, 0x15FC, 0xC5CC, 0xFC00, 0x5C5C, 0xFC54, 0x5145, 0x1111, 0x1CFC, 0x31C5, 0x11FF, 0xD111, 0x50F0, 0xF0FF, 0xF001, 0xF001, 0xF001, 0xF001, 0xF001, 0xF001, 0xF001, 0xFF01, 0x01F0, 0xFFF3, 0xFBF1, 0xFB21, 0xFFF3, 0xFFF1, 0x3EF0, 0x31F0, 0xF0DC, 0x9312, 0xF5FF, 0xFFF3, 0xFFF3, 0xFFF1, 0xFF11, 0x03BF, 0x5CFF, 0x9FF2, 0x01F0, 0x01F0, 0xFFF3, 0xFFF3, 0xFF41, 0xCC00, 0xC545, 0x54F5, 0xC515, 0x00FC, 0x5C14, 0xFC55, 0xCC55, 0xFC14, 0x5C01, 0x1551, 0x4CFC, 0xCC51, 0xFF21, 0x1F3F, 0xF3F1, 0xF0FF, 0xF001, 0xF001, 0xF001, 0xF001, 0xFF01, 0x01F0, 0x01F0, 0x01F0, 0x01F0, 0xFFF1, 0x17F0, 0xFFF1, 0xFFF1, 0xF1FF, 0xF0FF, 0xF101, 0xF1FF, 0xF5FF, 0xF1FF, 0xF1FF, 0xF3FF, 0xF8FF, 0x01F0, 0x01F0, 0x01F0, 0xFFF3, 0xFFC3, 0xCC54, 0x00F5, 0x545C, 0xFC45, 0xC555, 0xFC11, 0x4420, 0x02CC, 0x5103, 0xFCC5, 0x11CC, 0xC17F, 0xFFF3, 0x01F0, 0x01F0, 0x01F0, 0x01F0, 0x01F0, 0x01F0, 0xF0FD, 0xF001, 0xF001, 0xF001, 0xF001, 0x5101, 0x5FAF, 0x1FF2, 0xF1FA, 0xF1FE, 0xF0FE, 0xF001, 0xE001, 0x2F01, 0x0340, 0xA06F, 0x0330, 0x00F0, 0x5F7B, 0xFF5F, 0x5FFF, 0x0090, 0x5F04, 0x01FF, 0x00FE, 0x477F, 0x410F, 0x0100, 0x00FE, 0x189F, 0x00F5, 0x9601, 0x0000, 0x8F5F, 0x00F9, 0x6F5F, 0x7CFF, 0x000F, 0xF21F, 0xF09F, 0xF001, 0x8001, 0xCF01, 0x005F, 0xC4FF, 0xCFCF, 0xC5FF, 0xCFCF, 0x5C42, 0x0300, 0xC5CC, 0x5F5F, 0x0300, 0x00FF, 0x4445, 0xDFFF, 0x54FF, 0xDDD0, 0xFD00, 0xF4FF, 0xCF1F, 0xF40F, 0x0A5F, 0x0FCF, 0x5554, 0x0300, 0x005C, 0x4C03, 0x5F00, 0x540F, 0x5FF4, 0xF40F, 0x07DF, 0x0FFF, 0xDDFF, 0xF00D, 0xF050, 0xF001, 0xFF01, 0x01F0, 0x01F0, 0x01F0, 0x01F0, 0x01F0, 0x01F0, 0x01F0, 0x01F0, 0xF0EF, 0x9201, 0xE103, 0x90FF, 0xFFF1, 0x01F0, 0x01F0, 0x01F0, 0x78DF, 0x821F, 0xF003, 0x0300, 0xFFF1, 0xFFF1, 0xFFF1, 0x01F0, 0xF0F7, 0xD001, 0x0001, 0xA164, 0xCFFF, 0xFFE1, 0xEB01, 0xFFA1, 0x00FF, 0xF103, 0xF0FF, 0xF001, 0xF001, 0xF001, 0xF001, 0xF001, 0xFF01, 0x01F0, 0x01F0, 0x01F0, 0x01F0, 0x01F0, 0xFBF1, 0xFFF3, 0xFFF3, 0xF0FF, 0xF001, 0xF001, 0xF301, 0xF3FF, 0xF1FF, 0xF1FF, 0xF0FF, 0xFF4F, 0x01F0, 0x01F0, 0xFFF3, 0xFFF3, 0xFFF3, 0xFFF3, 0x50F0, 0x01F0, 0xF0FF, 0xF001, 0xF001, 0xF001, 0xF001, 0xF001, 0xF001, 0xF001, 0xFF01, 0x01F0, 0xFFF1, 0xFFF1, 0xFFF1, 0xFFF1, 0x01F0, 0x01F0, 0x01F0, 0xF1FF, 0xF1FF, 0xF1FF, 0xF1FF, 0xF0FF, 0xF001, 0xF301, 0xF3FF, 0xFFFF, 0xFFF3, 0xFFF3, 0xFFF1, 0x01F0, 0x01F0, 0x01F0, 0x01F0, 0x01F0, 0xF0FE, 0xF001, 0xF001, 0xF001, 0xF001, 0xF001, 0x1101, 0xF0F6, 0x0000, 0x99F0, 0x005F, 0xA99F, 0x37F9, 0x8F00, 0xE401, 0x20F0, 0x1100, 0x5074, 0xF003, 0xE001, 0x01F0, 0x01F0, 0x4F82, 0x997F, 0x5FFF, 0x20F5, 0xFF77, 0xD301, 0xF065, 0x8A98, 0x0851, 0xF9F0, 0x9FFF, 0x7700, 0xFFFF, 0x2E9F, 0xF889, 0x0402, 0x5089, 0x1267, 0x118C, 0xF8ED, 0x40FE, 0x0003, 0x0A1B, 0xF113, 0xF0FF, 0xF001, 0xA301, 0x1FFF, 0xFF20, 0x0499, 0xFF03, 0xCFCF, 0x4445, 0x0289, 0x5503, 0x5F5F, 0x0300, 0x55FF, 0xFF21, 0x0042, 0xFF01, 0x4FFF, 0x0FCF, 0x0310, 0x0D44, 0xCF44, 0x550F, 0x0320, 0xFF93, 0xF0DD, 0xFF50, 0x01F0, 0x01F0, 0x01F0, 0x01F0, 0x01F0, 0x01F0, 0x01F0, 0x01F0, 0xF0FF, 0xF001, 0xF101, 0xF1FF, 0xF1FF, 0xF1FF, 0xF0FF, 0xF001, 0xFF01, 0xFFF1, 0xFFF1, 0xFFF1, 0xFFF1, 0xFFF1, 0x01F0, 0x01F0, 0xFFF3, 0xC1AF, 0xCFFF, 0xFFE1, 0xC15F, 0x93FF, 0xF1FF, 0xF0FF, 0xFF01, 0x01F0, 0x01F0, 0x01F0, 0x01F0, 0x01F0, 0x01F0, 0x01F0, 0x01F0, 0xF0CF, 0xB501, 0xFFFB, 0xF15F, 0xF1FF, 0xF1FB, 0xF0FF, 0xFF01, 0x01F0, 0x01F0, 0xFFF1, 0xFFF1, 0xFFF1, 0xFFF1, 0x01F0, 0x01F0, 0xF0FF, 0xF301, 0xF3FF, 0xF3FF, 0xF1FF, 0xF0FF, 0xF001, 0xF001, 0xFF01, 0x01F0, 0x01F0, 0x01F0, 0x01F0, 0x01F0, 0x01F0, 0x01F0, 0x01F0, 0xF3FF, 0xF1FF, 0xF3FF, 0xF0FF, 0xF001, 0xF001, 0xF101, 0xF1FF, 0xFFFF, 0xFFF1, 0xFFF1, 0x51F0, 0x01F0, 0x01F0, 0xFFF3, 0xFFF3, 0xFFF3, 0xF3FF, 0xF1FF, 0xF0FF, 0xF001, 0xF001, 0xF001, 0xF001, 0xF001, 0xFC01, 0x01F0, 0x01F0, 0x01F0, 0x01F0, 0xF631, 0x4A01, 0x0F3F, 0xFF04, 0xFF00, 0x54F3, 0x0C00, 0x0054, 0xF003, 0x1F44, 0xF000, 0xAD55, 0x10FF, 0x5722, 0x0955, 0xF17F, 0x004A, 0xFA0F, 0xF000, 0xF001, 0x8201, 0x00C2, 0x1115, 0xF000, 0x00F5, 0xF56B, 0x02A8, 0xF477, 0xED21, 0x00F0, 0xF068, 0xFF4C, 0xFF04, 0x5CF0, 0xF52C, 0x001A, 0x8FF1, 0x4700, 0xF10F, 0x54F4, 0xFFF6, 0x1056, 0xF54F, 0x00FF, 0x5F02, 0xF46F, 0x01F2, 0x1111, 0xF411, 0xCCC4, 0xEE4C, 0xE29F, 0x01F0, 0x01F0, 0x7EA0, 0x555C, 0x0051, 0xC167, 0xF004, 0x5542, 0xF0C1, 0x0202, 0x5FDD, 0x5248, 0x0310, 0xDD4F, 0x680A, 0xDDD0, 0x00DD, 0x1CDD, 0xC5C4, 0x15F4, 0x4451, 0xFC00, 0xCC5C, 0xFC41, 0x5C41, 0x00C5, 0x11FC, 0x5415, 0x5CFC, 0xC41C, 0xDF0B, 0xCCC5, 0x00FC, 0xDF22, 0x50F0, 0x01F0, 0xF0FF, 0xF001, 0xF001, 0xF001, 0xF001, 0xF001, 0xF001, 0xF001, 0xE001, 0x01F0, 0x15F1, 0x5701, 0xF55F, 0xFFF0, 0xFC55, 0x5FF3, 0x00FC, 0x01F0, 0x01F0, 0x01F0, 0xFC5F, 0x1542, 0x0F00, 0x14F0, 0x1F11, 0x5100, 0x001F, 0x00F5, 0xF75F, 0x0011, 0xF45F, 0xFF52, 0xFF91, 0x1100, 0x78FF, 0x0347, 0x54EB, 0xF601, 0x5541, 0xF51F, 0x456F, 0xFF31, 0x1801, 0x4FF1, 0xC5F4, 0x5CCC, 0xFFF1, 0xF0EA, 0xF001, 0xB101, 0x54FF, 0xFF81, 0x41C1, 0x5FFF, 0x5180, 0x4CFF, 0xC15C, 0x44F5, 0x4115, 0xFC00, 0xCC15, 0xFCC5, 0x5C5C, 0x0154, 0x45FC, 0x1151, 0x1CFC, 0x31C5, 0x1FFF, 0x1111, 0xF0D1, 0xF050, 0xF001, 0xF001, 0xF001, 0xFF01, 0x01F0, 0x01F0, 0x01F0, 0x01F0, 0x01F0, 0x01F0, 0x01F0, 0xED33, 0xF03F, 0xF154, 0xF1FF, 0xF0FF, 0xF001, 0xF001, 0x7301, 0x80FF, 0x6A12, 0xF000, 0xF141, 0xEFFF, 0x0513, 0x15FF, 0x54F0, 0xE1F1, 0xF0FF, 0xFF21, 0x5F04, 0xF1F6, 0xF554, 0xFF71, 0xFF11, 0x039F, 0x5CFF, 0xF0F1, 0xF050, 0xF001, 0xF301, 0xF3FF, 0x88FF, 0xFF31, 0x4C5C, 0x01C4, 0x51FF, 0x14FC, 0x21A2, 0x14FF, 0xFF21, 0xC14C, 0x31C5, 0xF1FF, 0xF3C0, 0xD0FF, 0x0001, 0x0000, 0x0004, 0x002A, 0x0030, 0x003A, 0x0044, 0x004E, 0x0058, 0x0062, 0x006C, 0x0076, 0x0080, 0x008A, 0x0094, 0x009E, 0x00A8, 0x00B2, 0x00BC, 0x00C6, 0x00D0, 0x00DA, 0x00E4, 0x00C8, 0x00DC, 0x00F0, 0x0104, 0x0118, 0x0001, 0x00E0, 0x81F0, 0x0000, 0x0000, 0x0001, 0x00E0, 0x81F0, 0x0000, 0x0010, 0x0001, 0x00E0, 0x81F0, 0x0000, 0x0020, 0x0001, 0x00E0, 0x81F0, 0x0000, 0x0030, 0x0001, 0x00E0, 0x91F0, 0x0000, 0x0000, 0x0001, 0x00E0, 0x91F0, 0x0000, 0x0010, 0x0001, 0x00E0, 0x91F0, 0x0000, 0x0020, 0x0001, 0x00E0, 0x91F0, 0x0000, 0x0030, 0x0001, 0x00E0, 0x81F0, 0x0000, 0x0040, 0x0001, 0x00E0, 0x81F0, 0x0000, 0x0050, 0x0001, 0x00E0, 0x81F0, 0x0000, 0x0060, 0x0001, 0x00E0, 0x81F0, 0x0000, 0x0070, 0x0001, 0x00E0, 0x81F0, 0x0000, 0x0080, 0x0001, 0x00E0, 0x81F0, 0x0000, 0x0090, 0x0001, 0x00E0, 0x81F0, 0x0000, 0x00A0, 0x0001, 0x00E0, 0x81F0, 0x0000, 0x00B0, 0x0001, 0x00E0, 0x81F0, 0x0000, 0x00E0, 0x0001, 0x00E0, 0x81F0, 0x0000, 0x00D0, 0x0001, 0x00E0, 0x81F0, 0x0000, 0x00C0, 0x000D, 0x0000, 0x0006, 0x0001, 0x000D, 0x0002, 0x0006, 0x0003, 0x0000, 0xFFFF, 0x000D, 0x0004, 0x0006, 0x0005, 0x000D, 0x0006, 0x0006, 0x0007, 0x0000, 0xFFFF, 0x000D, 0x0008, 0x0006, 0x0009, 0x000D, 0x000A, 0x0006, 0x000B, 0x0000, 0xFFFF, 0x000D, 0x000C, 0x0006, 0x000D, 0x000D, 0x000E, 0x0006, 0x000F, 0x0000, 0xFFFF, 0x0014, 0x0010, 0x0004, 0x0011, 0x0014, 0x0012, 0x0004, 0x0011, 0x0000, 0xFFFF, 0x0000,
};
u32 frontier_df4_misc_lo_021_1F4F60[] __attribute__((section(".data.frontier_df4_misc_lo.gap21a"))) = {
    0x002A0004,
    0x003A0030,
    0x004E0044,
    0x00620058,
    0x0076006C,
    0x008A0080,
    0x009E0094,
    0x00B200A8,
    0x00C600BC,
    0x00DA00D0,
    0x00C800E4,
    0x00F000DC,
    0x01180104,
    0x00E00001,
    0x000081F0,
    0x00010000,
    0x81F000E0,
    0x00100000,
    0x00E00001,
    0x000081F0,
    0x00010020,
    0x81F000E0,
    0x00300000,
    0x00E00001,
    0x000091F0,
    0x00010000,
    0x91F000E0,
    0x00100000,
    0x00E00001,
    0x000091F0,
    0x00010020,
    0x91F000E0,
    0x00300000,
    0x00E00001,
    0x000081F0,
    0x00010040,
    0x81F000E0,
    0x00500000,
    0x00E00001,
    0x000081F0,
    0x00010060,
    0x81F000E0,
    0x00700000,
    0x00E00001,
    0x000081F0,
    0x00010080,
    0x81F000E0,
    0x00900000,
    0x00E00001,
    0x000081F0,
    0x000100A0,
    0x81F000E0,
    0x00B00000,
    0x00E00001,
    0x000081F0,
    0x000100C0,
    0x81F000E0,
    0x00D00000,
    0x00E00001,
    0x000081F0,
    0x000D00E0,
    0x00060000,
    0x000D0001,
    0x00060002,
    0x00000003,
    0x000DFFFF,
    0x00060004,
    0x000D0005,
    0x00060006,
    0x00000007,
    0x000DFFFF,
    0x00060008,
    0x000D0009,
    0x0006000A,
    0x0000000B,
    0x000DFFFF,
    0x0006000C,
    0x000D000D,
    0x0006000E,
    0x0000000F,
    0x0014FFFF,
    0x00040010,
    0x00140011,
    0x00040012,
    0x00000011,
    0x0000FFFF,
    0x45564F4D,
    0x54494E55,
    0x00000000,
    0x754D5F45,
    0x00727443,
    0x0708090A,
    0xD482F38B,
    0x0000E882,
    0x458E4B95,
    0x0000C593,
    0x458E4B95,
    0x00008A83,
    0x458E4B95,
    0x00006683,
    0x458E4B95,
    0x00000000,
    0x828C558D,
    0x0000C593,
    0x828C558D,
    0x00008A83,
    0x828C558D,
    0x00006683,
    0x828C558D,
    0x00000000,
    0x5B815B81,
    0x00005B81,
    0x00005482,
    0x00005382,
    0x00005282,
    0x00005182,
    0x00005082,
    0xED8A9095,
    0x00000000,
    0xED8EBA95,
    0x00000000,
    0x78827782,
    0x00000000,
    0x68826F82,
    0x00006382,
    0x00100400,
    0x00100401,
    0x00100402,
    0x00100403,
    0x00100404,
    0x00100405,
    0x000E0406,
    0x000A0407,
    0x00080408,
    0x00040409,
    0x0002040A,
    0x00001EFF,
    0x0010060E,
    0x0010060F,
    0x00100610,
    0x00100611,
    0x00100612,
    0x00100613,
    0x00100614,
    0x00100615,
    0x00100616,
    0x00100617,
    0x00100618,
    0x00100619,
    0x0010061A,
    0x0010061B,
    0x00100620,
    0x00100619,
    0x0010061A,
    0x0010061B,
    0x0010061C,
    0x0010061D,
    0x0010061E,
    0x0010061F,
    0x01010000,
    0x03030202,
    0x05050404,
    0x10FF0606,
    0x080A0C0E,
    0x100E0C0A,
    0x0A0C0E10,
    0x0E0C0A08,
    0x0000FF10,
    0x02020101,
    0x04040303,
    0x06060505,
    0x010000FF,
    0x03020201,
    0x03040403,
    0x03040403,
    0x03040403,
    0x03040403,
    0x03040403,
    0x03040403,
    0x03040403,
    0x03040403,
    0x01020203,
    0xFF000001,
    0x00000080,
    0x000001E0,
    0x05040504,
    0x07070706,
    0x06050504,
    0x05040406,
    0x03040305,
    0x02040304,
    0x00000202,
    0x00000140,
    0x00000240,
    0x00000504,
    0x00000500,
    0x00000401,
    0x00000402,
    0x00000303,
    0x00000304,
    0x00010205,
    0x00010206,
    0x00000107,
    0x00000140,
    0x00000240,
    0x01000504,
    0x05040302,
    0x09080706,
    0x0D0C0B0A,
    0x11100F0E,
    0x15141312,
    0x19181716,
    0x000000FF,
    0x00000000,
    0x00000001,
    0x00000000,
    0x0000FF00,
    0x00000000,
    0x00000100,
    0x00000000,
    0x000000FF,
    0x00000001,
    0x0000FF00,
    0x00000100,
    0x000000FF,
    0x00000001,
    0x0000FF00,
    0x00000100,
    0x000000FE,
    0x00000001,
    0x0000FE00,
    0x00000100,
    0x000000FF,
    0x00000002,
    0x0000FF00,
    0x00000200,
    0x00000000,
    0x00000050,
    0x0000008A,
    0x02003C34,
    0x02003DEE,
    0x00000403,
    (u32)&gMid_Skl,
    0x02003C3C,
    0x02003E6E,
    0x00000003,
    (u32)&gMid_Spd,
    0x02003C44,
    0x02003EEE,
    0x00000003,
    (u32)&gMid_Lck,
    0x02003C4C,
    0x02003F6E,
    0x00000003,
    (u32)&gMid_Def,
    0x02003C54,
    0x02003FEE,
    0x00000003,
    (u32)&gMid_Res,
    0x02003C5C,
    0x02003D7E,
    0x00000003,
    (u32)&gMid_Mov,
    0x02003C64,
    0x02003DFE,
    0x00000003,
    (u32)&gMid_Con,
    0x02003C6C,
    0x02003E7E,
    0x00000003,
    (u32)&gMid_Aid,
    0x02003C74,
    0x02003EFE,
    0x00000003,
    (u32)&gMid_Trv,
    0x02003C7C,
    0x02003F7E,
    0x00000003,
    (u32)&gMid_Affin,
    0x02003C84,
    0x02003FFE,
    0x00000003,
    (u32)&gMid_Cnd,
    0x00000000,
    0x00000000,
    0x00000000,
    0x00000000,
    0x02003CBC,
    0x02004070,
    0x00000603,
    (u32)&gMid_Atk,
    0x02003CC4,
    0x020040F0,
    0x00000603,
    (u32)&gMid_Hit,
    0x02003CB4,
    0x02003FFE,
    0x00000603,
    (u32)&gMid_Rng,
    0x02003CCC,
    0x0200407E,
    0x00000603,
    (u32)&gMid_Crt,
    0x02003CD4,
    0x020040FE,
    0x00000603,
    (u32)&gMid_Avo,
    0x00000000,
    0x00000000,
    0x00000000,
    0x00000000,
    0x02003CDC,
    0x02003D72,
    0x00000000,
    (u32)&gMid_Sword,
    0x02003CE4,
    0x02003DF2,
    0x00000000,
    (u32)&gMid_Lance,
    0x02003CEC,
    0x02003D82,
    0x00000000,
    (u32)&gMid_Axe,
    0x02003CF4,
    0x02003E02,
    0x00000000,
    (u32)&gMid_Bow,
    0x00000000,
    0x00000000,
    0x00000000,
    0x00000000,
    0x02003CDC,
    0x02003D72,
    0x00000000,
    (u32)&gMid_Anima,
    0x02003CE4,
    0x02003DF2,
    0x00000000,
    (u32)&gMid_Light,
    0x02003CEC,
    0x02003D82,
    0x00000000,
    (u32)&gMid_Dark,
    0x02003CF4,
    0x02003E02,
    0x00000000,
    (u32)&gMid_Staff,
    0x00000000,
    0x00000000,
    0x00000000,
    0x00000000,
    (u32)&DisplayPage0,
    (u32)&DisplayPage1,
    (u32)&DisplayPage2,
    (u32)&DisplayPage0,
    0x000E000C,
    0x0000000D,
    0x00006000,
    0x68000000,
    0x80000000,
    0x00007000,
    0x78008000,
    0x04F60000,
    0x04F804F7,
    0x04FA04F9,
    0x04FC04FB,
    0x000004FD,
    0x00004954,
    0x00314955,
    0x00324955,
    0xE882638E,
    0x00000000,
    0x498FC58D,
    0x5B815E83,
    0x00009383,
    0x5B815E83,
    0x00009383,
    0x00004950,
};
u32 data_081F5548[] __attribute__((section(".data.frontier_df4_misc_lo.gap21a"))) = {
    0x00005E81,
    0x6E656D62,
    0x00000075,
    0x69766D62,
    0x00007765,
};
u32 frontier_df4_misc_lo_021bt_1F5598[] __attribute__((section(".data.frontier_df4_misc_lo.gap21bt"))) = {
    0x00000549,
    0x0000054A,
    0x0000054B,
    0x0000054C,
    0x654D7441,
    0x0000756E,
    0x756E656D,
    0x7263735F,
    0x006C6C6F,
    0x6C6C6153,
    0x72694379,
    0x00000000,
    0x77656956,
    0x6E756F43,
    0x00726574,
    0x0029001E,
    0x00240025,
    0x00280027,
    0x002A002C,
    0x0026002B,
    0x00000023,
};
u32 frontier_df4_misc_lo_021c_1F561C[] __attribute__((section(".data.frontier_df4_misc_lo.gap21c"))) = {
    0x00005800,
    0x00000006,
    0x00006800,
    0x00000007,
    0x00000000,
    0x00000000,
    0x00000000,
    0x00000000,
    0x02013560,
    0x02013568,
};
/* 0x1F5644-0x1F5664: PrepItemUse_InitDisplay face_config[4] rodata (carved into src/prep_itemuse_0809E794.o) */
u32 frontier_df4_misc_lo_021cb_1F5664[] __attribute__((section(".data.frontier_df4_misc_lo.gap21cb"))) = {
    (u32)&Pal_PrepWindowA,
    (u32)&Pal_PrepWindowB,
    (u32)&Pal_PrepWindowC,
    (u32)&Pal_PrepWindowD,
    0x4E837783,
    0x8B836783,
    0x0000D295,
    0x8A834783,
    0x62834583,
    0xD2956883,
    0x00000000,
    0x93838A83,
    0x0000D295,
    0x0000001B,
    0x0000001A,
    0x00000019,
    0x2D424741,
    0x00394546,
    0x070381C0,
    0x7F3F1F0F,
    0xF7000000,
    0xE0F0F8FC,
    0x00000C84,
    0x00004081,
    0x00000000,
    0x00000000,
    0x00000000,
    0x00000B54,
    0x00004081,
    0x00000000,
    0x00000000,
    0x00000000,
    0x00000A04,
    0x00004081,
    0x00000000,
    0x00000000,
    0x00000000,
    0x000008D8,
    0x00004081,
    0x00000000,
    0x00000000,
    0x00000000,
    0x00000788,
    0x00004081,
    0x00000000,
    0x00000000,
    0x00000000,
    0x00000659,
    0x00004081,
    0x00000000,
    0x00000000,
    0x00000000,
    0x0000050D,
    0x00004081,
    0x00000000,
    0x00000000,
    0x00000000,
    0x000003DD,
    0x00004081,
    0x00000000,
    0x00000000,
    0x00000000,
    0x0000028D,
    0x00004081,
    0x00000000,
    0x00000000,
    0x00000000,
    0x0000015D,
    0x00004081,
    0x00000000,
    0x00000000,
    0x00000000,
};
