@ df4_banim_b: data-frontier-4 long-tail sweep — region-different data not
@ reachable by the code-literal carver, in the pure-DATA window
@ [0x08602568, 0x08a146bc) (verified: 0 carved .text
@ objects inside; whole window is at/above the code+library boundary
@ 0x080dc134). Each gap is [prev_carved_end, next_carved_start) — already
@ snapped to carved edges; already-carved region-same sub-assets are
@ gap-subtracted, so only the uncarved blobs are emitted here.

	.section .data.frontier_df4_banim_b.gap0, "a", %progbits
@ df4_banim_b region-different data, JP 0x08602568..0x08602b24 (1468 B); long-tail data gap (no .text in window), byte-perfect incbin.
	.global frontier_df4_banim_b_000_602568
frontier_df4_banim_b_000_602568:
	.incbin "graphics/frontier_df4_banim_b/frontier_df4_banim_b_000_602568.bin"

	.section .data.frontier_df4_banim_b.gap1, "a", %progbits
@ df4_banim_b region-different data, JP 0x08602fb0..0x086037a4 (2036 B); long-tail data gap (no .text in window), byte-perfect incbin.
	.global frontier_df4_banim_b_001_602FB0
frontier_df4_banim_b_001_602FB0:
	.incbin "graphics/frontier_df4_banim_b/frontier_df4_banim_b_001_602FB0.bin"

	.section .data.frontier_df4_banim_b.gap2, "a", %progbits
@ df4_banim_b region-different data, JP 0x08603894..0x08604384 (2800 B); long-tail data gap (no .text in window), byte-perfect incbin.
	.global frontier_df4_banim_b_002_603894
frontier_df4_banim_b_002_603894:
	.incbin "graphics/frontier_df4_banim_b/frontier_df4_banim_b_002_603894.bin"

	.section .data.frontier_df4_banim_b.gap3, "a", %progbits
@ df4_banim_b region-different data, JP 0x08604f7c..0x08606778 (6140 B); long-tail data gap (no .text in window), byte-perfect incbin.
	.global frontier_df4_banim_b_003_604F7C
frontier_df4_banim_b_003_604F7C:
	.incbin "graphics/frontier_df4_banim_b/frontier_df4_banim_b_003_604F7C.bin"

	.section .data.frontier_df4_banim_b.gap4, "a", %progbits
@ df4_banim_b region-different data, JP 0x0860838c..0x0860a83c (9392 B); long-tail data gap (no .text in window), byte-perfect incbin.
	.global frontier_df4_banim_b_004_60838C
frontier_df4_banim_b_004_60838C:
	.incbin "graphics/frontier_df4_banim_b/frontier_df4_banim_b_004_60838C.bin"

	.section .data.frontier_df4_banim_b.gap5, "a", %progbits
@ df4_banim_b region-different data, JP 0x08611798..0x08611a80 (744 B); long-tail data gap (no .text in window), byte-perfect incbin.
	.global frontier_df4_banim_b_005_611798
frontier_df4_banim_b_005_611798:
	.incbin "graphics/frontier_df4_banim_b/frontier_df4_banim_b_005_611798.bin"

	.section .data.frontier_df4_banim_b.gap6, "a", %progbits
@ df4_banim_b region-different data, JP 0x086123d4..0x086126bc (744 B); long-tail data gap (no .text in window), byte-perfect incbin.
	.global frontier_df4_banim_b_006_6123D4
frontier_df4_banim_b_006_6123D4:
	.incbin "graphics/frontier_df4_banim_b/frontier_df4_banim_b_006_6123D4.bin"

	.section .data.frontier_df4_banim_b.gap7, "a", %progbits
@ df4_banim_b region-different data, JP 0x08617424..0x08617890 (1132 B); long-tail data gap (no .text in window), byte-perfect incbin.
	.global frontier_df4_banim_b_007_617424
frontier_df4_banim_b_007_617424:
	.incbin "graphics/frontier_df4_banim_b/frontier_df4_banim_b_007_617424.bin"

	.section .data.frontier_df4_banim_b.gap8, "a", %progbits
@ df4_banim_b region-different data, JP 0x086186c4..0x08618b30 (1132 B); long-tail data gap (no .text in window), byte-perfect incbin.
	.global frontier_df4_banim_b_008_6186C4
frontier_df4_banim_b_008_6186C4:
	.incbin "graphics/frontier_df4_banim_b/frontier_df4_banim_b_008_6186C4.bin"

	.section .data.frontier_df4_banim_b.gap9, "a", %progbits
@ df4_banim_b region-different data, JP 0x08619994..0x08619e00 (1132 B); long-tail data gap (no .text in window), byte-perfect incbin.
	.global frontier_df4_banim_b_009_619994
frontier_df4_banim_b_009_619994:
	.incbin "graphics/frontier_df4_banim_b/frontier_df4_banim_b_009_619994.bin"

	.section .data.frontier_df4_banim_b.gap10, "a", %progbits
@ df4_banim_b region-different data, JP 0x0861ac64..0x0861b0d0 (1132 B); long-tail data gap (no .text in window), byte-perfect incbin.
	.global frontier_df4_banim_b_010_61AC64
frontier_df4_banim_b_010_61AC64:
	.incbin "graphics/frontier_df4_banim_b/frontier_df4_banim_b_010_61AC64.bin"

	.section .data.frontier_df4_banim_b.gap11, "a", %progbits
@ df4_banim_b region-different data, JP 0x0861be44..0x0861ca68 (3108 B); long-tail data gap (no .text in window), byte-perfect incbin.
	.global frontier_df4_banim_b_011_61BE44
frontier_df4_banim_b_011_61BE44:
	.incbin "graphics/frontier_df4_banim_b/frontier_df4_banim_b_011_61BE44.bin"

	.section .data.frontier_df4_banim_b.gap12, "a", %progbits
@ df4_banim_b region-different data, JP 0x0861ec9c..0x0861f000 (868 B); long-tail data gap (no .text in window), byte-perfect incbin.
	.global frontier_df4_banim_b_012_61EC9C
frontier_df4_banim_b_012_61EC9C:
	@ Issue #166: consumer-verified FORCE_SPRITE words are linker relocations; other bytes verbatim.
	.short 0xeb07,0x0861,0xeb66,0x0861,0xebc7,0x0861,0xec32,0x0861,0x0000,0x8200,0x4000,0x8000
	.short 0x00cc,0xffee,0xffe8,0x0000,0x4000,0x0000,0x00f0,0xfff6,0xfff8,0x0000,0x0000,0x0000
	.short 0x00f2,0x0006,0xfff8,0x0000,0x4000,0x8000,0x00c7,0xfff6,0x0000,0x0000,0x0000,0x0000
	.short 0x00eb,0x0016,0x0008,0x0000,0x4000,0x8000,0x0008,0xffef,0xffe1,0x0000,0x0000,0x4000
	.short 0x000c,0x000f,0xffe1,0x0000,0x4000,0x4000,0x0048,0xffef,0xfff1,0x0000,0x4000,0x0000
	.short 0x004c,0x000f,0xfff1,0x0000,0x0000,0x0000,0x00a6,0xffe7,0xffe9,0x0000,0x0000,0x0000
	.short 0x00cb,0xffe7,0xfff1,0x0000,0x0001,0x0000,0x0000,0x0000,0x0000,0x0000,0x4000,0x8000
	.short 0x00cc,0xffee,0xffe8,0x0000,0x4000,0x0000,0x00f0,0xfff6,0xfff8,0x0000,0x0000,0x0000
	.short 0x00f2,0x0006,0xfff8,0x0000,0x4000,0x8000,0x00c7,0xfff6,0x0000,0x0000,0x0000,0x0000
	.short 0x00eb,0x0016,0x0008,0x0000,0x4000,0x8000,0x0068,0xffed,0xffe6,0x0000,0x0000,0x4000
	.short 0x006c,0x000d,0xffe6,0x0000,0x4000,0x4000,0x00a8,0xffed,0xfff6,0x0000,0x4000,0x0000
	.short 0x00ac,0x000d,0xfff6,0x0000,0x0001,0x0000,0x0000,0x0000,0x0000,0x0000,0x4000,0x8000
	.short 0x00cc,0xffee,0xffe8,0x0000,0x4000,0x0000,0x00f0,0xfff6,0xfff8,0x0000,0x0000,0x0000
	.short 0x00f2,0x0006,0xfff8,0x0000,0x4000,0x8000,0x00c7,0xfff6,0x0000,0x0000,0x0000,0x0000
	.short 0x00eb,0x0016,0x0008,0x0000,0x4000,0x8000,0x000e,0xffee,0xffe8,0x0000,0x0000,0x4000
	.short 0x0012,0x000e,0xffe8,0x0000,0x0000,0x0000,0x00a7,0xffe6,0xfff0,0x0000,0x4000,0x0000
	.short 0x004f,0x000e,0xfff8,0x0000,0x0000,0x0000,0x004e,0x0006,0xfff8,0x0000,0x4000,0x0000
	.short 0x0051,0xfffe,0xffe0,0x0000,0x0001,0x0000,0x0000,0x0000,0x0000,0x0000
	.4byte frontier_df4_banim_b_012_61EC9C + 0x10000015
	.4byte frontier_df4_banim_b_012_61EC9C + 0x100000A5
	.4byte frontier_df4_banim_b_012_61EC9C + 0x1000011D
	.short 0x0000,0x8200,0x4000,0x9000,0x00cc,0xfff2,0xffe8,0x0000,0x4000,0x1000,0x00f0,0xfffa
	.short 0xfff8,0x0000,0x0000,0x1000,0x00f2,0xfff2,0xfff8,0x0000,0x4000,0x9000,0x00c7,0xffea
	.short 0x0000,0x0000,0x0000,0x1000,0x00eb,0xffe2,0x0008,0x0000,0x4000,0x9000,0x0008,0xfff1
	.short 0xffe1,0x0000,0x0000,0x5000,0x000c,0xffe1,0xffe1,0x0000,0x4000,0x5000,0x0048,0xfff1
	.short 0xfff1,0x0000,0x4000,0x1000,0x004c,0xffe1,0xfff1,0x0000,0x0000,0x1000,0x00a6,0x0011
	.short 0xffe9,0x0000,0x0000,0x1000,0x00cb,0x0011,0xfff1,0x0000,0x0001,0x0000,0x0000,0x0000
	.short 0x0000,0x0000,0x4000,0x9000,0x00cc,0xfff2,0xffe8,0x0000,0x4000,0x1000,0x00f0,0xfffa
	.short 0xfff8,0x0000,0x0000,0x1000,0x00f2,0xfff2,0xfff8,0x0000,0x4000,0x9000,0x00c7,0xffea
	.short 0x0000,0x0000,0x0000,0x1000,0x00eb,0xffe2,0x0008,0x0000,0x4000,0x9000,0x0068,0xfff3
	.short 0xffe6,0x0000,0x0000,0x5000,0x006c,0xffe3,0xffe6,0x0000,0x4000,0x5000,0x00a8,0xfff3
	.short 0xfff6,0x0000,0x4000,0x1000,0x00ac,0xffe3,0xfff6,0x0000,0x0001,0x0000,0x0000,0x0000
	.short 0x0000,0x0000,0x4000,0x9000,0x00cc,0xfff2,0xffe8,0x0000,0x4000,0x1000,0x00f0,0xfffa
	.short 0xfff8,0x0000,0x0000,0x1000,0x00f2,0xfff2,0xfff8,0x0000,0x4000,0x9000,0x00c7,0xffea
	.short 0x0000,0x0000,0x0000,0x1000,0x00eb,0xffe2,0x0008,0x0000,0x4000,0x9000,0x000e,0xfff2
	.short 0xffe8,0x0000,0x0000,0x5000,0x0012,0xffe2,0xffe8,0x0000,0x0000,0x1000,0x00a7,0x0012
	.short 0xfff0,0x0000,0x4000,0x1000,0x004f,0xffe2,0xfff8,0x0000,0x0000,0x1000,0x004e,0xfff2
	.short 0xfff8,0x0000,0x4000,0x1000,0x0051,0xfff2,0xffe0,0x0000,0x0001,0x0000,0x0000,0x0000
	.short 0x0000,0x0000
	.4byte frontier_df4_banim_b_012_61EC9C + 0x100001BD
	.4byte frontier_df4_banim_b_012_61EC9C + 0x1000024D
	.4byte frontier_df4_banim_b_012_61EC9C + 0x100002C5
	.short 0x0000,0x8200

	.section .data.frontier_df4_banim_b.gap13, "a", %progbits
@ df4_banim_b region-different data, JP 0x08622e28..0x086230f8 (720 B); long-tail data gap (no .text in window), byte-perfect incbin.
	.global frontier_df4_banim_b_013_622E28
frontier_df4_banim_b_013_622E28:
	.incbin "graphics/frontier_df4_banim_b/frontier_df4_banim_b_013_622E28.bin"

	.section .data.frontier_df4_banim_b.gap14, "a", %progbits
@ df4_banim_b region-different data, JP 0x086238b4..0x08623b84 (720 B); long-tail data gap (no .text in window), byte-perfect incbin.
	.global frontier_df4_banim_b_014_6238B4
frontier_df4_banim_b_014_6238B4:
	.incbin "graphics/frontier_df4_banim_b/frontier_df4_banim_b_014_6238B4.bin"

	.section .data.frontier_df4_banim_b.gap15, "a", %progbits
@ df4_banim_b region-different data, JP 0x0862dc84..0x0862df94 (784 B); long-tail data gap (no .text in window), byte-perfect incbin.
	.global frontier_df4_banim_b_015_62DC84
frontier_df4_banim_b_015_62DC84:
	.incbin "graphics/frontier_df4_banim_b/frontier_df4_banim_b_015_62DC84.bin"

	.section .data.frontier_df4_banim_b.gap16, "a", %progbits
@ df4_banim_b region-different data, JP 0x0862edd8..0x0862f5e8 (2064 B); long-tail data gap (no .text in window), byte-perfect incbin.
	.global frontier_df4_banim_b_016_62EDD8
frontier_df4_banim_b_016_62EDD8:
	.incbin "graphics/frontier_df4_banim_b/frontier_df4_banim_b_016_62EDD8.bin"

	.section .data.frontier_df4_banim_b.gap17, "a", %progbits
@ df4_banim_b region-different data, JP 0x0863cdd4..0x0863cfdc (520 B); long-tail data gap (no .text in window), byte-perfect incbin.
	.global frontier_df4_banim_b_017_63CDD4
frontier_df4_banim_b_017_63CDD4:
	.incbin "graphics/frontier_df4_banim_b/frontier_df4_banim_b_017_63CDD4.bin"

	.section .data.frontier_df4_banim_b.gap18, "a", %progbits
@ df4_banim_b region-different data, JP 0x0863d868..0x0863dcb8 (1104 B); long-tail data gap (no .text in window), byte-perfect incbin.
	.global frontier_df4_banim_b_018_63D868
frontier_df4_banim_b_018_63D868:
	.incbin "graphics/frontier_df4_banim_b/frontier_df4_banim_b_018_63D868.bin"

	.section .data.frontier_df4_banim_b.gap19, "a", %progbits
@ df4_banim_b region-different data, JP 0x0864c610..0x0864c818 (520 B); long-tail data gap (no .text in window), byte-perfect incbin.
	.global frontier_df4_banim_b_019_64C610
frontier_df4_banim_b_019_64C610:
	.incbin "graphics/frontier_df4_banim_b/frontier_df4_banim_b_019_64C610.bin"

	.section .data.frontier_df4_banim_b.gap20, "a", %progbits
@ df4_banim_b region-different data, JP 0x0865a7fc..0x0865b3b4 (3000 B); long-tail data gap (no .text in window), byte-perfect incbin.
	.global frontier_df4_banim_b_020_65A7FC
frontier_df4_banim_b_020_65A7FC:
	@ Issue #166: consumer-verified FORCE_SPRITE words are linker relocations; other bytes verbatim.
	.short 0xa419,0x0865,0xa455,0x0865,0xa491,0x0865,0xa4cd,0x0865,0xa509,0x0865,0xa545,0x0865
	.short 0xa581,0x0865,0xa5bd,0x0865,0xa5f9,0x0865,0xa635,0x0865
	.4byte AnimSprite_EfxMistyRainObj4_11 + 0x70000003
	.short 0x0045,0x8400,0x0000,0x8000,0xa671,0x0865,0xa695,0x0865,0xa671,0x0865,0xa695,0x0865
	.short 0xa671,0x0865,0xa695,0x0865,0xa671,0x0865,0xa695,0x0865,0xa671,0x0865,0xa695,0x0865
	.short 0xa671,0x0865,0xa695,0x0865,0xa671,0x0865,0xa695,0x0865,0xa671,0x0865,0xa695,0x0865
	.short 0xa671,0x0865,0xa695,0x0865,0xa671,0x0865,0xa695,0x0865,0xa671,0x0865,0xa695,0x0865
	.short 0xa671,0x0865,0xa695,0x0865,0xa671,0x0865,0xa695,0x0865,0xa671,0x0865,0xa696,0x0865
	.short 0xa671,0x0865,0xa697,0x0865,0xa671,0x0865
	.4byte AnimSprite_EfxMistyRainObj4_12 + 0x10000000
	.short 0xa671,0x0865,0x0000,0x8000,0xa6af,0x0865,0xa6c7,0x0865,0xa6eb,0x0865,0xa702,0x0865
	.short 0xa726,0x0865,0xa74a,0x0865,0xa76e,0x0865,0xa792,0x0865,0xa7b6,0x0865,0xa7da,0x0865
	.short 0x0000,0x8000,0x0010,0x0018,0x0035,0xf000,0x4001,0x5001,0x0300,0x8045,0x500f,0x0055
	.short 0x4402,0x0200,0x5533,0x2344,0x2200,0x3344,0x2112,0x2223,0x5421,0x1022,0x0518,0x0300
	.short 0x0054,0x4303,0x0055,0x5000,0x4432,0x4555,0x3321,0x4400,0x1134,0x3322,0x2223,0x2012
	.short 0x1222,0x4d70,0x0005,0x4550,0x0054,0x4505,0x4334,0x3454,0x3223,0x4300,0x1223,0x3221
	.short 0x2112,0x5522,0x0021,0x3418,0x0300,0x0024,0x136a,0x0300,0x1240,0x0e00,0x0022,0x2345
	.short 0x5021,0x3418,0x2112,0x0700,0x4210,0x2111,0x0112,0x1111,0x1122,0x1111,0x0012,0x1e05
	.short 0x2112,0x0034,0x0010,0x2003,0x0011,0x2101,0x1275,0x0800,0x2110,0x0140,0x0021,0x3203
	.short 0x2200,0x4370,0x2d00,0x0700,0xd6f0,0x0ff0,0x0000,0xef00,0x00fe,0xeef0,0x00ee,0x34ef
	.short 0xedde,0x1af0,0x1a20,0x000f,0xfe1a,0x1fee,0xdccd,0xf0ee,0x703f,0x0001,0xa02d,0x003d
	.short 0x6403,0x00ef,0x0006,0xef33,0x20de,0xf003,0x40ee,0x00cd,0xdc02,0xdeef,0xcbbc,0x00ee
	.short 0xabcd,0xdeba,0x8abc,0xcda8,0xab00,0x7788,0x8abc,0x6778,0x01bc,0x677a,0xab66,0x6688
	.short 0xb066,0x4042,0x10ff,0x0f3e,0xef00,0xfeee,0x03f0,0xddee,0xefee,0xccde,0x9f80,0x9c00
	.short 0xf040,0x9c00,0xeeef,0xf0ee,0xdeee,0xed11,0xdeef,0x9c00,0xbccd,0xf0cb,0x1993,0x0000
	.short 0x00fe,0x0003,0x0045,0x10ed,0xe708,0x01f0,0x4b10,0x6800,0xeeef,0x0321,0xf7f0,0xf720
	.short 0x00ae,0xedb2,0xb200,0xa0dc,0x00d3,0x00cc,0xbc06,0xff60,0xcc00,0x2000,0xee8a,0xbbcd
	.short 0xaa8a,0x6b90,0x00dc,0xcb08,0x0800,0x00ba,0xa808,0x00f2,0x1008,0xd003,0xf078,0xde4f
	.short 0x00dd,0xcc06,0x00a8,0xbb56,0x5600,0x21aa,0xbb23,0xa88a,0xbc00,0x88aa,0xab88,0x8888
	.short 0xa078,0x0e00,0x00cb,0xcb0e,0x88aa,0xba77,0x8800,0x6778,0x88a6,0x6677,0x0266,0x67aa
	.short 0x6666,0x6a77,0x0300,0x1066,0x6666,0x00dd,0xcd28,0x78ab,0x0587,0x6abc,0x7776,0x30ab
	.short 0x7616,0x1600,0x1083,0xa703,0x6666,0xbaa6,0xfbf0,0x8fe0,0xf0c3,0x2114,0x0f1d,0xee00
	.short 0xf1ee,0xf040,0xd73f,0x38f0,0x4701,0x00fe,0xeed6,0xd600,0x5fb2,0xa7f1,0x10f8,0xb201
	.short 0x2033,0x100b,0x3013,0xde5b,0xabbc,0x0083,0x8adf,0xbc88,0x888a,0x0320,0x0b10,0x10d5
	.short 0x0113,0xaafb,0x0302,0x11bb,0x7803,0x0f11,0x7720,0x0067,0x7703,0x7866,0xa777,0x6a00
	.short 0x77aa,0xaaaa,0xaabb,0x078a,0xcc78,0x8abb,0xf077,0xf079,0xb301,0x20e3,0x4450,0xa803
	.short 0x0033,0x3445,0x2822,0x3450,0x8733,0x0350,0x458f,0x3455,0x2200,0x5434,0x1234,0x4323
	.short 0x0433,0x1212,0x2232,0x0323,0x2267,0x7022,0x2322,0x1383,0x1371,0x2383,0x1112,0xbe32
	.short 0x9c13,0x4022,0x0310,0x00af,0x2303,0x309a,0x1203,0x217c,0x1c00,0x2000,0x3340,0x0500
	.short 0x2500,0x4332,0x4400,0x3212,0x5554,0x4322,0x2005,0x3100,0x0300,0x5432,0x5500,0x0043
	.short 0x5555,0x3244,0x4444,0x2133,0x331e,0x2233,0x2f00,0xda63,0x3340,0x1300,0xc721,0x4b00
	.short 0x0800,0x3232,0x1233,0x208f,0x1203,0xa14b,0x3ff1,0x0300,0x666a,0x788a,0x0377,0x056b
	.short 0x6767,0x8abc,0x0187,0x883f,0x3f01,0x8a53,0x3f01,0x01ab,0xbc3f,0x52bb,0x12e7,0x8067
	.short 0x1a00,0x7aba,0x8887,0x76a8,0x0077,0xa888,0x7766,0xba88,0x7666,0xa82f,0xf2cb,0xfedf
	.short 0x0320,0x0b10,0x1310,0xbb12,0x12fe,0x33c3,0x034b,0x2253,0xf204,0xd3f3,0x0043,0xab06
	.short 0x00c1,0x1306,0xdc43,0xbcde,0xcbaa,0x9700,0xba52,0x1704,0x04a7,0x661e,0x00aa,0x88b3
	.short 0x02e9,0x12c8,0x01eb,0xbaeb,0xf301,0xbca8,0x9800,0xab0b,0x7777,0x0288,0x87e6,0xed01
	.short 0x0310,0xa87f,0xe202,0x6a13,0x73e3,0x0b10,0xa350,0xcbb5,0x6b15,0x25d0,0x10d3,0x3003
	.short 0x1810,0x2345,0x2212,0x3458,0x4205,0x0123,0x01a7,0x1156,0x2223,0x2182,0x31c8,0x1212
	.short 0x1311,0x0700,0xc513,0xca41,0x0120,0x3331,0x0013,0x3110,0xb605,0x1200,0x3213,0x2333
	.short 0x3231,0x3c44,0x3123,0xef11,0x0300,0x3900,0x0310,0x3222,0x01f5,0x10e7,0x1003,0x200b
	.short 0x8837,0x8c00,0x0088,0xaf94,0x0310,0x0087,0xa70b,0x9fc0,0x0753,0x0310,0x4fc5,0xf0fd
	.short 0x6101,0x604b,0xd303,0xf1bf,0x406b,0xff0f,0xd904,0xee50,0xd904,0x04ee,0xddb8,0xcded
	.short 0x06bb,0xdccc,0xaabc,0x01bb,0x03f1,0x0fa6,0x0380,0xfea6,0xbbbc,0xeedc,0xaaab,0xcb1a
	.short 0x8aed,0xb000,0x0310,0x0088,0x88b0,0x02ea,0x5003,0x053f,0xde94,0x9405,0x05cd,0xbc94
	.short 0x0380,0xabd8,0xdeed,0x6abc,0xcddc,0xab32,0x0267,0x0042,0xaa06,0x02cb,0xba52,0x03c3
	.short 0x229a,0x783f,0x8887,0x0288,0x0043,0x3a03,0x8887,0x3b92,0xab91,0x0350,0x0287,0x786b
	.short 0x771f,0xba87,0xbb03,0x0320,0xbf03,0x7700,0x7f00,0x00bf,0xaa8b,0x9300,0xeb05,0x5f02
	.short 0xc700,0xdfa2,0x0350,0x002c,0x04ef,0x77fe,0x2715,0x2b25,0x88aa,0x7859,0x3b05,0x1277
	.short 0x32e3,0xaae7,0x0478,0xc41e,0x01f0,0x0100,0x6667,0x0476,0x662d,0x2277,0x3222,0xc807
	.short 0x4443,0x0323,0x3482,0x0380,0x3477,0x4444,0x3444,0x3333,0x13dd,0x3178,0x11bf,0x8043
	.short 0x7017,0x7f37,0x0213,0x2821,0x3321,0xe601,0x0044,0x5403,0x7666,0xba02,0x66dc,0xcba6
	.short 0x10ed,0xa803,0x00ff,0xd2d0,0x1083,0xf1ff,0x70df,0x5301,0x5047,0xf027,0xfb23,0xd321
	.short 0xa7f5,0x0140,0x8a01,0xcb13,0x1388,0x134b,0x9c53,0x0bb4,0xdeef,0x1b15,0x0310,0x4b13
	.short 0x7a88,0x7610,0xaa77,0x4403,0xbcbb,0x777a,0xcc61,0x1f01,0x4f15,0x6666,0xcbba,0xc320
	.short 0x00b3,0x7603,0x7701,0xf201,0x87dc,0x7b41,0xc710,0x50fe,0x909b,0xb003,0xf4a7,0x9073
	.short 0x3501,0x24b3,0xa873,0x18ff,0x1803,0x180b,0x2813,0x047b,0xd333,0xf1af,0x070b,0xff98
	.short 0xa027,0x01f0,0x7fb0,0x43f6,0x8f20,0x17f5,0xa3a0,0x9a00,0x7760,0x4312,0x3702,0xde78
	.short 0xabcc,0x0aaa,0xddee,0xbbbc,0x6e02,0x02cc,0xdd77,0x000e,0xeeff,0x01de,0x023a,0x372b
	.short 0x776b,0x6a00,0x6776,0xabaa,0x7667,0x01bb,0x78ab,0xbc76,0x778a,0x0177,0x9a46,0x1600
	.short 0xba87,0x0300,0x8b04,0x0187,0x774b,0x8840,0x8406,0x77a7,0x7788,0xa8a8,0x05bd,0xa74b
	.short 0x5305,0xf3d2,0x3fd5,0x0b85,0x00ab,0x7206,0x158a,0x509b,0x1003,0xaa0f,0x00ba,0xa8a1
	.short 0x1083,0xba03,0x887a,0xa778,0x0300,0x0318,0x6730,0x22a6,0x00bc,0x8893,0x8667,0x72ba
	.short 0x0078,0x0003,0x000b,0x6687,0x12a6,0xaadb,0x10f2,0x0504,0x103f,0x0301,0x66e6,0x08cc
	.short 0xbc18,0x7a0f,0x6666,0x00ab,0x40c8,0x1016,0x00d5,0x222b,0x7776,0x4a05,0x66a8,0x0576
	.short 0xa6eb,0xaa00,0x66cb,0xbbba,0xa6dc,0x02cb,0xedcc,0xdcba,0xeedd,0x0202,0xfffe,0xbb14
	.short 0x97f1,0xfb71,0x0710,0xa709,0x7f06,0x9f23,0x6301,0xff55,0x63e1,0x04bb,0xcc5b,0x6304
	.short 0x08dd,0x9f4b,0x5e09,0xee00,0x1d06,0x2096,0xf710,0xff00,0x0321,0xf2fd,0x21bf,0x84b3
	.short 0x73d3,0x50f7,0x0663,0x7a3f,0xe703,0x12b9,0x7863,0x0340,0xf713,0x3b01,0x8abb,0x3f0a
	.short 0xab78,0x1608,0xe400,0xbf41,0xf433,0x7877,0x4b77,0x0076,0x7803,0x0687,0x884e,0x4ff2
	.short 0x7353,0x10f9,0x4a67,0xc01f,0x1001,0x10bf,0xeec7,0xf2fe,0xb696,0xa385,0x00df,0x150a
	.short 0xdd83,0xca00,0x4f02,0x5acd,0x00bb,0xaada,0xab13,0xdb01,0x0968,0x66b3,0x05aa,0x663e
	.short 0x6e0a,0x0a00,0x0f6e,0x8607,0xa5fe,0x8607,0x02ee,0xed32,0x0186,0x6678,0x0310,0x06fb
	.short 0xf930,0xb333,0x208b,0x2063,0x0003,0xdff2,0x7f23,0x6833,0x0266,0x004a,0x886b,0x0078
	.short 0x007e,0x547f,0x00bb,0xcc87,0x8f00,0x00dd,0xee97,0xb2ee,0x6310,0x0666,0x0594,0xed76
	.short 0x00aa,0xbb7f,0x00af,0xcc87,0x8f00,0x14dd,0x11bb,0xf4af,0xc0bf,0xf7ed,0x2311,0xf3e7
	.short 0x9f74,0x3800,0xf0ff,0x7038,0x039f,0x7a43,0x04cd,0x2a93,0x69c3,0x74e3,0xa72f,0x1401
	.short 0xbfba,0x1c01,0x00ba,0xf794,0x70df,0xf09f,0x6262,0xa45f,0xfc6f,0x4fd4,0xd7f2,0x01b0
	.short 0xd403,0x3f09,0x6703,0x6888,0x0081,0x8803,0x8a77,0xa888,0x087a,0x47aa,0x07ab,0x8a3d
	.short 0xbbcd,0xc11c,0x54a6,0xfe03,0x30fd,0x2503,0x1473,0x3238,0x1b7a,0x508f,0x7601,0x1600
	.short 0x7657,0xa813,0x04a6,0x874f,0x1718,0xeb01,0x7715,0x777f,0x0b00,0x0320,0x8315,0x0310
	.short 0x404c,0x7795,0x0fd0,0xf1eb,0xb0f3,0x0301,0x8802,0xa203,0x038a,0x29a2,0xf26f,0x27a6
	.short 0x0300,0xa310,0x4f04,0x7876,0x0300,0x4588,0x0478,0x78c4,0x8866,0x2f0a,0x0187,0x5596
	.short 0x1077,0xa703,0x0400,0x01ba,0xba9f,0x9f01,0xa810,0xaabb,0x1508,0x8abb,0xdcba,0xcc4b
	.short 0x9501,0xbcdd,0x8701,0x06cd,0x6832,0xfcdf,0x2f14,0x9fd1,0xdff8,0xa0f1,0x0b5a,0xc3f6
	.short 0xdeef,0xab5f,0x1008,0x1c8a,0x05fb,0x104f,0x0103,0x087f,0xf0b5,0xaf0a,0xa004,0x3a0a
	.short 0x9f04,0xdeee,0xeedc,0xff2b,0x00ee,0xef6b,0x0300,0xd1f0,0xf1cf,0xfedf,0x01f0,0x01f0
	.short 0xdffc,0x26ff,0x1d14,0x51e0,0x6f06,0x650f,0x00ef,0x081c,0xeeb7,0x02de,0xcd72,0xd28e
	.short 0x0057,0xd20e,0x0e0f,0xfed2,0xb710,0xbf10,0xc710,0xfbd7,0x6e1b,0x7a5f,0x0600,0xf478
	.short 0x091f,0x42a3,0xff33,0x6a09,0xffae,0x6b91,0xff8e,0x13fa,0x7341,0x0310,0x1a03,0xbc55
	.short 0x2203,0x03ab,0x8a6a,0x7203,0x078a,0x5806,0x09a7,0xa746,0xea02,0xc606,0x6777,0x19ab
	.short 0xa778,0x00cb,0x0912,0x6693,0x05ba,0x783f,0x12a6,0x96cc,0x0e5f,0x037f,0x67bb,0xbc76
	.short 0x00f4,0x060f,0x8666,0x165f,0x868b,0x420a,0xcba8,0x09b7,0xdcde,0x5f14,0x6208,0x09ee
	.short 0x6226,0x101f,0xf707,0x9ff1,0x1ff2,0xc3f7,0x9771,0x03aa,0x096c,0x06f2,0x10e3,0x677a
	.short 0x3edd,0x8a17,0xdeee,0x75cd,0x07ab,0x26ba,0xa397,0x689f,0xa537,0x0288,0xb5f4,0xe302
	.short 0x0277,0x005b,0x76ce,0x1100,0x0c76,0xa94f,0x2616,0x1067,0x86de,0xb103,0xa787,0xfb22
	.short 0x877f,0x8e13,0x7364,0x0710,0xcf2b,0xe789,0xd7fe,0xc7c0,0xf07e,0x7341,0x9389,0x8351
	.short 0x0310,0xff14,0x9b0d,0xf076,0xf70c,0x4f28,0x0f20,0x5b08,0x888a,0x8778,0x059c,0x880a
	.short 0x00a8,0x1804,0x0d02,0xa81c,0x40a7,0x05cb,0xcb0f,0xcbbc,0xdcba,0x0fcd,0xbadc,0xdedc
	.short 0xa707,0x7b25,0xf7f5,0xffa3,0xed3f,0x12fe,0x1277,0x127f,0xa787,0x007c,0xf301,0xbd3f
	.short 0x8fb1,0x40dd,0x0f3f,0x07d2,0xf0dd,0xa83f,0xf001,0xba51,0xf801,0x02ba,0xa703,0xaabb
	.short 0xe601,0xbb26,0x947a,0x761f,0x1178,0x10ff,0x8803,0xba55,0x6e07,0x12ba,0xaab3,0x4001
	.short 0x02bb,0x7dff,0x03cc,0x1007,0x9c6f,0xd01f,0x917f,0x76be,0x6005,0x675b,0x6345,0x10a7
	.short 0x0003,0x767b,0x5700,0xaf3e,0x877f,0xb70e,0x8b09,0x0320,0xc33e,0x0300,0x1f6e,0x8f54
	.short 0xd0fe,0xfa0f,0xc27f,0xf28f,0xba7b,0x043f,0x0290,0xba76,0xcd5a,0xd003,0x13de,0x01d8
	.short 0xef70,0x3001,0xdff0,0x7041,0x5f01,0x01fe,0xf25f,0xa8e7,0xf04d,0xf001,0xf701,0x01f0
	.short 0x77f7,0x07fe,0x2dd0,0x17ef,0x0033,0x5d9a,0xeef7,0x3af0,0x3fd0,0xbd07,0x00f0,0x0830
	.short 0x082b,0xed33,0x08cc,0x013b,0xbbd5,0x08cb,0x0f4b,0x8897,0xfca8,0x9bf8,0xcf71,0x1ef3
	.short 0x5ff0,0x9110,0x9727,0xdeef,0xdd55,0x6a01,0x03cc,0xbb12,0x9604,0x1aaa,0xaaff,0xc209
	.short 0x9e88,0xed77,0x7800,0x00dc,0xcb78,0x00a1,0xba78,0xd706,0xcbba,0x77ab,0xb7de,0x7854
	.short 0xb103,0x0178,0x77f7,0x531e,0x7766,0xba65,0xb7ae,0x4320,0xbcde,0xc000,0x00ab,0xae47
	.short 0xbf1e,0x0166,0xa8bb,0xc301,0xf316,0x0320,0xb76a,0x4402,0x3e67,0x141a,0x771b,0xa754
	.short 0xef53,0x2f52,0x50fb,0x6303,0xa3cf,0x72e3,0x0a2b,0x888a,0xbe03,0x0350,0x0ea5,0x78a3
	.short 0x6b0c,0x777a,0xde05,0x1577,0x53df,0x17a8,0xa75c,0x0310,0x6aba,0xd60b,0x0300,0x25e7
	.short 0x2b63,0x38c7,0x763c,0x0aba,0x1bb6,0x2bdb,0xccdf,0x3b18,0x7f05,0x7767,0xfb12,0xdffb
	.short 0x7a66,0x10f7,0x0020,0x3b34,0x23df,0xa735,0x4500,0xdf7b,0xe009,0xba57,0x9d03,0x06aa
	.short 0x7744,0x0300,0xf7f2,0xc371,0xf1ff,0xf0be,0xf001,0xf001,0xf001,0xf001,0xf001,0xf001
	.short 0xf801,0x01f0,0x01f0,0x01f0,0x01f0,0x0190

	.section .data.frontier_df4_banim_b.gap21, "a", %progbits
@ df4_banim_b region-different data, JP 0x08663368..0x086638d0 (1384 B); long-tail data gap (no .text in window), byte-perfect incbin.
	.global frontier_df4_banim_b_021_663368
frontier_df4_banim_b_021_663368:
	.incbin "graphics/frontier_df4_banim_b/frontier_df4_banim_b_021_663368.bin"

	.section .data.frontier_df4_banim_b.gap22, "a", %progbits
@ df4_banim_b region-different data, JP 0x08665fb0..0x086662bc (780 B); long-tail data gap (no .text in window), byte-perfect incbin.
	.global frontier_df4_banim_b_022_665FB0
frontier_df4_banim_b_022_665FB0:
	.incbin "graphics/frontier_df4_banim_b/frontier_df4_banim_b_022_665FB0.bin"

	.section .data.frontier_df4_banim_b.gap23, "a", %progbits
@ df4_banim_b region-different data, JP 0x086719a8..0x086721fc (2132 B); long-tail data gap (no .text in window), byte-perfect incbin.
	.global frontier_df4_banim_b_023_6719A8
frontier_df4_banim_b_023_6719A8:
	.incbin "graphics/frontier_df4_banim_b/frontier_df4_banim_b_023_6719A8.bin"

	.section .data.frontier_df4_banim_b.gap24, "a", %progbits
@ df4_banim_b region-different data, JP 0x0867e9b8..0x0867f30c (2388 B); long-tail data gap (no .text in window), byte-perfect incbin.
	.global frontier_df4_banim_b_024_67E9B8
frontier_df4_banim_b_024_67E9B8:
	@ Issue #166: consumer-verified FORCE_SPRITE words are linker relocations; other bytes verbatim.
	.short 0xe6d2,0x0867,0xe792,0x0867,0xe846,0x0867
	.4byte AnimSprite_EfxHazymoonOBJ2_3_4 + 0x10000000
	.short 0x0000,0x8000,0x0010,0x0010,0x002a,0x1000,0x0e01,0x0300,0x000d,0xd003,0x0080,0xd008
	.short 0x00ed,0xc000,0x00dd,0x0003,0xdccb,0xa000,0x30bb,0x301e,0x0001,0x0030,0x1100,0xee22
	.short 0x1fff,0x2100,0xfeed,0x00ff,0xeedd,0x0400,0x001f,0xf000,0x10ff,0x4018,0x0155,0x0000
	.short 0x0043,0x0005,0x8003,0x592c,0x0001,0x1103,0x3d90,0x0180,0x0760,0x0300,0x7603,0x0000
	.short 0x6655,0xf077,0xf01c,0x8001,0x01b0,0x9880,0x00a9,0x8877,0x4600,0x0000,0x503f,0x0006
	.short 0x0800,0x01b0,0x8eba,0xb600,0xb000,0x30cc,0x00bf,0x6008,0x1018,0x50b5,0x1095,0x9a20
	.short 0xed00,0x0010,0xf003,0x60f0,0x0017,0x0200,0x0300,0x1021,0x1024,0x1008,0x5601,0x000c
	.short 0x0b03,0x0300,0x40b0,0x2003,0xba0c,0x00e8,0xb103,0x4020,0x0f65,0x12b0,0x7665,0x0100
	.short 0x5544,0x3266,0x5443,0x5065,0xc44e,0x0190,0x0a01,0x7700,0x0008,0x87ce,0x2a00,0x6600
	.short 0x0800,0x0060,0x5008,0x1701,0x8b50,0x3600,0x5540,0x4066,0xee25,0x6711,0xab40,0x2087
	.short 0x0dd6,0xb000,0x00cb,0x3095,0x107e,0x711c,0x21ff,0x008d,0x30da,0x0008,0xe000,0x0300
	.short 0xed72,0xd711,0x0120,0x6831,0x0540,0x0300,0xac54,0x0800,0x1044,0x0408,0xd201,0x0300
	.short 0x0000,0x0097,0x007e,0x0087,0x7004,0x4d11,0x8700,0x9020,0x7056,0xa411,0x2077,0xc0fa
	.short 0x0310,0x0800,0xd0b0,0x0310,0xfa00,0x00aa,0xa903,0x000a,0x5800,0x7099,0x70c6,0xde91
	.short 0x0b80,0x9040,0xc0a9,0x5f20,0xa800,0x0aa9,0x8870,0xaa99,0x7600,0x9887,0x60a9,0x8877
	.short 0x7299,0x0065,0x3008,0x10de,0x00a8,0x10fe,0xbb09,0xcc12,0xeddd,0xbf01,0xaadd,0x0800
	.short 0x90a9,0xc821,0xccbb,0xcd00,0x0f40,0x2000,0x3301,0x1f00,0x3221,0xfffe,0x7fa2,0x005f
	.short 0xe401,0x2000,0x00cd,0x1203,0x627b,0x027f,0xb0a9,0x0320,0xf120,0xc06f,0xf001,0x0050
	.short 0x2f70,0x4087,0xe800,0x0143,0x1082,0x113f,0x10a3,0xca03,0x2412,0x0300,0x0840,0x6801
	.short 0x2108,0xa9e7,0x0199,0x99f0,0x42aa,0x407f,0x77bf,0x0088,0x5ca4,0x1200,0xcb64,0xbf10
	.short 0xcc00,0x2400,0x0add,0x000a,0xddcc,0x0009,0x99bf,0x2301,0xf31f,0x9211,0x0803,0x9611
	.short 0xb600,0xee00,0x1d02,0x6003,0xa2f1,0x12b2,0xf048,0x309a,0xcb01,0x0ddc,0x1761,0x10f7
	.short 0x0108,0x1089,0x3072,0x9001,0x8911,0xbd33,0x5700,0x2000,0xfeed,0x1100,0xeedd,0xbc0f
	.short 0x6100,0x12f0,0x2283,0xf016,0xb051,0x4301,0x1554,0x0005,0x0233,0x320e,0x0001,0x2122
	.short 0x803b,0x0501,0x3322,0x1000,0x3221,0x1b03,0x11f0,0x1122,0x0012,0xaada,0xff10,0xf902
	.short 0x995d,0xa700,0x0098,0x2312,0x1276,0x0836,0x9500,0x20c5,0x1047,0x0b88,0xd000,0xcc00
	.short 0xd40c,0xc336,0x5010,0x0300,0x0221,0xf000,0x0851,0x9e00,0x12a2,0xe0d2,0x1101,0x7660
	.short 0x0280,0x70f0,0x02b7,0x70f0,0x4824,0x9652,0x3132,0x1088,0x3064,0x0701,0x0aa0,0x8800
	.short 0x0109,0x03ad,0x0227,0xff9a,0x1e03,0x3600,0xc230,0xe801,0xb010,0xdcf0,0x1f12,0xe902
	.short 0x22e7,0x20e4,0x1001,0x5031,0x0265,0x1431,0x02b1,0x513a,0x0233,0xb03a,0xdf30,0xa998
	.short 0x01ba,0x54d6,0x010a,0x09d6,0xd601,0x0099,0x9824,0x1855,0x0006,0x7080,0x0149,0xcc5d
	.short 0xeedd,0xb05f,0x1625,0x320c,0x010d,0x14df,0x2028,0x00d6,0xffd2,0xc422,0x3622,0xaa03
	.short 0xe811,0x5215,0xb733,0x0310,0x5b15,0xc0b3,0x0b9d,0x2c14,0xbf00,0x3300,0xc300,0xf100
	.short 0x1075,0x8201,0xc810,0x5110,0x23f0,0x54c8,0x6802,0x04bf,0x073e,0x3e04,0xa731,0x4d11
	.short 0x9f44,0x9f32,0x4f90,0x00ff,0x0391,0x15c8,0x005f,0x05bf,0xf191,0xf00f,0xf001,0xa401
	.short 0x6ec5,0x33ba,0x00b7,0x01a0,0x9977,0x4465,0x0106,0x6617,0x8000,0x4501,0x0080,0x01b2
	.short 0x0b20,0xc401,0x9602,0xba0e,0x4511,0x280b,0x0d00,0xee03,0x04d0,0xc017,0x0998,0x02dd
	.short 0x1425,0x1f20,0xce10,0x4d13,0x5233,0x020d,0x4d9b,0x01dd,0xdc4a,0x64dd,0x249b,0x0096
	.short 0xe800,0x44ee,0x00f0,0x26ba,0x0451,0x8702,0x3f24,0xd610,0x4b07,0x0300,0x0876,0x1590
	.short 0x0927,0x9604,0xff25,0x056c,0x1e55,0x0130,0x03e0,0x037a,0xdc5a,0x7cdd,0x14a0,0x13b5
	.short 0x4555,0x10ed,0x337e,0x017f,0x7700,0x110e,0x2356,0x3091,0x5008,0xd000,0xc710,0x2822
	.short 0x23fd,0x0007,0x1276,0x60ad,0x2356,0x0119,0x219f,0x9f01,0x116b,0x7a01,0xd000,0x00f0
	.short 0xe03f,0x5100,0xbf02,0x51eb,0x5007,0x253f,0x305f,0x5602,0x3230,0x0496,0x3f2d,0x8000
	.short 0x2812,0x4701,0x3f14,0x2900,0x2025,0xff16,0x05df,0x22f0,0xc023,0x0300,0x3f14,0xcc23
	.short 0x0130,0x3912,0x55fb,0x4471,0x021e,0x01ff,0x0562,0xa968,0x0c01,0x0801,0x10ec,0x653f
	.short 0x12fe,0xe07a,0x9526,0xcd22,0x00cc,0xa022,0x16ba,0x001f,0x0fcc,0x8800,0xd6ff,0xbf00
	.short 0x3605,0x0502,0x023f,0xb610,0x3f35,0xba0f,0x2d01,0xf60e,0x40ff,0x1201,0x118d,0xf610
	.short 0xf650,0x9c11,0x8e01,0x4e32,0x0810,0x1150,0x40b2,0x3003,0x007f,0xe811,0x1715,0x3740
	.short 0x2410,0x0310,0x7373,0x3a77,0x20e0,0x1008,0x97c5,0x2130,0x4302,0x11f0,0x0248,0xdf05
	.short 0x3001,0xa821,0x0ff0,0xd720,0x0300,0x2864,0x0154,0x442c,0xb603,0xdb55,0x9b15,0x24f4
	.short 0x1595,0xf0df,0x8001,0x8701,0xa804,0x8877,0x18dd,0x26cd,0xd02c,0x0c17,0x0830,0xdf18
	.short 0x05a9,0x7f47,0x1199,0xf028,0x5738,0x10c7,0xf503,0x453f,0x1379,0xb719,0xbf01,0x2488
	.short 0x11c3,0xdc4c,0x5f00,0x9e05,0x1f14,0xaa77,0x1f14,0xe760,0xb113,0x1020,0x14b1,0xf6d1
	.short 0xef91,0xf017,0x4800,0xdf03,0x1370,0x24df,0x8296,0x123f,0xfec8,0x9604,0xcd20,0x01f0
	.short 0x4c42,0x0809,0xa721,0xdf57,0xbf30,0xdf04,0x5430,0x27df,0x68be,0x10b9,0x1201,0x1483
	.short 0xd61f,0xb612,0xb600,0x00f0,0xffb6,0xb600,0xc703,0x5000,0x02ee,0xed36,0xbf00,0xa0d0
	.short 0x0bba,0x06a9,0xbb5e,0x7617,0x0703,0x0376,0x220f,0x29ff,0x2210,0x4001,0x0021,0x10e9
	.short 0x00d0,0xfe08,0x5f88,0x8850,0x9f01,0xb613,0xed25,0xa8c0,0xd623,0xfe06,0x9f00,0x2813
	.short 0x1cd0,0x9f50,0xe812,0x3103,0xe805,0x3c76,0x0887,0x1f6a,0xb629,0x0850,0xde46,0x0fe0
	.short 0x31ca,0x65d2,0x65e8,0x0006,0x66f6,0x3601,0xbf65,0x6d01,0x1250,0x05bf,0x1228,0x42a3
	.short 0x2779,0x39b6,0xbd67,0xb128,0x0a07,0x417f,0x617f,0x663f,0x504d,0xa801,0x22ce,0x03e7
	.short 0xcbb6,0x0280,0x3828,0x20f1,0xa901,0x26cf,0x471f,0x00ff,0x23d0,0x2748,0x1295,0x334d
	.short 0xfe7f,0x2d48,0xeb72,0x6703,0x3111,0x9f24,0xdb03,0xbf09,0xff00,0x9f03,0x4816,0x2801
	.short 0xb619,0x01f0,0x7f94,0x0822,0xf1f2,0x46f5,0x36df,0x40cd,0x3108,0x05ff,0xff01,0x0004
	.short 0x3f36,0x9004,0x8800,0xbf00,0x7f14,0x9035,0x4802,0x7f09,0x00f4,0x10f6,0x06ff,0x0328
	.short 0xc012,0xbf20,0x0edd,0x0ba0,0x0d36,0xbf02,0xa00d,0xccbb,0xff0d,0x3f04,0xc830,0xe753
	.short 0xbf32,0x7a56,0x1f53,0x7611,0x7600,0x0665,0xb612,0xbf02,0x6600,0xed02,0x0365,0x479f
	.short 0x0055,0x54d6,0x2211,0xc802,0x4800,0x3e06,0xbb7f,0xf609,0x5f37,0x0d72,0x7f21,0x3f18
	.short 0xad2b,0xdaf0,0x83fd,0x10f1,0x347f,0x4991,0x1451,0x1528,0xf0bf,0xf600,0x074d,0x7600
	.short 0x0300,0x9554,0x7924,0x3504,0x83ad,0x8332,0x0040,0x0210,0x2630,0x2587,0xf7f6,0x9ebb
	.short 0x5f37,0xbf00,0x3600,0x1833,0x477a,0x228d,0x16cc,0x3320,0x1344,0x8076,0xc716,0xc855
	.short 0x5e80,0x0698,0x887f,0x7f28,0x5fc7,0x039b,0x0170,0xf7a0,0x0832,0x5f1b,0x01f0,0x6825
	.short 0x0343,0x2956,0x4170,0xff5f,0x9fc0,0x2d33,0x9620,0x0820,0xf11a,0x1f17,0x8d52,0xa803
	.short 0x2bff,0x5691,0x33f1,0xd0df,0x1001,0x0220,0xf06d,0xb018,0x7f01,0x0aee,0x6a70,0x049e
	.short 0x16e4,0x05f6,0x269f,0x1b3f,0xf67f,0xb619,0xdf38,0x7646,0xff31,0x0066,0x2996,0x0656
	.short 0x04bd,0x6576,0x7603,0xff11,0xcd28,0x01c0,0x080a,0xff3e,0xe72c,0x63a0,0x4216,0x1f17
	.short 0xa822,0xf127,0x0170,0x920e,0xc01f,0x0ddd,0xcd2d,0xbf10,0x3ec6,0x6834,0xe811,0x69ff
	.short 0x1936,0x1a88,0x025f,0x39da,0xf07f,0xf001,0xf001,0xff01,0x01f0,0x01f0,0x01f0,0x01f0
	.short 0x01f0,0x01f0,0x01f0,0x01f0,0xf0f8,0xf001,0xf001,0xf001,0xc001,0x0001,0x5355,0x5015
	.short 0x5011,0x4c0c,0x4808,0x3c06,0x2c05,0x1c03,0x1002,0x1c03,0x2c05,0x3c06,0x4808,0x4c0c
	.short 0x5011,0x5015,0x5355,0x5015,0x5015,0x5011,0x4c0c,0x4808,0x3c06,0x2c05,0x1c03,0x1002
	.short 0x1c03,0x2c05,0x3c06,0x4808,0x4c0c,0x5011,0x5355,0x5011,0x5015,0x5015,0x5011,0x4c0c
	.short 0x4808,0x3c06,0x2c05,0x1c03,0x1002,0x1c03,0x2c05,0x3c06,0x4808,0x4c0c,0x5355,0x4c0c
	.short 0x5011,0x5015,0x5015,0x5011,0x4c0c,0x4808,0x3c06,0x2c05,0x1c03,0x1002,0x1c03,0x2c05
	.short 0x3c06,0x4808,0x5355,0x4808,0x4c0c,0x5011,0x5015,0x5015,0x5011,0x4c0c,0x4808,0x3c06
	.short 0x2c05,0x1c03,0x1002,0x1c03,0x2c05,0x3c06,0x5355,0x3c06,0x4808,0x4c0c,0x5011,0x5015
	.short 0x5015,0x5011,0x4c0c,0x4808,0x3c06,0x2c05,0x1c03,0x1002,0x1c03,0x2c05,0x5355,0x2c05
	.short 0x3c06,0x4808,0x4c0c,0x5011,0x5015,0x5015,0x5011,0x4c0c,0x4808,0x3c06,0x2c05,0x1c03
	.short 0x1002,0x1c03,0x5355,0x1c03,0x2c05,0x3c06,0x4808,0x4c0c,0x5011,0x5015,0x5015,0x5011
	.short 0x4c0c,0x4808,0x3c06,0x2c05,0x1c03,0x1002,0x5355,0x1002,0x1c03,0x2c05,0x3c06,0x4808
	.short 0x4c0c,0x5011,0x5015,0x5015,0x5011,0x4c0c,0x4808,0x3c06,0x2c05,0x1c03,0x5355,0x1c03
	.short 0x1002,0x1c03,0x2c05,0x3c06,0x4808,0x4c0c,0x5011,0x5015,0x5015,0x5011,0x4c0c,0x4808
	.short 0x3c06,0x2c05,0x5355,0x2c05,0x1c03,0x1002,0x1c03,0x2c05,0x3c06,0x4808,0x4c0c,0x5011
	.short 0x5015,0x5015,0x5011,0x4c0c,0x4808,0x3c06,0x5355,0x3c06,0x2c05,0x1c03,0x1002,0x1c03
	.short 0x2c05,0x3c06,0x4808,0x4c0c,0x5011,0x5015,0x5015,0x5011,0x4c0c,0x4808,0x5355,0x4808
	.short 0x3c06,0x2c05,0x1c03,0x1002,0x1c03,0x2c05,0x3c06,0x4808,0x4c0c,0x5011,0x5015,0x5015
	.short 0x5011,0x4c0c,0x5355,0x4c0c,0x4808,0x3c06,0x2c05,0x1c03,0x1002,0x1c03,0x2c05,0x3c06
	.short 0x4808,0x4c0c,0x5011,0x5015,0x5015,0x5011,0x5355,0x5011,0x4c0c,0x4808,0x3c06,0x2c05
	.short 0x1c03,0x1002,0x1c03,0x2c05,0x3c06,0x4808,0x4c0c,0x5011,0x5015,0x5015

	.section .data.frontier_df4_banim_b.gap25, "a", %progbits
@ df4_banim_b region-different data, JP 0x0867f520..0x08680738 (4632 B); long-tail data gap (no .text in window), byte-perfect incbin.
	.global frontier_df4_banim_b_025_67F520
frontier_df4_banim_b_025_67F520:
	.incbin "graphics/frontier_df4_banim_b/frontier_df4_banim_b_025_67F520.4bpp.lz"

	.section .data.frontier_df4_banim_b.gap26, "a", %progbits
@ df4_banim_b region-different data, JP 0x08683c80..0x08686bb8 (12088 B); long-tail data gap (no .text in window), byte-perfect incbin.
	.global frontier_df4_banim_b_026_683C80
frontier_df4_banim_b_026_683C80:
	.incbin "graphics/frontier_df4_banim_b/frontier_df4_banim_b_026_683C80.bin"

	.section .data.frontier_df4_banim_b.gap27, "a", %progbits
@ df4_banim_b region-different data, JP 0x086870d4..0x0868753c (1128 B); long-tail data gap (no .text in window), byte-perfect incbin.
	.global frontier_df4_banim_b_027_6870D4
frontier_df4_banim_b_027_6870D4:
	.incbin "graphics/frontier_df4_banim_b/frontier_df4_banim_b_027_6870D4.bin"

	.section .data.frontier_df4_banim_b.gap28, "a", %progbits
@ df4_banim_b region-different data, JP 0x0869697c..0x08697974 (4088 B); long-tail data gap (no .text in window), byte-perfect incbin.
	.global frontier_df4_banim_b_028_69697C
frontier_df4_banim_b_028_69697C:
	.incbin "graphics/frontier_df4_banim_b/frontier_df4_banim_b_028_69697C.bin"

	.section .data.frontier_df4_banim_b.gap29, "a", %progbits
@ df4_banim_b region-different data, JP 0x0869bbc8..0x0869beac (740 B); long-tail data gap (no .text in window), byte-perfect incbin.
	.global frontier_df4_banim_b_029_69BBC8
frontier_df4_banim_b_029_69BBC8:
	.incbin "graphics/frontier_df4_banim_b/frontier_df4_banim_b_029_69BBC8.bin"

	.section .data.frontier_df4_banim_b.gap30, "a", %progbits
@ df4_banim_b region-different data, JP 0x0869c34c..0x0869ceac (2912 B); long-tail data gap (no .text in window), byte-perfect incbin.
	.global frontier_df4_banim_b_030_69C34C
frontier_df4_banim_b_030_69C34C:
	.incbin "graphics/frontier_df4_banim_b/frontier_df4_banim_b_030_69C34C.bin"

	.section .data.frontier_df4_banim_b.gap31, "a", %progbits
@ df4_banim_b region-different data, JP 0x0869ebd8..0x0869edf8 (544 B); long-tail data gap (no .text in window), byte-perfect incbin.
	.global frontier_df4_banim_b_031_69EBD8
frontier_df4_banim_b_031_69EBD8:
	.incbin "graphics/frontier_df4_banim_b/frontier_df4_banim_b_031_69EBD8.bin"

	.section .data.frontier_df4_banim_b.gap32, "a", %progbits
@ df4_banim_b region-different data, JP 0x086a5edc..0x086a66dc (2048 B); long-tail data gap (no .text in window), byte-perfect incbin.
	.global frontier_df4_banim_b_032_6A5EDC
frontier_df4_banim_b_032_6A5EDC:
	.incbin "graphics/frontier_df4_banim_b/frontier_df4_banim_b_032_6A5EDC.bin"

	.section .data.frontier_df4_banim_b.gap33, "a", %progbits
@ df4_banim_b region-different data, JP 0x086a819c..0x086a8640 (1188 B); long-tail data gap (no .text in window), byte-perfect incbin.
	.global frontier_df4_banim_b_033_6A819C
frontier_df4_banim_b_033_6A819C:
	.incbin "graphics/frontier_df4_banim_b/frontier_df4_banim_b_033_6A819C.bin"

	.section .data.frontier_df4_banim_b.gap34, "a", %progbits
@ df4_banim_b region-different data, JP 0x086a9534..0x086aaa28 (5364 B); long-tail data gap (no .text in window), byte-perfect incbin.
	.global frontier_df4_banim_b_034_6A9534
frontier_df4_banim_b_034_6A9534:
	.incbin "graphics/frontier_df4_banim_b/frontier_df4_banim_b_034_6A9534.bin"

	.section .data.frontier_df4_banim_b.gap35, "a", %progbits
@ df4_banim_b region-different data, JP 0x086ab184..0x086ab448 (708 B); long-tail data gap (no .text in window), byte-perfect incbin.
	.global frontier_df4_banim_b_035_6AB184
frontier_df4_banim_b_035_6AB184:
	.incbin "graphics/frontier_df4_banim_b/frontier_df4_banim_b_035_6AB184.bin"

	.section .data.frontier_df4_banim_b.gap36, "a", %progbits
@ df4_banim_b region-different data, JP 0x086ab520..0x086aba8c (1388 B); long-tail data gap (no .text in window), byte-perfect incbin.
	.global frontier_df4_banim_b_036_6AB520
frontier_df4_banim_b_036_6AB520:
	@ Issue #166: consumer-verified FORCE_SPRITE words are linker relocations; other bytes verbatim.
	.short 0x0000,0x0000,0x001b,0x000f,0xfff6,0x0000,0x0000,0x0000,0x001b,0x0012,0xfffb,0x0000
	.short 0x0000,0x0000,0x001a,0x0014,0x0000,0x0000,0x0000,0x0000,0x001a,0x0015,0x0006,0x0000
	.short 0x0000,0x0000,0x001b,0x0014,0x000c,0x0000,0x0001,0x0000,0x0000,0x0000,0x0000,0x0000
	.short 0x0000,0x0000,0x001b,0x0012,0xfffb,0x0000,0x0000,0x0000,0x001a,0x0014,0x0000,0x0000
	.short 0x0000,0x0000,0x001a,0x0015,0x0006,0x0000,0x0000,0x0000,0x001b,0x0014,0x000c,0x0000
	.short 0x0001,0x0000,0x0000,0x0000,0x0000,0x0000,0x0000,0x0000,0x001a,0x0014,0x0000,0x0000
	.short 0x0000,0x0000,0x001a,0x0015,0x0006,0x0000,0x0000,0x0000,0x001b,0x0014,0x000c,0x0000
	.short 0x0001,0x0000,0x0000,0x0000,0x0000,0x0000,0x0000,0x0000,0x001a,0x0015,0x0006,0x0000
	.short 0x0000,0x0000,0x001b,0x0014,0x000c,0x0000,0x0001,0x0000,0x0000,0x0000,0x0000,0x0000
	.short 0x0000,0x0000,0x001b,0x0014,0x000c,0x0000,0x0001,0x0000,0x0000,0x0000,0x0000,0x0000
	.short 0x0001,0x0000,0x0000,0x0000,0x0000,0x0000,0x0000,0x0000,0x0019,0x0008,0xffd2,0x0000
	.short 0x0000,0x0000,0x0019,0x0005,0xffd7,0x0000,0x0000,0x0000,0x0019,0x0001,0xffdc,0x0000
	.short 0x0000,0x0000,0x0019,0xfffd,0xffe1,0x0000,0x0000,0x0000,0x0019,0xfff9,0xffe6,0x0000
	.short 0x0000,0x0000,0x0019,0xfff6,0xffeb,0x0000,0x0000,0x0000,0x0019,0xfff3,0xfff0,0x0000
	.short 0x0000,0x0000,0x0019,0xfff0,0xfff5,0x0000,0x0000,0x0000,0x0019,0xffec,0xfffb,0x0000
	.short 0x0000,0x0000,0x0019,0xffec,0xffd1,0x0000,0x0000,0x0000,0x0019,0xffea,0xffd6,0x0000
	.short 0x0000,0x0000,0x0019,0xffe8,0xffdc,0x0000,0x0000,0x0000,0x0019,0xffe7,0xffe2,0x0000
	.short 0x0000,0x0000,0x0019,0x000a,0xffe7,0x0000,0x0000,0x0000,0x0019,0x000b,0xffec,0x0000
	.short 0x0000,0x0000,0x0019,0x000c,0xfff2,0x0000,0x0000,0x0000,0x0019,0x000b,0xfff8,0x0000
	.short 0x0000,0x0000,0x0019,0x0009,0xfffe,0x0000,0x0000,0x0000,0x0019,0x0007,0x0004,0x0000
	.short 0x0000,0x0000,0x0019,0x0004,0x0009,0x0000,0x0000,0x0000,0x0019,0xfffc,0x0011,0x0000
	.short 0x0000,0x0000,0x0019,0x0000,0x000d,0x0000,0x0000,0x0000,0x0019,0x0000,0xffa8,0x0000
	.short 0x0000,0x0000,0x0019,0xfffd,0xffad,0x0000,0x0000,0x0000,0x0019,0xfffb,0xffb2,0x0000
	.short 0x0000,0x0000,0x0019,0xfff8,0xffb7,0x0000,0x0000,0x0000,0x0019,0xfff6,0xffbc,0x0000
	.short 0x0000,0x0000,0x0019,0xffee,0xffcc,0x0000,0x0000,0x0000,0x0019,0xfff1,0xffc7,0x0000
	.short 0x0000,0x0000,0x0019,0xfff3,0xffc1,0x0000,0x0000,0x0000,0x001b,0xfffc,0xffcd,0x0000
	.short 0x0000,0x0000,0x001b,0xfff9,0xffc8,0x0000,0x0000,0x0000,0x001b,0xfff6,0xffc3,0x0000
	.short 0x0000,0x0000,0x001b,0xfff2,0xffbd,0x0000,0x0000,0x0000,0x001b,0xffef,0xffb8,0x0000
	.short 0x0000,0x0000,0x001b,0xffed,0xffb2,0x0000,0x0000,0x0000,0x001b,0xffec,0xffac,0x0000
	.short 0x0000,0x0000,0x001b,0xffeb,0xffa6,0x0000,0x0000,0x0000,0x0019,0x000b,0xffcd,0x0000
	.short 0x0000,0x0000,0x0019,0x000e,0xffc8,0x0000,0x0000,0x0000,0x0019,0x0011,0xffc2,0x0000
	.short 0x0000,0x0000,0x0019,0x0013,0xffbc,0x0000,0x0000,0x0000,0x001a,0xffe7,0xffe7,0x0000
	.short 0x0000,0x0000,0x001a,0xffe7,0xffec,0x0000,0x0000,0x0000,0x001a,0xffe8,0xfff1,0x0000
	.short 0x0000,0x0000,0x001a,0xffea,0xfff6,0x0000,0x0000,0x0000,0x001a,0xffee,0xfffb,0x0000
	.short 0x0000,0x0000,0x001a,0xffff,0xffd2,0x0000,0x0000,0x0000,0x001a,0x0002,0xffd7,0x0000
	.short 0x0000,0x0000,0x001a,0x0005,0xffdc,0x0000,0x0000,0x0000,0x001a,0x0008,0xffe1,0x0000
	.short 0x0000,0x0000,0x001a,0x000a,0xffe7,0x0000,0x0000,0x0000,0x001b,0xfff8,0x0007,0x0000
	.short 0x0000,0x0000,0x001b,0xfff4,0x0003,0x0000,0x0000,0x0000,0x001b,0xfff1,0xffff,0x0000
	.short 0x0000,0x0000,0x001a,0xffeb,0x0000,0x0000,0x0000,0x0000,0x001a,0xffea,0x0006,0x0000
	.short 0x0000,0x0000,0x001a,0xffea,0x000c,0x0000,0x0000,0x0000,0x001a,0x0012,0xffa9,0x0000
	.short 0x0000,0x0000,0x001a,0x0013,0xffb0,0x0000,0x0000,0x0000,0x001a,0x0014,0xffb6,0x0000
	.short 0x0000,0x0000,0x001a,0xffe0,0xffa6,0x0000,0x0000,0x0000,0x001a,0xffdf,0xffab,0x0000
	.short 0x0000,0x0000,0x001a,0xffdf,0xffb1,0x0000,0x0000,0x0000,0x001a,0xffe0,0xffb7,0x0000
	.short 0x0000,0x0000,0x001a,0xffe2,0xffbd,0x0000,0x0000,0x0000,0x001a,0xffe4,0xffc3,0x0000
	.short 0x0000,0x0000,0x001b,0xffe6,0xffc9,0x0000,0x0000,0x0000,0x001b,0xffe9,0xffce,0x0000
	.short 0x0000,0x0000,0x001b,0xffed,0xffd4,0x0000,0x0000,0x0000,0x001b,0xfff1,0xffd9,0x0000
	.short 0x0000,0x0000,0x001b,0x0003,0xffea,0x0000,0x0000,0x0000,0x001b,0x0007,0xffee,0x0000
	.short 0x0000,0x0000,0x001b,0x000b,0xfff2,0x0000,0x0000,0x0000,0x001b,0x000f,0xfff6,0x0000
	.short 0x0000,0x0000,0x001b,0x0012,0xfffb,0x0000,0x0000,0x0000,0x001a,0x0014,0x0000,0x0000
	.short 0x0000,0x0000,0x001a,0x0015,0x0006,0x0000,0x0000,0x0000,0x001a,0x0014,0x000c,0x0000
	.short 0x0001,0x0000,0x0000,0x0000,0x0000,0x0000,0x8db6,0x086a,0x8dce,0x086a,0x8df2,0x086a
	.short 0x8e2e,0x086a,0x8e82,0x086a,0x8eee,0x086a,0x8f72,0x086a,0x900e,0x086a,0x90ce,0x086a
	.short 0x91b2,0x086a,0x92ba,0x086a,0x93e6,0x086a,0x9536,0x086a,0x969e,0x086a,0x981e,0x086a
	.short 0x99c2,0x086a,0x9b7e,0x086a,0x9d52,0x086a,0x9f32,0x086a,0xa11e,0x086a,0xa30a,0x086a
	.short 0xa4ea,0x086a,0xa6be,0x086a,0xa886,0x086a,0xaa2a,0x086a,0xabaa,0x086a,0xad12,0x086a
	.short 0xae62,0x086a,0xaf8e,0x086a,0xb096,0x086a,0xb186,0x086a,0xb25e,0x086a,0xb31e,0x086a
	.short 0xb3ba,0x086a,0xb44a,0x086a,0xb4c2,0x086a,0xb522,0x086a,0xb56a,0x086a,0xb5a6,0x086a
	.short 0xb5d6,0x086a,0xb5fa,0x086a
	.4byte frontier_df4_banim_b_036_6AB520 + 0x700000F3
	.short 0x0013,0x8400,0x0000,0x8100

	.section .data.frontier_df4_banim_b.gap37, "a", %progbits
@ df4_banim_b region-different data, JP 0x086ac820..0x086ad294 (2676 B); long-tail data gap (no .text in window), byte-perfect incbin.
	.global frontier_df4_banim_b_037_6AC820
frontier_df4_banim_b_037_6AC820:
	.incbin "graphics/frontier_df4_banim_b/frontier_df4_banim_b_037_6AC820.bin"

	.section .data.frontier_df4_banim_b.gap38, "a", %progbits
@ df4_banim_b region-different data, JP 0x086ad478..0x086ad998 (1312 B); long-tail data gap (no .text in window), byte-perfect incbin.
	.global frontier_df4_banim_b_038_6AD478
frontier_df4_banim_b_038_6AD478:
	.incbin "graphics/frontier_df4_banim_b/frontier_df4_banim_b_038_6AD478.4bpp.lz"

	.section .data.frontier_df4_banim_b.gap39, "a", %progbits
@ df4_banim_b region-different data, JP 0x086adb74..0x086ae148 (1492 B); long-tail data gap (no .text in window), byte-perfect incbin.
	.global frontier_df4_banim_b_039_6ADB74
frontier_df4_banim_b_039_6ADB74:
	@ Issue #166: consumer-verified FORCE_SPRITE words are linker relocations; other bytes verbatim.
	.short 0x0001,0x0000,0x0000,0x0000,0x0000,0x0000,0x0001,0x0000,0x0000,0x0000,0x0000,0x0000
	.short 0x0000,0x8000,0x0080,0xffe8,0xffb8,0x0000,0x8000,0x8000,0x0084,0x0008,0xffb8,0x0000
	.short 0x4000,0x8000,0x0000,0xffe8,0xffd8,0x0000,0x0000,0x4000,0x0004,0x0008,0xffd8,0x0000
	.short 0x0000,0x8000,0x0089,0x0018,0xffc8,0x0000,0x0001,0x0000,0x0000,0x0000,0x0000,0x0000
	.4byte AnimSprite_EfxSilenceOBJ_1 + 0x10000002
	.short 0xd9d1,0x086a
	.4byte AnimSprite_EfxSilenceOBJ_1 + 0x10000002
	.short 0xd9d1,0x086a
	.4byte AnimSprite_EfxSilenceOBJ_3 + 0x10000002
	.4byte AnimSprite_EfxSilenceOBJ_1 + 0x10000002
	.short 0xda03,0x086a
	.4byte AnimSprite_EfxSilenceOBJ_5 + 0x10000000
	.short 0xda32,0x086a
	.4byte AnimSprite_EfxSilenceOBJ_7 + 0x10000000
	.short 0xda61,0x086a,0x0000,0x8000,0xda78,0x186a,0xdab6,0x086a,0xdace,0x086a,0xdb15,0x086a
	.short 0xdb2d,0x086a,0xdb45,0x086a,0xdb5d,0x086a,0xdab5,0x086a,0xdb2d,0x086a,0xdb45,0x086a
	.short 0xdb5d,0x086a,0xdab5,0x086a,0xdb2d,0x086a,0xdacd,0x086a,0xdb74,0x186a,0xdb15,0x086a
	.short 0xdb75,0x186a,0xdb16,0x086a,0xdab6,0x086a,0xdb76,0x086a,0xdb16,0x086a,0xdb76,0x086a
	.short 0xd9ba,0x086a,0xdb76,0x086a,0xdab5,0x086a,0xdb75,0x086a,0xdb15,0x086a,0xdab5,0x086a
	.short 0xdb15,0x086a,0xdab5,0x086a,0xdb15,0x086a,0xd9b9,0x086a,0x0000,0x8000,0xdb8c,0x186a
	.short 0x0000,0x8000,0x5355,0x437c,0x016b,0x0108,0x00a5,0x0042,0x0002,0x01ad,0x0252,0x2ad6
	.short 0x5355,0x5355,0x5355,0x5355,0x5355,0x5355,0xb010,0x0004,0x1f3f,0xf000,0xf001,0xf001
	.short 0xf001,0xf001,0xf001,0xff01,0x01f0,0x01f0,0x01f0,0x01f0,0x01f0,0x01f0,0x01f0,0x01f0
	.short 0xf0ff,0xf001,0xf001,0xf001,0xf001,0xf001,0xf001,0xf001,0xff01,0x01f0,0x01f0,0x01f0
	.short 0x01f0,0x01f0,0x01f0,0x01f0,0x01f0,0xf0ff,0xf001,0xf001,0xf001,0xf001,0xf001,0xf001
	.short 0xf001,0x8201,0x0110,0x0000,0x0001,0x4002,0x030b,0x003c,0xf004,0xf021,0xf001,0x2001
	.short 0x0401,0xe008,0x13f0,0x01f0,0x0170,0x0037,0x0038,0xff39,0x17f0,0x01f0,0x01f0,0x01f0
	.short 0x01f0,0x01f0,0x01f0,0x01f0,0xf0ff,0xf001,0xf001,0xf001,0xf001,0xf001,0xf001,0xf001
	.short 0xfc01,0x01f0,0x01f0,0x01f0,0x01f0,0x01f0,0x0120,0x0000,0xb010,0x0004,0x1f3f,0xf000
	.short 0xf001,0xf001,0xf001,0xf001,0xf001,0xff01,0x01f0,0x01f0,0x01f0,0x01f0,0x01f0,0x01f0
	.short 0x01f0,0x01f0,0xf0ff,0xf001,0xf001,0xf001,0xf001,0xf001,0xf001,0xf001,0xff01,0x01f0
	.short 0x01f0,0x01f0,0x01f0,0x01f0,0x01f0,0x01f0,0x01f0,0xf0f8,0xf001,0xf001,0xf001,0xf001
	.short 0x0501,0x0600,0x0038,0xf007,0xf017,0xe001,0x1c01,0x1d00,0x0038,0xf01e,0xf017,0xf001
	.short 0x0001,0x003a,0x3b11,0x3c00,0x0b40,0x0008,0xf009,0xc121,0x01f0,0x0180,0x004d,0x004e
	.short 0xf04f,0xff17,0x01f0,0x01f0,0x01f0,0x01f0,0x01f0,0x01f0,0x01f0,0x01f0,0xf0ff,0xf001
	.short 0xf001,0xf001,0xf001,0xf001,0xf001,0xf001,0xf801,0x01f0,0x01f0,0x01f0,0x01f0,0x0120
	.short 0xb010,0x0004,0x1f3f,0xf000,0xf001,0xf001,0xf001,0xf001,0xf001,0xff01,0x01f0,0x01f0
	.short 0x01f0,0x01f0,0x01f0,0x01f0,0x01f0,0x01f0,0xf0ff,0xf001,0xf001,0xf001,0xf001,0xf001
	.short 0xf001,0xf001,0xff01,0x01f0,0x01f0,0x01f0,0x01f0,0x01f0,0x01f0,0x01f0,0x01f0,0xf0c7
	.short 0xd001,0x4101,0x4200,0x15f0,0x01f0,0x01c0,0x0a00,0x0b00,0x0c00,0x0d00,0x0700,0x000e
	.short 0x000f,0xf010,0xf01f,0x8001,0x0001,0x0022,0x0023,0x0024,0x0025,0x2607,0x2700,0x2800
	.short 0x1ff0,0x01f0,0x0180,0x3e07,0x3f00,0x4000,0x17f0,0x01f0,0x01f0,0x008f,0x5001,0x5100
	.short 0x15f0,0x01f0,0x01f0,0x01f0,0xf0ff,0xf001,0xf001,0xf001,0xf001,0xf001,0xf001,0xf001
	.short 0xff01,0x01f0,0x01f0,0x01f0,0x01f0,0x01f0,0x01f0,0x01f0,0x01f0,0xf0c0,0x4001,0x0001
	.short 0xb010,0x0004,0x1f3f,0xf000,0xf001,0xf001,0xf001,0xf001,0xf001,0xff01,0x01f0,0x01f0
	.short 0x01f0,0x01f0,0x01f0,0x01f0,0x01f0,0x01f0,0xf0ff,0xf001,0xf001,0xf001,0xf001,0xf001
	.short 0xf001,0xf001,0xff01,0x01f0,0x01f0,0x01f0,0x01f0,0x01f0,0x01f0,0x01f0,0x01f0,0xf0c1
	.short 0xf001,0x8101,0x2000,0x2100,0x17f0,0xf0c0,0x8001,0x1101,0x1200,0x1300,0x0100,0x0014
	.short 0x0015,0x0016,0xf017,0xc01f,0x01f0,0x0180,0x0029,0x002a,0x002b,0x2c00,0x2d00,0x2e00
	.short 0x2f00,0x7100,0xf030,0xf021,0x6001,0x4301,0x4400,0x0b60,0x461d,0x4700,0x21f0,0x01f0
	.short 0x0180,0x4052,0x1f07,0x0053,0xf054,0xf01d,0xf001,0xf001,0xf001,0xff01,0x01f0,0x01f0
	.short 0x01f0,0x01f0,0x01f0,0x01f0,0x01f0,0x01f0,0xf0ff,0xf001,0xf001,0xf001,0xf001,0xf001
	.short 0xf001,0xe001,0x0001,0x0000,0xb010,0x0004,0x1f3f,0xf000,0xf001,0xf001,0xf001,0xf001
	.short 0xf001,0xff01,0x01f0,0x01f0,0x01f0,0x01f0,0x01f0,0x01f0,0x01f0,0x01f0,0xf0ff,0xf001
	.short 0xf001,0xf001,0xf001,0xf001,0xf001,0xf001,0xfe01,0x01f0,0x01f0,0x01f0,0x01f0,0x01f0
	.short 0x01f0,0x01d0,0xe045,0x13f0,0x01f0,0x01f0,0x6500,0x6600,0x7000,0xf067,0xf017,0x8001
	.short 0x1801,0x1900,0x0000,0x001a,0x001b,0x0035,0x0036,0x741c,0x7500,0x21f0,0x01f0,0x0160
	.short 0x0031,0x3200,0x3300,0x3400,0x4b00,0x0700,0x004c,0x006f,0xf060,0xf021,0x6001,0x4001
	.short 0x0048,0x4903,0x4a00,0x5800,0x0700,0x0059,0x0072,0xf073,0xf021,0x8001,0x0001,0x0055
	.short 0x0056,0x0057,0x0068,0x691f,0x7b00,0x1df0,0x01f0,0x01f0,0x01f0,0x01f0,0xf0ff,0xf001
	.short 0xf001,0xf001,0xf001,0xf001,0xf001,0xf001,0xff01,0x01f0,0x01f0,0x01f0,0x01f0,0x01f0
	.short 0x01f0,0x01f0,0x01e0,0x0000,0xb010,0x0004,0x1f3f,0xf000,0xf001,0xf001,0xf001,0xf001
	.short 0xf001,0xff01,0x01f0,0x01f0,0x01f0,0x01f0,0x01f0,0x01f0,0x01f0,0x01f0,0xf0ff,0xf001
	.short 0xf001,0xf001,0xf001,0xf001,0xf001,0xf001,0xfe01,0x01f0,0x01f0,0x01f0,0x01f0,0x01f0
	.short 0x01f0,0x01d0,0x3870,0x7100,0x15f0,0x01f0,0x0180,0x0405,0x001f,0x6100,0x6200,0x6300
	.short 0x6400,0x0038,0xf060,0xf01f,0x6001,0x1801,0x5a00,0x0000,0x005b,0x005c,0x005d,0x385e
	.short 0x5f00,0x3bf0,0x01f0,0x0180,0x006a,0x006b,0x6c00,0x3400,0x6d00,0x6e00,0x0038,0xf06f
	.short 0xf03b,0xa001,0x7601,0x7700,0x0000,0x0078,0x0079,0x007a,0x3872,0x7300,0x1ff0,0x01f0
	.short 0x0180,0x007c,0x007d,0x7e00,0x7f00,0x8000,0x7b00,0xf0ff,0xf01d,0xf001,0xf001,0xf001
	.short 0xf001,0xf001,0xf001,0xff01,0x01f0,0x01f0,0x01f0,0x01f0,0x01f0,0x01f0,0x01f0,0x01f0
	.short 0xf0f8,0xf001,0xf001,0xf001,0xe001,0x0001

	.section .data.frontier_df4_banim_b.gap40, "a", %progbits
@ df4_banim_b region-different data, JP 0x086af038..0x086b052c (5364 B); long-tail data gap (no .text in window), byte-perfect incbin.
	.global frontier_df4_banim_b_040_6AF038
frontier_df4_banim_b_040_6AF038:
	.incbin "graphics/frontier_df4_banim_b/frontier_df4_banim_b_040_6AF038.bin"

	.section .data.frontier_df4_banim_b.gap41, "a", %progbits
@ df4_banim_b region-different data, JP 0x086b0c88..0x086b0f4c (708 B); long-tail data gap (no .text in window), byte-perfect incbin.
	.global frontier_df4_banim_b_041_6B0C88
frontier_df4_banim_b_041_6B0C88:
	.incbin "graphics/frontier_df4_banim_b/frontier_df4_banim_b_041_6B0C88.bin"

	.section .data.frontier_df4_banim_b.gap42, "a", %progbits
@ df4_banim_b region-different data, JP 0x086b1024..0x086b1590 (1388 B); long-tail data gap (no .text in window), byte-perfect incbin.
	.global frontier_df4_banim_b_042_6B1024
frontier_df4_banim_b_042_6B1024:
	@ Issue #166: consumer-verified FORCE_SPRITE words are linker relocations; other bytes verbatim.
	.short 0x0000,0x1000,0x001b,0xffe9,0xfff6,0x0000,0x0000,0x1000,0x001b,0xffe6,0xfffb,0x0000
	.short 0x0000,0x1000,0x001a,0xffe4,0x0000,0x0000,0x0000,0x1000,0x001a,0xffe3,0x0006,0x0000
	.short 0x0000,0x1000,0x001b,0xffe4,0x000c,0x0000,0x0001,0x0000,0x0000,0x0000,0x0000,0x0000
	.short 0x0000,0x1000,0x001b,0xffe6,0xfffb,0x0000,0x0000,0x1000,0x001a,0xffe4,0x0000,0x0000
	.short 0x0000,0x1000,0x001a,0xffe3,0x0006,0x0000,0x0000,0x1000,0x001b,0xffe4,0x000c,0x0000
	.short 0x0001,0x0000,0x0000,0x0000,0x0000,0x0000,0x0000,0x1000,0x001a,0xffe4,0x0000,0x0000
	.short 0x0000,0x1000,0x001a,0xffe3,0x0006,0x0000,0x0000,0x1000,0x001b,0xffe4,0x000c,0x0000
	.short 0x0001,0x0000,0x0000,0x0000,0x0000,0x0000,0x0000,0x1000,0x001a,0xffe3,0x0006,0x0000
	.short 0x0000,0x1000,0x001b,0xffe4,0x000c,0x0000,0x0001,0x0000,0x0000,0x0000,0x0000,0x0000
	.short 0x0000,0x1000,0x001b,0xffe4,0x000c,0x0000,0x0001,0x0000,0x0000,0x0000,0x0000,0x0000
	.short 0x0001,0x0000,0x0000,0x0000,0x0000,0x0000,0x0000,0x1000,0x0019,0xfff0,0xffd2,0x0000
	.short 0x0000,0x1000,0x0019,0xfff3,0xffd7,0x0000,0x0000,0x1000,0x0019,0xfff7,0xffdc,0x0000
	.short 0x0000,0x1000,0x0019,0xfffb,0xffe1,0x0000,0x0000,0x1000,0x0019,0xffff,0xffe6,0x0000
	.short 0x0000,0x1000,0x0019,0x0002,0xffeb,0x0000,0x0000,0x1000,0x0019,0x0005,0xfff0,0x0000
	.short 0x0000,0x1000,0x0019,0x0008,0xfff5,0x0000,0x0000,0x1000,0x0019,0x000c,0xfffb,0x0000
	.short 0x0000,0x1000,0x0019,0x000c,0xffd1,0x0000,0x0000,0x1000,0x0019,0x000e,0xffd6,0x0000
	.short 0x0000,0x1000,0x0019,0x0010,0xffdc,0x0000,0x0000,0x1000,0x0019,0x0011,0xffe2,0x0000
	.short 0x0000,0x1000,0x0019,0xffee,0xffe7,0x0000,0x0000,0x1000,0x0019,0xffed,0xffec,0x0000
	.short 0x0000,0x1000,0x0019,0xffec,0xfff2,0x0000,0x0000,0x1000,0x0019,0xffed,0xfff8,0x0000
	.short 0x0000,0x1000,0x0019,0xffef,0xfffe,0x0000,0x0000,0x1000,0x0019,0xfff1,0x0004,0x0000
	.short 0x0000,0x1000,0x0019,0xfff4,0x0009,0x0000,0x0000,0x1000,0x0019,0xfffc,0x0011,0x0000
	.short 0x0000,0x1000,0x0019,0xfff8,0x000d,0x0000,0x0000,0x1000,0x0019,0xfff8,0xffa8,0x0000
	.short 0x0000,0x1000,0x0019,0xfffb,0xffad,0x0000,0x0000,0x1000,0x0019,0xfffd,0xffb2,0x0000
	.short 0x0000,0x1000,0x0019,0x0000,0xffb7,0x0000,0x0000,0x1000,0x0019,0x0002,0xffbc,0x0000
	.short 0x0000,0x1000,0x0019,0x000a,0xffcc,0x0000,0x0000,0x1000,0x0019,0x0007,0xffc7,0x0000
	.short 0x0000,0x1000,0x0019,0x0005,0xffc1,0x0000,0x0000,0x1000,0x001b,0xfffc,0xffcd,0x0000
	.short 0x0000,0x1000,0x001b,0xffff,0xffc8,0x0000,0x0000,0x1000,0x001b,0x0002,0xffc3,0x0000
	.short 0x0000,0x1000,0x001b,0x0006,0xffbd,0x0000,0x0000,0x1000,0x001b,0x0009,0xffb8,0x0000
	.short 0x0000,0x1000,0x001b,0x000b,0xffb2,0x0000,0x0000,0x1000,0x001b,0x000c,0xffac,0x0000
	.short 0x0000,0x1000,0x001b,0x000d,0xffa6,0x0000,0x0000,0x1000,0x0019,0xffed,0xffcd,0x0000
	.short 0x0000,0x1000,0x0019,0xffea,0xffc8,0x0000,0x0000,0x1000,0x0019,0xffe7,0xffc2,0x0000
	.short 0x0000,0x1000,0x0019,0xffe5,0xffbc,0x0000,0x0000,0x1000,0x001a,0x0011,0xffe7,0x0000
	.short 0x0000,0x1000,0x001a,0x0011,0xffec,0x0000,0x0000,0x1000,0x001a,0x0010,0xfff1,0x0000
	.short 0x0000,0x1000,0x001a,0x000e,0xfff6,0x0000,0x0000,0x1000,0x001a,0x000a,0xfffb,0x0000
	.short 0x0000,0x1000,0x001a,0xfff9,0xffd2,0x0000,0x0000,0x1000,0x001a,0xfff6,0xffd7,0x0000
	.short 0x0000,0x1000,0x001a,0xfff3,0xffdc,0x0000,0x0000,0x1000,0x001a,0xfff0,0xffe1,0x0000
	.short 0x0000,0x1000,0x001a,0xffee,0xffe7,0x0000,0x0000,0x1000,0x001b,0x0000,0x0007,0x0000
	.short 0x0000,0x1000,0x001b,0x0004,0x0003,0x0000,0x0000,0x1000,0x001b,0x0007,0xffff,0x0000
	.short 0x0000,0x1000,0x001a,0x000d,0x0000,0x0000,0x0000,0x1000,0x001a,0x000e,0x0006,0x0000
	.short 0x0000,0x1000,0x001a,0x000e,0x000c,0x0000,0x0000,0x1000,0x001a,0xffe6,0xffa9,0x0000
	.short 0x0000,0x1000,0x001a,0xffe5,0xffb0,0x0000,0x0000,0x1000,0x001a,0xffe4,0xffb6,0x0000
	.short 0x0000,0x1000,0x001a,0x0018,0xffa6,0x0000,0x0000,0x1000,0x001a,0x0019,0xffab,0x0000
	.short 0x0000,0x1000,0x001a,0x0019,0xffb1,0x0000,0x0000,0x1000,0x001a,0x0018,0xffb7,0x0000
	.short 0x0000,0x1000,0x001a,0x0016,0xffbd,0x0000,0x0000,0x1000,0x001a,0x0014,0xffc3,0x0000
	.short 0x0000,0x1000,0x001b,0x0012,0xffc9,0x0000,0x0000,0x1000,0x001b,0x000f,0xffce,0x0000
	.short 0x0000,0x1000,0x001b,0x000b,0xffd4,0x0000,0x0000,0x1000,0x001b,0x0007,0xffd9,0x0000
	.short 0x0000,0x1000,0x001b,0xfff5,0xffea,0x0000,0x0000,0x1000,0x001b,0xfff1,0xffee,0x0000
	.short 0x0000,0x1000,0x001b,0xffed,0xfff2,0x0000,0x0000,0x1000,0x001b,0xffe9,0xfff6,0x0000
	.short 0x0000,0x1000,0x001b,0xffe6,0xfffb,0x0000,0x0000,0x1000,0x001a,0xffe4,0x0000,0x0000
	.short 0x0000,0x1000,0x001a,0xffe3,0x0006,0x0000,0x0000,0x1000,0x001a,0xffe4,0x000c,0x0000
	.short 0x0001,0x0000,0x0000,0x0000,0x0000,0x0000,0xe8ba,0x086a,0xe8d2,0x086a,0xe8f6,0x086a
	.short 0xe932,0x086a,0xe986,0x086a,0xe9f2,0x086a,0xea76,0x086a,0xeb12,0x086a,0xebd2,0x086a
	.short 0xecb6,0x086a,0xedbe,0x086a,0xeeea,0x086a,0xf03a,0x086a,0xf1a2,0x086a,0xf322,0x086a
	.short 0xf4c6,0x086a,0xf682,0x086a,0xf856,0x086a,0xfa36,0x086a,0xfc22,0x086a,0xfe0e,0x086a
	.short 0xffee,0x086a,0x01c2,0x086b,0x038a,0x086b,0x052e,0x086b,0x06ae,0x086b,0x0816,0x086b
	.short 0x0966,0x086b,0x0a92,0x086b,0x0b9a,0x086b,0x0c8a,0x086b,0x0d62,0x086b,0x0e22,0x086b
	.short 0x0ebe,0x086b,0x0f4e,0x086b,0x0fc6,0x086b,0x1026,0x086b,0x106e,0x086b,0x10aa,0x086b
	.short 0x10da,0x086b,0x10fe,0x086b
	.4byte frontier_df4_banim_b_042_6B1024 + 0x700000F3
	.short 0x0013,0x8400,0x0000,0x8100

	.section .data.frontier_df4_banim_b.gap43, "a", %progbits
@ df4_banim_b region-different data, JP 0x086b1690..0x086b1eb0 (2080 B); long-tail data gap (no .text in window), byte-perfect incbin.
	.global frontier_df4_banim_b_043_6B1690
frontier_df4_banim_b_043_6B1690:
	.incbin "graphics/frontier_df4_banim_b/frontier_df4_banim_b_043_6B1690.bin"

	.section .data.frontier_df4_banim_b.gap44, "a", %progbits
@ df4_banim_b region-different data, JP 0x086b64cc..0x086b66d0 (516 B); long-tail data gap (no .text in window), byte-perfect incbin.
	.global frontier_df4_banim_b_044_6B64CC
frontier_df4_banim_b_044_6B64CC:
	.incbin "graphics/frontier_df4_banim_b/frontier_df4_banim_b_044_6B64CC.bin"

	.section .data.frontier_df4_banim_b.gap45, "a", %progbits
@ df4_banim_b region-different data, JP 0x086bb2ec..0x086bc294 (4008 B); long-tail data gap (no .text in window), byte-perfect incbin.
	.global frontier_df4_banim_b_045_6BB2EC
frontier_df4_banim_b_045_6BB2EC:
	.incbin "graphics/frontier_df4_banim_b/frontier_df4_banim_b_045_6BB2EC.bin"

	.section .data.frontier_df4_banim_b.gap46, "a", %progbits
@ df4_banim_b region-different data, JP 0x086bc4bc..0x086bc7bc (768 B); long-tail data gap (no .text in window), byte-perfect incbin.
	.global frontier_df4_banim_b_046_6BC4BC
frontier_df4_banim_b_046_6BC4BC:
	.incbin "graphics/frontier_df4_banim_b/frontier_df4_banim_b_046_6BC4BC.bin"

	.section .data.frontier_df4_banim_b.gap47, "a", %progbits
@ df4_banim_b region-different data, JP 0x086bcf9c..0x086bd1a0 (516 B); long-tail data gap (no .text in window), byte-perfect incbin.
	.global frontier_df4_banim_b_047_6BCF9C
frontier_df4_banim_b_047_6BCF9C:
	.incbin "graphics/frontier_df4_banim_b/frontier_df4_banim_b_047_6BCF9C.bin"

	.section .data.frontier_df4_banim_b.gap48, "a", %progbits
@ df4_banim_b region-different data, JP 0x086cf20c..0x086cf44c (576 B); long-tail data gap (no .text in window), byte-perfect incbin.
	.global frontier_df4_banim_b_048_6CF20C
frontier_df4_banim_b_048_6CF20C:
	@ Issue #166: consumer-verified FORCE_SPRITE words are linker relocations; other bytes verbatim.
	.short 0x0000,0x8000,0x0000,0xfff0,0xfff0,0x0000,0x0001,0x0000,0x0000,0x0000,0x0000,0x0000
	.short 0x0000,0x8000,0x0004,0xfff0,0xfff0,0x0000,0x0001,0x0000,0x0000,0x0000,0x0000,0x0000
	.short 0x0000,0x8000,0x0008,0xfff0,0xfff0,0x0000,0x0001,0x0000,0x0000,0x0000,0x0000,0x0000
	.short 0x0000,0x8000,0x000c,0xfff0,0xfff0,0x0000,0x0001,0x0000,0x0000,0x0000,0x0000,0x0000
	.short 0x0000,0x8000,0x0010,0xfff0,0xfff0,0x0000,0x0001,0x0000,0x0000,0x0000,0x0000,0x0000
	.short 0x8000,0x8000,0x0014,0xfff8,0xfff0,0x0000,0x0001,0x0000,0x0000,0x0000,0x0000,0x0000
	.short 0x8000,0x8000,0x0016,0xfff8,0xfff0,0x0000,0x0001,0x0000,0x0000,0x0000,0x0000,0x0000
	.short 0x8000,0x8000,0x0018,0xfff8,0xfff0,0x0000,0x0001,0x0000,0x0000,0x0000,0x0000,0x0000
	.short 0x8000,0x8000,0x001a,0xfff8,0xfff0,0x0000,0x0001,0x0000,0x0000,0x0000,0x0000,0x0000
	.short 0x8000,0x8000,0x001c,0xfff8,0xfff0,0x0000,0x0001,0x0000,0x0000,0x0000,0x0000,0x0000
	.4byte frontier_df4_banim_b_048_6CF20C + 0x10000018
	.4byte frontier_df4_banim_b_048_6CF20C + 0x10000018
	.4byte frontier_df4_banim_b_048_6CF20C + 0x10000030
	.4byte frontier_df4_banim_b_048_6CF20C + 0x10000048
	.4byte frontier_df4_banim_b_048_6CF20C + 0x10000060
	.short 0x0000,0x8100
	.4byte frontier_df4_banim_b_048_6CF20C + 0x10000078
	.4byte frontier_df4_banim_b_048_6CF20C + 0x10000090
	.4byte frontier_df4_banim_b_048_6CF20C + 0x100000A8
	.4byte frontier_df4_banim_b_048_6CF20C + 0x100000C0
	.4byte frontier_df4_banim_b_048_6CF20C + 0x100000D8
	.short 0x0000,0x8100,0x0000,0x9000,0x0000,0xfff0,0xfff0,0x0000,0x0001,0x0000,0x0000,0x0000
	.short 0x0000,0x0000,0x0000,0x9000,0x0004,0xfff0,0xfff0,0x0000,0x0001,0x0000,0x0000,0x0000
	.short 0x0000,0x0000,0x0000,0x9000,0x0008,0xfff0,0xfff0,0x0000,0x0001,0x0000,0x0000,0x0000
	.short 0x0000,0x0000,0x0000,0x9000,0x000c,0xfff0,0xfff0,0x0000,0x0001,0x0000,0x0000,0x0000
	.short 0x0000,0x0000,0x0000,0x9000,0x0010,0xfff0,0xfff0,0x0000,0x0001,0x0000,0x0000,0x0000
	.short 0x0000,0x0000,0x8000,0x9000,0x0014,0xfff8,0xfff0,0x0000,0x0001,0x0000,0x0000,0x0000
	.short 0x0000,0x0000,0x8000,0x9000,0x0016,0xfff8,0xfff0,0x0000,0x0001,0x0000,0x0000,0x0000
	.short 0x0000,0x0000,0x8000,0x9000,0x0018,0xfff8,0xfff0,0x0000,0x0001,0x0000,0x0000,0x0000
	.short 0x0000,0x0000,0x8000,0x9000,0x001a,0xfff8,0xfff0,0x0000,0x0001,0x0000,0x0000,0x0000
	.short 0x0000,0x0000,0x8000,0x9000,0x001c,0xfff8,0xfff0,0x0000,0x0001,0x0000,0x0000,0x0000
	.short 0x0000,0x0000
	.4byte frontier_df4_banim_b_048_6CF20C + 0x10000138
	.4byte frontier_df4_banim_b_048_6CF20C + 0x10000138
	.4byte frontier_df4_banim_b_048_6CF20C + 0x10000150
	.4byte frontier_df4_banim_b_048_6CF20C + 0x10000168
	.4byte frontier_df4_banim_b_048_6CF20C + 0x10000180
	.short 0x0000,0x8100
	.4byte frontier_df4_banim_b_048_6CF20C + 0x10000198
	.4byte frontier_df4_banim_b_048_6CF20C + 0x100001B0
	.4byte frontier_df4_banim_b_048_6CF20C + 0x100001C8
	.4byte frontier_df4_banim_b_048_6CF20C + 0x100001E0
	.4byte frontier_df4_banim_b_048_6CF20C + 0x100001F8
	.short 0x0000,0x8100

	.section .data.frontier_df4_banim_b.gap49, "a", %progbits
@ df4_banim_b region-different data, JP 0x086d00a8..0x086d0e48 (3488 B); long-tail data gap (no .text in window), byte-perfect incbin.
	.global frontier_df4_banim_b_049_6D00A8
frontier_df4_banim_b_049_6D00A8:
	.incbin "graphics/frontier_df4_banim_b/frontier_df4_banim_b_049_6D00A8.bin"

	.section .data.frontier_df4_banim_b.gap50, "a", %progbits
@ df4_banim_b region-different data, JP 0x086d3478..0x086d3760 (744 B); long-tail data gap (no .text in window), byte-perfect incbin.
	.global frontier_df4_banim_b_050_6D3478
frontier_df4_banim_b_050_6D3478:
	.incbin "graphics/frontier_df4_banim_b/frontier_df4_banim_b_050_6D3478.bin"

	.section .data.frontier_df4_banim_b.gap51, "a", %progbits
@ df4_banim_b region-different data, JP 0x086e0cf4..0x086e2158 (5220 B); long-tail data gap (no .text in window), byte-perfect incbin.
	.global frontier_df4_banim_b_051_6E0CF4
frontier_df4_banim_b_051_6E0CF4:
	.incbin "graphics/frontier_df4_banim_b/frontier_df4_banim_b_051_6E0CF4.bin"

	.section .data.frontier_df4_banim_b.gap52, "a", %progbits
@ df4_banim_b region-different data, JP 0x086e96d0..0x086e9e38 (1896 B); long-tail data gap (no .text in window), byte-perfect incbin.
	.global frontier_df4_banim_b_052_6E96D0
frontier_df4_banim_b_052_6E96D0:
	.incbin "graphics/frontier_df4_banim_b/frontier_df4_banim_b_052_6E96D0.bin"

	.section .data.frontier_df4_banim_b.gap53, "a", %progbits
@ df4_banim_b region-different data, JP 0x087059c4..0x08707b0c (8520 B); long-tail data gap (no .text in window), byte-perfect incbin.
	.global frontier_df4_banim_b_053_7059C4
frontier_df4_banim_b_053_7059C4:
	@ Issue #166: consumer-verified FORCE_SPRITE words are linker relocations; other bytes verbatim.
	.short 0xb010,0x0004,0x8c3e,0xf000,0xf001,0xf001,0xf001,0x7001,0x0101,0x0000,0x0002,0x0003
	.short 0x0004,0x8305,0x0100,0x0006,0x0007,0xf008,0xf023,0x8001,0x0100,0x0009,0x000a,0x000b
	.short 0x000c,0x0d00,0x0e00,0x0f00,0x1000,0x0000,0x0011,0x0012,0x0013,0x0c14,0x1500,0x1600
	.short 0x2df0,0x01a0,0x0017,0x1801,0x1900,0x1a00,0x1b00,0x15a0,0x1c01,0x1d00,0x1e00,0x1f00
	.short 0x2ff0,0xa080,0x2001,0x2100,0x2200,0x2300,0x0002,0x0024,0x0025,0x2026,0x2711,0x0000
	.short 0x0028,0x0029,0x002a,0x302b,0x2c00,0x2ff0,0x01c0,0x002d,0x002e,0x2f00,0x3000,0x3100
	.short 0x3200,0x0000,0x0033,0x0034,0x0035,0x0036,0x3706,0x3800,0x3900,0x2bf0,0x0120,0x003a
	.short 0x3b00,0x3c00,0x3d00,0x3e00,0x0007,0x003f,0x0c2d,0x1ff0,0x01f0,0x0170,0x4000,0x4100
	.short 0x4200,0x4300,0x0700,0x0044,0x0045,0xf046,0xf01f,0x8001,0x0001,0x0047,0x0048,0x0049
	.short 0x004a,0x4b03,0x4c00,0x2d00,0xf004,0xf01f,0xf001,0x01f0,0x01f0,0x01f0,0x01b0,0x004d
	.short 0x004e,0x4f00,0x5000,0x5100,0x5200,0x0000,0x0053,0x0450,0x0054,0x0055,0x5600,0x5700
	.short 0x5800,0x5900,0x1800,0x005a,0xf05b,0x6031,0x5c01,0x5d00,0x0002,0x005e,0x005f,0x4060
	.short 0x610f,0x0000,0x0062,0x0063,0x0064,0x0065,0x6600,0x6700,0x6800,0x6900,0x0030,0xf06a
	.short 0x4035,0x6b01,0x6c00,0x0000,0x006d,0x006e,0x006f,0x0070,0x7100,0x7200,0x7300,0x7400
	.short 0x0000,0x0075,0x0076,0x0077,0x0078,0x7901,0x7a00,0x7b00,0x7c00,0x35f0,0x8180,0x7dd1
	.short 0x7e00,0x7f00,0x8000,0x0000,0x0081,0x0082,0x0083,0x0084,0x8500,0x8600,0x8700,0x8800
	.short 0x0003,0x0089,0x008a,0xf08b,0xf031,0xff01,0x01f0,0x01f0,0x01f0,0x01f0,0x01f0,0x01f0
	.short 0x01f0,0x01f0,0xf0ff,0xf001,0xf001,0xf001,0xf001,0xf001,0xf001,0xf001,0xf001,0x01f0
	.short 0x01f0,0x01f0,0x0120,0x0000,0xb010,0x0004,0x9830,0xf000,0x9001,0x0101,0x0200,0x3800
	.short 0x0401,0x17f0,0x01f0,0x0150,0x0003,0x0004,0x0500,0x0600,0x0700,0x0800,0x0000,0x0009
	.short 0x000a,0x000b,0x030c,0x0d00,0x0e00,0x0f00,0x2bf0,0x01c0,0x1000,0x1100,0x1200,0x1300
	.short 0x4000,0x6014,0x1511,0x1600,0x1700,0x0600,0x0018,0x0019,0xf01a,0xa02f,0x1b01,0x0002
	.short 0x001c,0x001d,0xc01e,0x1f15,0x0003,0x0020,0x0021,0xf022,0xa02f,0x0001,0x0023,0x0024
	.short 0x0025,0x0026,0x2700,0x2800,0x2900,0x2a00,0x0000,0x002b,0x002c,0x002d,0x002e,0x2f06
	.short 0x3000,0x3100,0x2ff0,0x01f0,0x0000,0x0032,0x0033,0x0034,0x0035,0x3600,0x3700,0x3800
	.short 0x3900,0x6000,0xf03a,0x2023,0x3b01,0x3c00,0x3d00,0x0000,0x003e,0x003f,0x0040,0xe041
	.short 0x1ff0,0x01f0,0x0180,0x0042,0x0043,0x0044,0x4500,0x4600,0x4700,0x4800,0xf0e1,0xf01f
	.short 0xb001,0x0879,0x0049,0x004a,0x7e01,0xf04b,0xf01b,0xf001,0xf001,0xf001,0xf001,0x0001
	.short 0x4c00,0x4d00,0x4e00,0x4f00,0x0100,0x044f,0x0050,0x0051,0x6052,0x0117,0x0053,0x0054
	.short 0x0055,0xf056,0x8031,0x0120,0x0057,0x0058,0x0059,0x005a,0x5b00,0x5c00,0x5d00,0x5e00
	.short 0x0000,0x005f,0x0060,0x0061,0x0062,0x6300,0x6400,0x6500,0x6600,0x0000,0x0067,0x0068
	.short 0x0069,0x086a,0x6b00,0x6c00,0x3be0,0x006d,0x086e,0x6f00,0x7000,0x13a0,0x0071,0x0272
	.short 0x7300,0x7400,0x3b00,0xc762,0x0875,0x7600,0x7700,0x3be0,0x0078,0x0079,0x7a00,0x7b00
	.short 0x7c00,0x7d00,0x0000,0x007e,0x007f,0x0080,0x0081,0x8200,0x8300,0x8400,0x8500,0x0000
	.short 0x0086,0x0087,0x0088,0x0089,0x8a00,0x8b00,0x8c00,0x8d00,0xf0c0,0x00b5,0x8e01,0x8f00
	.short 0x9000,0x0000,0x0091,0x0092,0x0093,0x0094,0x9507,0x9600,0x9700,0x25f0,0x01f0,0x01f0
	.short 0xf0ff,0xf001,0xf001,0xf001,0xf001,0xf001,0xf001,0xf001,0xff01,0x01f0,0x01f0,0x01f0
	.short 0x01f0,0x01f0,0x01f0,0x01f0,0x01a0,0x0000,0xb010,0x0004,0xa530,0xf000,0x1001,0x0101
	.short 0x0200,0x0000,0x0003,0x0004,0x0005,0x0006,0x0700,0x0800,0x0900,0x0a00,0x1800,0x000b
	.short 0xf00c,0xc029,0x0d01,0x0e00,0x0000,0x000f,0x0010,0x0011,0x0812,0x1300,0x1400,0x0100
	.short 0x0015,0x0016,0x1700,0x1800,0x1900,0x1a00,0x0030,0xf01b,0x8031,0x1c01,0x1d00,0x1000
	.short 0x001e,0xe01f,0x2017,0x2100,0x1800,0x0022,0xf023,0x8031,0x2401,0x2500,0x0000,0x0026
	.short 0x0027,0x0028,0x2029,0x2a00,0x1120,0x002b,0x002c,0x002d,0x2e00,0x2f00,0x3000,0x3100
	.short 0xf0c0,0xa031,0x3201,0x3300,0x3400,0x0000,0x0035,0x0036,0x0037,0x0038,0x3900,0x3a00
	.short 0x3b00,0x3c00,0x0700,0x003d,0x003e,0xf03f,0xf02d,0xf001,0xc001,0x01f0,0x0120,0x0040
	.short 0x0041,0x0042,0x4301,0x4400,0x4500,0x4600,0x1ff0,0xf0c0,0x8001,0x4701,0x4800,0x4900
	.short 0x0100,0x004a,0x004b,0x004c,0xf04d,0xff1f,0x01f0,0x01f0,0x01f0,0x01f0,0x01f0,0x01f0
	.short 0x01f0,0x01f0,0xf0f0,0xf001,0xf001,0x2001,0x4e01,0x4f00,0x0000,0x0050,0x0051,0x0052
	.short 0x0053,0x5400,0x5500,0x5600,0x5700,0x1000,0x0058,0x2059,0x5a1b,0x5b00,0x0000,0x005c
	.short 0x005d,0x005e,0x005f,0x6004,0x6100,0x6200,0x3bc0,0x0063,0x6400,0x6500,0x6600,0x6700
	.short 0x4000,0x0068,0x6901,0x6a00,0x6b00,0x0000,0x006c,0x006d,0x006e,0x006f,0x7004,0x7100
	.short 0x7200,0x2740,0x0073,0x7404,0x7500,0x7600,0x3ba0,0x0077,0x7840,0x4dc0,0x0079,0x007a
	.short 0x007b,0x7c00,0x7d00,0x7e00,0x7f00,0x0000,0x0080,0x0081,0x0082,0x0083,0x8401,0x8500
	.short 0x8600,0x8700,0x29a0,0x8800,0x8900,0x8a00,0x8b00,0x0000,0x008c,0x008d,0x008e,0x008f
	.short 0x9000,0x9100,0x9200,0x9300,0x4000,0x2094,0x951d,0x9600,0x9700,0x0100,0x0098,0x0099
	.short 0x009a,0xf09b,0x00f1,0x9c00,0x9d00,0x9e00,0x9f00,0x0000,0x00a0,0x00a1,0x00a2,0x07a3
	.short 0xa400,0x4600,0xf008,0xf025,0xf001,0xff01,0x01f0,0x01f0,0x01f0,0x01f0,0x01f0,0x01f0
	.short 0x01f0,0x01f0,0xf0f8,0xf001,0xf001,0xf001,0x5001,0x0001,0xb010,0x0004,0xa620,0xf000
	.short 0xa601,0x0100,0x0200,0x0000,0x0003,0x0004,0x0005,0x0006,0x0700,0x0800,0x0900,0x0a00
	.short 0x0000,0x000b,0x000c,0x000d,0x0c0e,0x0f00,0x1000,0x31f0,0x0160,0x0011,0x1200,0x1300
	.short 0x1400,0x1500,0x4000,0xa016,0x1717,0x1800,0x1900,0x1800,0x001a,0xf01b,0x7033,0x083b
	.short 0x001c,0x1d04,0x1e00,0x1f00,0x17c0,0x0020,0x2101,0x2200,0x2300,0x2400,0x33f0,0x8080
	.short 0x2501,0x2600,0x2700,0x2800,0x0000,0x0029,0x002a,0x002b,0x002c,0x2d00,0x2e00,0x2f00
	.short 0x3000,0x0000,0x0031,0x0032,0x0033,0xc034,0x31f0,0x01e0,0x0035,0x0036,0x0037,0x3800
	.short 0x3900,0x3a00,0x3b00,0x0600,0x003c,0x003d,0xf03e,0x0025,0x3f01,0x000e,0x0040,0xf041
	.short 0xf017,0xe001,0x4201,0x0000,0x0043,0x0044,0x0045,0x3846,0x4700,0x1df0,0x01f0,0x01a0
	.short 0x0048,0x0049,0x4a00,0x4b00,0x4c00,0x4d00,0xf0ff,0xf01d,0xf001,0xf001,0xf001,0xf001
	.short 0xf001,0xf001,0xf801,0x01f0,0x01f0,0x01f0,0x01f0,0x0140,0x004e,0x004f,0x5000,0x5100
	.short 0x5200,0x5300,0x0002,0x0054,0x0055,0xe256,0x570f,0x0000,0x0058,0x0059,0x005a,0x045b
	.short 0x5c00,0x4e00,0x9004,0x5d1b,0x0000,0x005e,0x005f,0x0060,0x0061,0x6200,0x6300,0x6400
	.short 0x6500,0x0400,0x0066,0x0067,0x4068,0x691d,0x0000,0x006a,0x006b,0x006c,0x006d,0x6e00
	.short 0x6f00,0x7000,0x7100,0x1400,0x0072,0x6073,0x743b,0x67c0,0x0075,0x7601,0x7700,0x7800
	.short 0x7900,0x0d20,0x7a01,0x7b00,0x7c00,0x7d00,0x0b20,0x1600,0x7e0c,0x7f00,0x8000,0x5000
	.short 0x6081,0x822b,0xa1c0,0x0083,0x0084,0x8504,0x8600,0x8700,0x1140,0x0088,0x8900,0x8a00
	.short 0x8b00,0x8c00,0x0100,0x008d,0x008e,0x008f,0x8090,0x002d,0x0091,0x0092,0x0093,0x0094
	.short 0x9500,0x9600,0x9700,0x9800,0x0100,0x0099,0x009a,0x009b,0xf19c,0x8019,0x01f0,0x9d00
	.short 0x9e00,0x9f00,0x0000,0x00a0,0x00a1,0x00a2,0x00a3,0xa41f,0xa500,0x23f0,0x01f0,0x01f0
	.short 0x01f0,0x01f0,0xf0ff,0xf001,0xf001,0xf001,0xf001,0xf001,0xf001,0x4001,0x0001,0x0000
	.short 0xb010,0x0004,0x8c3e,0xf000,0xf001,0xf001,0xf001,0x7001,0x0101,0x0000,0x0002,0x0003
	.short 0x0004,0x8305,0x0100,0x0006,0x0007,0xf008,0xf023,0x8001,0x0100,0x0009,0x000a,0x000b
	.short 0x000c,0x0d00,0x0e00,0x0f00,0x1000,0x0000,0x0011,0x0012,0x0013,0x0c14,0x1500,0x1600
	.short 0x2df0,0x01a0,0x0017,0x1801,0x1900,0x1a00,0x1b00,0x15a0,0x1c01,0x1d00,0x1e00,0x1f00
	.short 0x2ff0,0xa080,0x2001,0x2100,0x2200,0x2300,0x0002,0x0024,0x0025,0x2026,0x2711,0x0000
	.short 0x0028,0x0029,0x002a,0x302b,0x2c00,0x2ff0,0x01c0,0x002d,0x002e,0x2f00,0x3000,0x3100
	.short 0x3200,0x0000,0x0033,0x0034,0x0035,0x0036,0x3706,0x3800,0x3900,0x2bf0,0x0120,0x003a
	.short 0x3b00,0x3c00,0x3d00,0x3e00,0x0007,0x003f,0x0c2d,0x1ff0,0x01f0,0x0170,0x4000,0x4100
	.short 0x4200,0x4300,0x0700,0x0044,0x0045,0xf046,0xf01f,0x8001,0x0001,0x0047,0x0048,0x0049
	.short 0x004a,0x4b03,0x4c00,0x2d00,0xf004,0xf01f,0xf001,0x01f0,0x01f0,0x01f0,0x01b0,0x004d
	.short 0x004e,0x4f00,0x5000,0x5100,0x5200,0x0000,0x0053,0x0450,0x0054,0x0055,0x5600,0x5700
	.short 0x5800,0x5900,0x1800,0x005a,0xf05b,0x8031,0x5d01,0x5e00,0x0008,0x005f,0x4060,0x610d
	.short 0x6200,0x0000,0x0063,0x0064,0x0065,0x0066,0x6700,0x6800,0x6900,0x6a00,0xf0c0,0x6033
	.short 0x6c01,0x6d00,0x6e00,0x0000,0x006f,0x0070,0x0071,0x0072,0x7300,0x7400,0x7500,0x7600
	.short 0x0000,0x0077,0x0078,0x0079,0x007a,0x7b18,0x7c00,0x33f0,0xd181,0x007d,0x007e,0x7f00
	.short 0x8000,0x8100,0x8200,0x0000,0x0083,0x0084,0x0085,0x0086,0x8700,0x8800,0x8900,0x8a00
	.short 0x003f,0xf08b,0xf031,0xf001,0xf001,0xf001,0xf001,0xff01,0x01f0,0x01f0,0x01f0,0x01f0
	.short 0x01f0,0x01f0,0x01f0,0x01f0,0xf0ff,0xf001,0xf001,0xf001,0xf001,0xf001,0xf001,0x2001
	.short 0x0001,0x0000,0xb010,0x0004,0x9830,0xf000,0x9001,0x0101,0x0200,0x3800,0x0401,0x17f0
	.short 0x01f0,0x0150,0x0003,0x0004,0x0500,0x0600,0x0700,0x0800,0x0000,0x0009,0x000a,0x000b
	.short 0x030c,0x0d00,0x0e00,0x0f00,0x2bf0,0x01c0,0x1000,0x1100,0x1200,0x1300,0x4000,0x6014
	.short 0x1511,0x1600,0x1700,0x0600,0x0018,0x0019,0xf01a,0xa02f,0x1b01,0x0002,0x001c,0x001d
	.short 0xc01e,0x1f15,0x0003,0x0020,0x0021,0xf022,0xa02f,0x0001,0x0023,0x0024,0x0025,0x0026
	.short 0x2700,0x2800,0x2900,0x2a00,0x0000,0x002b,0x002c,0x002d,0x002e,0x2f06,0x3000,0x3100
	.short 0x2ff0,0x01f0,0x0000,0x0032,0x0033,0x0034,0x0035,0x3600,0x3700,0x3800,0x3900,0x6000
	.short 0xf03a,0x2023,0x3b01,0x3c00,0x3d00,0x0000,0x003e,0x003f,0x0040,0xe041,0x1ff0,0x01f0
	.short 0x0180,0x0042,0x0043,0x0044,0x4500,0x4600,0x4700,0x4800,0xf0e1,0xf01f,0xb001,0x0879
	.short 0x0049,0x004a,0x7e01,0xf04b,0xf01b,0xf001,0xf001,0xf001,0xf001,0x0001,0x4c00,0x4d00
	.short 0x4e00,0x4f00,0x0100,0x044f,0x0050,0x0051,0x6052,0x0117,0x0053,0x0054,0x0055,0xf056
	.short 0x8031,0x0180,0x005a,0x005b,0x005c,0x005d,0x5e00,0x5f00,0x6000,0x6100,0x0000,0x0062
	.short 0x0063,0x0064,0x0065,0x6600,0x6700,0x6800,0x6900,0x0003,0x006a,0x006b,0xf06c,0x2037
	.short 0x4001,0xa070,0x710d,0x7200,0x7300,0x1000,0x0074,0x623b,0x75c7,0x7600,0x6000,0xf077
	.short 0x2037,0x7b01,0x7c00,0x7d00,0x0000,0x007e,0x007f,0x0080,0x0081,0x8200,0x8300,0x8400
	.short 0x8500,0x0000,0x0086,0x0087,0x0088,0x0089,0x8a00,0x8b00,0x8c00,0x8d00,0xf0c0,0x2037
	.short 0x8f01,0x9000,0x9100,0x0000,0x0092,0x0093,0x0094,0x0095,0x961f,0x9700,0x23f0,0x01f0
	.short 0x01f0,0x01f0,0x01f0,0xf0ff,0xf001,0xf001,0xf001,0xf001,0xf001,0xf001,0xf001,0xfc01
	.short 0x01f0,0x01f0,0x01f0,0x01f0,0x01f0,0x01a0,0xb010,0x0004,0xa530,0xf000,0x1001,0x0101
	.short 0x0200,0x0000,0x0003,0x0004,0x0005,0x0006,0x0700,0x0800,0x0900,0x0a00,0x1800,0x000b
	.short 0xf00c,0xc029,0x0d01,0x0e00,0x0000,0x000f,0x0010,0x0011,0x0812,0x1300,0x1400,0x0100
	.short 0x0015,0x0016,0x1700,0x1800,0x1900,0x1a00,0x0030,0xf01b,0x8031,0x1c01,0x1d00,0x1000
	.short 0x001e,0xe01f,0x2017,0x2100,0x1800,0x0022,0xf023,0x8031,0x2401,0x2500,0x0000,0x0026
	.short 0x0027,0x0028,0x2029,0x2a00,0x1120,0x002b,0x002c,0x002d,0x2e00,0x2f00,0x3000,0x3100
	.short 0xf0c0,0xa031,0x3201,0x3300,0x3400,0x0000,0x0035,0x0036,0x0037,0x0038,0x3900,0x3a00
	.short 0x3b00,0x3c00,0x0700,0x003d,0x003e,0xf03f,0xf02d,0xf001,0xc001,0x01f0,0x0120,0x0040
	.short 0x0041,0x0042,0x4301,0x4400,0x4500,0x4600,0x1ff0,0xf0c0,0x8001,0x4701,0x4800,0x4900
	.short 0x0100,0x004a,0x004b,0x004c,0xf04d,0xff1f,0x01f0,0x01f0,0x01f0,0x01f0,0x01f0,0x01f0
	.short 0x01f0,0x01f0,0xf0f0,0xf001,0xf001,0x8001,0x5101,0x5200,0x0000,0x0053,0x0054,0x0055
	.short 0x0056,0x5704,0x5800,0x5900,0x1520,0x005a,0x5b00,0x5c00,0x5d00,0x5e00,0x0100,0x005f
	.short 0x0060,0x0061,0xf062,0x8239,0x0100,0x0066,0x0067,0x0068,0x6901,0x0000,0x006a,0x006b
	.short 0x006c,0x006d,0x6e00,0x6f00,0x7000,0x7100,0x0020,0x4072,0x7321,0x7400,0x7500,0x0030
	.short 0xf076,0xa03b,0x7901,0x7a00,0x0000,0x007b,0x007c,0x007d,0x007e,0x7f00,0x8000,0x8100
	.short 0x8200,0x0000,0x0083,0x0084,0x0085,0x0086,0x8740,0x2ff0,0x8b00,0x8c00,0x8d00,0x0000
	.short 0x008e,0x008f,0x0090,0x0291,0x9200,0x9300,0x9400,0x1720,0x0095,0x9600,0x9700,0x9800
	.short 0x9900,0x000c,0x009a,0xf09b,0x2037,0x9e01,0x0000,0x009f,0x00a0,0x00a1,0x00a2,0xa303
	.short 0xa400,0x4600,0xf008,0xf021,0xff01,0x01f0,0x01f0,0x01f0,0x01f0,0x01f0,0x01f0,0x01f0
	.short 0x01f0,0xf0fc,0xf001,0xf001,0xf001,0xf001,0x5001,0x0001,0xb010,0x0004,0xa620,0xf000
	.short 0xa601,0x0100,0x0200,0x0000,0x0003,0x0004,0x0005,0x0006,0x0700,0x0800,0x0900,0x0a00
	.short 0x0000,0x000b,0x000c,0x000d,0x0c0e,0x0f00,0x1000,0x31f0,0x0160,0x0011,0x1200,0x1300
	.short 0x1400,0x1500,0x4000,0xa016,0x1717,0x1800,0x1900,0x1800,0x001a,0xf01b,0x7033,0x083b
	.short 0x001c,0x1d04,0x1e00,0x1f00,0x17c0,0x0020,0x2101,0x2200,0x2300,0x2400,0x33f0,0x8080
	.short 0x2501,0x2600,0x2700,0x2800,0x0000,0x0029,0x002a,0x002b,0x002c,0x2d00,0x2e00,0x2f00
	.short 0x3000,0x0000,0x0031,0x0032,0x0033,0xc034,0x31f0,0x01e0,0x0035,0x0036,0x0037,0x3800
	.short 0x3900,0x3a00,0x3b00,0x0600,0x003c,0x003d,0xf03e,0x0025,0x3f01,0x000e,0x0040,0xf041
	.short 0xf017,0xe001,0x4201,0x0000,0x0043,0x0044,0x0045,0x3846,0x4700,0x1df0,0x01f0,0x01a0
	.short 0x0048,0x0049,0x4a00,0x4b00,0x4c00,0x4d00,0xf0ff,0xf01d,0xf001,0xf001,0xf001,0xf001
	.short 0xf001,0xf001,0xf801,0x01f0,0x01f0,0x01f0,0x01f0,0x01a0,0x0051,0x0052,0x5300,0x5400
	.short 0x5500,0x5600,0xe280,0x570f,0x5800,0x5900,0x5a00,0x0001,0x005b,0x005c,0x044e,0x3bf0
	.short 0x6000,0x6100,0x6200,0x6300,0x0000,0x0064,0x0065,0x0066,0x0067,0x6840,0x1740,0x0069
	.short 0x006a,0x006b,0x6c00,0x6d00,0x6e00,0x6f00,0x0100,0x0070,0x0071,0x0072,0xf073,0x807b
	.short 0x0140,0x0075,0x0076,0x0077,0x2078,0x7900,0x0d20,0x007a,0x007b,0x207c,0x7d00,0x0b20
	.short 0x0c16,0x007e,0x0c7f,0x8000,0x8100,0x35f0,0xa140,0x0083,0x8401,0x8500,0x8600,0x8700
	.short 0x1140,0x8800,0x8900,0x8a00,0x8b00,0x0000,0x008c,0x008d,0x008e,0x008f,0x9040,0x33e0
	.short 0x0094,0x0095,0x0096,0x9700,0x9800,0x9900,0x9a00,0x1c00,0x009b,0xf09c,0xf057,0x4001
	.short 0xa001,0x0000,0x00a1,0x00a2,0x00a3,0x00a4,0xa57f,0x1df0,0x01f0,0x01f0,0x01f0,0x01f0
	.short 0x01f0,0x01f0,0xf0fc,0xf001,0xf001,0xf001,0xf001,0x4001,0x0001,0x0000,0x0010,0x0020
	.short 0x003f,0xf000,0xf001,0xf001,0xf001,0xf001,0xf001,0x8301,0x0160,0x0055,0x5000,0x0055
	.short 0x0002,0xc007,0x18c0,0x1100,0x5545,0x5555,0x4455,0x4403,0x5555,0x4445,0xa044,0x001c
	.short 0x1432,0x5500,0x0045,0x4506,0x2700,0x5444,0x443e,0xa044,0x101f,0x301c,0x0053,0x0020
	.short 0x4541,0x4461,0x0200,0x5ba0,0x0005,0x5400,0x2500,0x546f,0x0800,0x5d00,0x1055,0xf003
	.short 0xb09a,0xf02f,0xff01,0x01f0,0x01f0,0x01f0,0x01f0,0x01f0,0x01b0,0xec10,0x2321,0x1200
	.short 0x4440,0x1134,0x4450,0x0023,0x5011,0x1245,0x5511,0x1145,0x1114,0x3555,0x0300,0x0025
	.short 0x1503,0x0011,0x2111,0x0555,0x1105,0x0554,0x0004,0x4211,0x5005,0x0c00,0x1150,0x1102
	.short 0x5554,0x1111,0x0053,0x4203,0x00b3,0x3103,0xdff0,0x01c0,0x1111,0x01f0,0x01f0,0xf0ff
	.short 0xf001,0xf001,0xf001,0xf001,0xf001,0x7191,0x3100,0xf3d3,0x01f0,0x01f0,0x01f0,0x3b20
	.short 0x5550,0x3fb2,0xd781,0x42fb,0x407c,0x115f,0x00e8,0x3103,0x0572,0x4602,0x8122,0x12fe
	.short 0xf084,0x003d,0x5229,0x003f,0xf004,0x125c,0x0485,0x12cf,0x029f,0x44aa,0xf003,0xf03d
	.short 0xf001,0xf001,0xdafc,0x01f0,0x27a2,0x2345,0xb018,0x2503,0x0300,0x0215,0x4444,0x1111
	.short 0x1444,0x0300,0x1b12,0x1111,0x0124,0x006f,0x110a,0x0a00,0x7ff1,0xf0fb,0xf001,0xf001
	.short 0x00ec,0x6067,0x4001,0x0340,0x3301,0x4002,0x4044,0x4444,0x0034,0x1202,0x5029,0x3305
	.short 0x55b5,0x5421,0x1245,0xb712,0x02e1,0x60c6,0x0183,0x4444,0x3445,0xa012,0xb693,0x0190
	.short 0xf023,0xd012,0x3201,0x12f0,0x0170,0x0244,0x5554,0x1155,0x4321,0x0b03,0x7811,0xf021
	.short 0x001d,0x127f,0x000b,0x4304,0x5554,0x4514,0x4321,0x2d11,0x0032,0x2103,0xd743,0x2f50
	.short 0xd920,0x0004,0x54d4,0x0310,0xf711,0x0330,0x008f,0x002f,0x5321,0x21f4,0x01f0,0x01f0
	.short 0xbff1,0x10ff,0x4503,0x2413,0x14e0,0x12b7,0x04bb,0x01c7,0x0318,0x4ff2,0x0011,0x1194
	.short 0x0034,0x5103,0x50c3,0x1403,0xad01,0x0400,0x0054,0x5303,0x0300,0xb710,0x0042,0x5f03
	.short 0x4041,0x3103,0xa010,0x5c40,0xff34,0x0365,0xcf00,0x00ff,0xf103,0xf011,0xf001,0xf001
	.short 0xf001,0xf001,0xf001,0xfb01,0x7ff2,0x01f0,0x16c3,0x7403,0x1e01,0x0344,0x00da,0x3f03
	.short 0x1245,0x6813,0x0700,0x0f20,0x0600,0x5f22,0xeb12,0x52ff,0x014f,0x00fe,0xf219,0x505f
	.short 0x0001,0xf02e,0xb001,0x6001,0xf052,0x7012,0x4501,0x3444,0x1133,0x211f,0x3333,0x5ff2
	.short 0x7f40,0x4d04,0x2b14,0x2f02,0x553f,0x0021,0x0008,0x004e,0x2103,0x20b3,0x812f,0xf19b
	.short 0x5614,0x7d14,0x9814,0x3100,0x5505,0xf621,0xe89f,0xad94,0x3720,0xf500,0x0012,0x1183
	.short 0x3345,0x230f,0x5511,0x0633,0x001f,0x2089,0x0303,0xf838,0x0310,0x01f0,0x7ff1,0x01f0
	.short 0x8264,0x0050,0x8304,0x8300,0x5004,0x5055,0x0054,0x3703,0x5b34,0x0725,0x147a,0x7320
	.short 0x5701,0x0655,0x2697,0xd68b,0x5f44,0x01f0,0x0044,0x41eb,0xa352,0x4b11,0xfd51,0x2b91
	.short 0x9752,0x9335,0x0310,0x3001,0x0100,0x0052,0x7911,0xf051,0xf6ff,0xf0bf,0xc070,0x2101
	.short 0x4304,0xff3e,0x0350,0x8710,0x8310,0x0320,0x5391,0x0b34,0x5841,0xd943,0x112d,0x1132
	.short 0x32b3,0xbf10,0x5f13,0xd031,0xf55d,0xb601,0x3320,0x0320,0x3300,0x0052,0x4103,0xb700
	.short 0x12ff,0x0178,0xf0e6,0x76bf,0x4526,0x53df,0x15ff,0x10c3,0xe703,0x3f15,0x0320,0x0f10
	.short 0x1355,0xafc5,0x01f0,0x9320,0xf2db,0x407b,0x4301,0x8f00,0x0350,0x5344,0x80ff,0xff03
	.short 0x31f0,0x01f0,0x01f0,0x01f0,0x01f0,0x01f0,0x01f0,0x7f22,0x5059,0x5902,0x0655,0x4027
	.short 0x5003,0x0324,0x04cf,0x5414,0x4445,0x1311,0x55b7,0x7f55,0x6224,0xf35f,0x62ab,0x32bf
	.short 0x61ab,0x6156,0xf753,0x80bf,0x01f0,0x0077,0x8800,0x0077,0x8270,0x0310,0x8787,0x7000
	.short 0x1077,0x7703,0x0000,0x7880,0x0077,0x8990,0x6477,0x0099,0x5020,0x9803,0x1089,0x8803
	.short 0x0409,0x8898,0x0998,0x2087,0x9903,0xbb09,0x4370,0x8080,0x0047,0x103f,0x0003,0x4b00
	.short 0x2040,0x10b0,0x9808,0x0310,0x3100,0x8888,0x0000,0x7807,0x0888,0x7800,0x3e00,0x0e04
	.short 0x1344,0x117e,0x0310,0xb315,0x9fb6,0x135b,0x7b16,0xc001,0x8442,0x0300,0x4441,0x0004
	.short 0xd806,0x1100,0x217f,0x6402,0x1701,0x3c50,0x0310,0x2311,0x160a,0x1f86,0xf0f9,0xd101
	.short 0x817f,0x902f,0x1803,0x143f,0x0645,0xfe74,0x3ff8,0x47f0,0x01f0,0x01f0,0x01f0,0xb802
	.short 0x2713,0x0333,0x4454,0x3211,0x4443,0x4705,0x9f03,0x00f7,0x0107,0x06f9,0x00c6,0x4103
	.short 0x7907,0x8b33,0xab12,0x74ff,0xf323,0xf0ff,0x6001,0xa401,0xf16f,0x705f,0x0753,0xffe2
	.short 0x6720,0x1717,0x6201,0x8423,0x31f0,0xdff4,0xa700,0x5714,0x57f7,0xa37b,0x108f,0x13b3
	.short 0x4477,0x5000,0x4d1a,0x4718,0x0697,0x050b,0x0042,0x3103,0x7818,0x8ff2,0x01f0,0xf0ff
	.short 0xf001,0xf001,0xf001,0xf001,0xf001,0xf001,0xf001,0xff01,0x01f0,0x01f0,0x01f0,0x01f0
	.short 0x01f0,0x01f0,0x01f0,0x01c0,0x19ff,0x902b,0x1303,0x25f3,0x5547,0x514f,0x54de,0x1023
	.short 0x9503,0x0170,0x8980,0xb313,0x7378,0x70af,0xaa13,0x8044,0x1c64,0xa998,0x109a,0x8703
	.short 0x0098,0x9a99,0xa988,0x9999,0xaa88,0x9a00,0x9899,0xaaaa,0xa89a,0x0daa,0x0aaa,0xaaa0
	.short 0x2120,0x2f00,0x0089,0x5503,0x10a0,0x9737,0x0300,0x4090,0xa003,0x1d10,0x887d,0x3804
	.short 0x2514,0x3f14,0x2e10,0x0350,0x600a,0xa17f,0x7220,0x0008,0x0946,0x8780,0x0098,0x1003
	.short 0x0888,0x0470,0x8068,0x09aa,0x7f00,0x60a0,0xf024,0x5001,0xf301,0xf08f,0xf001,0xf701
	.short 0xffff,0x01f0,0x01f0,0x01f0,0x01f0,0x01f0,0x01f0,0x01f0,0x01f0,0xf0ff,0xf001,0xf001
	.short 0xf001,0xf001,0xf001,0xf001,0xf001,0xff01,0x01f0,0x01f0,0x01f0,0x01f0,0x01f0,0x01f0
	.short 0x01f0,0x01f0,0xf0ff,0xf001,0xf001,0xf001,0xf001,0xf001,0xf001,0xf001,0xff01,0x01f0
	.short 0x01f0,0x01f0,0x01f0,0x01f0,0x01f0,0x01f0,0x01f0,0xf0ff,0xf001,0xf001,0xf001,0xf001
	.short 0xf001,0xf001,0xf001,0xff01,0x01f0,0x01f0,0x01f0,0x01f0,0x01f0,0x01f0,0x01f0,0x01f0
	.short 0xf0ff,0xf001,0xf001,0xf001,0xf001,0xf001,0xf001,0xf001,0xff01,0x01f0,0x01f0,0x01f0
	.short 0x01f0,0x01f0,0x01f0,0x01f0,0x01f0,0xf0ff,0xf001,0xf001,0xf001,0xf001,0xf001,0xf001
	.short 0xf001,0xff01,0x01f0,0x01f0,0x01f0,0x01f0,0x01f0,0x01f0,0x01f0,0x01f0,0xf0ff,0xf001
	.short 0xf001,0xf001,0xf001,0xf001,0xf001,0xf001,0xff01,0x01f0,0x01f0,0x01f0,0x01f0,0x01f0
	.short 0x01f0,0x01f0,0x01f0,0xf0ff,0xf001,0xf001,0xf001,0xf001,0xf001,0xf001,0xf001,0xff01
	.short 0x01f0,0x01f0,0x01f0,0x01f0,0x01f0,0x01f0,0x01f0,0x01f0,0xf0ff,0xf001,0xf001,0xf001
	.short 0xf001,0xf001,0xf001,0xf001,0xff01,0x01f0,0x01f0,0x01f0,0x01f0,0x01f0,0x01f0,0x01f0
	.short 0x01f0,0xf0ff,0xf001,0xf001,0xf001,0xf001,0xf001,0xf001,0xf001,0xff01,0x01f0,0x01f0
	.short 0x01f0,0x01f0,0x01f0,0x01f0,0x01f0,0x01f0,0xf0ff,0xf001,0xf001,0xf001,0xf001,0xf001
	.short 0xf001,0xf001,0xff01,0x01f0,0x01f0,0x01f0,0x01f0,0x01f0,0x01f0,0x01f0,0x01f0,0xf0ff
	.short 0xf001,0xf001,0xf001,0xf001,0xf001,0xf001,0xf001,0xff01,0x01f0,0x01f0,0x01f0,0x01f0
	.short 0x01f0,0x01f0,0x01f0,0x01f0,0xf0ff,0xf001,0xf001,0xf001,0xf001,0xf001,0xf001,0xf001
	.short 0xff01,0x01f0,0x01f0,0x01f0,0x01f0,0x01f0,0x01f0,0x01f0,0x01f0,0xf0ff,0xf001,0xf001
	.short 0xf001,0xf001,0xf001,0xf001,0xf001,0xff01,0x01f0,0x01f0,0x01f0,0x01f0,0x01f0,0x01f0
	.short 0x01f0,0x01f0,0xf0ff,0xf001,0xf001,0xf001,0xf001,0xf001,0xf001,0xf001,0xe001,0x01f0
	.short 0x01f0,0x01f0,0x0000,0x0000,0x5355,0x1c27,0x306f,0x4575,0x55bb,0x5e3f,0x76df,0x533f
	.short 0x3a9b,0x21d7,0x0933,0x5355,0x5355,0x5355,0x5355,0x5355,0x8000,0x8000,0x0000,0xffd0
	.short 0xffc8,0x0000,0x8000,0x4000,0x0002,0xffe0,0xffc8,0x0000,0x4000,0x8000,0x0003,0xffe8
	.short 0xffc8,0x0000,0x0000,0x4000,0x0007,0x0008,0xffc8,0x0000,0x8000,0x0000,0x0009,0x0018
	.short 0xffc8,0x0000,0x0000,0x4000,0x0049,0x0018,0xffd8,0x0000,0x8000,0x0000,0x004b,0x0028
	.short 0xffd8,0x0000,0x4000,0x8000,0x0010,0xffe8,0xffd8,0x0000,0x0000,0x4000,0x0012,0x0008
	.short 0xffd8,0x0000,0x0000,0x4000,0x000c,0xffc8,0xffe8,0x0000,0x4000,0x0000,0x004c,0xffc8
	.short 0xfff8,0x0000,0x0000,0x4000,0x000e,0x0028,0xffe8,0x0000,0x4000,0x0000,0x004e,0x0028
	.short 0xfff8,0x0000,0x4000,0x8000,0x0010,0xffd8,0xffe8,0x0000,0x4000,0x4000,0x0050,0xffd8
	.short 0xfff8,0x0000,0x4000,0x8000,0x0010,0xfff8,0xffe8,0x0000,0x4000,0x4000,0x0050,0xfff8
	.short 0xfff8,0x0000,0x0000,0x4000,0x0010,0x0018,0xffe8,0x0000,0x4000,0x0000,0x0050,0x0018
	.short 0xfff8,0x0000,0x8000,0xa000,0x0000,0xffd0,0x0018,0x0000,0x8000,0x6000,0x0002,0xffe0
	.short 0x0018,0x0000,0x4000,0xa000,0x0003,0xffe8,0x0028,0x0000,0x0000,0x6000,0x0007,0x0008
	.short 0x0028,0x0000,0x8000,0x2000,0x0009,0x0018,0x0028,0x0000,0x0000,0x6000,0x0049,0x0018
	.short 0x0018,0x0000,0x8000,0x2000,0x004b,0x0028,0x0018,0x0000,0x4000,0xa000,0x0010,0xffe8
	.short 0x0018,0x0000,0x0000,0x6000,0x0012,0x0008,0x0018,0x0000,0x0000,0x6000,0x000c,0xffc8
	.short 0x0008,0x0000,0x4000,0x2000,0x004c,0xffc8,0x0000,0x0000,0x0000,0x6000,0x000e,0x0028
	.short 0x0008,0x0000,0x4000,0x2000,0x004e,0x0028,0x0000,0x0000,0x4000,0xa000,0x0010,0xffd8
	.short 0x0008,0x0000,0x4000,0x6000,0x0050,0xffd8,0x0000,0x0000,0x4000,0xa000,0x0010,0xfff8
	.short 0x0008,0x0000,0x4000,0x6000,0x0050,0xfff8,0x0000,0x0000,0x0000,0x6000,0x0010,0x0018
	.short 0x0008,0x0000,0x4000,0x2000,0x0050,0x0018,0x0000,0x0000,0x0001,0x0000,0x0000,0x0000
	.short 0x0000,0x0000,0x8000,0x9000,0x0000,0x0020,0xffc8,0x0000,0x8000,0x5000,0x0002,0x0018
	.short 0xffc8,0x0000,0x4000,0x9000,0x0003,0xfff8,0xffc8,0x0000,0x0000,0x5000,0x0007,0xffe8
	.short 0xffc8,0x0000,0x8000,0x1000,0x0009,0xffe0,0xffc8,0x0000,0x0000,0x5000,0x0049,0xffd8
	.short 0xffd8,0x0000,0x8000,0x1000,0x004b,0xffd0,0xffd8,0x0000,0x4000,0x9000,0x0010,0xfff8
	.short 0xffd8,0x0000,0x0000,0x5000,0x0012,0xffe8,0xffd8,0x0000,0x0000,0x5000,0x000c,0x0028
	.short 0xffe8,0x0000,0x4000,0x1000,0x004c,0x0028,0xfff8,0x0000,0x0000,0x5000,0x000e,0xffc8
	.short 0xffe8,0x0000,0x4000,0x1000,0x004e,0xffc8,0xfff8,0x0000,0x4000,0x9000,0x0010,0x0008
	.short 0xffe8,0x0000,0x4000,0x5000,0x0050,0x0008,0xfff8,0x0000,0x4000,0x9000,0x0010,0xffe8
	.short 0xffe8,0x0000,0x4000,0x5000,0x0050,0xffe8,0xfff8,0x0000,0x0000,0x5000,0x0010,0xffd8
	.short 0xffe8,0x0000,0x4000,0x1000,0x0050,0xffd8,0xfff8,0x0000,0x8000,0xb000,0x0000,0x0020
	.short 0x0018,0x0000,0x8000,0x7000,0x0002,0x0018,0x0018,0x0000,0x4000,0xb000,0x0003,0xfff8
	.short 0x0028,0x0000,0x0000,0x7000,0x0007,0xffe8,0x0028,0x0000,0x8000,0x3000,0x0009,0xffe0
	.short 0x0028,0x0000,0x0000,0x7000,0x0049,0xffd8,0x0018,0x0000,0x8000,0x3000,0x004b,0xffd0
	.short 0x0018,0x0000,0x4000,0xb000,0x0010,0xfff8,0x0018,0x0000,0x0000,0x7000,0x0012,0xffe8
	.short 0x0018,0x0000,0x0000,0x7000,0x000c,0x0028,0x0008,0x0000,0x4000,0x3000,0x004c,0x0028
	.short 0x0000,0x0000,0x0000,0x7000,0x000e,0xffc8,0x0008,0x0000,0x4000,0x3000,0x004e,0xffc8
	.short 0x0000,0x0000,0x4000,0xb000,0x0010,0x0008,0x0008,0x0000,0x4000,0x7000,0x0050,0x0008
	.short 0x0000,0x0000,0x4000,0xb000,0x0010,0xffe8,0x0008,0x0000,0x4000,0x7000,0x0050,0xffe8
	.short 0x0000,0x0000,0x0000,0x7000,0x0010,0xffd8,0x0008,0x0000,0x4000,0x3000,0x0050,0xffd8
	.short 0x0000,0x0000,0x0001,0x0000,0x0000,0x0000,0x0000,0x0000,0x4000,0x8000,0x0015,0xffe0
	.short 0xffc8,0x0000,0x4000,0x8000,0x0019,0x0000,0xffc8,0x0000,0x4000,0x0000,0x005c,0x0018
	.short 0xffd8,0x0000,0x0000,0x0000,0x003d,0x0020,0xffd0,0x0000,0x4000,0x0000,0x0054,0xffd8
	.short 0xffd8,0x0000,0x0000,0x0000,0x0014,0xffd0,0xffd8,0x0000,0x8000,0x8000,0x001e,0xffd0
	.short 0xffe0,0x0000,0x0000,0x4000,0x0043,0x0020,0xffe0,0x0000,0x8000,0x0000,0x0045,0x0030
	.short 0xffe0,0x0000,0x0000,0x4000,0x0046,0x0020,0xfff0,0x0000,0x8000,0x0000,0x0048,0x0030
	.short 0xfff0,0x0000,0x4000,0x8000,0x0010,0xffe0,0xffe0,0x0000,0x4000,0x8000,0x0010,0xffe0
	.short 0xfff0,0x0000,0x4000,0x8000,0x0010,0x0000,0xffe0,0x0000,0x4000,0x8000,0x0010,0x0000
	.short 0xfff0,0x0000,0x8000,0x0000,0x0056,0xffc8,0xfff0,0x0000,0x0000,0x0000,0x0077,0xffc8
	.short 0xffe8,0x0000,0x4000,0x4000,0x0010,0xffe8,0xffd8,0x0000,0x4000,0x0000,0x0010,0x0008
	.short 0xffd8,0x0000,0x4000,0xa000,0x0015,0xffe0,0x0028,0x0000,0x4000,0xa000,0x0019,0x0000
	.short 0x0028,0x0000,0x4000,0x2000,0x005c,0x0018,0x0020,0x0000,0x0000,0x2000,0x003d,0x0020
	.short 0x0028,0x0000,0x4000,0x2000,0x0054,0xffd8,0x0020,0x0000,0x0000,0x2000,0x0014,0xffd0
	.short 0x0020,0x0000,0x8000,0xa000,0x001e,0xffd0,0x0000,0x0000,0x0000,0x6000,0x0043,0x0020
	.short 0x0010,0x0000,0x8000,0x2000,0x0045,0x0030,0x0010,0x0000,0x0000,0x6000,0x0046,0x0020
	.short 0x0000,0x0000,0x8000,0x2000,0x0048,0x0030,0x0000,0x0000,0x4000,0xa000,0x0010,0xffe0
	.short 0x0010,0x0000,0x4000,0xa000,0x0010,0xffe0,0x0000,0x0000,0x4000,0xa000,0x0010,0x0000
	.short 0x0010,0x0000,0x4000,0xa000,0x0010,0x0000,0x0000,0x0000,0x8000,0x2000,0x0056,0xffc8
	.short 0x0000,0x0000,0x0000,0x2000,0x0077,0xffc8,0x0010,0x0000,0x4000,0x6000,0x0010,0xffe8
	.short 0x0020,0x0000,0x4000,0x2000,0x0010,0x0008,0x0020,0x0000,0x0001,0x0000,0x0000,0x0000
	.short 0x0000,0x0000,0x0000,0x4000,0x0058,0xfff8,0xfff8,0x0000,0x0001,0x0000,0x0000,0x0000
	.short 0x0000,0x0000,0x0000,0x4000,0x005a,0xfff8,0xfff8,0x0000,0x0001,0x0000,0x0000,0x0000
	.short 0x0000,0x0000,0x0000,0x0000,0x007c,0xfff8,0xfff8,0x0000,0x0001,0x0000,0x0000,0x0000
	.short 0x0000,0x0000
	.4byte data_08706F14 + 0x10000020
	.4byte data_08706F14 + 0x100001F4
	.4byte data_08706F14 + 0x100003C8
	.short 0x0000,0x8200,0x74b1,0x0870,0x0000,0x8200,0x74c9,0x0870,0x0000,0x8200,0x74e1,0x0870
	.short 0x0000,0x8200,0x8000,0x9000,0x0000,0x0020,0xffc8,0x0000,0x8000,0x5000,0x0002,0x0018
	.short 0xffc8,0x0000,0x4000,0x9000,0x0003,0xfff8,0xffc8,0x0000,0x0000,0x5000,0x0007,0xffe8
	.short 0xffc8,0x0000,0x8000,0x1000,0x0009,0xffe0,0xffc8,0x0000,0x0000,0x5000,0x0049,0xffd8
	.short 0xffd8,0x0000,0x8000,0x1000,0x004b,0xffd0,0xffd8,0x0000,0x4000,0x9000,0x0010,0xfff8
	.short 0xffd8,0x0000,0x0000,0x5000,0x0012,0xffe8,0xffd8,0x0000,0x0000,0x5000,0x000c,0x0028
	.short 0xffe8,0x0000,0x4000,0x1000,0x004c,0x0028,0xfff8,0x0000,0x0000,0x5000,0x000e,0xffc8
	.short 0xffe8,0x0000,0x4000,0x1000,0x004e,0xffc8,0xfff8,0x0000,0x4000,0x9000,0x0010,0x0008
	.short 0xffe8,0x0000,0x4000,0x5000,0x0050,0x0008,0xfff8,0x0000,0x4000,0x9000,0x0010,0xffe8
	.short 0xffe8,0x0000,0x4000,0x5000,0x0050,0xffe8,0xfff8,0x0000,0x0000,0x5000,0x0010,0xffd8
	.short 0xffe8,0x0000,0x4000,0x1000,0x0050,0xffd8,0xfff8,0x0000,0x8000,0xb000,0x0000,0x0020
	.short 0x0018,0x0000,0x8000,0x7000,0x0002,0x0018,0x0018,0x0000,0x4000,0xb000,0x0003,0xfff8
	.short 0x0028,0x0000,0x0000,0x7000,0x0007,0xffe8,0x0028,0x0000,0x8000,0x3000,0x0009,0xffe0
	.short 0x0028,0x0000,0x0000,0x7000,0x0049,0xffd8,0x0018,0x0000,0x8000,0x3000,0x004b,0xffd0
	.short 0x0018,0x0000,0x4000,0xb000,0x0010,0xfff8,0x0018,0x0000,0x0000,0x7000,0x0012,0xffe8
	.short 0x0018,0x0000,0x0000,0x7000,0x000c,0x0028,0x0008,0x0000,0x4000,0x3000,0x004c,0x0028
	.short 0x0000,0x0000,0x0000,0x7000,0x000e,0xffc8,0x0008,0x0000,0x4000,0x3000,0x004e,0xffc8
	.short 0x0000,0x0000,0x4000,0xb000,0x0010,0x0008,0x0008,0x0000,0x4000,0x7000,0x0050,0x0008
	.short 0x0000,0x0000,0x4000,0xb000,0x0010,0xffe8,0x0008,0x0000,0x4000,0x7000,0x0050,0xffe8
	.short 0x0000,0x0000,0x0000,0x7000,0x0010,0xffd8,0x0008,0x0000,0x4000,0x3000,0x0050,0xffd8
	.short 0x0000,0x0000,0x0001,0x0000,0x0000,0x0000,0x0000,0x0000,0x8000,0x8000,0x0000,0xffd0
	.short 0xffc8,0x0000,0x8000,0x4000,0x0002,0xffe0,0xffc8,0x0000,0x4000,0x8000,0x0003,0xffe8
	.short 0xffc8,0x0000,0x0000,0x4000,0x0007,0x0008,0xffc8,0x0000,0x8000,0x0000,0x0009,0x0018
	.short 0xffc8,0x0000,0x0000,0x4000,0x0049,0x0018,0xffd8,0x0000,0x8000,0x0000,0x004b,0x0028
	.short 0xffd8,0x0000,0x4000,0x8000,0x0010,0xffe8,0xffd8,0x0000,0x0000,0x4000,0x0012,0x0008
	.short 0xffd8,0x0000,0x0000,0x4000,0x000c,0xffc8,0xffe8,0x0000,0x4000,0x0000,0x004c,0xffc8
	.short 0xfff8,0x0000,0x0000,0x4000,0x000e,0x0028,0xffe8,0x0000,0x4000,0x0000,0x004e,0x0028
	.short 0xfff8,0x0000,0x4000,0x8000,0x0010,0xffd8,0xffe8,0x0000,0x4000,0x4000,0x0050,0xffd8
	.short 0xfff8,0x0000,0x4000,0x8000,0x0010,0xfff8,0xffe8,0x0000,0x4000,0x4000,0x0050,0xfff8
	.short 0xfff8,0x0000,0x0000,0x4000,0x0010,0x0018,0xffe8,0x0000,0x4000,0x0000,0x0050,0x0018
	.short 0xfff8,0x0000,0x8000,0xa000,0x0000,0xffd0,0x0018,0x0000,0x8000,0x6000,0x0002,0xffe0
	.short 0x0018,0x0000,0x4000,0xa000,0x0003,0xffe8,0x0028,0x0000,0x0000,0x6000,0x0007,0x0008
	.short 0x0028,0x0000,0x8000,0x2000,0x0009,0x0018,0x0028,0x0000,0x0000,0x6000,0x0049,0x0018
	.short 0x0018,0x0000,0x8000,0x2000,0x004b,0x0028,0x0018,0x0000,0x4000,0xa000,0x0010,0xffe8
	.short 0x0018,0x0000,0x0000,0x6000,0x0012,0x0008,0x0018,0x0000,0x0000,0x6000,0x000c,0xffc8
	.short 0x0008,0x0000,0x4000,0x2000,0x004c,0xffc8,0x0000,0x0000,0x0000,0x6000,0x000e,0x0028
	.short 0x0008,0x0000,0x4000,0x2000,0x004e,0x0028,0x0000,0x0000,0x4000,0xa000,0x0010,0xffd8
	.short 0x0008,0x0000,0x4000,0x6000,0x0050,0xffd8,0x0000,0x0000,0x4000,0xa000,0x0010,0xfff8
	.short 0x0008,0x0000,0x4000,0x6000,0x0050,0xfff8,0x0000,0x0000,0x0000,0x6000,0x0010,0x0018
	.short 0x0008,0x0000,0x4000,0x2000,0x0050,0x0018,0x0000,0x0000,0x0001,0x0000,0x0000,0x0000
	.short 0x0000,0x0000,0x4000,0x9000,0x0015,0x0000,0xffc8,0x0000,0x4000,0x9000,0x0019,0xffe0
	.short 0xffc8,0x0000,0x4000,0x1000,0x005c,0xffd8,0xffd8,0x0000,0x0000,0x1000,0x003d,0xffd8
	.short 0xffd0,0x0000,0x4000,0x1000,0x0054,0x0018,0xffd8,0x0000,0x0000,0x1000,0x0014,0x0028
	.short 0xffd8,0x0000,0x8000,0x9000,0x001e,0x0020,0xffe0,0x0000,0x0000,0x5000,0x0043,0xffd0
	.short 0xffe0,0x0000,0x8000,0x1000,0x0045,0xffc8,0xffe0,0x0000,0x0000,0x5000,0x0046,0xffd0
	.short 0xfff0,0x0000,0x8000,0x1000,0x0048,0xffc8,0xfff0,0x0000,0x4000,0x9000,0x0010,0x0000
	.short 0xffe0,0x0000,0x4000,0x9000,0x0010,0x0000,0xfff0,0x0000,0x4000,0x9000,0x0010,0xffe0
	.short 0xffe0,0x0000,0x4000,0x9000,0x0010,0xffe0,0xfff0,0x0000,0x8000,0x1000,0x0056,0x0030
	.short 0xfff0,0x0000,0x0000,0x1000,0x0077,0x0030,0xffe8,0x0000,0x4000,0x5000,0x0010,0xfff8
	.short 0xffd8,0x0000,0x4000,0x1000,0x0010,0xffe8,0xffd8,0x0000,0x4000,0xb000,0x0015,0x0000
	.short 0x0028,0x0000,0x4000,0xb000,0x0019,0xffe0,0x0028,0x0000,0x4000,0x3000,0x005c,0xffd8
	.short 0x0020,0x0000,0x0000,0x3000,0x003d,0xffd8,0x0028,0x0000,0x4000,0x3000,0x0054,0x0018
	.short 0x0020,0x0000,0x0000,0x3000,0x0014,0x0028,0x0020,0x0000,0x8000,0xb000,0x001e,0x0020
	.short 0x0000,0x0000,0x0000,0x7000,0x0043,0xffd0,0x0010,0x0000,0x8000,0x3000,0x0045,0xffc8
	.short 0x0010,0x0000,0x0000,0x7000,0x0046,0xffd0,0x0000,0x0000,0x8000,0x3000,0x0048,0xffc8
	.short 0x0000,0x0000,0x4000,0xb000,0x0010,0x0000,0x0010,0x0000,0x4000,0xb000,0x0010,0x0000
	.short 0x0000,0x0000,0x4000,0xb000,0x0010,0xffe0,0x0010,0x0000,0x4000,0xb000,0x0010,0xffe0
	.short 0x0000,0x0000,0x8000,0x3000,0x0056,0x0030,0x0000,0x0000,0x0000,0x3000,0x0077,0x0030
	.short 0x0010,0x0000,0x4000,0x7000,0x0010,0xfff8,0x0020,0x0000,0x4000,0x3000,0x0010,0xffe8
	.short 0x0020,0x0000,0x0001,0x0000,0x0000,0x0000,0x0000,0x0000,0x0000,0x5000,0x0058,0xfff8
	.short 0xfff8,0x0000,0x0001,0x0000,0x0000,0x0000,0x0000,0x0000,0x0000,0x5000,0x005a,0xfff8
	.short 0xfff8,0x0000,0x0001,0x0000,0x0000,0x0000,0x0000,0x0000,0x0000,0x1000,0x007c,0x0000
	.short 0xfff8,0x0000,0x0001,0x0000,0x0000,0x0000,0x0000,0x0000,0x7520,0x1870,0x76f4,0x1870
	.short 0x78c8,0x1870,0x0000,0x8200,0x7a9d,0x0870,0x0000,0x8200,0x7ab5,0x0870,0x0000,0x8200
	.short 0x7acd,0x0870,0x0000,0x8200

	.section .data.frontier_df4_banim_b.gap54, "a", %progbits
@ df4_banim_b region-different data, JP 0x08716918..0x0871759c (3204 B); long-tail data gap (no .text in window), byte-perfect incbin.
	.global frontier_df4_banim_b_054_716918
frontier_df4_banim_b_054_716918:
	.incbin "graphics/frontier_df4_banim_b/frontier_df4_banim_b_054_716918.bin"

	.section .data.frontier_df4_banim_b.gap55, "a", %progbits
@ df4_banim_b region-different data, JP 0x087179ec..0x08717ff0 (1540 B); long-tail data gap (no .text in window), byte-perfect incbin.
	.global frontier_df4_banim_b_055_7179EC
frontier_df4_banim_b_055_7179EC:
	@ Issue #166: consumer-verified FORCE_SPRITE words are linker relocations; other bytes verbatim.
	.4byte data_08716FC4 + 0x10000020
	.4byte data_08716FC4 + 0x100001F4
	.4byte data_08716FC4 + 0x100003C8
	.short 0x0000,0x8200,0x7562,0x0871,0x7587,0x0871,0x759f,0x0871,0x75c3,0x0871,0x75ff,0x0871
	.short 0x766b,0x0871
	.4byte AnimSprite_efxGorgon_9 + 0x10000000
	.4byte AnimSprite_efxGorgon_10 + 0x10000001
	.4byte data_08716FC4 + 0x10000020
	.4byte data_08716FC4 + 0x100001F4
	.4byte data_08716FC4 + 0x100003C8
	.4byte data_08716FC4 + 0x10000020
	.4byte data_08716FC4 + 0x100001F4
	.4byte data_08716FC4 + 0x100003C8
	.short 0x0000,0x8200,0x8000,0x9000,0x0000,0x0020,0xffc8,0x0000,0x8000,0x5000,0x0002,0x0018
	.short 0xffc8,0x0000,0x4000,0x9000,0x0003,0xfff8,0xffc8,0x0000,0x0000,0x5000,0x0007,0xffe8
	.short 0xffc8,0x0000,0x8000,0x1000,0x0009,0xffe0,0xffc8,0x0000,0x0000,0x5000,0x0049,0xffd8
	.short 0xffd8,0x0000,0x8000,0x1000,0x004b,0xffd0,0xffd8,0x0000,0x4000,0x9000,0x0010,0xfff8
	.short 0xffd8,0x0000,0x0000,0x5000,0x0012,0xffe8,0xffd8,0x0000,0x0000,0x5000,0x000c,0x0028
	.short 0xffe8,0x0000,0x4000,0x1000,0x004c,0x0028,0xfff8,0x0000,0x0000,0x5000,0x000e,0xffc8
	.short 0xffe8,0x0000,0x4000,0x1000,0x004e,0xffc8,0xfff8,0x0000,0x4000,0x9000,0x0010,0x0008
	.short 0xffe8,0x0000,0x4000,0x5000,0x0050,0x0008,0xfff8,0x0000,0x4000,0x9000,0x0010,0xffe8
	.short 0xffe8,0x0000,0x4000,0x5000,0x0050,0xffe8,0xfff8,0x0000,0x0000,0x5000,0x0010,0xffd8
	.short 0xffe8,0x0000,0x4000,0x1000,0x0050,0xffd8,0xfff8,0x0000,0x8000,0xb000,0x0000,0x0020
	.short 0x0018,0x0000,0x8000,0x7000,0x0002,0x0018,0x0018,0x0000,0x4000,0xb000,0x0003,0xfff8
	.short 0x0028,0x0000,0x0000,0x7000,0x0007,0xffe8,0x0028,0x0000,0x8000,0x3000,0x0009,0xffe0
	.short 0x0028,0x0000,0x0000,0x7000,0x0049,0xffd8,0x0018,0x0000,0x8000,0x3000,0x004b,0xffd0
	.short 0x0018,0x0000,0x4000,0xb000,0x0010,0xfff8,0x0018,0x0000,0x0000,0x7000,0x0012,0xffe8
	.short 0x0018,0x0000,0x0000,0x7000,0x000c,0x0028,0x0008,0x0000,0x4000,0x3000,0x004c,0x0028
	.short 0x0000,0x0000,0x0000,0x7000,0x000e,0xffc8,0x0008,0x0000,0x4000,0x3000,0x004e,0xffc8
	.short 0x0000,0x0000,0x4000,0xb000,0x0010,0x0008,0x0008,0x0000,0x4000,0x7000,0x0050,0x0008
	.short 0x0000,0x0000,0x4000,0xb000,0x0010,0xffe8,0x0008,0x0000,0x4000,0x7000,0x0050,0xffe8
	.short 0x0000,0x0000,0x0000,0x7000,0x0010,0xffd8,0x0008,0x0000,0x4000,0x3000,0x0050,0xffd8
	.short 0x0000,0x0000,0x0001,0x0000,0x0000,0x0000,0x0000,0x0000,0x8000,0x8000,0x0000,0xffd0
	.short 0xffc8,0x0000,0x8000,0x4000,0x0002,0xffe0,0xffc8,0x0000,0x4000,0x8000,0x0003,0xffe8
	.short 0xffc8,0x0000,0x0000,0x4000,0x0007,0x0008,0xffc8,0x0000,0x8000,0x0000,0x0009,0x0018
	.short 0xffc8,0x0000,0x0000,0x4000,0x0049,0x0018,0xffd8,0x0000,0x8000,0x0000,0x004b,0x0028
	.short 0xffd8,0x0000,0x4000,0x8000,0x0010,0xffe8,0xffd8,0x0000,0x0000,0x4000,0x0012,0x0008
	.short 0xffd8,0x0000,0x0000,0x4000,0x000c,0xffc8,0xffe8,0x0000,0x4000,0x0000,0x004c,0xffc8
	.short 0xfff8,0x0000,0x0000,0x4000,0x000e,0x0028,0xffe8,0x0000,0x4000,0x0000,0x004e,0x0028
	.short 0xfff8,0x0000,0x4000,0x8000,0x0010,0xffd8,0xffe8,0x0000,0x4000,0x4000,0x0050,0xffd8
	.short 0xfff8,0x0000,0x4000,0x8000,0x0010,0xfff8,0xffe8,0x0000,0x4000,0x4000,0x0050,0xfff8
	.short 0xfff8,0x0000,0x0000,0x4000,0x0010,0x0018,0xffe8,0x0000,0x4000,0x0000,0x0050,0x0018
	.short 0xfff8,0x0000,0x8000,0xa000,0x0000,0xffd0,0x0018,0x0000,0x8000,0x6000,0x0002,0xffe0
	.short 0x0018,0x0000,0x4000,0xa000,0x0003,0xffe8,0x0028,0x0000,0x0000,0x6000,0x0007,0x0008
	.short 0x0028,0x0000,0x8000,0x2000,0x0009,0x0018,0x0028,0x0000,0x0000,0x6000,0x0049,0x0018
	.short 0x0018,0x0000,0x8000,0x2000,0x004b,0x0028,0x0018,0x0000,0x4000,0xa000,0x0010,0xffe8
	.short 0x0018,0x0000,0x0000,0x6000,0x0012,0x0008,0x0018,0x0000,0x0000,0x6000,0x000c,0xffc8
	.short 0x0008,0x0000,0x4000,0x2000,0x004c,0xffc8,0x0000,0x0000,0x0000,0x6000,0x000e,0x0028
	.short 0x0008,0x0000,0x4000,0x2000,0x004e,0x0028,0x0000,0x0000,0x4000,0xa000,0x0010,0xffd8
	.short 0x0008,0x0000,0x4000,0x6000,0x0050,0xffd8,0x0000,0x0000,0x4000,0xa000,0x0010,0xfff8
	.short 0x0008,0x0000,0x4000,0x6000,0x0050,0xfff8,0x0000,0x0000,0x0000,0x6000,0x0010,0x0018
	.short 0x0008,0x0000,0x4000,0x2000,0x0050,0x0018,0x0000,0x0000,0x0001,0x0000,0x0000,0x0000
	.short 0x0000,0x0000,0x4000,0x9000,0x0015,0x0000,0xffc8,0x0000,0x4000,0x9000,0x0019,0xffe0
	.short 0xffc8,0x0000,0x4000,0x1000,0x005c,0xffd8,0xffd8,0x0000,0x0000,0x1000,0x003d,0xffd8
	.short 0xffd0,0x0000,0x4000,0x1000,0x0054,0x0018,0xffd8,0x0000,0x0000,0x1000,0x0014,0x0028
	.short 0xffd8,0x0000,0x8000,0x9000,0x001e,0x0020,0xffe0,0x0000,0x0000,0x5000,0x0043,0xffd0
	.short 0xffe0,0x0000,0x8000,0x1000,0x0045,0xffc8,0xffe0,0x0000,0x0000,0x5000,0x0046,0xffd0
	.short 0xfff0,0x0000,0x8000,0x1000,0x0048,0xffc8,0xfff0,0x0000,0x4000,0x9000,0x0010,0x0000
	.short 0xffe0,0x0000,0x4000,0x9000,0x0010,0x0000,0xfff0,0x0000,0x4000,0x9000,0x0010,0xffe0
	.short 0xffe0,0x0000,0x4000,0x9000,0x0010,0xffe0,0xfff0,0x0000,0x8000,0x1000,0x0056,0x0030
	.short 0xfff0,0x0000,0x0000,0x1000,0x0077,0x0030,0xffe8,0x0000,0x4000,0x5000,0x0010,0xfff8
	.short 0xffd8,0x0000,0x4000,0x1000,0x0010,0xffe8,0xffd8,0x0000,0x4000,0xb000,0x0015,0x0000
	.short 0x0028,0x0000,0x4000,0xb000,0x0019,0xffe0,0x0028,0x0000,0x4000,0x3000,0x005c,0xffd8
	.short 0x0020,0x0000,0x0000,0x3000,0x003d,0xffd8,0x0028,0x0000,0x4000,0x3000,0x0054,0x0018
	.short 0x0020,0x0000,0x0000,0x3000,0x0014,0x0028,0x0020,0x0000,0x8000,0xb000,0x001e,0x0020
	.short 0x0000,0x0000,0x0000,0x7000,0x0043,0xffd0,0x0010,0x0000,0x8000,0x3000,0x0045,0xffc8
	.short 0x0010,0x0000,0x0000,0x7000,0x0046,0xffd0,0x0000,0x0000,0x8000,0x3000,0x0048,0xffc8
	.short 0x0000,0x0000,0x4000,0xb000,0x0010,0x0000,0x0010,0x0000,0x4000,0xb000,0x0010,0x0000
	.short 0x0000,0x0000,0x4000,0xb000,0x0010,0xffe0,0x0010,0x0000,0x4000,0xb000,0x0010,0xffe0
	.short 0x0000,0x0000,0x8000,0x3000,0x0056,0x0030,0x0000,0x0000,0x0000,0x3000,0x0077,0x0030
	.short 0x0010,0x0000,0x4000,0x7000,0x0010,0xfff8,0x0020,0x0000,0x4000,0x3000,0x0010,0xffe8
	.short 0x0020,0x0000,0x0001,0x0000,0x0000,0x0000,0x0000,0x0000,0x0001,0xffff,0xfe00,0x0000
	.short 0x0000,0x0200,0x0100,0x4000,0x0058,0xfff8,0xfff8,0x0000,0x0001,0x0000,0x0000,0x0000
	.short 0x0000,0x0000,0x0000,0x5000,0x0058,0xfff8,0xfff8,0x0000,0x0001,0x0000,0x0000,0x0000
	.short 0x0000,0x0000

	.section .data.frontier_df4_banim_b.gap56, "a", %progbits
@ df4_banim_b region-different data, JP 0x087657cc..0x08765ad8 (780 B); long-tail data gap (no .text in window), byte-perfect incbin.
	.global frontier_df4_banim_b_056_7657CC
frontier_df4_banim_b_056_7657CC:
	.incbin "graphics/frontier_df4_banim_b/frontier_df4_banim_b_056_7657CC.bin"

	.section .data.frontier_df4_banim_b.gap57, "a", %progbits
@ df4_banim_b region-different data, JP 0x0879a108..0x0879b220 (4376 B); long-tail data gap (no .text in window), byte-perfect incbin.
	.global frontier_df4_banim_b_057_79A108
frontier_df4_banim_b_057_79A108:
	.incbin "graphics/frontier_df4_banim_b/frontier_df4_banim_b_057_79A108.4bpp.lz"

	.section .data.frontier_df4_banim_b.gap58, "a", %progbits
@ df4_banim_b region-different data, JP 0x0879f83c..0x0879fa88 (588 B); long-tail data gap (no .text in window), byte-perfect incbin.
	.global frontier_df4_banim_b_058_79F83C
frontier_df4_banim_b_058_79F83C:
	.incbin "graphics/frontier_df4_banim_b/frontier_df4_banim_b_058_79F83C.bin.lz"

	.section .data.frontier_df4_banim_b.gap59, "a", %progbits
@ df4_banim_b region-different data, JP 0x0879fcb0..0x087a1d3c (8332 B); long-tail data gap (no .text in window), byte-perfect incbin.
	.global frontier_df4_banim_b_059_79FCB0
frontier_df4_banim_b_059_79FCB0:
	.incbin "graphics/frontier_df4_banim_b/frontier_df4_banim_b_059_79FCB0.bin"

	.section .data.frontier_df4_banim_b.gap60, "a", %progbits
@ df4_banim_b region-different data, JP 0x087a8b10..0x087a9094 (1412 B); long-tail data gap (no .text in window), byte-perfect incbin.
	.global frontier_df4_banim_b_060_7A8B10
frontier_df4_banim_b_060_7A8B10:
	.incbin "graphics/frontier_df4_banim_b/frontier_df4_banim_b_060_7A8B10.bin"

	.section .data.frontier_df4_banim_b.gap61, "a", %progbits
@ df4_banim_b region-different data, JP 0x087a9254..0x087a9bb8 (2404 B); long-tail data gap (no .text in window), byte-perfect incbin.
	.global frontier_df4_banim_b_061_7A9254
frontier_df4_banim_b_061_7A9254:
	.incbin "graphics/frontier_df4_banim_b/frontier_df4_banim_b_061_7A9254.bin"

	.section .data.frontier_df4_banim_b.gap62, "a", %progbits
@ df4_banim_b region-different data, JP 0x087aa39c..0x087aa5ec (592 B); long-tail data gap (no .text in window), byte-perfect incbin.
	.global frontier_df4_banim_b_062_7AA39C
frontier_df4_banim_b_062_7AA39C:
	@ Issue #166: consumer-verified FORCE_SPRITE words are linker relocations; other bytes verbatim.
	.short 0xa086,0x087a,0xa145,0x087a,0xa206,0x087a
	.4byte AnimSprite_Tri_9 + 0x30000000
	.short 0x0000,0x8000,0x4000,0x8000,0x0000,0xfff4,0xffe8,0x0000,0x4000,0x8000,0x0006,0xffeb
	.short 0xfff8,0x0000,0x8000,0x0000,0x000a,0x000b,0xfff8,0x0000,0x4000,0x0000,0x0004,0xffdb
	.short 0x0000,0x0000,0x0000,0x0000,0x0024,0xffde,0x0008,0x0000,0x0000,0x0000,0x000b,0x0014
	.short 0xffea,0x0000,0x4000,0x4000,0x002b,0xfff3,0x0008,0x0000,0x0000,0x0000,0x0025,0xffec
	.short 0xfff0,0x0000,0x0001,0x0000,0x0000,0x0000,0x0000,0x0000,0x0000,0x0000,0x001f,0x0000
	.short 0xfff8,0x0000,0x0001,0x0000,0x0000,0x0000,0x0000,0x0000,0xa3b1,0x087a,0xa41d,0x087a
	.short 0x0000,0x8200,0x4000,0x8000,0x0000,0xfff3,0xffe0,0x0000,0x4000,0x8000,0x0004,0xfff3
	.short 0xfff0,0x0000,0x4000,0x8000,0x0008,0xfff3,0x0000,0x0000,0x0000,0x4000,0x000c,0xffdb
	.short 0xfffc,0x0000,0x8000,0x0000,0x000e,0xffeb,0xfffc,0x0000,0x0000,0x0000,0x002f,0x0013
	.short 0xffef,0x0000,0x0000,0x0000,0x0030,0xffeb,0xffef,0x0000,0x4000,0x0000,0x000f,0x0013
	.short 0xffe7,0x0000,0x0001,0x0000,0x0000,0x0000,0x0000,0x0000,0x0000,0x0000,0x001f,0x0000
	.short 0xfff8,0x0000,0x0001,0x0000,0x0000,0x0000,0x0000,0x0000,0xa441,0x087a,0xa4ad,0x087a
	.short 0x0000,0x8200,0x4000,0x8000,0x0000,0xffde,0xffe1,0x0000,0x0000,0x4000,0x0004,0xfffe
	.short 0xffe1,0x0000,0x8000,0x0000,0x0006,0x000e,0xffe1,0x0000,0x4000,0x8000,0x0007,0xffde
	.short 0xfff1,0x0000,0x0000,0x4000,0x000b,0xfffe,0xfff1,0x0000,0x8000,0x0000,0x000d,0x000e
	.short 0xfff1,0x0000,0x4000,0x8000,0x000e,0xffee,0x0001,0x0000,0x8000,0x0000,0x0012,0x000e
	.short 0x0001,0x0000,0x0001,0x0000,0x0000,0x0000,0x0000,0x0000,0x0000,0x0000,0x001f,0x0000
	.short 0xfff8,0x0000,0x0001,0x0000,0x0000,0x0000,0x0000,0x0000,0xa4d1,0x087a,0xa53d,0x087a
	.short 0x0000,0x8200,0xa4d0,0x187a,0x0000,0x8200,0x4000,0x8000,0x0000,0xfff4,0xffe0,0x0000
	.short 0x4000,0x8000,0x0004,0xfff4,0xfff0,0x0000,0x4000,0x8000,0x0008,0xfff4,0x0000,0x0000
	.short 0x0000,0x4000,0x000c,0xffe4,0xffe8,0x0000,0x4000,0x0000,0x000e,0xffe4,0xfff8,0x0000
	.short 0x0000,0x0000,0x0010,0x0014,0xfff0,0x0000,0x0000,0x0000,0x0011,0xffec,0x0008,0x0000
	.short 0x0001,0x0000,0x0000,0x0000,0x0000,0x0000,0x0000,0x0000,0x001f,0x0000,0xfff8,0x0000
	.short 0x0001,0x0000,0x0000,0x0000,0x0000,0x0000,0xa569,0x087a,0xa5c9,0x087a,0x0000,0x8200

	.section .data.frontier_df4_banim_b.gap63, "a", %progbits
@ df4_banim_b region-different data, JP 0x087aac64..0x087ab004 (928 B); long-tail data gap (no .text in window), byte-perfect incbin.
	.global frontier_df4_banim_b_063_7AAC64
frontier_df4_banim_b_063_7AAC64:
	.incbin "graphics/frontier_df4_banim_b/frontier_df4_banim_b_063_7AAC64.bin"

	.section .data.frontier_df4_banim_b.gap64, "a", %progbits
@ df4_banim_b region-different data, JP 0x087cd474..0x087cf8b8 (9284 B); long-tail data gap (no .text in window), byte-perfect incbin.
	.global frontier_df4_banim_b_064_7CD474
frontier_df4_banim_b_064_7CD474:
	.incbin "graphics/frontier_df4_banim_b/frontier_df4_banim_b_064_7CD474.bin"

	.section .data.frontier_df4_banim_b.gap65, "a", %progbits
@ df4_banim_b region-different data, JP 0x087d3984..0x087d3d2c (936 B); long-tail data gap (no .text in window), byte-perfect incbin.
	.global frontier_df4_banim_b_065_7D3984
frontier_df4_banim_b_065_7D3984:
	.incbin "graphics/frontier_df4_banim_b/frontier_df4_banim_b_065_7D3984.bin.lz"

	.section .data.frontier_df4_banim_b.gap66, "a", %progbits
@ df4_banim_b region-different data, JP 0x087e13a4..0x087e15d4 (560 B); long-tail data gap (no .text in window), byte-perfect incbin.
	.global frontier_df4_banim_b_066_7E13A4
frontier_df4_banim_b_066_7E13A4:
	.incbin "graphics/frontier_df4_banim_b/frontier_df4_banim_b_066_7E13A4.bin"

	.section .data.frontier_df4_banim_b.gap67, "a", %progbits
@ df4_banim_b region-different data, JP 0x0884886c..0x08848b28 (700 B); long-tail data gap (no .text in window), byte-perfect incbin.
	.global frontier_df4_banim_b_067_84886C
frontier_df4_banim_b_067_84886C:
	.incbin "graphics/frontier_df4_banim_b/frontier_df4_banim_b_067_84886C.bin"

@ gap68 (JP 0x0885b6bc..0x0885e068) reassigned to gClassData -- see
@ asm/dat_gClassData_ref.s; it was MISLABELED here as banim graphics data.

@ gap69 (JP 0x088601b1..0x088609d1) removed: it was MISLABELED banim graphics data but is
@ actually region-same terrain LUT bytes (US 0x080bc59..0x080c479, inside the data_terrains
@ block); now owned by src/data/data_terrains.o(.data).

	.section .data.frontier_df4_banim_b.gap70a, "a", %progbits
@ df4_banim_b region-different data, JP 0x08901138..0x08902440 (4872 B); long-tail data gap.
@ split around src/data/data_itemuse.o (gItemData.pEffectiveness pointees carved to typed C).
	.global frontier_df4_banim_b_070_901138
frontier_df4_banim_b_070_901138:
	.incbin "graphics/frontier_df4_banim_b/frontier_df4_banim_b_070_901138.bin", 0, 4872

	.section .data.frontier_df4_banim_b.gap70b, "a", %progbits
@ df4_banim_b region-different data, JP 0x08902538..0x08903138 (3072 B); long-tail data gap (tail after data_itemuse).
	.global frontier_df4_banim_b_070_902538
frontier_df4_banim_b_070_902538:
	.incbin "graphics/frontier_df4_banim_b/frontier_df4_banim_b_070_901138.bin", 5120, 3072

	.section .data.frontier_df4_banim_b.gap71, "a", %progbits
@ df4_banim_b region-different data, JP 0x08903564..0x089036dc (376 B); long-tail data gap (tail after data_itembonus).
@ head 0x903450..0x903564 carved to src/data/data_itembonus.o (gItemData.pStatBonuses pointees).
	.global frontier_df4_banim_b_071_903564
frontier_df4_banim_b_071_903564:
	.incbin "graphics/frontier_df4_banim_b/frontier_df4_banim_b_071_903450.bin", 276, 376

	.section .data.frontier_df4_banim_b.gap72, "a", %progbits
@ df4_banim_b raw data head, JP 0x08903a50..0x08904b84 (4404 B); long-tail data gap, byte-perfect incbin.
@ The 0x08904b84..0x08904bc4 hole (gAffinityBonuses, region-same) is now typed C in src/data/bmreliance_data.c.
	.global frontier_df4_banim_b_072_903A50
frontier_df4_banim_b_072_903A50:
	.incbin "graphics/frontier_df4_banim_b/frontier_df4_banim_b_072_903A50.bin", 0, 4404

	.section .data.frontier_df4_banim_b.gap72b, "a", %progbits
@ df4_banim_b raw data tail, JP 0x08904bc4..0x08904e1c (600 B); long-tail data gap, byte-perfect incbin.
	.global frontier_df4_banim_b_072b_904BC4
frontier_df4_banim_b_072b_904BC4:
	.incbin "graphics/frontier_df4_banim_b/frontier_df4_banim_b_072_903A50.bin", 4468, 600

	.section .data.frontier_df4_banim_b.gap73, "a", %progbits
@ df4_banim_b region-different data, JP 0x08907f78..0x089081d8 (608 B); long-tail data gap (no .text in window), byte-perfect incbin.
	.global frontier_df4_banim_b_073_907F78
frontier_df4_banim_b_073_907F78:
	.incbin "graphics/frontier_df4_banim_b/frontier_df4_banim_b_073_907F78.bin"

	.section .data.frontier_df4_banim_b.gap74, "a", %progbits
@ df4_banim_b region-different data, JP 0x08909de8..0x08909fec (516 B); long-tail data gap (no .text in window), byte-perfect incbin.
	.global frontier_df4_banim_b_074_909DE8
frontier_df4_banim_b_074_909DE8:
	.incbin "graphics/frontier_df4_banim_b/frontier_df4_banim_b_074_909DE8.bin"

	.section .data.frontier_df4_banim_b.gap75, "a", %progbits
@ df4_banim_b region-different data, JP 0x0890a050..0x0890a2d0 (640 B); long-tail data gap (no .text in window), byte-perfect incbin.
	.global frontier_df4_banim_b_075_90A050
frontier_df4_banim_b_075_90A050:
	.incbin "graphics/frontier_df4_banim_b/frontier_df4_banim_b_075_90A050.bin"

	.section .data.frontier_df4_banim_b.gap76, "a", %progbits
@ df4_banim_b region-different data, JP 0x0890b4dc..0x0890b888 (940 B); long-tail data gap (no .text in window), byte-perfect incbin.
	.global frontier_df4_banim_b_076_90B4DC
frontier_df4_banim_b_076_90B4DC:
	.incbin "graphics/frontier_df4_banim_b/frontier_df4_banim_b_076_90B4DC.bin"

	.section .data.frontier_df4_banim_b.gap77, "a", %progbits
@ df4_banim_b region-different data, JP 0x0890db94..0x0890e2a4 (1808 B); long-tail data gap (no .text in window), byte-perfect incbin.
	.global frontier_df4_banim_b_077_90DB94
frontier_df4_banim_b_077_90DB94:
	.incbin "graphics/frontier_df4_banim_b/frontier_df4_banim_b_077_90DB94.bin"

	.section .data.frontier_df4_banim_b.gap78, "a", %progbits
@ df4_banim_b region-different data, JP 0x0890e58c..0x0890ea7c (1264 B); long-tail data gap (no .text in window), byte-perfect incbin.
	.global frontier_df4_banim_b_078_90E58C
frontier_df4_banim_b_078_90E58C:
	.incbin "graphics/frontier_df4_banim_b/frontier_df4_banim_b_078_90E58C.bin"

	.section .data.frontier_df4_banim_b.gap79, "a", %progbits
@ df4_banim_b region-different data, JP 0x0890efac..0x0890f204 (600 B); long-tail data gap (no .text in window), byte-perfect incbin.
	.global frontier_df4_banim_b_079_90EFAC
frontier_df4_banim_b_079_90EFAC:
	.incbin "graphics/frontier_df4_banim_b/frontier_df4_banim_b_079_90EFAC.bin"

	.section .data.frontier_df4_banim_b.gap80, "a", %progbits
@ df4_banim_b region-different data, JP 0x089cd958..0x089cdd18 (960 B); long-tail data gap (no .text in window), byte-perfect incbin.
	.global frontier_df4_banim_b_080_9CD958
frontier_df4_banim_b_080_9CD958:
	.incbin "graphics/frontier_df4_banim_b/frontier_df4_banim_b_080_9CD958.bin"

	.section .data.frontier_df4_banim_b.gap81, "a", %progbits
@ df4_banim_b region-different data, JP 0x089cf318..0x089cfd20 (2568 B); long-tail data gap (no .text in window), byte-perfect incbin.
	.global frontier_df4_banim_b_081_9CF318
frontier_df4_banim_b_081_9CF318:
	.incbin "graphics/frontier_df4_banim_b/frontier_df4_banim_b_081_9CF318.bin"

	.section .data.frontier_df4_banim_b.gap82, "a", %progbits
@ df4_banim_b region-different data, JP 0x08a12ac0..0x08a1313a (1658 B); long-tail data gap (no .text in window), byte-perfect incbin.
	.global frontier_df4_banim_b_082_A12AC0
frontier_df4_banim_b_082_A12AC0:
	.incbin "graphics/frontier_df4_banim_b/frontier_df4_banim_b_082_A12AC0.bin"

	.section .data.frontier_df4_banim_b.gap83, "a", %progbits
@ df4_banim_b region-different data, JP 0x08a13256..0x08a13488 (562 B); long-tail data gap (no .text in window), byte-perfect incbin.
	.global frontier_df4_banim_b_083_A13256
frontier_df4_banim_b_083_A13256:
	.incbin "graphics/frontier_df4_banim_b/frontier_df4_banim_b_083_A13256.bin"

	.section .data.frontier_df4_banim_b.gap84, "a", %progbits
@ df4_banim_b region-different data, JP 0x08a13880..0x08a13b90 (784 B); long-tail data gap (no .text in window), byte-perfect incbin.
	.global frontier_df4_banim_b_084_A13880
frontier_df4_banim_b_084_A13880:
	.incbin "graphics/frontier_df4_banim_b/frontier_df4_banim_b_084_A13880.bin"

	.section .data.frontier_df4_banim_b.gap85, "a", %progbits
@ df4_banim_b region-different data, JP 0x08a13cd0..0x08a146bc (2540 B); long-tail data gap (no .text in window), byte-perfect incbin.
	.global frontier_df4_banim_b_085_A13CD0
frontier_df4_banim_b_085_A13CD0:
	.incbin "graphics/frontier_df4_banim_b/frontier_df4_banim_b_085_A13CD0.bin"
