category	confidence	file	block	lines	section	labels	directives	n_words	n_sym_words	n_shorts	n_bytes	n_incbins	reason	action
SECTION_GLUE	high	src/banim-efxop_080717C0.c	1	327-327		FrameConfig_efxopMistyrainBG	{}	0	0	0	0	0	global .set alias glue only	LEFT relocatable alias glue
SECTION_GLUE	high	src/data/Ch10EirikaEvents_ref/dat_Ch10EirikaEvents_ref.c	1	49-49		Ch10EirikaEvents	{}	0	0	0	0	0	global .set alias glue only	LEFT relocatable alias glue
SECTION_GLUE	high	src/data/Ch11EirikaMapChanges_ref/dat_Ch11EirikaMapChanges_ref.c	1	36-36		Ch11EirikaMapChanges	{}	0	0	0	0	0	global .set alias glue only	LEFT relocatable alias glue
SECTION_GLUE	high	src/data/Ch16EphraimEventData_ref/dat_Ch16EphraimEventData_ref.c	1	42-42		Ch16EphraimEventData	{}	0	0	0	0	0	global .set alias glue only	LEFT relocatable alias glue
SECTION_GLUE	high	src/data/Ch19EphraimEventData_ref/dat_Ch19EphraimEventData_ref.c	1	41-41		Ch19EphraimEventData	{}	0	0	0	0	0	global .set alias glue only	LEFT relocatable alias glue
SECTION_GLUE	high	src/data/Ch1Events_ref/dat_Ch1Events_ref.c	1	42-42		Ch1Events	{}	0	0	0	0	0	global .set alias glue only	LEFT relocatable alias glue
SECTION_GLUE	high	src/data/Ch20EphraimEventData_ref/dat_Ch20EphraimEventData_ref.c	1	41-41		Ch20EphraimEventData	{}	0	0	0	0	0	global .set alias glue only	LEFT relocatable alias glue
SECTION_GLUE	high	src/data/Ch2Events_ref/dat_Ch2Events_ref.c	1	43-43		Ch2Events	{}	0	0	0	0	0	global .set alias glue only	LEFT relocatable alias glue
SECTION_GLUE	high	src/data/Ch3Events_ref/dat_Ch3Events_ref.c	1	40-40		Ch3Events	{}	0	0	0	0	0	global .set alias glue only	LEFT relocatable alias glue
SECTION_GLUE	high	src/data/Ch4Events_ref/dat_Ch4Events_ref.c	1	46-46		Ch4Events	{}	0	0	0	0	0	global .set alias glue only	LEFT relocatable alias glue
SECTION_GLUE	high	src/data/Ch5EventData_ref/dat_Ch5EventData_ref.c	1	42-42		Ch5EventData	{}	0	0	0	0	0	global .set alias glue only	LEFT relocatable alias glue
SECTION_GLUE	high	src/data/Ch5XEvents_ref/dat_Ch5XEvents_ref.c	1	40-40		Ch5XEvents	{}	0	0	0	0	0	global .set alias glue only	LEFT relocatable alias glue
SECTION_GLUE	high	src/data/Ch6Events_ref/dat_Ch6Events_ref.c	1	46-46		Ch6Events	{}	0	0	0	0	0	global .set alias glue only	LEFT relocatable alias glue
SECTION_GLUE	high	src/data/Ch7EventData_ref/dat_Ch7EventData_ref.c	1	40-40		Ch7EventData	{}	0	0	0	0	0	global .set alias glue only	LEFT relocatable alias glue
SECTION_GLUE	high	src/data/Ch8EventData_ref/dat_Ch8EventData_ref.c	1	42-42		Ch8EventData	{}	0	0	0	0	0	global .set alias glue only	LEFT relocatable alias glue
SECTION_GLUE	high	src/data/Ch9EirikaEvents_ref/dat_Ch9EirikaEvents_ref.c	1	43-43		Ch9EirikaEvents	{}	0	0	0	0	0	global .set alias glue only	LEFT relocatable alias glue
SECTION_GLUE	high	src/data/EventListScr_Ch10a_Character_ref/dat_EventListScr_Ch10a_Character_ref.c	1	50-50		EventListScr_Ch10a_Character	{}	0	0	0	0	0	global .set alias glue only	LEFT relocatable alias glue
SECTION_GLUE	high	src/data/EventListScr_Ch10a_Location_ref/dat_EventListScr_Ch10a_Location_ref.c	1	36-36		EventListScr_Ch10a_Location	{}	0	0	0	0	0	global .set alias glue only	LEFT relocatable alias glue
SECTION_GLUE	high	src/data/EventListScr_Ch1_Character_ref/dat_EventListScr_Ch1_Character_ref.c	1	33-33		EventListScr_Ch1_Character	{}	0	0	0	0	0	global .set alias glue only	LEFT relocatable alias glue
SECTION_GLUE	high	src/data/EventListScr_Ch2_Tutorial_ref/dat_EventListScr_Ch2_Tutorial_ref.c	1	74-74		EventListScr_Ch2_Tutorial	{}	0	0	0	0	0	global .set alias glue only	LEFT relocatable alias glue
SECTION_GLUE	high	src/data/EventListScr_Prologue_Tutorial_ref/dat_EventListScr_Prologue_Tutorial_ref.c	1	38-38		EventListScr_Prologue_Tutorial	{}	0	0	0	0	0	global .set alias glue only	LEFT relocatable alias glue
SECTION_GLUE	high	src/data/FinalEphraimEvents1_ref/dat_FinalEphraimEvents1_ref.c	1	39-39		FinalEphraimEvents1	{}	0	0	0	0	0	global .set alias glue only	LEFT relocatable alias glue
SECTION_GLUE	high	src/data/LagdouRuins5MapChanges_ref/dat_LagdouRuins5MapChanges_ref.c	1	36-36		LagdouRuins5MapChanges	{}	0	0	0	0	0	global .set alias glue only	LEFT relocatable alias glue
SECTION_GLUE	high	src/data/ProcScr_ChapterIntro_Bg2Scroll_ref/dat_ProcScr_ChapterIntro_Bg2Scroll_ref.c	1	11-11		data_085C3560	{}	0	0	0	0	0	global .set alias glue only	LEFT relocatable alias glue
PROC_SCRIPT	high	src/data/ProcScr_data5aa96c148_ref/dat_ProcScr_data5aa96c148_ref.c	1	4-5			{}	0	0	0	0	0	ProcScr naming pattern	EXTRACT typed struct ProcCmd
SECTION_GLUE	high	src/data/ProcScr_efxCrimsonEyeOBJFinish_ref/dat_ProcScr_efxCrimsonEyeOBJFinish_ref.c	1	13-13		data_08602EAC	{}	0	0	0	0	0	global .set alias glue only	LEFT relocatable alias glue
SECTION_GLUE	high	src/data/ProcScr_efxDarkGradoOBJ01piece_ref/dat_ProcScr_efxDarkGradoOBJ01piece_ref.c	1	13-13		data_08602D54	{}	0	0	0	0	0	global .set alias glue only	LEFT relocatable alias glue
SECTION_GLUE	high	src/data/ProcScr_efxLunaBG2_ref/dat_ProcScr_efxLunaBG2_ref.c	1	15-15		data_08601388	{}	0	0	0	0	0	global .set alias glue only	LEFT relocatable alias glue
PROC_SCRIPT	high	src/data/ProcScr_menu148_ref/dat_ProcScr_menu148_ref.c	1	7-8			{}	0	0	0	0	0	ProcScr naming pattern	EXTRACT typed struct ProcCmd
PROC_SCRIPT	high	src/data/ProcScr_uistuff148_ref/dat_ProcScr_uistuff148_ref.c	1	7-8			{}	0	0	0	0	0	ProcScr naming pattern	EXTRACT typed struct ProcCmd
SECTION_GLUE	high	src/data/PrologueEvents_ref/dat_PrologueEvents_ref.c	1	41-41		PrologueEvents	{}	0	0	0	0	0	global .set alias glue only	LEFT relocatable alias glue
SECTION_GLUE	high	src/data/TextGlyphs_Special_ref/dat_TextGlyphs_Special_ref.c	1	98-98		TextGlyphs_Special	{}	0	0	0	0	0	global .set alias glue only	LEFT relocatable alias glue
SECTION_GLUE	high	src/data/TileAnimations1_ref/dat_TileAnimations1_ref.c	1	64-64		TileAnimations1	{}	0	0	0	0	0	global .set alias glue only	LEFT relocatable alias glue
SECTION_GLUE	high	src/data/TileAnimations2_ref/dat_TileAnimations2_ref.c	1	114-114		TileAnimations2	{}	0	0	0	0	0	global .set alias glue only	LEFT relocatable alias glue
SECTION_GLUE	high	src/data/TowerOfValni7MapChanges_ref/dat_TowerOfValni7MapChanges_ref.c	1	37-37		TowerOfValni7MapChanges	{}	0	0	0	0	0	global .set alias glue only	LEFT relocatable alias glue
GRAPHICS	medium	src/data/anim_mine_fx/dat_anim_mine_fx.c	1	11-97	.rodata.dat_anim_mine_fx	SpritAnim_MineFx_motion,SpritAnim_MineFx_frame_list,SpritAnim_MineFx_anim_list,SpritAnim_MineFx_frame_0,SpritAnim_MineFx_frame_1,SpritAnim_MineFx_frame_2,SpritAnim_MineFx_frame_3,SpritAnim_MineFx_frame_4,...	"{""byte"": 1, ""short"": 41}"	0	0	41	3	0	graphics-like naming or embedded incbin/byte runs	EXTRACT graphics source where format is clear
GRAPHICS	medium	src/data/anim_worldmap_highlight/dat_anim_worldmap_highlight.c	1	15-161	.rodata.dat_anim_worldmap_highlight	Pal_WmHighLightNationMap,Img_WmHightLightMapFrecia,Ap_WmHightLightMapFrecia_motion,Ap_WmHightLightMapFrecia_frame_list,Ap_WmHightLightMapFrecia_anim_list,Ap_WmHightLightMapFrecia_frame_0,Ap_WmHightLightMapFrecia_frame_1,Ap_WmHightLightMapFrecia_anim_0,...	"{""byte"": 2, ""incbin"": 3, ""short"": 82}"	0	0	132	2	3	mixed graphics/palette asset bundle	EXTRACT graphics source where format is clear
GRAPHICS	medium	src/data/anim_worldmap_sprite/dat_anim_worldmap_sprite.c	1	11-530	.rodata.dat_anim_worldmap_sprite	Sprite_0,gImg_WorldmapNodeRevealEffect,gPal_WorldmapNodeRevealEffect,gWorldmapSprite_0,Img_GmapPath,gWorldmapSprite_1,gWorldmapSprite_2,gWorldmapSprite_3,...	"{""byte"": 205, ""incbin"": 8, ""short"": 187}"	0	0	723	485	8	mixed graphics/palette asset bundle	EXTRACT graphics source where format is clear
DATA_TABLE	medium	src/data/banim/dat_data_banim_p0.c	1	9-15	.rodata.dat_data_banim_p0	AnimSprite_EfxTeonoObj_TeonoO	"{""short"": 2}"	0	0	12	0	0	structured scalar/pointer data	EXTRACT typed C or fix false pointer after source/consumer/FE8U audit
DATA_TABLE	medium	src/data/banim/dat_data_banim_p0.c	2	16-22	.rodata.dat_data_banim_p0	AnimSprite_EfxTeonoObj_TeonoObj_0	"{""short"": 2}"	0	0	12	0	0	structured scalar/pointer data	EXTRACT typed C or fix false pointer after source/consumer/FE8U audit
DATA_TABLE	medium	src/data/banim/dat_data_banim_p0.c	3	23-29	.rodata.dat_data_banim_p0	AnimSprite_EfxTeonoObj_TeonoObj_1	"{""short"": 2}"	0	0	12	0	0	structured scalar/pointer data	EXTRACT typed C or fix false pointer after source/consumer/FE8U audit
DATA_TABLE	medium	src/data/banim/dat_data_banim_p0.c	4	30-36	.rodata.dat_data_banim_p0	AnimSprite_EfxTeonoObj_TeonoObj_2	"{""short"": 2}"	0	0	12	0	0	structured scalar/pointer data	EXTRACT typed C or fix false pointer after source/consumer/FE8U audit
DATA_TABLE	medium	src/data/banim/dat_data_banim_p0.c	5	37-43	.rodata.dat_data_banim_p0	AnimSprite_EfxTeonoObj_TeonoObj_3	"{""short"": 2}"	0	0	12	0	0	structured scalar/pointer data	EXTRACT typed C or fix false pointer after source/consumer/FE8U audit
DATA_TABLE	medium	src/data/banim/dat_data_banim_p0.c	6	44-50	.rodata.dat_data_banim_p0	AnimSprite_EfxTeonoObj_TeonoObjCloseRight_0	"{""short"": 2}"	0	0	12	0	0	structured scalar/pointer data	EXTRACT typed C or fix false pointer after source/consumer/FE8U audit
DATA_TABLE	medium	src/data/banim/dat_data_banim_p0.c	7	51-57	.rodata.dat_data_banim_p0	AnimSprite_EfxTeonoObj_TeonoObjCloseRight_1	"{""short"": 2}"	0	0	12	0	0	structured scalar/pointer data	EXTRACT typed C or fix false pointer after source/consumer/FE8U audit
DATA_TABLE	medium	src/data/banim/dat_data_banim_p0.c	8	58-64	.rodata.dat_data_banim_p0	AnimSprite_EfxTeonoObj_TeonoObjCloseRight_2	"{""short"": 2}"	0	0	12	0	0	structured scalar/pointer data	EXTRACT typed C or fix false pointer after source/consumer/FE8U audit
DATA_TABLE	medium	src/data/banim/dat_data_banim_p0.c	9	65-71	.rodata.dat_data_banim_p0	AnimSprite_EfxTeonoObj_TeonoObjCloseRight_3	"{""short"": 2}"	0	0	12	0	0	structured scalar/pointer data	EXTRACT typed C or fix false pointer after source/consumer/FE8U audit
DATA_TABLE	medium	src/data/banim/dat_data_banim_p0.c	10	72-78	.rodata.dat_data_banim_p0	AnimSprite_EfxTeonoObj_TeonoObjCloseRight_4	"{""short"": 2}"	0	0	12	0	0	structured scalar/pointer data	EXTRACT typed C or fix false pointer after source/consumer/FE8U audit
GRAPHICS	medium	src/data/banim/dat_data_banim_p0.c	11	79-86	.rodata.dat_data_banim_p0	AnimSprite_EfxTeonoObj_TeonoObjCloseRight_5	"{""short"": 3}"	0	0	18	0	0	graphics-like naming or embedded incbin/byte runs	EXTRACT graphics source where format is clear
GRAPHICS	medium	src/data/banim/dat_data_banim_p0.c	12	87-94	.rodata.dat_data_banim_p0	AnimSprite_EfxTeonoObj_0	"{""short"": 3}"	0	0	18	0	0	graphics-like naming or embedded incbin/byte runs	EXTRACT graphics source where format is clear
GRAPHICS	medium	src/data/banim/dat_data_banim_p0.c	13	95-102	.rodata.dat_data_banim_p0	AnimSprite_EfxTeonoObj_TeonoObj_4	"{""short"": 3}"	0	0	18	0	0	graphics-like naming or embedded incbin/byte runs	EXTRACT graphics source where format is clear
GRAPHICS	medium	src/data/banim/dat_data_banim_p0.c	14	103-110	.rodata.dat_data_banim_p0	AnimSprite_EfxTeonoObj_TeonoObj_5	"{""short"": 3}"	0	0	18	0	0	graphics-like naming or embedded incbin/byte runs	EXTRACT graphics source where format is clear
GRAPHICS	medium	src/data/banim/dat_data_banim_p0.c	15	111-118	.rodata.dat_data_banim_p0	AnimSprite_EfxTeonoObj_TeonoObj_6	"{""short"": 3}"	0	0	18	0	0	graphics-like naming or embedded incbin/byte runs	EXTRACT graphics source where format is clear
GRAPHICS	medium	src/data/banim/dat_data_banim_p0.c	16	119-126	.rodata.dat_data_banim_p0	AnimSprite_EfxTeonoObj_TeonoObj_7	"{""short"": 3}"	0	0	18	0	0	graphics-like naming or embedded incbin/byte runs	EXTRACT graphics source where format is clear
GRAPHICS	medium	src/data/banim/dat_data_banim_p0.c	17	127-134	.rodata.dat_data_banim_p0	AnimSprite_EfxTeonoObj_TeonoObj_8	"{""short"": 3}"	0	0	18	0	0	graphics-like naming or embedded incbin/byte runs	EXTRACT graphics source where format is clear
GRAPHICS	medium	src/data/banim/dat_data_banim_p0.c	18	135-142	.rodata.dat_data_banim_p0	AnimSprite_EfxTeonoObj_TeonoObj_9	"{""short"": 3}"	0	0	18	0	0	graphics-like naming or embedded incbin/byte runs	EXTRACT graphics source where format is clear
GRAPHICS	medium	src/data/banim/dat_data_banim_p0.c	19	143-150	.rodata.dat_data_banim_p0	AnimSprite_EfxTeonoObj_TeonoObj_10	"{""short"": 3}"	0	0	18	0	0	graphics-like naming or embedded incbin/byte runs	EXTRACT graphics source where format is clear
GRAPHICS	medium	src/data/banim/dat_data_banim_p0.c	20	151-158	.rodata.dat_data_banim_p0	AnimSprite_EfxTeonoObj_TeonoObj_11	"{""short"": 3}"	0	0	18	0	0	graphics-like naming or embedded incbin/byte runs	EXTRACT graphics source where format is clear
GRAPHICS	medium	src/data/banim/dat_data_banim_p0.c	21	159-166	.rodata.dat_data_banim_p0	AnimSprite_EfxTeonoObj_TeonoObj_12	"{""short"": 3}"	0	0	18	0	0	graphics-like naming or embedded incbin/byte runs	EXTRACT graphics source where format is clear
DATA_TABLE	medium	src/data/banim/dat_data_banim_p0.c	22	167-173	.rodata.dat_data_banim_p0	AnimSprite_EfxTeonoObj_TeonoObj_13	"{""short"": 2}"	0	0	12	0	0	structured scalar/pointer data	EXTRACT typed C or fix false pointer after source/consumer/FE8U audit
DATA_TABLE	medium	src/data/banim/dat_data_banim_p0.c	23	174-180	.rodata.dat_data_banim_p0	AnimSprite_EfxTeonoObj_TeonoObjFarRight_0	"{""short"": 2}"	0	0	12	0	0	structured scalar/pointer data	EXTRACT typed C or fix false pointer after source/consumer/FE8U audit
DATA_TABLE	medium	src/data/banim/dat_data_banim_p0.c	24	181-187	.rodata.dat_data_banim_p0	AnimSprite_EfxTeonoObj_TeonoObjFarRight_1	"{""short"": 2}"	0	0	12	0	0	structured scalar/pointer data	EXTRACT typed C or fix false pointer after source/consumer/FE8U audit
GRAPHICS	medium	src/data/banim/dat_data_banim_p0.c	25	188-195	.rodata.dat_data_banim_p0	AnimSprite_EfxTeonoObj_TeonoObj2Right	"{""short"": 3}"	0	0	18	0	0	graphics-like naming or embedded incbin/byte runs	EXTRACT graphics source where format is clear
GRAPHICS	medium	src/data/banim/dat_data_banim_p107.c	1	14-29	.rodata.dat_data_banim_p107	AnimSprite_EfxDevineOBJ_1	"{""short"": 11}"	0	0	66	0	0	graphics-like naming or embedded incbin/byte runs	EXTRACT graphics source where format is clear
GRAPHICS	medium	src/data/banim/dat_data_banim_p107.c	2	30-45	.rodata.dat_data_banim_p107	AnimSprite_EfxDevineOBJ_2	"{""short"": 11}"	0	0	66	0	0	graphics-like naming or embedded incbin/byte runs	EXTRACT graphics source where format is clear
GRAPHICS	medium	src/data/banim/dat_data_banim_p107.c	3	46-59	.rodata.dat_data_banim_p107	AnimSprite_EfxDevineOBJ_3	"{""short"": 9}"	0	0	54	0	0	graphics-like naming or embedded incbin/byte runs	EXTRACT graphics source where format is clear
GRAPHICS	medium	src/data/banim/dat_data_banim_p107.c	4	60-73	.rodata.dat_data_banim_p107	AnimSprite_EfxDevineOBJ_4	"{""short"": 9}"	0	0	54	0	0	graphics-like naming or embedded incbin/byte runs	EXTRACT graphics source where format is clear
GRAPHICS	medium	src/data/banim/dat_data_banim_p107.c	5	74-87	.rodata.dat_data_banim_p107	AnimSprite_EfxDevineOBJ_5	"{""short"": 9}"	0	0	54	0	0	graphics-like naming or embedded incbin/byte runs	EXTRACT graphics source where format is clear
GRAPHICS	medium	src/data/banim/dat_data_banim_p107.c	6	88-99	.rodata.dat_data_banim_p107	AnimSprite_EfxDevineOBJ_6	"{""short"": 7}"	0	0	42	0	0	graphics-like naming or embedded incbin/byte runs	EXTRACT graphics source where format is clear
GRAPHICS	medium	src/data/banim/dat_data_banim_p107.c	7	100-113	.rodata.dat_data_banim_p107	AnimSprite_EfxDevineOBJ_7	"{""short"": 9}"	0	0	54	0	0	graphics-like naming or embedded incbin/byte runs	EXTRACT graphics source where format is clear
GRAPHICS	medium	src/data/banim/dat_data_banim_p107.c	8	114-127	.rodata.dat_data_banim_p107	AnimSprite_EfxDevineOBJ_8	"{""short"": 9}"	0	0	54	0	0	graphics-like naming or embedded incbin/byte runs	EXTRACT graphics source where format is clear
GRAPHICS	medium	src/data/banim/dat_data_banim_p107.c	9	128-137	.rodata.dat_data_banim_p107	AnimSprite_EfxDevineOBJ_9	"{""short"": 5}"	0	0	30	0	0	graphics-like naming or embedded incbin/byte runs	EXTRACT graphics source where format is clear
GRAPHICS	medium	src/data/banim/dat_data_banim_p107.c	10	138-153	.rodata.dat_data_banim_p107	AnimSprite_EfxDevineOBJ_10	"{""short"": 11}"	0	0	66	0	0	graphics-like naming or embedded incbin/byte runs	EXTRACT graphics source where format is clear
GRAPHICS	medium	src/data/banim/dat_data_banim_p107.c	11	154-170	.rodata.dat_data_banim_p107	AnimSprite_EfxDevineOBJ_11	"{""short"": 12}"	0	0	72	0	0	graphics-like naming or embedded incbin/byte runs	EXTRACT graphics source where format is clear
GRAPHICS	medium	src/data/banim/dat_data_banim_p107.c	12	171-184	.rodata.dat_data_banim_p107	AnimSprite_EfxDevineOBJ_12	"{""short"": 9}"	0	0	54	0	0	graphics-like naming or embedded incbin/byte runs	EXTRACT graphics source where format is clear
GRAPHICS	medium	src/data/banim/dat_data_banim_p107.c	13	185-194	.rodata.dat_data_banim_p107	AnimSprite_EfxDevineOBJ_13	"{""short"": 5}"	0	0	30	0	0	graphics-like naming or embedded incbin/byte runs	EXTRACT graphics source where format is clear
GRAPHICS	medium	src/data/banim/dat_data_banim_p107.c	14	195-202	.rodata.dat_data_banim_p107	AnimSprite_EfxDevineOBJ_14	"{""short"": 3}"	0	0	18	0	0	graphics-like naming or embedded incbin/byte runs	EXTRACT graphics source where format is clear
GRAPHICS	medium	src/data/banim/dat_data_banim_p11.c	1	8-15	.rodata.dat_data_banim_p11	AnimSprite_Banim_0	"{""short"": 3}"	0	0	18	0	0	graphics-like naming or embedded incbin/byte runs	EXTRACT graphics source where format is clear
GRAPHICS	medium	src/data/banim/dat_data_banim_p11.c	2	16-23	.rodata.dat_data_banim_p11	AnimSprite_EfxTeyariObjType0Right_0	"{""short"": 3}"	0	0	18	0	0	graphics-like naming or embedded incbin/byte runs	EXTRACT graphics source where format is clear
DATA_TABLE	medium	src/data/banim/dat_data_banim_p11.c	3	24-30	.rodata.dat_data_banim_p11	AnimSprite_EfxTeyariObjType0Right_1	"{""short"": 2}"	0	0	12	0	0	structured scalar/pointer data	EXTRACT typed C or fix false pointer after source/consumer/FE8U audit
GRAPHICS	medium	src/data/banim/dat_data_banim_p11.c	4	31-38	.rodata.dat_data_banim_p11	AnimSprite_EfxTeyariObjType0Right_2	"{""short"": 3}"	0	0	18	0	0	graphics-like naming or embedded incbin/byte runs	EXTRACT graphics source where format is clear
GRAPHICS	medium	src/data/banim/dat_data_banim_p11.c	5	39-46	.rodata.dat_data_banim_p11	AnimSprite_EfxTeyariObjType0Right_3	"{""short"": 3}"	0	0	18	0	0	graphics-like naming or embedded incbin/byte runs	EXTRACT graphics source where format is clear
GRAPHICS	medium	src/data/banim/dat_data_banim_p11.c	6	47-54	.rodata.dat_data_banim_p11	AnimSprite_EfxTeyariObjType0Right_4	"{""short"": 3}"	0	0	18	0	0	graphics-like naming or embedded incbin/byte runs	EXTRACT graphics source where format is clear
GRAPHICS	medium	src/data/banim/dat_data_banim_p11.c	7	55-62	.rodata.dat_data_banim_p11	AnimSprite_EfxTeyariObjType0Right_5	"{""short"": 3}"	0	0	18	0	0	graphics-like naming or embedded incbin/byte runs	EXTRACT graphics source where format is clear
GRAPHICS	medium	src/data/banim/dat_data_banim_p11.c	8	63-70	.rodata.dat_data_banim_p11	AnimSprite_EfxTeyariObjType0Right_6	"{""short"": 3}"	0	0	18	0	0	graphics-like naming or embedded incbin/byte runs	EXTRACT graphics source where format is clear
GRAPHICS	medium	src/data/banim/dat_data_banim_p11.c	9	71-78	.rodata.dat_data_banim_p11	AnimSprite_EfxTeyariObjType0Right_7	"{""short"": 3}"	0	0	18	0	0	graphics-like naming or embedded incbin/byte runs	EXTRACT graphics source where format is clear
GRAPHICS	medium	src/data/banim/dat_data_banim_p110.c	1	10-29	.rodata.dat_data_banim_p110	AnimSprite_EfxHazymoonOBJ2_2_4	"{""short"": 15}"	0	0	90	0	0	graphics-like naming or embedded incbin/byte runs	EXTRACT graphics source where format is clear
GRAPHICS	medium	src/data/banim/dat_data_banim_p111.c	1	8-27	.rodata.dat_data_banim_p111	AnimSprite_EfxHazymoonOBJ2_3_2	"{""short"": 15}"	0	0	90	0	0	graphics-like naming or embedded incbin/byte runs	EXTRACT graphics source where format is clear
GRAPHICS	medium	src/data/banim/dat_data_banim_p111.c	2	29-48	.rodata.dat_data_banim_p111	AnimSprite_EfxHazymoonOBJ2_3_4	"{""short"": 15}"	0	0	90	0	0	graphics-like naming or embedded incbin/byte runs	EXTRACT graphics source where format is clear
GRAPHICS	medium	src/data/banim/dat_data_banim_p116.c	1	13-20	.rodata.dat_data_banim_p116	AnimSprite_EfxFenrir_1	"{""short"": 3}"	0	0	18	0	0	graphics-like naming or embedded incbin/byte runs	EXTRACT graphics source where format is clear
GRAPHICS	medium	src/data/banim/dat_data_banim_p116.c	2	21-29	.rodata.dat_data_banim_p116	AnimSprite_EfxFenrir_2	"{""short"": 4}"	0	0	24	0	0	graphics-like naming or embedded incbin/byte runs	EXTRACT graphics source where format is clear
GRAPHICS	medium	src/data/banim/dat_data_banim_p116.c	3	30-38	.rodata.dat_data_banim_p116	AnimSprite_EfxFenrir_3	"{""short"": 4}"	0	0	24	0	0	graphics-like naming or embedded incbin/byte runs	EXTRACT graphics source where format is clear
DATA_TABLE	medium	src/data/banim/dat_data_banim_p116.c	4	39-45	.rodata.dat_data_banim_p116	AnimSprite_EfxFenrir_4	"{""short"": 2}"	0	0	12	0	0	structured scalar/pointer data	EXTRACT typed C or fix false pointer after source/consumer/FE8U audit
GRAPHICS	medium	src/data/banim/dat_data_banim_p116.c	5	46-53	.rodata.dat_data_banim_p116	AnimSprite_EfxFenrir_5	"{""short"": 3}"	0	0	18	0	0	graphics-like naming or embedded incbin/byte runs	EXTRACT graphics source where format is clear
GRAPHICS	medium	src/data/banim/dat_data_banim_p116.c	6	54-61	.rodata.dat_data_banim_p116	AnimSprite_EfxFenrir_6	"{""short"": 3}"	0	0	18	0	0	graphics-like naming or embedded incbin/byte runs	EXTRACT graphics source where format is clear
DATA_TABLE	medium	src/data/banim/dat_data_banim_p116.c	7	62-68	.rodata.dat_data_banim_p116	AnimSprite_EfxFenrir_7	"{""short"": 2}"	0	0	12	0	0	structured scalar/pointer data	EXTRACT typed C or fix false pointer after source/consumer/FE8U audit
GRAPHICS	medium	src/data/banim/dat_data_banim_p116.c	8	69-86	.rodata.dat_data_banim_p116	AnimSprite_EfxFenrir_8	"{""short"": 13}"	0	0	78	0	0	graphics-like naming or embedded incbin/byte runs	EXTRACT graphics source where format is clear
GRAPHICS	medium	src/data/banim/dat_data_banim_p116.c	9	87-104	.rodata.dat_data_banim_p116	AnimSprite_EfxFenrir_9	"{""short"": 13}"	0	0	78	0	0	graphics-like naming or embedded incbin/byte runs	EXTRACT graphics source where format is clear
GRAPHICS	medium	src/data/banim/dat_data_banim_p116.c	10	105-122	.rodata.dat_data_banim_p116	AnimSprite_EfxFenrir_10	"{""short"": 13}"	0	0	78	0	0	graphics-like naming or embedded incbin/byte runs	EXTRACT graphics source where format is clear
GRAPHICS	medium	src/data/banim/dat_data_banim_p116.c	11	123-140	.rodata.dat_data_banim_p116	AnimSprite_EfxFenrir_11	"{""short"": 13}"	0	0	78	0	0	graphics-like naming or embedded incbin/byte runs	EXTRACT graphics source where format is clear
GRAPHICS	medium	src/data/banim/dat_data_banim_p116.c	12	141-158	.rodata.dat_data_banim_p116	AnimSprite_EfxFenrir_12	"{""short"": 13}"	0	0	78	0	0	graphics-like naming or embedded incbin/byte runs	EXTRACT graphics source where format is clear
GRAPHICS	medium	src/data/banim/dat_data_banim_p116.c	13	159-176	.rodata.dat_data_banim_p116	AnimSprite_EfxFenrir_13	"{""short"": 13}"	0	0	78	0	0	graphics-like naming or embedded incbin/byte runs	EXTRACT graphics source where format is clear
GRAPHICS	medium	src/data/banim/dat_data_banim_p116.c	14	177-194	.rodata.dat_data_banim_p116	AnimSprite_EfxFenrir_14	"{""short"": 13}"	0	0	78	0	0	graphics-like naming or embedded incbin/byte runs	EXTRACT graphics source where format is clear
GRAPHICS	medium	src/data/banim/dat_data_banim_p116.c	15	195-212	.rodata.dat_data_banim_p116	AnimSprite_EfxFenrir_15	"{""short"": 13}"	0	0	78	0	0	graphics-like naming or embedded incbin/byte runs	EXTRACT graphics source where format is clear
GRAPHICS	medium	src/data/banim/dat_data_banim_p116.c	16	213-226	.rodata.dat_data_banim_p116	AnimSprite_EfxFenrir_16	"{""short"": 9}"	0	0	54	0	0	graphics-like naming or embedded incbin/byte runs	EXTRACT graphics source where format is clear
GRAPHICS	medium	src/data/banim/dat_data_banim_p116.c	17	227-244	.rodata.dat_data_banim_p116	AnimSprite_EfxFenrir_17	"{""short"": 13}"	0	0	78	0	0	graphics-like naming or embedded incbin/byte runs	EXTRACT graphics source where format is clear
GRAPHICS	medium	src/data/banim/dat_data_banim_p116.c	18	245-253	.rodata.dat_data_banim_p116	AnimSprite_EfxFenrir_18	"{""short"": 4}"	0	0	24	0	0	graphics-like naming or embedded incbin/byte runs	EXTRACT graphics source where format is clear
GRAPHICS	medium	src/data/banim/dat_data_banim_p116.c	19	254-262	.rodata.dat_data_banim_p116	AnimSprite_EfxFenrir_19	"{""short"": 4}"	0	0	24	0	0	graphics-like naming or embedded incbin/byte runs	EXTRACT graphics source where format is clear
GRAPHICS	medium	src/data/banim/dat_data_banim_p116.c	20	263-270	.rodata.dat_data_banim_p116	AnimSprite_EfxFenrir_20	"{""short"": 3}"	0	0	18	0	0	graphics-like naming or embedded incbin/byte runs	EXTRACT graphics source where format is clear
GRAPHICS	medium	src/data/banim/dat_data_banim_p116.c	21	271-278	.rodata.dat_data_banim_p116	AnimSprite_EfxFenrir_21	"{""short"": 3}"	0	0	18	0	0	graphics-like naming or embedded incbin/byte runs	EXTRACT graphics source where format is clear
GRAPHICS	medium	src/data/banim/dat_data_banim_p116.c	22	279-296	.rodata.dat_data_banim_p116	AnimSprite_EfxFenrir_22	"{""short"": 13}"	0	0	78	0	0	graphics-like naming or embedded incbin/byte runs	EXTRACT graphics source where format is clear
GRAPHICS	medium	src/data/banim/dat_data_banim_p116.c	23	297-314	.rodata.dat_data_banim_p116	AnimSprite_EfxFenrir_23	"{""short"": 13}"	0	0	78	0	0	graphics-like naming or embedded incbin/byte runs	EXTRACT graphics source where format is clear
GRAPHICS	medium	src/data/banim/dat_data_banim_p116.c	24	315-332	.rodata.dat_data_banim_p116	AnimSprite_EfxFenrir_24	"{""short"": 13}"	0	0	78	0	0	graphics-like naming or embedded incbin/byte runs	EXTRACT graphics source where format is clear
GRAPHICS	medium	src/data/banim/dat_data_banim_p116.c	25	333-350	.rodata.dat_data_banim_p116	AnimSprite_EfxFenrir_25	"{""short"": 13}"	0	0	78	0	0	graphics-like naming or embedded incbin/byte runs	EXTRACT graphics source where format is clear
GRAPHICS	medium	src/data/banim/dat_data_banim_p116.c	26	351-368	.rodata.dat_data_banim_p116	AnimSprite_EfxFenrir_26	"{""short"": 13}"	0	0	78	0	0	graphics-like naming or embedded incbin/byte runs	EXTRACT graphics source where format is clear
GRAPHICS	medium	src/data/banim/dat_data_banim_p116.c	27	369-386	.rodata.dat_data_banim_p116	AnimSprite_EfxFenrir_27	"{""short"": 13}"	0	0	78	0	0	graphics-like naming or embedded incbin/byte runs	EXTRACT graphics source where format is clear
GRAPHICS	medium	src/data/banim/dat_data_banim_p116.c	28	387-404	.rodata.dat_data_banim_p116	AnimSprite_EfxFenrir_28	"{""short"": 13}"	0	0	78	0	0	graphics-like naming or embedded incbin/byte runs	EXTRACT graphics source where format is clear
GRAPHICS	medium	src/data/banim/dat_data_banim_p116.c	29	405-422	.rodata.dat_data_banim_p116	AnimSprite_EfxFenrir_29	"{""short"": 13}"	0	0	78	0	0	graphics-like naming or embedded incbin/byte runs	EXTRACT graphics source where format is clear
DATA_TABLE	medium	src/data/banim/dat_data_banim_p116.c	30	423-429	.rodata.dat_data_banim_p116	AnimSprite_EfxFenrir_30	"{""short"": 2}"	0	0	12	0	0	structured scalar/pointer data	EXTRACT typed C or fix false pointer after source/consumer/FE8U audit
GRAPHICS	medium	src/data/banim/dat_data_banim_p123.c	1	8-15	.rodata.dat_data_banim_p123	AnimSprite_EfxLiveOBJ_1	"{""short"": 3}"	0	0	18	0	0	graphics-like naming or embedded incbin/byte runs	EXTRACT graphics source where format is clear
GRAPHICS	medium	src/data/banim/dat_data_banim_p123.c	2	16-24	.rodata.dat_data_banim_p123	AnimSprite_EfxLiveOBJ_2	"{""short"": 4}"	0	0	24	0	0	graphics-like naming or embedded incbin/byte runs	EXTRACT graphics source where format is clear
GRAPHICS	medium	src/data/banim/dat_data_banim_p123.c	3	25-33	.rodata.dat_data_banim_p123	AnimSprite_EfxLiveOBJ_3	"{""short"": 4}"	0	0	24	0	0	graphics-like naming or embedded incbin/byte runs	EXTRACT graphics source where format is clear
GRAPHICS	medium	src/data/banim/dat_data_banim_p123.c	4	34-42	.rodata.dat_data_banim_p123	AnimSprite_EfxLiveOBJ_4	"{""short"": 4}"	0	0	24	0	0	graphics-like naming or embedded incbin/byte runs	EXTRACT graphics source where format is clear
GRAPHICS	medium	src/data/banim/dat_data_banim_p123.c	5	43-53	.rodata.dat_data_banim_p123	AnimSprite_EfxLiveOBJ_5	"{""short"": 6}"	0	0	36	0	0	graphics-like naming or embedded incbin/byte runs	EXTRACT graphics source where format is clear
GRAPHICS	medium	src/data/banim/dat_data_banim_p123.c	6	54-64	.rodata.dat_data_banim_p123	AnimSprite_EfxLiveOBJ_6	"{""short"": 6}"	0	0	36	0	0	graphics-like naming or embedded incbin/byte runs	EXTRACT graphics source where format is clear
GRAPHICS	medium	src/data/banim/dat_data_banim_p123.c	7	65-75	.rodata.dat_data_banim_p123	AnimSprite_EfxLiveOBJ_7	"{""short"": 6}"	0	0	36	0	0	graphics-like naming or embedded incbin/byte runs	EXTRACT graphics source where format is clear
GRAPHICS	medium	src/data/banim/dat_data_banim_p123.c	8	76-86	.rodata.dat_data_banim_p123	AnimSprite_EfxLiveOBJ_8	"{""short"": 6}"	0	0	36	0	0	graphics-like naming or embedded incbin/byte runs	EXTRACT graphics source where format is clear
GRAPHICS	medium	src/data/banim/dat_data_banim_p123.c	9	87-97	.rodata.dat_data_banim_p123	AnimSprite_EfxLiveOBJ_9	"{""short"": 6}"	0	0	36	0	0	graphics-like naming or embedded incbin/byte runs	EXTRACT graphics source where format is clear
GRAPHICS	medium	src/data/banim/dat_data_banim_p123.c	10	99-113	.rodata.dat_data_banim_p123	AnimSprite_EfxLiveOBJ_11	"{""short"": 10}"	0	0	60	0	0	graphics-like naming or embedded incbin/byte runs	EXTRACT graphics source where format is clear
GRAPHICS	medium	src/data/banim/dat_data_banim_p123.c	11	114-128	.rodata.dat_data_banim_p123	AnimSprite_EfxLiveOBJ_12	"{""short"": 10}"	0	0	60	0	0	graphics-like naming or embedded incbin/byte runs	EXTRACT graphics source where format is clear
GRAPHICS	medium	src/data/banim/dat_data_banim_p123.c	12	129-143	.rodata.dat_data_banim_p123	AnimSprite_EfxLiveOBJ_13	"{""short"": 10}"	0	0	60	0	0	graphics-like naming or embedded incbin/byte runs	EXTRACT graphics source where format is clear
GRAPHICS	medium	src/data/banim/dat_data_banim_p123.c	13	144-159	.rodata.dat_data_banim_p123	AnimSprite_EfxLiveOBJ_14	"{""short"": 11}"	0	0	66	0	0	graphics-like naming or embedded incbin/byte runs	EXTRACT graphics source where format is clear
GRAPHICS	medium	src/data/banim/dat_data_banim_p123.c	14	160-175	.rodata.dat_data_banim_p123	AnimSprite_EfxLiveOBJ_15	"{""short"": 11}"	0	0	66	0	0	graphics-like naming or embedded incbin/byte runs	EXTRACT graphics source where format is clear
GRAPHICS	medium	src/data/banim/dat_data_banim_p123.c	15	176-191	.rodata.dat_data_banim_p123	AnimSprite_EfxLiveOBJ_16	"{""short"": 11}"	0	0	66	0	0	graphics-like naming or embedded incbin/byte runs	EXTRACT graphics source where format is clear
GRAPHICS	medium	src/data/banim/dat_data_banim_p123.c	16	192-207	.rodata.dat_data_banim_p123	AnimSprite_EfxLiveOBJ_17	"{""short"": 11}"	0	0	66	0	0	graphics-like naming or embedded incbin/byte runs	EXTRACT graphics source where format is clear
GRAPHICS	medium	src/data/banim/dat_data_banim_p123.c	17	208-222	.rodata.dat_data_banim_p123	AnimSprite_EfxLiveOBJ_18	"{""short"": 10}"	0	0	60	0	0	graphics-like naming or embedded incbin/byte runs	EXTRACT graphics source where format is clear
GRAPHICS	medium	src/data/banim/dat_data_banim_p123.c	18	223-237	.rodata.dat_data_banim_p123	AnimSprite_EfxLiveOBJ_19	"{""short"": 10}"	0	0	60	0	0	graphics-like naming or embedded incbin/byte runs	EXTRACT graphics source where format is clear
GRAPHICS	medium	src/data/banim/dat_data_banim_p123.c	19	238-252	.rodata.dat_data_banim_p123	AnimSprite_EfxLiveOBJ_20	"{""short"": 10}"	0	0	60	0	0	graphics-like naming or embedded incbin/byte runs	EXTRACT graphics source where format is clear
GRAPHICS	medium	src/data/banim/dat_data_banim_p123.c	20	253-267	.rodata.dat_data_banim_p123	AnimSprite_EfxLiveOBJ_21	"{""short"": 10}"	0	0	60	0	0	graphics-like naming or embedded incbin/byte runs	EXTRACT graphics source where format is clear
GRAPHICS	medium	src/data/banim/dat_data_banim_p123.c	21	268-282	.rodata.dat_data_banim_p123	AnimSprite_EfxLiveOBJ_22	"{""short"": 10}"	0	0	60	0	0	graphics-like naming or embedded incbin/byte runs	EXTRACT graphics source where format is clear
GRAPHICS	medium	src/data/banim/dat_data_banim_p123.c	22	283-298	.rodata.dat_data_banim_p123	AnimSprite_EfxLiveOBJ_23	"{""short"": 11}"	0	0	66	0	0	graphics-like naming or embedded incbin/byte runs	EXTRACT graphics source where format is clear
GRAPHICS	medium	src/data/banim/dat_data_banim_p123.c	23	299-314	.rodata.dat_data_banim_p123	AnimSprite_EfxLiveOBJ_24	"{""short"": 11}"	0	0	66	0	0	graphics-like naming or embedded incbin/byte runs	EXTRACT graphics source where format is clear
GRAPHICS	medium	src/data/banim/dat_data_banim_p123.c	24	315-330	.rodata.dat_data_banim_p123	AnimSprite_EfxLiveOBJ_25	"{""short"": 11}"	0	0	66	0	0	graphics-like naming or embedded incbin/byte runs	EXTRACT graphics source where format is clear
GRAPHICS	medium	src/data/banim/dat_data_banim_p123.c	25	331-346	.rodata.dat_data_banim_p123	AnimSprite_EfxLiveOBJ_26	"{""short"": 11}"	0	0	66	0	0	graphics-like naming or embedded incbin/byte runs	EXTRACT graphics source where format is clear
GRAPHICS	medium	src/data/banim/dat_data_banim_p123.c	26	347-362	.rodata.dat_data_banim_p123	AnimSprite_EfxLiveOBJ_27	"{""short"": 11}"	0	0	66	0	0	graphics-like naming or embedded incbin/byte runs	EXTRACT graphics source where format is clear
GRAPHICS	medium	src/data/banim/dat_data_banim_p123.c	27	363-378	.rodata.dat_data_banim_p123	AnimSprite_EfxLiveOBJ_28	"{""short"": 11}"	0	0	66	0	0	graphics-like naming or embedded incbin/byte runs	EXTRACT graphics source where format is clear
GRAPHICS	medium	src/data/banim/dat_data_banim_p123.c	28	379-393	.rodata.dat_data_banim_p123	AnimSprite_EfxLiveOBJ_29	"{""short"": 10}"	0	0	60	0	0	graphics-like naming or embedded incbin/byte runs	EXTRACT graphics source where format is clear
GRAPHICS	medium	src/data/banim/dat_data_banim_p123.c	29	394-404	.rodata.dat_data_banim_p123	AnimSprite_EfxLiveOBJ_30	"{""short"": 6}"	0	0	36	0	0	graphics-like naming or embedded incbin/byte runs	EXTRACT graphics source where format is clear
GRAPHICS	medium	src/data/banim/dat_data_banim_p123.c	30	405-415	.rodata.dat_data_banim_p123	AnimSprite_EfxLiveOBJ_31	"{""short"": 6}"	0	0	36	0	0	graphics-like naming or embedded incbin/byte runs	EXTRACT graphics source where format is clear
GRAPHICS	medium	src/data/banim/dat_data_banim_p123.c	31	416-426	.rodata.dat_data_banim_p123	AnimSprite_EfxLiveOBJ_32	"{""short"": 6}"	0	0	36	0	0	graphics-like naming or embedded incbin/byte runs	EXTRACT graphics source where format is clear
GRAPHICS	medium	src/data/banim/dat_data_banim_p123.c	32	427-437	.rodata.dat_data_banim_p123	AnimSprite_EfxLiveOBJ_33	"{""short"": 6}"	0	0	36	0	0	graphics-like naming or embedded incbin/byte runs	EXTRACT graphics source where format is clear
GRAPHICS	medium	src/data/banim/dat_data_banim_p123.c	33	438-445	.rodata.dat_data_banim_p123	AnimSprite_EfxLiveOBJ_34	"{""short"": 3}"	0	0	18	0	0	graphics-like naming or embedded incbin/byte runs	EXTRACT graphics source where format is clear
GRAPHICS	medium	src/data/banim/dat_data_banim_p123.c	34	446-453	.rodata.dat_data_banim_p123	AnimSprite_EfxLiveOBJ_35	"{""short"": 3}"	0	0	18	0	0	graphics-like naming or embedded incbin/byte runs	EXTRACT graphics source where format is clear
DATA_TABLE	medium	src/data/banim/dat_data_banim_p123.c	35	454-460	.rodata.dat_data_banim_p123	AnimSprite_EfxLiveOBJ_36	"{""short"": 2}"	0	0	12	0	0	structured scalar/pointer data	EXTRACT typed C or fix false pointer after source/consumer/FE8U audit
GRAPHICS	medium	src/data/banim/dat_data_banim_p123.c	36	461-468	.rodata.dat_data_banim_p123	AnimSprite_EfxLiveOBJ_37	"{""short"": 3}"	0	0	18	0	0	graphics-like naming or embedded incbin/byte runs	EXTRACT graphics source where format is clear
GRAPHICS	medium	src/data/banim/dat_data_banim_p123.c	37	469-477	.rodata.dat_data_banim_p123	AnimSprite_EfxLiveOBJ_38	"{""short"": 4}"	0	0	24	0	0	graphics-like naming or embedded incbin/byte runs	EXTRACT graphics source where format is clear
GRAPHICS	medium	src/data/banim/dat_data_banim_p123.c	38	478-486	.rodata.dat_data_banim_p123	AnimSprite_EfxLiveOBJ_39	"{""short"": 4}"	0	0	24	0	0	graphics-like naming or embedded incbin/byte runs	EXTRACT graphics source where format is clear
GRAPHICS	medium	src/data/banim/dat_data_banim_p123.c	39	487-495	.rodata.dat_data_banim_p123	AnimSprite_EfxLiveOBJ_40	"{""short"": 4}"	0	0	24	0	0	graphics-like naming or embedded incbin/byte runs	EXTRACT graphics source where format is clear
GRAPHICS	medium	src/data/banim/dat_data_banim_p123.c	40	496-505	.rodata.dat_data_banim_p123	AnimSprite_EfxLiveOBJ_41	"{""short"": 5}"	0	0	30	0	0	graphics-like naming or embedded incbin/byte runs	EXTRACT graphics source where format is clear
GRAPHICS	medium	src/data/banim/dat_data_banim_p123.c	41	506-515	.rodata.dat_data_banim_p123	AnimSprite_EfxLiveOBJ_42	"{""short"": 5}"	0	0	30	0	0	graphics-like naming or embedded incbin/byte runs	EXTRACT graphics source where format is clear
GRAPHICS	medium	src/data/banim/dat_data_banim_p123.c	42	516-526	.rodata.dat_data_banim_p123	AnimSprite_EfxLiveOBJ_43	"{""short"": 6}"	0	0	36	0	0	graphics-like naming or embedded incbin/byte runs	EXTRACT graphics source where format is clear
GRAPHICS	medium	src/data/banim/dat_data_banim_p123.c	43	527-538	.rodata.dat_data_banim_p123	AnimSprite_EfxLiveOBJ_44	"{""short"": 7}"	0	0	42	0	0	graphics-like naming or embedded incbin/byte runs	EXTRACT graphics source where format is clear
GRAPHICS	medium	src/data/banim/dat_data_banim_p123.c	44	539-550	.rodata.dat_data_banim_p123	AnimSprite_EfxLiveOBJ_45	"{""short"": 7}"	0	0	42	0	0	graphics-like naming or embedded incbin/byte runs	EXTRACT graphics source where format is clear
GRAPHICS	medium	src/data/banim/dat_data_banim_p123.c	45	551-562	.rodata.dat_data_banim_p123	AnimSprite_EfxLiveOBJ_46	"{""short"": 7}"	0	0	42	0	0	graphics-like naming or embedded incbin/byte runs	EXTRACT graphics source where format is clear
GRAPHICS	medium	src/data/banim/dat_data_banim_p123.c	46	563-574	.rodata.dat_data_banim_p123	AnimSprite_EfxLiveOBJ_47	"{""short"": 7}"	0	0	42	0	0	graphics-like naming or embedded incbin/byte runs	EXTRACT graphics source where format is clear
GRAPHICS	medium	src/data/banim/dat_data_banim_p123.c	47	575-586	.rodata.dat_data_banim_p123	AnimSprite_EfxLiveOBJ_48	"{""short"": 7}"	0	0	42	0	0	graphics-like naming or embedded incbin/byte runs	EXTRACT graphics source where format is clear
GRAPHICS	medium	src/data/banim/dat_data_banim_p123.c	48	587-598	.rodata.dat_data_banim_p123	AnimSprite_EfxLiveOBJ_49	"{""short"": 7}"	0	0	42	0	0	graphics-like naming or embedded incbin/byte runs	EXTRACT graphics source where format is clear
GRAPHICS	medium	src/data/banim/dat_data_banim_p123.c	49	599-608	.rodata.dat_data_banim_p123	AnimSprite_EfxLiveOBJ_50	"{""short"": 5}"	0	0	30	0	0	graphics-like naming or embedded incbin/byte runs	EXTRACT graphics source where format is clear
GRAPHICS	medium	src/data/banim/dat_data_banim_p123.c	50	609-618	.rodata.dat_data_banim_p123	AnimSprite_EfxLiveOBJ_51	"{""short"": 5}"	0	0	30	0	0	graphics-like naming or embedded incbin/byte runs	EXTRACT graphics source where format is clear
GRAPHICS	medium	src/data/banim/dat_data_banim_p123.c	51	619-628	.rodata.dat_data_banim_p123	AnimSprite_EfxLiveOBJ_52	"{""short"": 5}"	0	0	30	0	0	graphics-like naming or embedded incbin/byte runs	EXTRACT graphics source where format is clear
GRAPHICS	medium	src/data/banim/dat_data_banim_p123.c	52	629-636	.rodata.dat_data_banim_p123	AnimSprite_EfxLiveOBJ_53	"{""short"": 3}"	0	0	18	0	0	graphics-like naming or embedded incbin/byte runs	EXTRACT graphics source where format is clear
GRAPHICS	medium	src/data/banim/dat_data_banim_p123.c	53	637-644	.rodata.dat_data_banim_p123	AnimSprite_EfxLiveOBJ_54	"{""short"": 3}"	0	0	18	0	0	graphics-like naming or embedded incbin/byte runs	EXTRACT graphics source where format is clear
GRAPHICS	medium	src/data/banim/dat_data_banim_p123.c	54	645-652	.rodata.dat_data_banim_p123	AnimSprite_EfxLiveOBJ_55	"{""short"": 3}"	0	0	18	0	0	graphics-like naming or embedded incbin/byte runs	EXTRACT graphics source where format is clear
GRAPHICS	medium	src/data/banim/dat_data_banim_p124.c	1	7-18	.rodata.dat_data_banim_p124	AnimSprite_EfxLiveOBJ_62	"{""short"": 7}"	0	0	42	0	0	graphics-like naming or embedded incbin/byte runs	EXTRACT graphics source where format is clear
GRAPHICS	medium	src/data/banim/dat_data_banim_p124.c	2	19-30	.rodata.dat_data_banim_p124	AnimSprite_EfxLiveOBJ_63	"{""short"": 7}"	0	0	42	0	0	graphics-like naming or embedded incbin/byte runs	EXTRACT graphics source where format is clear
GRAPHICS	medium	src/data/banim/dat_data_banim_p124.c	3	31-42	.rodata.dat_data_banim_p124	AnimSprite_EfxLiveOBJ_64	"{""short"": 7}"	0	0	42	0	0	graphics-like naming or embedded incbin/byte runs	EXTRACT graphics source where format is clear
GRAPHICS	medium	src/data/banim/dat_data_banim_p124.c	4	43-54	.rodata.dat_data_banim_p124	AnimSprite_EfxLiveOBJ_65	"{""short"": 7}"	0	0	42	0	0	graphics-like naming or embedded incbin/byte runs	EXTRACT graphics source where format is clear
GRAPHICS	medium	src/data/banim/dat_data_banim_p124.c	5	59-70	.rodata.dat_data_banim_p124	AnimSprite_EfxLiveOBJ_70	"{""short"": 7}"	0	0	42	0	0	graphics-like naming or embedded incbin/byte runs	EXTRACT graphics source where format is clear
GRAPHICS	medium	src/data/banim/dat_data_banim_p124.c	6	71-81	.rodata.dat_data_banim_p124	AnimSprite_EfxLiveOBJ_71	"{""short"": 6}"	0	0	36	0	0	graphics-like naming or embedded incbin/byte runs	EXTRACT graphics source where format is clear
GRAPHICS	medium	src/data/banim/dat_data_banim_p124.c	7	82-91	.rodata.dat_data_banim_p124	AnimSprite_EfxLiveOBJ_72	"{""short"": 5}"	0	0	30	0	0	graphics-like naming or embedded incbin/byte runs	EXTRACT graphics source where format is clear
GRAPHICS	medium	src/data/banim/dat_data_banim_p124.c	8	92-101	.rodata.dat_data_banim_p124	AnimSprite_EfxLiveOBJ_73	"{""short"": 5}"	0	0	30	0	0	graphics-like naming or embedded incbin/byte runs	EXTRACT graphics source where format is clear
GRAPHICS	medium	src/data/banim/dat_data_banim_p124.c	9	102-110	.rodata.dat_data_banim_p124	AnimSprite_EfxLiveOBJ_74	"{""short"": 4}"	0	0	24	0	0	graphics-like naming or embedded incbin/byte runs	EXTRACT graphics source where format is clear
GRAPHICS	medium	src/data/banim/dat_data_banim_p124.c	10	111-167	.rodata.dat_data_banim_p124	AnimSprite_EfxLiveOBJ_75	"{""short"": 52}"	0	0	312	0	0	graphics-like naming or embedded incbin/byte runs	EXTRACT graphics source where format is clear
GRAPHICS	medium	src/data/banim/dat_data_banim_p124.c	11	168-222	.rodata.dat_data_banim_p124	AnimSprite_EfxLiveOBJ_76	"{""short"": 50}"	0	0	300	0	0	graphics-like naming or embedded incbin/byte runs	EXTRACT graphics source where format is clear
GRAPHICS	medium	src/data/banim/dat_data_banim_p124.c	12	223-230	.rodata.dat_data_banim_p124	AnimSprite_EfxLiveOBJ_77	"{""short"": 3}"	0	0	18	0	0	graphics-like naming or embedded incbin/byte runs	EXTRACT graphics source where format is clear
GRAPHICS	medium	src/data/banim/dat_data_banim_p124.c	13	231-238	.rodata.dat_data_banim_p124	AnimSprite_EfxLiveOBJ_78	"{""short"": 3}"	0	0	18	0	0	graphics-like naming or embedded incbin/byte runs	EXTRACT graphics source where format is clear
GRAPHICS	medium	src/data/banim/dat_data_banim_p125.c	1	7-17	.rodata.dat_data_banim_p125	AnimSprite_EfxLiveOBJ_80	"{""short"": 6}"	0	0	36	0	0	graphics-like naming or embedded incbin/byte runs	EXTRACT graphics source where format is clear
GRAPHICS	medium	src/data/banim/dat_data_banim_p125.c	2	18-27	.rodata.dat_data_banim_p125	AnimSprite_EfxLiveOBJ_81	"{""short"": 5}"	0	0	30	0	0	graphics-like naming or embedded incbin/byte runs	EXTRACT graphics source where format is clear
GRAPHICS	medium	src/data/banim/dat_data_banim_p125.c	3	28-39	.rodata.dat_data_banim_p125	AnimSprite_EfxLiveOBJ_82	"{""short"": 7}"	0	0	42	0	0	graphics-like naming or embedded incbin/byte runs	EXTRACT graphics source where format is clear
GRAPHICS	medium	src/data/banim/dat_data_banim_p125.c	4	40-51	.rodata.dat_data_banim_p125	AnimSprite_EfxLiveOBJ_83	"{""short"": 7}"	0	0	42	0	0	graphics-like naming or embedded incbin/byte runs	EXTRACT graphics source where format is clear
GRAPHICS	medium	src/data/banim/dat_data_banim_p125.c	5	52-63	.rodata.dat_data_banim_p125	AnimSprite_EfxLiveOBJ_84	"{""short"": 7}"	0	0	42	0	0	graphics-like naming or embedded incbin/byte runs	EXTRACT graphics source where format is clear
GRAPHICS	medium	src/data/banim/dat_data_banim_p125.c	6	64-75	.rodata.dat_data_banim_p125	AnimSprite_EfxLiveOBJ_85	"{""short"": 7}"	0	0	42	0	0	graphics-like naming or embedded incbin/byte runs	EXTRACT graphics source where format is clear
GRAPHICS	medium	src/data/banim/dat_data_banim_p125.c	7	76-87	.rodata.dat_data_banim_p125	AnimSprite_EfxLiveOBJ_86	"{""short"": 7}"	0	0	42	0	0	graphics-like naming or embedded incbin/byte runs	EXTRACT graphics source where format is clear
GRAPHICS	medium	src/data/banim/dat_data_banim_p125.c	8	88-99	.rodata.dat_data_banim_p125	AnimSprite_EfxLiveOBJ_87	"{""short"": 7}"	0	0	42	0	0	graphics-like naming or embedded incbin/byte runs	EXTRACT graphics source where format is clear
GRAPHICS	medium	src/data/banim/dat_data_banim_p125.c	9	100-111	.rodata.dat_data_banim_p125	AnimSprite_EfxLiveOBJ_88	"{""short"": 7}"	0	0	42	0	0	graphics-like naming or embedded incbin/byte runs	EXTRACT graphics source where format is clear
GRAPHICS	medium	src/data/banim/dat_data_banim_p125.c	10	112-123	.rodata.dat_data_banim_p125	AnimSprite_EfxLiveOBJ_89	"{""short"": 7}"	0	0	42	0	0	graphics-like naming or embedded incbin/byte runs	EXTRACT graphics source where format is clear
GRAPHICS	medium	src/data/banim/dat_data_banim_p125.c	11	124-135	.rodata.dat_data_banim_p125	AnimSprite_EfxLiveOBJ_90	"{""short"": 7}"	0	0	42	0	0	graphics-like naming or embedded incbin/byte runs	EXTRACT graphics source where format is clear
GRAPHICS	medium	src/data/banim/dat_data_banim_p125.c	12	136-147	.rodata.dat_data_banim_p125	AnimSprite_EfxLiveOBJ_91	"{""short"": 7}"	0	0	42	0	0	graphics-like naming or embedded incbin/byte runs	EXTRACT graphics source where format is clear
GRAPHICS	medium	src/data/banim/dat_data_banim_p125.c	13	148-159	.rodata.dat_data_banim_p125	AnimSprite_EfxLiveOBJ_92	"{""short"": 7}"	0	0	42	0	0	graphics-like naming or embedded incbin/byte runs	EXTRACT graphics source where format is clear
GRAPHICS	medium	src/data/banim/dat_data_banim_p125.c	14	160-171	.rodata.dat_data_banim_p125	AnimSprite_EfxLiveOBJ_93	"{""short"": 7}"	0	0	42	0	0	graphics-like naming or embedded incbin/byte runs	EXTRACT graphics source where format is clear
GRAPHICS	medium	src/data/banim/dat_data_banim_p125.c	15	172-183	.rodata.dat_data_banim_p125	AnimSprite_EfxLiveOBJ_94	"{""short"": 7}"	0	0	42	0	0	graphics-like naming or embedded incbin/byte runs	EXTRACT graphics source where format is clear
GRAPHICS	medium	src/data/banim/dat_data_banim_p125.c	16	184-195	.rodata.dat_data_banim_p125	AnimSprite_EfxLiveOBJ_95	"{""short"": 7}"	0	0	42	0	0	graphics-like naming or embedded incbin/byte runs	EXTRACT graphics source where format is clear
GRAPHICS	medium	src/data/banim/dat_data_banim_p125.c	17	196-207	.rodata.dat_data_banim_p125	AnimSprite_EfxLiveOBJ_96	"{""short"": 7}"	0	0	42	0	0	graphics-like naming or embedded incbin/byte runs	EXTRACT graphics source where format is clear
GRAPHICS	medium	src/data/banim/dat_data_banim_p125.c	18	208-219	.rodata.dat_data_banim_p125	AnimSprite_EfxLiveOBJ_97	"{""short"": 7}"	0	0	42	0	0	graphics-like naming or embedded incbin/byte runs	EXTRACT graphics source where format is clear
GRAPHICS	medium	src/data/banim/dat_data_banim_p125.c	19	220-231	.rodata.dat_data_banim_p125	AnimSprite_EfxLiveOBJ_98	"{""short"": 7}"	0	0	42	0	0	graphics-like naming or embedded incbin/byte runs	EXTRACT graphics source where format is clear
GRAPHICS	medium	src/data/banim/dat_data_banim_p125.c	20	232-243	.rodata.dat_data_banim_p125	AnimSprite_EfxLiveOBJ_99	"{""short"": 7}"	0	0	42	0	0	graphics-like naming or embedded incbin/byte runs	EXTRACT graphics source where format is clear
GRAPHICS	medium	src/data/banim/dat_data_banim_p125.c	21	244-255	.rodata.dat_data_banim_p125	AnimSprite_EfxLiveOBJ_100	"{""short"": 7}"	0	0	42	0	0	graphics-like naming or embedded incbin/byte runs	EXTRACT graphics source where format is clear
GRAPHICS	medium	src/data/banim/dat_data_banim_p125.c	22	256-267	.rodata.dat_data_banim_p125	AnimSprite_EfxLiveOBJ_101	"{""short"": 7}"	0	0	42	0	0	graphics-like naming or embedded incbin/byte runs	EXTRACT graphics source where format is clear
GRAPHICS	medium	src/data/banim/dat_data_banim_p125.c	23	268-279	.rodata.dat_data_banim_p125	AnimSprite_EfxLiveOBJ_102	"{""short"": 7}"	0	0	42	0	0	graphics-like naming or embedded incbin/byte runs	EXTRACT graphics source where format is clear
GRAPHICS	medium	src/data/banim/dat_data_banim_p125.c	24	280-291	.rodata.dat_data_banim_p125	AnimSprite_EfxLiveOBJ_103	"{""short"": 7}"	0	0	42	0	0	graphics-like naming or embedded incbin/byte runs	EXTRACT graphics source where format is clear
GRAPHICS	medium	src/data/banim/dat_data_banim_p125.c	25	292-303	.rodata.dat_data_banim_p125	AnimSprite_EfxLiveOBJ_104	"{""short"": 7}"	0	0	42	0	0	graphics-like naming or embedded incbin/byte runs	EXTRACT graphics source where format is clear
GRAPHICS	medium	src/data/banim/dat_data_banim_p125.c	26	304-315	.rodata.dat_data_banim_p125	AnimSprite_EfxLiveOBJ_105	"{""short"": 7}"	0	0	42	0	0	graphics-like naming or embedded incbin/byte runs	EXTRACT graphics source where format is clear
GRAPHICS	medium	src/data/banim/dat_data_banim_p125.c	27	316-327	.rodata.dat_data_banim_p125	AnimSprite_EfxLiveOBJ_106	"{""short"": 7}"	0	0	42	0	0	graphics-like naming or embedded incbin/byte runs	EXTRACT graphics source where format is clear
GRAPHICS	medium	src/data/banim/dat_data_banim_p125.c	28	328-339	.rodata.dat_data_banim_p125	AnimSprite_EfxLiveOBJ_107	"{""short"": 7}"	0	0	42	0	0	graphics-like naming or embedded incbin/byte runs	EXTRACT graphics source where format is clear
GRAPHICS	medium	src/data/banim/dat_data_banim_p125.c	29	340-351	.rodata.dat_data_banim_p125	AnimSprite_EfxLiveOBJ_108	"{""short"": 7}"	0	0	42	0	0	graphics-like naming or embedded incbin/byte runs	EXTRACT graphics source where format is clear
GRAPHICS	medium	src/data/banim/dat_data_banim_p125.c	30	352-363	.rodata.dat_data_banim_p125	AnimSprite_EfxLiveOBJ_109	"{""short"": 7}"	0	0	42	0	0	graphics-like naming or embedded incbin/byte runs	EXTRACT graphics source where format is clear
GRAPHICS	medium	src/data/banim/dat_data_banim_p125.c	31	364-375	.rodata.dat_data_banim_p125	AnimSprite_EfxLiveOBJ_110	"{""short"": 7}"	0	0	42	0	0	graphics-like naming or embedded incbin/byte runs	EXTRACT graphics source where format is clear
GRAPHICS	medium	src/data/banim/dat_data_banim_p125.c	32	376-387	.rodata.dat_data_banim_p125	AnimSprite_EfxLiveOBJ_111	"{""short"": 7}"	0	0	42	0	0	graphics-like naming or embedded incbin/byte runs	EXTRACT graphics source where format is clear
GRAPHICS	medium	src/data/banim/dat_data_banim_p125.c	33	388-399	.rodata.dat_data_banim_p125	AnimSprite_EfxLiveOBJ_112	"{""short"": 7}"	0	0	42	0	0	graphics-like naming or embedded incbin/byte runs	EXTRACT graphics source where format is clear
GRAPHICS	medium	src/data/banim/dat_data_banim_p125.c	34	400-411	.rodata.dat_data_banim_p125	AnimSprite_EfxLiveOBJ_113	"{""short"": 7}"	0	0	42	0	0	graphics-like naming or embedded incbin/byte runs	EXTRACT graphics source where format is clear
GRAPHICS	medium	src/data/banim/dat_data_banim_p125.c	35	412-423	.rodata.dat_data_banim_p125	AnimSprite_EfxLiveOBJ_114	"{""short"": 7}"	0	0	42	0	0	graphics-like naming or embedded incbin/byte runs	EXTRACT graphics source where format is clear
GRAPHICS	medium	src/data/banim/dat_data_banim_p125.c	36	424-435	.rodata.dat_data_banim_p125	AnimSprite_EfxLiveOBJ_115	"{""short"": 7}"	0	0	42	0	0	graphics-like naming or embedded incbin/byte runs	EXTRACT graphics source where format is clear
GRAPHICS	medium	src/data/banim/dat_data_banim_p125.c	37	436-447	.rodata.dat_data_banim_p125	AnimSprite_EfxLiveOBJ_116	"{""short"": 7}"	0	0	42	0	0	graphics-like naming or embedded incbin/byte runs	EXTRACT graphics source where format is clear
GRAPHICS	medium	src/data/banim/dat_data_banim_p125.c	38	448-461	.rodata.dat_data_banim_p125	AnimSprite_EfxLiveOBJ_117	"{""short"": 9}"	0	0	54	0	0	graphics-like naming or embedded incbin/byte runs	EXTRACT graphics source where format is clear
GRAPHICS	medium	src/data/banim/dat_data_banim_p125.c	39	462-473	.rodata.dat_data_banim_p125	AnimSprite_EfxLiveOBJ_118	"{""short"": 7}"	0	0	42	0	0	graphics-like naming or embedded incbin/byte runs	EXTRACT graphics source where format is clear
GRAPHICS	medium	src/data/banim/dat_data_banim_p125.c	40	474-487	.rodata.dat_data_banim_p125	AnimSprite_EfxLiveOBJ_119	"{""short"": 9}"	0	0	54	0	0	graphics-like naming or embedded incbin/byte runs	EXTRACT graphics source where format is clear
GRAPHICS	medium	src/data/banim/dat_data_banim_p125.c	41	488-499	.rodata.dat_data_banim_p125	AnimSprite_EfxLiveOBJ_120	"{""short"": 7}"	0	0	42	0	0	graphics-like naming or embedded incbin/byte runs	EXTRACT graphics source where format is clear
GRAPHICS	medium	src/data/banim/dat_data_banim_p125.c	42	500-511	.rodata.dat_data_banim_p125	AnimSprite_EfxLiveOBJ_121	"{""short"": 7}"	0	0	42	0	0	graphics-like naming or embedded incbin/byte runs	EXTRACT graphics source where format is clear
GRAPHICS	medium	src/data/banim/dat_data_banim_p125.c	43	512-523	.rodata.dat_data_banim_p125	AnimSprite_EfxLiveOBJ_122	"{""short"": 7}"	0	0	42	0	0	graphics-like naming or embedded incbin/byte runs	EXTRACT graphics source where format is clear
GRAPHICS	medium	src/data/banim/dat_data_banim_p125.c	44	526-537	.rodata.dat_data_banim_p125	AnimSprite_EfxLiveOBJ_125	"{""short"": 7}"	0	0	42	0	0	graphics-like naming or embedded incbin/byte runs	EXTRACT graphics source where format is clear
GRAPHICS	medium	src/data/banim/dat_data_banim_p125.c	45	538-549	.rodata.dat_data_banim_p125	AnimSprite_EfxLiveOBJ_126	"{""short"": 7}"	0	0	42	0	0	graphics-like naming or embedded incbin/byte runs	EXTRACT graphics source where format is clear
GRAPHICS	medium	src/data/banim/dat_data_banim_p125.c	46	550-559	.rodata.dat_data_banim_p125	AnimSprite_EfxLiveOBJ_127	"{""short"": 5}"	0	0	30	0	0	graphics-like naming or embedded incbin/byte runs	EXTRACT graphics source where format is clear
GRAPHICS	medium	src/data/banim/dat_data_banim_p125.c	47	560-571	.rodata.dat_data_banim_p125	AnimSprite_EfxLiveOBJ_128	"{""short"": 7}"	0	0	42	0	0	graphics-like naming or embedded incbin/byte runs	EXTRACT graphics source where format is clear
GRAPHICS	medium	src/data/banim/dat_data_banim_p125.c	48	572-581	.rodata.dat_data_banim_p125	AnimSprite_EfxLiveOBJ_129	"{""short"": 5}"	0	0	30	0	0	graphics-like naming or embedded incbin/byte runs	EXTRACT graphics source where format is clear
GRAPHICS	medium	src/data/banim/dat_data_banim_p126.c	1	7-14	.rodata.dat_data_banim_p126	AnimSprite_EfxReblowOBJ_R_1	"{""short"": 3}"	0	0	18	0	0	graphics-like naming or embedded incbin/byte runs	EXTRACT graphics source where format is clear
GRAPHICS	medium	src/data/banim/dat_data_banim_p126.c	2	15-23	.rodata.dat_data_banim_p126	AnimSprite_EfxReblowOBJ_R_2	"{""short"": 4}"	0	0	24	0	0	graphics-like naming or embedded incbin/byte runs	EXTRACT graphics source where format is clear
GRAPHICS	medium	src/data/banim/dat_data_banim_p126.c	3	24-32	.rodata.dat_data_banim_p126	AnimSprite_EfxReblowOBJ_R_3	"{""short"": 4}"	0	0	24	0	0	graphics-like naming or embedded incbin/byte runs	EXTRACT graphics source where format is clear
GRAPHICS	medium	src/data/banim/dat_data_banim_p126.c	4	33-43	.rodata.dat_data_banim_p126	AnimSprite_EfxReblowOBJ_R_4	"{""short"": 6}"	0	0	36	0	0	graphics-like naming or embedded incbin/byte runs	EXTRACT graphics source where format is clear
GRAPHICS	medium	src/data/banim/dat_data_banim_p126.c	5	44-54	.rodata.dat_data_banim_p126	AnimSprite_EfxReblowOBJ_R_5	"{""short"": 6}"	0	0	36	0	0	graphics-like naming or embedded incbin/byte runs	EXTRACT graphics source where format is clear
GRAPHICS	medium	src/data/banim/dat_data_banim_p126.c	6	55-65	.rodata.dat_data_banim_p126	AnimSprite_EfxReblowOBJ_R_6	"{""short"": 6}"	0	0	36	0	0	graphics-like naming or embedded incbin/byte runs	EXTRACT graphics source where format is clear
GRAPHICS	medium	src/data/banim/dat_data_banim_p126.c	7	70-84	.rodata.dat_data_banim_p126	AnimSprite_EfxReblowOBJ_R_11	"{""short"": 10}"	0	0	60	0	0	graphics-like naming or embedded incbin/byte runs	EXTRACT graphics source where format is clear
GRAPHICS	medium	src/data/banim/dat_data_banim_p126.c	8	85-99	.rodata.dat_data_banim_p126	AnimSprite_EfxReblowOBJ_R_12	"{""short"": 10}"	0	0	60	0	0	graphics-like naming or embedded incbin/byte runs	EXTRACT graphics source where format is clear
GRAPHICS	medium	src/data/banim/dat_data_banim_p126.c	9	101-115	.rodata.dat_data_banim_p126	AnimSprite_EfxReblowOBJ_R_14	"{""short"": 10}"	0	0	60	0	0	graphics-like naming or embedded incbin/byte runs	EXTRACT graphics source where format is clear
GRAPHICS	medium	src/data/banim/dat_data_banim_p126.c	10	116-130	.rodata.dat_data_banim_p126	AnimSprite_EfxReblowOBJ_R_15	"{""short"": 10}"	0	0	60	0	0	graphics-like naming or embedded incbin/byte runs	EXTRACT graphics source where format is clear
GRAPHICS	medium	src/data/banim/dat_data_banim_p126.c	11	131-142	.rodata.dat_data_banim_p126	AnimSprite_EfxReblowOBJ_R_16	"{""short"": 7}"	0	0	42	0	0	graphics-like naming or embedded incbin/byte runs	EXTRACT graphics source where format is clear
GRAPHICS	medium	src/data/banim/dat_data_banim_p126.c	12	143-153	.rodata.dat_data_banim_p126	AnimSprite_EfxReblowOBJ_R_17	"{""short"": 6}"	0	0	36	0	0	graphics-like naming or embedded incbin/byte runs	EXTRACT graphics source where format is clear
GRAPHICS	medium	src/data/banim/dat_data_banim_p126.c	13	154-163	.rodata.dat_data_banim_p126	AnimSprite_EfxReblowOBJ_R_18	"{""short"": 5}"	0	0	30	0	0	graphics-like naming or embedded incbin/byte runs	EXTRACT graphics source where format is clear
GRAPHICS	medium	src/data/banim/dat_data_banim_p126.c	14	164-172	.rodata.dat_data_banim_p126	AnimSprite_EfxReblowOBJ_R_19	"{""short"": 4}"	0	0	24	0	0	graphics-like naming or embedded incbin/byte runs	EXTRACT graphics source where format is clear
GRAPHICS	medium	src/data/banim/dat_data_banim_p126.c	15	173-181	.rodata.dat_data_banim_p126	AnimSprite_EfxReblowOBJ_R_20	"{""short"": 4}"	0	0	24	0	0	graphics-like naming or embedded incbin/byte runs	EXTRACT graphics source where format is clear
GRAPHICS	medium	src/data/banim/dat_data_banim_p126.c	16	182-190	.rodata.dat_data_banim_p126	AnimSprite_EfxReblowOBJ_R_21	"{""short"": 4}"	0	0	24	0	0	graphics-like naming or embedded incbin/byte runs	EXTRACT graphics source where format is clear
GRAPHICS	medium	src/data/banim/dat_data_banim_p126.c	17	191-199	.rodata.dat_data_banim_p126	AnimSprite_EfxReblowOBJ_R_22	"{""short"": 4}"	0	0	24	0	0	graphics-like naming or embedded incbin/byte runs	EXTRACT graphics source where format is clear
GRAPHICS	medium	src/data/banim/dat_data_banim_p126.c	18	200-208	.rodata.dat_data_banim_p126	AnimSprite_EfxReblowOBJ_R_23	"{""short"": 4}"	0	0	24	0	0	graphics-like naming or embedded incbin/byte runs	EXTRACT graphics source where format is clear
GRAPHICS	medium	src/data/banim/dat_data_banim_p126.c	19	209-217	.rodata.dat_data_banim_p126	AnimSprite_EfxReblowOBJ_R_24	"{""short"": 4}"	0	0	24	0	0	graphics-like naming or embedded incbin/byte runs	EXTRACT graphics source where format is clear
GRAPHICS	medium	src/data/banim/dat_data_banim_p126.c	20	218-226	.rodata.dat_data_banim_p126	AnimSprite_EfxReblowOBJ_R_25	"{""short"": 4}"	0	0	24	0	0	graphics-like naming or embedded incbin/byte runs	EXTRACT graphics source where format is clear
GRAPHICS	medium	src/data/banim/dat_data_banim_p126.c	21	227-235	.rodata.dat_data_banim_p126	AnimSprite_EfxReblowOBJ_R_26	"{""short"": 4}"	0	0	24	0	0	graphics-like naming or embedded incbin/byte runs	EXTRACT graphics source where format is clear
GRAPHICS	medium	src/data/banim/dat_data_banim_p129.c	1	7-40	.rodata.dat_data_banim_p129	AnimSprite_EfxReblowOBJ_R_82	"{""short"": 29}"	0	0	174	0	0	graphics-like naming or embedded incbin/byte runs	EXTRACT graphics source where format is clear
GRAPHICS	medium	src/data/banim/dat_data_banim_p129.c	2	43-67	.rodata.dat_data_banim_p129	AnimSprite_EfxReblowOBJ_R_85	"{""short"": 20}"	0	0	120	0	0	graphics-like naming or embedded incbin/byte runs	EXTRACT graphics source where format is clear
GRAPHICS	medium	src/data/banim/dat_data_banim_p130.c	1	7-14	.rodata.dat_data_banim_p130	AnimSprite_EfxReblowOBJ_L_1	"{""short"": 3}"	0	0	18	0	0	graphics-like naming or embedded incbin/byte runs	EXTRACT graphics source where format is clear
GRAPHICS	medium	src/data/banim/dat_data_banim_p130.c	2	15-23	.rodata.dat_data_banim_p130	AnimSprite_EfxReblowOBJ_L_2	"{""short"": 4}"	0	0	24	0	0	graphics-like naming or embedded incbin/byte runs	EXTRACT graphics source where format is clear
GRAPHICS	medium	src/data/banim/dat_data_banim_p130.c	3	24-32	.rodata.dat_data_banim_p130	AnimSprite_EfxReblowOBJ_L_3	"{""short"": 4}"	0	0	24	0	0	graphics-like naming or embedded incbin/byte runs	EXTRACT graphics source where format is clear
GRAPHICS	medium	src/data/banim/dat_data_banim_p130.c	4	33-43	.rodata.dat_data_banim_p130	AnimSprite_EfxReblowOBJ_L_4	"{""short"": 6}"	0	0	36	0	0	graphics-like naming or embedded incbin/byte runs	EXTRACT graphics source where format is clear
GRAPHICS	medium	src/data/banim/dat_data_banim_p130.c	5	44-54	.rodata.dat_data_banim_p130	AnimSprite_EfxReblowOBJ_L_5	"{""short"": 6}"	0	0	36	0	0	graphics-like naming or embedded incbin/byte runs	EXTRACT graphics source where format is clear
GRAPHICS	medium	src/data/banim/dat_data_banim_p130.c	6	55-65	.rodata.dat_data_banim_p130	AnimSprite_EfxReblowOBJ_L_6	"{""short"": 6}"	0	0	36	0	0	graphics-like naming or embedded incbin/byte runs	EXTRACT graphics source where format is clear
GRAPHICS	medium	src/data/banim/dat_data_banim_p130.c	7	70-84	.rodata.dat_data_banim_p130	AnimSprite_EfxReblowOBJ_L_11	"{""short"": 10}"	0	0	60	0	0	graphics-like naming or embedded incbin/byte runs	EXTRACT graphics source where format is clear
GRAPHICS	medium	src/data/banim/dat_data_banim_p130.c	8	85-99	.rodata.dat_data_banim_p130	AnimSprite_EfxReblowOBJ_L_12	"{""short"": 10}"	0	0	60	0	0	graphics-like naming or embedded incbin/byte runs	EXTRACT graphics source where format is clear
GRAPHICS	medium	src/data/banim/dat_data_banim_p130.c	9	101-115	.rodata.dat_data_banim_p130	AnimSprite_EfxReblowOBJ_L_14	"{""short"": 10}"	0	0	60	0	0	graphics-like naming or embedded incbin/byte runs	EXTRACT graphics source where format is clear
GRAPHICS	medium	src/data/banim/dat_data_banim_p130.c	10	116-130	.rodata.dat_data_banim_p130	AnimSprite_EfxReblowOBJ_L_15	"{""short"": 10}"	0	0	60	0	0	graphics-like naming or embedded incbin/byte runs	EXTRACT graphics source where format is clear
GRAPHICS	medium	src/data/banim/dat_data_banim_p130.c	11	131-142	.rodata.dat_data_banim_p130	AnimSprite_EfxReblowOBJ_L_16	"{""short"": 7}"	0	0	42	0	0	graphics-like naming or embedded incbin/byte runs	EXTRACT graphics source where format is clear
GRAPHICS	medium	src/data/banim/dat_data_banim_p130.c	12	143-153	.rodata.dat_data_banim_p130	AnimSprite_EfxReblowOBJ_L_17	"{""short"": 6}"	0	0	36	0	0	graphics-like naming or embedded incbin/byte runs	EXTRACT graphics source where format is clear
GRAPHICS	medium	src/data/banim/dat_data_banim_p130.c	13	154-163	.rodata.dat_data_banim_p130	AnimSprite_EfxReblowOBJ_L_18	"{""short"": 5}"	0	0	30	0	0	graphics-like naming or embedded incbin/byte runs	EXTRACT graphics source where format is clear
GRAPHICS	medium	src/data/banim/dat_data_banim_p130.c	14	164-172	.rodata.dat_data_banim_p130	AnimSprite_EfxReblowOBJ_L_19	"{""short"": 4}"	0	0	24	0	0	graphics-like naming or embedded incbin/byte runs	EXTRACT graphics source where format is clear
GRAPHICS	medium	src/data/banim/dat_data_banim_p130.c	15	173-181	.rodata.dat_data_banim_p130	AnimSprite_EfxReblowOBJ_L_20	"{""short"": 4}"	0	0	24	0	0	graphics-like naming or embedded incbin/byte runs	EXTRACT graphics source where format is clear
GRAPHICS	medium	src/data/banim/dat_data_banim_p130.c	16	182-190	.rodata.dat_data_banim_p130	AnimSprite_EfxReblowOBJ_L_21	"{""short"": 4}"	0	0	24	0	0	graphics-like naming or embedded incbin/byte runs	EXTRACT graphics source where format is clear
GRAPHICS	medium	src/data/banim/dat_data_banim_p130.c	17	191-199	.rodata.dat_data_banim_p130	AnimSprite_EfxReblowOBJ_L_22	"{""short"": 4}"	0	0	24	0	0	graphics-like naming or embedded incbin/byte runs	EXTRACT graphics source where format is clear
GRAPHICS	medium	src/data/banim/dat_data_banim_p130.c	18	200-208	.rodata.dat_data_banim_p130	AnimSprite_EfxReblowOBJ_L_23	"{""short"": 4}"	0	0	24	0	0	graphics-like naming or embedded incbin/byte runs	EXTRACT graphics source where format is clear
GRAPHICS	medium	src/data/banim/dat_data_banim_p130.c	19	209-217	.rodata.dat_data_banim_p130	AnimSprite_EfxReblowOBJ_L_24	"{""short"": 4}"	0	0	24	0	0	graphics-like naming or embedded incbin/byte runs	EXTRACT graphics source where format is clear
GRAPHICS	medium	src/data/banim/dat_data_banim_p130.c	20	218-226	.rodata.dat_data_banim_p130	AnimSprite_EfxReblowOBJ_L_25	"{""short"": 4}"	0	0	24	0	0	graphics-like naming or embedded incbin/byte runs	EXTRACT graphics source where format is clear
GRAPHICS	medium	src/data/banim/dat_data_banim_p130.c	21	227-235	.rodata.dat_data_banim_p130	AnimSprite_EfxReblowOBJ_L_26	"{""short"": 4}"	0	0	24	0	0	graphics-like naming or embedded incbin/byte runs	EXTRACT graphics source where format is clear
GRAPHICS	medium	src/data/banim/dat_data_banim_p133.c	1	7-40	.rodata.dat_data_banim_p133	AnimSprite_EfxReblowOBJ_L_82	"{""short"": 29}"	0	0	174	0	0	graphics-like naming or embedded incbin/byte runs	EXTRACT graphics source where format is clear
GRAPHICS	medium	src/data/banim/dat_data_banim_p133.c	2	43-67	.rodata.dat_data_banim_p133	AnimSprite_EfxReblowOBJ_L_85	"{""short"": 20}"	0	0	120	0	0	graphics-like naming or embedded incbin/byte runs	EXTRACT graphics source where format is clear
DATA_TABLE	medium	src/data/banim/dat_data_banim_p136.c	1	14-20	.rodata.dat_data_banim_p136	AnimSprite_EfxRestOBJ_1	"{""short"": 2}"	0	0	12	0	0	structured scalar/pointer data	EXTRACT typed C or fix false pointer after source/consumer/FE8U audit
GRAPHICS	medium	src/data/banim/dat_data_banim_p136.c	2	21-28	.rodata.dat_data_banim_p136	AnimSprite_EfxRestOBJ_2	"{""short"": 3}"	0	0	18	0	0	graphics-like naming or embedded incbin/byte runs	EXTRACT graphics source where format is clear
GRAPHICS	medium	src/data/banim/dat_data_banim_p136.c	3	29-38	.rodata.dat_data_banim_p136	AnimSprite_EfxRestOBJ_3	"{""short"": 5}"	0	0	30	0	0	graphics-like naming or embedded incbin/byte runs	EXTRACT graphics source where format is clear
GRAPHICS	medium	src/data/banim/dat_data_banim_p136.c	4	39-50	.rodata.dat_data_banim_p136	AnimSprite_EfxRestOBJ_4	"{""short"": 7}"	0	0	42	0	0	graphics-like naming or embedded incbin/byte runs	EXTRACT graphics source where format is clear
GRAPHICS	medium	src/data/banim/dat_data_banim_p136.c	5	51-64	.rodata.dat_data_banim_p136	AnimSprite_EfxRestOBJ_5	"{""short"": 9}"	0	0	54	0	0	graphics-like naming or embedded incbin/byte runs	EXTRACT graphics source where format is clear
GRAPHICS	medium	src/data/banim/dat_data_banim_p136.c	6	65-80	.rodata.dat_data_banim_p136	AnimSprite_EfxRestOBJ_6	"{""short"": 11}"	0	0	66	0	0	graphics-like naming or embedded incbin/byte runs	EXTRACT graphics source where format is clear
GRAPHICS	medium	src/data/banim/dat_data_banim_p137.c	1	8-31	.rodata.dat_data_banim_p137	AnimSprite_EfxRestOBJ_9	"{""short"": 19}"	0	0	114	0	0	graphics-like naming or embedded incbin/byte runs	EXTRACT graphics source where format is clear
GRAPHICS	medium	src/data/banim/dat_data_banim_p137.c	2	32-58	.rodata.dat_data_banim_p137	AnimSprite_EfxRestOBJ_10	"{""short"": 22}"	0	0	132	0	0	graphics-like naming or embedded incbin/byte runs	EXTRACT graphics source where format is clear
GRAPHICS	medium	src/data/banim/dat_data_banim_p137.c	3	59-88	.rodata.dat_data_banim_p137	AnimSprite_EfxRestOBJ_11	"{""short"": 25}"	0	0	150	0	0	graphics-like naming or embedded incbin/byte runs	EXTRACT graphics source where format is clear
GRAPHICS	medium	src/data/banim/dat_data_banim_p137.c	4	89-121	.rodata.dat_data_banim_p137	AnimSprite_EfxRestOBJ_12	"{""short"": 28}"	0	0	168	0	0	graphics-like naming or embedded incbin/byte runs	EXTRACT graphics source where format is clear
GRAPHICS	medium	src/data/banim/dat_data_banim_p138.c	1	8-42	.rodata.dat_data_banim_p138	AnimSprite_EfxRestOBJ_26	"{""short"": 30}"	0	0	180	0	0	graphics-like naming or embedded incbin/byte runs	EXTRACT graphics source where format is clear
GRAPHICS	medium	src/data/banim/dat_data_banim_p138.c	2	43-75	.rodata.dat_data_banim_p138	AnimSprite_EfxRestOBJ_27	"{""short"": 28}"	0	0	168	0	0	graphics-like naming or embedded incbin/byte runs	EXTRACT graphics source where format is clear
DATA_TABLE	medium	src/data/banim/dat_data_banim_p144.c	1	8-14	.rodata.dat_data_banim_p144	AnimSprite_EfxSilenceOBJ_1	"{""short"": 2}"	0	0	12	0	0	structured scalar/pointer data	EXTRACT typed C or fix false pointer after source/consumer/FE8U audit
DATA_TABLE	medium	src/data/banim/dat_data_banim_p144.c	2	15-21	.rodata.dat_data_banim_p144	AnimSprite_EfxSilenceOBJ_2	"{""short"": 2}"	0	0	12	0	0	structured scalar/pointer data	EXTRACT typed C or fix false pointer after source/consumer/FE8U audit
DATA_TABLE	medium	src/data/banim/dat_data_banim_p144.c	3	22-28	.rodata.dat_data_banim_p144	AnimSprite_EfxSilenceOBJ_3	"{""short"": 2}"	0	0	12	0	0	structured scalar/pointer data	EXTRACT typed C or fix false pointer after source/consumer/FE8U audit
DATA_TABLE	medium	src/data/banim/dat_data_banim_p144.c	4	29-35	.rodata.dat_data_banim_p144	AnimSprite_EfxSilenceOBJ_4	"{""short"": 2}"	0	0	12	0	0	structured scalar/pointer data	EXTRACT typed C or fix false pointer after source/consumer/FE8U audit
DATA_TABLE	medium	src/data/banim/dat_data_banim_p144.c	5	36-42	.rodata.dat_data_banim_p144	AnimSprite_EfxSilenceOBJ_5	"{""short"": 2}"	0	0	12	0	0	structured scalar/pointer data	EXTRACT typed C or fix false pointer after source/consumer/FE8U audit
DATA_TABLE	medium	src/data/banim/dat_data_banim_p144.c	6	43-49	.rodata.dat_data_banim_p144	AnimSprite_EfxSilenceOBJ_6	"{""short"": 2}"	0	0	12	0	0	structured scalar/pointer data	EXTRACT typed C or fix false pointer after source/consumer/FE8U audit
DATA_TABLE	medium	src/data/banim/dat_data_banim_p144.c	7	50-56	.rodata.dat_data_banim_p144	AnimSprite_EfxSilenceOBJ_7	"{""short"": 2}"	0	0	12	0	0	structured scalar/pointer data	EXTRACT typed C or fix false pointer after source/consumer/FE8U audit
DATA_TABLE	medium	src/data/banim/dat_data_banim_p144.c	8	57-63	.rodata.dat_data_banim_p144	AnimSprite_EfxSilenceOBJ_8	"{""short"": 2}"	0	0	12	0	0	structured scalar/pointer data	EXTRACT typed C or fix false pointer after source/consumer/FE8U audit
GRAPHICS	medium	src/data/banim/dat_data_banim_p144.c	9	64-73	.rodata.dat_data_banim_p144	AnimSprite_EfxSilenceOBJ_9	"{""short"": 5}"	0	0	30	0	0	graphics-like naming or embedded incbin/byte runs	EXTRACT graphics source where format is clear
DATA_TABLE	medium	src/data/banim/dat_data_banim_p144.c	10	74-80	.rodata.dat_data_banim_p144	AnimSprite_EfxSilenceOBJ_10	"{""short"": 2}"	0	0	12	0	0	structured scalar/pointer data	EXTRACT typed C or fix false pointer after source/consumer/FE8U audit
GRAPHICS	medium	src/data/banim/dat_data_banim_p144.c	11	81-88	.rodata.dat_data_banim_p144	AnimSprite_EfxSilenceOBJ_11	"{""short"": 3}"	0	0	18	0	0	graphics-like naming or embedded incbin/byte runs	EXTRACT graphics source where format is clear
GRAPHICS	medium	src/data/banim/dat_data_banim_p144.c	12	89-96	.rodata.dat_data_banim_p144	AnimSprite_EfxSilenceOBJ_12	"{""short"": 3}"	0	0	18	0	0	graphics-like naming or embedded incbin/byte runs	EXTRACT graphics source where format is clear
DATA_TABLE	medium	src/data/banim/dat_data_banim_p144.c	13	97-103	.rodata.dat_data_banim_p144	AnimSprite_EfxSilenceOBJ_13	"{""short"": 2}"	0	0	12	0	0	structured scalar/pointer data	EXTRACT typed C or fix false pointer after source/consumer/FE8U audit
DATA_TABLE	medium	src/data/banim/dat_data_banim_p144.c	14	104-110	.rodata.dat_data_banim_p144	AnimSprite_EfxSilenceOBJ_14	"{""short"": 2}"	0	0	12	0	0	structured scalar/pointer data	EXTRACT typed C or fix false pointer after source/consumer/FE8U audit
DATA_TABLE	medium	src/data/banim/dat_data_banim_p144.c	15	111-117	.rodata.dat_data_banim_p144	AnimSprite_EfxSilenceOBJ_15	"{""short"": 2}"	0	0	12	0	0	structured scalar/pointer data	EXTRACT typed C or fix false pointer after source/consumer/FE8U audit
DATA_TABLE	medium	src/data/banim/dat_data_banim_p144.c	16	118-124	.rodata.dat_data_banim_p144	AnimSprite_EfxSilenceOBJ_16	"{""short"": 2}"	0	0	12	0	0	structured scalar/pointer data	EXTRACT typed C or fix false pointer after source/consumer/FE8U audit
DATA_TABLE	medium	src/data/banim/dat_data_banim_p147.c	1	14-20	.rodata.dat_data_banim_p147	AnimSprite_EfxHammarneOBJ_1	"{""short"": 2}"	0	0	12	0	0	structured scalar/pointer data	EXTRACT typed C or fix false pointer after source/consumer/FE8U audit
GRAPHICS	medium	src/data/banim/dat_data_banim_p147.c	2	21-28	.rodata.dat_data_banim_p147	AnimSprite_EfxHammarneOBJ_2	"{""short"": 3}"	0	0	18	0	0	graphics-like naming or embedded incbin/byte runs	EXTRACT graphics source where format is clear
GRAPHICS	medium	src/data/banim/dat_data_banim_p147.c	3	29-38	.rodata.dat_data_banim_p147	AnimSprite_EfxHammarneOBJ_3	"{""short"": 5}"	0	0	30	0	0	graphics-like naming or embedded incbin/byte runs	EXTRACT graphics source where format is clear
GRAPHICS	medium	src/data/banim/dat_data_banim_p147.c	4	39-50	.rodata.dat_data_banim_p147	AnimSprite_EfxHammarneOBJ_4	"{""short"": 7}"	0	0	42	0	0	graphics-like naming or embedded incbin/byte runs	EXTRACT graphics source where format is clear
GRAPHICS	medium	src/data/banim/dat_data_banim_p147.c	5	51-64	.rodata.dat_data_banim_p147	AnimSprite_EfxHammarneOBJ_5	"{""short"": 9}"	0	0	54	0	0	graphics-like naming or embedded incbin/byte runs	EXTRACT graphics source where format is clear
GRAPHICS	medium	src/data/banim/dat_data_banim_p147.c	6	65-80	.rodata.dat_data_banim_p147	AnimSprite_EfxHammarneOBJ_6	"{""short"": 11}"	0	0	66	0	0	graphics-like naming or embedded incbin/byte runs	EXTRACT graphics source where format is clear
GRAPHICS	medium	src/data/banim/dat_data_banim_p148.c	1	8-31	.rodata.dat_data_banim_p148	AnimSprite_EfxHammarneOBJ_9	"{""short"": 19}"	0	0	114	0	0	graphics-like naming or embedded incbin/byte runs	EXTRACT graphics source where format is clear
GRAPHICS	medium	src/data/banim/dat_data_banim_p148.c	2	32-58	.rodata.dat_data_banim_p148	AnimSprite_EfxHammarneOBJ_10	"{""short"": 22}"	0	0	132	0	0	graphics-like naming or embedded incbin/byte runs	EXTRACT graphics source where format is clear
GRAPHICS	medium	src/data/banim/dat_data_banim_p148.c	3	59-88	.rodata.dat_data_banim_p148	AnimSprite_EfxHammarneOBJ_11	"{""short"": 25}"	0	0	150	0	0	graphics-like naming or embedded incbin/byte runs	EXTRACT graphics source where format is clear
GRAPHICS	medium	src/data/banim/dat_data_banim_p148.c	4	89-121	.rodata.dat_data_banim_p148	AnimSprite_EfxHammarneOBJ_12	"{""short"": 28}"	0	0	168	0	0	graphics-like naming or embedded incbin/byte runs	EXTRACT graphics source where format is clear
GRAPHICS	medium	src/data/banim/dat_data_banim_p149.c	1	8-42	.rodata.dat_data_banim_p149	AnimSprite_EfxHammarneOBJ_26	"{""short"": 30}"	0	0	180	0	0	graphics-like naming or embedded incbin/byte runs	EXTRACT graphics source where format is clear
GRAPHICS	medium	src/data/banim/dat_data_banim_p149.c	2	43-75	.rodata.dat_data_banim_p149	AnimSprite_EfxHammarneOBJ_27	"{""short"": 28}"	0	0	168	0	0	graphics-like naming or embedded incbin/byte runs	EXTRACT graphics source where format is clear
GRAPHICS	medium	src/data/banim/dat_data_banim_p153.c	1	28-35	.rodata.dat_data_banim_p153	AnimSprite_EfxSleepOBJ2_1	"{""short"": 3}"	0	0	18	0	0	graphics-like naming or embedded incbin/byte runs	EXTRACT graphics source where format is clear
GRAPHICS	medium	src/data/banim/dat_data_banim_p153.c	2	36-45	.rodata.dat_data_banim_p153	AnimSprite_EfxSleepOBJ2_2	"{""short"": 5}"	0	0	30	0	0	graphics-like naming or embedded incbin/byte runs	EXTRACT graphics source where format is clear
GRAPHICS	medium	src/data/banim/dat_data_banim_p153.c	3	46-59	.rodata.dat_data_banim_p153	AnimSprite_EfxSleepOBJ2_3	"{""short"": 9}"	0	0	54	0	0	graphics-like naming or embedded incbin/byte runs	EXTRACT graphics source where format is clear
GRAPHICS	medium	src/data/banim/dat_data_banim_p153.c	4	60-76	.rodata.dat_data_banim_p153	AnimSprite_EfxSleepOBJ2_4	"{""short"": 12}"	0	0	72	0	0	graphics-like naming or embedded incbin/byte runs	EXTRACT graphics source where format is clear
GRAPHICS	medium	src/data/banim/dat_data_banim_p153.c	5	77-96	.rodata.dat_data_banim_p153	AnimSprite_EfxSleepOBJ2_5	"{""short"": 15}"	0	0	90	0	0	graphics-like naming or embedded incbin/byte runs	EXTRACT graphics source where format is clear
GRAPHICS	medium	src/data/banim/dat_data_banim_p153.c	6	98-120	.rodata.dat_data_banim_p153	AnimSprite_EfxSleepOBJ2_7	"{""short"": 18}"	0	0	108	0	0	graphics-like naming or embedded incbin/byte runs	EXTRACT graphics source where format is clear
GRAPHICS	medium	src/data/banim/dat_data_banim_p153.c	7	121-145	.rodata.dat_data_banim_p153	AnimSprite_EfxSleepOBJ2_8	"{""short"": 20}"	0	0	120	0	0	graphics-like naming or embedded incbin/byte runs	EXTRACT graphics source where format is clear
GRAPHICS	medium	src/data/banim/dat_data_banim_p153.c	8	146-172	.rodata.dat_data_banim_p153	AnimSprite_EfxSleepOBJ2_9	"{""short"": 22}"	0	0	132	0	0	graphics-like naming or embedded incbin/byte runs	EXTRACT graphics source where format is clear
GRAPHICS	medium	src/data/banim/dat_data_banim_p153.c	9	173-200	.rodata.dat_data_banim_p153	AnimSprite_EfxSleepOBJ2_10	"{""short"": 23}"	0	0	138	0	0	graphics-like naming or embedded incbin/byte runs	EXTRACT graphics source where format is clear
GRAPHICS	medium	src/data/banim/dat_data_banim_p153.c	10	202-231	.rodata.dat_data_banim_p153	AnimSprite_EfxSleepOBJ2_12	"{""short"": 25}"	0	0	150	0	0	graphics-like naming or embedded incbin/byte runs	EXTRACT graphics source where format is clear
GRAPHICS	medium	src/data/banim/dat_data_banim_p153.c	11	234-256	.rodata.dat_data_banim_p153	AnimSprite_EfxSleepOBJ2_15	"{""short"": 18}"	0	0	108	0	0	graphics-like naming or embedded incbin/byte runs	EXTRACT graphics source where format is clear
GRAPHICS	medium	src/data/banim/dat_data_banim_p153.c	12	257-276	.rodata.dat_data_banim_p153	AnimSprite_EfxSleepOBJ2_16	"{""short"": 15}"	0	0	90	0	0	graphics-like naming or embedded incbin/byte runs	EXTRACT graphics source where format is clear
DATA_TABLE	medium	src/data/banim/dat_data_banim_p153.c	13	277-283	.rodata.dat_data_banim_p153	AnimSprite_EfxSleepOBJ2_17	"{""short"": 2}"	0	0	12	0	0	structured scalar/pointer data	EXTRACT typed C or fix false pointer after source/consumer/FE8U audit
GRAPHICS	medium	src/data/banim/dat_data_banim_p153.c	14	284-301	.rodata.dat_data_banim_p153	AnimSprite_EfxSleepOBJ2_18	"{""short"": 13}"	0	0	78	0	0	graphics-like naming or embedded incbin/byte runs	EXTRACT graphics source where format is clear
GRAPHICS	medium	src/data/banim/dat_data_banim_p153.c	15	302-319	.rodata.dat_data_banim_p153	AnimSprite_EfxSleepOBJ2_19	"{""short"": 13}"	0	0	78	0	0	graphics-like naming or embedded incbin/byte runs	EXTRACT graphics source where format is clear
GRAPHICS	medium	src/data/banim/dat_data_banim_p153.c	16	320-337	.rodata.dat_data_banim_p153	AnimSprite_EfxSleepOBJ2_20	"{""short"": 13}"	0	0	78	0	0	graphics-like naming or embedded incbin/byte runs	EXTRACT graphics source where format is clear
GRAPHICS	medium	src/data/banim/dat_data_banim_p153.c	17	338-355	.rodata.dat_data_banim_p153	AnimSprite_EfxSleepOBJ2_21	"{""short"": 13}"	0	0	78	0	0	graphics-like naming or embedded incbin/byte runs	EXTRACT graphics source where format is clear
GRAPHICS	medium	src/data/banim/dat_data_banim_p153.c	18	356-372	.rodata.dat_data_banim_p153	AnimSprite_EfxSleepOBJ2_22	"{""short"": 12}"	0	0	72	0	0	graphics-like naming or embedded incbin/byte runs	EXTRACT graphics source where format is clear
GRAPHICS	medium	src/data/banim/dat_data_banim_p153.c	19	373-389	.rodata.dat_data_banim_p153	AnimSprite_EfxSleepOBJ2_23	"{""short"": 12}"	0	0	72	0	0	graphics-like naming or embedded incbin/byte runs	EXTRACT graphics source where format is clear
GRAPHICS	medium	src/data/banim/dat_data_banim_p153.c	20	390-397	.rodata.dat_data_banim_p153	AnimSprite_EfxSleepOBJ2_24	"{""short"": 3}"	0	0	18	0	0	graphics-like naming or embedded incbin/byte runs	EXTRACT graphics source where format is clear
GRAPHICS	medium	src/data/banim/dat_data_banim_p153.c	21	398-407	.rodata.dat_data_banim_p153	AnimSprite_EfxSleepOBJ2_25	"{""short"": 5}"	0	0	30	0	0	graphics-like naming or embedded incbin/byte runs	EXTRACT graphics source where format is clear
GRAPHICS	medium	src/data/banim/dat_data_banim_p153.c	22	408-421	.rodata.dat_data_banim_p153	AnimSprite_EfxSleepOBJ2_26	"{""short"": 9}"	0	0	54	0	0	graphics-like naming or embedded incbin/byte runs	EXTRACT graphics source where format is clear
GRAPHICS	medium	src/data/banim/dat_data_banim_p153.c	23	422-438	.rodata.dat_data_banim_p153	AnimSprite_EfxSleepOBJ2_27	"{""short"": 12}"	0	0	72	0	0	graphics-like naming or embedded incbin/byte runs	EXTRACT graphics source where format is clear
GRAPHICS	medium	src/data/banim/dat_data_banim_p153.c	24	439-458	.rodata.dat_data_banim_p153	AnimSprite_EfxSleepOBJ2_28	"{""short"": 15}"	0	0	90	0	0	graphics-like naming or embedded incbin/byte runs	EXTRACT graphics source where format is clear
GRAPHICS	medium	src/data/banim/dat_data_banim_p153.c	25	460-482	.rodata.dat_data_banim_p153	AnimSprite_EfxSleepOBJ2_30	"{""short"": 18}"	0	0	108	0	0	graphics-like naming or embedded incbin/byte runs	EXTRACT graphics source where format is clear
GRAPHICS	medium	src/data/banim/dat_data_banim_p153.c	26	483-506	.rodata.dat_data_banim_p153	AnimSprite_EfxSleepOBJ2_31	"{""short"": 19}"	0	0	114	0	0	graphics-like naming or embedded incbin/byte runs	EXTRACT graphics source where format is clear
GRAPHICS	medium	src/data/banim/dat_data_banim_p153.c	27	507-532	.rodata.dat_data_banim_p153	AnimSprite_EfxSleepOBJ2_32	"{""short"": 21}"	0	0	126	0	0	graphics-like naming or embedded incbin/byte runs	EXTRACT graphics source where format is clear
GRAPHICS	medium	src/data/banim/dat_data_banim_p153.c	28	533-559	.rodata.dat_data_banim_p153	AnimSprite_EfxSleepOBJ2_33	"{""short"": 22}"	0	0	132	0	0	graphics-like naming or embedded incbin/byte runs	EXTRACT graphics source where format is clear
GRAPHICS	medium	src/data/banim/dat_data_banim_p153.c	29	560-587	.rodata.dat_data_banim_p153	AnimSprite_EfxSleepOBJ2_34	"{""short"": 23}"	0	0	138	0	0	graphics-like naming or embedded incbin/byte runs	EXTRACT graphics source where format is clear
GRAPHICS	medium	src/data/banim/dat_data_banim_p153.c	30	588-615	.rodata.dat_data_banim_p153	AnimSprite_EfxSleepOBJ2_35	"{""short"": 23}"	0	0	138	0	0	graphics-like naming or embedded incbin/byte runs	EXTRACT graphics source where format is clear
GRAPHICS	medium	src/data/banim/dat_data_banim_p153.c	31	616-643	.rodata.dat_data_banim_p153	AnimSprite_EfxSleepOBJ2_36	"{""short"": 23}"	0	0	138	0	0	graphics-like naming or embedded incbin/byte runs	EXTRACT graphics source where format is clear
GRAPHICS	medium	src/data/banim/dat_data_banim_p153.c	32	644-671	.rodata.dat_data_banim_p153	AnimSprite_EfxSleepOBJ2_37	"{""short"": 23}"	0	0	138	0	0	graphics-like naming or embedded incbin/byte runs	EXTRACT graphics source where format is clear
GRAPHICS	medium	src/data/banim/dat_data_banim_p153.c	33	672-694	.rodata.dat_data_banim_p153	AnimSprite_EfxSleepOBJ2_38	"{""short"": 18}"	0	0	108	0	0	graphics-like naming or embedded incbin/byte runs	EXTRACT graphics source where format is clear
GRAPHICS	medium	src/data/banim/dat_data_banim_p153.c	34	696-713	.rodata.dat_data_banim_p153	AnimSprite_EfxSleepOBJ2_40	"{""short"": 13}"	0	0	78	0	0	graphics-like naming or embedded incbin/byte runs	EXTRACT graphics source where format is clear
GRAPHICS	medium	src/data/banim/dat_data_banim_p153.c	35	714-731	.rodata.dat_data_banim_p153	AnimSprite_EfxSleepOBJ2_41	"{""short"": 13}"	0	0	78	0	0	graphics-like naming or embedded incbin/byte runs	EXTRACT graphics source where format is clear
GRAPHICS	medium	src/data/banim/dat_data_banim_p153.c	36	732-749	.rodata.dat_data_banim_p153	AnimSprite_EfxSleepOBJ2_42	"{""short"": 13}"	0	0	78	0	0	graphics-like naming or embedded incbin/byte runs	EXTRACT graphics source where format is clear
GRAPHICS	medium	src/data/banim/dat_data_banim_p153.c	37	750-766	.rodata.dat_data_banim_p153	AnimSprite_EfxSleepOBJ2_43	"{""short"": 12}"	0	0	72	0	0	graphics-like naming or embedded incbin/byte runs	EXTRACT graphics source where format is clear
GRAPHICS	medium	src/data/banim/dat_data_banim_p153.c	38	767-783	.rodata.dat_data_banim_p153	AnimSprite_EfxSleepOBJ2_44	"{""short"": 12}"	0	0	72	0	0	graphics-like naming or embedded incbin/byte runs	EXTRACT graphics source where format is clear
GRAPHICS	medium	src/data/banim/dat_data_banim_p153.c	39	784-792	.rodata.dat_data_banim_p153	AnimSprite_EfxSleepOBJ2_45	"{""short"": 4}"	0	0	24	0	0	graphics-like naming or embedded incbin/byte runs	EXTRACT graphics source where format is clear
GRAPHICS	medium	src/data/banim/dat_data_banim_p153.c	40	793-803	.rodata.dat_data_banim_p153	AnimSprite_EfxSleepOBJ2_46	"{""short"": 6}"	0	0	36	0	0	graphics-like naming or embedded incbin/byte runs	EXTRACT graphics source where format is clear
GRAPHICS	medium	src/data/banim/dat_data_banim_p153.c	41	805-819	.rodata.dat_data_banim_p153	AnimSprite_EfxSleepOBJ2_48	"{""short"": 10}"	0	0	60	0	0	graphics-like naming or embedded incbin/byte runs	EXTRACT graphics source where format is clear
GRAPHICS	medium	src/data/banim/dat_data_banim_p153.c	42	820-836	.rodata.dat_data_banim_p153	AnimSprite_EfxSleepOBJ2_49	"{""short"": 12}"	0	0	72	0	0	graphics-like naming or embedded incbin/byte runs	EXTRACT graphics source where format is clear
GRAPHICS	medium	src/data/banim/dat_data_banim_p153.c	43	837-854	.rodata.dat_data_banim_p153	AnimSprite_EfxSleepOBJ2_50	"{""short"": 13}"	0	0	78	0	0	graphics-like naming or embedded incbin/byte runs	EXTRACT graphics source where format is clear
GRAPHICS	medium	src/data/banim/dat_data_banim_p153.c	44	855-874	.rodata.dat_data_banim_p153	AnimSprite_EfxSleepOBJ2_51	"{""short"": 15}"	0	0	90	0	0	graphics-like naming or embedded incbin/byte runs	EXTRACT graphics source where format is clear
GRAPHICS	medium	src/data/banim/dat_data_banim_p153.c	45	876-897	.rodata.dat_data_banim_p153	AnimSprite_EfxSleepOBJ2_53	"{""short"": 17}"	0	0	102	0	0	graphics-like naming or embedded incbin/byte runs	EXTRACT graphics source where format is clear
GRAPHICS	medium	src/data/banim/dat_data_banim_p153.c	46	898-920	.rodata.dat_data_banim_p153	AnimSprite_EfxSleepOBJ2_54	"{""short"": 18}"	0	0	108	0	0	graphics-like naming or embedded incbin/byte runs	EXTRACT graphics source where format is clear
GRAPHICS	medium	src/data/banim/dat_data_banim_p153.c	47	921-944	.rodata.dat_data_banim_p153	AnimSprite_EfxSleepOBJ2_55	"{""short"": 19}"	0	0	114	0	0	graphics-like naming or embedded incbin/byte runs	EXTRACT graphics source where format is clear
GRAPHICS	medium	src/data/banim/dat_data_banim_p153.c	48	945-969	.rodata.dat_data_banim_p153	AnimSprite_EfxSleepOBJ2_56	"{""short"": 20}"	0	0	120	0	0	graphics-like naming or embedded incbin/byte runs	EXTRACT graphics source where format is clear
GRAPHICS	medium	src/data/banim/dat_data_banim_p154.c	1	7-34	.rodata.dat_data_banim_p154	AnimSprite_EfxSleepOBJ2_59	"{""short"": 23}"	0	0	138	0	0	graphics-like naming or embedded incbin/byte runs	EXTRACT graphics source where format is clear
GRAPHICS	medium	src/data/banim/dat_data_banim_p154.c	2	36-65	.rodata.dat_data_banim_p154	AnimSprite_EfxSleepOBJ2_61	"{""short"": 25}"	0	0	150	0	0	graphics-like naming or embedded incbin/byte runs	EXTRACT graphics source where format is clear
GRAPHICS	medium	src/data/banim/dat_data_banim_p154.c	3	66-96	.rodata.dat_data_banim_p154	AnimSprite_EfxSleepOBJ2_62	"{""short"": 26}"	0	0	156	0	0	graphics-like naming or embedded incbin/byte runs	EXTRACT graphics source where format is clear
GRAPHICS	medium	src/data/banim/dat_data_banim_p154.c	4	97-127	.rodata.dat_data_banim_p154	AnimSprite_EfxSleepOBJ2_63	"{""short"": 26}"	0	0	156	0	0	graphics-like naming or embedded incbin/byte runs	EXTRACT graphics source where format is clear
GRAPHICS	medium	src/data/banim/dat_data_banim_p154.c	5	128-159	.rodata.dat_data_banim_p154	AnimSprite_EfxSleepOBJ2_64	"{""short"": 27}"	0	0	162	0	0	graphics-like naming or embedded incbin/byte runs	EXTRACT graphics source where format is clear
GRAPHICS	medium	src/data/banim/dat_data_banim_p154.c	6	160-191	.rodata.dat_data_banim_p154	AnimSprite_EfxSleepOBJ2_65	"{""short"": 27}"	0	0	162	0	0	graphics-like naming or embedded incbin/byte runs	EXTRACT graphics source where format is clear
GRAPHICS	medium	src/data/banim/dat_data_banim_p154.c	7	192-224	.rodata.dat_data_banim_p154	AnimSprite_EfxSleepOBJ2_66	"{""short"": 28}"	0	0	168	0	0	graphics-like naming or embedded incbin/byte runs	EXTRACT graphics source where format is clear
GRAPHICS	medium	src/data/banim/dat_data_banim_p154.c	8	225-257	.rodata.dat_data_banim_p154	AnimSprite_EfxSleepOBJ2_67	"{""short"": 28}"	0	0	168	0	0	graphics-like naming or embedded incbin/byte runs	EXTRACT graphics source where format is clear
GRAPHICS	medium	src/data/banim/dat_data_banim_p154.c	9	258-289	.rodata.dat_data_banim_p154	AnimSprite_EfxSleepOBJ2_68	"{""short"": 27}"	0	0	162	0	0	graphics-like naming or embedded incbin/byte runs	EXTRACT graphics source where format is clear
GRAPHICS	medium	src/data/banim/dat_data_banim_p155.c	1	8-35	.rodata.dat_data_banim_p155	AnimSprite_EfxSleepOBJ2_71	"{""short"": 23}"	0	0	138	0	0	graphics-like naming or embedded incbin/byte runs	EXTRACT graphics source where format is clear
GRAPHICS	medium	src/data/banim/dat_data_banim_p155.c	2	36-61	.rodata.dat_data_banim_p155	AnimSprite_EfxSleepOBJ2_72	"{""short"": 21}"	0	0	126	0	0	graphics-like naming or embedded incbin/byte runs	EXTRACT graphics source where format is clear
GRAPHICS	medium	src/data/banim/dat_data_banim_p155.c	3	62-85	.rodata.dat_data_banim_p155	AnimSprite_EfxSleepOBJ2_73	"{""short"": 19}"	0	0	114	0	0	graphics-like naming or embedded incbin/byte runs	EXTRACT graphics source where format is clear
GRAPHICS	medium	src/data/banim/dat_data_banim_p155.c	4	86-107	.rodata.dat_data_banim_p155	AnimSprite_EfxSleepOBJ2_74	"{""short"": 17}"	0	0	102	0	0	graphics-like naming or embedded incbin/byte runs	EXTRACT graphics source where format is clear
GRAPHICS	medium	src/data/banim/dat_data_banim_p155.c	5	108-127	.rodata.dat_data_banim_p155	AnimSprite_EfxSleepOBJ2_75	"{""short"": 15}"	0	0	90	0	0	graphics-like naming or embedded incbin/byte runs	EXTRACT graphics source where format is clear
GRAPHICS	medium	src/data/banim/dat_data_banim_p155.c	6	128-146	.rodata.dat_data_banim_p155	AnimSprite_EfxSleepOBJ2_76	"{""short"": 14}"	0	0	84	0	0	graphics-like naming or embedded incbin/byte runs	EXTRACT graphics source where format is clear
GRAPHICS	medium	src/data/banim/dat_data_banim_p155.c	7	147-163	.rodata.dat_data_banim_p155	AnimSprite_EfxSleepOBJ2_77	"{""short"": 12}"	0	0	72	0	0	graphics-like naming or embedded incbin/byte runs	EXTRACT graphics source where format is clear
GRAPHICS	medium	src/data/banim/dat_data_banim_p155.c	8	164-179	.rodata.dat_data_banim_p155	AnimSprite_EfxSleepOBJ2_78	"{""short"": 11}"	0	0	66	0	0	graphics-like naming or embedded incbin/byte runs	EXTRACT graphics source where format is clear
GRAPHICS	medium	src/data/banim/dat_data_banim_p155.c	9	180-194	.rodata.dat_data_banim_p155	AnimSprite_EfxSleepOBJ2_79	"{""short"": 10}"	0	0	60	0	0	graphics-like naming or embedded incbin/byte runs	EXTRACT graphics source where format is clear
GRAPHICS	medium	src/data/banim/dat_data_banim_p155.c	10	195-208	.rodata.dat_data_banim_p155	AnimSprite_EfxSleepOBJ2_80	"{""short"": 9}"	0	0	54	0	0	graphics-like naming or embedded incbin/byte runs	EXTRACT graphics source where format is clear
GRAPHICS	medium	src/data/banim/dat_data_banim_p155.c	11	210-221	.rodata.dat_data_banim_p155	AnimSprite_EfxSleepOBJ2_82	"{""short"": 7}"	0	0	42	0	0	graphics-like naming or embedded incbin/byte runs	EXTRACT graphics source where format is clear
GRAPHICS	medium	src/data/banim/dat_data_banim_p155.c	12	222-232	.rodata.dat_data_banim_p155	AnimSprite_EfxSleepOBJ2_83	"{""short"": 6}"	0	0	36	0	0	graphics-like naming or embedded incbin/byte runs	EXTRACT graphics source where format is clear
GRAPHICS	medium	src/data/banim/dat_data_banim_p155.c	13	233-242	.rodata.dat_data_banim_p155	AnimSprite_EfxSleepOBJ2_84	"{""short"": 5}"	0	0	30	0	0	graphics-like naming or embedded incbin/byte runs	EXTRACT graphics source where format is clear
GRAPHICS	medium	src/data/banim/dat_data_banim_p155.c	14	243-251	.rodata.dat_data_banim_p155	AnimSprite_EfxSleepOBJ2_85	"{""short"": 4}"	0	0	24	0	0	graphics-like naming or embedded incbin/byte runs	EXTRACT graphics source where format is clear
GRAPHICS	medium	src/data/banim/dat_data_banim_p155.c	15	252-259	.rodata.dat_data_banim_p155	AnimSprite_EfxSleepOBJ2_86	"{""short"": 3}"	0	0	18	0	0	graphics-like naming or embedded incbin/byte runs	EXTRACT graphics source where format is clear
DATA_TABLE	medium	src/data/banim/dat_data_banim_p155.c	16	260-266	.rodata.dat_data_banim_p155	AnimSprite_EfxSleepOBJ2_87	"{""short"": 2}"	0	0	12	0	0	structured scalar/pointer data	EXTRACT typed C or fix false pointer after source/consumer/FE8U audit
GRAPHICS	medium	src/data/banim/dat_data_banim_p156.c	1	7-15	.rodata.dat_data_banim_p156	AnimSprite_EfxSleepOBJ2_89	"{""short"": 4}"	0	0	24	0	0	graphics-like naming or embedded incbin/byte runs	EXTRACT graphics source where format is clear
GRAPHICS	medium	src/data/banim/dat_data_banim_p156.c	2	16-25	.rodata.dat_data_banim_p156	AnimSprite_EfxSleepOBJ2_90	"{""short"": 5}"	0	0	30	0	0	graphics-like naming or embedded incbin/byte runs	EXTRACT graphics source where format is clear
GRAPHICS	medium	src/data/banim/dat_data_banim_p156.c	3	26-36	.rodata.dat_data_banim_p156	AnimSprite_EfxSleepOBJ2_91	"{""short"": 6}"	0	0	36	0	0	graphics-like naming or embedded incbin/byte runs	EXTRACT graphics source where format is clear
GRAPHICS	medium	src/data/banim/dat_data_banim_p156.c	4	37-48	.rodata.dat_data_banim_p156	AnimSprite_EfxSleepOBJ2_92	"{""short"": 7}"	0	0	42	0	0	graphics-like naming or embedded incbin/byte runs	EXTRACT graphics source where format is clear
GRAPHICS	medium	src/data/banim/dat_data_banim_p156.c	5	50-63	.rodata.dat_data_banim_p156	AnimSprite_EfxSleepOBJ2_94	"{""short"": 9}"	0	0	54	0	0	graphics-like naming or embedded incbin/byte runs	EXTRACT graphics source where format is clear
GRAPHICS	medium	src/data/banim/dat_data_banim_p156.c	6	64-78	.rodata.dat_data_banim_p156	AnimSprite_EfxSleepOBJ2_95	"{""short"": 10}"	0	0	60	0	0	graphics-like naming or embedded incbin/byte runs	EXTRACT graphics source where format is clear
GRAPHICS	medium	src/data/banim/dat_data_banim_p156.c	7	79-94	.rodata.dat_data_banim_p156	AnimSprite_EfxSleepOBJ2_96	"{""short"": 11}"	0	0	66	0	0	graphics-like naming or embedded incbin/byte runs	EXTRACT graphics source where format is clear
GRAPHICS	medium	src/data/banim/dat_data_banim_p156.c	8	95-109	.rodata.dat_data_banim_p156	AnimSprite_EfxSleepOBJ2_97	"{""short"": 10}"	0	0	60	0	0	graphics-like naming or embedded incbin/byte runs	EXTRACT graphics source where format is clear
GRAPHICS	medium	src/data/banim/dat_data_banim_p156.c	9	110-125	.rodata.dat_data_banim_p156	AnimSprite_EfxSleepOBJ2_98	"{""short"": 11}"	0	0	66	0	0	graphics-like naming or embedded incbin/byte runs	EXTRACT graphics source where format is clear
GRAPHICS	medium	src/data/banim/dat_data_banim_p156.c	10	126-141	.rodata.dat_data_banim_p156	AnimSprite_EfxSleepOBJ2_99	"{""short"": 11}"	0	0	66	0	0	graphics-like naming or embedded incbin/byte runs	EXTRACT graphics source where format is clear
GRAPHICS	medium	src/data/banim/dat_data_banim_p156.c	11	142-157	.rodata.dat_data_banim_p156	AnimSprite_EfxSleepOBJ2_100	"{""short"": 11}"	0	0	66	0	0	graphics-like naming or embedded incbin/byte runs	EXTRACT graphics source where format is clear
GRAPHICS	medium	src/data/banim/dat_data_banim_p156.c	12	158-173	.rodata.dat_data_banim_p156	AnimSprite_EfxSleepOBJ2_101	"{""short"": 11}"	0	0	66	0	0	graphics-like naming or embedded incbin/byte runs	EXTRACT graphics source where format is clear
GRAPHICS	medium	src/data/banim/dat_data_banim_p156.c	13	174-189	.rodata.dat_data_banim_p156	AnimSprite_EfxSleepOBJ2_102	"{""short"": 11}"	0	0	66	0	0	graphics-like naming or embedded incbin/byte runs	EXTRACT graphics source where format is clear
GRAPHICS	medium	src/data/banim/dat_data_banim_p156.c	14	190-205	.rodata.dat_data_banim_p156	AnimSprite_EfxSleepOBJ2_103	"{""short"": 11}"	0	0	66	0	0	graphics-like naming or embedded incbin/byte runs	EXTRACT graphics source where format is clear
GRAPHICS	medium	src/data/banim/dat_data_banim_p156.c	15	206-221	.rodata.dat_data_banim_p156	AnimSprite_EfxSleepOBJ2_104	"{""short"": 11}"	0	0	66	0	0	graphics-like naming or embedded incbin/byte runs	EXTRACT graphics source where format is clear
GRAPHICS	medium	src/data/banim/dat_data_banim_p156.c	16	222-237	.rodata.dat_data_banim_p156	AnimSprite_EfxSleepOBJ2_105	"{""short"": 11}"	0	0	66	0	0	graphics-like naming or embedded incbin/byte runs	EXTRACT graphics source where format is clear
GRAPHICS	medium	src/data/banim/dat_data_banim_p156.c	17	238-252	.rodata.dat_data_banim_p156	AnimSprite_EfxSleepOBJ2_106	"{""short"": 10}"	0	0	60	0	0	graphics-like naming or embedded incbin/byte runs	EXTRACT graphics source where format is clear
GRAPHICS	medium	src/data/banim/dat_data_banim_p158.c	1	7-15	.rodata.dat_data_banim_p158	AnimSprite_EfxSleepOBJ2_115	"{""short"": 4}"	0	0	24	0	0	graphics-like naming or embedded incbin/byte runs	EXTRACT graphics source where format is clear
GRAPHICS	medium	src/data/banim/dat_data_banim_p158.c	2	16-25	.rodata.dat_data_banim_p158	AnimSprite_EfxSleepOBJ2_116	"{""short"": 5}"	0	0	30	0	0	graphics-like naming or embedded incbin/byte runs	EXTRACT graphics source where format is clear
GRAPHICS	medium	src/data/banim/dat_data_banim_p158.c	3	26-36	.rodata.dat_data_banim_p158	AnimSprite_EfxSleepOBJ2_117	"{""short"": 6}"	0	0	36	0	0	graphics-like naming or embedded incbin/byte runs	EXTRACT graphics source where format is clear
GRAPHICS	medium	src/data/banim/dat_data_banim_p158.c	4	37-48	.rodata.dat_data_banim_p158	AnimSprite_EfxSleepOBJ2_118	"{""short"": 7}"	0	0	42	0	0	graphics-like naming or embedded incbin/byte runs	EXTRACT graphics source where format is clear
GRAPHICS	medium	src/data/banim/dat_data_banim_p158.c	5	50-63	.rodata.dat_data_banim_p158	AnimSprite_EfxSleepOBJ2_120	"{""short"": 9}"	0	0	54	0	0	graphics-like naming or embedded incbin/byte runs	EXTRACT graphics source where format is clear
GRAPHICS	medium	src/data/banim/dat_data_banim_p158.c	6	64-78	.rodata.dat_data_banim_p158	AnimSprite_EfxSleepOBJ2_121	"{""short"": 10}"	0	0	60	0	0	graphics-like naming or embedded incbin/byte runs	EXTRACT graphics source where format is clear
GRAPHICS	medium	src/data/banim/dat_data_banim_p158.c	7	79-94	.rodata.dat_data_banim_p158	AnimSprite_EfxSleepOBJ2_122	"{""short"": 11}"	0	0	66	0	0	graphics-like naming or embedded incbin/byte runs	EXTRACT graphics source where format is clear
GRAPHICS	medium	src/data/banim/dat_data_banim_p158.c	8	95-110	.rodata.dat_data_banim_p158	AnimSprite_EfxSleepOBJ2_123	"{""short"": 11}"	0	0	66	0	0	graphics-like naming or embedded incbin/byte runs	EXTRACT graphics source where format is clear
GRAPHICS	medium	src/data/banim/dat_data_banim_p158.c	9	111-124	.rodata.dat_data_banim_p158	AnimSprite_EfxSleepOBJ2_124	"{""short"": 9}"	0	0	54	0	0	graphics-like naming or embedded incbin/byte runs	EXTRACT graphics source where format is clear
GRAPHICS	medium	src/data/banim/dat_data_banim_p158.c	10	126-139	.rodata.dat_data_banim_p158	AnimSprite_EfxSleepOBJ2_126	"{""short"": 9}"	0	0	54	0	0	graphics-like naming or embedded incbin/byte runs	EXTRACT graphics source where format is clear
GRAPHICS	medium	src/data/banim/dat_data_banim_p158.c	11	140-150	.rodata.dat_data_banim_p158	AnimSprite_EfxSleepOBJ2_127	"{""short"": 6}"	0	0	36	0	0	graphics-like naming or embedded incbin/byte runs	EXTRACT graphics source where format is clear
GRAPHICS	medium	src/data/banim/dat_data_banim_p158.c	12	151-160	.rodata.dat_data_banim_p158	AnimSprite_EfxSleepOBJ2_128	"{""short"": 5}"	0	0	30	0	0	graphics-like naming or embedded incbin/byte runs	EXTRACT graphics source where format is clear
GRAPHICS	medium	src/data/banim/dat_data_banim_p158.c	13	161-169	.rodata.dat_data_banim_p158	AnimSprite_EfxSleepOBJ2_129	"{""short"": 4}"	0	0	24	0	0	graphics-like naming or embedded incbin/byte runs	EXTRACT graphics source where format is clear
GRAPHICS	medium	src/data/banim/dat_data_banim_p158.c	14	170-177	.rodata.dat_data_banim_p158	AnimSprite_EfxSleepOBJ2_130	"{""short"": 3}"	0	0	18	0	0	graphics-like naming or embedded incbin/byte runs	EXTRACT graphics source where format is clear
DATA_TABLE	medium	src/data/banim/dat_data_banim_p158.c	15	178-184	.rodata.dat_data_banim_p158	AnimSprite_EfxSleepOBJ2_131	"{""short"": 2}"	0	0	12	0	0	structured scalar/pointer data	EXTRACT typed C or fix false pointer after source/consumer/FE8U audit
GRAPHICS	medium	src/data/banim/dat_data_banim_p159.c	1	11-19	.rodata.dat_data_banim_p159	AnimSprite_EfxBerserk1_1	"{""short"": 4}"	0	0	24	0	0	graphics-like naming or embedded incbin/byte runs	EXTRACT graphics source where format is clear
GRAPHICS	medium	src/data/banim/dat_data_banim_p159.c	2	20-28	.rodata.dat_data_banim_p159	AnimSprite_EfxBerserk1_2	"{""short"": 4}"	0	0	24	0	0	graphics-like naming or embedded incbin/byte runs	EXTRACT graphics source where format is clear
GRAPHICS	medium	src/data/banim/dat_data_banim_p159.c	3	29-40	.rodata.dat_data_banim_p159	AnimSprite_EfxBerserk1_3	"{""short"": 7}"	0	0	42	0	0	graphics-like naming or embedded incbin/byte runs	EXTRACT graphics source where format is clear
GRAPHICS	medium	src/data/banim/dat_data_banim_p159.c	4	42-50	.rodata.dat_data_banim_p159	AnimSprite_EfxBerserk1_5	"{""short"": 4}"	0	0	24	0	0	graphics-like naming or embedded incbin/byte runs	EXTRACT graphics source where format is clear
GRAPHICS	medium	src/data/banim/dat_data_banim_p159.c	5	51-59	.rodata.dat_data_banim_p159	AnimSprite_EfxBerserk1_6	"{""short"": 4}"	0	0	24	0	0	graphics-like naming or embedded incbin/byte runs	EXTRACT graphics source where format is clear
GRAPHICS	medium	src/data/banim/dat_data_banim_p159.c	6	60-71	.rodata.dat_data_banim_p159	AnimSprite_EfxBerserk1_7	"{""short"": 7}"	0	0	42	0	0	graphics-like naming or embedded incbin/byte runs	EXTRACT graphics source where format is clear
GRAPHICS	medium	src/data/banim/dat_data_banim_p159.c	7	73-81	.rodata.dat_data_banim_p159	AnimSprite_EfxBerserk1_9	"{""short"": 4}"	0	0	24	0	0	graphics-like naming or embedded incbin/byte runs	EXTRACT graphics source where format is clear
GRAPHICS	medium	src/data/banim/dat_data_banim_p159.c	8	82-90	.rodata.dat_data_banim_p159	AnimSprite_EfxBerserk1_10	"{""short"": 4}"	0	0	24	0	0	graphics-like naming or embedded incbin/byte runs	EXTRACT graphics source where format is clear
GRAPHICS	medium	src/data/banim/dat_data_banim_p159.c	9	91-102	.rodata.dat_data_banim_p159	AnimSprite_EfxBerserk1_11	"{""short"": 7}"	0	0	42	0	0	graphics-like naming or embedded incbin/byte runs	EXTRACT graphics source where format is clear
GRAPHICS	medium	src/data/banim/dat_data_banim_p159.c	10	104-112	.rodata.dat_data_banim_p159	AnimSprite_EfxBerserk1_13	"{""short"": 4}"	0	0	24	0	0	graphics-like naming or embedded incbin/byte runs	EXTRACT graphics source where format is clear
GRAPHICS	medium	src/data/banim/dat_data_banim_p159.c	11	113-121	.rodata.dat_data_banim_p159	AnimSprite_EfxBerserk1_14	"{""short"": 4}"	0	0	24	0	0	graphics-like naming or embedded incbin/byte runs	EXTRACT graphics source where format is clear
GRAPHICS	medium	src/data/banim/dat_data_banim_p159.c	12	122-133	.rodata.dat_data_banim_p159	AnimSprite_EfxBerserk1_15	"{""short"": 7}"	0	0	42	0	0	graphics-like naming or embedded incbin/byte runs	EXTRACT graphics source where format is clear
GRAPHICS	medium	src/data/banim/dat_data_banim_p159.c	13	135-143	.rodata.dat_data_banim_p159	AnimSprite_EfxBerserk1_17	"{""short"": 4}"	0	0	24	0	0	graphics-like naming or embedded incbin/byte runs	EXTRACT graphics source where format is clear
GRAPHICS	medium	src/data/banim/dat_data_banim_p159.c	14	144-152	.rodata.dat_data_banim_p159	AnimSprite_EfxBerserk1_18	"{""short"": 4}"	0	0	24	0	0	graphics-like naming or embedded incbin/byte runs	EXTRACT graphics source where format is clear
GRAPHICS	medium	src/data/banim/dat_data_banim_p159.c	15	153-164	.rodata.dat_data_banim_p159	AnimSprite_EfxBerserk1_19	"{""short"": 7}"	0	0	42	0	0	graphics-like naming or embedded incbin/byte runs	EXTRACT graphics source where format is clear
GRAPHICS	medium	src/data/banim/dat_data_banim_p17.c	1	9-16	.rodata.dat_data_banim_p17	AnimSprite_EfxDanceObj_0	"{""short"": 3}"	0	0	18	0	0	graphics-like naming or embedded incbin/byte runs	EXTRACT graphics source where format is clear
GRAPHICS	medium	src/data/banim/dat_data_banim_p17.c	2	17-24	.rodata.dat_data_banim_p17	AnimSprite_EfxDanceObj_1	"{""short"": 3}"	0	0	18	0	0	graphics-like naming or embedded incbin/byte runs	EXTRACT graphics source where format is clear
GRAPHICS	medium	src/data/banim/dat_data_banim_p17.c	3	25-32	.rodata.dat_data_banim_p17	AnimSprite_EfxDanceObj_2	"{""short"": 3}"	0	0	18	0	0	graphics-like naming or embedded incbin/byte runs	EXTRACT graphics source where format is clear
GRAPHICS	medium	src/data/banim/dat_data_banim_p17.c	4	33-40	.rodata.dat_data_banim_p17	AnimSprite_EfxDanceObj_3	"{""short"": 3}"	0	0	18	0	0	graphics-like naming or embedded incbin/byte runs	EXTRACT graphics source where format is clear
GRAPHICS	medium	src/data/banim/dat_data_banim_p17.c	5	41-48	.rodata.dat_data_banim_p17	AnimSprite_EfxDanceObj_4	"{""short"": 3}"	0	0	18	0	0	graphics-like naming or embedded incbin/byte runs	EXTRACT graphics source where format is clear
GRAPHICS	medium	src/data/banim/dat_data_banim_p17.c	6	49-56	.rodata.dat_data_banim_p17	AnimSprite_EfxDanceObj_5	"{""short"": 3}"	0	0	18	0	0	graphics-like naming or embedded incbin/byte runs	EXTRACT graphics source where format is clear
DATA_TABLE	medium	src/data/banim/dat_data_banim_p17.c	7	57-63	.rodata.dat_data_banim_p17	AnimSprite_EfxDanceObj_6	"{""short"": 2}"	0	0	12	0	0	structured scalar/pointer data	EXTRACT typed C or fix false pointer after source/consumer/FE8U audit
GRAPHICS	medium	src/data/banim/dat_data_banim_p17.c	8	64-71	.rodata.dat_data_banim_p17	AnimSprite_EfxDanceObj_7	"{""short"": 3}"	0	0	18	0	0	graphics-like naming or embedded incbin/byte runs	EXTRACT graphics source where format is clear
GRAPHICS	medium	src/data/banim/dat_data_banim_p17.c	9	72-79	.rodata.dat_data_banim_p17	AnimSprite_EfxDanceObj_8	"{""short"": 3}"	0	0	18	0	0	graphics-like naming or embedded incbin/byte runs	EXTRACT graphics source where format is clear
GRAPHICS	medium	src/data/banim/dat_data_banim_p17.c	10	80-87	.rodata.dat_data_banim_p17	AnimSprite_EfxDanceObj_9	"{""short"": 3}"	0	0	18	0	0	graphics-like naming or embedded incbin/byte runs	EXTRACT graphics source where format is clear
GRAPHICS	medium	src/data/banim/dat_data_banim_p17.c	11	88-95	.rodata.dat_data_banim_p17	AnimSprite_EfxDanceObj_10	"{""short"": 3}"	0	0	18	0	0	graphics-like naming or embedded incbin/byte runs	EXTRACT graphics source where format is clear
GRAPHICS	medium	src/data/banim/dat_data_banim_p17.c	12	96-103	.rodata.dat_data_banim_p17	AnimSprite_EfxDanceObj_11	"{""short"": 3}"	0	0	18	0	0	graphics-like naming or embedded incbin/byte runs	EXTRACT graphics source where format is clear
GRAPHICS	medium	src/data/banim/dat_data_banim_p17.c	13	104-111	.rodata.dat_data_banim_p17	AnimSprite_EfxDanceObj_12	"{""short"": 3}"	0	0	18	0	0	graphics-like naming or embedded incbin/byte runs	EXTRACT graphics source where format is clear
GRAPHICS	medium	src/data/banim/dat_data_banim_p17.c	14	112-119	.rodata.dat_data_banim_p17	AnimSprite_EfxDanceObj_x_0	"{""short"": 3}"	0	0	18	0	0	graphics-like naming or embedded incbin/byte runs	EXTRACT graphics source where format is clear
GRAPHICS	medium	src/data/banim/dat_data_banim_p17.c	15	120-127	.rodata.dat_data_banim_p17	AnimSprite_EfxDanceObj_x_1	"{""short"": 3}"	0	0	18	0	0	graphics-like naming or embedded incbin/byte runs	EXTRACT graphics source where format is clear
GRAPHICS	medium	src/data/banim/dat_data_banim_p17.c	16	128-135	.rodata.dat_data_banim_p17	AnimSprite_Banim_2	"{""short"": 3}"	0	0	18	0	0	graphics-like naming or embedded incbin/byte runs	EXTRACT graphics source where format is clear
GRAPHICS	medium	src/data/banim/dat_data_banim_p17.c	17	136-143	.rodata.dat_data_banim_p17	AnimSprite_Banim_3	"{""short"": 3}"	0	0	18	0	0	graphics-like naming or embedded incbin/byte runs	EXTRACT graphics source where format is clear
GRAPHICS	medium	src/data/banim/dat_data_banim_p17.c	18	144-151	.rodata.dat_data_banim_p17	AnimSprite_Banim_4	"{""short"": 3}"	0	0	18	0	0	graphics-like naming or embedded incbin/byte runs	EXTRACT graphics source where format is clear
GRAPHICS	medium	src/data/banim/dat_data_banim_p17.c	19	152-159	.rodata.dat_data_banim_p17	AnimSprite_Banim_5	"{""short"": 3}"	0	0	18	0	0	graphics-like naming or embedded incbin/byte runs	EXTRACT graphics source where format is clear
GRAPHICS	medium	src/data/banim/dat_data_banim_p17.c	20	160-167	.rodata.dat_data_banim_p17	AnimSprite_Banim_6	"{""short"": 3}"	0	0	18	0	0	graphics-like naming or embedded incbin/byte runs	EXTRACT graphics source where format is clear
DATA_TABLE	medium	src/data/banim/dat_data_banim_p17.c	21	168-174	.rodata.dat_data_banim_p17	AnimSprite_Banim_7	"{""short"": 2}"	0	0	12	0	0	structured scalar/pointer data	EXTRACT typed C or fix false pointer after source/consumer/FE8U audit
DATA_TABLE	medium	src/data/banim/dat_data_banim_p17.c	22	175-181	.rodata.dat_data_banim_p17	AnimSprite_Banim_8	"{""short"": 2}"	0	0	12	0	0	structured scalar/pointer data	EXTRACT typed C or fix false pointer after source/consumer/FE8U audit
DATA_TABLE	medium	src/data/banim/dat_data_banim_p17.c	23	182-188	.rodata.dat_data_banim_p17	AnimSprite_Banim_9	"{""short"": 2}"	0	0	12	0	0	structured scalar/pointer data	EXTRACT typed C or fix false pointer after source/consumer/FE8U audit
DATA_TABLE	medium	src/data/banim/dat_data_banim_p17.c	24	189-195	.rodata.dat_data_banim_p17	AnimSprite_Banim_10	"{""short"": 2}"	0	0	12	0	0	structured scalar/pointer data	EXTRACT typed C or fix false pointer after source/consumer/FE8U audit
DATA_TABLE	medium	src/data/banim/dat_data_banim_p17.c	25	196-202	.rodata.dat_data_banim_p17	AnimSprite_Banim_11	"{""short"": 2}"	0	0	12	0	0	structured scalar/pointer data	EXTRACT typed C or fix false pointer after source/consumer/FE8U audit
DATA_TABLE	medium	src/data/banim/dat_data_banim_p17.c	26	203-209	.rodata.dat_data_banim_p17	AnimSprite_Banim_12	"{""short"": 2}"	0	0	12	0	0	structured scalar/pointer data	EXTRACT typed C or fix false pointer after source/consumer/FE8U audit
DATA_TABLE	medium	src/data/banim/dat_data_banim_p17.c	27	210-216	.rodata.dat_data_banim_p17	AnimSprite_Banim_13	"{""short"": 2}"	0	0	12	0	0	structured scalar/pointer data	EXTRACT typed C or fix false pointer after source/consumer/FE8U audit
DATA_TABLE	medium	src/data/banim/dat_data_banim_p17.c	28	217-223	.rodata.dat_data_banim_p17	AnimSprite_Banim_14	"{""short"": 2}"	0	0	12	0	0	structured scalar/pointer data	EXTRACT typed C or fix false pointer after source/consumer/FE8U audit
GRAPHICS	medium	src/data/banim/dat_data_banim_p17.c	29	224-231	.rodata.dat_data_banim_p17	AnimSprite_Banim_15	"{""short"": 3}"	0	0	18	0	0	graphics-like naming or embedded incbin/byte runs	EXTRACT graphics source where format is clear
GRAPHICS	medium	src/data/banim/dat_data_banim_p17.c	30	232-239	.rodata.dat_data_banim_p17	AnimSprite_Banim_16	"{""short"": 3}"	0	0	18	0	0	graphics-like naming or embedded incbin/byte runs	EXTRACT graphics source where format is clear
GRAPHICS	medium	src/data/banim/dat_data_banim_p17.c	31	240-247	.rodata.dat_data_banim_p17	AnimSprite_Banim_17	"{""short"": 3}"	0	0	18	0	0	graphics-like naming or embedded incbin/byte runs	EXTRACT graphics source where format is clear
GRAPHICS	medium	src/data/banim/dat_data_banim_p17.c	32	248-255	.rodata.dat_data_banim_p17	AnimSprite_Banim_18	"{""short"": 3}"	0	0	18	0	0	graphics-like naming or embedded incbin/byte runs	EXTRACT graphics source where format is clear
GRAPHICS	medium	src/data/banim/dat_data_banim_p17.c	33	256-263	.rodata.dat_data_banim_p17	AnimSprite_Banim_19	"{""short"": 3}"	0	0	18	0	0	graphics-like naming or embedded incbin/byte runs	EXTRACT graphics source where format is clear
GRAPHICS	medium	src/data/banim/dat_data_banim_p17.c	34	264-271	.rodata.dat_data_banim_p17	AnimSprite_Banim_20	"{""short"": 3}"	0	0	18	0	0	graphics-like naming or embedded incbin/byte runs	EXTRACT graphics source where format is clear
GRAPHICS	medium	src/data/banim/dat_data_banim_p17.c	35	272-279	.rodata.dat_data_banim_p17	AnimSprite_Banim_21	"{""short"": 3}"	0	0	18	0	0	graphics-like naming or embedded incbin/byte runs	EXTRACT graphics source where format is clear
DATA_TABLE	medium	src/data/banim/dat_data_banim_p17.c	36	280-286	.rodata.dat_data_banim_p17	AnimSprite_Banim_22	"{""short"": 2}"	0	0	12	0	0	structured scalar/pointer data	EXTRACT typed C or fix false pointer after source/consumer/FE8U audit
DATA_TABLE	medium	src/data/banim/dat_data_banim_p17.c	37	287-293	.rodata.dat_data_banim_p17	AnimSprite_Banim_23	"{""short"": 2}"	0	0	12	0	0	structured scalar/pointer data	EXTRACT typed C or fix false pointer after source/consumer/FE8U audit
DATA_TABLE	medium	src/data/banim/dat_data_banim_p17.c	38	294-300	.rodata.dat_data_banim_p17	AnimSprite_Banim_24	"{""short"": 2}"	0	0	12	0	0	structured scalar/pointer data	EXTRACT typed C or fix false pointer after source/consumer/FE8U audit
DATA_TABLE	medium	src/data/banim/dat_data_banim_p17.c	39	301-307	.rodata.dat_data_banim_p17	AnimSprite_Banim_25	"{""short"": 2}"	0	0	12	0	0	structured scalar/pointer data	EXTRACT typed C or fix false pointer after source/consumer/FE8U audit
DATA_TABLE	medium	src/data/banim/dat_data_banim_p17.c	40	308-314	.rodata.dat_data_banim_p17	AnimSprite_Banim_26	"{""short"": 2}"	0	0	12	0	0	structured scalar/pointer data	EXTRACT typed C or fix false pointer after source/consumer/FE8U audit
DATA_TABLE	medium	src/data/banim/dat_data_banim_p17.c	41	315-321	.rodata.dat_data_banim_p17	AnimSprite_EfxSongObj2_0	"{""short"": 2}"	0	0	12	0	0	structured scalar/pointer data	EXTRACT typed C or fix false pointer after source/consumer/FE8U audit
GRAPHICS	medium	src/data/banim/dat_data_banim_p17.c	42	322-330	.rodata.dat_data_banim_p17	AnimSprite_EfxSongObj2_1	"{""short"": 4}"	0	0	24	0	0	graphics-like naming or embedded incbin/byte runs	EXTRACT graphics source where format is clear
GRAPHICS	medium	src/data/banim/dat_data_banim_p17.c	43	331-340	.rodata.dat_data_banim_p17	AnimSprite_EfxSongObj2_2	"{""short"": 5}"	0	0	30	0	0	graphics-like naming or embedded incbin/byte runs	EXTRACT graphics source where format is clear
GRAPHICS	medium	src/data/banim/dat_data_banim_p17.c	44	342-356	.rodata.dat_data_banim_p17	AnimSprite_EfxSongObj2_4	"{""short"": 10}"	0	0	60	0	0	graphics-like naming or embedded incbin/byte runs	EXTRACT graphics source where format is clear
GRAPHICS	medium	src/data/banim/dat_data_banim_p17.c	45	357-370	.rodata.dat_data_banim_p17	AnimSprite_EfxSongObj2_5	"{""short"": 9}"	0	0	54	0	0	graphics-like naming or embedded incbin/byte runs	EXTRACT graphics source where format is clear
GRAPHICS	medium	src/data/banim/dat_data_banim_p17.c	46	371-382	.rodata.dat_data_banim_p17	AnimSprite_EfxSongObj2_6	"{""short"": 7}"	0	0	42	0	0	graphics-like naming or embedded incbin/byte runs	EXTRACT graphics source where format is clear
GRAPHICS	medium	src/data/banim/dat_data_banim_p17.c	47	383-394	.rodata.dat_data_banim_p17	AnimSprite_EfxSongObj2_7	"{""short"": 7}"	0	0	42	0	0	graphics-like naming or embedded incbin/byte runs	EXTRACT graphics source where format is clear
GRAPHICS	medium	src/data/banim/dat_data_banim_p17.c	48	395-403	.rodata.dat_data_banim_p17	AnimSprite_EfxSongObj2_8	"{""short"": 4}"	0	0	24	0	0	graphics-like naming or embedded incbin/byte runs	EXTRACT graphics source where format is clear
DATA_TABLE	medium	src/data/banim/dat_data_banim_p17.c	49	404-410	.rodata.dat_data_banim_p17	AnimSprite_EfxSongObj2_9	"{""short"": 2}"	0	0	12	0	0	structured scalar/pointer data	EXTRACT typed C or fix false pointer after source/consumer/FE8U audit
GRAPHICS	medium	src/data/banim/dat_data_banim_p170.c	1	7-34	.rodata.dat_data_banim_p170	AnimSprite_EfxMshield_55	"{""short"": 23}"	0	0	138	0	0	graphics-like naming or embedded incbin/byte runs	EXTRACT graphics source where format is clear
GRAPHICS	medium	src/data/banim/dat_data_banim_p170.c	2	36-65	.rodata.dat_data_banim_p170	AnimSprite_EfxMshield_57	"{""short"": 25}"	0	0	150	0	0	graphics-like naming or embedded incbin/byte runs	EXTRACT graphics source where format is clear
GRAPHICS	medium	src/data/banim/dat_data_banim_p170.c	3	66-96	.rodata.dat_data_banim_p170	AnimSprite_EfxMshield_58	"{""short"": 26}"	0	0	156	0	0	graphics-like naming or embedded incbin/byte runs	EXTRACT graphics source where format is clear
GRAPHICS	medium	src/data/banim/dat_data_banim_p170.c	4	97-127	.rodata.dat_data_banim_p170	AnimSprite_EfxMshield_59	"{""short"": 26}"	0	0	156	0	0	graphics-like naming or embedded incbin/byte runs	EXTRACT graphics source where format is clear
GRAPHICS	medium	src/data/banim/dat_data_banim_p170.c	5	128-159	.rodata.dat_data_banim_p170	AnimSprite_EfxMshield_60	"{""short"": 27}"	0	0	162	0	0	graphics-like naming or embedded incbin/byte runs	EXTRACT graphics source where format is clear
GRAPHICS	medium	src/data/banim/dat_data_banim_p170.c	6	160-191	.rodata.dat_data_banim_p170	AnimSprite_EfxMshield_61	"{""short"": 27}"	0	0	162	0	0	graphics-like naming or embedded incbin/byte runs	EXTRACT graphics source where format is clear
GRAPHICS	medium	src/data/banim/dat_data_banim_p170.c	7	192-224	.rodata.dat_data_banim_p170	AnimSprite_EfxMshield_62	"{""short"": 28}"	0	0	168	0	0	graphics-like naming or embedded incbin/byte runs	EXTRACT graphics source where format is clear
GRAPHICS	medium	src/data/banim/dat_data_banim_p170.c	8	225-257	.rodata.dat_data_banim_p170	AnimSprite_EfxMshield_63	"{""short"": 28}"	0	0	168	0	0	graphics-like naming or embedded incbin/byte runs	EXTRACT graphics source where format is clear
GRAPHICS	medium	src/data/banim/dat_data_banim_p170.c	9	258-289	.rodata.dat_data_banim_p170	AnimSprite_EfxMshield_64	"{""short"": 27}"	0	0	162	0	0	graphics-like naming or embedded incbin/byte runs	EXTRACT graphics source where format is clear
GRAPHICS	medium	src/data/banim/dat_data_banim_p171.c	1	8-35	.rodata.dat_data_banim_p171	AnimSprite_EfxMshield_67	"{""short"": 23}"	0	0	138	0	0	graphics-like naming or embedded incbin/byte runs	EXTRACT graphics source where format is clear
GRAPHICS	medium	src/data/banim/dat_data_banim_p171.c	2	36-61	.rodata.dat_data_banim_p171	AnimSprite_EfxMshield_68	"{""short"": 21}"	0	0	126	0	0	graphics-like naming or embedded incbin/byte runs	EXTRACT graphics source where format is clear
GRAPHICS	medium	src/data/banim/dat_data_banim_p171.c	3	62-85	.rodata.dat_data_banim_p171	AnimSprite_EfxMshield_69	"{""short"": 19}"	0	0	114	0	0	graphics-like naming or embedded incbin/byte runs	EXTRACT graphics source where format is clear
GRAPHICS	medium	src/data/banim/dat_data_banim_p171.c	4	86-107	.rodata.dat_data_banim_p171	AnimSprite_EfxMshield_70	"{""short"": 17}"	0	0	102	0	0	graphics-like naming or embedded incbin/byte runs	EXTRACT graphics source where format is clear
GRAPHICS	medium	src/data/banim/dat_data_banim_p171.c	5	108-127	.rodata.dat_data_banim_p171	AnimSprite_EfxMshield_71	"{""short"": 15}"	0	0	90	0	0	graphics-like naming or embedded incbin/byte runs	EXTRACT graphics source where format is clear
GRAPHICS	medium	src/data/banim/dat_data_banim_p171.c	6	128-146	.rodata.dat_data_banim_p171	AnimSprite_EfxMshield_72	"{""short"": 14}"	0	0	84	0	0	graphics-like naming or embedded incbin/byte runs	EXTRACT graphics source where format is clear
GRAPHICS	medium	src/data/banim/dat_data_banim_p171.c	7	147-163	.rodata.dat_data_banim_p171	AnimSprite_EfxMshield_73	"{""short"": 12}"	0	0	72	0	0	graphics-like naming or embedded incbin/byte runs	EXTRACT graphics source where format is clear
GRAPHICS	medium	src/data/banim/dat_data_banim_p171.c	8	164-179	.rodata.dat_data_banim_p171	AnimSprite_EfxMshield_74	"{""short"": 11}"	0	0	66	0	0	graphics-like naming or embedded incbin/byte runs	EXTRACT graphics source where format is clear
GRAPHICS	medium	src/data/banim/dat_data_banim_p171.c	9	180-194	.rodata.dat_data_banim_p171	AnimSprite_EfxMshield_75	"{""short"": 10}"	0	0	60	0	0	graphics-like naming or embedded incbin/byte runs	EXTRACT graphics source where format is clear
GRAPHICS	medium	src/data/banim/dat_data_banim_p171.c	10	195-208	.rodata.dat_data_banim_p171	AnimSprite_EfxMshield_76	"{""short"": 9}"	0	0	54	0	0	graphics-like naming or embedded incbin/byte runs	EXTRACT graphics source where format is clear
GRAPHICS	medium	src/data/banim/dat_data_banim_p171.c	11	210-221	.rodata.dat_data_banim_p171	AnimSprite_EfxMshield_78	"{""short"": 7}"	0	0	42	0	0	graphics-like naming or embedded incbin/byte runs	EXTRACT graphics source where format is clear
GRAPHICS	medium	src/data/banim/dat_data_banim_p171.c	12	222-232	.rodata.dat_data_banim_p171	AnimSprite_EfxMshield_79	"{""short"": 6}"	0	0	36	0	0	graphics-like naming or embedded incbin/byte runs	EXTRACT graphics source where format is clear
GRAPHICS	medium	src/data/banim/dat_data_banim_p171.c	13	233-242	.rodata.dat_data_banim_p171	AnimSprite_EfxMshield_80	"{""short"": 5}"	0	0	30	0	0	graphics-like naming or embedded incbin/byte runs	EXTRACT graphics source where format is clear
GRAPHICS	medium	src/data/banim/dat_data_banim_p171.c	14	243-251	.rodata.dat_data_banim_p171	AnimSprite_EfxMshield_81	"{""short"": 4}"	0	0	24	0	0	graphics-like naming or embedded incbin/byte runs	EXTRACT graphics source where format is clear
GRAPHICS	medium	src/data/banim/dat_data_banim_p171.c	15	252-259	.rodata.dat_data_banim_p171	AnimSprite_EfxMshield_82	"{""short"": 3}"	0	0	18	0	0	graphics-like naming or embedded incbin/byte runs	EXTRACT graphics source where format is clear
DATA_TABLE	medium	src/data/banim/dat_data_banim_p171.c	16	260-266	.rodata.dat_data_banim_p171	AnimSprite_EfxMshield_83	"{""short"": 2}"	0	0	12	0	0	structured scalar/pointer data	EXTRACT typed C or fix false pointer after source/consumer/FE8U audit
GRAPHICS	medium	src/data/banim/dat_data_banim_p171.c	17	267-278	.rodata.dat_data_banim_p171	AnimSprite_EfxMshield_84	"{""short"": 7}"	0	0	42	0	0	graphics-like naming or embedded incbin/byte runs	EXTRACT graphics source where format is clear
GRAPHICS	medium	src/data/banim/dat_data_banim_p171.c	18	279-290	.rodata.dat_data_banim_p171	AnimSprite_EfxMshield_85	"{""short"": 7}"	0	0	42	0	0	graphics-like naming or embedded incbin/byte runs	EXTRACT graphics source where format is clear
GRAPHICS	medium	src/data/banim/dat_data_banim_p171.c	19	291-302	.rodata.dat_data_banim_p171	AnimSprite_EfxMshield_86	"{""short"": 7}"	0	0	42	0	0	graphics-like naming or embedded incbin/byte runs	EXTRACT graphics source where format is clear
GRAPHICS	medium	src/data/banim/dat_data_banim_p171.c	20	303-314	.rodata.dat_data_banim_p171	AnimSprite_EfxMshield_87	"{""short"": 7}"	0	0	42	0	0	graphics-like naming or embedded incbin/byte runs	EXTRACT graphics source where format is clear
GRAPHICS	medium	src/data/banim/dat_data_banim_p171.c	21	315-326	.rodata.dat_data_banim_p171	AnimSprite_EfxMshield_88	"{""short"": 7}"	0	0	42	0	0	graphics-like naming or embedded incbin/byte runs	EXTRACT graphics source where format is clear
GRAPHICS	medium	src/data/banim/dat_data_banim_p171.c	22	327-338	.rodata.dat_data_banim_p171	AnimSprite_EfxMshield_89	"{""short"": 7}"	0	0	42	0	0	graphics-like naming or embedded incbin/byte runs	EXTRACT graphics source where format is clear
GRAPHICS	medium	src/data/banim/dat_data_banim_p171.c	23	339-350	.rodata.dat_data_banim_p171	AnimSprite_EfxMshield_90	"{""short"": 7}"	0	0	42	0	0	graphics-like naming or embedded incbin/byte runs	EXTRACT graphics source where format is clear
GRAPHICS	medium	src/data/banim/dat_data_banim_p171.c	24	351-364	.rodata.dat_data_banim_p171	AnimSprite_EfxMshield_91	"{""short"": 9}"	0	0	54	0	0	graphics-like naming or embedded incbin/byte runs	EXTRACT graphics source where format is clear
GRAPHICS	medium	src/data/banim/dat_data_banim_p171.c	25	365-378	.rodata.dat_data_banim_p171	AnimSprite_EfxMshield_92	"{""short"": 9}"	0	0	54	0	0	graphics-like naming or embedded incbin/byte runs	EXTRACT graphics source where format is clear
GRAPHICS	medium	src/data/banim/dat_data_banim_p171.c	26	379-392	.rodata.dat_data_banim_p171	AnimSprite_EfxMshield_93	"{""short"": 9}"	0	0	54	0	0	graphics-like naming or embedded incbin/byte runs	EXTRACT graphics source where format is clear
GRAPHICS	medium	src/data/banim/dat_data_banim_p171.c	27	393-406	.rodata.dat_data_banim_p171	AnimSprite_EfxMshield_94	"{""short"": 9}"	0	0	54	0	0	graphics-like naming or embedded incbin/byte runs	EXTRACT graphics source where format is clear
GRAPHICS	medium	src/data/banim/dat_data_banim_p171.c	28	407-420	.rodata.dat_data_banim_p171	AnimSprite_EfxMshield_95	"{""short"": 9}"	0	0	54	0	0	graphics-like naming or embedded incbin/byte runs	EXTRACT graphics source where format is clear
GRAPHICS	medium	src/data/banim/dat_data_banim_p171.c	29	421-434	.rodata.dat_data_banim_p171	AnimSprite_EfxMshield_96	"{""short"": 9}"	0	0	54	0	0	graphics-like naming or embedded incbin/byte runs	EXTRACT graphics source where format is clear
GRAPHICS	medium	src/data/banim/dat_data_banim_p171.c	30	435-448	.rodata.dat_data_banim_p171	AnimSprite_EfxMshield_97	"{""short"": 9}"	0	0	54	0	0	graphics-like naming or embedded incbin/byte runs	EXTRACT graphics source where format is clear
GRAPHICS	medium	src/data/banim/dat_data_banim_p171.c	31	449-462	.rodata.dat_data_banim_p171	AnimSprite_EfxMshield_98	"{""short"": 9}"	0	0	54	0	0	graphics-like naming or embedded incbin/byte runs	EXTRACT graphics source where format is clear
GRAPHICS	medium	src/data/banim/dat_data_banim_p171.c	32	463-476	.rodata.dat_data_banim_p171	AnimSprite_EfxMshield_99	"{""short"": 9}"	0	0	54	0	0	graphics-like naming or embedded incbin/byte runs	EXTRACT graphics source where format is clear
GRAPHICS	medium	src/data/banim/dat_data_banim_p171.c	33	478-489	.rodata.dat_data_banim_p171	AnimSprite_EfxMshield_101	"{""short"": 7}"	0	0	42	0	0	graphics-like naming or embedded incbin/byte runs	EXTRACT graphics source where format is clear
GRAPHICS	medium	src/data/banim/dat_data_banim_p171.c	34	490-501	.rodata.dat_data_banim_p171	AnimSprite_EfxMshield_102	"{""short"": 7}"	0	0	42	0	0	graphics-like naming or embedded incbin/byte runs	EXTRACT graphics source where format is clear
GRAPHICS	medium	src/data/banim/dat_data_banim_p171.c	35	502-512	.rodata.dat_data_banim_p171	AnimSprite_EfxMshield_103	"{""short"": 6}"	0	0	36	0	0	graphics-like naming or embedded incbin/byte runs	EXTRACT graphics source where format is clear
GRAPHICS	medium	src/data/banim/dat_data_banim_p171.c	36	513-522	.rodata.dat_data_banim_p171	AnimSprite_EfxMshield_104	"{""short"": 5}"	0	0	30	0	0	graphics-like naming or embedded incbin/byte runs	EXTRACT graphics source where format is clear
GRAPHICS	medium	src/data/banim/dat_data_banim_p171.c	37	523-532	.rodata.dat_data_banim_p171	AnimSprite_EfxMshield_105	"{""short"": 5}"	0	0	30	0	0	graphics-like naming or embedded incbin/byte runs	EXTRACT graphics source where format is clear
GRAPHICS	medium	src/data/banim/dat_data_banim_p171.c	38	533-540	.rodata.dat_data_banim_p171	AnimSprite_EfxMshield_106	"{""short"": 3}"	0	0	18	0	0	graphics-like naming or embedded incbin/byte runs	EXTRACT graphics source where format is clear
DATA_TABLE	medium	src/data/banim/dat_data_banim_p171.c	39	541-547	.rodata.dat_data_banim_p171	AnimSprite_EfxMshield_107	"{""short"": 2}"	0	0	12	0	0	structured scalar/pointer data	EXTRACT typed C or fix false pointer after source/consumer/FE8U audit
DATA_TABLE	medium	src/data/banim/dat_data_banim_p172.c	1	9-15	.rodata.dat_data_banim_p172	AnimSprite_EfxIvald1_1	"{""short"": 2}"	0	0	12	0	0	structured scalar/pointer data	EXTRACT typed C or fix false pointer after source/consumer/FE8U audit
DATA_TABLE	medium	src/data/banim/dat_data_banim_p172.c	2	16-22	.rodata.dat_data_banim_p172	AnimSprite_EfxIvald1_2	"{""short"": 2}"	0	0	12	0	0	structured scalar/pointer data	EXTRACT typed C or fix false pointer after source/consumer/FE8U audit
DATA_TABLE	medium	src/data/banim/dat_data_banim_p172.c	3	23-29	.rodata.dat_data_banim_p172	AnimSprite_EfxIvald1_3	"{""short"": 2}"	0	0	12	0	0	structured scalar/pointer data	EXTRACT typed C or fix false pointer after source/consumer/FE8U audit
DATA_TABLE	medium	src/data/banim/dat_data_banim_p172.c	4	30-36	.rodata.dat_data_banim_p172	AnimSprite_EfxIvald1_4	"{""short"": 2}"	0	0	12	0	0	structured scalar/pointer data	EXTRACT typed C or fix false pointer after source/consumer/FE8U audit
DATA_TABLE	medium	src/data/banim/dat_data_banim_p172.c	5	37-43	.rodata.dat_data_banim_p172	AnimSprite_EfxIvald1_5	"{""short"": 2}"	0	0	12	0	0	structured scalar/pointer data	EXTRACT typed C or fix false pointer after source/consumer/FE8U audit
DATA_TABLE	medium	src/data/banim/dat_data_banim_p172.c	6	44-50	.rodata.dat_data_banim_p172	AnimSprite_EfxIvald1_6	"{""short"": 2}"	0	0	12	0	0	structured scalar/pointer data	EXTRACT typed C or fix false pointer after source/consumer/FE8U audit
DATA_TABLE	medium	src/data/banim/dat_data_banim_p172.c	7	51-57	.rodata.dat_data_banim_p172	AnimSprite_EfxIvald1_7	"{""short"": 2}"	0	0	12	0	0	structured scalar/pointer data	EXTRACT typed C or fix false pointer after source/consumer/FE8U audit
DATA_TABLE	medium	src/data/banim/dat_data_banim_p172.c	8	58-64	.rodata.dat_data_banim_p172	AnimSprite_EfxIvald1_8	"{""short"": 2}"	0	0	12	0	0	structured scalar/pointer data	EXTRACT typed C or fix false pointer after source/consumer/FE8U audit
DATA_TABLE	medium	src/data/banim/dat_data_banim_p172.c	9	65-71	.rodata.dat_data_banim_p172	AnimSprite_EfxIvald1_9	"{""short"": 2}"	0	0	12	0	0	structured scalar/pointer data	EXTRACT typed C or fix false pointer after source/consumer/FE8U audit
DATA_TABLE	medium	src/data/banim/dat_data_banim_p172.c	10	72-78	.rodata.dat_data_banim_p172	AnimSprite_EfxIvald1_10	"{""short"": 2}"	0	0	12	0	0	structured scalar/pointer data	EXTRACT typed C or fix false pointer after source/consumer/FE8U audit
DATA_TABLE	medium	src/data/banim/dat_data_banim_p172.c	11	79-85	.rodata.dat_data_banim_p172	AnimSprite_EfxIvald1_11	"{""short"": 2}"	0	0	12	0	0	structured scalar/pointer data	EXTRACT typed C or fix false pointer after source/consumer/FE8U audit
DATA_TABLE	medium	src/data/banim/dat_data_banim_p172.c	12	86-92	.rodata.dat_data_banim_p172	AnimSprite_EfxIvald1_12	"{""short"": 2}"	0	0	12	0	0	structured scalar/pointer data	EXTRACT typed C or fix false pointer after source/consumer/FE8U audit
DATA_TABLE	medium	src/data/banim/dat_data_banim_p172.c	13	93-99	.rodata.dat_data_banim_p172	AnimSprite_EfxIvald1_13	"{""short"": 2}"	0	0	12	0	0	structured scalar/pointer data	EXTRACT typed C or fix false pointer after source/consumer/FE8U audit
DATA_TABLE	medium	src/data/banim/dat_data_banim_p172.c	14	100-106	.rodata.dat_data_banim_p172	AnimSprite_EfxIvald1_14	"{""short"": 2}"	0	0	12	0	0	structured scalar/pointer data	EXTRACT typed C or fix false pointer after source/consumer/FE8U audit
DATA_TABLE	medium	src/data/banim/dat_data_banim_p172.c	15	107-113	.rodata.dat_data_banim_p172	AnimSprite_EfxIvald1_15	"{""short"": 2}"	0	0	12	0	0	structured scalar/pointer data	EXTRACT typed C or fix false pointer after source/consumer/FE8U audit
DATA_TABLE	medium	src/data/banim/dat_data_banim_p172.c	16	114-120	.rodata.dat_data_banim_p172	AnimSprite_EfxIvald1_16	"{""short"": 2}"	0	0	12	0	0	structured scalar/pointer data	EXTRACT typed C or fix false pointer after source/consumer/FE8U audit
DATA_TABLE	medium	src/data/banim/dat_data_banim_p172.c	17	121-127	.rodata.dat_data_banim_p172	AnimSprite_EfxIvald1_17	"{""short"": 2}"	0	0	12	0	0	structured scalar/pointer data	EXTRACT typed C or fix false pointer after source/consumer/FE8U audit
DATA_TABLE	medium	src/data/banim/dat_data_banim_p172.c	18	128-134	.rodata.dat_data_banim_p172	AnimSprite_EfxIvald1_18	"{""short"": 2}"	0	0	12	0	0	structured scalar/pointer data	EXTRACT typed C or fix false pointer after source/consumer/FE8U audit
DATA_TABLE	medium	src/data/banim/dat_data_banim_p172.c	19	135-141	.rodata.dat_data_banim_p172	AnimSprite_EfxIvald1_19	"{""short"": 2}"	0	0	12	0	0	structured scalar/pointer data	EXTRACT typed C or fix false pointer after source/consumer/FE8U audit
DATA_TABLE	medium	src/data/banim/dat_data_banim_p172.c	20	142-148	.rodata.dat_data_banim_p172	AnimSprite_EfxIvald1_20	"{""short"": 2}"	0	0	12	0	0	structured scalar/pointer data	EXTRACT typed C or fix false pointer after source/consumer/FE8U audit
DATA_TABLE	medium	src/data/banim/dat_data_banim_p172.c	21	149-155	.rodata.dat_data_banim_p172	AnimSprite_EfxIvald1_21	"{""short"": 2}"	0	0	12	0	0	structured scalar/pointer data	EXTRACT typed C or fix false pointer after source/consumer/FE8U audit
DATA_TABLE	medium	src/data/banim/dat_data_banim_p172.c	22	156-162	.rodata.dat_data_banim_p172	AnimSprite_EfxIvald1_22	"{""short"": 2}"	0	0	12	0	0	structured scalar/pointer data	EXTRACT typed C or fix false pointer after source/consumer/FE8U audit
DATA_TABLE	medium	src/data/banim/dat_data_banim_p172.c	23	163-169	.rodata.dat_data_banim_p172	AnimSprite_EfxIvald1_23	"{""short"": 2}"	0	0	12	0	0	structured scalar/pointer data	EXTRACT typed C or fix false pointer after source/consumer/FE8U audit
DATA_TABLE	medium	src/data/banim/dat_data_banim_p172.c	24	170-176	.rodata.dat_data_banim_p172	AnimSprite_EfxIvald1_24	"{""short"": 2}"	0	0	12	0	0	structured scalar/pointer data	EXTRACT typed C or fix false pointer after source/consumer/FE8U audit
DATA_TABLE	medium	src/data/banim/dat_data_banim_p172.c	25	177-183	.rodata.dat_data_banim_p172	AnimSprite_EfxIvald1_25	"{""short"": 2}"	0	0	12	0	0	structured scalar/pointer data	EXTRACT typed C or fix false pointer after source/consumer/FE8U audit
DATA_TABLE	medium	src/data/banim/dat_data_banim_p172.c	26	184-190	.rodata.dat_data_banim_p172	AnimSprite_EfxIvald1_26	"{""short"": 2}"	0	0	12	0	0	structured scalar/pointer data	EXTRACT typed C or fix false pointer after source/consumer/FE8U audit
DATA_TABLE	medium	src/data/banim/dat_data_banim_p172.c	27	191-197	.rodata.dat_data_banim_p172	AnimSprite_EfxIvald1_27	"{""short"": 2}"	0	0	12	0	0	structured scalar/pointer data	EXTRACT typed C or fix false pointer after source/consumer/FE8U audit
DATA_TABLE	medium	src/data/banim/dat_data_banim_p172.c	28	198-204	.rodata.dat_data_banim_p172	AnimSprite_EfxIvald1_28	"{""short"": 2}"	0	0	12	0	0	structured scalar/pointer data	EXTRACT typed C or fix false pointer after source/consumer/FE8U audit
DATA_TABLE	medium	src/data/banim/dat_data_banim_p172.c	29	205-211	.rodata.dat_data_banim_p172	AnimSprite_EfxIvald1_29	"{""short"": 2}"	0	0	12	0	0	structured scalar/pointer data	EXTRACT typed C or fix false pointer after source/consumer/FE8U audit
DATA_TABLE	medium	src/data/banim/dat_data_banim_p172.c	30	212-218	.rodata.dat_data_banim_p172	AnimSprite_EfxIvald1_30	"{""short"": 2}"	0	0	12	0	0	structured scalar/pointer data	EXTRACT typed C or fix false pointer after source/consumer/FE8U audit
DATA_TABLE	medium	src/data/banim/dat_data_banim_p172.c	31	219-225	.rodata.dat_data_banim_p172	AnimSprite_EfxIvald1_31	"{""short"": 2}"	0	0	12	0	0	structured scalar/pointer data	EXTRACT typed C or fix false pointer after source/consumer/FE8U audit
DATA_TABLE	medium	src/data/banim/dat_data_banim_p172.c	32	226-232	.rodata.dat_data_banim_p172	AnimSprite_EfxIvald1_32	"{""short"": 2}"	0	0	12	0	0	structured scalar/pointer data	EXTRACT typed C or fix false pointer after source/consumer/FE8U audit
DATA_TABLE	medium	src/data/banim/dat_data_banim_p172.c	33	233-239	.rodata.dat_data_banim_p172	AnimSprite_EfxIvald1_33	"{""short"": 2}"	0	0	12	0	0	structured scalar/pointer data	EXTRACT typed C or fix false pointer after source/consumer/FE8U audit
DATA_TABLE	medium	src/data/banim/dat_data_banim_p172.c	34	240-246	.rodata.dat_data_banim_p172	AnimSprite_EfxIvald1_34	"{""short"": 2}"	0	0	12	0	0	structured scalar/pointer data	EXTRACT typed C or fix false pointer after source/consumer/FE8U audit
DATA_TABLE	medium	src/data/banim/dat_data_banim_p172.c	35	247-253	.rodata.dat_data_banim_p172	AnimSprite_EfxIvald1_35	"{""short"": 2}"	0	0	12	0	0	structured scalar/pointer data	EXTRACT typed C or fix false pointer after source/consumer/FE8U audit
DATA_TABLE	medium	src/data/banim/dat_data_banim_p172.c	36	254-260	.rodata.dat_data_banim_p172	AnimSprite_EfxIvald1_36	"{""short"": 2}"	0	0	12	0	0	structured scalar/pointer data	EXTRACT typed C or fix false pointer after source/consumer/FE8U audit
DATA_TABLE	medium	src/data/banim/dat_data_banim_p172.c	37	261-267	.rodata.dat_data_banim_p172	AnimSprite_EfxIvald1_37	"{""short"": 2}"	0	0	12	0	0	structured scalar/pointer data	EXTRACT typed C or fix false pointer after source/consumer/FE8U audit
DATA_TABLE	medium	src/data/banim/dat_data_banim_p172.c	38	268-274	.rodata.dat_data_banim_p172	AnimSprite_EfxIvald1_38	"{""short"": 2}"	0	0	12	0	0	structured scalar/pointer data	EXTRACT typed C or fix false pointer after source/consumer/FE8U audit
DATA_TABLE	medium	src/data/banim/dat_data_banim_p172.c	39	275-281	.rodata.dat_data_banim_p172	AnimSprite_EfxIvald1_39	"{""short"": 2}"	0	0	12	0	0	structured scalar/pointer data	EXTRACT typed C or fix false pointer after source/consumer/FE8U audit
DATA_TABLE	medium	src/data/banim/dat_data_banim_p172.c	40	282-288	.rodata.dat_data_banim_p172	AnimSprite_EfxIvald1_40	"{""short"": 2}"	0	0	12	0	0	structured scalar/pointer data	EXTRACT typed C or fix false pointer after source/consumer/FE8U audit
DATA_TABLE	medium	src/data/banim/dat_data_banim_p172.c	41	289-295	.rodata.dat_data_banim_p172	AnimSprite_EfxIvald1_41	"{""short"": 2}"	0	0	12	0	0	structured scalar/pointer data	EXTRACT typed C or fix false pointer after source/consumer/FE8U audit
DATA_TABLE	medium	src/data/banim/dat_data_banim_p172.c	42	296-302	.rodata.dat_data_banim_p172	AnimSprite_EfxIvald1_42	"{""short"": 2}"	0	0	12	0	0	structured scalar/pointer data	EXTRACT typed C or fix false pointer after source/consumer/FE8U audit
DATA_TABLE	medium	src/data/banim/dat_data_banim_p172.c	43	303-309	.rodata.dat_data_banim_p172	AnimSprite_EfxIvald1_43	"{""short"": 2}"	0	0	12	0	0	structured scalar/pointer data	EXTRACT typed C or fix false pointer after source/consumer/FE8U audit
DATA_TABLE	medium	src/data/banim/dat_data_banim_p172.c	44	310-316	.rodata.dat_data_banim_p172	AnimSprite_EfxIvald1_44	"{""short"": 2}"	0	0	12	0	0	structured scalar/pointer data	EXTRACT typed C or fix false pointer after source/consumer/FE8U audit
DATA_TABLE	medium	src/data/banim/dat_data_banim_p172.c	45	317-323	.rodata.dat_data_banim_p172	AnimSprite_EfxIvald1_45	"{""short"": 2}"	0	0	12	0	0	structured scalar/pointer data	EXTRACT typed C or fix false pointer after source/consumer/FE8U audit
DATA_TABLE	medium	src/data/banim/dat_data_banim_p172.c	46	324-330	.rodata.dat_data_banim_p172	AnimSprite_EfxIvald1_46	"{""short"": 2}"	0	0	12	0	0	structured scalar/pointer data	EXTRACT typed C or fix false pointer after source/consumer/FE8U audit
DATA_TABLE	medium	src/data/banim/dat_data_banim_p172.c	47	331-337	.rodata.dat_data_banim_p172	AnimSprite_EfxIvald1_47	"{""short"": 2}"	0	0	12	0	0	structured scalar/pointer data	EXTRACT typed C or fix false pointer after source/consumer/FE8U audit
DATA_TABLE	medium	src/data/banim/dat_data_banim_p172.c	48	338-344	.rodata.dat_data_banim_p172	AnimSprite_EfxIvald1_48	"{""short"": 2}"	0	0	12	0	0	structured scalar/pointer data	EXTRACT typed C or fix false pointer after source/consumer/FE8U audit
DATA_TABLE	medium	src/data/banim/dat_data_banim_p172.c	49	345-351	.rodata.dat_data_banim_p172	AnimSprite_EfxIvald1_49	"{""short"": 2}"	0	0	12	0	0	structured scalar/pointer data	EXTRACT typed C or fix false pointer after source/consumer/FE8U audit
DATA_TABLE	medium	src/data/banim/dat_data_banim_p172.c	50	352-358	.rodata.dat_data_banim_p172	AnimSprite_EfxIvald1_50	"{""short"": 2}"	0	0	12	0	0	structured scalar/pointer data	EXTRACT typed C or fix false pointer after source/consumer/FE8U audit
DATA_TABLE	medium	src/data/banim/dat_data_banim_p172.c	51	359-365	.rodata.dat_data_banim_p172	AnimSprite_EfxIvald1_51	"{""short"": 2}"	0	0	12	0	0	structured scalar/pointer data	EXTRACT typed C or fix false pointer after source/consumer/FE8U audit
DATA_TABLE	medium	src/data/banim/dat_data_banim_p172.c	52	366-372	.rodata.dat_data_banim_p172	AnimSprite_EfxIvald1_52	"{""short"": 2}"	0	0	12	0	0	structured scalar/pointer data	EXTRACT typed C or fix false pointer after source/consumer/FE8U audit
DATA_TABLE	medium	src/data/banim/dat_data_banim_p172.c	53	373-379	.rodata.dat_data_banim_p172	AnimSprite_EfxIvald1_53	"{""short"": 2}"	0	0	12	0	0	structured scalar/pointer data	EXTRACT typed C or fix false pointer after source/consumer/FE8U audit
DATA_TABLE	medium	src/data/banim/dat_data_banim_p172.c	54	380-386	.rodata.dat_data_banim_p172	AnimSprite_EfxIvald1_54	"{""short"": 2}"	0	0	12	0	0	structured scalar/pointer data	EXTRACT typed C or fix false pointer after source/consumer/FE8U audit
GRAPHICS	medium	src/data/banim/dat_data_banim_p178.c	1	9-16	.rodata.dat_data_banim_p178	AnimSprite_EfxDarkGradoOBJ02piece_R_1	"{""short"": 3}"	0	0	18	0	0	graphics-like naming or embedded incbin/byte runs	EXTRACT graphics source where format is clear
GRAPHICS	medium	src/data/banim/dat_data_banim_p178.c	2	17-24	.rodata.dat_data_banim_p178	AnimSprite_EfxDarkGradoOBJ02piece_R_2	"{""short"": 3}"	0	0	18	0	0	graphics-like naming or embedded incbin/byte runs	EXTRACT graphics source where format is clear
GRAPHICS	medium	src/data/banim/dat_data_banim_p178.c	3	25-32	.rodata.dat_data_banim_p178	AnimSprite_EfxDarkGradoOBJ02piece_R_3	"{""short"": 3}"	0	0	18	0	0	graphics-like naming or embedded incbin/byte runs	EXTRACT graphics source where format is clear
GRAPHICS	medium	src/data/banim/dat_data_banim_p193.c	1	9-16	.rodata.dat_data_banim_p193	AnimSprite_EfxStone_1	"{""short"": 3}"	0	0	18	0	0	graphics-like naming or embedded incbin/byte runs	EXTRACT graphics source where format is clear
GRAPHICS	medium	src/data/banim/dat_data_banim_p193.c	2	17-24	.rodata.dat_data_banim_p193	AnimSprite_EfxStone_2	"{""short"": 3}"	0	0	18	0	0	graphics-like naming or embedded incbin/byte runs	EXTRACT graphics source where format is clear
GRAPHICS	medium	src/data/banim/dat_data_banim_p193.c	3	25-34	.rodata.dat_data_banim_p193	AnimSprite_EfxStone_3	"{""short"": 5}"	0	0	30	0	0	graphics-like naming or embedded incbin/byte runs	EXTRACT graphics source where format is clear
GRAPHICS	medium	src/data/banim/dat_data_banim_p193.c	4	35-44	.rodata.dat_data_banim_p193	AnimSprite_EfxStone_4	"{""short"": 5}"	0	0	30	0	0	graphics-like naming or embedded incbin/byte runs	EXTRACT graphics source where format is clear
GRAPHICS	medium	src/data/banim/dat_data_banim_p193.c	5	45-58	.rodata.dat_data_banim_p193	AnimSprite_EfxStone_5	"{""short"": 9}"	0	0	54	0	0	graphics-like naming or embedded incbin/byte runs	EXTRACT graphics source where format is clear
GRAPHICS	medium	src/data/banim/dat_data_banim_p193.c	6	59-72	.rodata.dat_data_banim_p193	AnimSprite_EfxStone_6	"{""short"": 9}"	0	0	54	0	0	graphics-like naming or embedded incbin/byte runs	EXTRACT graphics source where format is clear
GRAPHICS	medium	src/data/banim/dat_data_banim_p193.c	7	73-82	.rodata.dat_data_banim_p193	AnimSprite_EfxStone_7	"{""short"": 5}"	0	0	30	0	0	graphics-like naming or embedded incbin/byte runs	EXTRACT graphics source where format is clear
GRAPHICS	medium	src/data/banim/dat_data_banim_p193.c	8	83-92	.rodata.dat_data_banim_p193	AnimSprite_EfxStone_8	"{""short"": 5}"	0	0	30	0	0	graphics-like naming or embedded incbin/byte runs	EXTRACT graphics source where format is clear
GRAPHICS	medium	src/data/banim/dat_data_banim_p193.c	9	93-102	.rodata.dat_data_banim_p193	AnimSprite_EfxStone_9	"{""short"": 5}"	0	0	30	0	0	graphics-like naming or embedded incbin/byte runs	EXTRACT graphics source where format is clear
GRAPHICS	medium	src/data/banim/dat_data_banim_p193.c	10	103-112	.rodata.dat_data_banim_p193	AnimSprite_EfxStone_10	"{""short"": 5}"	0	0	30	0	0	graphics-like naming or embedded incbin/byte runs	EXTRACT graphics source where format is clear
GRAPHICS	medium	src/data/banim/dat_data_banim_p193.c	11	113-122	.rodata.dat_data_banim_p193	AnimSprite_EfxStone_11	"{""short"": 5}"	0	0	30	0	0	graphics-like naming or embedded incbin/byte runs	EXTRACT graphics source where format is clear
GRAPHICS	medium	src/data/banim/dat_data_banim_p194.c	1	50-57	.rodata.dat_data_banim_p194	AnimSprite_Banim_27	"{""short"": 3}"	0	0	18	0	0	graphics-like naming or embedded incbin/byte runs	EXTRACT graphics source where format is clear
GRAPHICS	medium	src/data/banim/dat_data_banim_p194.c	2	58-65	.rodata.dat_data_banim_p194	AnimSprite_Banim_28	"{""short"": 3}"	0	0	18	0	0	graphics-like naming or embedded incbin/byte runs	EXTRACT graphics source where format is clear
GRAPHICS	medium	src/data/banim/dat_data_banim_p194.c	3	66-73	.rodata.dat_data_banim_p194	AnimSprite_Banim_29	"{""short"": 3}"	0	0	18	0	0	graphics-like naming or embedded incbin/byte runs	EXTRACT graphics source where format is clear
GRAPHICS	medium	src/data/banim/dat_data_banim_p194.c	4	74-81	.rodata.dat_data_banim_p194	AnimSprite_Banim_30	"{""short"": 3}"	0	0	18	0	0	graphics-like naming or embedded incbin/byte runs	EXTRACT graphics source where format is clear
GRAPHICS	medium	src/data/banim/dat_data_banim_p194.c	5	82-92	.rodata.dat_data_banim_p194	AnimSprite_Banim_31	"{""short"": 6}"	0	0	36	0	0	graphics-like naming or embedded incbin/byte runs	EXTRACT graphics source where format is clear
GRAPHICS	medium	src/data/banim/dat_data_banim_p194.c	6	93-102	.rodata.dat_data_banim_p194	AnimSprite_Banim_32	"{""short"": 5}"	0	0	30	0	0	graphics-like naming or embedded incbin/byte runs	EXTRACT graphics source where format is clear
GRAPHICS	medium	src/data/banim/dat_data_banim_p194.c	7	103-110	.rodata.dat_data_banim_p194	AnimSprite_Banim_33	"{""short"": 3}"	0	0	18	0	0	graphics-like naming or embedded incbin/byte runs	EXTRACT graphics source where format is clear
GRAPHICS	medium	src/data/banim/dat_data_banim_p194.c	8	111-120	.rodata.dat_data_banim_p194	AnimSprite_Banim_34	"{""short"": 5}"	0	0	30	0	0	graphics-like naming or embedded incbin/byte runs	EXTRACT graphics source where format is clear
GRAPHICS	medium	src/data/banim/dat_data_banim_p194.c	9	121-129	.rodata.dat_data_banim_p194	AnimSprite_Banim_35	"{""short"": 4}"	0	0	24	0	0	graphics-like naming or embedded incbin/byte runs	EXTRACT graphics source where format is clear
DATA_TABLE	medium	src/data/banim/dat_data_banim_p20.c	1	15-21	.rodata.dat_data_banim_p20	AnimSprite_EfxBindingBlade_Left1	"{""short"": 2}"	0	0	12	0	0	structured scalar/pointer data	EXTRACT typed C or fix false pointer after source/consumer/FE8U audit
DATA_TABLE	medium	src/data/banim/dat_data_banim_p20.c	2	22-28	.rodata.dat_data_banim_p20	AnimSprite_EfxBindingBlade_Left2	"{""short"": 2}"	0	0	12	0	0	structured scalar/pointer data	EXTRACT typed C or fix false pointer after source/consumer/FE8U audit
GRAPHICS	medium	src/data/banim/dat_data_banim_p20.c	3	29-39	.rodata.dat_data_banim_p20	AnimSprite_EfxBindingBlade_Left3	"{""short"": 6}"	0	0	36	0	0	graphics-like naming or embedded incbin/byte runs	EXTRACT graphics source where format is clear
GRAPHICS	medium	src/data/banim/dat_data_banim_p20.c	4	40-49	.rodata.dat_data_banim_p20	AnimSprite_EfxBindingBlade_Left4	"{""short"": 5}"	0	0	30	0	0	graphics-like naming or embedded incbin/byte runs	EXTRACT graphics source where format is clear
GRAPHICS	medium	src/data/banim/dat_data_banim_p20.c	5	51-66	.rodata.dat_data_banim_p20	AnimSprite_EfxBindingBlade_Left6	"{""short"": 11}"	0	0	66	0	0	graphics-like naming or embedded incbin/byte runs	EXTRACT graphics source where format is clear
GRAPHICS	medium	src/data/banim/dat_data_banim_p20.c	6	69-88	.rodata.dat_data_banim_p20	AnimSprite_EfxBindingBlade_Left9	"{""short"": 15}"	0	0	90	0	0	graphics-like naming or embedded incbin/byte runs	EXTRACT graphics source where format is clear
GRAPHICS	medium	src/data/banim/dat_data_banim_p20.c	7	89-105	.rodata.dat_data_banim_p20	AnimSprite_EfxBindingBlade_Left10	"{""short"": 12}"	0	0	72	0	0	graphics-like naming or embedded incbin/byte runs	EXTRACT graphics source where format is clear
GRAPHICS	medium	src/data/banim/dat_data_banim_p20.c	8	106-127	.rodata.dat_data_banim_p20	AnimSprite_EfxBindingBlade_Left11	"{""short"": 17}"	0	0	102	0	0	graphics-like naming or embedded incbin/byte runs	EXTRACT graphics source where format is clear
GRAPHICS	medium	src/data/banim/dat_data_banim_p20.c	9	128-158	.rodata.dat_data_banim_p20	AnimSprite_EfxBindingBlade_Left12	"{""short"": 26}"	0	0	156	0	0	graphics-like naming or embedded incbin/byte runs	EXTRACT graphics source where format is clear
GRAPHICS	medium	src/data/banim/dat_data_banim_p20.c	10	159-180	.rodata.dat_data_banim_p20	AnimSprite_EfxBindingBlade_Left13	"{""short"": 17}"	0	0	102	0	0	graphics-like naming or embedded incbin/byte runs	EXTRACT graphics source where format is clear
GRAPHICS	medium	src/data/banim/dat_data_banim_p20.c	11	182-201	.rodata.dat_data_banim_p20	AnimSprite_EfxBindingBlade_Left15	"{""short"": 15}"	0	0	90	0	0	graphics-like naming or embedded incbin/byte runs	EXTRACT graphics source where format is clear
GRAPHICS	medium	src/data/banim/dat_data_banim_p20.c	12	203-219	.rodata.dat_data_banim_p20	AnimSprite_EfxBindingBlade_Left17	"{""short"": 12}"	0	0	72	0	0	graphics-like naming or embedded incbin/byte runs	EXTRACT graphics source where format is clear
GRAPHICS	medium	src/data/banim/dat_data_banim_p20.c	13	220-238	.rodata.dat_data_banim_p20	AnimSprite_EfxBindingBlade_Left18	"{""short"": 14}"	0	0	84	0	0	graphics-like naming or embedded incbin/byte runs	EXTRACT graphics source where format is clear
GRAPHICS	medium	src/data/banim/dat_data_banim_p20.c	14	239-249	.rodata.dat_data_banim_p20	AnimSprite_EfxBindingBlade_Left19	"{""short"": 6}"	0	0	36	0	0	graphics-like naming or embedded incbin/byte runs	EXTRACT graphics source where format is clear
GRAPHICS	medium	src/data/banim/dat_data_banim_p20.c	15	250-260	.rodata.dat_data_banim_p20	AnimSprite_EfxBindingBlade_Left20	"{""short"": 6}"	0	0	36	0	0	graphics-like naming or embedded incbin/byte runs	EXTRACT graphics source where format is clear
GRAPHICS	medium	src/data/banim/dat_data_banim_p20.c	16	261-274	.rodata.dat_data_banim_p20	AnimSprite_EfxBindingBlade_Left21	"{""short"": 9}"	0	0	54	0	0	graphics-like naming or embedded incbin/byte runs	EXTRACT graphics source where format is clear
GRAPHICS	medium	src/data/banim/dat_data_banim_p20.c	17	276-283	.rodata.dat_data_banim_p20	AnimSprite_EfxBindingBlade_Left23	"{""short"": 3}"	0	0	18	0	0	graphics-like naming or embedded incbin/byte runs	EXTRACT graphics source where format is clear
GRAPHICS	medium	src/data/banim/dat_data_banim_p20.c	18	284-294	.rodata.dat_data_banim_p20	AnimSprite_EfxBindingBlade_Left24	"{""short"": 6}"	0	0	36	0	0	graphics-like naming or embedded incbin/byte runs	EXTRACT graphics source where format is clear
DATA_TABLE	medium	src/data/banim/dat_data_banim_p20.c	19	295-301	.rodata.dat_data_banim_p20	AnimSprite_EfxBindingBlade_Left25	"{""short"": 2}"	0	0	12	0	0	structured scalar/pointer data	EXTRACT typed C or fix false pointer after source/consumer/FE8U audit
GRAPHICS	medium	src/data/banim/dat_data_banim_p20.c	20	302-311	.rodata.dat_data_banim_p20	AnimSprite_EfxBindingBlade_Left26	"{""short"": 5}"	0	0	30	0	0	graphics-like naming or embedded incbin/byte runs	EXTRACT graphics source where format is clear
GRAPHICS	medium	src/data/banim/dat_data_banim_p206.c	1	70-80	.rodata.dat_data_banim_p206	AnimSprite_NaglfarSprites_A_0	"{""short"": 6}"	0	0	36	0	0	graphics-like naming or embedded incbin/byte runs	EXTRACT graphics source where format is clear
GRAPHICS	medium	src/data/banim/dat_data_banim_p206.c	2	81-88	.rodata.dat_data_banim_p206	AnimSprite_NaglfarSprites_A_1	"{""short"": 3}"	0	0	18	0	0	graphics-like naming or embedded incbin/byte runs	EXTRACT graphics source where format is clear
GRAPHICS	medium	src/data/banim/dat_data_banim_p206.c	3	89-96	.rodata.dat_data_banim_p206	AnimSprite_Banim_49	"{""short"": 3}"	0	0	18	0	0	graphics-like naming or embedded incbin/byte runs	EXTRACT graphics source where format is clear
DATA_TABLE	medium	src/data/banim/dat_data_banim_p206.c	4	97-103	.rodata.dat_data_banim_p206	AnimSprite_efxNaglfarOBJ_0	"{""short"": 2}"	0	0	12	0	0	structured scalar/pointer data	EXTRACT typed C or fix false pointer after source/consumer/FE8U audit
DATA_TABLE	medium	src/data/banim/dat_data_banim_p206.c	5	104-110	.rodata.dat_data_banim_p206	AnimSprite_efxNaglfarOBJ_1	"{""short"": 2}"	0	0	12	0	0	structured scalar/pointer data	EXTRACT typed C or fix false pointer after source/consumer/FE8U audit
GRAPHICS	medium	src/data/banim/dat_data_banim_p206.c	6	111-118	.rodata.dat_data_banim_p206	AnimSprite_efxNaglfarOBJ_2	"{""short"": 3}"	0	0	18	0	0	graphics-like naming or embedded incbin/byte runs	EXTRACT graphics source where format is clear
DATA_TABLE	medium	src/data/banim/dat_data_banim_p21.c	1	7-13	.rodata.dat_data_banim_p21	AnimSprite_EfxBindingBlade_Right1	"{""short"": 2}"	0	0	12	0	0	structured scalar/pointer data	EXTRACT typed C or fix false pointer after source/consumer/FE8U audit
DATA_TABLE	medium	src/data/banim/dat_data_banim_p21.c	2	14-20	.rodata.dat_data_banim_p21	AnimSprite_EfxBindingBlade_Right2	"{""short"": 2}"	0	0	12	0	0	structured scalar/pointer data	EXTRACT typed C or fix false pointer after source/consumer/FE8U audit
GRAPHICS	medium	src/data/banim/dat_data_banim_p21.c	3	21-31	.rodata.dat_data_banim_p21	AnimSprite_EfxBindingBlade_Right3	"{""short"": 6}"	0	0	36	0	0	graphics-like naming or embedded incbin/byte runs	EXTRACT graphics source where format is clear
GRAPHICS	medium	src/data/banim/dat_data_banim_p21.c	4	32-41	.rodata.dat_data_banim_p21	AnimSprite_EfxBindingBlade_Right4	"{""short"": 5}"	0	0	30	0	0	graphics-like naming or embedded incbin/byte runs	EXTRACT graphics source where format is clear
GRAPHICS	medium	src/data/banim/dat_data_banim_p21.c	5	43-58	.rodata.dat_data_banim_p21	AnimSprite_EfxBindingBlade_Right6	"{""short"": 11}"	0	0	66	0	0	graphics-like naming or embedded incbin/byte runs	EXTRACT graphics source where format is clear
GRAPHICS	medium	src/data/banim/dat_data_banim_p21.c	6	61-80	.rodata.dat_data_banim_p21	AnimSprite_EfxBindingBlade_Right9	"{""short"": 15}"	0	0	90	0	0	graphics-like naming or embedded incbin/byte runs	EXTRACT graphics source where format is clear
GRAPHICS	medium	src/data/banim/dat_data_banim_p21.c	7	81-97	.rodata.dat_data_banim_p21	AnimSprite_EfxBindingBlade_Right10	"{""short"": 12}"	0	0	72	0	0	graphics-like naming or embedded incbin/byte runs	EXTRACT graphics source where format is clear
GRAPHICS	medium	src/data/banim/dat_data_banim_p21.c	8	98-119	.rodata.dat_data_banim_p21	AnimSprite_EfxBindingBlade_Right11	"{""short"": 17}"	0	0	102	0	0	graphics-like naming or embedded incbin/byte runs	EXTRACT graphics source where format is clear
GRAPHICS	medium	src/data/banim/dat_data_banim_p21.c	9	120-150	.rodata.dat_data_banim_p21	AnimSprite_EfxBindingBlade_Right12	"{""short"": 26}"	0	0	156	0	0	graphics-like naming or embedded incbin/byte runs	EXTRACT graphics source where format is clear
GRAPHICS	medium	src/data/banim/dat_data_banim_p21.c	10	151-172	.rodata.dat_data_banim_p21	AnimSprite_EfxBindingBlade_Right13	"{""short"": 17}"	0	0	102	0	0	graphics-like naming or embedded incbin/byte runs	EXTRACT graphics source where format is clear
GRAPHICS	medium	src/data/banim/dat_data_banim_p21.c	11	174-193	.rodata.dat_data_banim_p21	AnimSprite_EfxBindingBlade_Right15	"{""short"": 15}"	0	0	90	0	0	graphics-like naming or embedded incbin/byte runs	EXTRACT graphics source where format is clear
GRAPHICS	medium	src/data/banim/dat_data_banim_p21.c	12	195-211	.rodata.dat_data_banim_p21	AnimSprite_EfxBindingBlade_Right17	"{""short"": 12}"	0	0	72	0	0	graphics-like naming or embedded incbin/byte runs	EXTRACT graphics source where format is clear
GRAPHICS	medium	src/data/banim/dat_data_banim_p21.c	13	212-230	.rodata.dat_data_banim_p21	AnimSprite_EfxBindingBlade_Right18	"{""short"": 14}"	0	0	84	0	0	graphics-like naming or embedded incbin/byte runs	EXTRACT graphics source where format is clear
GRAPHICS	medium	src/data/banim/dat_data_banim_p21.c	14	231-241	.rodata.dat_data_banim_p21	AnimSprite_EfxBindingBlade_Right19	"{""short"": 6}"	0	0	36	0	0	graphics-like naming or embedded incbin/byte runs	EXTRACT graphics source where format is clear
GRAPHICS	medium	src/data/banim/dat_data_banim_p21.c	15	242-252	.rodata.dat_data_banim_p21	AnimSprite_EfxBindingBlade_Right20	"{""short"": 6}"	0	0	36	0	0	graphics-like naming or embedded incbin/byte runs	EXTRACT graphics source where format is clear
GRAPHICS	medium	src/data/banim/dat_data_banim_p21.c	16	253-266	.rodata.dat_data_banim_p21	AnimSprite_EfxBindingBlade_Right21	"{""short"": 9}"	0	0	54	0	0	graphics-like naming or embedded incbin/byte runs	EXTRACT graphics source where format is clear
GRAPHICS	medium	src/data/banim/dat_data_banim_p21.c	17	268-275	.rodata.dat_data_banim_p21	AnimSprite_EfxBindingBlade_Right23	"{""short"": 3}"	0	0	18	0	0	graphics-like naming or embedded incbin/byte runs	EXTRACT graphics source where format is clear
GRAPHICS	medium	src/data/banim/dat_data_banim_p21.c	18	276-286	.rodata.dat_data_banim_p21	AnimSprite_EfxBindingBlade_Right24	"{""short"": 6}"	0	0	36	0	0	graphics-like naming or embedded incbin/byte runs	EXTRACT graphics source where format is clear
DATA_TABLE	medium	src/data/banim/dat_data_banim_p21.c	19	287-293	.rodata.dat_data_banim_p21	AnimSprite_EfxBindingBlade_Right25	"{""short"": 2}"	0	0	12	0	0	structured scalar/pointer data	EXTRACT typed C or fix false pointer after source/consumer/FE8U audit
GRAPHICS	medium	src/data/banim/dat_data_banim_p21.c	20	294-303	.rodata.dat_data_banim_p21	AnimSprite_EfxBindingBlade_Right26	"{""short"": 5}"	0	0	30	0	0	graphics-like naming or embedded incbin/byte runs	EXTRACT graphics source where format is clear
UNRESOLVED	low	src/data/banim/dat_data_banim_p215.c	1	9-10			{}	0	0	0	0	0	no recognized asm payload	LEFT pending manual audit
PROC_SCRIPT	high	src/data/banim/dat_data_banim_p215.c	2	14-24	.rodata.dat_data_banim_p215	AnimScr_NaglfarBG4	"{""4byte"": 6}"	6	0	0	0	0	valid ProcCmd opcode pairs ending in PROC_END	EXTRACT typed struct ProcCmd
GRAPHICS	medium	src/data/banim/dat_data_banim_p215.c	3	25-32	.rodata.dat_data_banim_p215	AnimSpr_NaglfarOBJ_0	"{""short"": 3}"	0	0	18	0	0	graphics-like naming or embedded incbin/byte runs	EXTRACT graphics source where format is clear
GRAPHICS	medium	src/data/banim/dat_data_banim_p215.c	4	33-43	.rodata.dat_data_banim_p215	AnimSpr_NaglfarOBJ_1	"{""short"": 6}"	0	0	36	0	0	graphics-like naming or embedded incbin/byte runs	EXTRACT graphics source where format is clear
GRAPHICS	medium	src/data/banim/dat_data_banim_p215.c	5	44-55	.rodata.dat_data_banim_p215	AnimSpr_NaglfarOBJ_2	"{""short"": 7}"	0	0	42	0	0	graphics-like naming or embedded incbin/byte runs	EXTRACT graphics source where format is clear
GRAPHICS	medium	src/data/banim/dat_data_banim_p215.c	6	57-67	.rodata.dat_data_banim_p215	AnimSpr_NaglfarOBJ_4	"{""short"": 6}"	0	0	36	0	0	graphics-like naming or embedded incbin/byte runs	EXTRACT graphics source where format is clear
GRAPHICS	medium	src/data/banim/dat_data_banim_p215.c	7	68-82	.rodata.dat_data_banim_p215	AnimSpr_NaglfarOBJ_5	"{""short"": 10}"	0	0	60	0	0	graphics-like naming or embedded incbin/byte runs	EXTRACT graphics source where format is clear
GRAPHICS	medium	src/data/banim/dat_data_banim_p215.c	8	83-101	.rodata.dat_data_banim_p215	AnimSpr_NaglfarOBJ_6	"{""short"": 14}"	0	0	84	0	0	graphics-like naming or embedded incbin/byte runs	EXTRACT graphics source where format is clear
GRAPHICS	medium	src/data/banim/dat_data_banim_p215.c	9	102-121	.rodata.dat_data_banim_p215	AnimSpr_NaglfarOBJ_7	"{""short"": 15}"	0	0	90	0	0	graphics-like naming or embedded incbin/byte runs	EXTRACT graphics source where format is clear
GRAPHICS	medium	src/data/banim/dat_data_banim_p215.c	10	122-141	.rodata.dat_data_banim_p215	AnimSpr_NaglfarOBJ_8	"{""short"": 15}"	0	0	90	0	0	graphics-like naming or embedded incbin/byte runs	EXTRACT graphics source where format is clear
GRAPHICS	medium	src/data/banim/dat_data_banim_p215.c	11	142-166	.rodata.dat_data_banim_p215	AnimSpr_NaglfarOBJ_9	"{""short"": 20}"	0	0	120	0	0	graphics-like naming or embedded incbin/byte runs	EXTRACT graphics source where format is clear
GRAPHICS	medium	src/data/banim/dat_data_banim_p215.c	12	167-184	.rodata.dat_data_banim_p215	AnimSpr_NaglfarOBJ_10	"{""short"": 13}"	0	0	78	0	0	graphics-like naming or embedded incbin/byte runs	EXTRACT graphics source where format is clear
GRAPHICS	medium	src/data/banim/dat_data_banim_p215.c	13	185-199	.rodata.dat_data_banim_p215	AnimSpr_NaglfarOBJ_11	"{""short"": 10}"	0	0	60	0	0	graphics-like naming or embedded incbin/byte runs	EXTRACT graphics source where format is clear
GRAPHICS	medium	src/data/banim/dat_data_banim_p215.c	14	200-218	.rodata.dat_data_banim_p215	AnimSpr_NaglfarOBJ_12	"{""short"": 14}"	0	0	84	0	0	graphics-like naming or embedded incbin/byte runs	EXTRACT graphics source where format is clear
GRAPHICS	medium	src/data/banim/dat_data_banim_p215.c	15	219-242	.rodata.dat_data_banim_p215	AnimSpr_NaglfarOBJ_13	"{""short"": 19}"	0	0	114	0	0	graphics-like naming or embedded incbin/byte runs	EXTRACT graphics source where format is clear
GRAPHICS	medium	src/data/banim/dat_data_banim_p215.c	16	243-265	.rodata.dat_data_banim_p215	AnimSpr_NaglfarOBJ_14	"{""short"": 18}"	0	0	108	0	0	graphics-like naming or embedded incbin/byte runs	EXTRACT graphics source where format is clear
GRAPHICS	medium	src/data/banim/dat_data_banim_p215.c	17	266-279	.rodata.dat_data_banim_p215	AnimSpr_NaglfarOBJ_15	"{""short"": 9}"	0	0	54	0	0	graphics-like naming or embedded incbin/byte runs	EXTRACT graphics source where format is clear
GRAPHICS	medium	src/data/banim/dat_data_banim_p215.c	18	280-294	.rodata.dat_data_banim_p215	AnimSpr_NaglfarOBJ_16	"{""short"": 10}"	0	0	60	0	0	graphics-like naming or embedded incbin/byte runs	EXTRACT graphics source where format is clear
GRAPHICS	medium	src/data/banim/dat_data_banim_p215.c	19	295-314	.rodata.dat_data_banim_p215	AnimSpr_NaglfarOBJ_17	"{""short"": 15}"	0	0	90	0	0	graphics-like naming or embedded incbin/byte runs	EXTRACT graphics source where format is clear
GRAPHICS	medium	src/data/banim/dat_data_banim_p215.c	20	315-326	.rodata.dat_data_banim_p215	AnimSpr_NaglfarOBJ_18	"{""short"": 7}"	0	0	42	0	0	graphics-like naming or embedded incbin/byte runs	EXTRACT graphics source where format is clear
GRAPHICS	medium	src/data/banim/dat_data_banim_p215.c	21	327-338	.rodata.dat_data_banim_p215	AnimSpr_NaglfarOBJ_19	"{""short"": 7}"	0	0	42	0	0	graphics-like naming or embedded incbin/byte runs	EXTRACT graphics source where format is clear
GRAPHICS	medium	src/data/banim/dat_data_banim_p215.c	22	339-348	.rodata.dat_data_banim_p215	AnimSpr_NaglfarOBJ_20	"{""short"": 5}"	0	0	30	0	0	graphics-like naming or embedded incbin/byte runs	EXTRACT graphics source where format is clear
GRAPHICS	medium	src/data/banim/dat_data_banim_p215.c	23	350-358	.rodata.dat_data_banim_p215	AnimSpr_NaglfarOBJ_22	"{""short"": 4}"	0	0	24	0	0	graphics-like naming or embedded incbin/byte runs	EXTRACT graphics source where format is clear
DATA_TABLE	medium	src/data/banim/dat_data_banim_p216.c	1	7-13	.rodata.dat_data_banim_p216	AnimSpr_DarkBreathOBJ_0	"{""short"": 2}"	0	0	12	0	0	structured scalar/pointer data	EXTRACT typed C or fix false pointer after source/consumer/FE8U audit
GRAPHICS	medium	src/data/banim/dat_data_banim_p216.c	2	14-21	.rodata.dat_data_banim_p216	AnimSpr_DarkBreathOBJ_1	"{""short"": 3}"	0	0	18	0	0	graphics-like naming or embedded incbin/byte runs	EXTRACT graphics source where format is clear
GRAPHICS	medium	src/data/banim/dat_data_banim_p216.c	3	22-32	.rodata.dat_data_banim_p216	AnimSpr_DarkBreathOBJ_2	"{""short"": 6}"	0	0	36	0	0	graphics-like naming or embedded incbin/byte runs	EXTRACT graphics source where format is clear
GRAPHICS	medium	src/data/banim/dat_data_banim_p216.c	4	33-44	.rodata.dat_data_banim_p216	AnimSpr_DarkBreathOBJ_3	"{""short"": 7}"	0	0	42	0	0	graphics-like naming or embedded incbin/byte runs	EXTRACT graphics source where format is clear
GRAPHICS	medium	src/data/banim/dat_data_banim_p216.c	5	46-56	.rodata.dat_data_banim_p216	AnimSpr_DarkBreathOBJ_5	"{""short"": 6}"	0	0	36	0	0	graphics-like naming or embedded incbin/byte runs	EXTRACT graphics source where format is clear
GRAPHICS	medium	src/data/banim/dat_data_banim_p216.c	6	57-71	.rodata.dat_data_banim_p216	AnimSpr_DarkBreathOBJ_6	"{""short"": 10}"	0	0	60	0	0	graphics-like naming or embedded incbin/byte runs	EXTRACT graphics source where format is clear
GRAPHICS	medium	src/data/banim/dat_data_banim_p216.c	7	72-90	.rodata.dat_data_banim_p216	AnimSpr_DarkBreathOBJ_7	"{""short"": 14}"	0	0	84	0	0	graphics-like naming or embedded incbin/byte runs	EXTRACT graphics source where format is clear
GRAPHICS	medium	src/data/banim/dat_data_banim_p216.c	8	91-110	.rodata.dat_data_banim_p216	AnimSpr_DarkBreathOBJ_8	"{""short"": 15}"	0	0	90	0	0	graphics-like naming or embedded incbin/byte runs	EXTRACT graphics source where format is clear
GRAPHICS	medium	src/data/banim/dat_data_banim_p216.c	9	111-130	.rodata.dat_data_banim_p216	AnimSpr_DarkBreathOBJ_9	"{""short"": 15}"	0	0	90	0	0	graphics-like naming or embedded incbin/byte runs	EXTRACT graphics source where format is clear
GRAPHICS	medium	src/data/banim/dat_data_banim_p216.c	10	131-155	.rodata.dat_data_banim_p216	AnimSpr_DarkBreathOBJ_10	"{""short"": 20}"	0	0	120	0	0	graphics-like naming or embedded incbin/byte runs	EXTRACT graphics source where format is clear
GRAPHICS	medium	src/data/banim/dat_data_banim_p216.c	11	156-173	.rodata.dat_data_banim_p216	AnimSpr_DarkBreathOBJ_11	"{""short"": 13}"	0	0	78	0	0	graphics-like naming or embedded incbin/byte runs	EXTRACT graphics source where format is clear
GRAPHICS	medium	src/data/banim/dat_data_banim_p216.c	12	174-188	.rodata.dat_data_banim_p216	AnimSpr_DarkBreathOBJ_12	"{""short"": 10}"	0	0	60	0	0	graphics-like naming or embedded incbin/byte runs	EXTRACT graphics source where format is clear
GRAPHICS	medium	src/data/banim/dat_data_banim_p216.c	13	189-207	.rodata.dat_data_banim_p216	AnimSpr_DarkBreathOBJ_13	"{""short"": 14}"	0	0	84	0	0	graphics-like naming or embedded incbin/byte runs	EXTRACT graphics source where format is clear
GRAPHICS	medium	src/data/banim/dat_data_banim_p216.c	14	208-231	.rodata.dat_data_banim_p216	AnimSpr_DarkBreathOBJ_14	"{""short"": 19}"	0	0	114	0	0	graphics-like naming or embedded incbin/byte runs	EXTRACT graphics source where format is clear
GRAPHICS	medium	src/data/banim/dat_data_banim_p216.c	15	232-254	.rodata.dat_data_banim_p216	AnimSpr_DarkBreathOBJ_15	"{""short"": 18}"	0	0	108	0	0	graphics-like naming or embedded incbin/byte runs	EXTRACT graphics source where format is clear
GRAPHICS	medium	src/data/banim/dat_data_banim_p216.c	16	255-268	.rodata.dat_data_banim_p216	AnimSpr_DarkBreathOBJ_16	"{""short"": 9}"	0	0	54	0	0	graphics-like naming or embedded incbin/byte runs	EXTRACT graphics source where format is clear
GRAPHICS	medium	src/data/banim/dat_data_banim_p216.c	17	269-283	.rodata.dat_data_banim_p216	AnimSpr_DarkBreathOBJ_17	"{""short"": 10}"	0	0	60	0	0	graphics-like naming or embedded incbin/byte runs	EXTRACT graphics source where format is clear
GRAPHICS	medium	src/data/banim/dat_data_banim_p216.c	18	284-303	.rodata.dat_data_banim_p216	AnimSpr_DarkBreathOBJ_18	"{""short"": 15}"	0	0	90	0	0	graphics-like naming or embedded incbin/byte runs	EXTRACT graphics source where format is clear
GRAPHICS	medium	src/data/banim/dat_data_banim_p216.c	19	304-315	.rodata.dat_data_banim_p216	AnimSpr_DarkBreathOBJ_19	"{""short"": 7}"	0	0	42	0	0	graphics-like naming or embedded incbin/byte runs	EXTRACT graphics source where format is clear
GRAPHICS	medium	src/data/banim/dat_data_banim_p216.c	20	316-327	.rodata.dat_data_banim_p216	AnimSpr_DarkBreathOBJ_20	"{""short"": 7}"	0	0	42	0	0	graphics-like naming or embedded incbin/byte runs	EXTRACT graphics source where format is clear
GRAPHICS	medium	src/data/banim/dat_data_banim_p216.c	21	328-337	.rodata.dat_data_banim_p216	AnimSpr_DarkBreathOBJ_21	"{""short"": 5}"	0	0	30	0	0	graphics-like naming or embedded incbin/byte runs	EXTRACT graphics source where format is clear
GRAPHICS	medium	src/data/banim/dat_data_banim_p216.c	22	339-347	.rodata.dat_data_banim_p216	AnimSpr_DarkBreathOBJ_23	"{""short"": 4}"	0	0	24	0	0	graphics-like naming or embedded incbin/byte runs	EXTRACT graphics source where format is clear
GRAPHICS	medium	src/data/banim/dat_data_banim_p226.c	1	8-19	.rodata.dat_data_banim_p226	AnimSprite_EfxExcalibur_1	"{""short"": 7}"	0	0	42	0	0	graphics-like naming or embedded incbin/byte runs	EXTRACT graphics source where format is clear
GRAPHICS	medium	src/data/banim/dat_data_banim_p226.c	2	20-31	.rodata.dat_data_banim_p226	AnimSprite_EfxExcalibur_2	"{""short"": 7}"	0	0	42	0	0	graphics-like naming or embedded incbin/byte runs	EXTRACT graphics source where format is clear
GRAPHICS	medium	src/data/banim/dat_data_banim_p226.c	3	32-43	.rodata.dat_data_banim_p226	AnimSprite_EfxExcalibur_3	"{""short"": 7}"	0	0	42	0	0	graphics-like naming or embedded incbin/byte runs	EXTRACT graphics source where format is clear
GRAPHICS	medium	src/data/banim/dat_data_banim_p226.c	4	44-55	.rodata.dat_data_banim_p226	AnimSprite_EfxExcalibur_4	"{""short"": 7}"	0	0	42	0	0	graphics-like naming or embedded incbin/byte runs	EXTRACT graphics source where format is clear
GRAPHICS	medium	src/data/banim/dat_data_banim_p226.c	5	56-67	.rodata.dat_data_banim_p226	AnimSprite_EfxExcalibur_5	"{""short"": 7}"	0	0	42	0	0	graphics-like naming or embedded incbin/byte runs	EXTRACT graphics source where format is clear
GRAPHICS	medium	src/data/banim/dat_data_banim_p226.c	6	68-79	.rodata.dat_data_banim_p226	AnimSprite_EfxExcalibur_6	"{""short"": 7}"	0	0	42	0	0	graphics-like naming or embedded incbin/byte runs	EXTRACT graphics source where format is clear
GRAPHICS	medium	src/data/banim/dat_data_banim_p234.c	1	11-19	.rodata.dat_data_banim_p234	AnimSprite_EfxChill_R_1	"{""short"": 4}"	0	0	24	0	0	graphics-like naming or embedded incbin/byte runs	EXTRACT graphics source where format is clear
GRAPHICS	medium	src/data/banim/dat_data_banim_p241.c	1	9-19	.rodata.dat_data_banim_p241	AnimSprite_efxSuperdruidOBJ_0	"{""short"": 6}"	0	0	36	0	0	graphics-like naming or embedded incbin/byte runs	EXTRACT graphics source where format is clear
GRAPHICS	medium	src/data/banim/dat_data_banim_p241.c	2	20-45	.rodata.dat_data_banim_p241	AnimSprite_efxSuperdruidOBJ_1	"{""short"": 21}"	0	0	126	0	0	graphics-like naming or embedded incbin/byte runs	EXTRACT graphics source where format is clear
GRAPHICS	medium	src/data/banim/dat_data_banim_p241.c	3	46-56	.rodata.dat_data_banim_p241	AnimSprite_efxSuperdruidOBJ_2	"{""short"": 6}"	0	0	36	0	0	graphics-like naming or embedded incbin/byte runs	EXTRACT graphics source where format is clear
DATA_TABLE	medium	src/data/banim/dat_data_banim_p243.c	1	40-46	.rodata.dat_data_banim_p243	AnimSprite_EfxSong_1	"{""short"": 2}"	0	0	12	0	0	structured scalar/pointer data	EXTRACT typed C or fix false pointer after source/consumer/FE8U audit
GRAPHICS	medium	src/data/banim/dat_data_banim_p243.c	2	47-54	.rodata.dat_data_banim_p243	AnimSprite_EfxSong_2	"{""short"": 3}"	0	0	18	0	0	graphics-like naming or embedded incbin/byte runs	EXTRACT graphics source where format is clear
GRAPHICS	medium	src/data/banim/dat_data_banim_p243.c	3	55-62	.rodata.dat_data_banim_p243	AnimSprite_EfxSong_3	"{""short"": 3}"	0	0	18	0	0	graphics-like naming or embedded incbin/byte runs	EXTRACT graphics source where format is clear
GRAPHICS	medium	src/data/banim/dat_data_banim_p243.c	4	63-71	.rodata.dat_data_banim_p243	AnimSprite_EfxSong_4	"{""short"": 4}"	0	0	24	0	0	graphics-like naming or embedded incbin/byte runs	EXTRACT graphics source where format is clear
GRAPHICS	medium	src/data/banim/dat_data_banim_p243.c	5	72-81	.rodata.dat_data_banim_p243	AnimSprite_EfxSong_5	"{""short"": 5}"	0	0	30	0	0	graphics-like naming or embedded incbin/byte runs	EXTRACT graphics source where format is clear
GRAPHICS	medium	src/data/banim/dat_data_banim_p243.c	6	82-91	.rodata.dat_data_banim_p243	AnimSprite_EfxSong_6	"{""short"": 5}"	0	0	30	0	0	graphics-like naming or embedded incbin/byte runs	EXTRACT graphics source where format is clear
GRAPHICS	medium	src/data/banim/dat_data_banim_p243.c	7	92-102	.rodata.dat_data_banim_p243	AnimSprite_EfxSong_7	"{""short"": 6}"	0	0	36	0	0	graphics-like naming or embedded incbin/byte runs	EXTRACT graphics source where format is clear
GRAPHICS	medium	src/data/banim/dat_data_banim_p243.c	8	103-113	.rodata.dat_data_banim_p243	AnimSprite_EfxSong_8	"{""short"": 6}"	0	0	36	0	0	graphics-like naming or embedded incbin/byte runs	EXTRACT graphics source where format is clear
GRAPHICS	medium	src/data/banim/dat_data_banim_p243.c	9	114-125	.rodata.dat_data_banim_p243	AnimSprite_EfxSong_9	"{""short"": 7}"	0	0	42	0	0	graphics-like naming or embedded incbin/byte runs	EXTRACT graphics source where format is clear
GRAPHICS	medium	src/data/banim/dat_data_banim_p243.c	10	127-140	.rodata.dat_data_banim_p243	AnimSprite_EfxSong_11	"{""short"": 9}"	0	0	54	0	0	graphics-like naming or embedded incbin/byte runs	EXTRACT graphics source where format is clear
GRAPHICS	medium	src/data/banim/dat_data_banim_p243.c	11	141-154	.rodata.dat_data_banim_p243	AnimSprite_EfxSong_12	"{""short"": 9}"	0	0	54	0	0	graphics-like naming or embedded incbin/byte runs	EXTRACT graphics source where format is clear
GRAPHICS	medium	src/data/banim/dat_data_banim_p243.c	12	155-169	.rodata.dat_data_banim_p243	AnimSprite_EfxSong_13	"{""short"": 10}"	0	0	60	0	0	graphics-like naming or embedded incbin/byte runs	EXTRACT graphics source where format is clear
GRAPHICS	medium	src/data/banim/dat_data_banim_p243.c	13	170-184	.rodata.dat_data_banim_p243	AnimSprite_EfxSong_14	"{""short"": 10}"	0	0	60	0	0	graphics-like naming or embedded incbin/byte runs	EXTRACT graphics source where format is clear
GRAPHICS	medium	src/data/banim/dat_data_banim_p243.c	14	185-199	.rodata.dat_data_banim_p243	AnimSprite_EfxSong_15	"{""short"": 10}"	0	0	60	0	0	graphics-like naming or embedded incbin/byte runs	EXTRACT graphics source where format is clear
GRAPHICS	medium	src/data/banim/dat_data_banim_p243.c	15	200-215	.rodata.dat_data_banim_p243	AnimSprite_EfxSong_16	"{""short"": 11}"	0	0	66	0	0	graphics-like naming or embedded incbin/byte runs	EXTRACT graphics source where format is clear
GRAPHICS	medium	src/data/banim/dat_data_banim_p243.c	16	216-231	.rodata.dat_data_banim_p243	AnimSprite_EfxSong_17	"{""short"": 11}"	0	0	66	0	0	graphics-like naming or embedded incbin/byte runs	EXTRACT graphics source where format is clear
GRAPHICS	medium	src/data/banim/dat_data_banim_p243.c	17	232-249	.rodata.dat_data_banim_p243	AnimSprite_EfxSong_18	"{""short"": 13}"	0	0	78	0	0	graphics-like naming or embedded incbin/byte runs	EXTRACT graphics source where format is clear
GRAPHICS	medium	src/data/banim/dat_data_banim_p243.c	18	250-267	.rodata.dat_data_banim_p243	AnimSprite_EfxSong_19	"{""short"": 13}"	0	0	78	0	0	graphics-like naming or embedded incbin/byte runs	EXTRACT graphics source where format is clear
GRAPHICS	medium	src/data/banim/dat_data_banim_p243.c	19	268-285	.rodata.dat_data_banim_p243	AnimSprite_EfxSong_20	"{""short"": 13}"	0	0	78	0	0	graphics-like naming or embedded incbin/byte runs	EXTRACT graphics source where format is clear
GRAPHICS	medium	src/data/banim/dat_data_banim_p243.c	20	286-303	.rodata.dat_data_banim_p243	AnimSprite_EfxSong_21	"{""short"": 13}"	0	0	78	0	0	graphics-like naming or embedded incbin/byte runs	EXTRACT graphics source where format is clear
GRAPHICS	medium	src/data/banim/dat_data_banim_p243.c	21	304-322	.rodata.dat_data_banim_p243	AnimSprite_EfxSong_22	"{""short"": 14}"	0	0	84	0	0	graphics-like naming or embedded incbin/byte runs	EXTRACT graphics source where format is clear
GRAPHICS	medium	src/data/banim/dat_data_banim_p243.c	22	323-341	.rodata.dat_data_banim_p243	AnimSprite_EfxSong_23	"{""short"": 14}"	0	0	84	0	0	graphics-like naming or embedded incbin/byte runs	EXTRACT graphics source where format is clear
GRAPHICS	medium	src/data/banim/dat_data_banim_p243.c	23	342-360	.rodata.dat_data_banim_p243	AnimSprite_EfxSong_24	"{""short"": 14}"	0	0	84	0	0	graphics-like naming or embedded incbin/byte runs	EXTRACT graphics source where format is clear
GRAPHICS	medium	src/data/banim/dat_data_banim_p243.c	24	361-380	.rodata.dat_data_banim_p243	AnimSprite_EfxSong_25	"{""short"": 15}"	0	0	90	0	0	graphics-like naming or embedded incbin/byte runs	EXTRACT graphics source where format is clear
GRAPHICS	medium	src/data/banim/dat_data_banim_p243.c	25	381-400	.rodata.dat_data_banim_p243	AnimSprite_EfxSong_26	"{""short"": 15}"	0	0	90	0	0	graphics-like naming or embedded incbin/byte runs	EXTRACT graphics source where format is clear
GRAPHICS	medium	src/data/banim/dat_data_banim_p243.c	26	404-425	.rodata.dat_data_banim_p243	AnimSprite_EfxSong_30	"{""short"": 17}"	0	0	102	0	0	graphics-like naming or embedded incbin/byte runs	EXTRACT graphics source where format is clear
GRAPHICS	medium	src/data/banim/dat_data_banim_p243.c	27	426-447	.rodata.dat_data_banim_p243	AnimSprite_EfxSong_31	"{""short"": 17}"	0	0	102	0	0	graphics-like naming or embedded incbin/byte runs	EXTRACT graphics source where format is clear
GRAPHICS	medium	src/data/banim/dat_data_banim_p243.c	28	448-469	.rodata.dat_data_banim_p243	AnimSprite_EfxSong_32	"{""short"": 17}"	0	0	102	0	0	graphics-like naming or embedded incbin/byte runs	EXTRACT graphics source where format is clear
GRAPHICS	medium	src/data/banim/dat_data_banim_p243.c	29	470-491	.rodata.dat_data_banim_p243	AnimSprite_EfxSong_33	"{""short"": 17}"	0	0	102	0	0	graphics-like naming or embedded incbin/byte runs	EXTRACT graphics source where format is clear
GRAPHICS	medium	src/data/banim/dat_data_banim_p243.c	30	492-513	.rodata.dat_data_banim_p243	AnimSprite_EfxSong_34	"{""short"": 17}"	0	0	102	0	0	graphics-like naming or embedded incbin/byte runs	EXTRACT graphics source where format is clear
GRAPHICS	medium	src/data/banim/dat_data_banim_p243.c	31	514-535	.rodata.dat_data_banim_p243	AnimSprite_EfxSong_35	"{""short"": 17}"	0	0	102	0	0	graphics-like naming or embedded incbin/byte runs	EXTRACT graphics source where format is clear
GRAPHICS	medium	src/data/banim/dat_data_banim_p243.c	32	536-558	.rodata.dat_data_banim_p243	AnimSprite_EfxSong_36	"{""short"": 18}"	0	0	108	0	0	graphics-like naming or embedded incbin/byte runs	EXTRACT graphics source where format is clear
GRAPHICS	medium	src/data/banim/dat_data_banim_p243.c	33	559-581	.rodata.dat_data_banim_p243	AnimSprite_EfxSong_37	"{""short"": 18}"	0	0	108	0	0	graphics-like naming or embedded incbin/byte runs	EXTRACT graphics source where format is clear
GRAPHICS	medium	src/data/banim/dat_data_banim_p243.c	34	582-604	.rodata.dat_data_banim_p243	AnimSprite_EfxSong_38	"{""short"": 18}"	0	0	108	0	0	graphics-like naming or embedded incbin/byte runs	EXTRACT graphics source where format is clear
GRAPHICS	medium	src/data/banim/dat_data_banim_p243.c	35	605-627	.rodata.dat_data_banim_p243	AnimSprite_EfxSong_39	"{""short"": 18}"	0	0	108	0	0	graphics-like naming or embedded incbin/byte runs	EXTRACT graphics source where format is clear
GRAPHICS	medium	src/data/banim/dat_data_banim_p243.c	36	628-651	.rodata.dat_data_banim_p243	AnimSprite_EfxSong_40	"{""short"": 19}"	0	0	114	0	0	graphics-like naming or embedded incbin/byte runs	EXTRACT graphics source where format is clear
GRAPHICS	medium	src/data/banim/dat_data_banim_p243.c	37	652-675	.rodata.dat_data_banim_p243	AnimSprite_EfxSong_41	"{""short"": 19}"	0	0	114	0	0	graphics-like naming or embedded incbin/byte runs	EXTRACT graphics source where format is clear
GRAPHICS	medium	src/data/banim/dat_data_banim_p243.c	38	676-699	.rodata.dat_data_banim_p243	AnimSprite_EfxSong_42	"{""short"": 19}"	0	0	114	0	0	graphics-like naming or embedded incbin/byte runs	EXTRACT graphics source where format is clear
GRAPHICS	medium	src/data/banim/dat_data_banim_p243.c	39	700-723	.rodata.dat_data_banim_p243	AnimSprite_EfxSong_43	"{""short"": 19}"	0	0	114	0	0	graphics-like naming or embedded incbin/byte runs	EXTRACT graphics source where format is clear
GRAPHICS	medium	src/data/banim/dat_data_banim_p243.c	40	724-746	.rodata.dat_data_banim_p243	AnimSprite_EfxSong_44	"{""short"": 18}"	0	0	108	0	0	graphics-like naming or embedded incbin/byte runs	EXTRACT graphics source where format is clear
GRAPHICS	medium	src/data/banim/dat_data_banim_p243.c	41	748-767	.rodata.dat_data_banim_p243	AnimSprite_EfxSong_46	"{""short"": 15}"	0	0	90	0	0	graphics-like naming or embedded incbin/byte runs	EXTRACT graphics source where format is clear
GRAPHICS	medium	src/data/banim/dat_data_banim_p243.c	42	768-786	.rodata.dat_data_banim_p243	AnimSprite_EfxSong_47	"{""short"": 14}"	0	0	84	0	0	graphics-like naming or embedded incbin/byte runs	EXTRACT graphics source where format is clear
GRAPHICS	medium	src/data/banim/dat_data_banim_p243.c	43	787-803	.rodata.dat_data_banim_p243	AnimSprite_EfxSong_48	"{""short"": 12}"	0	0	72	0	0	graphics-like naming or embedded incbin/byte runs	EXTRACT graphics source where format is clear
GRAPHICS	medium	src/data/banim/dat_data_banim_p243.c	44	804-819	.rodata.dat_data_banim_p243	AnimSprite_EfxSong_49	"{""short"": 11}"	0	0	66	0	0	graphics-like naming or embedded incbin/byte runs	EXTRACT graphics source where format is clear
GRAPHICS	medium	src/data/banim/dat_data_banim_p243.c	45	820-834	.rodata.dat_data_banim_p243	AnimSprite_EfxSong_50	"{""short"": 10}"	0	0	60	0	0	graphics-like naming or embedded incbin/byte runs	EXTRACT graphics source where format is clear
GRAPHICS	medium	src/data/banim/dat_data_banim_p243.c	46	835-848	.rodata.dat_data_banim_p243	AnimSprite_EfxSong_51	"{""short"": 9}"	0	0	54	0	0	graphics-like naming or embedded incbin/byte runs	EXTRACT graphics source where format is clear
GRAPHICS	medium	src/data/banim/dat_data_banim_p243.c	47	849-860	.rodata.dat_data_banim_p243	AnimSprite_EfxSong_52	"{""short"": 7}"	0	0	42	0	0	graphics-like naming or embedded incbin/byte runs	EXTRACT graphics source where format is clear
GRAPHICS	medium	src/data/banim/dat_data_banim_p243.c	48	861-871	.rodata.dat_data_banim_p243	AnimSprite_EfxSong_53	"{""short"": 6}"	0	0	36	0	0	graphics-like naming or embedded incbin/byte runs	EXTRACT graphics source where format is clear
GRAPHICS	medium	src/data/banim/dat_data_banim_p243.c	49	872-880	.rodata.dat_data_banim_p243	AnimSprite_EfxSong_54	"{""short"": 4}"	0	0	24	0	0	graphics-like naming or embedded incbin/byte runs	EXTRACT graphics source where format is clear
GRAPHICS	medium	src/data/banim/dat_data_banim_p243.c	50	881-888	.rodata.dat_data_banim_p243	AnimSprite_EfxSong_55	"{""short"": 3}"	0	0	18	0	0	graphics-like naming or embedded incbin/byte runs	EXTRACT graphics source where format is clear
DATA_TABLE	medium	src/data/banim/dat_data_banim_p243.c	51	889-895	.rodata.dat_data_banim_p243	AnimSprite_EfxSong_56	"{""short"": 2}"	0	0	12	0	0	structured scalar/pointer data	EXTRACT typed C or fix false pointer after source/consumer/FE8U audit
GRAPHICS	medium	src/data/banim/dat_data_banim_p244.c	1	8-16	.rodata.dat_data_banim_p244	AnimSprite_EfxLokmsunaObj_L_1	"{""short"": 4}"	0	0	24	0	0	graphics-like naming or embedded incbin/byte runs	EXTRACT graphics source where format is clear
GRAPHICS	medium	src/data/banim/dat_data_banim_p244.c	2	17-27	.rodata.dat_data_banim_p244	AnimSprite_EfxLokmsunaObj_L_2	"{""short"": 6}"	0	0	36	0	0	graphics-like naming or embedded incbin/byte runs	EXTRACT graphics source where format is clear
GRAPHICS	medium	src/data/banim/dat_data_banim_p244.c	3	28-37	.rodata.dat_data_banim_p244	AnimSprite_EfxLokmsunaObj_L_3	"{""short"": 5}"	0	0	30	0	0	graphics-like naming or embedded incbin/byte runs	EXTRACT graphics source where format is clear
GRAPHICS	medium	src/data/banim/dat_data_banim_p244.c	4	38-45	.rodata.dat_data_banim_p244	AnimSprite_EfxLokmsunaObj_L_4	"{""short"": 3}"	0	0	18	0	0	graphics-like naming or embedded incbin/byte runs	EXTRACT graphics source where format is clear
DATA_TABLE	medium	src/data/banim/dat_data_banim_p244.c	5	46-52	.rodata.dat_data_banim_p244	AnimSprite_EfxLokmsunaObj_L_5	"{""short"": 2}"	0	0	12	0	0	structured scalar/pointer data	EXTRACT typed C or fix false pointer after source/consumer/FE8U audit
DATA_TABLE	medium	src/data/banim/dat_data_banim_p244.c	6	53-59	.rodata.dat_data_banim_p244	AnimSprite_EfxLokmsunaObj_L_6	"{""short"": 2}"	0	0	12	0	0	structured scalar/pointer data	EXTRACT typed C or fix false pointer after source/consumer/FE8U audit
DATA_TABLE	medium	src/data/banim/dat_data_banim_p28.c	1	7-13	.rodata.dat_data_banim_p28	AnimSprite_FirebreathOBJ_Left1	"{""short"": 2}"	0	0	12	0	0	structured scalar/pointer data	EXTRACT typed C or fix false pointer after source/consumer/FE8U audit
GRAPHICS	medium	src/data/banim/dat_data_banim_p28.c	2	14-21	.rodata.dat_data_banim_p28	AnimSprite_FirebreathOBJ_Left2	"{""short"": 3}"	0	0	18	0	0	graphics-like naming or embedded incbin/byte runs	EXTRACT graphics source where format is clear
GRAPHICS	medium	src/data/banim/dat_data_banim_p28.c	3	22-32	.rodata.dat_data_banim_p28	AnimSprite_FirebreathOBJ_Left3	"{""short"": 6}"	0	0	36	0	0	graphics-like naming or embedded incbin/byte runs	EXTRACT graphics source where format is clear
GRAPHICS	medium	src/data/banim/dat_data_banim_p28.c	4	33-44	.rodata.dat_data_banim_p28	AnimSprite_FirebreathOBJ_Left4	"{""short"": 7}"	0	0	42	0	0	graphics-like naming or embedded incbin/byte runs	EXTRACT graphics source where format is clear
GRAPHICS	medium	src/data/banim/dat_data_banim_p28.c	5	46-56	.rodata.dat_data_banim_p28	AnimSprite_FirebreathOBJ_Left6	"{""short"": 6}"	0	0	36	0	0	graphics-like naming or embedded incbin/byte runs	EXTRACT graphics source where format is clear
GRAPHICS	medium	src/data/banim/dat_data_banim_p28.c	6	57-71	.rodata.dat_data_banim_p28	AnimSprite_FirebreathOBJ_Left7	"{""short"": 10}"	0	0	60	0	0	graphics-like naming or embedded incbin/byte runs	EXTRACT graphics source where format is clear
GRAPHICS	medium	src/data/banim/dat_data_banim_p28.c	7	72-90	.rodata.dat_data_banim_p28	AnimSprite_FirebreathOBJ_Left8	"{""short"": 14}"	0	0	84	0	0	graphics-like naming or embedded incbin/byte runs	EXTRACT graphics source where format is clear
GRAPHICS	medium	src/data/banim/dat_data_banim_p28.c	8	91-106	.rodata.dat_data_banim_p28	AnimSprite_FirebreathOBJ_Left9	"{""short"": 11}"	0	0	66	0	0	graphics-like naming or embedded incbin/byte runs	EXTRACT graphics source where format is clear
GRAPHICS	medium	src/data/banim/dat_data_banim_p28.c	9	107-124	.rodata.dat_data_banim_p28	AnimSprite_FirebreathOBJ_Left10	"{""short"": 13}"	0	0	78	0	0	graphics-like naming or embedded incbin/byte runs	EXTRACT graphics source where format is clear
GRAPHICS	medium	src/data/banim/dat_data_banim_p28.c	10	125-149	.rodata.dat_data_banim_p28	AnimSprite_FirebreathOBJ_Left11	"{""short"": 20}"	0	0	120	0	0	graphics-like naming or embedded incbin/byte runs	EXTRACT graphics source where format is clear
GRAPHICS	medium	src/data/banim/dat_data_banim_p28.c	11	150-167	.rodata.dat_data_banim_p28	AnimSprite_FirebreathOBJ_Left12	"{""short"": 13}"	0	0	78	0	0	graphics-like naming or embedded incbin/byte runs	EXTRACT graphics source where format is clear
GRAPHICS	medium	src/data/banim/dat_data_banim_p28.c	12	168-181	.rodata.dat_data_banim_p28	AnimSprite_FirebreathOBJ_Left13	"{""short"": 9}"	0	0	54	0	0	graphics-like naming or embedded incbin/byte runs	EXTRACT graphics source where format is clear
GRAPHICS	medium	src/data/banim/dat_data_banim_p28.c	13	182-199	.rodata.dat_data_banim_p28	AnimSprite_FirebreathOBJ_Left14	"{""short"": 13}"	0	0	78	0	0	graphics-like naming or embedded incbin/byte runs	EXTRACT graphics source where format is clear
GRAPHICS	medium	src/data/banim/dat_data_banim_p28.c	14	200-222	.rodata.dat_data_banim_p28	AnimSprite_FirebreathOBJ_Left15	"{""short"": 18}"	0	0	108	0	0	graphics-like naming or embedded incbin/byte runs	EXTRACT graphics source where format is clear
GRAPHICS	medium	src/data/banim/dat_data_banim_p28.c	15	223-245	.rodata.dat_data_banim_p28	AnimSprite_FirebreathOBJ_Left16	"{""short"": 18}"	0	0	108	0	0	graphics-like naming or embedded incbin/byte runs	EXTRACT graphics source where format is clear
GRAPHICS	medium	src/data/banim/dat_data_banim_p28.c	16	246-259	.rodata.dat_data_banim_p28	AnimSprite_FirebreathOBJ_Left17	"{""short"": 9}"	0	0	54	0	0	graphics-like naming or embedded incbin/byte runs	EXTRACT graphics source where format is clear
GRAPHICS	medium	src/data/banim/dat_data_banim_p28.c	17	260-274	.rodata.dat_data_banim_p28	AnimSprite_FirebreathOBJ_Left18	"{""short"": 10}"	0	0	60	0	0	graphics-like naming or embedded incbin/byte runs	EXTRACT graphics source where format is clear
GRAPHICS	medium	src/data/banim/dat_data_banim_p28.c	18	275-294	.rodata.dat_data_banim_p28	AnimSprite_FirebreathOBJ_Left19	"{""short"": 15}"	0	0	90	0	0	graphics-like naming or embedded incbin/byte runs	EXTRACT graphics source where format is clear
GRAPHICS	medium	src/data/banim/dat_data_banim_p28.c	19	295-306	.rodata.dat_data_banim_p28	AnimSprite_FirebreathOBJ_Left20	"{""short"": 7}"	0	0	42	0	0	graphics-like naming or embedded incbin/byte runs	EXTRACT graphics source where format is clear
GRAPHICS	medium	src/data/banim/dat_data_banim_p28.c	20	307-318	.rodata.dat_data_banim_p28	AnimSprite_FirebreathOBJ_Left21	"{""short"": 7}"	0	0	42	0	0	graphics-like naming or embedded incbin/byte runs	EXTRACT graphics source where format is clear
GRAPHICS	medium	src/data/banim/dat_data_banim_p28.c	21	319-328	.rodata.dat_data_banim_p28	AnimSprite_FirebreathOBJ_Left22	"{""short"": 5}"	0	0	30	0	0	graphics-like naming or embedded incbin/byte runs	EXTRACT graphics source where format is clear
DATA_TABLE	medium	src/data/banim/dat_data_banim_p28.c	22	330-336	.rodata.dat_data_banim_p28	AnimSprite_FirebreathOBJ_Left24	"{""short"": 2}"	0	0	12	0	0	structured scalar/pointer data	EXTRACT typed C or fix false pointer after source/consumer/FE8U audit
DATA_TABLE	medium	src/data/banim/dat_data_banim_p28.c	23	337-343	.rodata.dat_data_banim_p28	AnimSprite_FirebreathOBJ_Left25	"{""short"": 2}"	0	0	12	0	0	structured scalar/pointer data	EXTRACT typed C or fix false pointer after source/consumer/FE8U audit
GRAPHICS	medium	src/data/banim/dat_data_banim_p28.c	24	344-353	.rodata.dat_data_banim_p28	AnimSprite_FirebreathOBJ_Left26	"{""short"": 5}"	0	0	30	0	0	graphics-like naming or embedded incbin/byte runs	EXTRACT graphics source where format is clear
DATA_TABLE	medium	src/data/banim/dat_data_banim_p29.c	1	7-13	.rodata.dat_data_banim_p29	AnimSprite_FirebreathOBJ_Right1	"{""short"": 2}"	0	0	12	0	0	structured scalar/pointer data	EXTRACT typed C or fix false pointer after source/consumer/FE8U audit
GRAPHICS	medium	src/data/banim/dat_data_banim_p29.c	2	14-21	.rodata.dat_data_banim_p29	AnimSprite_FirebreathOBJ_Right2	"{""short"": 3}"	0	0	18	0	0	graphics-like naming or embedded incbin/byte runs	EXTRACT graphics source where format is clear
GRAPHICS	medium	src/data/banim/dat_data_banim_p29.c	3	22-32	.rodata.dat_data_banim_p29	AnimSprite_FirebreathOBJ_Right3	"{""short"": 6}"	0	0	36	0	0	graphics-like naming or embedded incbin/byte runs	EXTRACT graphics source where format is clear
GRAPHICS	medium	src/data/banim/dat_data_banim_p29.c	4	33-44	.rodata.dat_data_banim_p29	AnimSprite_FirebreathOBJ_Right4	"{""short"": 7}"	0	0	42	0	0	graphics-like naming or embedded incbin/byte runs	EXTRACT graphics source where format is clear
GRAPHICS	medium	src/data/banim/dat_data_banim_p29.c	5	46-56	.rodata.dat_data_banim_p29	AnimSprite_FirebreathOBJ_Right6	"{""short"": 6}"	0	0	36	0	0	graphics-like naming or embedded incbin/byte runs	EXTRACT graphics source where format is clear
GRAPHICS	medium	src/data/banim/dat_data_banim_p29.c	6	57-71	.rodata.dat_data_banim_p29	AnimSprite_FirebreathOBJ_Right7	"{""short"": 10}"	0	0	60	0	0	graphics-like naming or embedded incbin/byte runs	EXTRACT graphics source where format is clear
GRAPHICS	medium	src/data/banim/dat_data_banim_p29.c	7	72-90	.rodata.dat_data_banim_p29	AnimSprite_FirebreathOBJ_Right8	"{""short"": 14}"	0	0	84	0	0	graphics-like naming or embedded incbin/byte runs	EXTRACT graphics source where format is clear
GRAPHICS	medium	src/data/banim/dat_data_banim_p29.c	8	91-106	.rodata.dat_data_banim_p29	AnimSprite_FirebreathOBJ_Right9	"{""short"": 11}"	0	0	66	0	0	graphics-like naming or embedded incbin/byte runs	EXTRACT graphics source where format is clear
GRAPHICS	medium	src/data/banim/dat_data_banim_p29.c	9	107-124	.rodata.dat_data_banim_p29	AnimSprite_FirebreathOBJ_Right10	"{""short"": 13}"	0	0	78	0	0	graphics-like naming or embedded incbin/byte runs	EXTRACT graphics source where format is clear
GRAPHICS	medium	src/data/banim/dat_data_banim_p29.c	10	125-149	.rodata.dat_data_banim_p29	AnimSprite_FirebreathOBJ_Right11	"{""short"": 20}"	0	0	120	0	0	graphics-like naming or embedded incbin/byte runs	EXTRACT graphics source where format is clear
GRAPHICS	medium	src/data/banim/dat_data_banim_p29.c	11	150-167	.rodata.dat_data_banim_p29	AnimSprite_FirebreathOBJ_Right12	"{""short"": 13}"	0	0	78	0	0	graphics-like naming or embedded incbin/byte runs	EXTRACT graphics source where format is clear
GRAPHICS	medium	src/data/banim/dat_data_banim_p29.c	12	168-181	.rodata.dat_data_banim_p29	AnimSprite_FirebreathOBJ_Right13	"{""short"": 9}"	0	0	54	0	0	graphics-like naming or embedded incbin/byte runs	EXTRACT graphics source where format is clear
GRAPHICS	medium	src/data/banim/dat_data_banim_p29.c	13	182-199	.rodata.dat_data_banim_p29	AnimSprite_FirebreathOBJ_Right14	"{""short"": 13}"	0	0	78	0	0	graphics-like naming or embedded incbin/byte runs	EXTRACT graphics source where format is clear
GRAPHICS	medium	src/data/banim/dat_data_banim_p29.c	14	200-222	.rodata.dat_data_banim_p29	AnimSprite_FirebreathOBJ_Right15	"{""short"": 18}"	0	0	108	0	0	graphics-like naming or embedded incbin/byte runs	EXTRACT graphics source where format is clear
GRAPHICS	medium	src/data/banim/dat_data_banim_p29.c	15	223-245	.rodata.dat_data_banim_p29	AnimSprite_FirebreathOBJ_Right16	"{""short"": 18}"	0	0	108	0	0	graphics-like naming or embedded incbin/byte runs	EXTRACT graphics source where format is clear
GRAPHICS	medium	src/data/banim/dat_data_banim_p29.c	16	246-259	.rodata.dat_data_banim_p29	AnimSprite_FirebreathOBJ_Right17	"{""short"": 9}"	0	0	54	0	0	graphics-like naming or embedded incbin/byte runs	EXTRACT graphics source where format is clear
GRAPHICS	medium	src/data/banim/dat_data_banim_p29.c	17	260-274	.rodata.dat_data_banim_p29	AnimSprite_FirebreathOBJ_Right18	"{""short"": 10}"	0	0	60	0	0	graphics-like naming or embedded incbin/byte runs	EXTRACT graphics source where format is clear
GRAPHICS	medium	src/data/banim/dat_data_banim_p29.c	18	275-294	.rodata.dat_data_banim_p29	AnimSprite_FirebreathOBJ_Right19	"{""short"": 15}"	0	0	90	0	0	graphics-like naming or embedded incbin/byte runs	EXTRACT graphics source where format is clear
GRAPHICS	medium	src/data/banim/dat_data_banim_p29.c	19	295-306	.rodata.dat_data_banim_p29	AnimSprite_FirebreathOBJ_Right20	"{""short"": 7}"	0	0	42	0	0	graphics-like naming or embedded incbin/byte runs	EXTRACT graphics source where format is clear
GRAPHICS	medium	src/data/banim/dat_data_banim_p29.c	20	307-318	.rodata.dat_data_banim_p29	AnimSprite_FirebreathOBJ_Right21	"{""short"": 7}"	0	0	42	0	0	graphics-like naming or embedded incbin/byte runs	EXTRACT graphics source where format is clear
GRAPHICS	medium	src/data/banim/dat_data_banim_p29.c	21	319-328	.rodata.dat_data_banim_p29	AnimSprite_FirebreathOBJ_Right22	"{""short"": 5}"	0	0	30	0	0	graphics-like naming or embedded incbin/byte runs	EXTRACT graphics source where format is clear
DATA_TABLE	medium	src/data/banim/dat_data_banim_p29.c	22	330-336	.rodata.dat_data_banim_p29	AnimSprite_FirebreathOBJ_Right24	"{""short"": 2}"	0	0	12	0	0	structured scalar/pointer data	EXTRACT typed C or fix false pointer after source/consumer/FE8U audit
DATA_TABLE	medium	src/data/banim/dat_data_banim_p29.c	23	337-343	.rodata.dat_data_banim_p29	AnimSprite_FirebreathOBJ_Right25	"{""short"": 2}"	0	0	12	0	0	structured scalar/pointer data	EXTRACT typed C or fix false pointer after source/consumer/FE8U audit
GRAPHICS	medium	src/data/banim/dat_data_banim_p29.c	24	344-353	.rodata.dat_data_banim_p29	AnimSprite_FirebreathOBJ_Right26	"{""short"": 5}"	0	0	30	0	0	graphics-like naming or embedded incbin/byte runs	EXTRACT graphics source where format is clear
DATA_TABLE	medium	src/data/banim/dat_data_banim_p30.c	1	7-13	.rodata.dat_data_banim_p30	AnimSprite_IcebreathOBJ_Right1	"{""short"": 2}"	0	0	12	0	0	structured scalar/pointer data	EXTRACT typed C or fix false pointer after source/consumer/FE8U audit
GRAPHICS	medium	src/data/banim/dat_data_banim_p30.c	2	14-21	.rodata.dat_data_banim_p30	AnimSprite_IcebreathOBJ_Right2	"{""short"": 3}"	0	0	18	0	0	graphics-like naming or embedded incbin/byte runs	EXTRACT graphics source where format is clear
GRAPHICS	medium	src/data/banim/dat_data_banim_p30.c	3	22-32	.rodata.dat_data_banim_p30	AnimSprite_IcebreathOBJ_Right3	"{""short"": 6}"	0	0	36	0	0	graphics-like naming or embedded incbin/byte runs	EXTRACT graphics source where format is clear
GRAPHICS	medium	src/data/banim/dat_data_banim_p30.c	4	33-44	.rodata.dat_data_banim_p30	AnimSprite_IcebreathOBJ_Right4	"{""short"": 7}"	0	0	42	0	0	graphics-like naming or embedded incbin/byte runs	EXTRACT graphics source where format is clear
GRAPHICS	medium	src/data/banim/dat_data_banim_p30.c	5	46-56	.rodata.dat_data_banim_p30	AnimSprite_IcebreathOBJ_Right6	"{""short"": 6}"	0	0	36	0	0	graphics-like naming or embedded incbin/byte runs	EXTRACT graphics source where format is clear
GRAPHICS	medium	src/data/banim/dat_data_banim_p30.c	6	57-71	.rodata.dat_data_banim_p30	AnimSprite_IcebreathOBJ_Right7	"{""short"": 10}"	0	0	60	0	0	graphics-like naming or embedded incbin/byte runs	EXTRACT graphics source where format is clear
GRAPHICS	medium	src/data/banim/dat_data_banim_p30.c	7	72-90	.rodata.dat_data_banim_p30	AnimSprite_IcebreathOBJ_Right8	"{""short"": 14}"	0	0	84	0	0	graphics-like naming or embedded incbin/byte runs	EXTRACT graphics source where format is clear
GRAPHICS	medium	src/data/banim/dat_data_banim_p30.c	8	91-109	.rodata.dat_data_banim_p30	AnimSprite_IcebreathOBJ_Right9	"{""short"": 14}"	0	0	84	0	0	graphics-like naming or embedded incbin/byte runs	EXTRACT graphics source where format is clear
GRAPHICS	medium	src/data/banim/dat_data_banim_p30.c	9	110-129	.rodata.dat_data_banim_p30	AnimSprite_IcebreathOBJ_Right10	"{""short"": 15}"	0	0	90	0	0	graphics-like naming or embedded incbin/byte runs	EXTRACT graphics source where format is clear
GRAPHICS	medium	src/data/banim/dat_data_banim_p30.c	10	130-154	.rodata.dat_data_banim_p30	AnimSprite_IcebreathOBJ_Right11	"{""short"": 20}"	0	0	120	0	0	graphics-like naming or embedded incbin/byte runs	EXTRACT graphics source where format is clear
GRAPHICS	medium	src/data/banim/dat_data_banim_p30.c	11	155-172	.rodata.dat_data_banim_p30	AnimSprite_IcebreathOBJ_Right12	"{""short"": 13}"	0	0	78	0	0	graphics-like naming or embedded incbin/byte runs	EXTRACT graphics source where format is clear
GRAPHICS	medium	src/data/banim/dat_data_banim_p30.c	12	173-187	.rodata.dat_data_banim_p30	AnimSprite_IcebreathOBJ_Right13	"{""short"": 10}"	0	0	60	0	0	graphics-like naming or embedded incbin/byte runs	EXTRACT graphics source where format is clear
GRAPHICS	medium	src/data/banim/dat_data_banim_p30.c	13	188-206	.rodata.dat_data_banim_p30	AnimSprite_IcebreathOBJ_Right14	"{""short"": 14}"	0	0	84	0	0	graphics-like naming or embedded incbin/byte runs	EXTRACT graphics source where format is clear
GRAPHICS	medium	src/data/banim/dat_data_banim_p30.c	14	207-230	.rodata.dat_data_banim_p30	AnimSprite_IcebreathOBJ_Right15	"{""short"": 19}"	0	0	114	0	0	graphics-like naming or embedded incbin/byte runs	EXTRACT graphics source where format is clear
GRAPHICS	medium	src/data/banim/dat_data_banim_p30.c	15	231-253	.rodata.dat_data_banim_p30	AnimSprite_IcebreathOBJ_Right16	"{""short"": 18}"	0	0	108	0	0	graphics-like naming or embedded incbin/byte runs	EXTRACT graphics source where format is clear
GRAPHICS	medium	src/data/banim/dat_data_banim_p30.c	16	254-267	.rodata.dat_data_banim_p30	AnimSprite_IcebreathOBJ_Right17	"{""short"": 9}"	0	0	54	0	0	graphics-like naming or embedded incbin/byte runs	EXTRACT graphics source where format is clear
GRAPHICS	medium	src/data/banim/dat_data_banim_p30.c	17	268-282	.rodata.dat_data_banim_p30	AnimSprite_IcebreathOBJ_Right18	"{""short"": 10}"	0	0	60	0	0	graphics-like naming or embedded incbin/byte runs	EXTRACT graphics source where format is clear
GRAPHICS	medium	src/data/banim/dat_data_banim_p30.c	18	283-302	.rodata.dat_data_banim_p30	AnimSprite_IcebreathOBJ_Right19	"{""short"": 15}"	0	0	90	0	0	graphics-like naming or embedded incbin/byte runs	EXTRACT graphics source where format is clear
GRAPHICS	medium	src/data/banim/dat_data_banim_p30.c	19	303-314	.rodata.dat_data_banim_p30	AnimSprite_IcebreathOBJ_Right20	"{""short"": 7}"	0	0	42	0	0	graphics-like naming or embedded incbin/byte runs	EXTRACT graphics source where format is clear
GRAPHICS	medium	src/data/banim/dat_data_banim_p30.c	20	315-326	.rodata.dat_data_banim_p30	AnimSprite_IcebreathOBJ_Right21	"{""short"": 7}"	0	0	42	0	0	graphics-like naming or embedded incbin/byte runs	EXTRACT graphics source where format is clear
GRAPHICS	medium	src/data/banim/dat_data_banim_p30.c	21	327-336	.rodata.dat_data_banim_p30	AnimSprite_IcebreathOBJ_Right22	"{""short"": 5}"	0	0	30	0	0	graphics-like naming or embedded incbin/byte runs	EXTRACT graphics source where format is clear
GRAPHICS	medium	src/data/banim/dat_data_banim_p30.c	22	338-346	.rodata.dat_data_banim_p30	AnimSprite_IcebreathOBJ_Right24	"{""short"": 4}"	0	0	24	0	0	graphics-like naming or embedded incbin/byte runs	EXTRACT graphics source where format is clear
DATA_TABLE	medium	src/data/banim/dat_data_banim_p31.c	1	7-13	.rodata.dat_data_banim_p31	AnimSprite_IcebreathOBJ_Left1	"{""short"": 2}"	0	0	12	0	0	structured scalar/pointer data	EXTRACT typed C or fix false pointer after source/consumer/FE8U audit
GRAPHICS	medium	src/data/banim/dat_data_banim_p31.c	2	14-21	.rodata.dat_data_banim_p31	AnimSprite_IcebreathOBJ_Left2	"{""short"": 3}"	0	0	18	0	0	graphics-like naming or embedded incbin/byte runs	EXTRACT graphics source where format is clear
GRAPHICS	medium	src/data/banim/dat_data_banim_p31.c	3	22-32	.rodata.dat_data_banim_p31	AnimSprite_IcebreathOBJ_Left3	"{""short"": 6}"	0	0	36	0	0	graphics-like naming or embedded incbin/byte runs	EXTRACT graphics source where format is clear
GRAPHICS	medium	src/data/banim/dat_data_banim_p31.c	4	33-44	.rodata.dat_data_banim_p31	AnimSprite_IcebreathOBJ_Left4	"{""short"": 7}"	0	0	42	0	0	graphics-like naming or embedded incbin/byte runs	EXTRACT graphics source where format is clear
GRAPHICS	medium	src/data/banim/dat_data_banim_p31.c	5	46-56	.rodata.dat_data_banim_p31	AnimSprite_IcebreathOBJ_Left6	"{""short"": 6}"	0	0	36	0	0	graphics-like naming or embedded incbin/byte runs	EXTRACT graphics source where format is clear
GRAPHICS	medium	src/data/banim/dat_data_banim_p31.c	6	57-71	.rodata.dat_data_banim_p31	AnimSprite_IcebreathOBJ_Left7	"{""short"": 10}"	0	0	60	0	0	graphics-like naming or embedded incbin/byte runs	EXTRACT graphics source where format is clear
GRAPHICS	medium	src/data/banim/dat_data_banim_p31.c	7	72-90	.rodata.dat_data_banim_p31	AnimSprite_IcebreathOBJ_Left8	"{""short"": 14}"	0	0	84	0	0	graphics-like naming or embedded incbin/byte runs	EXTRACT graphics source where format is clear
GRAPHICS	medium	src/data/banim/dat_data_banim_p31.c	8	91-109	.rodata.dat_data_banim_p31	AnimSprite_IcebreathOBJ_Left9	"{""short"": 14}"	0	0	84	0	0	graphics-like naming or embedded incbin/byte runs	EXTRACT graphics source where format is clear
GRAPHICS	medium	src/data/banim/dat_data_banim_p31.c	9	110-129	.rodata.dat_data_banim_p31	AnimSprite_IcebreathOBJ_Left10	"{""short"": 15}"	0	0	90	0	0	graphics-like naming or embedded incbin/byte runs	EXTRACT graphics source where format is clear
GRAPHICS	medium	src/data/banim/dat_data_banim_p31.c	10	130-154	.rodata.dat_data_banim_p31	AnimSprite_IcebreathOBJ_Left11	"{""short"": 20}"	0	0	120	0	0	graphics-like naming or embedded incbin/byte runs	EXTRACT graphics source where format is clear
GRAPHICS	medium	src/data/banim/dat_data_banim_p31.c	11	155-172	.rodata.dat_data_banim_p31	AnimSprite_IcebreathOBJ_Left12	"{""short"": 13}"	0	0	78	0	0	graphics-like naming or embedded incbin/byte runs	EXTRACT graphics source where format is clear
GRAPHICS	medium	src/data/banim/dat_data_banim_p31.c	12	173-187	.rodata.dat_data_banim_p31	AnimSprite_IcebreathOBJ_Left13	"{""short"": 10}"	0	0	60	0	0	graphics-like naming or embedded incbin/byte runs	EXTRACT graphics source where format is clear
GRAPHICS	medium	src/data/banim/dat_data_banim_p31.c	13	188-206	.rodata.dat_data_banim_p31	AnimSprite_IcebreathOBJ_Left14	"{""short"": 14}"	0	0	84	0	0	graphics-like naming or embedded incbin/byte runs	EXTRACT graphics source where format is clear
DATA_TABLE	medium	src/data/banim/dat_data_banim_p33.c	1	7-13	.rodata.dat_data_banim_p33	AnimSprite_DarkBreathOBJ_Close1	"{""short"": 2}"	0	0	12	0	0	structured scalar/pointer data	EXTRACT typed C or fix false pointer after source/consumer/FE8U audit
GRAPHICS	medium	src/data/banim/dat_data_banim_p33.c	2	14-21	.rodata.dat_data_banim_p33	AnimSprite_DarkBreathOBJ_Close2	"{""short"": 3}"	0	0	18	0	0	graphics-like naming or embedded incbin/byte runs	EXTRACT graphics source where format is clear
GRAPHICS	medium	src/data/banim/dat_data_banim_p33.c	3	22-32	.rodata.dat_data_banim_p33	AnimSprite_DarkBreathOBJ_Close3	"{""short"": 6}"	0	0	36	0	0	graphics-like naming or embedded incbin/byte runs	EXTRACT graphics source where format is clear
GRAPHICS	medium	src/data/banim/dat_data_banim_p33.c	4	33-44	.rodata.dat_data_banim_p33	AnimSprite_DarkBreathOBJ_Close4	"{""short"": 7}"	0	0	42	0	0	graphics-like naming or embedded incbin/byte runs	EXTRACT graphics source where format is clear
GRAPHICS	medium	src/data/banim/dat_data_banim_p33.c	5	46-56	.rodata.dat_data_banim_p33	AnimSprite_DarkBreathOBJ_Close6	"{""short"": 6}"	0	0	36	0	0	graphics-like naming or embedded incbin/byte runs	EXTRACT graphics source where format is clear
GRAPHICS	medium	src/data/banim/dat_data_banim_p33.c	6	57-71	.rodata.dat_data_banim_p33	AnimSprite_DarkBreathOBJ_Close7	"{""short"": 10}"	0	0	60	0	0	graphics-like naming or embedded incbin/byte runs	EXTRACT graphics source where format is clear
GRAPHICS	medium	src/data/banim/dat_data_banim_p33.c	7	72-90	.rodata.dat_data_banim_p33	AnimSprite_DarkBreathOBJ_Close8	"{""short"": 14}"	0	0	84	0	0	graphics-like naming or embedded incbin/byte runs	EXTRACT graphics source where format is clear
GRAPHICS	medium	src/data/banim/dat_data_banim_p33.c	8	91-110	.rodata.dat_data_banim_p33	AnimSprite_DarkBreathOBJ_Close9	"{""short"": 15}"	0	0	90	0	0	graphics-like naming or embedded incbin/byte runs	EXTRACT graphics source where format is clear
GRAPHICS	medium	src/data/banim/dat_data_banim_p33.c	9	111-130	.rodata.dat_data_banim_p33	AnimSprite_DarkBreathOBJ_Close10	"{""short"": 15}"	0	0	90	0	0	graphics-like naming or embedded incbin/byte runs	EXTRACT graphics source where format is clear
GRAPHICS	medium	src/data/banim/dat_data_banim_p33.c	10	131-155	.rodata.dat_data_banim_p33	AnimSprite_DarkBreathOBJ_Close11	"{""short"": 20}"	0	0	120	0	0	graphics-like naming or embedded incbin/byte runs	EXTRACT graphics source where format is clear
GRAPHICS	medium	src/data/banim/dat_data_banim_p33.c	11	156-173	.rodata.dat_data_banim_p33	AnimSprite_DarkBreathOBJ_Close12	"{""short"": 13}"	0	0	78	0	0	graphics-like naming or embedded incbin/byte runs	EXTRACT graphics source where format is clear
GRAPHICS	medium	src/data/banim/dat_data_banim_p33.c	12	174-188	.rodata.dat_data_banim_p33	AnimSprite_DarkBreathOBJ_Close13	"{""short"": 10}"	0	0	60	0	0	graphics-like naming or embedded incbin/byte runs	EXTRACT graphics source where format is clear
GRAPHICS	medium	src/data/banim/dat_data_banim_p33.c	13	189-207	.rodata.dat_data_banim_p33	AnimSprite_DarkBreathOBJ_Close14	"{""short"": 14}"	0	0	84	0	0	graphics-like naming or embedded incbin/byte runs	EXTRACT graphics source where format is clear
GRAPHICS	medium	src/data/banim/dat_data_banim_p43.c	1	17-24	.rodata.dat_data_banim_p43	AnimSprite_EfxSunakemuriOBJ1_R_1	"{""short"": 3}"	0	0	18	0	0	graphics-like naming or embedded incbin/byte runs	EXTRACT graphics source where format is clear
GRAPHICS	medium	src/data/banim/dat_data_banim_p43.c	2	25-32	.rodata.dat_data_banim_p43	AnimSprite_EfxSunakemuriOBJ1_R_2	"{""short"": 3}"	0	0	18	0	0	graphics-like naming or embedded incbin/byte runs	EXTRACT graphics source where format is clear
GRAPHICS	medium	src/data/banim/dat_data_banim_p43.c	3	33-40	.rodata.dat_data_banim_p43	AnimSprite_EfxSunakemuriOBJ1_R_3	"{""short"": 3}"	0	0	18	0	0	graphics-like naming or embedded incbin/byte runs	EXTRACT graphics source where format is clear
GRAPHICS	medium	src/data/banim/dat_data_banim_p43.c	4	41-48	.rodata.dat_data_banim_p43	AnimSprite_EfxSunakemuriOBJ1_R_4	"{""short"": 3}"	0	0	18	0	0	graphics-like naming or embedded incbin/byte runs	EXTRACT graphics source where format is clear
GRAPHICS	medium	src/data/banim/dat_data_banim_p49.c	1	7-17	.rodata.dat_data_banim_p49	AnimSprite_EfxMantBatabata1_R_1	"{""short"": 6}"	0	0	36	0	0	graphics-like naming or embedded incbin/byte runs	EXTRACT graphics source where format is clear
GRAPHICS	medium	src/data/banim/dat_data_banim_p49.c	2	19-32	.rodata.dat_data_banim_p49	AnimSprite_EfxMantBatabata1_R_3	"{""short"": 9}"	0	0	54	0	0	graphics-like naming or embedded incbin/byte runs	EXTRACT graphics source where format is clear
GRAPHICS	medium	src/data/banim/dat_data_banim_p49.c	3	33-46	.rodata.dat_data_banim_p49	AnimSprite_EfxMantBatabata1_R_4	"{""short"": 9}"	0	0	54	0	0	graphics-like naming or embedded incbin/byte runs	EXTRACT graphics source where format is clear
GRAPHICS	medium	src/data/banim/dat_data_banim_p50.c	1	7-17	.rodata.dat_data_banim_p50	AnimSprite_EfxMantBatabata1_L_1	"{""short"": 6}"	0	0	36	0	0	graphics-like naming or embedded incbin/byte runs	EXTRACT graphics source where format is clear
GRAPHICS	medium	src/data/banim/dat_data_banim_p50.c	2	19-32	.rodata.dat_data_banim_p50	AnimSprite_EfxMantBatabata1_L_3	"{""short"": 9}"	0	0	54	0	0	graphics-like naming or embedded incbin/byte runs	EXTRACT graphics source where format is clear
GRAPHICS	medium	src/data/banim/dat_data_banim_p50.c	3	33-46	.rodata.dat_data_banim_p50	AnimSprite_EfxMantBatabata1_L_4	"{""short"": 9}"	0	0	54	0	0	graphics-like naming or embedded incbin/byte runs	EXTRACT graphics source where format is clear
GRAPHICS	medium	src/data/banim/dat_data_banim_p51.c	1	9-22	.rodata.dat_data_banim_p51	AnimSprite_EfxMantBatabata2_R_3	"{""short"": 9}"	0	0	54	0	0	graphics-like naming or embedded incbin/byte runs	EXTRACT graphics source where format is clear
GRAPHICS	medium	src/data/banim/dat_data_banim_p51.c	2	23-36	.rodata.dat_data_banim_p51	AnimSprite_EfxMantBatabata2_R_4	"{""short"": 9}"	0	0	54	0	0	graphics-like naming or embedded incbin/byte runs	EXTRACT graphics source where format is clear
GRAPHICS	medium	src/data/banim/dat_data_banim_p52.c	1	9-22	.rodata.dat_data_banim_p52	AnimSprite_EfxMantBatabata2_L_3	"{""short"": 9}"	0	0	54	0	0	graphics-like naming or embedded incbin/byte runs	EXTRACT graphics source where format is clear
GRAPHICS	medium	src/data/banim/dat_data_banim_p52.c	2	23-36	.rodata.dat_data_banim_p52	AnimSprite_EfxMantBatabata2_L_4	"{""short"": 9}"	0	0	54	0	0	graphics-like naming or embedded incbin/byte runs	EXTRACT graphics source where format is clear
GRAPHICS	medium	src/data/banim/dat_data_banim_p62.c	1	7-20	.rodata.dat_data_banim_p62	AnimSprite_EfxThunderOBJ_R_3	"{""short"": 9}"	0	0	54	0	0	graphics-like naming or embedded incbin/byte runs	EXTRACT graphics source where format is clear
GRAPHICS	medium	src/data/banim/dat_data_banim_p62.c	2	34-47	.rodata.dat_data_banim_p62	AnimSprite_EfxThunderOBJ_R_17	"{""short"": 9}"	0	0	54	0	0	graphics-like naming or embedded incbin/byte runs	EXTRACT graphics source where format is clear
DATA_TABLE	medium	src/data/banim/dat_data_banim_p62.c	3	48-54	.rodata.dat_data_banim_p62	AnimSprite_EfxThunderOBJ_R_18	"{""short"": 2}"	0	0	12	0	0	structured scalar/pointer data	EXTRACT typed C or fix false pointer after source/consumer/FE8U audit
DATA_TABLE	medium	src/data/banim/dat_data_banim_p62.c	4	65-71	.rodata.dat_data_banim_p62	AnimSprite_EfxThunderOBJ_R_29	"{""short"": 2}"	0	0	12	0	0	structured scalar/pointer data	EXTRACT typed C or fix false pointer after source/consumer/FE8U audit
GRAPHICS	medium	src/data/banim/dat_data_banim_p62.c	5	72-85	.rodata.dat_data_banim_p62	AnimSprite_EfxThunderOBJ_R_30	"{""short"": 9}"	0	0	54	0	0	graphics-like naming or embedded incbin/byte runs	EXTRACT graphics source where format is clear
DATA_TABLE	medium	src/data/banim/dat_data_banim_p63.c	1	7-13	.rodata.dat_data_banim_p63	AnimSprite_EfxThunderOBJ_L_1	"{""short"": 2}"	0	0	12	0	0	structured scalar/pointer data	EXTRACT typed C or fix false pointer after source/consumer/FE8U audit
DATA_TABLE	medium	src/data/banim/dat_data_banim_p63.c	2	14-20	.rodata.dat_data_banim_p63	AnimSprite_EfxThunderOBJ_L_2	"{""short"": 2}"	0	0	12	0	0	structured scalar/pointer data	EXTRACT typed C or fix false pointer after source/consumer/FE8U audit
GRAPHICS	medium	src/data/banim/dat_data_banim_p63.c	3	21-34	.rodata.dat_data_banim_p63	AnimSprite_EfxThunderOBJ_L_3	"{""short"": 9}"	0	0	54	0	0	graphics-like naming or embedded incbin/byte runs	EXTRACT graphics source where format is clear
GRAPHICS	medium	src/data/banim/dat_data_banim_p63.c	4	48-61	.rodata.dat_data_banim_p63	AnimSprite_EfxThunderOBJ_L_17	"{""short"": 9}"	0	0	54	0	0	graphics-like naming or embedded incbin/byte runs	EXTRACT graphics source where format is clear
DATA_TABLE	medium	src/data/banim/dat_data_banim_p63.c	5	62-68	.rodata.dat_data_banim_p63	AnimSprite_EfxThunderOBJ_L_18	"{""short"": 2}"	0	0	12	0	0	structured scalar/pointer data	EXTRACT typed C or fix false pointer after source/consumer/FE8U audit
DATA_TABLE	medium	src/data/banim/dat_data_banim_p63.c	6	79-85	.rodata.dat_data_banim_p63	AnimSprite_EfxThunderOBJ_L_29	"{""short"": 2}"	0	0	12	0	0	structured scalar/pointer data	EXTRACT typed C or fix false pointer after source/consumer/FE8U audit
GRAPHICS	medium	src/data/banim/dat_data_banim_p63.c	7	86-99	.rodata.dat_data_banim_p63	AnimSprite_EfxThunderOBJ_L_30	"{""short"": 9}"	0	0	54	0	0	graphics-like naming or embedded incbin/byte runs	EXTRACT graphics source where format is clear
DATA_TABLE	medium	src/data/banim/dat_data_banim_p66.c	1	17-23	.rodata.dat_data_banim_p66	AnimSprite_EfxFireOBJ_L_1	"{""short"": 2}"	0	0	12	0	0	structured scalar/pointer data	EXTRACT typed C or fix false pointer after source/consumer/FE8U audit
GRAPHICS	medium	src/data/banim/dat_data_banim_p66.c	2	24-31	.rodata.dat_data_banim_p66	AnimSprite_EfxFireOBJ_L_2	"{""short"": 3}"	0	0	18	0	0	graphics-like naming or embedded incbin/byte runs	EXTRACT graphics source where format is clear
GRAPHICS	medium	src/data/banim/dat_data_banim_p66.c	3	32-39	.rodata.dat_data_banim_p66	AnimSprite_EfxFireOBJ_L_3	"{""short"": 3}"	0	0	18	0	0	graphics-like naming or embedded incbin/byte runs	EXTRACT graphics source where format is clear
GRAPHICS	medium	src/data/banim/dat_data_banim_p66.c	4	40-47	.rodata.dat_data_banim_p66	AnimSprite_EfxFireOBJ_L_4	"{""short"": 3}"	0	0	18	0	0	graphics-like naming or embedded incbin/byte runs	EXTRACT graphics source where format is clear
GRAPHICS	medium	src/data/banim/dat_data_banim_p66.c	5	48-55	.rodata.dat_data_banim_p66	AnimSprite_EfxFireOBJ_L_5	"{""short"": 3}"	0	0	18	0	0	graphics-like naming or embedded incbin/byte runs	EXTRACT graphics source where format is clear
GRAPHICS	medium	src/data/banim/dat_data_banim_p66.c	6	56-67	.rodata.dat_data_banim_p66	AnimSprite_EfxFireOBJ_L_6	"{""short"": 7}"	0	0	42	0	0	graphics-like naming or embedded incbin/byte runs	EXTRACT graphics source where format is clear
GRAPHICS	medium	src/data/banim/dat_data_banim_p66.c	7	69-80	.rodata.dat_data_banim_p66	AnimSprite_EfxFireOBJ_L_8	"{""short"": 7}"	0	0	42	0	0	graphics-like naming or embedded incbin/byte runs	EXTRACT graphics source where format is clear
DATA_TABLE	medium	src/data/banim/dat_data_banim_p66.c	8	81-87	.rodata.dat_data_banim_p66	AnimSprite_EfxFireOBJ_L_9	"{""short"": 2}"	0	0	12	0	0	structured scalar/pointer data	EXTRACT typed C or fix false pointer after source/consumer/FE8U audit
DATA_TABLE	medium	src/data/banim/dat_data_banim_p66.c	9	88-94	.rodata.dat_data_banim_p66	AnimSprite_EfxFireOBJ_L_10	"{""short"": 2}"	0	0	12	0	0	structured scalar/pointer data	EXTRACT typed C or fix false pointer after source/consumer/FE8U audit
GRAPHICS	medium	src/data/banim/dat_data_banim_p66.c	10	95-106	.rodata.dat_data_banim_p66	AnimSprite_EfxFireOBJ_L_11	"{""short"": 7}"	0	0	42	0	0	graphics-like naming or embedded incbin/byte runs	EXTRACT graphics source where format is clear
GRAPHICS	medium	src/data/banim/dat_data_banim_p66.c	11	108-119	.rodata.dat_data_banim_p66	AnimSprite_EfxFireOBJ_L_13	"{""short"": 7}"	0	0	42	0	0	graphics-like naming or embedded incbin/byte runs	EXTRACT graphics source where format is clear
GRAPHICS	medium	src/data/banim/dat_data_banim_p66.c	12	120-130	.rodata.dat_data_banim_p66	AnimSprite_EfxFireOBJ_L_14	"{""short"": 6}"	0	0	36	0	0	graphics-like naming or embedded incbin/byte runs	EXTRACT graphics source where format is clear
DATA_TABLE	medium	src/data/banim/dat_data_banim_p67.c	1	7-13	.rodata.dat_data_banim_p67	AnimSprite_EfxFireOBJ_R_1	"{""short"": 2}"	0	0	12	0	0	structured scalar/pointer data	EXTRACT typed C or fix false pointer after source/consumer/FE8U audit
GRAPHICS	medium	src/data/banim/dat_data_banim_p67.c	2	14-21	.rodata.dat_data_banim_p67	AnimSprite_EfxFireOBJ_R_2	"{""short"": 3}"	0	0	18	0	0	graphics-like naming or embedded incbin/byte runs	EXTRACT graphics source where format is clear
GRAPHICS	medium	src/data/banim/dat_data_banim_p67.c	3	22-29	.rodata.dat_data_banim_p67	AnimSprite_EfxFireOBJ_R_3	"{""short"": 3}"	0	0	18	0	0	graphics-like naming or embedded incbin/byte runs	EXTRACT graphics source where format is clear
GRAPHICS	medium	src/data/banim/dat_data_banim_p67.c	4	30-37	.rodata.dat_data_banim_p67	AnimSprite_EfxFireOBJ_R_4	"{""short"": 3}"	0	0	18	0	0	graphics-like naming or embedded incbin/byte runs	EXTRACT graphics source where format is clear
GRAPHICS	medium	src/data/banim/dat_data_banim_p67.c	5	38-45	.rodata.dat_data_banim_p67	AnimSprite_EfxFireOBJ_R_5	"{""short"": 3}"	0	0	18	0	0	graphics-like naming or embedded incbin/byte runs	EXTRACT graphics source where format is clear
GRAPHICS	medium	src/data/banim/dat_data_banim_p67.c	6	46-57	.rodata.dat_data_banim_p67	AnimSprite_EfxFireOBJ_R_6	"{""short"": 7}"	0	0	42	0	0	graphics-like naming or embedded incbin/byte runs	EXTRACT graphics source where format is clear
GRAPHICS	medium	src/data/banim/dat_data_banim_p67.c	7	59-70	.rodata.dat_data_banim_p67	AnimSprite_EfxFireOBJ_R_8	"{""short"": 7}"	0	0	42	0	0	graphics-like naming or embedded incbin/byte runs	EXTRACT graphics source where format is clear
DATA_TABLE	medium	src/data/banim/dat_data_banim_p67.c	8	71-77	.rodata.dat_data_banim_p67	AnimSprite_EfxFireOBJ_R_9	"{""short"": 2}"	0	0	12	0	0	structured scalar/pointer data	EXTRACT typed C or fix false pointer after source/consumer/FE8U audit
DATA_TABLE	medium	src/data/banim/dat_data_banim_p67.c	9	78-84	.rodata.dat_data_banim_p67	AnimSprite_EfxFireOBJ_R_10	"{""short"": 2}"	0	0	12	0	0	structured scalar/pointer data	EXTRACT typed C or fix false pointer after source/consumer/FE8U audit
GRAPHICS	medium	src/data/banim/dat_data_banim_p67.c	10	85-96	.rodata.dat_data_banim_p67	AnimSprite_EfxFireOBJ_R_11	"{""short"": 7}"	0	0	42	0	0	graphics-like naming or embedded incbin/byte runs	EXTRACT graphics source where format is clear
GRAPHICS	medium	src/data/banim/dat_data_banim_p67.c	11	98-109	.rodata.dat_data_banim_p67	AnimSprite_EfxFireOBJ_R_13	"{""short"": 7}"	0	0	42	0	0	graphics-like naming or embedded incbin/byte runs	EXTRACT graphics source where format is clear
GRAPHICS	medium	src/data/banim/dat_data_banim_p67.c	12	110-120	.rodata.dat_data_banim_p67	AnimSprite_EfxFireOBJ_R_14	"{""short"": 6}"	0	0	36	0	0	graphics-like naming or embedded incbin/byte runs	EXTRACT graphics source where format is clear
GRAPHICS	medium	src/data/banim/dat_data_banim_p71.c	1	9-16	.rodata.dat_data_banim_p71	AnimSprite_EfxElfireOBJ_1	"{""short"": 3}"	0	0	18	0	0	graphics-like naming or embedded incbin/byte runs	EXTRACT graphics source where format is clear
GRAPHICS	medium	src/data/banim/dat_data_banim_p71.c	2	17-26	.rodata.dat_data_banim_p71	AnimSprite_EfxElfireOBJ_2	"{""short"": 5}"	0	0	30	0	0	graphics-like naming or embedded incbin/byte runs	EXTRACT graphics source where format is clear
GRAPHICS	medium	src/data/banim/dat_data_banim_p71.c	3	27-38	.rodata.dat_data_banim_p71	AnimSprite_EfxElfireOBJ_3	"{""short"": 7}"	0	0	42	0	0	graphics-like naming or embedded incbin/byte runs	EXTRACT graphics source where format is clear
GRAPHICS	medium	src/data/banim/dat_data_banim_p71.c	4	39-52	.rodata.dat_data_banim_p71	AnimSprite_EfxElfireOBJ_4	"{""short"": 9}"	0	0	54	0	0	graphics-like naming or embedded incbin/byte runs	EXTRACT graphics source where format is clear
GRAPHICS	medium	src/data/banim/dat_data_banim_p71.c	5	53-68	.rodata.dat_data_banim_p71	AnimSprite_EfxElfireOBJ_5	"{""short"": 11}"	0	0	66	0	0	graphics-like naming or embedded incbin/byte runs	EXTRACT graphics source where format is clear
GRAPHICS	medium	src/data/banim/dat_data_banim_p71.c	6	69-84	.rodata.dat_data_banim_p71	AnimSprite_EfxElfireOBJ_6	"{""short"": 11}"	0	0	66	0	0	graphics-like naming or embedded incbin/byte runs	EXTRACT graphics source where format is clear
GRAPHICS	medium	src/data/banim/dat_data_banim_p71.c	7	85-100	.rodata.dat_data_banim_p71	AnimSprite_EfxElfireOBJ_7	"{""short"": 11}"	0	0	66	0	0	graphics-like naming or embedded incbin/byte runs	EXTRACT graphics source where format is clear
GRAPHICS	medium	src/data/banim/dat_data_banim_p71.c	8	101-116	.rodata.dat_data_banim_p71	AnimSprite_EfxElfireOBJ_8	"{""short"": 11}"	0	0	66	0	0	graphics-like naming or embedded incbin/byte runs	EXTRACT graphics source where format is clear
GRAPHICS	medium	src/data/banim/dat_data_banim_p71.c	9	117-132	.rodata.dat_data_banim_p71	AnimSprite_EfxElfireOBJ_9	"{""short"": 11}"	0	0	66	0	0	graphics-like naming or embedded incbin/byte runs	EXTRACT graphics source where format is clear
GRAPHICS	medium	src/data/banim/dat_data_banim_p71.c	10	133-148	.rodata.dat_data_banim_p71	AnimSprite_EfxElfireOBJ_10	"{""short"": 11}"	0	0	66	0	0	graphics-like naming or embedded incbin/byte runs	EXTRACT graphics source where format is clear
GRAPHICS	medium	src/data/banim/dat_data_banim_p71.c	11	149-164	.rodata.dat_data_banim_p71	AnimSprite_EfxElfireOBJ_11	"{""short"": 11}"	0	0	66	0	0	graphics-like naming or embedded incbin/byte runs	EXTRACT graphics source where format is clear
GRAPHICS	medium	src/data/banim/dat_data_banim_p71.c	12	165-180	.rodata.dat_data_banim_p71	AnimSprite_EfxElfireOBJ_12	"{""short"": 11}"	0	0	66	0	0	graphics-like naming or embedded incbin/byte runs	EXTRACT graphics source where format is clear
GRAPHICS	medium	src/data/banim/dat_data_banim_p71.c	13	181-196	.rodata.dat_data_banim_p71	AnimSprite_EfxElfireOBJ_13	"{""short"": 11}"	0	0	66	0	0	graphics-like naming or embedded incbin/byte runs	EXTRACT graphics source where format is clear
GRAPHICS	medium	src/data/banim/dat_data_banim_p71.c	14	197-210	.rodata.dat_data_banim_p71	AnimSprite_EfxElfireOBJ_14	"{""short"": 9}"	0	0	54	0	0	graphics-like naming or embedded incbin/byte runs	EXTRACT graphics source where format is clear
GRAPHICS	medium	src/data/banim/dat_data_banim_p71.c	15	211-222	.rodata.dat_data_banim_p71	AnimSprite_EfxElfireOBJ_15	"{""short"": 7}"	0	0	42	0	0	graphics-like naming or embedded incbin/byte runs	EXTRACT graphics source where format is clear
GRAPHICS	medium	src/data/banim/dat_data_banim_p71.c	16	223-232	.rodata.dat_data_banim_p71	AnimSprite_EfxElfireOBJ_16	"{""short"": 5}"	0	0	30	0	0	graphics-like naming or embedded incbin/byte runs	EXTRACT graphics source where format is clear
GRAPHICS	medium	src/data/banim/dat_data_banim_p71.c	17	233-240	.rodata.dat_data_banim_p71	AnimSprite_EfxElfireOBJ_17	"{""short"": 3}"	0	0	18	0	0	graphics-like naming or embedded incbin/byte runs	EXTRACT graphics source where format is clear
GRAPHICS	medium	src/data/banim/dat_data_banim_p80.c	1	21-35	.rodata.dat_data_banim_p80	AnimSprite_FimbulvetrOBJ_1	"{""short"": 10}"	0	0	60	0	0	graphics-like naming or embedded incbin/byte runs	EXTRACT graphics source where format is clear
GRAPHICS	medium	src/data/banim/dat_data_banim_p80.c	2	36-61	.rodata.dat_data_banim_p80	AnimSprite_FimbulvetrOBJ_2	"{""short"": 21}"	0	0	126	0	0	graphics-like naming or embedded incbin/byte runs	EXTRACT graphics source where format is clear
GRAPHICS	medium	src/data/banim/dat_data_banim_p80.c	3	62-89	.rodata.dat_data_banim_p80	AnimSprite_FimbulvetrOBJ_3	"{""short"": 23}"	0	0	138	0	0	graphics-like naming or embedded incbin/byte runs	EXTRACT graphics source where format is clear
GRAPHICS	medium	src/data/banim/dat_data_banim_p80.c	4	90-119	.rodata.dat_data_banim_p80	AnimSprite_FimbulvetrOBJ_4	"{""short"": 25}"	0	0	150	0	0	graphics-like naming or embedded incbin/byte runs	EXTRACT graphics source where format is clear
GRAPHICS	medium	src/data/banim/dat_data_banim_p80.c	5	120-149	.rodata.dat_data_banim_p80	AnimSprite_FimbulvetrOBJ_5	"{""short"": 25}"	0	0	150	0	0	graphics-like naming or embedded incbin/byte runs	EXTRACT graphics source where format is clear
GRAPHICS	medium	src/data/banim/dat_data_banim_p81.c	1	7-36	.rodata.dat_data_banim_p81	AnimSprite_FimbulvetrOBJ_7	"{""short"": 25}"	0	0	150	0	0	graphics-like naming or embedded incbin/byte runs	EXTRACT graphics source where format is clear
GRAPHICS	medium	src/data/banim/dat_data_banim_p81.c	2	37-66	.rodata.dat_data_banim_p81	AnimSprite_FimbulvetrOBJ_8	"{""short"": 25}"	0	0	150	0	0	graphics-like naming or embedded incbin/byte runs	EXTRACT graphics source where format is clear
GRAPHICS	medium	src/data/banim/dat_data_banim_p81.c	3	67-96	.rodata.dat_data_banim_p81	AnimSprite_FimbulvetrOBJ_9	"{""short"": 25}"	0	0	150	0	0	graphics-like naming or embedded incbin/byte runs	EXTRACT graphics source where format is clear
GRAPHICS	medium	src/data/banim/dat_data_banim_p81.c	4	97-126	.rodata.dat_data_banim_p81	AnimSprite_FimbulvetrOBJ_10	"{""short"": 25}"	0	0	150	0	0	graphics-like naming or embedded incbin/byte runs	EXTRACT graphics source where format is clear
GRAPHICS	medium	src/data/banim/dat_data_banim_p81.c	5	128-157	.rodata.dat_data_banim_p81	AnimSprite_FimbulvetrOBJ_12	"{""short"": 25}"	0	0	150	0	0	graphics-like naming or embedded incbin/byte runs	EXTRACT graphics source where format is clear
GRAPHICS	medium	src/data/banim/dat_data_banim_p81.c	6	158-187	.rodata.dat_data_banim_p81	AnimSprite_FimbulvetrOBJ_13	"{""short"": 25}"	0	0	150	0	0	graphics-like naming or embedded incbin/byte runs	EXTRACT graphics source where format is clear
GRAPHICS	medium	src/data/banim/dat_data_banim_p81.c	7	189-218	.rodata.dat_data_banim_p81	AnimSprite_FimbulvetrOBJ_15	"{""short"": 25}"	0	0	150	0	0	graphics-like naming or embedded incbin/byte runs	EXTRACT graphics source where format is clear
GRAPHICS	medium	src/data/banim/dat_data_banim_p81.c	8	219-248	.rodata.dat_data_banim_p81	AnimSprite_FimbulvetrOBJ_16	"{""short"": 25}"	0	0	150	0	0	graphics-like naming or embedded incbin/byte runs	EXTRACT graphics source where format is clear
GRAPHICS	medium	src/data/banim/dat_data_banim_p81.c	9	249-278	.rodata.dat_data_banim_p81	AnimSprite_FimbulvetrOBJ_17	"{""short"": 25}"	0	0	150	0	0	graphics-like naming or embedded incbin/byte runs	EXTRACT graphics source where format is clear
GRAPHICS	medium	src/data/banim/dat_data_banim_p81.c	10	279-308	.rodata.dat_data_banim_p81	AnimSprite_FimbulvetrOBJ_18	"{""short"": 25}"	0	0	150	0	0	graphics-like naming or embedded incbin/byte runs	EXTRACT graphics source where format is clear
GRAPHICS	medium	src/data/banim/dat_data_banim_p81.c	11	309-338	.rodata.dat_data_banim_p81	AnimSprite_FimbulvetrOBJ_19	"{""short"": 25}"	0	0	150	0	0	graphics-like naming or embedded incbin/byte runs	EXTRACT graphics source where format is clear
GRAPHICS	medium	src/data/banim/dat_data_banim_p81.c	12	339-368	.rodata.dat_data_banim_p81	AnimSprite_FimbulvetrOBJ_20	"{""short"": 25}"	0	0	150	0	0	graphics-like naming or embedded incbin/byte runs	EXTRACT graphics source where format is clear
GRAPHICS	medium	src/data/banim/dat_data_banim_p82.c	1	10-39	.rodata.dat_data_banim_p82	AnimSprite_FimbulvetrOBJ_28	"{""short"": 25}"	0	0	150	0	0	graphics-like naming or embedded incbin/byte runs	EXTRACT graphics source where format is clear
GRAPHICS	medium	src/data/banim/dat_data_banim_p89.c	1	7-16	.rodata.dat_data_banim_p89	AnimSprite_EfxAlacaliburOBJ_Back_2	"{""short"": 5}"	0	0	30	0	0	graphics-like naming or embedded incbin/byte runs	EXTRACT graphics source where format is clear
GRAPHICS	medium	src/data/banim/dat_data_banim_p89.c	2	17-28	.rodata.dat_data_banim_p89	AnimSprite_EfxAlacaliburOBJ_Back_3	"{""short"": 7}"	0	0	42	0	0	graphics-like naming or embedded incbin/byte runs	EXTRACT graphics source where format is clear
GRAPHICS	medium	src/data/banim/dat_data_banim_p89.c	3	29-40	.rodata.dat_data_banim_p89	AnimSprite_EfxAlacaliburOBJ_Back_4	"{""short"": 7}"	0	0	42	0	0	graphics-like naming or embedded incbin/byte runs	EXTRACT graphics source where format is clear
GRAPHICS	medium	src/data/banim/dat_data_banim_p89.c	4	41-52	.rodata.dat_data_banim_p89	AnimSprite_EfxAlacaliburOBJ_Back_5	"{""short"": 7}"	0	0	42	0	0	graphics-like naming or embedded incbin/byte runs	EXTRACT graphics source where format is clear
GRAPHICS	medium	src/data/banim/dat_data_banim_p89.c	5	53-66	.rodata.dat_data_banim_p89	AnimSprite_EfxAlacaliburOBJ_Back_6	"{""short"": 9}"	0	0	54	0	0	graphics-like naming or embedded incbin/byte runs	EXTRACT graphics source where format is clear
GRAPHICS	medium	src/data/banim/dat_data_banim_p89.c	6	69-80	.rodata.dat_data_banim_p89	AnimSprite_EfxAlacaliburOBJ_Back_9	"{""short"": 7}"	0	0	42	0	0	graphics-like naming or embedded incbin/byte runs	EXTRACT graphics source where format is clear
GRAPHICS	medium	src/data/banim/dat_data_banim_p89.c	7	82-97	.rodata.dat_data_banim_p89	AnimSprite_EfxAlacaliburOBJ_Back_11	"{""short"": 11}"	0	0	66	0	0	graphics-like naming or embedded incbin/byte runs	EXTRACT graphics source where format is clear
GRAPHICS	medium	src/data/banim/dat_data_banim_p89.c	8	102-121	.rodata.dat_data_banim_p89	AnimSprite_EfxAlacaliburOBJ_Back_16	"{""short"": 15}"	0	0	90	0	0	graphics-like naming or embedded incbin/byte runs	EXTRACT graphics source where format is clear
GRAPHICS	medium	src/data/banim/dat_data_banim_p89.c	9	123-140	.rodata.dat_data_banim_p89	AnimSprite_EfxAlacaliburOBJ_Back_18	"{""short"": 13}"	0	0	78	0	0	graphics-like naming or embedded incbin/byte runs	EXTRACT graphics source where format is clear
GRAPHICS	medium	src/data/banim/dat_data_banim_p89.c	10	141-159	.rodata.dat_data_banim_p89	AnimSprite_EfxAlacaliburOBJ_Back_19	"{""short"": 14}"	0	0	84	0	0	graphics-like naming or embedded incbin/byte runs	EXTRACT graphics source where format is clear
GRAPHICS	medium	src/data/banim/dat_data_banim_p89.c	11	160-173	.rodata.dat_data_banim_p89	AnimSprite_EfxAlacaliburOBJ_Back_20	"{""short"": 9}"	0	0	54	0	0	graphics-like naming or embedded incbin/byte runs	EXTRACT graphics source where format is clear
GRAPHICS	medium	src/data/banim/dat_data_banim_p89.c	12	174-187	.rodata.dat_data_banim_p89	AnimSprite_EfxAlacaliburOBJ_Back_21	"{""short"": 9}"	0	0	54	0	0	graphics-like naming or embedded incbin/byte runs	EXTRACT graphics source where format is clear
GRAPHICS	medium	src/data/banim/dat_data_banim_p89.c	13	188-197	.rodata.dat_data_banim_p89	AnimSprite_EfxAlacaliburOBJ_Back_22	"{""short"": 5}"	0	0	30	0	0	graphics-like naming or embedded incbin/byte runs	EXTRACT graphics source where format is clear
GRAPHICS	medium	src/data/banim/dat_data_banim_p89.c	14	198-209	.rodata.dat_data_banim_p89	AnimSprite_EfxAlacaliburOBJ_Back_23	"{""short"": 7}"	0	0	42	0	0	graphics-like naming or embedded incbin/byte runs	EXTRACT graphics source where format is clear
GRAPHICS	medium	src/data/banim/dat_data_banim_p89.c	15	210-219	.rodata.dat_data_banim_p89	AnimSprite_EfxAlacaliburOBJ_Back_24	"{""short"": 5}"	0	0	30	0	0	graphics-like naming or embedded incbin/byte runs	EXTRACT graphics source where format is clear
DATA_TABLE	medium	src/data/banim/dat_data_banim_p89.c	16	220-226	.rodata.dat_data_banim_p89	AnimSprite_EfxAlacaliburOBJ_Back_25	"{""short"": 2}"	0	0	12	0	0	structured scalar/pointer data	EXTRACT typed C or fix false pointer after source/consumer/FE8U audit
GRAPHICS	medium	src/data/banim/dat_data_banim_p89.c	17	227-234	.rodata.dat_data_banim_p89	AnimSprite_EfxAlacaliburOBJ_Back_26	"{""short"": 3}"	0	0	18	0	0	graphics-like naming or embedded incbin/byte runs	EXTRACT graphics source where format is clear
GRAPHICS	medium	src/data/banim/dat_data_banim_p89.c	18	235-242	.rodata.dat_data_banim_p89	AnimSprite_EfxAlacaliburOBJ_Back_27	"{""short"": 3}"	0	0	18	0	0	graphics-like naming or embedded incbin/byte runs	EXTRACT graphics source where format is clear
GRAPHICS	medium	src/data/banim/dat_data_banim_p89.c	19	243-250	.rodata.dat_data_banim_p89	AnimSprite_EfxAlacaliburOBJ_Back_28	"{""short"": 3}"	0	0	18	0	0	graphics-like naming or embedded incbin/byte runs	EXTRACT graphics source where format is clear
GRAPHICS	medium	src/data/banim/dat_data_banim_p89.c	20	251-258	.rodata.dat_data_banim_p89	AnimSprite_EfxAlacaliburOBJ_Back_29	"{""short"": 3}"	0	0	18	0	0	graphics-like naming or embedded incbin/byte runs	EXTRACT graphics source where format is clear
GRAPHICS	medium	src/data/banim/dat_data_banim_p89.c	21	259-266	.rodata.dat_data_banim_p89	AnimSprite_EfxAlacaliburOBJ_Back_30	"{""short"": 3}"	0	0	18	0	0	graphics-like naming or embedded incbin/byte runs	EXTRACT graphics source where format is clear
GRAPHICS	medium	src/data/banim/dat_data_banim_p89.c	22	267-274	.rodata.dat_data_banim_p89	AnimSprite_EfxAlacaliburOBJ_Back_31	"{""short"": 3}"	0	0	18	0	0	graphics-like naming or embedded incbin/byte runs	EXTRACT graphics source where format is clear
GRAPHICS	medium	src/data/banim/dat_data_banim_p89.c	23	275-282	.rodata.dat_data_banim_p89	AnimSprite_EfxAlacaliburOBJ_Back_32	"{""short"": 3}"	0	0	18	0	0	graphics-like naming or embedded incbin/byte runs	EXTRACT graphics source where format is clear
GRAPHICS	medium	src/data/banim/dat_data_banim_p89.c	24	283-290	.rodata.dat_data_banim_p89	AnimSprite_EfxAlacaliburOBJ_Back_33	"{""short"": 3}"	0	0	18	0	0	graphics-like naming or embedded incbin/byte runs	EXTRACT graphics source where format is clear
GRAPHICS	medium	src/data/banim/dat_data_banim_p89.c	25	291-298	.rodata.dat_data_banim_p89	AnimSprite_EfxAlacaliburOBJ_Back_34	"{""short"": 3}"	0	0	18	0	0	graphics-like naming or embedded incbin/byte runs	EXTRACT graphics source where format is clear
GRAPHICS	medium	src/data/banim/dat_data_banim_p89.c	26	299-306	.rodata.dat_data_banim_p89	AnimSprite_EfxAlacaliburOBJ_Back_35	"{""short"": 3}"	0	0	18	0	0	graphics-like naming or embedded incbin/byte runs	EXTRACT graphics source where format is clear
GRAPHICS	medium	src/data/banim/dat_data_banim_p89.c	27	307-314	.rodata.dat_data_banim_p89	AnimSprite_EfxAlacaliburOBJ_Back_36	"{""short"": 3}"	0	0	18	0	0	graphics-like naming or embedded incbin/byte runs	EXTRACT graphics source where format is clear
GRAPHICS	medium	src/data/banim/dat_data_banim_p89.c	28	315-322	.rodata.dat_data_banim_p89	AnimSprite_EfxAlacaliburOBJ_Back_37	"{""short"": 3}"	0	0	18	0	0	graphics-like naming or embedded incbin/byte runs	EXTRACT graphics source where format is clear
GRAPHICS	medium	src/data/banim/dat_data_banim_p89.c	29	323-330	.rodata.dat_data_banim_p89	AnimSprite_EfxAlacaliburOBJ_Back_38	"{""short"": 3}"	0	0	18	0	0	graphics-like naming or embedded incbin/byte runs	EXTRACT graphics source where format is clear
GRAPHICS	medium	src/data/banim/dat_data_banim_p89.c	30	331-338	.rodata.dat_data_banim_p89	AnimSprite_EfxAlacaliburOBJ_Back_39	"{""short"": 3}"	0	0	18	0	0	graphics-like naming or embedded incbin/byte runs	EXTRACT graphics source where format is clear
GRAPHICS	medium	src/data/banim/dat_data_banim_p89.c	31	339-346	.rodata.dat_data_banim_p89	AnimSprite_EfxAlacaliburOBJ_Back_40	"{""short"": 3}"	0	0	18	0	0	graphics-like naming or embedded incbin/byte runs	EXTRACT graphics source where format is clear
GRAPHICS	medium	src/data/banim/dat_data_banim_p90.c	1	7-14	.rodata.dat_data_banim_p90	AnimSprite_EfxAlacaliburOBJ_Back_42	"{""short"": 3}"	0	0	18	0	0	graphics-like naming or embedded incbin/byte runs	EXTRACT graphics source where format is clear
DATA_TABLE	medium	src/data/banim/dat_data_banim_p90.c	2	15-21	.rodata.dat_data_banim_p90	AnimSprite_EfxAlacaliburOBJ_Back_43	"{""short"": 2}"	0	0	12	0	0	structured scalar/pointer data	EXTRACT typed C or fix false pointer after source/consumer/FE8U audit
GRAPHICS	medium	src/data/banim/dat_data_banim_p90.c	3	22-29	.rodata.dat_data_banim_p90	AnimSprite_EfxAlacaliburOBJ_Back_44	"{""short"": 3}"	0	0	18	0	0	graphics-like naming or embedded incbin/byte runs	EXTRACT graphics source where format is clear
GRAPHICS	medium	src/data/banim/dat_data_banim_p90.c	4	30-37	.rodata.dat_data_banim_p90	AnimSprite_EfxAlacaliburOBJ_Back_45	"{""short"": 3}"	0	0	18	0	0	graphics-like naming or embedded incbin/byte runs	EXTRACT graphics source where format is clear
GRAPHICS	medium	src/data/banim/dat_data_banim_p90.c	5	38-47	.rodata.dat_data_banim_p90	AnimSprite_EfxAlacaliburOBJ_Back_46	"{""short"": 5}"	0	0	30	0	0	graphics-like naming or embedded incbin/byte runs	EXTRACT graphics source where format is clear
GRAPHICS	medium	src/data/banim/dat_data_banim_p90.c	6	48-59	.rodata.dat_data_banim_p90	AnimSprite_EfxAlacaliburOBJ_Back_47	"{""short"": 7}"	0	0	42	0	0	graphics-like naming or embedded incbin/byte runs	EXTRACT graphics source where format is clear
GRAPHICS	medium	src/data/banim/dat_data_banim_p90.c	7	60-71	.rodata.dat_data_banim_p90	AnimSprite_EfxAlacaliburOBJ_Back_48	"{""short"": 7}"	0	0	42	0	0	graphics-like naming or embedded incbin/byte runs	EXTRACT graphics source where format is clear
GRAPHICS	medium	src/data/banim/dat_data_banim_p90.c	8	72-83	.rodata.dat_data_banim_p90	AnimSprite_EfxAlacaliburOBJ_Back_49	"{""short"": 7}"	0	0	42	0	0	graphics-like naming or embedded incbin/byte runs	EXTRACT graphics source where format is clear
GRAPHICS	medium	src/data/banim/dat_data_banim_p90.c	9	84-97	.rodata.dat_data_banim_p90	AnimSprite_EfxAlacaliburOBJ_Back_50	"{""short"": 9}"	0	0	54	0	0	graphics-like naming or embedded incbin/byte runs	EXTRACT graphics source where format is clear
GRAPHICS	medium	src/data/banim/dat_data_banim_p90.c	10	100-111	.rodata.dat_data_banim_p90	AnimSprite_EfxAlacaliburOBJ_Back_53	"{""short"": 7}"	0	0	42	0	0	graphics-like naming or embedded incbin/byte runs	EXTRACT graphics source where format is clear
GRAPHICS	medium	src/data/banim/dat_data_banim_p90.c	11	113-128	.rodata.dat_data_banim_p90	AnimSprite_EfxAlacaliburOBJ_Back_55	"{""short"": 11}"	0	0	66	0	0	graphics-like naming or embedded incbin/byte runs	EXTRACT graphics source where format is clear
GRAPHICS	medium	src/data/banim/dat_data_banim_p90.c	12	133-150	.rodata.dat_data_banim_p90	AnimSprite_EfxAlacaliburOBJ_Back_60	"{""short"": 13}"	0	0	78	0	0	graphics-like naming or embedded incbin/byte runs	EXTRACT graphics source where format is clear
GRAPHICS	medium	src/data/banim/dat_data_banim_p90.c	13	152-169	.rodata.dat_data_banim_p90	AnimSprite_EfxAlacaliburOBJ_Back_62	"{""short"": 13}"	0	0	78	0	0	graphics-like naming or embedded incbin/byte runs	EXTRACT graphics source where format is clear
GRAPHICS	medium	src/data/banim/dat_data_banim_p90.c	14	170-188	.rodata.dat_data_banim_p90	AnimSprite_EfxAlacaliburOBJ_Back_63	"{""short"": 14}"	0	0	84	0	0	graphics-like naming or embedded incbin/byte runs	EXTRACT graphics source where format is clear
GRAPHICS	medium	src/data/banim/dat_data_banim_p90.c	15	189-202	.rodata.dat_data_banim_p90	AnimSprite_EfxAlacaliburOBJ_Back_64	"{""short"": 9}"	0	0	54	0	0	graphics-like naming or embedded incbin/byte runs	EXTRACT graphics source where format is clear
GRAPHICS	medium	src/data/banim/dat_data_banim_p90.c	16	203-216	.rodata.dat_data_banim_p90	AnimSprite_EfxAlacaliburOBJ_Back_65	"{""short"": 9}"	0	0	54	0	0	graphics-like naming or embedded incbin/byte runs	EXTRACT graphics source where format is clear
GRAPHICS	medium	src/data/banim/dat_data_banim_p90.c	17	217-226	.rodata.dat_data_banim_p90	AnimSprite_EfxAlacaliburOBJ_Back_66	"{""short"": 5}"	0	0	30	0	0	graphics-like naming or embedded incbin/byte runs	EXTRACT graphics source where format is clear
GRAPHICS	medium	src/data/banim/dat_data_banim_p90.c	18	227-238	.rodata.dat_data_banim_p90	AnimSprite_EfxAlacaliburOBJ_Back_67	"{""short"": 7}"	0	0	42	0	0	graphics-like naming or embedded incbin/byte runs	EXTRACT graphics source where format is clear
GRAPHICS	medium	src/data/banim/dat_data_banim_p90.c	19	239-248	.rodata.dat_data_banim_p90	AnimSprite_EfxAlacaliburOBJ_Back_68	"{""short"": 5}"	0	0	30	0	0	graphics-like naming or embedded incbin/byte runs	EXTRACT graphics source where format is clear
GRAPHICS	medium	src/data/banim/dat_data_banim_p90.c	20	249-256	.rodata.dat_data_banim_p90	AnimSprite_EfxAlacaliburOBJ_Back_69	"{""short"": 3}"	0	0	18	0	0	graphics-like naming or embedded incbin/byte runs	EXTRACT graphics source where format is clear
GRAPHICS	medium	src/data/banim/dat_data_banim_p90.c	21	257-270	.rodata.dat_data_banim_p90	AnimSprite_EfxAlacaliburOBJ_Back_70	"{""short"": 9}"	0	0	54	0	0	graphics-like naming or embedded incbin/byte runs	EXTRACT graphics source where format is clear
DATA_TABLE	medium	src/data/banim/dat_data_banim_p90.c	22	271-277	.rodata.dat_data_banim_p90	AnimSprite_EfxAlacaliburOBJ_Back_71	"{""short"": 2}"	0	0	12	0	0	structured scalar/pointer data	EXTRACT typed C or fix false pointer after source/consumer/FE8U audit
DATA_TABLE	medium	src/data/banim/dat_data_banim_p90.c	23	278-284	.rodata.dat_data_banim_p90	AnimSprite_EfxAlacaliburOBJ_Back_72	"{""short"": 2}"	0	0	12	0	0	structured scalar/pointer data	EXTRACT typed C or fix false pointer after source/consumer/FE8U audit
GRAPHICS	medium	src/data/banim/dat_data_banim_p91.c	1	7-16	.rodata.dat_data_banim_p91	AnimSprite_EfxAlacaliburOBJ_Front_2	"{""short"": 5}"	0	0	30	0	0	graphics-like naming or embedded incbin/byte runs	EXTRACT graphics source where format is clear
GRAPHICS	medium	src/data/banim/dat_data_banim_p91.c	2	17-28	.rodata.dat_data_banim_p91	AnimSprite_EfxAlacaliburOBJ_Front_3	"{""short"": 7}"	0	0	42	0	0	graphics-like naming or embedded incbin/byte runs	EXTRACT graphics source where format is clear
GRAPHICS	medium	src/data/banim/dat_data_banim_p91.c	3	29-40	.rodata.dat_data_banim_p91	AnimSprite_EfxAlacaliburOBJ_Front_4	"{""short"": 7}"	0	0	42	0	0	graphics-like naming or embedded incbin/byte runs	EXTRACT graphics source where format is clear
GRAPHICS	medium	src/data/banim/dat_data_banim_p91.c	4	41-52	.rodata.dat_data_banim_p91	AnimSprite_EfxAlacaliburOBJ_Front_5	"{""short"": 7}"	0	0	42	0	0	graphics-like naming or embedded incbin/byte runs	EXTRACT graphics source where format is clear
GRAPHICS	medium	src/data/banim/dat_data_banim_p91.c	5	53-66	.rodata.dat_data_banim_p91	AnimSprite_EfxAlacaliburOBJ_Front_6	"{""short"": 9}"	0	0	54	0	0	graphics-like naming or embedded incbin/byte runs	EXTRACT graphics source where format is clear
GRAPHICS	medium	src/data/banim/dat_data_banim_p91.c	6	69-80	.rodata.dat_data_banim_p91	AnimSprite_EfxAlacaliburOBJ_Front_9	"{""short"": 7}"	0	0	42	0	0	graphics-like naming or embedded incbin/byte runs	EXTRACT graphics source where format is clear
GRAPHICS	medium	src/data/banim/dat_data_banim_p91.c	7	82-97	.rodata.dat_data_banim_p91	AnimSprite_EfxAlacaliburOBJ_Front_11	"{""short"": 11}"	0	0	66	0	0	graphics-like naming or embedded incbin/byte runs	EXTRACT graphics source where format is clear
GRAPHICS	medium	src/data/banim/dat_data_banim_p91.c	8	102-121	.rodata.dat_data_banim_p91	AnimSprite_EfxAlacaliburOBJ_Front_16	"{""short"": 15}"	0	0	90	0	0	graphics-like naming or embedded incbin/byte runs	EXTRACT graphics source where format is clear
GRAPHICS	medium	src/data/banim/dat_data_banim_p91.c	9	123-140	.rodata.dat_data_banim_p91	AnimSprite_EfxAlacaliburOBJ_Front_18	"{""short"": 13}"	0	0	78	0	0	graphics-like naming or embedded incbin/byte runs	EXTRACT graphics source where format is clear
GRAPHICS	medium	src/data/banim/dat_data_banim_p91.c	10	141-159	.rodata.dat_data_banim_p91	AnimSprite_EfxAlacaliburOBJ_Front_19	"{""short"": 14}"	0	0	84	0	0	graphics-like naming or embedded incbin/byte runs	EXTRACT graphics source where format is clear
GRAPHICS	medium	src/data/banim/dat_data_banim_p91.c	11	160-173	.rodata.dat_data_banim_p91	AnimSprite_EfxAlacaliburOBJ_Front_20	"{""short"": 9}"	0	0	54	0	0	graphics-like naming or embedded incbin/byte runs	EXTRACT graphics source where format is clear
GRAPHICS	medium	src/data/banim/dat_data_banim_p91.c	12	174-187	.rodata.dat_data_banim_p91	AnimSprite_EfxAlacaliburOBJ_Front_21	"{""short"": 9}"	0	0	54	0	0	graphics-like naming or embedded incbin/byte runs	EXTRACT graphics source where format is clear
GRAPHICS	medium	src/data/banim/dat_data_banim_p91.c	13	188-197	.rodata.dat_data_banim_p91	AnimSprite_EfxAlacaliburOBJ_Front_22	"{""short"": 5}"	0	0	30	0	0	graphics-like naming or embedded incbin/byte runs	EXTRACT graphics source where format is clear
GRAPHICS	medium	src/data/banim/dat_data_banim_p91.c	14	198-209	.rodata.dat_data_banim_p91	AnimSprite_EfxAlacaliburOBJ_Front_23	"{""short"": 7}"	0	0	42	0	0	graphics-like naming or embedded incbin/byte runs	EXTRACT graphics source where format is clear
GRAPHICS	medium	src/data/banim/dat_data_banim_p91.c	15	210-219	.rodata.dat_data_banim_p91	AnimSprite_EfxAlacaliburOBJ_Front_24	"{""short"": 5}"	0	0	30	0	0	graphics-like naming or embedded incbin/byte runs	EXTRACT graphics source where format is clear
DATA_TABLE	medium	src/data/banim/dat_data_banim_p91.c	16	220-226	.rodata.dat_data_banim_p91	AnimSprite_EfxAlacaliburOBJ_Front_25	"{""short"": 2}"	0	0	12	0	0	structured scalar/pointer data	EXTRACT typed C or fix false pointer after source/consumer/FE8U audit
GRAPHICS	medium	src/data/banim/dat_data_banim_p91.c	17	227-234	.rodata.dat_data_banim_p91	AnimSprite_EfxAlacaliburOBJ_Front_26	"{""short"": 3}"	0	0	18	0	0	graphics-like naming or embedded incbin/byte runs	EXTRACT graphics source where format is clear
GRAPHICS	medium	src/data/banim/dat_data_banim_p91.c	18	235-242	.rodata.dat_data_banim_p91	AnimSprite_EfxAlacaliburOBJ_Front_27	"{""short"": 3}"	0	0	18	0	0	graphics-like naming or embedded incbin/byte runs	EXTRACT graphics source where format is clear
GRAPHICS	medium	src/data/banim/dat_data_banim_p91.c	19	243-250	.rodata.dat_data_banim_p91	AnimSprite_EfxAlacaliburOBJ_Front_28	"{""short"": 3}"	0	0	18	0	0	graphics-like naming or embedded incbin/byte runs	EXTRACT graphics source where format is clear
GRAPHICS	medium	src/data/banim/dat_data_banim_p91.c	20	251-258	.rodata.dat_data_banim_p91	AnimSprite_EfxAlacaliburOBJ_Front_29	"{""short"": 3}"	0	0	18	0	0	graphics-like naming or embedded incbin/byte runs	EXTRACT graphics source where format is clear
GRAPHICS	medium	src/data/banim/dat_data_banim_p91.c	21	259-266	.rodata.dat_data_banim_p91	AnimSprite_EfxAlacaliburOBJ_Front_30	"{""short"": 3}"	0	0	18	0	0	graphics-like naming or embedded incbin/byte runs	EXTRACT graphics source where format is clear
GRAPHICS	medium	src/data/banim/dat_data_banim_p91.c	22	267-274	.rodata.dat_data_banim_p91	AnimSprite_EfxAlacaliburOBJ_Front_31	"{""short"": 3}"	0	0	18	0	0	graphics-like naming or embedded incbin/byte runs	EXTRACT graphics source where format is clear
GRAPHICS	medium	src/data/banim/dat_data_banim_p91.c	23	275-282	.rodata.dat_data_banim_p91	AnimSprite_EfxAlacaliburOBJ_Front_32	"{""short"": 3}"	0	0	18	0	0	graphics-like naming or embedded incbin/byte runs	EXTRACT graphics source where format is clear
GRAPHICS	medium	src/data/banim/dat_data_banim_p91.c	24	283-290	.rodata.dat_data_banim_p91	AnimSprite_EfxAlacaliburOBJ_Front_33	"{""short"": 3}"	0	0	18	0	0	graphics-like naming or embedded incbin/byte runs	EXTRACT graphics source where format is clear
GRAPHICS	medium	src/data/banim/dat_data_banim_p91.c	25	291-298	.rodata.dat_data_banim_p91	AnimSprite_EfxAlacaliburOBJ_Front_34	"{""short"": 3}"	0	0	18	0	0	graphics-like naming or embedded incbin/byte runs	EXTRACT graphics source where format is clear
GRAPHICS	medium	src/data/banim/dat_data_banim_p91.c	26	299-306	.rodata.dat_data_banim_p91	AnimSprite_EfxAlacaliburOBJ_Front_35	"{""short"": 3}"	0	0	18	0	0	graphics-like naming or embedded incbin/byte runs	EXTRACT graphics source where format is clear
GRAPHICS	medium	src/data/banim/dat_data_banim_p91.c	27	307-314	.rodata.dat_data_banim_p91	AnimSprite_EfxAlacaliburOBJ_Front_36	"{""short"": 3}"	0	0	18	0	0	graphics-like naming or embedded incbin/byte runs	EXTRACT graphics source where format is clear
GRAPHICS	medium	src/data/banim/dat_data_banim_p91.c	28	315-322	.rodata.dat_data_banim_p91	AnimSprite_EfxAlacaliburOBJ_Front_37	"{""short"": 3}"	0	0	18	0	0	graphics-like naming or embedded incbin/byte runs	EXTRACT graphics source where format is clear
GRAPHICS	medium	src/data/banim/dat_data_banim_p91.c	29	323-330	.rodata.dat_data_banim_p91	AnimSprite_EfxAlacaliburOBJ_Front_38	"{""short"": 3}"	0	0	18	0	0	graphics-like naming or embedded incbin/byte runs	EXTRACT graphics source where format is clear
GRAPHICS	medium	src/data/banim/dat_data_banim_p91.c	30	331-338	.rodata.dat_data_banim_p91	AnimSprite_EfxAlacaliburOBJ_Front_39	"{""short"": 3}"	0	0	18	0	0	graphics-like naming or embedded incbin/byte runs	EXTRACT graphics source where format is clear
GRAPHICS	medium	src/data/banim/dat_data_banim_p91.c	31	339-346	.rodata.dat_data_banim_p91	AnimSprite_EfxAlacaliburOBJ_Front_40	"{""short"": 3}"	0	0	18	0	0	graphics-like naming or embedded incbin/byte runs	EXTRACT graphics source where format is clear
GRAPHICS	medium	src/data/banim/dat_data_banim_p92.c	1	7-14	.rodata.dat_data_banim_p92	AnimSprite_EfxAlacaliburOBJ_Front_42	"{""short"": 3}"	0	0	18	0	0	graphics-like naming or embedded incbin/byte runs	EXTRACT graphics source where format is clear
DATA_TABLE	medium	src/data/banim/dat_data_banim_p92.c	2	15-21	.rodata.dat_data_banim_p92	AnimSprite_EfxAlacaliburOBJ_Front_43	"{""short"": 2}"	0	0	12	0	0	structured scalar/pointer data	EXTRACT typed C or fix false pointer after source/consumer/FE8U audit
GRAPHICS	medium	src/data/banim/dat_data_banim_p92.c	3	22-29	.rodata.dat_data_banim_p92	AnimSprite_EfxAlacaliburOBJ_Front_44	"{""short"": 3}"	0	0	18	0	0	graphics-like naming or embedded incbin/byte runs	EXTRACT graphics source where format is clear
GRAPHICS	medium	src/data/banim/dat_data_banim_p92.c	4	30-37	.rodata.dat_data_banim_p92	AnimSprite_EfxAlacaliburOBJ_Front_45	"{""short"": 3}"	0	0	18	0	0	graphics-like naming or embedded incbin/byte runs	EXTRACT graphics source where format is clear
GRAPHICS	medium	src/data/banim/dat_data_banim_p92.c	5	38-47	.rodata.dat_data_banim_p92	AnimSprite_EfxAlacaliburOBJ_Front_46	"{""short"": 5}"	0	0	30	0	0	graphics-like naming or embedded incbin/byte runs	EXTRACT graphics source where format is clear
GRAPHICS	medium	src/data/banim/dat_data_banim_p92.c	6	48-59	.rodata.dat_data_banim_p92	AnimSprite_EfxAlacaliburOBJ_Front_47	"{""short"": 7}"	0	0	42	0	0	graphics-like naming or embedded incbin/byte runs	EXTRACT graphics source where format is clear
GRAPHICS	medium	src/data/banim/dat_data_banim_p92.c	7	60-71	.rodata.dat_data_banim_p92	AnimSprite_EfxAlacaliburOBJ_Front_48	"{""short"": 7}"	0	0	42	0	0	graphics-like naming or embedded incbin/byte runs	EXTRACT graphics source where format is clear
GRAPHICS	medium	src/data/banim/dat_data_banim_p92.c	8	72-83	.rodata.dat_data_banim_p92	AnimSprite_EfxAlacaliburOBJ_Front_49	"{""short"": 7}"	0	0	42	0	0	graphics-like naming or embedded incbin/byte runs	EXTRACT graphics source where format is clear
GRAPHICS	medium	src/data/banim/dat_data_banim_p92.c	9	84-97	.rodata.dat_data_banim_p92	AnimSprite_EfxAlacaliburOBJ_Front_50	"{""short"": 9}"	0	0	54	0	0	graphics-like naming or embedded incbin/byte runs	EXTRACT graphics source where format is clear
GRAPHICS	medium	src/data/banim/dat_data_banim_p92.c	10	100-111	.rodata.dat_data_banim_p92	AnimSprite_EfxAlacaliburOBJ_Front_53	"{""short"": 7}"	0	0	42	0	0	graphics-like naming or embedded incbin/byte runs	EXTRACT graphics source where format is clear
GRAPHICS	medium	src/data/banim/dat_data_banim_p92.c	11	113-128	.rodata.dat_data_banim_p92	AnimSprite_EfxAlacaliburOBJ_Front_55	"{""short"": 11}"	0	0	66	0	0	graphics-like naming or embedded incbin/byte runs	EXTRACT graphics source where format is clear
GRAPHICS	medium	src/data/banim/dat_data_banim_p92.c	12	133-150	.rodata.dat_data_banim_p92	AnimSprite_EfxAlacaliburOBJ_Front_60	"{""short"": 13}"	0	0	78	0	0	graphics-like naming or embedded incbin/byte runs	EXTRACT graphics source where format is clear
GRAPHICS	medium	src/data/banim/dat_data_banim_p92.c	13	152-169	.rodata.dat_data_banim_p92	AnimSprite_EfxAlacaliburOBJ_Front_62	"{""short"": 13}"	0	0	78	0	0	graphics-like naming or embedded incbin/byte runs	EXTRACT graphics source where format is clear
GRAPHICS	medium	src/data/banim/dat_data_banim_p92.c	14	170-188	.rodata.dat_data_banim_p92	AnimSprite_EfxAlacaliburOBJ_Front_63	"{""short"": 14}"	0	0	84	0	0	graphics-like naming or embedded incbin/byte runs	EXTRACT graphics source where format is clear
GRAPHICS	medium	src/data/banim/dat_data_banim_p92.c	15	189-202	.rodata.dat_data_banim_p92	AnimSprite_EfxAlacaliburOBJ_Front_64	"{""short"": 9}"	0	0	54	0	0	graphics-like naming or embedded incbin/byte runs	EXTRACT graphics source where format is clear
GRAPHICS	medium	src/data/banim/dat_data_banim_p92.c	16	203-216	.rodata.dat_data_banim_p92	AnimSprite_EfxAlacaliburOBJ_Front_65	"{""short"": 9}"	0	0	54	0	0	graphics-like naming or embedded incbin/byte runs	EXTRACT graphics source where format is clear
GRAPHICS	medium	src/data/banim/dat_data_banim_p92.c	17	217-226	.rodata.dat_data_banim_p92	AnimSprite_EfxAlacaliburOBJ_Front_66	"{""short"": 5}"	0	0	30	0	0	graphics-like naming or embedded incbin/byte runs	EXTRACT graphics source where format is clear
GRAPHICS	medium	src/data/banim/dat_data_banim_p92.c	18	227-238	.rodata.dat_data_banim_p92	AnimSprite_EfxAlacaliburOBJ_Front_67	"{""short"": 7}"	0	0	42	0	0	graphics-like naming or embedded incbin/byte runs	EXTRACT graphics source where format is clear
GRAPHICS	medium	src/data/banim/dat_data_banim_p92.c	19	239-248	.rodata.dat_data_banim_p92	AnimSprite_EfxAlacaliburOBJ_Front_68	"{""short"": 5}"	0	0	30	0	0	graphics-like naming or embedded incbin/byte runs	EXTRACT graphics source where format is clear
GRAPHICS	medium	src/data/banim/dat_data_banim_p92.c	20	249-256	.rodata.dat_data_banim_p92	AnimSprite_EfxAlacaliburOBJ_Front_69	"{""short"": 3}"	0	0	18	0	0	graphics-like naming or embedded incbin/byte runs	EXTRACT graphics source where format is clear
GRAPHICS	medium	src/data/banim/dat_data_banim_p92.c	21	257-270	.rodata.dat_data_banim_p92	AnimSprite_EfxAlacaliburOBJ_Front_70	"{""short"": 9}"	0	0	54	0	0	graphics-like naming or embedded incbin/byte runs	EXTRACT graphics source where format is clear
DATA_TABLE	medium	src/data/banim/dat_data_banim_p92.c	22	271-277	.rodata.dat_data_banim_p92	AnimSprite_EfxAlacaliburOBJ_Front_71	"{""short"": 2}"	0	0	12	0	0	structured scalar/pointer data	EXTRACT typed C or fix false pointer after source/consumer/FE8U audit
DATA_TABLE	medium	src/data/banim/dat_data_banim_p92.c	23	278-284	.rodata.dat_data_banim_p92	AnimSprite_EfxAlacaliburOBJ_Front_72	"{""short"": 2}"	0	0	12	0	0	structured scalar/pointer data	EXTRACT typed C or fix false pointer after source/consumer/FE8U audit
GRAPHICS	medium	src/data/banim_ekrtriangle/dat_banim_ekrtriangle_0.c	1	7-29	.rodata.dat_banim_ekrtriangle_0	AnimSprite_Tri_0	"{""short"": 18}"	0	0	108	0	0	graphics-like naming or embedded incbin/byte runs	EXTRACT graphics source where format is clear
GRAPHICS	medium	src/data/banim_ekrtriangle/dat_banim_ekrtriangle_0.c	2	34-56	.rodata.dat_banim_ekrtriangle_0	AnimSprite_Tri_5	"{""short"": 18}"	0	0	108	0	0	graphics-like naming or embedded incbin/byte runs	EXTRACT graphics source where format is clear
GRAPHICS	medium	src/data/banim_ekrtriangle/dat_banim_ekrtriangle_1.c	1	10-32	.rodata.dat_banim_ekrtriangle_1	AnimSprite_Tri_9	"{""short"": 18}"	0	0	108	0	0	graphics-like naming or embedded incbin/byte runs	EXTRACT graphics source where format is clear
DATA_TABLE	medium	src/data/data/data_08595474.c	1	11-21	.data.residue.08595474	data_08595474	"{""4byte"": 3, ""incbin"": 3}"	0	3	0	0	3	structured scalar/pointer data	EXTRACT typed C or fix false pointer after source/consumer/FE8U audit
DATA_TABLE	medium	src/data/data/data_08595594.c	1	11-21	.data.residue.08595594	data_08595594	"{""4byte"": 3, ""incbin"": 3}"	0	3	0	0	3	structured scalar/pointer data	EXTRACT typed C or fix false pointer after source/consumer/FE8U audit
DATA_TABLE	medium	src/data/data/data_08595864.c	1	11-19	.data.residue.08595864	data_08595864	"{""4byte"": 2, ""incbin"": 2}"	0	2	0	0	2	structured scalar/pointer data	EXTRACT typed C or fix false pointer after source/consumer/FE8U audit
DATA_TABLE	medium	src/data/data_080DC684/data_080DC684.c	1	13-88	.data.residue.080DC684	data_080DC68C	"{""4byte"": 7, ""byte"": 64}"	0	7	0	64	0	structured scalar/pointer data; mixed symbolic words with raw data: audit false pointers	EXTRACT typed C or fix false pointer after source/consumer/FE8U audit
DATA_TABLE	medium	src/data/data_080DC684/data_080DC684.c	2	91-96	.data.residue.080DC684	Str_DebugPlaythroughCount	"{""byte"": 1}"	0	0	0	8	0	structured scalar/pointer data	EXTRACT typed C or fix false pointer after source/consumer/FE8U audit
DATA_TABLE	medium	src/data/data_080DC684/data_080DC684.c	3	98-103	.data.residue.080DC684	Str_DebugPlaythroughTh	"{""byte"": 1}"	0	0	0	8	0	structured scalar/pointer data	EXTRACT typed C or fix false pointer after source/consumer/FE8U audit
DATA_TABLE	medium	src/data/data_080DC684/data_080DC684.c	4	105-110	.data.residue.080DC684	data_080DC6F8	"{""byte"": 1}"	0	0	0	12	0	structured scalar/pointer data	EXTRACT typed C or fix false pointer after source/consumer/FE8U audit
DATA_TABLE	medium	src/data/data_080DC684/data_080DC684.c	5	112-117	.data.residue.080DC684	Str_DebugFogState	"{""byte"": 1}"	0	0	0	8	0	structured scalar/pointer data	EXTRACT typed C or fix false pointer after source/consumer/FE8U audit
DATA_TABLE	medium	src/data/data_080DC684/data_080DC684.c	6	119-362	.data.residue.080DC684	data_080DC70C	"{""4byte"": 7, ""byte"": 232}"	0	7	0	232	0	structured scalar/pointer data; mixed symbolic words with raw data: audit false pointers	EXTRACT typed C or fix false pointer after source/consumer/FE8U audit
DATA_TABLE	medium	src/data/data_085775C9/data_085775C9.c	1	8-23	.data.residue.085775C9	data_085775CC	"{""4byte"": 11}"	10	1	0	0	0	structured scalar/pointer data; mixed symbolic words with raw data: audit false pointers	EXTRACT typed C or fix false pointer after source/consumer/FE8U audit
DATA_TABLE	medium	src/data/data_0859137C/data_0859137C.c	1	11-17	.data.residue.0859137C	data_0859137C	"{""4byte"": 1, ""incbin"": 1}"	0	1	0	0	1	structured scalar/pointer data	EXTRACT typed C or fix false pointer after source/consumer/FE8U audit
DATA_TABLE	medium	src/data/data_0859497C/data_0859497C.c	1	11-19	.data.residue.0859497C	data_0859497C	"{""4byte"": 2, ""incbin"": 2}"	0	2	0	0	2	structured scalar/pointer data	EXTRACT typed C or fix false pointer after source/consumer/FE8U audit
DATA_TABLE	medium	src/data/data_08594A54/data_08594A54.c	1	11-19	.data.residue.08594A54	data_08594A54	"{""4byte"": 2, ""incbin"": 2}"	0	2	0	0	2	structured scalar/pointer data	EXTRACT typed C or fix false pointer after source/consumer/FE8U audit
DATA_TABLE	medium	src/data/data_08594E8C/data_08594E8C.c	1	11-21	.data.residue.08594E8C	data_08594E8C	"{""4byte"": 3, ""incbin"": 3}"	0	3	0	0	3	structured scalar/pointer data	EXTRACT typed C or fix false pointer after source/consumer/FE8U audit
DATA_TABLE	medium	src/data/data_0859527C/data_0859527C.c	1	11-25	.data.residue.0859527C	data_0859527C	"{""4byte"": 5, ""incbin"": 5}"	0	5	0	0	5	structured scalar/pointer data	EXTRACT typed C or fix false pointer after source/consumer/FE8U audit
DATA_TABLE	medium	src/data/data_085957D4/data_085957D4.c	1	11-17	.data.residue.085957D4	data_085957D4	"{""4byte"": 1, ""incbin"": 1}"	0	1	0	0	1	structured scalar/pointer data	EXTRACT typed C or fix false pointer after source/consumer/FE8U audit
DATA_TABLE	medium	src/data/data_0859848C/data_0859848C.c	1	11-17	.data.residue.0859848C	data_0859848C	"{""4byte"": 1, ""incbin"": 1}"	0	1	0	0	1	structured scalar/pointer data	EXTRACT typed C or fix false pointer after source/consumer/FE8U audit
DATA_TABLE	medium	src/data/data_085985AC/data_085985AC.c	1	11-19	.data.residue.085985AC	data_085985AC	"{""4byte"": 2, ""incbin"": 2}"	0	2	0	0	2	structured scalar/pointer data	EXTRACT typed C or fix false pointer after source/consumer/FE8U audit
DATA_TABLE	medium	src/data/data_085B8EEC/data_085B8EEC.c	1	42-50	.data.residue.085B8F5C	data_085B8F5C	"{""4byte"": 5}"	5	0	0	0	0	structured scalar/pointer data	EXTRACT typed C or fix false pointer after source/consumer/FE8U audit
DATA_TABLE	medium	src/data/data_085B8F80/data_085B8F80.c	1	45-56	.data.residue.085B8F80	data_085B8F80	"{""4byte"": 7}"	7	0	0	0	0	structured scalar/pointer data	EXTRACT typed C or fix false pointer after source/consumer/FE8U audit
PROC_SCRIPT	high	src/data/data_085B938C/data_085B938C.c	1	37-47	.data.residue.085B938C	data_085B938C	"{""4byte"": 6}"	4	2	0	0	0	valid ProcCmd opcode pairs ending in PROC_END	EXTRACT typed struct ProcCmd
PROC_SCRIPT	high	src/data/data_085B938C/data_085B938C.c	2	50-59	.data.residue.085B93BC	data_085B93BC	"{""4byte"": 6}"	4	2	0	0	0	valid ProcCmd opcode pairs ending in PROC_END	EXTRACT typed struct ProcCmd
DATA_TABLE	medium	src/data/data_085B938C/data_085B938C.c	3	62-81	.data.residue.085B93FC	data_085B93FC	"{""4byte"": 16}"	11	5	0	0	0	structured scalar/pointer data; mixed symbolic words with raw data: audit false pointers	EXTRACT typed C or fix false pointer after source/consumer/FE8U audit
PROC_SCRIPT	high	src/data/data_085BA1F4/data_085BA1F4.c	1	41-69	.data.residue.085BA1F4	data_085BA1F4	"{""4byte"": 24}"	24	0	0	0	0	valid ProcCmd opcode pairs ending in PROC_END	EXTRACT typed struct ProcCmd
DATA_TABLE	medium	src/data/data_085BA1F4/data_085BA1F4.c	2	79-97	.data.residue.085BA274	data_085BA274	"{""4byte"": 14}"	9	5	0	0	0	structured scalar/pointer data; mixed symbolic words with raw data: audit false pointers	EXTRACT typed C or fix false pointer after source/consumer/FE8U audit
SECTION_GLUE	high	src/data/data_085BA1F4/data_085BA1F4.c	3	129-132		data_085BA2FC	{}	0	0	0	0	0	global .set alias glue only	LEFT relocatable alias glue
SECTION_GLUE	high	src/data/data_085BA36C/data_085BA36C.c	1	40-43		data_085BA36C	{}	0	0	0	0	0	global .set alias glue only	LEFT relocatable alias glue
DATA_TABLE	medium	src/data/data_085BA36C/data_085BA36C.c	2	47-101	.data.residue.085BA3A4	data_085BA3A4	"{""4byte"": 51}"	35	16	0	0	0	structured scalar/pointer data; mixed symbolic words with raw data: audit false pointers	EXTRACT typed C or fix false pointer after source/consumer/FE8U audit
PROC_SCRIPT	high	src/data/data_085C34F0/data_085C34F0.c	1	26-42	.data.residue.085C34F0	ProcScr_ShowMapChangeAnim	"{""4byte"": 12}"	8	4	0	0	0	valid ProcCmd opcode pairs ending in PROC_END	EXTRACT typed struct ProcCmd
DATA_TABLE	medium	src/data/data_085D1E10/data_085D1E10.c	1	29-43	.data.residue.085D1E38	data_085D1E38	"{""4byte"": 10}"	7	3	0	0	0	structured scalar/pointer data; mixed symbolic words with raw data: audit false pointers	EXTRACT typed C or fix false pointer after source/consumer/FE8U audit
PROC_SCRIPT	high	src/data/data_085D1EA4/data_085D1EA4.c	1	30-40	.data.residue.085D1EBC	data_085D1EBC	"{""4byte"": 6}"	2	4	0	0	0	valid ProcCmd opcode pairs ending in PROC_END	EXTRACT typed struct ProcCmd
PROC_SCRIPT	high	src/data/data_085D1F2C/data_085D1F2C.c	1	48-85	.data.residue.085D1FAC	data_085D1FAC	"{""4byte"": 34}"	34	0	0	0	0	valid ProcCmd opcode pairs ending in PROC_END	EXTRACT typed struct ProcCmd
DATA_TABLE	medium	src/data/data_085D31EC/data_085D31EC.c	1	79-90	.data.residue.085D32A4	data_085D32A4	"{""4byte"": 7}"	5	2	0	0	0	structured scalar/pointer data; mixed symbolic words with raw data: audit false pointers	EXTRACT typed C or fix false pointer after source/consumer/FE8U audit
PROC_SCRIPT	high	src/data/data_085E3534/data_085E3534.c	1	33-56	.data.residue.085E3534	data_085E3534	"{""4byte"": 19}"	12	7	0	0	0	valid ProcCmd opcode pairs ending in PROC_END	EXTRACT typed struct ProcCmd
DATA_TABLE	medium	src/data/data_085E3534/data_085E3534.c	2	59-83	.data.residue.085E35B0	data_085E35B0	"{""4byte"": 21}"	21	0	0	0	0	structured scalar/pointer data	EXTRACT typed C or fix false pointer after source/consumer/FE8U audit
DATA_TABLE	medium	src/data/data_087E1A58/data_087E1A58.c	1	65-77	.data.residue.087E1A58	data_087E1A58	"{""4byte"": 8}"	7	1	0	0	0	structured scalar/pointer data; mixed symbolic words with raw data: audit false pointers	EXTRACT typed C or fix false pointer after source/consumer/FE8U audit
DATA_TABLE	medium	src/data/data_087E1A58/data_087E1A58.c	2	80-105	.data.residue.087E1B48	data_087E1B48	"{""4byte"": 22}"	13	9	0	0	0	structured scalar/pointer data; mixed symbolic words with raw data: audit false pointers	EXTRACT typed C or fix false pointer after source/consumer/FE8U audit
DATA_TABLE	medium	src/data/data_08855D58/data_08855D58.c	1	34-54	.data.residue.08855D58	data_08855D58	"{""4byte"": 16}"	9	7	0	0	0	structured scalar/pointer data; mixed symbolic words with raw data: audit false pointers	EXTRACT typed C or fix false pointer after source/consumer/FE8U audit
DATA_TABLE	medium	src/data/data_08855D58/data_08855D58.c	2	57-64	.data.residue.08855DB0	data_08855DB0	"{""4byte"": 4}"	4	0	0	0	0	structured scalar/pointer data	EXTRACT typed C or fix false pointer after source/consumer/FE8U audit
DATA_TABLE	medium	src/data/data_08855D58/data_08855D58.c	3	67-78	.data.residue.08855DD8	data_08855DD8	"{""4byte"": 8}"	5	3	0	0	0	structured scalar/pointer data; mixed symbolic words with raw data: audit false pointers	EXTRACT typed C or fix false pointer after source/consumer/FE8U audit
EVENT_SCRIPT	high	src/data/data_08908CA0/data_08908CA0.c	1	7-21	.data.residue.08908CA0	UnitDef_Ch3NPC	"{""4byte"": 10}"	9	1	0	0	0	event/map/tile-animation naming pattern	LEFT accepted event-script pattern
DATA_TABLE	medium	src/data/data_08A5A6AD/data_08A5A6AD.c	1	12-31	.data.residue.08A5A6AD	data_08A5A6AD	"{""4byte"": 7, ""incbin"": 8}"	0	7	0	0	8	structured scalar/pointer data	EXTRACT typed C or fix false pointer after source/consumer/FE8U audit
DATA_TABLE	medium	src/data/data_08A60AE8/data_08A60AE8.c	1	35-51	.data.residue.08A60AE8	data_08A60AE8	"{""4byte"": 12}"	0	12	0	0	0	structured scalar/pointer data	EXTRACT typed C or fix false pointer after source/consumer/FE8U audit
DATA_TABLE	medium	src/data/data_08A60AE8/data_08A60AE8.c	2	54-69	.data.residue.08A60B60	data_08A60B60	"{""4byte"": 12}"	7	5	0	0	0	structured scalar/pointer data; mixed symbolic words with raw data: audit false pointers	EXTRACT typed C or fix false pointer after source/consumer/FE8U audit
EVENT_SCRIPT	high	src/data/data_08A61B60/data_08A61B60.c	1	7-17	.data.residue.08A61B60	EventScr_Ch1_Turn1Player	"{""4byte"": 6}"	4	2	0	0	0	event/map/tile-animation naming pattern	LEFT accepted event-script pattern
EVENT_SCRIPT	high	src/data/data_08A61C70/data_08A61C70.c	1	9-24	.data.residue.08A61CB0	EventScr_Ch1_Loca_Visit1	"{""4byte"": 11}"	10	1	0	0	0	event/map/tile-animation naming pattern	LEFT accepted event-script pattern
EVENT_SCRIPT	high	src/data/data_08A61C70/data_08A61C70.c	2	25-39	.data.residue.08A61CDC	EventScr_Ch1_Loca_Visit2	"{""4byte"": 10}"	9	1	0	0	0	event/map/tile-animation naming pattern	LEFT accepted event-script pattern
EVENT_SCRIPT	high	src/data/data_08A61C70/data_08A61C70.c	3	40-51	.data.residue.08A61D04	EventScr_Ch1_Misc_Area	"{""4byte"": 7}"	6	1	0	0	0	event/map/tile-animation naming pattern	LEFT accepted event-script pattern
EVENT_SCRIPT	high	src/data/data_08A61C70/data_08A61C70.c	4	52-71	.data.residue.08A61D20	EventScr_Ch1_Turn_EnemyReinforceArrive	"{""4byte"": 15}"	13	2	0	0	0	event/map/tile-animation naming pattern	LEFT accepted event-script pattern
EVENT_SCRIPT	high	src/data/data_08A61F60/data_08A61F60.c	1	8-66	.data.residue.08A61F80	EventScr_Ch1Tut_GilliamBattle	"{""4byte"": 54}"	51	3	0	0	0	event/map/tile-animation naming pattern	LEFT accepted event-script pattern
EVENT_SCRIPT	high	src/data/data_08A62134/data_08A62134.c	1	7-24	.data.residue.08A62134	EventScr_Ch1Tut_TradeSelectGalliamEnd	"{""4byte"": 13}"	12	1	0	0	0	event/map/tile-animation naming pattern	LEFT accepted event-script pattern
EVENT_SCRIPT	high	src/data/data_08A62134/data_08A62134.c	2	25-41	.data.residue.08A62168	EventScr_Ch1Tut_AfterTrade	"{""4byte"": 12}"	11	1	0	0	0	event/map/tile-animation naming pattern	LEFT accepted event-script pattern
EVENT_SCRIPT	high	src/data/data_08A62134/data_08A62134.c	3	42-58	.data.residue.08A62198	EventScr_Ch1Tut_PostTradeAndItemUseAction	"{""4byte"": 12}"	11	1	0	0	0	event/map/tile-animation naming pattern	LEFT accepted event-script pattern
EVENT_SCRIPT	high	src/data/data_08A63D0C/data_08A63D0C.c	1	7-26	.data.residue.08A63D0C	EventScr_Ch4_3	"{""4byte"": 15}"	13	2	0	0	0	event/map/tile-animation naming pattern	LEFT accepted event-script pattern
EVENT_SCRIPT	high	src/data/data_08A63D0C/data_08A63D0C.c	2	27-37	.data.residue.08A63D48	EventScr_Ch4_4	"{""4byte"": 6}"	4	2	0	0	0	event/map/tile-animation naming pattern	LEFT accepted event-script pattern
EVENT_SCRIPT	high	src/data/data_08A63D0C/data_08A63D0C.c	3	38-49	.data.residue.08A63D60	EventScr_Ch4_5	"{""4byte"": 7}"	6	1	0	0	0	event/map/tile-animation naming pattern	LEFT accepted event-script pattern
EVENT_SCRIPT	high	src/data/data_08A63D0C/data_08A63D0C.c	4	50-60	.data.residue.08A63D7C	EventScr_Ch4_6	"{""4byte"": 6}"	4	2	0	0	0	event/map/tile-animation naming pattern	LEFT accepted event-script pattern
EVENT_SCRIPT	high	src/data/data_08A642F0/data_08A642F0.c	1	7-26	.data.residue.08A642F0	EventScr_Ch5_1	"{""4byte"": 15}"	13	2	0	0	0	event/map/tile-animation naming pattern	LEFT accepted event-script pattern
EVENT_SCRIPT	high	src/data/data_08A642F0/data_08A642F0.c	2	27-46	.data.residue.08A6432C	EventScr_Ch5_2	"{""4byte"": 15}"	13	2	0	0	0	event/map/tile-animation naming pattern	LEFT accepted event-script pattern
EVENT_SCRIPT	high	src/data/data_08A642F0/data_08A642F0.c	3	47-66	.data.residue.08A64368	EventScr_Ch5_3	"{""4byte"": 15}"	13	2	0	0	0	event/map/tile-animation naming pattern	LEFT accepted event-script pattern
EVENT_SCRIPT	high	src/data/data_08A64420/data_08A64420.c	1	7-17	.data.residue.08A64420	EventScr_Ch5_6	"{""4byte"": 6}"	4	2	0	0	0	event/map/tile-animation naming pattern	LEFT accepted event-script pattern
EVENT_SCRIPT	high	src/data/data_08A64420/data_08A64420.c	2	18-28	.data.residue.08A64438	EventScr_Ch5_7	"{""4byte"": 6}"	4	2	0	0	0	event/map/tile-animation naming pattern	LEFT accepted event-script pattern
EVENT_SCRIPT	high	src/data/data_08A64FA0/data_08A64FA0.c	1	7-21	.data.residue.08A64FA0	EventScr_Ch7_1	"{""4byte"": 10}"	9	1	0	0	0	event/map/tile-animation naming pattern	LEFT accepted event-script pattern
EVENT_SCRIPT	high	src/data/data_08A64FA0/data_08A64FA0.c	2	22-36	.data.residue.08A64FC8	EventScr_Ch7_2	"{""4byte"": 10}"	9	1	0	0	0	event/map/tile-animation naming pattern	LEFT accepted event-script pattern
EVENT_SCRIPT	high	src/data/data_08A66A00/data_08A66A00.c	1	8-109	.data.residue.08A66A2C	EventScr_Ch11a_BeginningScene	"{""4byte"": 97}"	88	9	0	0	0	event/map/tile-animation naming pattern	LEFT accepted event-script pattern
SECTION_GLUE	high	src/data/data_08A9D904/data_08A9D904.c	1	48-51		data_08A9D978	{}	0	0	0	0	0	global .set alias glue only	LEFT relocatable alias glue
DATA_TABLE	medium	src/data/data_08A9D904/data_08A9D904.c	2	54-87	.data.residue.08A9D904	data_08A9D904	"{""4byte"": 29}"	5	24	0	0	0	structured scalar/pointer data; mixed symbolic words with raw data: audit false pointers	EXTRACT typed C or fix false pointer after source/consumer/FE8U audit
PROC_SCRIPT	high	src/data/data_08A9D904/data_08A9D904.c	3	90-136	.data.residue.08A9DA00	data_08A9DA00,data_08A9DA84	"{""4byte"": 41}"	36	5	0	0	0	valid ProcCmd opcode pairs ending in PROC_END	EXTRACT typed struct ProcCmd
SECTION_GLUE	high	src/data/data_08A9DAB4/data_08A9DAB4.c	1	46-47		data_08A9DAB4	{}	0	0	0	0	0	global .set alias glue only	LEFT relocatable alias glue
PROC_SCRIPT	high	src/data/data_08A9DAB4/data_08A9DAB4.c	2	49-67	.data.residue.08A9DAE4	data_08A9DAE4	"{""4byte"": 14}"	12	2	0	0	0	valid ProcCmd opcode pairs ending in PROC_END	EXTRACT typed struct ProcCmd
DATA_TABLE	medium	src/data/data_08A9DAB4/data_08A9DAB4.c	3	86-96	.data.residue.08A9DB6C	data_08A9DB6C	"{""4byte"": 6}"	5	1	0	0	0	structured scalar/pointer data; mixed symbolic words with raw data: audit false pointers	EXTRACT typed C or fix false pointer after source/consumer/FE8U audit
SECTION_GLUE	high	src/data/data_08A9DAB4/data_08A9DAB4.c	4	109-112		data_08A9DB84	{}	0	0	0	0	0	global .set alias glue only	LEFT relocatable alias glue
PROC_SCRIPT	high	src/data/data_08A9DAB4/data_08A9DAB4.c	5	115-125	.data.residue.08A9DBB4	data_08A9DBB4	"{""4byte"": 6}"	4	2	0	0	0	valid ProcCmd opcode pairs ending in PROC_END	EXTRACT typed struct ProcCmd
SECTION_GLUE	high	src/data/data_08A9DCD4/data_08A9DCD4.c	1	46-49		data_08A9DCD4	{}	0	0	0	0	0	global .set alias glue only	LEFT relocatable alias glue
SECTION_GLUE	high	src/data/data_08A9DCD4/data_08A9DCD4.c	2	83-86		data_08A9DD64	{}	0	0	0	0	0	global .set alias glue only	LEFT relocatable alias glue
PROC_SCRIPT	high	src/data/data_08A9DCD4/data_08A9DCD4.c	3	90-114	.data.residue.08A9DD8C	data_08A9DD8C	"{""4byte"": 20}"	16	4	0	0	0	valid ProcCmd opcode pairs ending in PROC_END	EXTRACT typed struct ProcCmd
GRAPHICS	medium	src/data/frontier_banim_aurabg3/frontier_banim_aurabg3.c	1	29-56	.data.frontier_banim_aurabg3.gap16	data_08776FB4	"{""short"": 23}"	0	0	178	0	0	graphics-like naming or embedded incbin/byte runs	EXTRACT graphics source where format is clear
GRAPHICS	medium	src/data/frontier_banim_aurabg3/frontier_banim_aurabg3.c	2	71-149	.data.frontier_banim_aurabg3.gap28	data_087792C8	"{""short"": 74}"	0	0	590	0	0	graphics-like naming or embedded incbin/byte runs	EXTRACT graphics source where format is clear
GRAPHICS	medium	src/data/frontier_banim_aurabg3/frontier_banim_aurabg3.c	3	151-206	.data.frontier_banim_aurabg3.gap28	data_08779764	"{""short"": 51}"	0	0	408	0	0	graphics-like naming or embedded incbin/byte runs	EXTRACT graphics source where format is clear
GRAPHICS	medium	src/data/frontier_banim_aurabg3/frontier_banim_aurabg3.c	4	208-215	.data.frontier_banim_aurabg3.gap28	data_08779A94	"{""short"": 3}"	0	0	17	0	0	graphics-like naming or embedded incbin/byte runs	EXTRACT graphics source where format is clear
GRAPHICS	medium	src/data/frontier_banim_aurabg3/frontier_banim_aurabg3.c	5	216-226	.data.frontier_banim_aurabg3.gap29	frontier_banim_aurabg3_029_779AB6	"{""short"": 6}"	0	0	36	0	0	graphics-like naming or embedded incbin/byte runs	EXTRACT graphics source where format is clear
GRAPHICS	medium	src/data/frontier_banim_aurabg3/frontier_banim_aurabg3.c	6	227-241	.data.frontier_banim_aurabg3.gap30	frontier_banim_aurabg3_030_779AFE	"{""short"": 10}"	0	0	60	0	0	graphics-like naming or embedded incbin/byte runs	EXTRACT graphics source where format is clear
GRAPHICS	medium	src/data/frontier_banim_aurabg3/frontier_banim_aurabg3.c	7	242-261	.data.frontier_banim_aurabg3.gap31	frontier_banim_aurabg3_031_779B76	"{""short"": 15}"	0	0	90	0	0	graphics-like naming or embedded incbin/byte runs	EXTRACT graphics source where format is clear
GRAPHICS	medium	src/data/frontier_banim_aurabg3/frontier_banim_aurabg3.c	8	262-291	.data.frontier_banim_aurabg3.gap32	frontier_banim_aurabg3_032_779C2A	"{""short"": 25}"	0	0	150	0	0	graphics-like naming or embedded incbin/byte runs	EXTRACT graphics source where format is clear
GRAPHICS	medium	src/data/frontier_banim_aurabg3/frontier_banim_aurabg3.c	9	292-328	.data.frontier_banim_aurabg3.gap33	frontier_banim_aurabg3_033_779D56	"{""short"": 32}"	0	0	192	0	0	graphics-like naming or embedded incbin/byte runs	EXTRACT graphics source where format is clear
GRAPHICS	medium	src/data/frontier_banim_aurabg3/frontier_banim_aurabg3.c	10	329-419	.data.frontier_banim_aurabg3.gap34	frontier_banim_aurabg3_034_779ED6	"{""short"": 86}"	0	0	516	0	0	graphics-like naming or embedded incbin/byte runs	EXTRACT graphics source where format is clear
GRAPHICS	medium	src/data/frontier_banim_aurabg3/frontier_banim_aurabg3.c	11	420-433	.data.frontier_banim_aurabg3.gap35	frontier_banim_aurabg3_035_77A2DE	"{""short"": 9}"	0	0	54	0	0	graphics-like naming or embedded incbin/byte runs	EXTRACT graphics source where format is clear
GRAPHICS	medium	src/data/frontier_banim_aurabg3/frontier_banim_aurabg3.c	12	434-447	.data.frontier_banim_aurabg3.gap36	frontier_banim_aurabg3_036_77A34A	"{""short"": 9}"	0	0	54	0	0	graphics-like naming or embedded incbin/byte runs	EXTRACT graphics source where format is clear
GRAPHICS	medium	src/data/frontier_banim_aurabg3/frontier_banim_aurabg3.c	13	448-461	.data.frontier_banim_aurabg3.gap37	frontier_banim_aurabg3_037_77A3B6	"{""short"": 9}"	0	0	54	0	0	graphics-like naming or embedded incbin/byte runs	EXTRACT graphics source where format is clear
GRAPHICS	medium	src/data/frontier_banim_aurabg3/frontier_banim_aurabg3.c	14	462-475	.data.frontier_banim_aurabg3.gap38	frontier_banim_aurabg3_038_77A422	"{""short"": 9}"	0	0	54	0	0	graphics-like naming or embedded incbin/byte runs	EXTRACT graphics source where format is clear
GRAPHICS	medium	src/data/frontier_banim_aurabg3/frontier_banim_aurabg3.c	15	476-489	.data.frontier_banim_aurabg3.gap39	frontier_banim_aurabg3_039_77A48E	"{""short"": 9}"	0	0	54	0	0	graphics-like naming or embedded incbin/byte runs	EXTRACT graphics source where format is clear
GRAPHICS	medium	src/data/frontier_banim_aurabg3/frontier_banim_aurabg3.c	16	490-503	.data.frontier_banim_aurabg3.gap40	frontier_banim_aurabg3_040_77A4FA	"{""short"": 9}"	0	0	54	0	0	graphics-like naming or embedded incbin/byte runs	EXTRACT graphics source where format is clear
GRAPHICS	medium	src/data/frontier_banim_aurabg3/frontier_banim_aurabg3.c	17	504-517	.data.frontier_banim_aurabg3.gap41	frontier_banim_aurabg3_041_77A566	"{""short"": 9}"	0	0	54	0	0	graphics-like naming or embedded incbin/byte runs	EXTRACT graphics source where format is clear
GRAPHICS	medium	src/data/frontier_banim_aurabg3/frontier_banim_aurabg3.c	18	518-531	.data.frontier_banim_aurabg3.gap42	frontier_banim_aurabg3_042_77A5D2	"{""short"": 9}"	0	0	54	0	0	graphics-like naming or embedded incbin/byte runs	EXTRACT graphics source where format is clear
GRAPHICS	medium	src/data/frontier_banim_aurabg3/frontier_banim_aurabg3.c	19	532-545	.data.frontier_banim_aurabg3.gap43	frontier_banim_aurabg3_043_77A63E	"{""short"": 9}"	0	0	54	0	0	graphics-like naming or embedded incbin/byte runs	EXTRACT graphics source where format is clear
GRAPHICS	medium	src/data/frontier_banim_aurabg3/frontier_banim_aurabg3.c	20	546-555	.data.frontier_banim_aurabg3.gap44	frontier_banim_aurabg3_044_77A6AA	"{""short"": 5}"	0	0	30	0	0	graphics-like naming or embedded incbin/byte runs	EXTRACT graphics source where format is clear
GRAPHICS	medium	src/data/frontier_banim_aurabg3/frontier_banim_aurabg3.c	21	556-569	.data.frontier_banim_aurabg3.gap45	frontier_banim_aurabg3_045_77A6E6	"{""short"": 9}"	0	0	54	0	0	graphics-like naming or embedded incbin/byte runs	EXTRACT graphics source where format is clear
GRAPHICS	medium	src/data/frontier_banim_aurabg3/frontier_banim_aurabg3.c	22	570-583	.data.frontier_banim_aurabg3.gap46	frontier_banim_aurabg3_046_77A752	"{""short"": 9}"	0	0	54	0	0	graphics-like naming or embedded incbin/byte runs	EXTRACT graphics source where format is clear
GRAPHICS	medium	src/data/frontier_banim_aurabg3/frontier_banim_aurabg3.c	23	584-597	.data.frontier_banim_aurabg3.gap47	frontier_banim_aurabg3_047_77A7BE	"{""short"": 9}"	0	0	54	0	0	graphics-like naming or embedded incbin/byte runs	EXTRACT graphics source where format is clear
GRAPHICS	medium	src/data/frontier_banim_aurabg3/frontier_banim_aurabg3.c	24	598-611	.data.frontier_banim_aurabg3.gap48	frontier_banim_aurabg3_048_77A82A	"{""short"": 9}"	0	0	54	0	0	graphics-like naming or embedded incbin/byte runs	EXTRACT graphics source where format is clear
GRAPHICS	medium	src/data/frontier_banim_aurabg3/frontier_banim_aurabg3.c	25	612-625	.data.frontier_banim_aurabg3.gap49	frontier_banim_aurabg3_049_77A896	"{""short"": 9}"	0	0	54	0	0	graphics-like naming or embedded incbin/byte runs	EXTRACT graphics source where format is clear
DATA_TABLE	medium	src/data/frontier_banim_aurabg3/frontier_banim_aurabg3.c	26	626-632	.data.frontier_banim_aurabg3.gap50	frontier_banim_aurabg3_050_77A902	"{""short"": 2}"	0	0	12	0	0	structured scalar/pointer data	EXTRACT typed C or fix false pointer after source/consumer/FE8U audit
GRAPHICS	medium	src/data/frontier_banim_aurabg3/frontier_banim_aurabg3.c	27	633-646	.data.frontier_banim_aurabg3.gap51	frontier_banim_aurabg3_051_77A91A	"{""short"": 9}"	0	0	54	0	0	graphics-like naming or embedded incbin/byte runs	EXTRACT graphics source where format is clear
GRAPHICS	medium	src/data/frontier_banim_aurabg3/frontier_banim_aurabg3.c	28	647-660	.data.frontier_banim_aurabg3.gap52	frontier_banim_aurabg3_052_77A986	"{""short"": 9}"	0	0	54	0	0	graphics-like naming or embedded incbin/byte runs	EXTRACT graphics source where format is clear
GRAPHICS	medium	src/data/frontier_banim_aurabg3/frontier_banim_aurabg3.c	29	661-674	.data.frontier_banim_aurabg3.gap53	frontier_banim_aurabg3_053_77A9F2	"{""short"": 9}"	0	0	54	0	0	graphics-like naming or embedded incbin/byte runs	EXTRACT graphics source where format is clear
GRAPHICS	medium	src/data/frontier_banim_aurabg3/frontier_banim_aurabg3.c	30	675-688	.data.frontier_banim_aurabg3.gap54	frontier_banim_aurabg3_054_77AA5E	"{""short"": 9}"	0	0	54	0	0	graphics-like naming or embedded incbin/byte runs	EXTRACT graphics source where format is clear
GRAPHICS	medium	src/data/frontier_banim_aurabg3/frontier_banim_aurabg3.c	31	689-702	.data.frontier_banim_aurabg3.gap55	frontier_banim_aurabg3_055_77AACA	"{""short"": 9}"	0	0	53	0	0	graphics-like naming or embedded incbin/byte runs	EXTRACT graphics source where format is clear
DATA_TABLE	medium	src/data/frontier_banim_aurabg3/frontier_banim_aurabg3.c	32	704-746	.data.frontier_banim_aurabg3.gap55	data_0877AB34	"{""4byte"": 38}"	1	37	0	0	0	structured scalar/pointer data; mixed symbolic words with raw data: audit false pointers	EXTRACT typed C or fix false pointer after source/consumer/FE8U audit
PROC_SCRIPT	high	src/data/frontier_banim_aurabg3/frontier_banim_aurabg3.c	33	748-762	.data.frontier_banim_aurabg3.gap55	data_0877ABCC	"{""4byte"": 10}"	4	6	0	0	0	valid ProcCmd opcode pairs ending in PROC_END	EXTRACT typed struct ProcCmd
GRAPHICS	medium	src/data/frontier_banim_dracozombie/frontier_banim_dracozombie.c	1	9-21	.data.frontier_banim_dracozombie.gap0	frontier_banim_dracozombie_000_77BBB8	"{""4byte"": 8}"	25	20	0	0	0	graphics-like naming or embedded incbin/byte runs	EXTRACT graphics source where format is clear
GRAPHICS	medium	src/data/frontier_banim_dracozombie/frontier_banim_dracozombie.c	2	42-95	.data.frontier_banim_dracozombie.gap17	data_087819B0	"{""short"": 49}"	0	0	390	0	0	graphics-like naming or embedded incbin/byte runs	EXTRACT graphics source where format is clear
PROC_SCRIPT	high	src/data/frontier_df3_banim_aura/frontier_df3_banim_aura.c	1	18-155	.data.frontier_df3_banim_aura.gap0	data_0874D95C	"{""4byte"": 133}"	798	0	0	0	0	several leading ProcCmd-looking opcode pairs	EXTRACT typed struct ProcCmd
PROC_SCRIPT	high	src/data/frontier_df3_banim_aura/frontier_df3_banim_aura.c	2	158-170	.data.frontier_df3_banim_aura.gap1	frontier_df3_banim_aura_001_74F150	"{""4byte"": 8}"	22	26	0	0	0	valid ProcCmd opcode pairs ending in PROC_END	EXTRACT typed struct ProcCmd
PROC_SCRIPT	high	src/data/frontier_df3_banim_aura/frontier_df3_banim_aura.c	3	173-403	.data.frontier_df3_banim_aura.gap2	frontier_df3_banim_aura_002_74FD8C	"{""4byte"": 226}"	1318	35	0	0	0	valid ProcCmd opcode pairs ending in PROC_END	EXTRACT typed struct ProcCmd
GRAPHICS	medium	src/data/frontier_df3_banim_aura/frontier_df3_banim_aura.c	4	415-427	.data.frontier_df3_banim_aura.gap3	data_087554F8	"{""4byte"": 8}"	44	0	0	0	0	graphics-like naming or embedded incbin/byte runs	EXTRACT graphics source where format is clear
GRAPHICS	medium	src/data/frontier_df3_banim_aura/frontier_df3_banim_aura.c	5	430-556	.data.frontier_df3_banim_aura.gap4	frontier_df3_banim_aura_004_7557C4	"{""4byte"": 122}"	705	23	0	0	0	graphics-like naming or embedded incbin/byte runs	EXTRACT graphics source where format is clear
GRAPHICS	medium	src/data/frontier_df3_banim_aura/frontier_df3_banim_aura.c	6	559-593	.data.frontier_df3_banim_aura.gap5	data_08756BB4	"{""short"": 30}"	0	0	240	0	0	graphics-like naming or embedded incbin/byte runs	EXTRACT graphics source where format is clear
GRAPHICS	medium	src/data/frontier_df3_banim_aura/frontier_df3_banim_aura.c	7	597-815	.data.frontier_df3_banim_aura.gap7	data_08759A38	"{""4byte"": 214}"	1243	36	0	0	0	graphics-like naming or embedded incbin/byte runs	EXTRACT graphics source where format is clear
PROC_SCRIPT	high	src/data/frontier_df3_banim_aura/frontier_df3_banim_aura.c	8	836-1233	.data.frontier_df3_banim_aura.gap10	frontier_df3_banim_aura_010_75DE94,data_0875DF20,data_0875F138	"{""4byte"": 389}"	2294	38	0	0	0	valid ProcCmd opcode pairs ending in PROC_END	EXTRACT typed struct ProcCmd
GRAPHICS	medium	src/data/frontier_df3_banim_aura/frontier_df3_banim_aura.c	9	1238-1282	.data.frontier_df3_banim_aura.gap11	data_087621F0	"{""short"": 40}"	0	0	316	0	0	graphics-like naming or embedded incbin/byte runs	EXTRACT graphics source where format is clear
GRAPHICS	medium	src/data/frontier_df3_banim_aura/frontier_df3_banim_aura.c	10	1284-1415	.data.frontier_df3_banim_aura.gap11	data_08762468	"{""short"": 127}"	0	0	1014	0	0	graphics-like naming or embedded incbin/byte runs	EXTRACT graphics source where format is clear
GRAPHICS	medium	src/data/frontier_df3_banim_aura/frontier_df3_banim_aura.c	11	1417-1525	.data.frontier_df3_banim_aura.gap11	data_08762C54	"{""short"": 104}"	0	0	832	0	0	graphics-like naming or embedded incbin/byte runs	EXTRACT graphics source where format is clear
DATA_TABLE	medium	src/data/frontier_df3_banim_aura/frontier_df3_banim_aura.c	12	1527-1534	.data.frontier_df3_banim_aura.gap11	data_087632D4	"{""4byte"": 3}"	6	9	0	0	0	structured scalar/pointer data; mixed symbolic words with raw data: audit false pointers	EXTRACT typed C or fix false pointer after source/consumer/FE8U audit
GRAPHICS	medium	src/data/frontier_df3_banim_aura/frontier_df3_banim_aura.c	13	1536-1589	.data.frontier_df3_banim_aura.gap11	data_08763310	"{""short"": 49}"	0	0	390	0	0	graphics-like naming or embedded incbin/byte runs	EXTRACT graphics source where format is clear
GRAPHICS	medium	src/data/frontier_df3_banim_aura/frontier_df3_banim_aura.c	14	1591-1663	.data.frontier_df3_banim_aura.gap11	data_0876361C	"{""short"": 68}"	0	0	544	0	0	graphics-like naming or embedded incbin/byte runs	EXTRACT graphics source where format is clear
DATA_TABLE	medium	src/data/frontier_df3_banim_aura/frontier_df3_banim_aura.c	15	1665-1673	.data.frontier_df3_banim_aura.gap11	data_08763A5C	"{""4byte"": 4}"	1	20	0	0	0	structured scalar/pointer data; mixed symbolic words with raw data: audit false pointers	EXTRACT typed C or fix false pointer after source/consumer/FE8U audit
DATA_TABLE	medium	src/data/frontier_df3_banim_aura/frontier_df3_banim_aura.c	16	1675-1680	.data.frontier_df3_banim_aura.gap11	data_08763AB0	"{""4byte"": 1}"	1	2	0	0	0	structured scalar/pointer data; mixed symbolic words with raw data: audit false pointers	EXTRACT typed C or fix false pointer after source/consumer/FE8U audit
DATA_TABLE	medium	src/data/frontier_df3_banim_aura/frontier_df3_banim_aura.c	17	1682-1690	.data.frontier_df3_banim_aura.gap11	data_08763ABC	"{""4byte"": 4}"	1	20	0	0	0	structured scalar/pointer data; mixed symbolic words with raw data: audit false pointers	EXTRACT typed C or fix false pointer after source/consumer/FE8U audit
GRAPHICS	medium	src/data/frontier_df3_banim_mid/frontier_df3_banim_mid.c	1	20-27	.data.frontier_df3_banim_mid.gap1	data_08650674	"{""4byte"": 3}"	17	0	0	0	0	graphics-like naming or embedded incbin/byte runs	EXTRACT graphics source where format is clear
DATA_TABLE	medium	src/data/frontier_df3_banim_mid/frontier_df3_banim_mid.c	2	36-57	.data.frontier_df3_banim_mid.gap3	frontier_df3_banim_mid_003_651C6C	"{""4byte"": 17}"	11	89	0	0	0	structured scalar/pointer data; mixed symbolic words with raw data: audit false pointers	EXTRACT typed C or fix false pointer after source/consumer/FE8U audit
GRAPHICS	medium	src/data/frontier_df3_banim_mid/frontier_df3_banim_mid.c	3	66-212	.data.frontier_df3_banim_mid.gap5	frontier_df3_banim_mid_005_6533B0	"{""4byte"": 142}"	753	94	0	0	0	graphics-like naming or embedded incbin/byte runs	EXTRACT graphics source where format is clear
PROC_SCRIPT	high	src/data/frontier_df3_data_5aa96c/frontier_df3_data_5aa96c.c	1	7-21	.data.frontier_df3_data_5aa96c.gap0	frontier_df3_data_5aa96c_000_5D367C	"{""4byte"": 10}"	8	2	0	0	0	valid ProcCmd opcode pairs ending in PROC_END	EXTRACT typed struct ProcCmd
DATA_TABLE	medium	src/data/frontier_df3_data_5aa96c/frontier_df3_data_5aa96c.c	2	22-35	.data.frontier_df3_data_5aa96c.gap0b	frontier_df3_data_5aa96c_000b_5D376C	"{""4byte"": 9}"	9	0	0	0	0	structured scalar/pointer data	EXTRACT typed C or fix false pointer after source/consumer/FE8U audit
PROC_SCRIPT	high	src/data/frontier_df3_data_5aa96c/frontier_df3_data_5aa96c.c	3	36-64	.data.frontier_df3_data_5aa96c.gap0c	frontier_df3_data_5aa96c_000c_5D3CA0	"{""4byte"": 24}"	16	8	0	0	0	valid ProcCmd opcode pairs ending in PROC_END	EXTRACT typed struct ProcCmd
PROC_SCRIPT	high	src/data/frontier_df3_data_5aa96c/frontier_df3_data_5aa96c.c	4	65-153	.data.frontier_df3_data_5aa96c.gap0d	frontier_df3_data_5aa96c_000d_5D3D50	"{""4byte"": 84}"	68	16	0	0	0	valid ProcCmd opcode pairs ending in PROC_END	EXTRACT typed struct ProcCmd
PROC_SCRIPT	high	src/data/frontier_df3_data_5aa96c/frontier_df3_data_5aa96c.c	5	154-229	.data.frontier_df3_data_5aa96c.gap1	frontier_df3_data_5aa96c_001_5D3EA8	"{""4byte"": 71}"	70	1	0	0	0	valid ProcCmd opcode pairs ending in PROC_END	EXTRACT typed struct ProcCmd
DATA_TABLE	medium	src/data/frontier_df3_data_5aa96c/frontier_df3_data_5aa96c.c	6	230-253	.data.frontier_df3_data_5aa96c.gap1	data_085D3FC4	"{""4byte"": 19}"	15	4	0	0	0	structured scalar/pointer data; mixed symbolic words with raw data: audit false pointers	EXTRACT typed C or fix false pointer after source/consumer/FE8U audit
DATA_TABLE	medium	src/data/frontier_df3_data_5aa96c/frontier_df3_data_5aa96c.c	7	254-442	.data.frontier_df3_data_5aa96c.gap1	data_085D4010	"{""4byte"": 184}"	145	39	0	0	0	structured scalar/pointer data; mixed symbolic words with raw data: audit false pointers	EXTRACT typed C or fix false pointer after source/consumer/FE8U audit
DATA_TABLE	medium	src/data/frontier_df3_data_5aa96c/frontier_df3_data_5aa96c.c	8	443-705	.data.frontier_df3_data_5aa96c.gap2	frontier_df3_data_5aa96c_002_5D4358	"{""4byte"": 258}"	182	76	0	0	0	structured scalar/pointer data; mixed symbolic words with raw data: audit false pointers	EXTRACT typed C or fix false pointer after source/consumer/FE8U audit
DATA_TABLE	medium	src/data/frontier_df3_data_5aa96c/frontier_df3_data_5aa96c.c	9	706-772	.data.frontier_df3_data_5aa96c.gap2	data_085D4760	"{""4byte"": 62}"	45	17	0	0	0	structured scalar/pointer data; mixed symbolic words with raw data: audit false pointers	EXTRACT typed C or fix false pointer after source/consumer/FE8U audit
DATA_TABLE	medium	src/data/frontier_df3_data_5aa96c/frontier_df3_data_5aa96c.c	10	773-791	.data.frontier_df3_data_5aa96c.gap2	data_085D4858	"{""4byte"": 14}"	11	3	0	0	0	structured scalar/pointer data; mixed symbolic words with raw data: audit false pointers	EXTRACT typed C or fix false pointer after source/consumer/FE8U audit
DATA_TABLE	medium	src/data/frontier_df3_data_5aa96c/frontier_df3_data_5aa96c.c	11	792-810	.data.frontier_df3_data_5aa96c.gap2	data_085D4890	"{""4byte"": 14}"	11	3	0	0	0	structured scalar/pointer data; mixed symbolic words with raw data: audit false pointers	EXTRACT typed C or fix false pointer after source/consumer/FE8U audit
PROC_SCRIPT	high	src/data/frontier_df3_data_5aa96c/frontier_df3_data_5aa96c.c	12	811-821	.data.frontier_df3_data_5aa96c.gap3	frontier_df3_data_5aa96c_003_5D48E0	"{""4byte"": 6}"	6	0	0	0	0	valid ProcCmd opcode pairs ending in PROC_END	EXTRACT typed struct ProcCmd
DATA_TABLE	medium	src/data/frontier_df3_data_5aa96c/frontier_df3_data_5aa96c.c	13	822-831	.data.frontier_df3_data_5aa96c.gap3b	frontier_df3_data_5aa96c_003b_5D4A10	"{""4byte"": 5}"	5	0	0	0	0	structured scalar/pointer data	EXTRACT typed C or fix false pointer after source/consumer/FE8U audit
DATA_TABLE	medium	src/data/frontier_df3_data_5aa96c/frontier_df3_data_5aa96c.c	14	832-844	.data.frontier_df3_data_5aa96c.gap3c	frontier_df3_data_5aa96c_003c_5D4A44	"{""4byte"": 8}"	0	8	0	0	0	structured scalar/pointer data	EXTRACT typed C or fix false pointer after source/consumer/FE8U audit
PROC_SCRIPT	high	src/data/frontier_df3_data_5aa96c/frontier_df3_data_5aa96c.c	15	845-889	.data.frontier_df3_data_5aa96c.gap3d	frontier_df3_data_5aa96c_003d_5D4A7C	"{""4byte"": 40}"	38	2	0	0	0	valid ProcCmd opcode pairs ending in PROC_END	EXTRACT typed struct ProcCmd
DATA_TABLE	medium	src/data/frontier_df3_data_5aa96c/frontier_df3_data_5aa96c.c	16	890-901	.data.frontier_df3_data_5aa96c.gap3e	frontier_df3_data_5aa96c_003e_5D4B4C	"{""4byte"": 7}"	0	7	0	0	0	structured scalar/pointer data	EXTRACT typed C or fix false pointer after source/consumer/FE8U audit
DATA_TABLE	medium	src/data/frontier_df3_data_5aa96c/frontier_df3_data_5aa96c.c	17	902-909	.data.frontier_df3_data_5aa96c.gap3f	frontier_df3_data_5aa96c_003f_5D4B80	"{""4byte"": 3}"	0	3	0	0	0	structured scalar/pointer data	EXTRACT typed C or fix false pointer after source/consumer/FE8U audit
PROC_SCRIPT	high	src/data/frontier_df3_data_5aa96c/frontier_df3_data_5aa96c.c	18	910-920	.data.frontier_df3_data_5aa96c.gap3g	frontier_df3_data_5aa96c_003g_5D4BD4	"{""4byte"": 6}"	6	0	0	0	0	several leading ProcCmd-looking opcode pairs	EXTRACT typed struct ProcCmd
SECTION_GLUE	high	src/data/frontier_df3_data_5aa96c/frontier_df3_data_5aa96c.c	19	921-929	.data.frontier_df3_data_5aa96c.gap4	frontier_df3_data_5aa96c_004_5D4C5C	"{""4byte"": 4}"	0	4	0	0	0	gap section with only symbolic relocatable refs	LEFT relocatable section glue
PROC_SCRIPT	high	src/data/frontier_df3_data_5aa96c/frontier_df3_data_5aa96c.c	20	930-988	.data.frontier_df3_data_5aa96c.gap5	frontier_df3_data_5aa96c_005_5D4DD8	"{""4byte"": 54}"	46	8	0	0	0	valid ProcCmd opcode pairs ending in PROC_END	EXTRACT typed struct ProcCmd
PROC_SCRIPT	high	src/data/frontier_df3_ending/frontier_df3_ending.c	1	66-142	.data.frontier_df3_ending.gap0	frontier_df3_ending_000_AC1BC0	"{""4byte"": 72}"	328	102	0	0	0	valid ProcCmd opcode pairs ending in PROC_END	EXTRACT typed struct ProcCmd
PROC_SCRIPT	high	src/data/frontier_df3_ending/frontier_df3_ending.c	2	150-165	.data.frontier_df3_ending.gap0		"{""4byte"": 13}"	56	20	0	0	0	several leading ProcCmd-looking opcode pairs	EXTRACT typed struct ProcCmd
UNRESOLVED	low	src/data/frontier_df3_ending/frontier_df3_ending.c	3	182-186	.data.frontier_df3_ending.gap0	data_08AC2510	{}	0	0	0	0	0	no recognized asm payload	LEFT pending manual audit
PROC_SCRIPT	high	src/data/frontier_df3_ending/frontier_df3_ending.c	4	199-206	.data.frontier_df3_ending.gap0		"{""4byte"": 5}"	16	10	0	0	0	valid ProcCmd opcode pairs ending in PROC_END	EXTRACT typed struct ProcCmd
DATA_TABLE	medium	src/data/frontier_df3_ending/frontier_df3_ending.c	5	212-268	.data.frontier_df3_ending.gap0		"{""4byte"": 54}"	285	39	0	0	0	structured scalar/pointer data; mixed symbolic words with raw data: audit false pointers	EXTRACT typed C or fix false pointer after source/consumer/FE8U audit
UNRESOLVED	low	src/data/frontier_df3_eventscr_ch/frontier_df3_eventscr_ch.c	1	4203-4204			{}	0	0	0	0	0	no recognized asm payload	LEFT pending manual audit
DATA_TABLE	medium	src/data/frontier_df3_eventscr_ch/frontier_df3_eventscr_ch.c	2	4205-4219	.data.frontier_df3_eventscr_ch.gap18	frontier_df3_eventscr_ch_018_A6FAE4	"{""4byte"": 8}"	7	1	0	0	0	structured scalar/pointer data; mixed symbolic words with raw data: audit false pointers	EXTRACT typed C or fix false pointer after source/consumer/FE8U audit
DATA_TABLE	medium	src/data/frontier_df3_opanim_gfx/frontier_df3_opanim_gfx.c	1	11-17	.data.frontier_df3_opanim_gfx.gap0	data_08B77410	"{""byte"": 2}"	0	0	0	12	0	structured scalar/pointer data	EXTRACT typed C or fix false pointer after source/consumer/FE8U audit
GRAPHICS	medium	src/data/frontier_df3_opanim_gfx/frontier_df3_opanim_gfx.c	2	23-31	.data.frontier_df3_opanim_gfx.gap2	data_08B839D8	"{""byte"": 4}"	0	0	0	28	0	graphics-like naming or embedded incbin/byte runs	EXTRACT graphics source where format is clear
DATA_TABLE	medium	src/data/frontier_df3_opanim_gfx/frontier_df3_opanim_gfx.c	3	36-41	.data.frontier_df3_opanim_gfx.gap3	data_08B89AF0	"{""byte"": 1}"	0	0	0	8	0	structured scalar/pointer data	EXTRACT typed C or fix false pointer after source/consumer/FE8U audit
DATA_TABLE	medium	src/data/frontier_df3_titlescreen/frontier_df3_titlescreen.c	1	9-165	.data.frontier_df3_titlescreen.gap1	frontier_df3_titlescreen_001_B48D38	"{""short"": 152}"	0	0	1818	0	0	structured scalar/pointer data	EXTRACT typed C or fix false pointer after source/consumer/FE8U audit
PROC_SCRIPT	high	src/data/frontier_df4_banim_a/frontier_df4_banim_a.c	1	123-407	.data.frontier_df4_banim_a.gap0	data_085E1740	"{""4byte"": 280}"	1674	2	0	0	0	valid ProcCmd opcode pairs ending in PROC_END	EXTRACT typed struct ProcCmd
PROC_SCRIPT	high	src/data/frontier_df4_banim_a/frontier_df4_banim_a.c	2	410-424	.data.frontier_df4_banim_a.gap1	frontier_df4_banim_a_001_5E37CC,data_085E37E4,data_085E380C	"{""4byte"": 6}"	18	12	0	0	0	valid ProcCmd opcode pairs ending in PROC_END	EXTRACT typed struct ProcCmd
PROC_SCRIPT	high	src/data/frontier_df4_banim_a/frontier_df4_banim_a.c	3	429-435	.data.frontier_df4_banim_a.gap1	data_085E386C	"{""4byte"": 2}"	6	4	0	0	0	valid ProcCmd opcode pairs ending in PROC_END	EXTRACT typed struct ProcCmd
GRAPHICS	medium	src/data/frontier_df4_banim_a/frontier_df4_banim_a.c	4	443-453	.data.frontier_df4_banim_a.gap1		"{""4byte"": 8}"	29	17	0	0	0	graphics-like naming or embedded incbin/byte runs	EXTRACT graphics source where format is clear
PROC_SCRIPT	high	src/data/frontier_df4_banim_a/frontier_df4_banim_a.c	5	457-461	.data.frontier_df4_banim_a.gap1		"{""4byte"": 2}"	6	4	0	0	0	valid ProcCmd opcode pairs ending in PROC_END	EXTRACT typed struct ProcCmd
PROC_SCRIPT	high	src/data/frontier_df4_banim_a/frontier_df4_banim_a.c	6	465-473	.data.frontier_df4_banim_a.gap1		"{""4byte"": 6}"	16	16	0	0	0	valid ProcCmd opcode pairs ending in PROC_END	EXTRACT typed struct ProcCmd
UNRESOLVED	low	src/data/frontier_df4_banim_a/frontier_df4_banim_a.c	7	485-489	.data.frontier_df4_banim_a.gap2	frontier_df4_banim_a_002_5E3AD4	{}	0	0	0	0	0	no recognized asm payload	LEFT pending manual audit
PROC_SCRIPT	high	src/data/frontier_df4_banim_a/frontier_df4_banim_a.c	8	506-512	.data.frontier_df4_banim_a.gap2	data_085E3B74	"{""4byte"": 2}"	8	4	0	0	0	valid ProcCmd opcode pairs ending in PROC_END	EXTRACT typed struct ProcCmd
PROC_SCRIPT	high	src/data/frontier_df4_banim_a/frontier_df4_banim_a.c	9	516-528	.data.frontier_df4_banim_a.gap2	data_085E3BC4,data_085E3BEC,data_085E3C14	"{""4byte"": 4}"	14	6	0	0	0	valid ProcCmd opcode pairs ending in PROC_END	EXTRACT typed struct ProcCmd
DATA_TABLE	medium	src/data/frontier_df4_banim_a/frontier_df4_banim_a.c	10	533-539	.data.frontier_df4_banim_a.gap2	data_085E3C3C	"{""4byte"": 2}"	7	3	0	0	0	structured scalar/pointer data; mixed symbolic words with raw data: audit false pointers	EXTRACT typed C or fix false pointer after source/consumer/FE8U audit
PROC_SCRIPT	high	src/data/frontier_df4_banim_a/frontier_df4_banim_a.c	11	544-550	.data.frontier_df4_banim_a.gap2		"{""4byte"": 4}"	10	10	0	0	0	valid ProcCmd opcode pairs ending in PROC_END	EXTRACT typed struct ProcCmd
PROC_SCRIPT	high	src/data/frontier_df4_banim_a/frontier_df4_banim_a.c	12	554-559	.data.frontier_df4_banim_a.gap2		"{""4byte"": 3}"	10	8	0	0	0	valid ProcCmd opcode pairs ending in PROC_END	EXTRACT typed struct ProcCmd
PROC_SCRIPT	high	src/data/frontier_df4_banim_a/frontier_df4_banim_a.c	13	568-585	.data.frontier_df4_banim_a.gap2		"{""4byte"": 15}"	16	72	0	0	0	valid ProcCmd opcode pairs ending in PROC_END	EXTRACT typed struct ProcCmd
GRAPHICS	medium	src/data/frontier_df4_banim_a/frontier_df4_banim_a.c	14	599-612	.data.frontier_df4_banim_a.gap2		"{""4byte"": 11}"	33	30	0	0	0	graphics-like naming or embedded incbin/byte runs	EXTRACT graphics source where format is clear
GRAPHICS	medium	src/data/frontier_df4_banim_a/frontier_df4_banim_a.c	15	692-724	.data.frontier_df4_banim_a.gap8	frontier_df4_banim_a_008_5FE7D8	"{""4byte"": 28}"	101	64	0	0	0	graphics-like naming or embedded incbin/byte runs	EXTRACT graphics source where format is clear
PROC_SCRIPT	high	src/data/frontier_df4_banim_a/frontier_df4_banim_a.c	16	727-753	.data.frontier_df4_banim_a.gap9	frontier_df4_banim_a_009_5FF000,data_085FF1C0	"{""4byte"": 20}"	10	104	0	0	0	valid ProcCmd opcode pairs ending in PROC_END	EXTRACT typed struct ProcCmd
DATA_TABLE	medium	src/data/frontier_df4_banim_a/frontier_df4_banim_a.c	17	766-772	.data.frontier_df4_banim_a.gap9	data_085FF238	"{""4byte"": 2}"	5	3	0	0	0	structured scalar/pointer data; mixed symbolic words with raw data: audit false pointers	EXTRACT typed C or fix false pointer after source/consumer/FE8U audit
PROC_SCRIPT	high	src/data/frontier_df4_banim_a/frontier_df4_banim_a.c	18	776-782	.data.frontier_df4_banim_a.gap9	data_085FF270	"{""4byte"": 2}"	8	4	0	0	0	valid ProcCmd opcode pairs ending in PROC_END	EXTRACT typed struct ProcCmd
DATA_TABLE	medium	src/data/frontier_df4_banim_a/frontier_df4_banim_a.c	19	795-802	.data.frontier_df4_banim_a.gap9	data_085FF308	"{""4byte"": 3}"	9	5	0	0	0	structured scalar/pointer data; mixed symbolic words with raw data: audit false pointers	EXTRACT typed C or fix false pointer after source/consumer/FE8U audit
PROC_SCRIPT	high	src/data/frontier_df4_banim_a/frontier_df4_banim_a.c	20	818-831	.data.frontier_df4_banim_a.gap9		"{""4byte"": 11}"	8	58	0	0	0	valid ProcCmd opcode pairs ending in PROC_END	EXTRACT typed struct ProcCmd
PROC_SCRIPT	high	src/data/frontier_df4_banim_a/frontier_df4_banim_a.c	21	835-853	.data.frontier_df4_banim_a.gap9	data_085FF508,data_085FF520,data_085FF538,data_085FF558	"{""4byte"": 8}"	30	14	0	0	0	valid ProcCmd opcode pairs ending in PROC_END	EXTRACT typed struct ProcCmd
PROC_SCRIPT	high	src/data/frontier_df4_banim_a/frontier_df4_banim_a.c	22	857-876	.data.frontier_df4_banim_a.gap9	data_085FF5F0,data_085FF628	"{""4byte"": 13}"	38	28	0	0	0	valid ProcCmd opcode pairs ending in PROC_END	EXTRACT typed struct ProcCmd
PROC_SCRIPT	high	src/data/frontier_df4_banim_a/frontier_df4_banim_a.c	23	880-883	.data.frontier_df4_banim_a.gap9		"{""4byte"": 1}"	4	2	0	0	0	valid ProcCmd opcode pairs ending in PROC_END	EXTRACT typed struct ProcCmd
SECTION_GLUE	high	src/data/frontier_df4_banim_a/frontier_df4_banim_a.c	24	887-890	.data.frontier_df4_banim_a.gap9		"{""4byte"": 1}"	0	4	0	0	0	gap section with only symbolic relocatable refs	LEFT relocatable section glue
UNRESOLVED	low	src/data/frontier_df4_banim_a/frontier_df4_banim_a.c	25	905-909	.data.frontier_df4_banim_a.gap10	frontier_df4_banim_a_010_5FF7C8	{}	0	0	0	0	0	no recognized asm payload	LEFT pending manual audit
SECTION_GLUE	high	src/data/frontier_df4_banim_a/frontier_df4_banim_a.c	26	916-925	.data.frontier_df4_banim_a.gap10		"{""4byte"": 7}"	0	42	0	0	0	gap section with only symbolic relocatable refs	LEFT relocatable section glue
PROC_SCRIPT	high	src/data/frontier_df4_banim_a/frontier_df4_banim_a.c	27	935-940	.data.frontier_df4_banim_a.gap10	data_085FF8F0	"{""4byte"": 1}"	4	2	0	0	0	valid ProcCmd opcode pairs ending in PROC_END	EXTRACT typed struct ProcCmd
PROC_SCRIPT	high	src/data/frontier_df4_banim_a/frontier_df4_banim_a.c	28	944-956	.data.frontier_df4_banim_a.gap10		"{""4byte"": 10}"	16	42	0	0	0	valid ProcCmd opcode pairs ending in PROC_END	EXTRACT typed struct ProcCmd
PROC_SCRIPT	high	src/data/frontier_df4_banim_a/frontier_df4_banim_a.c	29	960-973	.data.frontier_df4_banim_a.gap10		"{""4byte"": 11}"	28	34	0	0	0	valid ProcCmd opcode pairs ending in PROC_END	EXTRACT typed struct ProcCmd
UNRESOLVED	low	src/data/frontier_df4_banim_a/frontier_df4_banim_a.c	30	976-980	.data.frontier_df4_banim_a.gap11	frontier_df4_banim_a_011_5FFBA0	{}	0	0	0	0	0	no recognized asm payload	LEFT pending manual audit
SECTION_GLUE	high	src/data/frontier_df4_banim_a/frontier_df4_banim_a.c	31	984-1000	.data.frontier_df4_banim_a.gap11		"{""4byte"": 14}"	0	82	0	0	0	gap section with only symbolic relocatable refs	LEFT relocatable section glue
DATA_TABLE	medium	src/data/frontier_df4_banim_a/frontier_df4_banim_a.c	32	1013-1036	.data.frontier_df4_banim_a.gap11		"{""4byte"": 21}"	15	111	0	0	0	structured scalar/pointer data; mixed symbolic words with raw data: audit false pointers	EXTRACT typed C or fix false pointer after source/consumer/FE8U audit
GRAPHICS	medium	src/data/frontier_df4_banim_a/frontier_df4_banim_a.c	33	1040-1126	.data.frontier_df4_banim_a.gap11	data_08600594	"{""4byte"": 82}"	65	422	0	0	0	graphics-like naming or embedded incbin/byte runs	EXTRACT graphics source where format is clear
PROC_SCRIPT	high	src/data/frontier_df4_banim_a/frontier_df4_banim_a.c	34	1129-1148	.data.frontier_df4_banim_a.gap12	frontier_df4_banim_a_012_600754	"{""4byte"": 15}"	24	66	0	0	0	valid ProcCmd opcode pairs ending in PROC_END	EXTRACT typed struct ProcCmd
PROC_SCRIPT	high	src/data/frontier_df4_banim_a/frontier_df4_banim_a.c	35	1155-1183	.data.frontier_df4_banim_a.gap12		"{""4byte"": 26}"	36	116	0	0	0	valid ProcCmd opcode pairs ending in PROC_END	EXTRACT typed struct ProcCmd
GRAPHICS	medium	src/data/frontier_df4_banim_a/frontier_df4_banim_a.c	36	1187-1223	.data.frontier_df4_banim_a.gap12	data_08600DB8	"{""4byte"": 32}"	93	92	0	0	0	graphics-like naming or embedded incbin/byte runs	EXTRACT graphics source where format is clear
GRAPHICS	medium	src/data/frontier_df4_banim_a/frontier_df4_banim_a.c	37	1227-1239	.data.frontier_df4_banim_a.gap12		"{""4byte"": 10}"	29	27	0	0	0	graphics-like naming or embedded incbin/byte runs	EXTRACT graphics source where format is clear
GRAPHICS	medium	src/data/frontier_df4_banim_a/frontier_df4_banim_a.c	38	1243-1286	.data.frontier_df4_banim_a.gap12	data_08601000,data_08601108	"{""4byte"": 37}"	123	95	0	0	0	graphics-like naming or embedded incbin/byte runs	EXTRACT graphics source where format is clear
PROC_SCRIPT	high	src/data/frontier_df4_banim_a/frontier_df4_banim_a.c	39	1289-1321	.data.frontier_df4_banim_a.gap13	frontier_df4_banim_a_013_601630,data_08601700,data_08601748,data_086017A8,data_086017C0	"{""4byte"": 20}"	72	46	0	0	0	valid ProcCmd opcode pairs ending in PROC_END	EXTRACT typed struct ProcCmd
GRAPHICS	medium	src/data/frontier_df4_banim_a/frontier_df4_banim_a.c	40	1325-1341	.data.frontier_df4_banim_a.gap13		"{""4byte"": 14}"	19	61	0	0	0	graphics-like naming or embedded incbin/byte runs	EXTRACT graphics source where format is clear
GRAPHICS	medium	src/data/frontier_df4_banim_a/frontier_df4_banim_a.c	41	1345-1403	.data.frontier_df4_banim_a.gap13	data_08601978,data_086019C0,data_086019E0,data_086019F8,data_08601A40,data_08601B68,data_08601B98,data_08601C68,...	"{""4byte"": 38}"	125	85	0	0	0	graphics-like naming or embedded incbin/byte runs	EXTRACT graphics source where format is clear
GRAPHICS	medium	src/data/frontier_df4_banim_a/frontier_df4_banim_a.c	42	1406-1501	.data.frontier_df4_banim_a.gap14	frontier_df4_banim_a_014_601CD8	"{""4byte"": 91}"	117	425	0	0	0	graphics-like naming or embedded incbin/byte runs	EXTRACT graphics source where format is clear
PROC_SCRIPT	high	src/data/frontier_df4_banim_b/frontier_df4_banim_b.c	1	288-354	.data.frontier_df4_banim_b.gap0	frontier_df4_banim_b_000_602568	"{""4byte"": 62}"	94	273	0	0	0	valid ProcCmd opcode pairs ending in PROC_END	EXTRACT typed struct ProcCmd
GRAPHICS	medium	src/data/frontier_df4_banim_b/frontier_df4_banim_b.c	2	357-398	.data.frontier_df4_banim_b.gap1	frontier_df4_banim_b_001_602FB0	"{""4byte"": 37}"	67	150	0	0	0	graphics-like naming or embedded incbin/byte runs	EXTRACT graphics source where format is clear
PROC_SCRIPT	high	src/data/frontier_df4_banim_b/frontier_df4_banim_b.c	3	402-409	.data.frontier_df4_banim_b.gap1		"{""4byte"": 5}"	18	12	0	0	0	valid ProcCmd opcode pairs ending in PROC_END	EXTRACT typed struct ProcCmd
SECTION_GLUE	high	src/data/frontier_df4_banim_b/frontier_df4_banim_b.c	4	428-432	.data.frontier_df4_banim_b.gap1		"{""4byte"": 2}"	0	10	0	0	0	gap section with only symbolic relocatable refs	LEFT relocatable section glue
PROC_SCRIPT	high	src/data/frontier_df4_banim_b/frontier_df4_banim_b.c	5	439-445	.data.frontier_df4_banim_b.gap1	data_0860349C	"{""4byte"": 2}"	6	2	0	0	0	valid ProcCmd opcode pairs ending in PROC_END	EXTRACT typed struct ProcCmd
SECTION_GLUE	high	src/data/frontier_df4_banim_b/frontier_df4_banim_b.c	6	452-456	.data.frontier_df4_banim_b.gap1		"{""4byte"": 2}"	0	10	0	0	0	gap section with only symbolic relocatable refs	LEFT relocatable section glue
SECTION_GLUE	high	src/data/frontier_df4_banim_b/frontier_df4_banim_b.c	7	481-487	.data.frontier_df4_banim_b.gap1		"{""4byte"": 4}"	0	22	0	0	0	gap section with only symbolic relocatable refs	LEFT relocatable section glue
PROC_SCRIPT	high	src/data/frontier_df4_banim_b/frontier_df4_banim_b.c	8	521-525	.data.frontier_df4_banim_b.gap1		"{""4byte"": 2}"	8	4	0	0	0	valid ProcCmd opcode pairs ending in PROC_END	EXTRACT typed struct ProcCmd
UNRESOLVED	low	src/data/frontier_df4_banim_b/frontier_df4_banim_b.c	9	528-532	.data.frontier_df4_banim_b.gap2	frontier_df4_banim_b_002_603894	{}	0	0	0	0	0	no recognized asm payload	LEFT pending manual audit
SECTION_GLUE	high	src/data/frontier_df4_banim_b/frontier_df4_banim_b.c	10	539-542	.data.frontier_df4_banim_b.gap2		"{""4byte"": 1}"	0	4	0	0	0	gap section with only symbolic relocatable refs	LEFT relocatable section glue
SECTION_GLUE	high	src/data/frontier_df4_banim_b/frontier_df4_banim_b.c	11	552-555	.data.frontier_df4_banim_b.gap2		"{""4byte"": 1}"	0	3	0	0	0	gap section with only symbolic relocatable refs	LEFT relocatable section glue
PROC_SCRIPT	high	src/data/frontier_df4_banim_b/frontier_df4_banim_b.c	12	562-582	.data.frontier_df4_banim_b.gap2	data_08603968,data_08603980,data_08603A00,data_08603A18	"{""4byte"": 10}"	18	36	0	0	0	valid ProcCmd opcode pairs ending in PROC_END	EXTRACT typed struct ProcCmd
SECTION_GLUE	high	src/data/frontier_df4_banim_b/frontier_df4_banim_b.c	13	586-596	.data.frontier_df4_banim_b.gap2		"{""4byte"": 8}"	0	48	0	0	0	gap section with only symbolic relocatable refs	LEFT relocatable section glue
PROC_SCRIPT	high	src/data/frontier_df4_banim_b/frontier_df4_banim_b.c	14	601-691	.data.frontier_df4_banim_b.gap2		"{""4byte"": 88}"	142	381	0	0	0	valid ProcCmd opcode pairs ending in PROC_END	EXTRACT typed struct ProcCmd
GRAPHICS	medium	src/data/frontier_df4_banim_b/frontier_df4_banim_b.c	15	692-1092	.data.frontier_df4_banim_b.gap3	frontier_df4_banim_b_003_604F7C	"{""4byte"": 13, ""short"": 383}"	0	13	3044	0	0	graphics-like naming or embedded incbin/byte runs	EXTRACT graphics source where format is clear
GRAPHICS	medium	src/data/frontier_df4_banim_b/frontier_df4_banim_b.c	16	1095-1198	.data.frontier_df4_banim_b.gap4	data_08608E88	"{""short"": 99}"	0	0	790	0	0	graphics-like naming or embedded incbin/byte runs	EXTRACT graphics source where format is clear
GRAPHICS	medium	src/data/frontier_df4_banim_b/frontier_df4_banim_b.c	17	1200-1440	.data.frontier_df4_banim_b.gap4	data_086094B4	"{""short"": 236}"	0	0	1888	0	0	graphics-like naming or embedded incbin/byte runs	EXTRACT graphics source where format is clear
GRAPHICS	medium	src/data/frontier_df4_banim_b/frontier_df4_banim_b.c	18	1444-1509	.data.frontier_df4_banim_b.gap4	data_0860A474	"{""short"": 61}"	0	0	484	0	0	graphics-like naming or embedded incbin/byte runs	EXTRACT graphics source where format is clear
GRAPHICS	medium	src/data/frontier_df4_banim_b/frontier_df4_banim_b.c	19	1510-1581	.data.frontier_df4_banim_b.gap5	frontier_df4_banim_b_005_611798	"{""4byte"": 26, ""short"": 41}"	0	26	320	0	0	graphics-like naming or embedded incbin/byte runs	EXTRACT graphics source where format is clear
GRAPHICS	medium	src/data/frontier_df4_banim_b/frontier_df4_banim_b.c	20	1582-1653	.data.frontier_df4_banim_b.gap6	frontier_df4_banim_b_006_6123D4	"{""4byte"": 26, ""short"": 41}"	0	26	320	0	0	graphics-like naming or embedded incbin/byte runs	EXTRACT graphics source where format is clear
GRAPHICS	medium	src/data/frontier_df4_banim_b/frontier_df4_banim_b.c	21	1655-1715	.data.frontier_df4_banim_b.gap7	frontier_df4_banim_b_007_617424	"{""4byte"": 56}"	198	85	0	0	0	graphics-like naming or embedded incbin/byte runs	EXTRACT graphics source where format is clear
GRAPHICS	medium	src/data/frontier_df4_banim_b/frontier_df4_banim_b.c	22	1717-1777	.data.frontier_df4_banim_b.gap8	frontier_df4_banim_b_008_6186C4	"{""4byte"": 56}"	198	85	0	0	0	graphics-like naming or embedded incbin/byte runs	EXTRACT graphics source where format is clear
GRAPHICS	medium	src/data/frontier_df4_banim_b/frontier_df4_banim_b.c	23	1779-1839	.data.frontier_df4_banim_b.gap9	frontier_df4_banim_b_009_619994	"{""4byte"": 56}"	198	85	0	0	0	graphics-like naming or embedded incbin/byte runs	EXTRACT graphics source where format is clear
GRAPHICS	medium	src/data/frontier_df4_banim_b/frontier_df4_banim_b.c	24	1841-1901	.data.frontier_df4_banim_b.gap10	frontier_df4_banim_b_010_61AC64	"{""4byte"": 56}"	198	85	0	0	0	graphics-like naming or embedded incbin/byte runs	EXTRACT graphics source where format is clear
GRAPHICS	medium	src/data/frontier_df4_banim_b/frontier_df4_banim_b.c	25	1920-1982	.data.frontier_df4_banim_b.gap12	frontier_df4_banim_b_012_61EC9C	"{""4byte"": 4, ""short"": 54}"	0	4	426	0	0	graphics-like naming or embedded incbin/byte runs	EXTRACT graphics source where format is clear
GRAPHICS	medium	src/data/frontier_df4_banim_b/frontier_df4_banim_b.c	26	2008-2134	.data.frontier_df4_banim_b.gap20	frontier_df4_banim_b_020_65A7FC	"{""4byte"": 122}"	695	55	0	0	0	graphics-like naming or embedded incbin/byte runs	EXTRACT graphics source where format is clear
GRAPHICS	medium	src/data/frontier_df4_banim_b/frontier_df4_banim_b.c	27	2159-2263	.data.frontier_df4_banim_b.gap24	frontier_df4_banim_b_024_67E9B8	"{""4byte"": 100}"	589	8	0	0	0	graphics-like naming or embedded incbin/byte runs	EXTRACT graphics source where format is clear
GRAPHICS	medium	src/data/frontier_df4_banim_b/frontier_df4_banim_b.c	28	2321-2447	.data.frontier_df4_banim_b.gap30	frontier_df4_banim_b_030_69C34C	"{""4byte"": 122}"	728	0	0	0	0	graphics-like naming or embedded incbin/byte runs	EXTRACT graphics source where format is clear
GRAPHICS	medium	src/data/frontier_df4_banim_b/frontier_df4_banim_b.c	29	2450-2488	.data.frontier_df4_banim_b.gap31	frontier_df4_banim_b_031_69EBD8	"{""short"": 34}"	0	0	272	0	0	graphics-like naming or embedded incbin/byte runs	EXTRACT graphics source where format is clear
PROC_SCRIPT	high	src/data/frontier_df4_banim_b/frontier_df4_banim_b.c	30	2491-2581	.data.frontier_df4_banim_b.gap32	frontier_df4_banim_b_032_6A5EDC	"{""4byte"": 86}"	512	0	0	0	0	valid ProcCmd opcode pairs ending in PROC_END	EXTRACT typed struct ProcCmd
GRAPHICS	medium	src/data/frontier_df4_banim_b/frontier_df4_banim_b.c	31	2589-3040	.data.frontier_df4_banim_b.gap34	frontier_df4_banim_b_034_6A9534	"{""short"": 447}"	0	0	2682	0	0	graphics-like naming or embedded incbin/byte runs	EXTRACT graphics source where format is clear
GRAPHICS	medium	src/data/frontier_df4_banim_b/frontier_df4_banim_b.c	32	3042-3105	.data.frontier_df4_banim_b.gap35	frontier_df4_banim_b_035_6AB184	"{""short"": 59}"	0	0	354	0	0	graphics-like naming or embedded incbin/byte runs	EXTRACT graphics source where format is clear
GRAPHICS	medium	src/data/frontier_df4_banim_b/frontier_df4_banim_b.c	33	3106-3228	.data.frontier_df4_banim_b.gap36	frontier_df4_banim_b_036_6AB520	"{""4byte"": 41, ""short"": 77}"	0	41	612	0	0	graphics-like naming or embedded incbin/byte runs	EXTRACT graphics source where format is clear
GRAPHICS	medium	src/data/frontier_df4_banim_b/frontier_df4_banim_b.c	34	3243-3372	.data.frontier_df4_banim_b.gap39	frontier_df4_banim_b_039_6ADB74	"{""4byte"": 34, ""short"": 91}"	0	34	678	0	0	graphics-like naming or embedded incbin/byte runs	EXTRACT graphics source where format is clear
GRAPHICS	medium	src/data/frontier_df4_banim_b/frontier_df4_banim_b.c	35	3374-3825	.data.frontier_df4_banim_b.gap40	frontier_df4_banim_b_040_6AF038	"{""short"": 447}"	0	0	2682	0	0	graphics-like naming or embedded incbin/byte runs	EXTRACT graphics source where format is clear
GRAPHICS	medium	src/data/frontier_df4_banim_b/frontier_df4_banim_b.c	36	3827-3890	.data.frontier_df4_banim_b.gap41	frontier_df4_banim_b_041_6B0C88	"{""short"": 59}"	0	0	354	0	0	graphics-like naming or embedded incbin/byte runs	EXTRACT graphics source where format is clear
GRAPHICS	medium	src/data/frontier_df4_banim_b/frontier_df4_banim_b.c	37	3891-4013	.data.frontier_df4_banim_b.gap42	frontier_df4_banim_b_042_6B1024	"{""4byte"": 41, ""short"": 77}"	0	41	612	0	0	graphics-like naming or embedded incbin/byte runs	EXTRACT graphics source where format is clear
GRAPHICS	medium	src/data/frontier_df4_banim_b/frontier_df4_banim_b.c	38	4015-4149	.data.frontier_df4_banim_b.gap43	frontier_df4_banim_b_043_6B1690	"{""short"": 130}"	0	0	1040	0	0	graphics-like naming or embedded incbin/byte runs	EXTRACT graphics source where format is clear
GRAPHICS	medium	src/data/frontier_df4_banim_b/frontier_df4_banim_b.c	39	4151-4198	.data.frontier_df4_banim_b.gap44	frontier_df4_banim_b_044_6B64CC	"{""short"": 43}"	0	0	258	0	0	graphics-like naming or embedded incbin/byte runs	EXTRACT graphics source where format is clear
GRAPHICS	medium	src/data/frontier_df4_banim_b/frontier_df4_banim_b.c	40	4200-4538	.data.frontier_df4_banim_b.gap45	frontier_df4_banim_b_045_6BB2EC	"{""short"": 334}"	0	0	2004	0	0	graphics-like naming or embedded incbin/byte runs	EXTRACT graphics source where format is clear
GRAPHICS	medium	src/data/frontier_df4_banim_b/frontier_df4_banim_b.c	41	4540-4608	.data.frontier_df4_banim_b.gap46	frontier_df4_banim_b_046_6BC4BC	"{""short"": 64}"	0	0	384	0	0	graphics-like naming or embedded incbin/byte runs	EXTRACT graphics source where format is clear
GRAPHICS	medium	src/data/frontier_df4_banim_b/frontier_df4_banim_b.c	42	4610-4657	.data.frontier_df4_banim_b.gap47	frontier_df4_banim_b_047_6BCF9C	"{""short"": 43}"	0	0	258	0	0	graphics-like naming or embedded incbin/byte runs	EXTRACT graphics source where format is clear
GRAPHICS	medium	src/data/frontier_df4_banim_b/frontier_df4_banim_b.c	43	4659-4711	.data.frontier_df4_banim_b.gap48	frontier_df4_banim_b_048_6CF20C	"{""short"": 48}"	0	0	288	0	0	graphics-like naming or embedded incbin/byte runs	EXTRACT graphics source where format is clear
GRAPHICS	medium	src/data/frontier_df4_banim_b/frontier_df4_banim_b.c	44	4718-4766	.data.frontier_df4_banim_b.gap51	data_086E1EA4	"{""short"": 44}"	0	0	346	0	0	graphics-like naming or embedded incbin/byte runs	EXTRACT graphics source where format is clear
GRAPHICS	medium	src/data/frontier_df4_banim_b/frontier_df4_banim_b.c	45	4780-4912	.data.frontier_df4_banim_b.gap53	data_08706F14	"{""4byte"": 128}"	760	6	0	0	0	graphics-like naming or embedded incbin/byte runs	EXTRACT graphics source where format is clear
GRAPHICS	medium	src/data/frontier_df4_banim_b/frontier_df4_banim_b.c	46	4915-5013	.data.frontier_df4_banim_b.gap54	data_08716FC4	"{""short"": 94}"	0	0	748	0	0	graphics-like naming or embedded incbin/byte runs	EXTRACT graphics source where format is clear
GRAPHICS	medium	src/data/frontier_df4_banim_b/frontier_df4_banim_b.c	47	5014-5119	.data.frontier_df4_banim_b.gap55	frontier_df4_banim_b_055_7179EC	"{""4byte"": 6, ""short"": 95}"	0	6	758	0	0	graphics-like naming or embedded incbin/byte runs	EXTRACT graphics source where format is clear
GRAPHICS	medium	src/data/frontier_df4_banim_b/frontier_df4_banim_b.c	48	5133-5346	.data.frontier_df4_banim_b.gap59	data_087A0EF4	"{""short"": 209}"	0	0	1672	0	0	graphics-like naming or embedded incbin/byte runs	EXTRACT graphics source where format is clear
DATA_TABLE	medium	src/data/frontier_df4_banim_b/frontier_df4_banim_b.c	49	5348-5354	.data.frontier_df4_banim_b.gap59	data_087A1C04	"{""4byte"": 2}"	1	7	0	0	0	structured scalar/pointer data; mixed symbolic words with raw data: audit false pointers	EXTRACT typed C or fix false pointer after source/consumer/FE8U audit
PROC_SCRIPT	high	src/data/frontier_df4_banim_b/frontier_df4_banim_b.c	50	5356-5372	.data.frontier_df4_banim_b.gap59	data_087A1C24	"{""4byte"": 12}"	4	66	0	0	0	valid ProcCmd opcode pairs ending in PROC_END	EXTRACT typed struct ProcCmd
PROC_SCRIPT	high	src/data/frontier_df4_banim_b/frontier_df4_banim_b.c	51	5375-5390	.data.frontier_df4_banim_b.gap60	frontier_df4_banim_b_060_7A8B10	"{""4byte"": 11}"	34	29	0	0	0	valid ProcCmd opcode pairs ending in PROC_END	EXTRACT typed struct ProcCmd
GRAPHICS	medium	src/data/frontier_df4_banim_b/frontier_df4_banim_b.c	52	5401-5435	.data.frontier_df4_banim_b.gap60		"{""4byte"": 32}"	182	6	0	0	0	graphics-like naming or embedded incbin/byte runs	EXTRACT graphics source where format is clear
PROC_SCRIPT	high	src/data/frontier_df4_banim_b/frontier_df4_banim_b.c	53	5439-5453	.data.frontier_df4_banim_b.gap60		"{""4byte"": 12}"	68	2	0	0	0	valid ProcCmd opcode pairs ending in PROC_END	EXTRACT typed struct ProcCmd
GRAPHICS	medium	src/data/frontier_df4_banim_b/frontier_df4_banim_b.c	54	5455-5487	.data.frontier_df4_banim_b.gap61	frontier_df4_banim_b_061_7A9254	"{""4byte"": 28}"	112	56	0	0	0	graphics-like naming or embedded incbin/byte runs	EXTRACT graphics source where format is clear
PROC_SCRIPT	high	src/data/frontier_df4_banim_b/frontier_df4_banim_b.c	55	5495-5518	.data.frontier_df4_banim_b.gap61		"{""4byte"": 21}"	8	115	0	0	0	valid ProcCmd opcode pairs ending in PROC_END	EXTRACT typed struct ProcCmd
GRAPHICS	medium	src/data/frontier_df4_banim_b/frontier_df4_banim_b.c	56	5543-5562	.data.frontier_df4_banim_b.gap61		"{""4byte"": 17}"	59	41	0	0	0	graphics-like naming or embedded incbin/byte runs	EXTRACT graphics source where format is clear
SECTION_GLUE	high	src/data/frontier_df4_banim_b/frontier_df4_banim_b.c	57	5570-5576	.data.frontier_df4_banim_b.gap61		"{""4byte"": 4}"	0	22	0	0	0	gap section with only symbolic relocatable refs	LEFT relocatable section glue
SECTION_GLUE	high	src/data/frontier_df4_banim_b/frontier_df4_banim_b.c	58	5580-5583	.data.frontier_df4_banim_b.gap61		"{""4byte"": 1}"	0	6	0	0	0	gap section with only symbolic relocatable refs	LEFT relocatable section glue
SECTION_GLUE	high	src/data/frontier_df4_banim_b/frontier_df4_banim_b.c	59	5606-5609	.data.frontier_df4_banim_b.gap61		"{""4byte"": 1}"	0	6	0	0	0	gap section with only symbolic relocatable refs	LEFT relocatable section glue
PROC_SCRIPT	high	src/data/frontier_df4_banim_b/frontier_df4_banim_b.c	60	5613-5616	.data.frontier_df4_banim_b.gap61		"{""4byte"": 1}"	4	2	0	0	0	valid ProcCmd opcode pairs ending in PROC_END	EXTRACT typed struct ProcCmd
GRAPHICS	medium	src/data/frontier_df4_banim_b/frontier_df4_banim_b.c	61	5626-5678	.data.frontier_df4_banim_b.gap62	frontier_df4_banim_b_062_7AA39C	"{""4byte"": 11, ""short"": 37}"	0	11	274	0	0	graphics-like naming or embedded incbin/byte runs	EXTRACT graphics source where format is clear
DATA_TABLE	medium	src/data/frontier_df4_banim_b/frontier_df4_banim_b.c	62	5680-5734	.data.frontier_df4_banim_b.gap63	frontier_df4_banim_b_063_7AAC64	"{""4byte"": 50}"	1	231	0	0	0	structured scalar/pointer data; mixed symbolic words with raw data: audit false pointers	EXTRACT typed C or fix false pointer after source/consumer/FE8U audit
GRAPHICS	medium	src/data/frontier_df4_banim_b/frontier_df4_banim_b.c	63	5743-5753	.data.frontier_df4_banim_b.gap67	frontier_df4_banim_b_067_84886C	"{""4byte"": 6}"	20	12	0	0	0	graphics-like naming or embedded incbin/byte runs	EXTRACT graphics source where format is clear
SECTION_GLUE	high	src/data/frontier_df4_banim_b/frontier_df4_banim_b.c	64	5763-5766	.data.frontier_df4_banim_b.gap67		"{""4byte"": 1}"	0	3	0	0	0	gap section with only symbolic relocatable refs	LEFT relocatable section glue
PROC_SCRIPT	high	src/data/frontier_df4_banim_b/frontier_df4_banim_b.c	65	5805-6012	.data.frontier_df4_banim_b.gap70a	frontier_df4_banim_b_070_901138	"{""4byte"": 203}"	640	578	0	0	0	valid ProcCmd opcode pairs ending in PROC_END	EXTRACT typed struct ProcCmd
GRAPHICS	medium	src/data/frontier_df4_banim_b/frontier_df4_banim_b.c	66	6015-6147	.data.frontier_df4_banim_b.gap70b	frontier_df4_banim_b_070_902538	"{""4byte"": 128}"	256	512	0	0	0	graphics-like naming or embedded incbin/byte runs	EXTRACT graphics source where format is clear
PROC_SCRIPT	high	src/data/frontier_df4_banim_b/frontier_df4_banim_b.c	67	6149-6169	.data.frontier_df4_banim_b.gap71	frontier_df4_banim_b_071_903564	"{""4byte"": 16}"	94	0	0	0	0	valid ProcCmd opcode pairs ending in PROC_END	EXTRACT typed struct ProcCmd
PROC_SCRIPT	high	src/data/frontier_df4_banim_b/frontier_df4_banim_b.c	68	6171-6329	.data.frontier_df4_banim_b.gap72	frontier_df4_banim_b_072_903A50	"{""4byte"": 154}"	952	149	0	0	0	valid ProcCmd opcode pairs ending in PROC_END	EXTRACT typed struct ProcCmd
GRAPHICS	medium	src/data/frontier_df4_banim_b/frontier_df4_banim_b.c	69	6330-6437	.data.frontier_df4_banim_b.gap72b	frontier_df4_banim_b_072b_904BC4	"{""4byte"": 64, ""short"": 39}"	0	64	172	0	0	graphics-like naming or embedded incbin/byte runs	EXTRACT graphics source where format is clear
PROC_SCRIPT	high	src/data/frontier_df4_banim_b/frontier_df4_banim_b.c	70	6439-6565	.data.frontier_df4_banim_b.gap73	frontier_df4_banim_b_073_907F78	"{""4byte"": 122}"	34	118	0	0	0	valid ProcCmd opcode pairs ending in PROC_END	EXTRACT typed struct ProcCmd
GRAPHICS	medium	src/data/frontier_df4_banim_b/frontier_df4_banim_b.c	71	6568-6594	.data.frontier_df4_banim_b.gap74	frontier_df4_banim_b_074_909DE8	"{""4byte"": 22}"	117	12	0	0	0	graphics-like naming or embedded incbin/byte runs	EXTRACT graphics source where format is clear
GRAPHICS	medium	src/data/frontier_df4_banim_b/frontier_df4_banim_b.c	72	6595-6641	.data.frontier_df4_banim_b.gap75	frontier_df4_banim_b_075_90A050	"{""4byte"": 1, ""short"": 41}"	0	1	318	0	0	graphics-like naming or embedded incbin/byte runs	EXTRACT graphics source where format is clear
GRAPHICS	medium	src/data/frontier_df4_banim_b/frontier_df4_banim_b.c	73	6644-6688	.data.frontier_df4_banim_b.gap76	frontier_df4_banim_b_076_90B4DC	"{""4byte"": 40}"	230	5	0	0	0	graphics-like naming or embedded incbin/byte runs	EXTRACT graphics source where format is clear
GRAPHICS	medium	src/data/frontier_df4_banim_b/frontier_df4_banim_b.c	74	6689-6812	.data.frontier_df4_banim_b.gap77	frontier_df4_banim_b_077_90DB94	"{""4byte"": 5, ""short"": 114}"	0	5	894	0	0	graphics-like naming or embedded incbin/byte runs	EXTRACT graphics source where format is clear
PROC_SCRIPT	high	src/data/frontier_df4_banim_b/frontier_df4_banim_b.c	75	6815-6872	.data.frontier_df4_banim_b.gap78	frontier_df4_banim_b_078_90E58C	"{""4byte"": 53}"	306	10	0	0	0	valid ProcCmd opcode pairs ending in PROC_END	EXTRACT typed struct ProcCmd
GRAPHICS	medium	src/data/frontier_df4_banim_b/frontier_df4_banim_b.c	76	6873-6917	.data.frontier_df4_banim_b.gap79	frontier_df4_banim_b_079_90EFAC	"{""4byte"": 2, ""short"": 38}"	0	2	296	0	0	graphics-like naming or embedded incbin/byte runs	EXTRACT graphics source where format is clear
SECTION_GLUE	high	src/data/frontier_df4_banim_b/frontier_df4_banim_b.c	77	6919-7163	.data.frontier_df4_banim_b.gap80	frontier_df4_banim_b_080_9CD958	"{""4byte"": 240}"	0	240	0	0	0	gap section with only symbolic relocatable refs	LEFT relocatable section glue
DATA_TABLE	medium	src/data/frontier_df4_banim_b/frontier_df4_banim_b.c	78	7166-7299	.data.frontier_df4_banim_b.gap81	frontier_df4_banim_b_081_9CF318	"{""byte"": 1}"	0	0	0	8	0	structured scalar/pointer data	EXTRACT typed C or fix false pointer after source/consumer/FE8U audit
SECTION_GLUE	high	src/data/frontier_df4_banim_b/frontier_df4_banim_b.c	79	7306-7310	.data.frontier_df4_banim_b.gap82		"{""4byte"": 2}"	0	6	0	0	0	gap section with only symbolic relocatable refs	LEFT relocatable section glue
GRAPHICS	medium	src/data/frontier_df4_banim_b/frontier_df4_banim_b.c	80	7335-7358	.data.frontier_df4_banim_b.gap82	data_08A13010	"{""short"": 19}"	0	0	149	0	0	graphics-like naming or embedded incbin/byte runs	EXTRACT graphics source where format is clear
GRAPHICS	medium	src/data/frontier_df4_banim_b/frontier_df4_banim_b.c	81	7366-7382	.data.frontier_df4_banim_b.gap83	frontier_df4_banim_b_083_A13256,sMuStateFuncs	"{""4byte"": 2, ""short"": 8}"	0	8	45	0	0	graphics-like naming or embedded incbin/byte runs	EXTRACT graphics source where format is clear
PROC_SCRIPT	high	src/data/frontier_df4_banim_b/frontier_df4_banim_b.c	82	7386-7393	.data.frontier_df4_banim_b.gap83_b	ProcScr_MuDeathFade	"{""4byte"": 1, ""short"": 2}"	5	1	12	0	0	ProcScr naming pattern	EXTRACT typed struct ProcCmd
PROC_SCRIPT	high	src/data/frontier_df4_banim_b/frontier_df4_banim_b.c	83	7397-7408	.data.frontier_df4_banim_b.gap83_c	ProcScr_MuPixelEffect	"{""4byte"": 1, ""short"": 6}"	3	1	32	0	0	ProcScr naming pattern	EXTRACT typed struct ProcCmd
PROC_SCRIPT	high	src/data/frontier_df4_banim_b/frontier_df4_banim_b.c	84	7412-7425	.data.frontier_df4_banim_b.gap83_d	ProcScr_MuCritFlash,ProcScr_MuHitFlash	"{""4byte"": 7}"	30	10	0	0	0	valid ProcCmd opcode pairs ending in PROC_END	EXTRACT typed struct ProcCmd
SECTION_GLUE	high	src/data/frontier_df4_banim_b/frontier_df4_banim_b.c	85	7434-7437		data_08A13438	{}	0	0	0	0	0	global .set alias glue only	LEFT relocatable alias glue
UNRESOLVED	low	src/data/frontier_df4_banim_b/frontier_df4_banim_b.c	86	7440-7444	.data.frontier_df4_banim_b.gap84	frontier_df4_banim_b_084_A13880	{}	0	0	0	0	0	no recognized asm payload	LEFT pending manual audit
PROC_SCRIPT	high	src/data/frontier_df4_banim_b/frontier_df4_banim_b.c	87	7488-7495	.data.frontier_df4_banim_b.gap85	frontier_df4_banim_b_085_A13CD0	"{""4byte"": 3}"	10	6	0	0	0	several leading ProcCmd-looking opcode pairs	EXTRACT typed struct ProcCmd
PROC_SCRIPT	high	src/data/frontier_df4_banim_b/frontier_df4_banim_b.c	88	7500-7505	.data.frontier_df4_banim_b.gap85		"{""4byte"": 3}"	14	0	0	0	0	several leading ProcCmd-looking opcode pairs	EXTRACT typed struct ProcCmd
PROC_SCRIPT	high	src/data/frontier_df4_banim_b/frontier_df4_banim_b.c	89	7512-7521	.data.frontier_df4_banim_b.gap85		"{""4byte"": 7}"	22	19	0	0	0	valid ProcCmd opcode pairs ending in PROC_END	EXTRACT typed struct ProcCmd
SECTION_GLUE	high	src/data/frontier_df4_banim_b/frontier_df4_banim_b.c	90	7552-7556	.data.frontier_df4_banim_b.gap85		"{""4byte"": 2}"	0	7	0	0	0	gap section with only symbolic relocatable refs	LEFT relocatable section glue
PROC_SCRIPT	high	src/data/frontier_df4_banim_b/frontier_df4_banim_b.c	91	7561-7565	.data.frontier_df4_banim_b.gap85		"{""4byte"": 2}"	8	2	0	0	0	valid ProcCmd opcode pairs ending in PROC_END	EXTRACT typed struct ProcCmd
SECTION_GLUE	high	src/data/frontier_df4_banim_b/frontier_df4_banim_b.c	92	7574-7582	.data.frontier_df4_banim_b.gap85		"{""4byte"": 6}"	0	33	0	0	0	gap section with only symbolic relocatable refs	LEFT relocatable section glue
DATA_TABLE	medium	src/data/frontier_df4_banim_b/frontier_df4_banim_b.c	93	7591-7596	.data.frontier_df4_banim_b.gap85b_head	frontier_df4_banim_b_085b_A14209	"{""byte"": 1}"	0	0	0	3	0	structured scalar/pointer data	EXTRACT typed C or fix false pointer after source/consumer/FE8U audit
DATA_TABLE	medium	src/data/frontier_df4_banim_b/frontier_df4_banim_b.c	94	7608-7613	.data.frontier_df4_banim_b.gap85bb_head	frontier_df4_banim_b_085b_A14209_b	"{""byte"": 1}"	0	0	0	2	0	structured scalar/pointer data	EXTRACT typed C or fix false pointer after source/consumer/FE8U audit
DATA_TABLE	medium	src/data/frontier_df4_banim_b/frontier_df4_banim_b.c	95	7639-7643	.data.frontier_df4_banim_b.gap85bb_body		"{""4byte"": 2}"	0	10	0	0	0	structured scalar/pointer data	EXTRACT typed C or fix false pointer after source/consumer/FE8U audit
DATA_TABLE	medium	src/data/frontier_df4_banim_b/frontier_df4_banim_b.c	96	7649-7652	.data.frontier_df4_banim_b.gap85bb_body		"{""4byte"": 1}"	2	0	0	0	0	structured scalar/pointer data	EXTRACT typed C or fix false pointer after source/consumer/FE8U audit
PROC_SCRIPT	high	src/data/frontier_df4_banim_b/frontier_df4_banim_b.c	97	7669-7676	.data.frontier_df4_banim_b.gap85bb_body		"{""4byte"": 5}"	12	18	0	0	0	valid ProcCmd opcode pairs ending in PROC_END	EXTRACT typed struct ProcCmd
SECTION_GLUE	high	src/data/frontier_df4_banim_b/frontier_df4_banim_b.c	98	7692-7695		ProcScr_ManimLevelUpLabelColor	{}	0	0	0	0	0	global .set alias glue only	LEFT relocatable alias glue
DATA_TABLE	medium	src/data/frontier_df4_ending/frontier_df4_ending.c	1	37-100	.data.frontier_df4_ending.gap1	frontier_df4_ending_001_AC0B90,data_08AC0EBC,data_08AC0EE0	"{""4byte"": 55}"	240	84	0	0	0	structured scalar/pointer data; mixed symbolic words with raw data: audit false pointers	EXTRACT typed C or fix false pointer after source/consumer/FE8U audit
DATA_TABLE	medium	src/data/frontier_df4_ending/frontier_df4_ending.c	2	104-109	.data.frontier_df4_ending.gap1		"{""4byte"": 3}"	15	3	0	0	0	structured scalar/pointer data; mixed symbolic words with raw data: audit false pointers	EXTRACT typed C or fix false pointer after source/consumer/FE8U audit
PROC_SCRIPT	high	src/data/frontier_df4_ending/frontier_df4_ending.c	3	110-140	.data.frontier_df4_ending.gap2	frontier_df4_ending_002_AC16C8	"{""4byte"": 26}"	124	27	0	0	0	valid ProcCmd opcode pairs ending in PROC_END	EXTRACT typed struct ProcCmd
DATA_TABLE	medium	src/data/frontier_df4_ending/frontier_df4_ending.c	4	145-155	.data.frontier_df4_ending.gap2		"{""4byte"": 8}"	33	13	0	0	0	structured scalar/pointer data; mixed symbolic words with raw data: audit false pointers	EXTRACT typed C or fix false pointer after source/consumer/FE8U audit
PROC_SCRIPT	high	src/data/frontier_df4_ending/frontier_df4_ending.c	5	168-394	.data.frontier_df4_ending.gap15	frontier_df4_ending_015_B3B3D4	"{""4byte"": 222}"	156	66	0	0	0	valid ProcCmd opcode pairs ending in PROC_END	EXTRACT typed struct ProcCmd
DATA_TABLE	medium	src/data/frontier_df4_ending/frontier_df4_ending.c	6	399-408	.data.frontier_df4_ending.gap17	frontier_df4_ending_017b_B3F18C	"{""byte"": 5}"	0	0	0	66	0	structured scalar/pointer data	EXTRACT typed C or fix false pointer after source/consumer/FE8U audit
DATA_TABLE	medium	src/data/frontier_df4_ending/frontier_df4_ending.c	7	409-414	.data.frontier_df4_ending.gap17	data_08B3F1CE	"{""byte"": 1}"	0	0	0	14	0	structured scalar/pointer data	EXTRACT typed C or fix false pointer after source/consumer/FE8U audit
DATA_TABLE	medium	src/data/frontier_df4_ending/frontier_df4_ending.c	8	415-424	.data.frontier_df4_ending.gap17	data_08B3F1DC	"{""4byte"": 5}"	5	0	0	0	0	structured scalar/pointer data	EXTRACT typed C or fix false pointer after source/consumer/FE8U audit
DATA_TABLE	medium	src/data/frontier_df4_ending/frontier_df4_ending.c	9	425-434	.data.frontier_df4_ending.gap17	data_08B3F1F0	"{""4byte"": 5}"	5	0	0	0	0	structured scalar/pointer data	EXTRACT typed C or fix false pointer after source/consumer/FE8U audit
DATA_TABLE	medium	src/data/frontier_df4_ending/frontier_df4_ending.c	10	435-446	.data.frontier_df4_ending.gap17	data_08B3F204	"{""4byte"": 7}"	37	0	0	0	0	structured scalar/pointer data	EXTRACT typed C or fix false pointer after source/consumer/FE8U audit
SECTION_GLUE	high	src/data/frontier_df4_ending/frontier_df4_ending.c	11	460-496	.data.frontier_df4_ending.gap17		"{""4byte"": 34}"	0	200	0	0	0	gap section with only symbolic relocatable refs	LEFT relocatable section glue
DATA_TABLE	medium	src/data/frontier_df4_ending/frontier_df4_ending.c	12	500-506	.data.frontier_df4_ending.gap17		"{""4byte"": 4}"	13	7	0	0	0	structured scalar/pointer data; mixed symbolic words with raw data: audit false pointers	EXTRACT typed C or fix false pointer after source/consumer/FE8U audit
DATA_TABLE	medium	src/data/frontier_df4_ending/frontier_df4_ending.c	13	507-845	.data.frontier_df4_ending.gap18	frontier_df4_ending_018_B3F7BC	"{""4byte"": 334}"	179	155	0	0	0	structured scalar/pointer data; mixed symbolic words with raw data: audit false pointers	EXTRACT typed C or fix false pointer after source/consumer/FE8U audit
DATA_TABLE	medium	src/data/frontier_df4_ending/frontier_df4_ending.c	14	848-1045	.data.frontier_df4_ending.gap21	frontier_df4_ending_021_BAB754	"{""4byte"": 193}"	127	66	0	0	0	structured scalar/pointer data; mixed symbolic words with raw data: audit false pointers	EXTRACT typed C or fix false pointer after source/consumer/FE8U audit
UNRESOLVED	low	src/data/frontier_df4_ending/frontier_df4_ending.c	15	1046-1050	.data.frontier_df4_ending.gap21	data_08BABA58	{}	0	0	0	0	0	no recognized asm payload	LEFT pending manual audit
DATA_TABLE	medium	src/data/frontier_df4_ending/frontier_df4_ending.c	16	1056-1059	.data.frontier_df4_ending.gap21		"{""4byte"": 1}"	1	0	0	0	0	structured scalar/pointer data	EXTRACT typed C or fix false pointer after source/consumer/FE8U audit
PROC_SCRIPT	high	src/data/frontier_df4_menu/frontier_df4_menu.c	1	393-400	.data.frontier_df4_menu.gap0	frontier_df4_menu_000_A149D4	"{""4byte"": 3}"	12	6	0	0	0	valid ProcCmd opcode pairs ending in PROC_END	EXTRACT typed struct ProcCmd
SECTION_GLUE	high	src/data/frontier_df4_menu/frontier_df4_menu.c	2	405-411	.data.frontier_df4_menu.gap0		"{""4byte"": 4}"	0	24	0	0	0	gap section with only symbolic relocatable refs	LEFT relocatable section glue
PROC_SCRIPT	high	src/data/frontier_df4_menu/frontier_df4_menu.c	3	420-450	.data.frontier_df4_menu.gap0	data_08A14D94	"{""4byte"": 26}"	38	116	0	0	0	valid ProcCmd opcode pairs ending in PROC_END	EXTRACT typed struct ProcCmd
PROC_SCRIPT	high	src/data/frontier_df4_menu/frontier_df4_menu.c	4	462-503	.data.frontier_df4_menu.gap2	frontier_df4_menu_002_A5D648	"{""4byte"": 37}"	128	92	0	0	0	valid ProcCmd opcode pairs ending in PROC_END	EXTRACT typed struct ProcCmd
PROC_SCRIPT	high	src/data/frontier_df4_menu/frontier_df4_menu.c	5	504-1237	.data.frontier_df4_menu.gap3	frontier_df4_menu_003_A5E6CC	"{""4byte"": 729}"	694	35	0	0	0	valid ProcCmd opcode pairs ending in PROC_END	EXTRACT typed struct ProcCmd
DATA_TABLE	medium	src/data/frontier_df4_menu/frontier_df4_menu.c	6	1238-1709	.data.frontier_df4_menu.gap4	frontier_df4_menu_004_A5F770	"{""4byte"": 465, ""byte"": 2}"	461	4	0	2	0	structured scalar/pointer data; mixed symbolic words with raw data: audit false pointers	EXTRACT typed C or fix false pointer after source/consumer/FE8U audit
GRAPHICS	medium	src/data/frontier_df4_menu/frontier_df4_menu.c	7	1711-1732	.data.frontier_df4_menu.gap5	data_08A600B0	"{""4byte"": 8, ""incbin"": 9}"	0	8	0	0	9	graphics-like naming or embedded incbin/byte runs	EXTRACT graphics source where format is clear
DATA_TABLE	medium	src/data/frontier_df4_menu/frontier_df4_menu.c	8	2825-2868	.data.frontier_df4_menu.gap13	frontier_df4_menu_013_A72408	"{""4byte"": 39}"	204	25	0	0	0	structured scalar/pointer data; mixed symbolic words with raw data: audit false pointers	EXTRACT typed C or fix false pointer after source/consumer/FE8U audit
DATA_TABLE	medium	src/data/frontier_df4_menu/frontier_df4_menu.c	9	2872-2887	.data.frontier_df4_menu.gap13		"{""4byte"": 13}"	76	0	0	0	0	structured scalar/pointer data	EXTRACT typed C or fix false pointer after source/consumer/FE8U audit
PROC_SCRIPT	high	src/data/frontier_df4_menu/frontier_df4_menu.c	10	2891-2895	.data.frontier_df4_menu.gap13		"{""4byte"": 2}"	6	2	0	0	0	valid ProcCmd opcode pairs ending in PROC_END	EXTRACT typed struct ProcCmd
DATA_TABLE	medium	src/data/frontier_df4_menu/frontier_df4_menu.c	11	2901-2909	.data.frontier_df4_menu.gap13		"{""4byte"": 6}"	28	3	0	0	0	structured scalar/pointer data; mixed symbolic words with raw data: audit false pointers	EXTRACT typed C or fix false pointer after source/consumer/FE8U audit
PROC_SCRIPT	high	src/data/frontier_df4_menu/frontier_df4_menu.c	12	2912-3033	.data.frontier_df4_menu.gap14	frontier_df4_menu_014_A72BF0	"{""4byte"": 117}"	364	336	0	0	0	valid ProcCmd opcode pairs ending in PROC_END	EXTRACT typed struct ProcCmd
DATA_TABLE	medium	src/data/frontier_df4_menu/frontier_df4_menu.c	13	3037-3040	.data.frontier_df4_menu.gap14		"{""4byte"": 1}"	5	1	0	0	0	structured scalar/pointer data; mixed symbolic words with raw data: audit false pointers	EXTRACT typed C or fix false pointer after source/consumer/FE8U audit
PROC_SCRIPT	high	src/data/frontier_df4_menu/frontier_df4_menu.c	14	3048-3053	.data.frontier_df4_menu.gap14		"{""4byte"": 3}"	14	4	0	0	0	valid ProcCmd opcode pairs ending in PROC_END	EXTRACT typed struct ProcCmd
DATA_TABLE	medium	src/data/frontier_df4_menu/frontier_df4_menu.c	15	3062-3072	.data.frontier_df4_menu.gap14		"{""4byte"": 8}"	37	9	0	0	0	structured scalar/pointer data; mixed symbolic words with raw data: audit false pointers	EXTRACT typed C or fix false pointer after source/consumer/FE8U audit
DATA_TABLE	medium	src/data/frontier_df4_menu/frontier_df4_menu.c	16	3076-3085	.data.frontier_df4_menu.gap15	frontier_df4_menu_015_A73900	"{""4byte"": 5}"	13	12	0	0	0	structured scalar/pointer data; mixed symbolic words with raw data: audit false pointers	EXTRACT typed C or fix false pointer after source/consumer/FE8U audit
DATA_TABLE	medium	src/data/frontier_df4_menu/frontier_df4_menu.c	17	3105-3108	.data.frontier_df4_menu.gap15		"{""4byte"": 1}"	2	0	0	0	0	structured scalar/pointer data	EXTRACT typed C or fix false pointer after source/consumer/FE8U audit
PROC_SCRIPT	high	src/data/frontier_df4_menu/frontier_df4_menu.c	18	3119-3129	.data.frontier_df4_menu.gap15		"{""4byte"": 8}"	44	0	0	0	0	valid ProcCmd opcode pairs ending in PROC_END	EXTRACT typed struct ProcCmd
PROC_SCRIPT	high	src/data/frontier_df4_menu/frontier_df4_menu.c	19	3144-3148	.data.frontier_df4_menu.gap15		"{""4byte"": 2}"	10	0	0	0	0	valid ProcCmd opcode pairs ending in PROC_END	EXTRACT typed struct ProcCmd
PROC_SCRIPT	high	src/data/frontier_df4_menu/frontier_df4_menu.c	20	3152-3177	.data.frontier_df4_menu.gap15		"{""4byte"": 23}"	100	36	0	0	0	valid ProcCmd opcode pairs ending in PROC_END	EXTRACT typed struct ProcCmd
DATA_TABLE	medium	src/data/frontier_df4_menu/frontier_df4_menu.c	21	3181-3197	.data.frontier_df4_menu.gap19	frontier_df4_menu_019_A934EC	"{""4byte"": 12}"	47	25	0	0	0	structured scalar/pointer data; mixed symbolic words with raw data: audit false pointers	EXTRACT typed C or fix false pointer after source/consumer/FE8U audit
PROC_SCRIPT	high	src/data/frontier_df4_menu/frontier_df4_menu.c	22	3207-3304	.data.frontier_df4_menu.gap19		"{""4byte"": 95}"	522	45	0	0	0	valid ProcCmd opcode pairs ending in PROC_END	EXTRACT typed struct ProcCmd
PROC_SCRIPT	high	src/data/frontier_df4_menu/frontier_df4_menu.c	23	3332-3353	.data.frontier_df4_menu.gap19		"{""4byte"": 19}"	92	20	0	0	0	valid ProcCmd opcode pairs ending in PROC_END	EXTRACT typed struct ProcCmd
DATA_TABLE	medium	src/data/frontier_df4_menu/frontier_df4_menu.c	24	3361-3387	.data.frontier_df4_menu.gap19	data_08A94430	"{""4byte"": 22}"	17	5	0	0	0	structured scalar/pointer data; mixed symbolic words with raw data: audit false pointers	EXTRACT typed C or fix false pointer after source/consumer/FE8U audit
UNRESOLVED	low	src/data/frontier_df4_menu/frontier_df4_menu.c	25	3388-3392	.data.frontier_df4_menu.gap20	frontier_df4_menu_020_A9454C	{}	0	0	0	0	0	no recognized asm payload	LEFT pending manual audit
PROC_SCRIPT	high	src/data/frontier_df4_menu/frontier_df4_menu.c	26	3397-3404	.data.frontier_df4_menu.gap20	data_08A94584	"{""4byte"": 3}"	14	4	0	0	0	valid ProcCmd opcode pairs ending in PROC_END	EXTRACT typed struct ProcCmd
DATA_TABLE	medium	src/data/frontier_df4_menu/frontier_df4_menu.c	27	3411-3419	.data.frontier_df4_menu.gap20		"{""4byte"": 6}"	33	0	0	0	0	structured scalar/pointer data	EXTRACT typed C or fix false pointer after source/consumer/FE8U audit
PROC_SCRIPT	high	src/data/frontier_df4_menu/frontier_df4_menu.c	28	3423-3427	.data.frontier_df4_menu.gap20		"{""4byte"": 2}"	10	0	0	0	0	valid ProcCmd opcode pairs ending in PROC_END	EXTRACT typed struct ProcCmd
PROC_SCRIPT	high	src/data/frontier_df4_menu/frontier_df4_menu.c	29	3469-3476	.data.frontier_df4_menu.gap20		"{""4byte"": 5}"	28	0	0	0	0	valid ProcCmd opcode pairs ending in PROC_END	EXTRACT typed struct ProcCmd
DATA_TABLE	medium	src/data/frontier_df4_menu/frontier_df4_menu.c	30	3509-3516	.data.frontier_df4_menu.gap20		"{""4byte"": 5}"	19	7	0	0	0	structured scalar/pointer data; mixed symbolic words with raw data: audit false pointers	EXTRACT typed C or fix false pointer after source/consumer/FE8U audit
DATA_TABLE	medium	src/data/frontier_df4_menu/frontier_df4_menu.c	31	3548-3649	.data.frontier_df4_menu.gap20	data_08A9548C,data_08A95AD8	"{""4byte"": 95}"	446	111	0	0	0	structured scalar/pointer data; mixed symbolic words with raw data: audit false pointers	EXTRACT typed C or fix false pointer after source/consumer/FE8U audit
GRAPHICS	medium	src/data/frontier_df4_menu/frontier_df4_menu.c	32	3656-3665	.data.frontier_df4_menu.gap21	frontier_df4_menu_021_A95B4E	"{""4byte"": 2, ""incbin"": 3}"	0	2	0	0	3	graphics-like naming or embedded incbin/byte runs	EXTRACT graphics source where format is clear
GRAPHICS	medium	src/data/frontier_df4_menu/frontier_df4_menu.c	33	3674-3693	.data.frontier_df4_menu.gap21c	frontier_df4_menu_021c_A95DDC	"{""4byte"": 7, ""incbin"": 8}"	0	7	0	0	8	graphics-like naming or embedded incbin/byte runs	EXTRACT graphics source where format is clear
PROC_SCRIPT	high	src/data/frontier_df4_menu/frontier_df4_menu.c	34	3697-3719	.data.frontier_df4_menu.gap26	frontier_df4_menu_026_A9CF7C	"{""4byte"": 18}"	16	2	0	0	0	valid ProcCmd opcode pairs ending in PROC_END	EXTRACT typed struct ProcCmd
DATA_TABLE	medium	src/data/frontier_df4_menu/frontier_df4_menu.c	35	3720-4013	.data.frontier_df4_menu.gap26	data_08A9CFC4	"{""4byte"": 289}"	213	76	0	0	0	structured scalar/pointer data; mixed symbolic words with raw data: audit false pointers	EXTRACT typed C or fix false pointer after source/consumer/FE8U audit
GRAPHICS	medium	src/data/frontier_df4_menu/frontier_df4_menu.c	36	4021-4048	.data.frontier_df4_menu.gap27	frontier_df4_menu_027_A9D462	"{""4byte"": 22, ""incbin"": 1}"	0	22	0	0	1	graphics-like naming or embedded incbin/byte runs	EXTRACT graphics source where format is clear
GRAPHICS	medium	src/data/frontier_df4_menu/frontier_df4_menu.c	37	4049-4058	.data.frontier_df4_menu.gap27c	frontier_df4_menu_027b_A9D64C	"{""4byte"": 2, ""incbin"": 3}"	0	2	0	0	3	graphics-like naming or embedded incbin/byte runs	EXTRACT graphics source where format is clear
GRAPHICS	medium	src/data/frontier_df4_menu/frontier_df4_menu.c	38	4065-4070	.data.frontier_df4_menu.gap27c	data_08A9D688	"{""incbin"": 1}"	0	0	0	0	1	graphics-like naming or embedded incbin/byte runs	EXTRACT graphics source where format is clear
DATA_TABLE	medium	src/data/frontier_df4_menu/frontier_df4_menu.c	39	4071-4098	.data.frontier_df4_menu.gap28	frontier_df4_menu_028_A9E244	"{""4byte"": 23}"	18	5	0	0	0	structured scalar/pointer data; mixed symbolic words with raw data: audit false pointers	EXTRACT typed C or fix false pointer after source/consumer/FE8U audit
PROC_SCRIPT	high	src/data/frontier_df4_menu/frontier_df4_menu.c	40	4099-4243	.data.frontier_df4_menu.gap28	data_08A9E2A0	"{""4byte"": 140}"	106	34	0	0	0	valid ProcCmd opcode pairs ending in PROC_END	EXTRACT typed struct ProcCmd
DATA_TABLE	medium	src/data/frontier_df4_menu/frontier_df4_menu.c	41	4251-4261	.data.frontier_df4_menu.gap28	data_08A9E4D0	"{""4byte"": 6}"	6	0	0	0	0	structured scalar/pointer data	EXTRACT typed C or fix false pointer after source/consumer/FE8U audit
DATA_TABLE	medium	src/data/frontier_df4_menu/frontier_df4_menu.c	42	4262-4310	.data.frontier_df4_menu.gap28	data_08A9E510	"{""4byte"": 44}"	31	13	0	0	0	structured scalar/pointer data; mixed symbolic words with raw data: audit false pointers	EXTRACT typed C or fix false pointer after source/consumer/FE8U audit
PROC_SCRIPT	high	src/data/frontier_df4_menu/frontier_df4_menu.c	43	4425-4439	.data.frontier_df4_menu.gap34	data_08AAFCAC	"{""4byte"": 10}"	40	20	0	0	0	valid ProcCmd opcode pairs ending in PROC_END	EXTRACT typed struct ProcCmd
PROC_SCRIPT	high	src/data/frontier_df4_menu/frontier_df4_menu.c	44	4448-4507	.data.frontier_df4_menu.gap34		"{""4byte"": 57}"	220	120	0	0	0	valid ProcCmd opcode pairs ending in PROC_END	EXTRACT typed struct ProcCmd
PROC_SCRIPT	high	src/data/frontier_df4_menu/frontier_df4_menu.c	45	4510-4537	.data.frontier_df4_menu.gap35	frontier_df4_menu_035_AB0830	"{""4byte"": 23}"	78	55	0	0	0	valid ProcCmd opcode pairs ending in PROC_END	EXTRACT typed struct ProcCmd
PROC_SCRIPT	high	src/data/frontier_df4_menu/frontier_df4_menu.c	46	4538-4719	.data.frontier_df4_menu.gap36	frontier_df4_menu_036_AB0D18	"{""4byte"": 177}"	132	45	0	0	0	valid ProcCmd opcode pairs ending in PROC_END	EXTRACT typed struct ProcCmd
GRAPHICS	medium	src/data/frontier_df4_menu/frontier_df4_menu.c	47	4725-4735	.data.frontier_df4_menu.gap37	frontier_df4_menu_037_AB7144	"{""4byte"": 5, ""incbin"": 1}"	17	12	0	0	1	graphics-like naming or embedded incbin/byte runs	EXTRACT graphics source where format is clear
PROC_SCRIPT	high	src/data/frontier_df4_menu/frontier_df4_menu.c	48	4758-4763	.data.frontier_df4_menu.gap37		"{""4byte"": 3}"	16	2	0	0	0	valid ProcCmd opcode pairs ending in PROC_END	EXTRACT typed struct ProcCmd
DATA_TABLE	medium	src/data/frontier_df4_menu/frontier_df4_menu.c	49	4767-4770	.data.frontier_df4_menu.gap37		"{""4byte"": 1}"	1	1	0	0	0	structured scalar/pointer data; mixed symbolic words with raw data: audit false pointers	EXTRACT typed C or fix false pointer after source/consumer/FE8U audit
PROC_SCRIPT	high	src/data/frontier_df4_menu/frontier_df4_menu.c	50	4777-4906	.data.frontier_df4_menu.gap38	frontier_df4_menu_038_ABCD24	"{""4byte"": 63, ""incbin"": 62}"	6	63	0	0	62	valid ProcCmd opcode pairs ending in PROC_END	EXTRACT typed struct ProcCmd
GRAPHICS	medium	src/data/frontier_df4_menu/frontier_df4_menu.c	51	4907-4924	.data.frontier_df4_menu.gap39	frontier_df4_menu_039_AC00A8	"{""4byte"": 6, ""incbin"": 7}"	0	6	0	0	7	graphics-like naming or embedded incbin/byte runs	EXTRACT graphics source where format is clear
DATA_TABLE	medium	src/data/frontier_df4_misc_lo/frontier_df4_misc_lo.c	1	7-13	.data.frontier_df4_misc_lo.gap0a	frontier_df4_misc_lo_000a_0DC3DC	"{""byte"": 2}"	0	0	0	32	0	structured scalar/pointer data	EXTRACT typed C or fix false pointer after source/consumer/FE8U audit
DATA_TABLE	medium	src/data/frontier_df4_misc_lo/frontier_df4_misc_lo.c	2	14-33	.data.frontier_df4_misc_lo.gap0b	frontier_df4_misc_lo_000b_0DC43C	"{""byte"": 15}"	0	0	0	240	0	structured scalar/pointer data	EXTRACT typed C or fix false pointer after source/consumer/FE8U audit
DATA_TABLE	medium	src/data/frontier_df4_misc_lo/frontier_df4_misc_lo.c	3	34-40	.data.frontier_df4_misc_lo.gap0bm	frontier_df4_misc_lo_000bm_0DC548	"{""byte"": 2}"	0	0	0	20	0	structured scalar/pointer data	EXTRACT typed C or fix false pointer after source/consumer/FE8U audit
DATA_TABLE	medium	src/data/frontier_df4_misc_lo/frontier_df4_misc_lo.c	4	41-46	.data.frontier_df4_misc_lo.gap0b1	frontier_df4_misc_lo_000b1_0DC56C	"{""byte"": 1}"	0	0	0	3	0	structured scalar/pointer data	EXTRACT typed C or fix false pointer after source/consumer/FE8U audit
DATA_TABLE	medium	src/data/frontier_df4_misc_lo/frontier_df4_misc_lo.c	5	47-53	.data.frontier_df4_misc_lo.gap0b2	frontier_df4_misc_lo_000b2_0DC583	"{""byte"": 2}"	0	0	0	17	0	structured scalar/pointer data	EXTRACT typed C or fix false pointer after source/consumer/FE8U audit
DATA_TABLE	medium	src/data/frontier_df4_misc_lo/frontier_df4_misc_lo.c	6	59-65	.data.frontier_df4_misc_lo.gap0b2t	frontier_df4_misc_lo_000b2t_0DC5F4	"{""byte"": 2}"	0	0	0	20	0	structured scalar/pointer data	EXTRACT typed C or fix false pointer after source/consumer/FE8U audit
DATA_TABLE	medium	src/data/frontier_df4_misc_lo/frontier_df4_misc_lo.c	7	68-73	.data.frontier_df4_misc_lo.gap2b	frontier_df4_misc_lo_002b_0DD35B	"{""byte"": 1}"	0	0	0	13	0	structured scalar/pointer data	EXTRACT typed C or fix false pointer after source/consumer/FE8U audit
DATA_TABLE	medium	src/data/frontier_df4_misc_lo/frontier_df4_misc_lo.c	8	74-129	.data.frontier_df4_misc_lo.gap3	frontier_df4_misc_lo_003_0DE85C	"{""short"": 51}"	0	0	612	0	0	structured scalar/pointer data	EXTRACT typed C or fix false pointer after source/consumer/FE8U audit
DATA_TABLE	medium	src/data/frontier_df4_misc_lo/frontier_df4_misc_lo.c	9	130-135	.data.frontier_df4_misc_lo.gap4r	frontier_df4_misc_lo_004r_0DEEB0	"{""byte"": 1}"	0	0	0	12	0	structured scalar/pointer data	EXTRACT typed C or fix false pointer after source/consumer/FE8U audit
DATA_TABLE	medium	src/data/frontier_df4_misc_lo/frontier_df4_misc_lo.c	10	136-142	.data.frontier_df4_misc_lo.gap4b	frontier_df4_misc_lo_004b_0DEED0	"{""byte"": 1}"	0	0	0	8	0	structured scalar/pointer data	EXTRACT typed C or fix false pointer after source/consumer/FE8U audit
DATA_TABLE	medium	src/data/frontier_df4_misc_lo/frontier_df4_misc_lo.c	11	143-158	.data.frontier_df4_misc_lo.gap4b	data_080DEEE0	"{""byte"": 10}"	0	0	0	152	0	structured scalar/pointer data	EXTRACT typed C or fix false pointer after source/consumer/FE8U audit
DATA_TABLE	medium	src/data/frontier_df4_misc_lo/frontier_df4_misc_lo.c	12	159-205	.data.frontier_df4_misc_lo.gap4b	data_080DEF7C	"{""byte"": 39}"	0	0	0	610	0	structured scalar/pointer data	EXTRACT typed C or fix false pointer after source/consumer/FE8U audit
DATA_TABLE	medium	src/data/frontier_df4_misc_lo/frontier_df4_misc_lo.c	13	206-222	.data.frontier_df4_misc_lo.gap4b2	data_080DF228	"{""byte"": 12}"	0	0	0	184	0	structured scalar/pointer data	EXTRACT typed C or fix false pointer after source/consumer/FE8U audit
DATA_TABLE	medium	src/data/frontier_df4_misc_lo/frontier_df4_misc_lo.c	14	223-380	.data.frontier_df4_misc_lo.gap5	frontier_df4_misc_lo_005_0DF388	"{""byte"": 130}"	0	0	0	1861	0	structured scalar/pointer data	EXTRACT typed C or fix false pointer after source/consumer/FE8U audit
DATA_TABLE	medium	src/data/frontier_df4_misc_lo/frontier_df4_misc_lo.c	15	381-442	.data.frontier_df4_misc_lo.gap6	frontier_df4_misc_lo_006_0DFBEF	"{""byte"": 37}"	0	0	0	389	0	structured scalar/pointer data	EXTRACT typed C or fix false pointer after source/consumer/FE8U audit
DATA_TABLE	medium	src/data/frontier_df4_misc_lo/frontier_df4_misc_lo.c	16	443-728	.data.frontier_df4_misc_lo.gap7	frontier_df4_misc_lo_007_0E1870	"{""byte"": 199}"	0	0	0	2387	0	structured scalar/pointer data	EXTRACT typed C or fix false pointer after source/consumer/FE8U audit
DATA_TABLE	medium	src/data/frontier_df4_misc_lo/frontier_df4_misc_lo.c	17	729-1089	.data.frontier_df4_misc_lo.gap8	frontier_df4_misc_lo_008_0E2638	"{""byte"": 255}"	0	0	0	3133	0	structured scalar/pointer data	EXTRACT typed C or fix false pointer after source/consumer/FE8U audit
DATA_TABLE	medium	src/data/frontier_df4_misc_lo/frontier_df4_misc_lo.c	18	1090-1119	.data.frontier_df4_misc_lo.gap9	frontier_df4_misc_lo_009_0E37C5	"{""byte"": 16}"	0	0	0	150	0	structured scalar/pointer data	EXTRACT typed C or fix false pointer after source/consumer/FE8U audit
DATA_TABLE	medium	src/data/frontier_df4_misc_lo/frontier_df4_misc_lo.c	19	1121-1127	.data.frontier_df4_misc_lo.gap9aa	frontier_df4_misc_lo_009aa_0E3910	"{""byte"": 1}"	0	0	0	2	0	structured scalar/pointer data	EXTRACT typed C or fix false pointer after source/consumer/FE8U audit
DATA_TABLE	medium	src/data/frontier_df4_misc_lo/frontier_df4_misc_lo.c	20	1129-1178	.data.frontier_df4_misc_lo.gap9ab	frontier_df4_misc_lo_009ab_0E3928	"{""byte"": 36}"	0	0	0	481	0	structured scalar/pointer data	EXTRACT typed C or fix false pointer after source/consumer/FE8U audit
DATA_TABLE	medium	src/data/frontier_df4_misc_lo/frontier_df4_misc_lo.c	21	1179-1185	.data.frontier_df4_misc_lo.gap9b	frontier_df4_misc_lo_009b_0E3BA4	"{""byte"": 1}"	0	0	0	3	0	structured scalar/pointer data	EXTRACT typed C or fix false pointer after source/consumer/FE8U audit
UNRESOLVED	low	src/data/frontier_df4_misc_lo/frontier_df4_misc_lo.c	22	1186-1191	.data.frontier_df4_misc_lo.gap9c	frontier_df4_misc_lo_009c_0E3BC4	{}	0	0	0	0	0	no recognized asm payload	LEFT pending manual audit
DATA_TABLE	medium	src/data/frontier_df4_misc_lo/frontier_df4_misc_lo.c	23	1192-1198	.data.frontier_df4_misc_lo.gap9d	frontier_df4_misc_lo_009d_0E3BE0	"{""byte"": 1}"	0	0	0	3	0	structured scalar/pointer data	EXTRACT typed C or fix false pointer after source/consumer/FE8U audit
DATA_TABLE	medium	src/data/frontier_df4_misc_lo/frontier_df4_misc_lo.c	24	1199-1205	.data.frontier_df4_misc_lo.gap9e	frontier_df4_misc_lo_009e_0E3C04	"{""byte"": 1}"	0	0	0	3	0	structured scalar/pointer data	EXTRACT typed C or fix false pointer after source/consumer/FE8U audit
DATA_TABLE	medium	src/data/frontier_df4_misc_lo/frontier_df4_misc_lo.c	25	1206-1223	.data.frontier_df4_misc_lo.gap9f	frontier_df4_misc_lo_009f_0E3C28	"{""byte"": 8}"	0	0	0	85	0	structured scalar/pointer data	EXTRACT typed C or fix false pointer after source/consumer/FE8U audit
DATA_TABLE	medium	src/data/frontier_df4_misc_lo/frontier_df4_misc_lo.c	26	1224-1241	.data.frontier_df4_misc_lo.gap10	frontier_df4_misc_lo_010_0E3CD7	"{""byte"": 10}"	0	0	0	112	0	structured scalar/pointer data	EXTRACT typed C or fix false pointer after source/consumer/FE8U audit
DATA_TABLE	medium	src/data/frontier_df4_misc_lo/frontier_df4_misc_lo.c	27	1242-1289	.data.frontier_df4_misc_lo.gap10b	frontier_df4_misc_lo_010b_0E3D78	"{""4byte"": 12, ""byte"": 24}"	0	12	0	293	0	structured scalar/pointer data; mixed symbolic words with raw data: audit false pointers	EXTRACT typed C or fix false pointer after source/consumer/FE8U audit
DATA_TABLE	medium	src/data/frontier_df4_misc_lo/frontier_df4_misc_lo.c	28	1291-1413	.data.frontier_df4_misc_lo.gap10c	frontier_df4_misc_lo_010c_0E3F3C	"{""byte"": 76}"	0	0	0	857	0	structured scalar/pointer data	EXTRACT typed C or fix false pointer after source/consumer/FE8U audit
DATA_TABLE	medium	src/data/frontier_df4_misc_lo/frontier_df4_misc_lo.c	29	1414-1583	.data.frontier_df4_misc_lo.gap11	frontier_df4_misc_lo_011_0E4602	"{""byte"": 111}"	0	0	0	1211	0	structured scalar/pointer data	EXTRACT typed C or fix false pointer after source/consumer/FE8U audit
DATA_TABLE	medium	src/data/frontier_df4_misc_lo/frontier_df4_misc_lo.c	30	1584-1673	.data.frontier_df4_misc_lo.gap12	frontier_df4_misc_lo_012_0E6774	"{""byte"": 54}"	0	0	0	561	0	structured scalar/pointer data	EXTRACT typed C or fix false pointer after source/consumer/FE8U audit
UNRESOLVED	low	src/data/frontier_df4_misc_lo/frontier_df4_misc_lo.c	31	1725-2402	.data.frontier_df4_misc_lo.gap17	frontier_df4_misc_lo_017_1B1878,frontier_df4_misc_lo_017b_1B2D81	{}	0	0	0	0	0	no recognized asm payload	LEFT pending manual audit
DATA_TABLE	medium	src/data/frontier_df4_misc_lo/frontier_df4_misc_lo.c	32	2403-2707	.data.frontier_df4_misc_lo.gap18	frontier_df4_misc_lo_018_1DEF84	"{""short"": 300}"	0	0	3590	0	0	structured scalar/pointer data	EXTRACT typed C or fix false pointer after source/consumer/FE8U audit
DATA_TABLE	medium	src/data/frontier_df4_misc_lo/frontier_df4_misc_lo.c	33	2708-2836	.data.frontier_df4_misc_lo.gap19	frontier_df4_misc_lo_019_1E140C	"{""short"": 124}"	0	0	1488	0	0	structured scalar/pointer data	EXTRACT typed C or fix false pointer after source/consumer/FE8U audit
DATA_TABLE	medium	src/data/frontier_df4_misc_lo/frontier_df4_misc_lo.c	34	2837-3108	.data.frontier_df4_misc_lo.gap20	frontier_df4_misc_lo_020_1EC9E0	"{""short"": 267}"	0	0	3196	0	0	structured scalar/pointer data	EXTRACT typed C or fix false pointer after source/consumer/FE8U audit
DATA_TABLE	medium	src/data/frontier_df4_misc_lo/frontier_df4_misc_lo.c	35	3109-3212	.data.frontier_df4_misc_lo.gap21a	frontier_df4_misc_lo_021_1F4F60	"{""4byte"": 95}"	350	28	0	0	0	structured scalar/pointer data; mixed symbolic words with raw data: audit false pointers	EXTRACT typed C or fix false pointer after source/consumer/FE8U audit
DATA_TABLE	medium	src/data/frontier_df4_misc_lo/frontier_df4_misc_lo.c	36	3213-3219	.data.frontier_df4_misc_lo.gap21a	data_081F5548	"{""4byte"": 2}"	5	0	0	0	0	structured scalar/pointer data	EXTRACT typed C or fix false pointer after source/consumer/FE8U audit
DATA_TABLE	medium	src/data/frontier_df4_misc_lo/frontier_df4_misc_lo.c	37	3220-3230	.data.frontier_df4_misc_lo.gap21bt	frontier_df4_misc_lo_021bt_1F5598	"{""4byte"": 6}"	21	0	0	0	0	structured scalar/pointer data	EXTRACT typed C or fix false pointer after source/consumer/FE8U audit
PROC_SCRIPT	high	src/data/frontier_df4_misc_lo/frontier_df4_misc_lo.c	38	3231-3238	.data.frontier_df4_misc_lo.gap21c	frontier_df4_misc_lo_021c_1F561C	"{""4byte"": 3}"	10	0	0	0	0	valid ProcCmd opcode pairs ending in PROC_END	EXTRACT typed struct ProcCmd
DATA_TABLE	medium	src/data/frontier_df4_misc_lo/frontier_df4_misc_lo.c	39	3240-3262	.data.frontier_df4_misc_lo.gap21cb	frontier_df4_misc_lo_021cb_1F5664	"{""4byte"": 18}"	68	4	0	0	0	structured scalar/pointer data; mixed symbolic words with raw data: audit false pointers	EXTRACT typed C or fix false pointer after source/consumer/FE8U audit
DATA_TABLE	medium	src/data/frontier_df4_tail/frontier_df4_tail.c	1	48-57	.data.frontier_df4_tail.gap0	frontier_df4_tail_000_BABAF8	"{""short"": 5}"	0	0	58	0	0	structured scalar/pointer data	EXTRACT typed C or fix false pointer after source/consumer/FE8U audit
DATA_TABLE	medium	src/data/frontier_df4_tail/frontier_df4_tail.c	2	109-116	.data.frontier_df4_tail.gap1	data_08BB30F8	"{""byte"": 3}"	0	0	0	20	0	structured scalar/pointer data	EXTRACT typed C or fix false pointer after source/consumer/FE8U audit
DATA_TABLE	medium	src/data/frontier_df4_uistuff/frontier_df4_uistuff.c	1	30-214	.data.frontier_df4_uistuff.gap0	frontier_df4_uistuff_000_57A504	"{""4byte"": 180}"	170	10	0	0	0	structured scalar/pointer data; mixed symbolic words with raw data: audit false pointers	EXTRACT typed C or fix false pointer after source/consumer/FE8U audit
DATA_TABLE	medium	src/data/frontier_df4_uistuff/frontier_df4_uistuff.c	2	215-543	.data.frontier_df4_uistuff.gap1	frontier_df4_uistuff_001_57B23C	"{""4byte"": 324}"	306	18	0	0	0	structured scalar/pointer data; mixed symbolic words with raw data: audit false pointers	EXTRACT typed C or fix false pointer after source/consumer/FE8U audit
DATA_TABLE	medium	src/data/frontier_df4_uistuff/frontier_df4_uistuff.c	3	544-728	.data.frontier_df4_uistuff.gap2	frontier_df4_uistuff_002_57BF74	"{""4byte"": 180}"	170	10	0	0	0	structured scalar/pointer data; mixed symbolic words with raw data: audit false pointers	EXTRACT typed C or fix false pointer after source/consumer/FE8U audit
DATA_TABLE	medium	src/data/frontier_df4_uistuff/frontier_df4_uistuff.c	4	729-895	.data.frontier_df4_uistuff.gap3	frontier_df4_uistuff_003_57CC64	"{""4byte"": 162}"	153	9	0	0	0	structured scalar/pointer data; mixed symbolic words with raw data: audit false pointers	EXTRACT typed C or fix false pointer after source/consumer/FE8U audit
DATA_TABLE	medium	src/data/frontier_df4_uistuff/frontier_df4_uistuff.c	5	896-1134	.data.frontier_df4_uistuff.gap4	frontier_df4_uistuff_004_57CF7C	"{""4byte"": 234}"	221	13	0	0	0	structured scalar/pointer data; mixed symbolic words with raw data: audit false pointers	EXTRACT typed C or fix false pointer after source/consumer/FE8U audit
DATA_TABLE	medium	src/data/frontier_df4_uistuff/frontier_df4_uistuff.c	6	1135-1337	.data.frontier_df4_uistuff.gap5	frontier_df4_uistuff_005_57DFCC	"{""4byte"": 198}"	187	11	0	0	0	structured scalar/pointer data; mixed symbolic words with raw data: audit false pointers	EXTRACT typed C or fix false pointer after source/consumer/FE8U audit
DATA_TABLE	medium	src/data/frontier_df4_uistuff/frontier_df4_uistuff.c	7	1338-1558	.data.frontier_df4_uistuff.gap6	frontier_df4_uistuff_006_57E4DC	"{""4byte"": 216}"	204	12	0	0	0	structured scalar/pointer data; mixed symbolic words with raw data: audit false pointers	EXTRACT typed C or fix false pointer after source/consumer/FE8U audit
GRAPHICS	medium	src/data/frontier_df4_uistuff/frontier_df4_uistuff.c	8	1565-1655	.data.frontier_df4_uistuff.gap7	frontier_df4_uistuff_007_59140C	"{""4byte"": 43, ""incbin"": 43}"	0	43	0	0	43	graphics-like naming or embedded incbin/byte runs	EXTRACT graphics source where format is clear
DATA_TABLE	medium	src/data/frontier_df4_uistuff/frontier_df4_uistuff.c	9	1657-1805	.data.frontier_df4_uistuff.gap8	frontier_df4_uistuff_008_5946F4	"{""4byte"": 144}"	136	8	0	0	0	structured scalar/pointer data; mixed symbolic words with raw data: audit false pointers	EXTRACT typed C or fix false pointer after source/consumer/FE8U audit
DATA_TABLE	medium	src/data/frontier_df4_uistuff/frontier_df4_uistuff.c	10	1806-1990	.data.frontier_df4_uistuff.gap9	frontier_df4_uistuff_009_594B2C	"{""4byte"": 180}"	170	10	0	0	0	structured scalar/pointer data; mixed symbolic words with raw data: audit false pointers	EXTRACT typed C or fix false pointer after source/consumer/FE8U audit
DATA_TABLE	medium	src/data/frontier_df4_uistuff/frontier_df4_uistuff.c	11	1991-2139	.data.frontier_df4_uistuff.gap10	frontier_df4_uistuff_010_595B34	"{""4byte"": 144}"	136	8	0	0	0	structured scalar/pointer data; mixed symbolic words with raw data: audit false pointers	EXTRACT typed C or fix false pointer after source/consumer/FE8U audit
DATA_TABLE	medium	src/data/frontier_df4_uistuff/frontier_df4_uistuff.c	12	2140-2288	.data.frontier_df4_uistuff.gap11	frontier_df4_uistuff_011_59662C	"{""4byte"": 144}"	136	8	0	0	0	structured scalar/pointer data; mixed symbolic words with raw data: audit false pointers	EXTRACT typed C or fix false pointer after source/consumer/FE8U audit
DATA_TABLE	medium	src/data/frontier_df4_uistuff/frontier_df4_uistuff.c	13	2289-3625	.data.frontier_df4_uistuff.gap12	frontier_df4_uistuff_012_596F74	"{""4byte"": 1332}"	1258	74	0	0	0	structured scalar/pointer data; mixed symbolic words with raw data: audit false pointers	EXTRACT typed C or fix false pointer after source/consumer/FE8U audit
DATA_TABLE	medium	src/data/frontier_df4_uistuff/frontier_df4_uistuff.c	14	3626-4026	.data.frontier_df4_uistuff.gap13	frontier_df4_uistuff_013_5987EC	"{""4byte"": 396}"	374	22	0	0	0	structured scalar/pointer data; mixed symbolic words with raw data: audit false pointers	EXTRACT typed C or fix false pointer after source/consumer/FE8U audit
DATA_TABLE	medium	src/data/frontier_df4_uistuff/frontier_df4_uistuff.c	15	4027-4877	.data.frontier_df4_uistuff.gap14	frontier_df4_uistuff_014_598E64	"{""4byte"": 846}"	799	47	0	0	0	structured scalar/pointer data; mixed symbolic words with raw data: audit false pointers	EXTRACT typed C or fix false pointer after source/consumer/FE8U audit
DATA_TABLE	medium	src/data/frontier_df4_uistuff/frontier_df4_uistuff.c	16	4878-5170	.data.frontier_df4_uistuff.gap15	frontier_df4_uistuff_015_599BE4	"{""4byte"": 288}"	272	16	0	0	0	structured scalar/pointer data; mixed symbolic words with raw data: audit false pointers	EXTRACT typed C or fix false pointer after source/consumer/FE8U audit
DATA_TABLE	medium	src/data/frontier_df4_uistuff/frontier_df4_uistuff.c	17	5171-5319	.data.frontier_df4_uistuff.gap16	frontier_df4_uistuff_016_59A2EC	"{""4byte"": 144}"	136	8	0	0	0	structured scalar/pointer data; mixed symbolic words with raw data: audit false pointers	EXTRACT typed C or fix false pointer after source/consumer/FE8U audit
DATA_TABLE	medium	src/data/frontier_df4_uistuff/frontier_df4_uistuff.c	18	5320-6044	.data.frontier_df4_uistuff.gap17	frontier_df4_uistuff_017_59A574	"{""4byte"": 720}"	680	40	0	0	0	structured scalar/pointer data; mixed symbolic words with raw data: audit false pointers	EXTRACT typed C or fix false pointer after source/consumer/FE8U audit
DATA_TABLE	medium	src/data/frontier_df4_uistuff/frontier_df4_uistuff.c	19	6045-6643	.data.frontier_df4_uistuff.gap18	frontier_df4_uistuff_018_59B0FC	"{""4byte"": 594}"	561	33	0	0	0	structured scalar/pointer data; mixed symbolic words with raw data: audit false pointers	EXTRACT typed C or fix false pointer after source/consumer/FE8U audit
DATA_TABLE	medium	src/data/frontier_df4_uistuff/frontier_df4_uistuff.c	20	6644-6972	.data.frontier_df4_uistuff.gap19	frontier_df4_uistuff_019_59BA8C	"{""4byte"": 324}"	306	18	0	0	0	structured scalar/pointer data; mixed symbolic words with raw data: audit false pointers	EXTRACT typed C or fix false pointer after source/consumer/FE8U audit
DATA_TABLE	medium	src/data/frontier_df4_uistuff/frontier_df4_uistuff.c	21	6973-8003	.data.frontier_df4_uistuff.gap20	frontier_df4_uistuff_020_59BFE4	"{""4byte"": 1026}"	969	57	0	0	0	structured scalar/pointer data; mixed symbolic words with raw data: audit false pointers	EXTRACT typed C or fix false pointer after source/consumer/FE8U audit
DATA_TABLE	medium	src/data/frontier_df4_uistuff/frontier_df4_uistuff.c	22	8004-8296	.data.frontier_df4_uistuff.gap21	frontier_df4_uistuff_021_59D034	"{""4byte"": 288}"	272	16	0	0	0	structured scalar/pointer data; mixed symbolic words with raw data: audit false pointers	EXTRACT typed C or fix false pointer after source/consumer/FE8U audit
PROC_SCRIPT	high	src/data/frontier_df4_uistuff/frontier_df4_uistuff.c	23	8297-8337	.data.frontier_df4_uistuff.gap22	frontier_df4_uistuff_022_5B90D8	"{""4byte"": 36}"	30	6	0	0	0	valid ProcCmd opcode pairs ending in PROC_END	EXTRACT typed struct ProcCmd
DATA_TABLE	medium	src/data/frontier_df4_uistuff/frontier_df4_uistuff.c	24	8338-8426	.data.frontier_df4_uistuff.gap22b	frontier_df4_uistuff_022b_5B9188	"{""4byte"": 84}"	57	27	0	0	0	structured scalar/pointer data; mixed symbolic words with raw data: audit false pointers	EXTRACT typed C or fix false pointer after source/consumer/FE8U audit
DATA_TABLE	medium	src/data/frontier_df4_uistuff/frontier_df4_uistuff.c	25	8427-8905	.data.frontier_df4_uistuff.gap23	frontier_df4_uistuff_023_5B9454	"{""4byte"": 474}"	247	227	0	0	0	structured scalar/pointer data; mixed symbolic words with raw data: audit false pointers	EXTRACT typed C or fix false pointer after source/consumer/FE8U audit
DATA_TABLE	medium	src/data/frontier_df4_uistuff/frontier_df4_uistuff.c	26	8906-8986	.data.frontier_df4_uistuff.gap23b	data_085B9BBC	"{""4byte"": 76}"	59	17	0	0	0	structured scalar/pointer data; mixed symbolic words with raw data: audit false pointers	EXTRACT typed C or fix false pointer after source/consumer/FE8U audit
PROC_SCRIPT	high	src/data/frontier_df4_uistuff/frontier_df4_uistuff.c	27	8987-9041	.data.frontier_df4_uistuff.gap23c	datac_5B9D0C	"{""4byte"": 50}"	48	2	0	0	0	valid ProcCmd opcode pairs ending in PROC_END	EXTRACT typed struct ProcCmd
PROC_SCRIPT	high	src/data/frontier_df4_uistuff/frontier_df4_uistuff.c	28	9042-9496	.data.frontier_df4_uistuff.gap24	frontier_df4_uistuff_024_5C1D30	"{""4byte"": 450}"	450	0	0	0	0	valid ProcCmd opcode pairs ending in PROC_END	EXTRACT typed struct ProcCmd
PROC_SCRIPT	high	src/data/frontier_df4_uistuff/frontier_df4_uistuff.c	29	9497-9509	.data.frontier_df4_uistuff.gap24b	frontier_df4_uistuff_024b_5C2458	"{""4byte"": 8}"	6	2	0	0	0	valid ProcCmd opcode pairs ending in PROC_END	EXTRACT typed struct ProcCmd
DATA_TABLE	medium	src/data/frontier_df4_uistuff/frontier_df4_uistuff.c	30	9510-9516	.data.frontier_df4_uistuff.gap24bb	frontier_df4_uistuff_024bb_5C2570	"{""4byte"": 2}"	2	0	0	0	0	structured scalar/pointer data	EXTRACT typed C or fix false pointer after source/consumer/FE8U audit
DATA_TABLE	medium	src/data/frontier_df4_uistuff/frontier_df4_uistuff.c	31	9517-9723	.data.frontier_df4_uistuff.gap24bc	frontier_df4_uistuff_024bc_5C2590	"{""4byte"": 202}"	155	47	0	0	0	structured scalar/pointer data; mixed symbolic words with raw data: audit false pointers	EXTRACT typed C or fix false pointer after source/consumer/FE8U audit
DATA_TABLE	medium	src/data/frontier_df4_uistuff/frontier_df4_uistuff.c	32	9724-9763	.data.frontier_df4_uistuff.gap25	frontier_df4_uistuff_025_5C2E50	"{""4byte"": 35}"	29	6	0	0	0	structured scalar/pointer data; mixed symbolic words with raw data: audit false pointers	EXTRACT typed C or fix false pointer after source/consumer/FE8U audit
DATA_TABLE	medium	src/data/frontier_df4_uistuff/frontier_df4_uistuff.c	33	9764-9776	.data.frontier_df4_uistuff.gap25b	frontier_df4_uistuff_025b_5C2EE4	"{""4byte"": 8}"	7	1	0	0	0	structured scalar/pointer data; mixed symbolic words with raw data: audit false pointers	EXTRACT typed C or fix false pointer after source/consumer/FE8U audit
DATA_TABLE	medium	src/data/frontier_df4_uistuff/frontier_df4_uistuff.c	34	9777-9796	.data.frontier_df4_uistuff.gap25c	frontier_df4_uistuff_025c_5C2F1C	"{""4byte"": 15}"	15	0	0	0	0	structured scalar/pointer data	EXTRACT typed C or fix false pointer after source/consumer/FE8U audit
DATA_TABLE	medium	src/data/frontier_df4_uistuff/frontier_df4_uistuff.c	35	9797-9877	.data.frontier_df4_uistuff.gap25d	frontier_df4_uistuff_025d_5C3168	"{""4byte"": 76}"	47	29	0	0	0	structured scalar/pointer data; mixed symbolic words with raw data: audit false pointers	EXTRACT typed C or fix false pointer after source/consumer/FE8U audit
PROC_SCRIPT	high	src/data/frontier_df4_uistuff/frontier_df4_uistuff.c	36	9878-9902	.data.frontier_df4_uistuff.gap25e	frontier_df4_uistuff_025e_5C32B8	"{""4byte"": 20}"	14	6	0	0	0	valid ProcCmd opcode pairs ending in PROC_END	EXTRACT typed struct ProcCmd
PROC_SCRIPT	high	src/data/frontier_df4_uistuff/frontier_df4_uistuff.c	37	10013-10064	.data.frontier_df4_uistuff.gap27	frontier_df4_uistuff_027_5C3C9C	"{""4byte"": 47}"	194	88	0	0	0	valid ProcCmd opcode pairs ending in PROC_END	EXTRACT typed struct ProcCmd
PROC_SCRIPT	high	src/data/frontier_df4_uistuff/frontier_df4_uistuff.c	38	10065-10158	.data.frontier_df4_uistuff.gap28	frontier_df4_uistuff_028_5C411C	"{""4byte"": 89}"	68	21	0	0	0	valid ProcCmd opcode pairs ending in PROC_END	EXTRACT typed struct ProcCmd
PROC_SCRIPT	high	src/data/frontier_df4_uistuff/frontier_df4_uistuff.c	39	10159-10183	.data.frontier_df4_uistuff.gap28b	frontier_df4_uistuff_028b_5C42D0	"{""4byte"": 20}"	16	4	0	0	0	valid ProcCmd opcode pairs ending in PROC_END	EXTRACT typed struct ProcCmd
DATA_TABLE	medium	src/data/frontier_df4_uistuff/frontier_df4_uistuff.c	40	10184-10476	.data.frontier_df4_uistuff.gap29	frontier_df4_uistuff_029_5C4A94	"{""4byte"": 288}"	144	144	0	0	0	structured scalar/pointer data; mixed symbolic words with raw data: audit false pointers	EXTRACT typed C or fix false pointer after source/consumer/FE8U audit
DATA_TABLE	medium	src/data/frontier_df4_uistuff/frontier_df4_uistuff.c	41	10477-10607	.data.frontier_df4_uistuff.gap30	frontier_df4_uistuff_030_5C534C	"{""4byte"": 126}"	89	37	0	0	0	structured scalar/pointer data; mixed symbolic words with raw data: audit false pointers	EXTRACT typed C or fix false pointer after source/consumer/FE8U audit
DATA_TABLE	medium	src/data/frontier_df4_uistuff/frontier_df4_uistuff.c	42	10608-10881	.data.frontier_df4_uistuff.gap30	data_085C5544	"{""4byte"": 269}"	133	136	0	0	0	structured scalar/pointer data; mixed symbolic words with raw data: audit false pointers	EXTRACT typed C or fix false pointer after source/consumer/FE8U audit
DATA_TABLE	medium	src/data/frontier_df4_uistuff/frontier_df4_uistuff.c	43	10882-10979	.data.frontier_df4_uistuff.gap31	frontier_df4_uistuff_031_5C5DE8,frontier_df4_uistuff_031_obj_5C5E38,frontier_df4_uistuff_031_obj_5C5E40	"{""4byte"": 89}"	81	8	0	0	0	structured scalar/pointer data; mixed symbolic words with raw data: audit false pointers	EXTRACT typed C or fix false pointer after source/consumer/FE8U audit
DATA_TABLE	medium	src/data/frontier_df4_uistuff/frontier_df4_uistuff.c	44	10980-10994	.data.frontier_df4_uistuff.gap31b	frontier_df4_uistuff_031b_5C5F74	"{""4byte"": 10}"	7	3	0	0	0	structured scalar/pointer data; mixed symbolic words with raw data: audit false pointers	EXTRACT typed C or fix false pointer after source/consumer/FE8U audit
DATA_TABLE	medium	src/data/frontier_df4_uistuff/frontier_df4_uistuff.c	45	10995-11030	.data.frontier_df4_uistuff.gap31c	frontier_df4_uistuff_031c_5C6004	"{""4byte"": 31}"	27	4	0	0	0	structured scalar/pointer data; mixed symbolic words with raw data: audit false pointers	EXTRACT typed C or fix false pointer after source/consumer/FE8U audit
PROC_SCRIPT	high	src/data/frontier_df4_uistuff/frontier_df4_uistuff.c	46	11031-11405	.data.frontier_df4_uistuff.gap32	frontier_df4_uistuff_032_5C6084	"{""4byte"": 368, ""byte"": 2}"	246	122	0	2	0	valid ProcCmd opcode pairs ending in PROC_END	EXTRACT typed struct ProcCmd
DATA_TABLE	medium	src/data/frontier_df4_uistuff/frontier_df4_uistuff.c	47	11406-11490	.data.frontier_df4_uistuff.gap33	frontier_df4_uistuff_033_5C6AD4	"{""4byte"": 80}"	53	27	0	0	0	structured scalar/pointer data; mixed symbolic words with raw data: audit false pointers	EXTRACT typed C or fix false pointer after source/consumer/FE8U audit
DATA_TABLE	medium	src/data/frontier_df4_uistuff/frontier_df4_uistuff.c	48	11491-11588	.data.frontier_df4_uistuff.gap33	data_085C6C14	"{""4byte"": 93}"	73	20	0	0	0	structured scalar/pointer data; mixed symbolic words with raw data: audit false pointers	EXTRACT typed C or fix false pointer after source/consumer/FE8U audit
DATA_TABLE	medium	src/data/frontier_df4_uistuff/frontier_df4_uistuff.c	49	11592-11741	.data.frontier_df4_uistuff.gap38	frontier_df4_uistuff_038_5D32D8	"{""4byte"": 145}"	116	29	0	0	0	structured scalar/pointer data; mixed symbolic words with raw data: audit false pointers	EXTRACT typed C or fix false pointer after source/consumer/FE8U audit
DATA_TABLE	medium	src/data/frontier_df4_uistuff/frontier_df4_uistuff.c	50	11742-11764	.data.frontier_df4_uistuff.gap38b	frontier_df4_uistuff_038b_5D35DC	"{""4byte"": 18}"	7	11	0	0	0	structured scalar/pointer data; mixed symbolic words with raw data: audit false pointers	EXTRACT typed C or fix false pointer after source/consumer/FE8U audit
SECTION_GLUE	high	src/data/gClassReelOrderedLut_ref/dat_gClassReelOrderedLut_ref.c	1	81-81		gClassReelOrderedLut	{}	0	0	0	0	0	global .set alias glue only	LEFT relocatable alias glue
SECTION_GLUE	high	src/data/gEfxSelfThunderBGFrames_ref/dat_gEfxSelfThunderBGFrames_ref.c	1	149-149		gEfxSelfThunderBGFrames	{}	0	0	0	0	0	global .set alias glue only	LEFT relocatable alias glue
SECTION_GLUE	high	src/data/gMPlayJumpTableTemplate_ref/dat_gMPlayJumpTableTemplate_ref.c	1	76-76		gMPlayJumpTableTemplate	{}	0	0	0	0	0	global .set alias glue only	LEFT relocatable alias glue
SECTION_GLUE	high	src/data/gProcScr_ArenaUiMain_ref/dat_gProcScr_ArenaUiMain_ref.c	1	75-75		data_08ABCAD4	{}	0	0	0	0	0	global .set alias glue only	LEFT relocatable alias glue
SECTION_GLUE	high	src/data/gProcScr_Bmmenu_0_ref/dat_gProcScr_Bmmenu_0_ref.c	1	21-21		data_085C3B10	{}	0	0	0	0	0	global .set alias glue only	LEFT relocatable alias glue
SECTION_GLUE	high	src/data/gProcScr_Minimap_ref/dat_gProcScr_Minimap_ref.c	1	43-43		data_08A9CA64	{}	0	0	0	0	0	global .set alias glue only	LEFT relocatable alias glue
SECTION_GLUE	high	src/data/unit_icon_move_table_ref/dat_unit_icon_move_table_ref.c	1	460-460		unit_icon_move_table	{}	0	0	0	0	0	global .set alias glue only	LEFT relocatable alias glue
GRAPHICS	medium	src/data/worldmap_gmapunit/dat_worldmap_gmapunit_p1056.c	1	8-21	.rodata.dat_worldmap_gmapunit_p1056	AnimSprite_Tri_14	"{""short"": 9}"	0	0	54	0	0	graphics-like naming or embedded incbin/byte runs	EXTRACT graphics source where format is clear
GRAPHICS	medium	src/data/worldmap_gmapunit/dat_worldmap_gmapunit_p761.c	1	32-41	.rodata.dat_worldmap_gmapunit_p761	AnimSprite_EfxLvupOBJ2_EfxLvupOBJ_0	"{""short"": 5}"	0	0	30	0	0	graphics-like naming or embedded incbin/byte runs	EXTRACT graphics source where format is clear
GRAPHICS	medium	src/data/worldmap_gmapunit/dat_worldmap_gmapunit_p761.c	2	42-53	.rodata.dat_worldmap_gmapunit_p761	AnimSprite_EfxLvupOBJ2_EfxLvupOBJ_1	"{""short"": 7}"	0	0	42	0	0	graphics-like naming or embedded incbin/byte runs	EXTRACT graphics source where format is clear
GRAPHICS	medium	src/data/worldmap_gmapunit/dat_worldmap_gmapunit_p761.c	3	54-67	.rodata.dat_worldmap_gmapunit_p761	AnimSprite_EfxLvupOBJ2_EfxLvupOBJ_2	"{""short"": 9}"	0	0	54	0	0	graphics-like naming or embedded incbin/byte runs	EXTRACT graphics source where format is clear
GRAPHICS	medium	src/data/worldmap_gmapunit/dat_worldmap_gmapunit_p761.c	4	68-83	.rodata.dat_worldmap_gmapunit_p761	AnimSprite_EfxLvupOBJ2_EfxLvupOBJ_3	"{""short"": 11}"	0	0	66	0	0	graphics-like naming or embedded incbin/byte runs	EXTRACT graphics source where format is clear
GRAPHICS	medium	src/data/worldmap_gmapunit/dat_worldmap_gmapunit_p761.c	5	84-99	.rodata.dat_worldmap_gmapunit_p761	AnimSprite_EfxLvupOBJ2_EfxLvupOBJ_4	"{""short"": 11}"	0	0	66	0	0	graphics-like naming or embedded incbin/byte runs	EXTRACT graphics source where format is clear
GRAPHICS	medium	src/data/worldmap_gmapunit/dat_worldmap_gmapunit_p761.c	6	100-116	.rodata.dat_worldmap_gmapunit_p761	AnimSprite_EfxLvupOBJ2_EfxLvupOBJ_5	"{""short"": 12}"	0	0	72	0	0	graphics-like naming or embedded incbin/byte runs	EXTRACT graphics source where format is clear
GRAPHICS	medium	src/data/worldmap_gmapunit/dat_worldmap_gmapunit_p761.c	7	117-133	.rodata.dat_worldmap_gmapunit_p761	AnimSprite_EfxLvupOBJ2_EfxLvupOBJ_6	"{""short"": 12}"	0	0	72	0	0	graphics-like naming or embedded incbin/byte runs	EXTRACT graphics source where format is clear
GRAPHICS	medium	src/data/worldmap_gmapunit/dat_worldmap_gmapunit_p761.c	8	134-149	.rodata.dat_worldmap_gmapunit_p761	AnimSprite_EfxLvupOBJ2_EfxLvupOBJ_7	"{""short"": 11}"	0	0	66	0	0	graphics-like naming or embedded incbin/byte runs	EXTRACT graphics source where format is clear
GRAPHICS	medium	src/data/worldmap_gmapunit/dat_worldmap_gmapunit_p761.c	9	150-165	.rodata.dat_worldmap_gmapunit_p761	AnimSprite_EfxLvupOBJ2_EfxLvupOBJ_8	"{""short"": 11}"	0	0	66	0	0	graphics-like naming or embedded incbin/byte runs	EXTRACT graphics source where format is clear
GRAPHICS	medium	src/data/worldmap_gmapunit/dat_worldmap_gmapunit_p761.c	10	166-182	.rodata.dat_worldmap_gmapunit_p761	AnimSprite_EfxLvupOBJ2_EfxLvupOBJ_9	"{""short"": 12}"	0	0	72	0	0	graphics-like naming or embedded incbin/byte runs	EXTRACT graphics source where format is clear
GRAPHICS	medium	src/data/worldmap_gmapunit/dat_worldmap_gmapunit_p761.c	11	183-199	.rodata.dat_worldmap_gmapunit_p761	AnimSprite_EfxLvupOBJ2_EfxLvupOBJ_10	"{""short"": 12}"	0	0	72	0	0	graphics-like naming or embedded incbin/byte runs	EXTRACT graphics source where format is clear
GRAPHICS	medium	src/data/worldmap_gmapunit/dat_worldmap_gmapunit_p761.c	12	200-217	.rodata.dat_worldmap_gmapunit_p761	AnimSprite_EfxLvupOBJ2_EfxLvupOBJ_11	"{""short"": 13}"	0	0	78	0	0	graphics-like naming or embedded incbin/byte runs	EXTRACT graphics source where format is clear
GRAPHICS	medium	src/data/worldmap_gmapunit/dat_worldmap_gmapunit_p761.c	13	218-235	.rodata.dat_worldmap_gmapunit_p761	AnimSprite_EfxLvupOBJ2_EfxLvupOBJ_12	"{""short"": 13}"	0	0	78	0	0	graphics-like naming or embedded incbin/byte runs	EXTRACT graphics source where format is clear
GRAPHICS	medium	src/data/worldmap_gmapunit/dat_worldmap_gmapunit_p761.c	14	236-253	.rodata.dat_worldmap_gmapunit_p761	AnimSprite_EfxLvupOBJ2_EfxLvupOBJ_13	"{""short"": 13}"	0	0	78	0	0	graphics-like naming or embedded incbin/byte runs	EXTRACT graphics source where format is clear
GRAPHICS	medium	src/data/worldmap_gmapunit/dat_worldmap_gmapunit_p761.c	15	254-270	.rodata.dat_worldmap_gmapunit_p761	AnimSprite_EfxLvupOBJ2_EfxLvupOBJ_14	"{""short"": 12}"	0	0	72	0	0	graphics-like naming or embedded incbin/byte runs	EXTRACT graphics source where format is clear
GRAPHICS	medium	src/data/worldmap_gmapunit/dat_worldmap_gmapunit_p767.c	1	7-14	.rodata.dat_worldmap_gmapunit_p767	AnimSprite_NoDamage1	"{""short"": 3}"	0	0	18	0	0	graphics-like naming or embedded incbin/byte runs	EXTRACT graphics source where format is clear
GRAPHICS	medium	src/data/worldmap_gmapunit/dat_worldmap_gmapunit_p767.c	2	15-22	.rodata.dat_worldmap_gmapunit_p767	AnimSprite_NoDamage2	"{""short"": 3}"	0	0	18	0	0	graphics-like naming or embedded incbin/byte runs	EXTRACT graphics source where format is clear
GRAPHICS	medium	src/data/worldmap_gmapunit/dat_worldmap_gmapunit_p767.c	3	23-30	.rodata.dat_worldmap_gmapunit_p767	AnimSprite_NoDamage3	"{""short"": 3}"	0	0	18	0	0	graphics-like naming or embedded incbin/byte runs	EXTRACT graphics source where format is clear
GRAPHICS	medium	src/data/worldmap_gmapunit/dat_worldmap_gmapunit_p767.c	4	31-40	.rodata.dat_worldmap_gmapunit_p767	AnimSprite_NoDamage4	"{""short"": 5}"	0	0	30	0	0	graphics-like naming or embedded incbin/byte runs	EXTRACT graphics source where format is clear
GRAPHICS	medium	src/data/worldmap_gmapunit/dat_worldmap_gmapunit_p767.c	5	41-50	.rodata.dat_worldmap_gmapunit_p767	AnimSprite_NoDamage5	"{""short"": 5}"	0	0	30	0	0	graphics-like naming or embedded incbin/byte runs	EXTRACT graphics source where format is clear
GRAPHICS	medium	src/data/worldmap_gmapunit/dat_worldmap_gmapunit_p767.c	6	51-60	.rodata.dat_worldmap_gmapunit_p767	AnimSprite_NoDamage6	"{""short"": 5}"	0	0	30	0	0	graphics-like naming or embedded incbin/byte runs	EXTRACT graphics source where format is clear
GRAPHICS	medium	src/data/worldmap_gmapunit/dat_worldmap_gmapunit_p767.c	7	61-71	.rodata.dat_worldmap_gmapunit_p767	AnimSprite_NoDamage7	"{""short"": 6}"	0	0	36	0	0	graphics-like naming or embedded incbin/byte runs	EXTRACT graphics source where format is clear
GRAPHICS	medium	src/data/worldmap_gmapunit/dat_worldmap_gmapunit_p767.c	8	72-82	.rodata.dat_worldmap_gmapunit_p767	AnimSprite_NoDamage8	"{""short"": 6}"	0	0	36	0	0	graphics-like naming or embedded incbin/byte runs	EXTRACT graphics source where format is clear
GRAPHICS	medium	src/data/worldmap_gmapunit/dat_worldmap_gmapunit_p767.c	9	83-93	.rodata.dat_worldmap_gmapunit_p767	AnimSprite_NoDamage9	"{""short"": 6}"	0	0	36	0	0	graphics-like naming or embedded incbin/byte runs	EXTRACT graphics source where format is clear
GRAPHICS	medium	src/data/worldmap_gmapunit/dat_worldmap_gmapunit_p767.c	10	94-105	.rodata.dat_worldmap_gmapunit_p767	AnimSprite_NoDamageA	"{""short"": 7}"	0	0	42	0	0	graphics-like naming or embedded incbin/byte runs	EXTRACT graphics source where format is clear
GRAPHICS	medium	src/data/worldmap_gmapunit/dat_worldmap_gmapunit_p767.c	11	106-117	.rodata.dat_worldmap_gmapunit_p767	AnimSprite_NoDamageB	"{""short"": 7}"	0	0	42	0	0	graphics-like naming or embedded incbin/byte runs	EXTRACT graphics source where format is clear
GRAPHICS	medium	src/data/worldmap_gmapunit/dat_worldmap_gmapunit_p767.c	12	118-129	.rodata.dat_worldmap_gmapunit_p767	AnimSprite_NoDamageC	"{""short"": 7}"	0	0	42	0	0	graphics-like naming or embedded incbin/byte runs	EXTRACT graphics source where format is clear
GRAPHICS	medium	src/data/worldmap_gmapunit/dat_worldmap_gmapunit_p767.c	13	133-146	.rodata.dat_worldmap_gmapunit_p767	AnimSprite_NoDamage10	"{""short"": 9}"	0	0	54	0	0	graphics-like naming or embedded incbin/byte runs	EXTRACT graphics source where format is clear
GRAPHICS	medium	src/data/worldmap_gmapunit/dat_worldmap_gmapunit_p767.c	14	147-160	.rodata.dat_worldmap_gmapunit_p767	AnimSprite_NoDamage11	"{""short"": 9}"	0	0	54	0	0	graphics-like naming or embedded incbin/byte runs	EXTRACT graphics source where format is clear
GRAPHICS	medium	src/data/worldmap_gmapunit/dat_worldmap_gmapunit_p767.c	15	161-174	.rodata.dat_worldmap_gmapunit_p767	AnimSprite_NoDamage12	"{""short"": 9}"	0	0	54	0	0	graphics-like naming or embedded incbin/byte runs	EXTRACT graphics source where format is clear
GRAPHICS	medium	src/data/worldmap_gmapunit/dat_worldmap_gmapunit_p771.c	1	8-16	.rodata.dat_worldmap_gmapunit_p771	AnimSprite_LvupStatup_1	"{""short"": 4}"	0	0	24	0	0	graphics-like naming or embedded incbin/byte runs	EXTRACT graphics source where format is clear
GRAPHICS	medium	src/data/worldmap_gmapunit/dat_worldmap_gmapunit_p771.c	2	17-27	.rodata.dat_worldmap_gmapunit_p771	AnimSprite_LvupStatup_2	"{""short"": 6}"	0	0	36	0	0	graphics-like naming or embedded incbin/byte runs	EXTRACT graphics source where format is clear
GRAPHICS	medium	src/data/worldmap_gmapunit/dat_worldmap_gmapunit_p771.c	3	28-39	.rodata.dat_worldmap_gmapunit_p771	AnimSprite_LvupStatup_3	"{""short"": 7}"	0	0	42	0	0	graphics-like naming or embedded incbin/byte runs	EXTRACT graphics source where format is clear
GRAPHICS	medium	src/data/worldmap_gmapunit/dat_worldmap_gmapunit_p771.c	4	40-51	.rodata.dat_worldmap_gmapunit_p771	AnimSprite_LvupStatup_4	"{""short"": 7}"	0	0	42	0	0	graphics-like naming or embedded incbin/byte runs	EXTRACT graphics source where format is clear
GRAPHICS	medium	src/data/worldmap_gmapunit/dat_worldmap_gmapunit_p771.c	5	52-63	.rodata.dat_worldmap_gmapunit_p771	AnimSprite_LvupStatup_5	"{""short"": 7}"	0	0	42	0	0	graphics-like naming or embedded incbin/byte runs	EXTRACT graphics source where format is clear
GRAPHICS	medium	src/data/worldmap_gmapunit/dat_worldmap_gmapunit_p771.c	6	64-75	.rodata.dat_worldmap_gmapunit_p771	AnimSprite_LvupStatup_6	"{""short"": 7}"	0	0	42	0	0	graphics-like naming or embedded incbin/byte runs	EXTRACT graphics source where format is clear
GRAPHICS	medium	src/data/worldmap_gmapunit/dat_worldmap_gmapunit_p771.c	7	76-87	.rodata.dat_worldmap_gmapunit_p771	AnimSprite_LvupStatup_7	"{""short"": 7}"	0	0	42	0	0	graphics-like naming or embedded incbin/byte runs	EXTRACT graphics source where format is clear
GRAPHICS	medium	src/data/worldmap_gmapunit/dat_worldmap_gmapunit_p771.c	8	88-99	.rodata.dat_worldmap_gmapunit_p771	AnimSprite_LvupStatup_8	"{""short"": 7}"	0	0	42	0	0	graphics-like naming or embedded incbin/byte runs	EXTRACT graphics source where format is clear
GRAPHICS	medium	src/data/worldmap_gmapunit/dat_worldmap_gmapunit_p771.c	9	100-111	.rodata.dat_worldmap_gmapunit_p771	AnimSprite_LvupStatup_9	"{""short"": 7}"	0	0	42	0	0	graphics-like naming or embedded incbin/byte runs	EXTRACT graphics source where format is clear
GRAPHICS	medium	src/data/worldmap_gmapunit/dat_worldmap_gmapunit_p771.c	10	112-123	.rodata.dat_worldmap_gmapunit_p771	AnimSprite_LvupStatup_10	"{""short"": 7}"	0	0	42	0	0	graphics-like naming or embedded incbin/byte runs	EXTRACT graphics source where format is clear
GRAPHICS	medium	src/data/worldmap_gmapunit/dat_worldmap_gmapunit_p771.c	11	124-135	.rodata.dat_worldmap_gmapunit_p771	AnimSprite_LvupStatup_11	"{""short"": 7}"	0	0	42	0	0	graphics-like naming or embedded incbin/byte runs	EXTRACT graphics source where format is clear
GRAPHICS	medium	src/data/worldmap_gmapunit/dat_worldmap_gmapunit_p771.c	12	136-143	.rodata.dat_worldmap_gmapunit_p771	AnimSprite_LvupStatup_12	"{""short"": 3}"	0	0	18	0	0	graphics-like naming or embedded incbin/byte runs	EXTRACT graphics source where format is clear
GRAPHICS	medium	src/data/worldmap_gmapunit/dat_worldmap_gmapunit_p771.c	13	144-152	.rodata.dat_worldmap_gmapunit_p771	AnimSprite_LvupStatup_13	"{""short"": 4}"	0	0	24	0	0	graphics-like naming or embedded incbin/byte runs	EXTRACT graphics source where format is clear
GRAPHICS	medium	src/data/worldmap_gmapunit/dat_worldmap_gmapunit_p771.c	14	153-161	.rodata.dat_worldmap_gmapunit_p771	AnimSprite_LvupStatup_14	"{""short"": 4}"	0	0	24	0	0	graphics-like naming or embedded incbin/byte runs	EXTRACT graphics source where format is clear
GRAPHICS	medium	src/data/worldmap_gmapunit/dat_worldmap_gmapunit_p771.c	15	162-170	.rodata.dat_worldmap_gmapunit_p771	AnimSprite_LvupStatup_15	"{""short"": 4}"	0	0	24	0	0	graphics-like naming or embedded incbin/byte runs	EXTRACT graphics source where format is clear
GRAPHICS	medium	src/data/worldmap_gmapunit/dat_worldmap_gmapunit_p771.c	16	171-179	.rodata.dat_worldmap_gmapunit_p771	AnimSprite_LvupStatup_16	"{""short"": 4}"	0	0	24	0	0	graphics-like naming or embedded incbin/byte runs	EXTRACT graphics source where format is clear
GRAPHICS	medium	src/data/worldmap_gmapunit/dat_worldmap_gmapunit_p771.c	17	180-188	.rodata.dat_worldmap_gmapunit_p771	AnimSprite_LvupStatup_17	"{""short"": 4}"	0	0	24	0	0	graphics-like naming or embedded incbin/byte runs	EXTRACT graphics source where format is clear
GRAPHICS	medium	src/data/worldmap_gmapunit/dat_worldmap_gmapunit_p771.c	18	189-197	.rodata.dat_worldmap_gmapunit_p771	AnimSprite_LvupStatup_18	"{""short"": 4}"	0	0	24	0	0	graphics-like naming or embedded incbin/byte runs	EXTRACT graphics source where format is clear
GRAPHICS	medium	src/data/worldmap_gmapunit/dat_worldmap_gmapunit_p771.c	19	198-206	.rodata.dat_worldmap_gmapunit_p771	AnimSprite_LvupStatup_19	"{""short"": 4}"	0	0	24	0	0	graphics-like naming or embedded incbin/byte runs	EXTRACT graphics source where format is clear
GRAPHICS	medium	src/data/worldmap_gmapunit/dat_worldmap_gmapunit_p771.c	20	207-215	.rodata.dat_worldmap_gmapunit_p771	AnimSprite_LvupStatup_20	"{""short"": 4}"	0	0	24	0	0	graphics-like naming or embedded incbin/byte runs	EXTRACT graphics source where format is clear
GRAPHICS	medium	src/data/worldmap_gmapunit/dat_worldmap_gmapunit_p771.c	21	216-224	.rodata.dat_worldmap_gmapunit_p771	AnimSprite_LvupStatup_21	"{""short"": 4}"	0	0	24	0	0	graphics-like naming or embedded incbin/byte runs	EXTRACT graphics source where format is clear
DATA_TABLE	medium	src/data/worldmap_gmapunit/dat_worldmap_gmapunit_p771.c	22	225-231	.rodata.dat_worldmap_gmapunit_p771	AnimSprite_LvupStatup_22	"{""short"": 2}"	0	0	12	0	0	structured scalar/pointer data	EXTRACT typed C or fix false pointer after source/consumer/FE8U audit
DATA_TABLE	medium	src/data/worldmap_gmapunit/dat_worldmap_gmapunit_p771.c	23	232-238	.rodata.dat_worldmap_gmapunit_p771	AnimSprite_LvupStatup_23	"{""short"": 2}"	0	0	12	0	0	structured scalar/pointer data	EXTRACT typed C or fix false pointer after source/consumer/FE8U audit
DATA_TABLE	medium	src/data/worldmap_gmapunit/dat_worldmap_gmapunit_p771.c	24	239-245	.rodata.dat_worldmap_gmapunit_p771	AnimSprite_LvupStatup_24	"{""short"": 2}"	0	0	12	0	0	structured scalar/pointer data	EXTRACT typed C or fix false pointer after source/consumer/FE8U audit
DATA_TABLE	medium	src/data/worldmap_gmapunit/dat_worldmap_gmapunit_p771.c	25	246-252	.rodata.dat_worldmap_gmapunit_p771	AnimSprite_LvupStatup_25	"{""short"": 2}"	0	0	12	0	0	structured scalar/pointer data	EXTRACT typed C or fix false pointer after source/consumer/FE8U audit
DATA_TABLE	medium	src/data/worldmap_gmapunit/dat_worldmap_gmapunit_p771.c	26	253-259	.rodata.dat_worldmap_gmapunit_p771	AnimSprite_LvupStatup_26	"{""short"": 2}"	0	0	12	0	0	structured scalar/pointer data	EXTRACT typed C or fix false pointer after source/consumer/FE8U audit
DATA_TABLE	medium	src/data/worldmap_gmapunit/dat_worldmap_gmapunit_p771.c	27	260-266	.rodata.dat_worldmap_gmapunit_p771	AnimSprite_LvupStatup_27	"{""short"": 2}"	0	0	12	0	0	structured scalar/pointer data	EXTRACT typed C or fix false pointer after source/consumer/FE8U audit
DATA_TABLE	medium	src/data/worldmap_gmapunit/dat_worldmap_gmapunit_p771.c	28	267-273	.rodata.dat_worldmap_gmapunit_p771	AnimSprite_LvupStatup_28	"{""short"": 2}"	0	0	12	0	0	structured scalar/pointer data	EXTRACT typed C or fix false pointer after source/consumer/FE8U audit
DATA_TABLE	medium	src/data/worldmap_gmapunit/dat_worldmap_gmapunit_p771.c	29	274-280	.rodata.dat_worldmap_gmapunit_p771	AnimSprite_LvupStatup_29	"{""short"": 2}"	0	0	12	0	0	structured scalar/pointer data	EXTRACT typed C or fix false pointer after source/consumer/FE8U audit
DATA_TABLE	medium	src/data/worldmap_gmapunit/dat_worldmap_gmapunit_p771.c	30	281-287	.rodata.dat_worldmap_gmapunit_p771	AnimSprite_LvupStatup_30	"{""short"": 2}"	0	0	12	0	0	structured scalar/pointer data	EXTRACT typed C or fix false pointer after source/consumer/FE8U audit
DATA_TABLE	medium	src/data/worldmap_gmapunit/dat_worldmap_gmapunit_p771.c	31	288-294	.rodata.dat_worldmap_gmapunit_p771	AnimSprite_LvupStatup_31	"{""short"": 2}"	0	0	12	0	0	structured scalar/pointer data	EXTRACT typed C or fix false pointer after source/consumer/FE8U audit
DATA_TABLE	medium	src/data/worldmap_gmapunit/dat_worldmap_gmapunit_p771.c	32	295-301	.rodata.dat_worldmap_gmapunit_p771	AnimSprite_LvupStatup_32	"{""short"": 2}"	0	0	12	0	0	structured scalar/pointer data	EXTRACT typed C or fix false pointer after source/consumer/FE8U audit
DATA_TABLE	medium	src/data/worldmap_gmapunit/dat_worldmap_gmapunit_p771.c	33	302-308	.rodata.dat_worldmap_gmapunit_p771	AnimSprite_LvupStatup_33	"{""short"": 2}"	0	0	12	0	0	structured scalar/pointer data	EXTRACT typed C or fix false pointer after source/consumer/FE8U audit
DATA_TABLE	medium	src/data/worldmap_gmapunit/dat_worldmap_gmapunit_p771.c	34	309-315	.rodata.dat_worldmap_gmapunit_p771	AnimSprite_LvupStatup_34	"{""short"": 2}"	0	0	12	0	0	structured scalar/pointer data	EXTRACT typed C or fix false pointer after source/consumer/FE8U audit
DATA_TABLE	medium	src/data/worldmap_gmapunit/dat_worldmap_gmapunit_p771.c	35	316-322	.rodata.dat_worldmap_gmapunit_p771	AnimSprite_LvupStatup_35	"{""short"": 2}"	0	0	12	0	0	structured scalar/pointer data	EXTRACT typed C or fix false pointer after source/consumer/FE8U audit
GRAPHICS	medium	src/data/worldmap_gmapunit/dat_worldmap_gmapunit_p774.c	1	7-17	.rodata.dat_worldmap_gmapunit_p774	AnimSprite_EkrBaseKaiten_2	"{""short"": 6}"	0	0	36	0	0	graphics-like naming or embedded incbin/byte runs	EXTRACT graphics source where format is clear
GRAPHICS	medium	src/data/worldmap_gmapunit/dat_worldmap_gmapunit_p774.c	2	18-31	.rodata.dat_worldmap_gmapunit_p774	AnimSprite_EkrBaseKaiten_3	"{""short"": 9}"	0	0	54	0	0	graphics-like naming or embedded incbin/byte runs	EXTRACT graphics source where format is clear
GRAPHICS	medium	src/data/worldmap_gmapunit/dat_worldmap_gmapunit_p774.c	3	32-43	.rodata.dat_worldmap_gmapunit_p774	AnimSprite_EkrBaseKaiten_4	"{""short"": 7}"	0	0	42	0	0	graphics-like naming or embedded incbin/byte runs	EXTRACT graphics source where format is clear
GRAPHICS	medium	src/data/worldmap_gmapunit/dat_worldmap_gmapunit_p774.c	4	44-63	.rodata.dat_worldmap_gmapunit_p774	AnimSprite_EkrBaseKaiten_5	"{""short"": 15}"	0	0	90	0	0	graphics-like naming or embedded incbin/byte runs	EXTRACT graphics source where format is clear
GRAPHICS	medium	src/data/worldmap_gmapunit/dat_worldmap_gmapunit_p774.c	5	65-84	.rodata.dat_worldmap_gmapunit_p774	AnimSprite_EkrBaseKaiten_7	"{""short"": 15}"	0	0	90	0	0	graphics-like naming or embedded incbin/byte runs	EXTRACT graphics source where format is clear
GRAPHICS	medium	src/data/worldmap_gmapunit/dat_worldmap_gmapunit_p774.c	6	85-108	.rodata.dat_worldmap_gmapunit_p774	AnimSprite_EkrBaseKaiten_8	"{""short"": 19}"	0	0	114	0	0	graphics-like naming or embedded incbin/byte runs	EXTRACT graphics source where format is clear
DATA_TABLE	medium	src/data/worldmap_gmapunit/dat_worldmap_gmapunit_p774.c	7	109-115	.rodata.dat_worldmap_gmapunit_p774	AnimSprite_EkrBaseKaiten_9	"{""short"": 2}"	0	0	12	0	0	structured scalar/pointer data	EXTRACT typed C or fix false pointer after source/consumer/FE8U audit
GRAPHICS	medium	src/data/worldmap_gmapunit/dat_worldmap_gmapunit_p776.c	1	7-31	.rodata.dat_worldmap_gmapunit_p776	AnimSprite_EkrBaseKaiten_16	"{""short"": 20}"	0	0	120	0	0	graphics-like naming or embedded incbin/byte runs	EXTRACT graphics source where format is clear
DATA_TABLE	medium	src/data/worldmap_gmapunit/dat_worldmap_gmapunit_p776.c	2	32-38	.rodata.dat_worldmap_gmapunit_p776	AnimSprite_EkrBaseKaiten_17	"{""short"": 2}"	0	0	12	0	0	structured scalar/pointer data	EXTRACT typed C or fix false pointer after source/consumer/FE8U audit
GRAPHICS	medium	src/data/worldmap_gmapunit/dat_worldmap_gmapunit_p776.c	3	39-46	.rodata.dat_worldmap_gmapunit_p776	AnimSprite_EkrBaseKaiten_18	"{""short"": 3}"	0	0	18	0	0	graphics-like naming or embedded incbin/byte runs	EXTRACT graphics source where format is clear
GRAPHICS	medium	src/data/worldmap_gmapunit/dat_worldmap_gmapunit_p776.c	4	47-55	.rodata.dat_worldmap_gmapunit_p776	AnimSprite_EkrBaseKaiten_19	"{""short"": 4}"	0	0	24	0	0	graphics-like naming or embedded incbin/byte runs	EXTRACT graphics source where format is clear
GRAPHICS	medium	src/data/worldmap_gmapunit/dat_worldmap_gmapunit_p776.c	5	56-69	.rodata.dat_worldmap_gmapunit_p776	AnimSprite_EkrBaseKaiten_20	"{""short"": 9}"	0	0	54	0	0	graphics-like naming or embedded incbin/byte runs	EXTRACT graphics source where format is clear
GRAPHICS	medium	src/data/worldmap_gmapunit/dat_worldmap_gmapunit_p776.c	6	70-83	.rodata.dat_worldmap_gmapunit_p776	AnimSprite_EkrBaseKaiten_21	"{""short"": 9}"	0	0	54	0	0	graphics-like naming or embedded incbin/byte runs	EXTRACT graphics source where format is clear
GRAPHICS	medium	src/data/worldmap_gmapunit/dat_worldmap_gmapunit_p776.c	7	84-105	.rodata.dat_worldmap_gmapunit_p776	AnimSprite_EkrBaseKaiten_22	"{""short"": 17}"	0	0	102	0	0	graphics-like naming or embedded incbin/byte runs	EXTRACT graphics source where format is clear
GRAPHICS	medium	src/data/worldmap_gmapunit/dat_worldmap_gmapunit_p776.c	8	107-125	.rodata.dat_worldmap_gmapunit_p776	AnimSprite_EkrBaseKaiten_24	"{""short"": 14}"	0	0	84	0	0	graphics-like naming or embedded incbin/byte runs	EXTRACT graphics source where format is clear
GRAPHICS	medium	src/data/worldmap_gmapunit/dat_worldmap_gmapunit_p776.c	9	127-135	.rodata.dat_worldmap_gmapunit_p776	AnimSprite_EkrBaseKaiten_26	"{""short"": 4}"	0	0	24	0	0	graphics-like naming or embedded incbin/byte runs	EXTRACT graphics source where format is clear
GRAPHICS	medium	src/data/worldmap_gmapunit/dat_worldmap_gmapunit_p776.c	10	136-149	.rodata.dat_worldmap_gmapunit_p776	AnimSprite_EkrBaseKaiten_27	"{""short"": 9}"	0	0	54	0	0	graphics-like naming or embedded incbin/byte runs	EXTRACT graphics source where format is clear
GRAPHICS	medium	src/data/worldmap_gmapunit/dat_worldmap_gmapunit_p776.c	11	150-163	.rodata.dat_worldmap_gmapunit_p776	AnimSprite_EkrBaseKaiten_28	"{""short"": 9}"	0	0	54	0	0	graphics-like naming or embedded incbin/byte runs	EXTRACT graphics source where format is clear
GRAPHICS	medium	src/data/worldmap_gmapunit/dat_worldmap_gmapunit_p776.c	12	164-185	.rodata.dat_worldmap_gmapunit_p776	AnimSprite_EkrBaseKaiten_29	"{""short"": 17}"	0	0	102	0	0	graphics-like naming or embedded incbin/byte runs	EXTRACT graphics source where format is clear
GRAPHICS	medium	src/data/worldmap_gmapunit/dat_worldmap_gmapunit_p776.c	13	187-205	.rodata.dat_worldmap_gmapunit_p776	AnimSprite_EkrBaseKaiten_31	"{""short"": 14}"	0	0	84	0	0	graphics-like naming or embedded incbin/byte runs	EXTRACT graphics source where format is clear
GRAPHICS	medium	src/data/worldmap_gmapunit/dat_worldmap_gmapunit_p778.c	1	7-14	.rodata.dat_worldmap_gmapunit_p778	AnimSprite_EkrBaseKaiten_49	"{""short"": 3}"	0	0	18	0	0	graphics-like naming or embedded incbin/byte runs	EXTRACT graphics source where format is clear
GRAPHICS	medium	src/data/worldmap_gmapunit/dat_worldmap_gmapunit_p778.c	2	15-23	.rodata.dat_worldmap_gmapunit_p778	AnimSprite_EkrBaseKaiten_50	"{""short"": 4}"	0	0	24	0	0	graphics-like naming or embedded incbin/byte runs	EXTRACT graphics source where format is clear
GRAPHICS	medium	src/data/worldmap_gmapunit/dat_worldmap_gmapunit_p778.c	3	25-41	.rodata.dat_worldmap_gmapunit_p778	AnimSprite_EkrBaseKaiten_52	"{""short"": 12}"	0	0	72	0	0	graphics-like naming or embedded incbin/byte runs	EXTRACT graphics source where format is clear
GRAPHICS	medium	src/data/worldmap_gmapunit/dat_worldmap_gmapunit_p778.c	4	42-60	.rodata.dat_worldmap_gmapunit_p778	AnimSprite_EkrBaseKaiten_53	"{""short"": 14}"	0	0	84	0	0	graphics-like naming or embedded incbin/byte runs	EXTRACT graphics source where format is clear
GRAPHICS	medium	src/data/worldmap_gmapunit/dat_worldmap_gmapunit_p778.c	5	62-69	.rodata.dat_worldmap_gmapunit_p778	AnimSprite_EkrBaseKaiten_55	"{""short"": 3}"	0	0	18	0	0	graphics-like naming or embedded incbin/byte runs	EXTRACT graphics source where format is clear
GRAPHICS	medium	src/data/worldmap_gmapunit/dat_worldmap_gmapunit_p778.c	6	70-79	.rodata.dat_worldmap_gmapunit_p778	AnimSprite_EkrBaseKaiten_56	"{""short"": 5}"	0	0	30	0	0	graphics-like naming or embedded incbin/byte runs	EXTRACT graphics source where format is clear
GRAPHICS	medium	src/data/worldmap_gmapunit/dat_worldmap_gmapunit_p779.c	1	7-26	.rodata.dat_worldmap_gmapunit_p779	AnimSprite_EkrBaseKaiten_59	"{""short"": 15}"	0	0	90	0	0	graphics-like naming or embedded incbin/byte runs	EXTRACT graphics source where format is clear
GRAPHICS	medium	src/data/worldmap_gmapunit/dat_worldmap_gmapunit_p779.c	2	27-48	.rodata.dat_worldmap_gmapunit_p779	AnimSprite_EkrBaseKaiten_60	"{""short"": 17}"	0	0	102	0	0	graphics-like naming or embedded incbin/byte runs	EXTRACT graphics source where format is clear
GRAPHICS	medium	src/data/worldmap_gmapunit/dat_worldmap_gmapunit_p779.c	3	49-56	.rodata.dat_worldmap_gmapunit_p779	AnimSprite_EkrBaseKaiten_61	"{""short"": 3}"	0	0	18	0	0	graphics-like naming or embedded incbin/byte runs	EXTRACT graphics source where format is clear
GRAPHICS	medium	src/data/worldmap_gmapunit/dat_worldmap_gmapunit_p779.c	4	57-65	.rodata.dat_worldmap_gmapunit_p779	AnimSprite_EkrBaseKaiten_62	"{""short"": 4}"	0	0	24	0	0	graphics-like naming or embedded incbin/byte runs	EXTRACT graphics source where format is clear
GRAPHICS	medium	src/data/worldmap_gmapunit/dat_worldmap_gmapunit_p779.c	5	67-85	.rodata.dat_worldmap_gmapunit_p779	AnimSprite_EkrBaseKaiten_64	"{""short"": 14}"	0	0	84	0	0	graphics-like naming or embedded incbin/byte runs	EXTRACT graphics source where format is clear
GRAPHICS	medium	src/data/worldmap_gmapunit/dat_worldmap_gmapunit_p779.c	6	86-105	.rodata.dat_worldmap_gmapunit_p779	AnimSprite_EkrBaseKaiten_65	"{""short"": 15}"	0	0	90	0	0	graphics-like naming or embedded incbin/byte runs	EXTRACT graphics source where format is clear
GRAPHICS	medium	src/data/worldmap_gmapunit/dat_worldmap_gmapunit_p779.c	7	106-127	.rodata.dat_worldmap_gmapunit_p779	AnimSprite_EkrBaseKaiten_66	"{""short"": 17}"	0	0	102	0	0	graphics-like naming or embedded incbin/byte runs	EXTRACT graphics source where format is clear
GRAPHICS	medium	src/data/worldmap_gmapunit/dat_worldmap_gmapunit_p779.c	8	128-135	.rodata.dat_worldmap_gmapunit_p779	AnimSprite_EkrBaseKaiten_67	"{""short"": 3}"	0	0	18	0	0	graphics-like naming or embedded incbin/byte runs	EXTRACT graphics source where format is clear
GRAPHICS	medium	src/data/worldmap_gmapunit/dat_worldmap_gmapunit_p779.c	9	136-144	.rodata.dat_worldmap_gmapunit_p779	AnimSprite_EkrBaseKaiten_68	"{""short"": 4}"	0	0	24	0	0	graphics-like naming or embedded incbin/byte runs	EXTRACT graphics source where format is clear
GRAPHICS	medium	src/data/worldmap_gmapunit/dat_worldmap_gmapunit_p779.c	10	145-156	.rodata.dat_worldmap_gmapunit_p779	AnimSprite_EkrBaseKaiten_69	"{""short"": 7}"	0	0	42	0	0	graphics-like naming or embedded incbin/byte runs	EXTRACT graphics source where format is clear
DATA_TABLE	medium	src/data/worldmap_gmapunit/dat_worldmap_gmapunit_p798.c	1	13-20	.rodata.dat_worldmap_gmapunit_p798	Obj_EfxArrowOBJ	"{""short"": 3}"	0	0	18	0	0	structured scalar/pointer data	EXTRACT typed C or fix false pointer after source/consumer/FE8U audit
GRAPHICS	medium	src/data/worldmap_gmapunit/dat_worldmap_gmapunit_p798.c	2	21-28	.rodata.dat_worldmap_gmapunit_p798	AnimSprite_EfxArrowObj2	"{""short"": 3}"	0	0	18	0	0	graphics-like naming or embedded incbin/byte runs	EXTRACT graphics source where format is clear
GRAPHICS	medium	src/data/worldmap_gmapunit/dat_worldmap_gmapunit_p798.c	3	29-36	.rodata.dat_worldmap_gmapunit_p798	AnimSprite_EfxArrowObj3	"{""short"": 3}"	0	0	18	0	0	graphics-like naming or embedded incbin/byte runs	EXTRACT graphics source where format is clear
GRAPHICS	medium	src/data/worldmap_gmapunit/dat_worldmap_gmapunit_p851.c	1	7-15	.rodata.dat_worldmap_gmapunit_p851	AnimSprite_EfxMantBatabata5_R_1	"{""short"": 4}"	0	0	24	0	0	graphics-like naming or embedded incbin/byte runs	EXTRACT graphics source where format is clear
GRAPHICS	medium	src/data/worldmap_gmapunit/dat_worldmap_gmapunit_p851.c	2	16-24	.rodata.dat_worldmap_gmapunit_p851	AnimSprite_EfxMantBatabata5_R_2	"{""short"": 4}"	0	0	24	0	0	graphics-like naming or embedded incbin/byte runs	EXTRACT graphics source where format is clear
GRAPHICS	medium	src/data/worldmap_gmapunit/dat_worldmap_gmapunit_p851.c	3	25-33	.rodata.dat_worldmap_gmapunit_p851	AnimSprite_EfxMantBatabata5_R_3	"{""short"": 4}"	0	0	24	0	0	graphics-like naming or embedded incbin/byte runs	EXTRACT graphics source where format is clear
GRAPHICS	medium	src/data/worldmap_gmapunit/dat_worldmap_gmapunit_p852.c	1	7-15	.rodata.dat_worldmap_gmapunit_p852	AnimSprite_EfxMantBatabata5_L_1	"{""short"": 4}"	0	0	24	0	0	graphics-like naming or embedded incbin/byte runs	EXTRACT graphics source where format is clear
GRAPHICS	medium	src/data/worldmap_gmapunit/dat_worldmap_gmapunit_p852.c	2	16-24	.rodata.dat_worldmap_gmapunit_p852	AnimSprite_EfxMantBatabata5_L_2	"{""short"": 4}"	0	0	24	0	0	graphics-like naming or embedded incbin/byte runs	EXTRACT graphics source where format is clear
GRAPHICS	medium	src/data/worldmap_gmapunit/dat_worldmap_gmapunit_p852.c	3	25-33	.rodata.dat_worldmap_gmapunit_p852	AnimSprite_EfxMantBatabata5_L_3	"{""short"": 4}"	0	0	24	0	0	graphics-like naming or embedded incbin/byte runs	EXTRACT graphics source where format is clear
GRAPHICS	medium	src/data/worldmap_gmapunit/dat_worldmap_gmapunit_p936.c	1	7-21	.rodata.dat_worldmap_gmapunit_p936	AnimSprite_EfxRestOBJ_35	"{""short"": 10}"	0	0	60	0	0	graphics-like naming or embedded incbin/byte runs	EXTRACT graphics source where format is clear
GRAPHICS	medium	src/data/worldmap_gmapunit/dat_worldmap_gmapunit_p946.c	1	7-21	.rodata.dat_worldmap_gmapunit_p946	AnimSprite_EfxHammarneOBJ_35	"{""short"": 10}"	0	0	60	0	0	graphics-like naming or embedded incbin/byte runs	EXTRACT graphics source where format is clear
DATA_TABLE	medium	src/menu_def.c	1	94-336	.rodata.menu_def_pool	frontier_df4_misc_lo_001_0DC974,gMenuStr_00C,gMenuStr_024,gMenuStr_03C,gMenuStr_054,gMenuStr_060,gMenuStr_07C,gMenuStr_090,...	"{""byte"": 2}"	0	0	0	132	0	structured scalar/pointer data	EXTRACT typed C or fix false pointer after source/consumer/FE8U audit
