# us_addr	jp_addr	votes	conflicts
02000000	02000000	15	0
02000001	02000001	5	0
02000002	02000002	3	0
02000004	02000004	3	0
02000010	02000010	1	0
02000012	02000012	1	0
02000024	02000024	1	0
02000028	02000028	5	0
0200002C	0200002C	4	0
0200002F	0200002F	1	0
02000033	02000033	1	0
02000043	02000043	1	0
02000049	02000049	1	0
02000068	02000068	11	0
0200006C	0200006C	10	0
020000C4	020000C4	1	0
020000C5	020000C5	1	0
020000C9	020000C9	2	0
020000CF	020000CF	1	0
020000E9	020000E9	1	0
020000EE	020000EE	2	0
020000F8	020000F8	1	0
02000100	02000100	12	0
02000101	02000101	29	0
02000103	02000103	1	0
02000105	02000105	1	0
02000108	02000108	1	0
0200010B	0200010B	1	0
0200010D	0200010D	1	0
02000112	02000112	1	0
02000113	02000113	1	0
02000116	02000116	1	0
0200013D	0200013D	2	0
0200013F	0200013F	1	0
02000145	02000145	1	0
0200014B	0200014B	1	0
0200014D	0200014D	1	0
0200014E	0200014E	4	0
02000189	02000189	1	0
020001C9	020001C9	1	0
020001CD	020001CD	1	0
020001CE	020001CE	3	0
020001F0	020001F0	1	0
020001FF	020001FF	2	0
02000200	02000200	1	0
02000202	02000202	1	0
02000209	02000209	2	0
02000222	02000222	1	0
0200022F	0200022F	1	0
0200023D	0200023D	1	0
02000246	02000246	1	0
02000247	02000247	1	0
02000249	02000249	1	0
02000289	02000289	1	0
02000292	02000292	2	0
02000293	02000293	1	0
020002D1	020002D1	2	0
020002D2	020002D2	1	0
020002D3	020002D3	1	0
020002F0	020002F0	1	0
02000300	02000300	1	0
02000301	02000301	2	0
02000308	02000308	3	0
02000309	02000309	3	0
0200030B	0200030B	1	0
02000310	02000310	1	0
02000315	02000315	1	0
02000344	02000344	1	0
02000352	02000352	1	0
020003C9	020003C9	1	0
020003CF	020003CF	1	0
020003D0	020003D0	1	0
020003D1	020003D1	1	0
02000400	02000400	1	0
02000401	02000401	1	0
02000403	02000403	1	0
0200040A	0200040A	1	0
0200044F	0200044F	2	0
02000451	02000451	2	0
02000480	02000480	1	0
0200048C	0200048C	1	0
02000500	02000500	2	0
02000501	02000501	1	0
02000504	02000504	1	0
02000508	02000508	1	0
0200050C	0200050C	1	0
02000600	02000600	3	0
0200060A	0200060A	1	0
020006C6	020006C6	1	0
02000710	02000710	1	0
02000720	02000720	2	0
020007A0	020007A0	1	0
020007E0	020007E0	1	0
02000801	02000801	2	0
02000808	02000808	1	0
02000810	02000810	1	0
020009E6	020009E6	1	0
020009EE	020009EE	1	0
02000A55	02000A55	1	0
02000AFF	02000AFF	1	0
02000B10	02000B10	2	0
02000C00	02000C00	1	0
02000D0D	02000D0D	1	0
02000E01	02000E01	1	0
02000E18	02000E18	1	0
02000F00	02000F00	4	0
02000F02	02000F02	2	0
02000F13	02000F13	1	0
02000F21	02000F21	1	0
02000F40	02000F40	2	0
02000FA0	02000FA0	1	0
02001000	02001000	2	0
02001001	02001001	1	0
02001101	02001101	1	0
02001102	02001102	2	0
02001111	02001111	4	0
02001115	02001115	2	0
02001116	02001116	1	0
02001153	02001153	1	0
02001158	02001158	1	0
02001180	02001180	2	0
02001184	02001184	1	0
02001188	02001188	1	0
020011A6	020011A6	1	0
020011AA	020011AA	1	0
02001202	02001202	1	0
02001246	02001246	1	0
02001300	02001300	4	0
02001400	02001400	1	0
02001460	02001460	1	0
02001502	02001502	1	0
02001510	02001510	1	0
02001600	02001600	1	0
02001601	02001601	1	0
02001611	02001611	1	0
020017A0	020017A0	1	0
02001803	02001803	1	0
02001808	02001808	1	0
020018E2	020018E2	1	0
0200196A	0200196A	1	0
02001A32	02001A32	1	0
02001A40	02001A40	1	0
02001C00	02001C00	1	0
02001E00	02001E00	1	0
02001F01	02001F01	1	0
02001F70	02001F70	1	0
02001FA0	02001FA0	1	0
02001FF0	02001FF0	1	0
02002000	02002000	1	0
02002001	02002001	3	0
02002080	02002080	3	0
020020AA	020020AA	1	0
02002102	02002102	1	0
02002112	02002112	1	0
02002121	02002121	1	0
0200214D	0200214D	1	0
02002193	02002193	1	0
020021D5	020021D5	1	0
02002201	02002201	2	0
02002222	02002222	4	0
02002226	02002226	1	0
02002233	02002233	1	0
02002234	02002234	2	0
0200223D	0200223D	1	0
02002248	02002248	1	0
0200225A	0200225A	1	0
0200225C	0200225C	1	0
02002301	02002301	1	0
02002333	02002333	1	0
0200234A	0200234A	1	0
02002402	02002402	2	0
0200243F	0200243F	1	0
020024E3	020024E3	1	0
02002600	02002600	1	0
020027DC	020027DC	1	0
02002813	02002813	1	0
02002A40	02002A40	1	0
02002AD7	02002AD7	1	0
02002ADC	02002ADC	2	0
02002B02	02002B02	1	0
02002BBB	02002BBB	1	0
02002C01	02002C01	1	0
02002C63	02002C63	1	0
02002E8E	02002E8E	1	0
02002EEE	02002EEE	1	0
02002F01	02002F01	1	0
02002F12	02002F12	1	0
02003001	02003001	2	0
02003101	02003101	1	0
02003202	02003202	3	0
02003224	02003224	1	0
02003236	02003236	1	0
02003301	02003301	1	0
02003302	02003302	1	0
0200330D	0200330D	2	0
02003331	02003331	3	0
02003333	02003333	4	0
02003334	02003334	2	0
0200333C	0200333C	1	0
02003340	02003340	1	0
02003343	02003343	1	0
02003351	02003351	1	0
020033DD	020033DD	1	0
02003401	02003401	1	0
02003406	02003406	1	0
02003444	02003444	1	0
020034C9	020034C9	1	0
020034DF	020034DF	1	0
02003601	02003601	2	0
02003711	02003711	1	0
02003777	02003777	1	0
020038C8	020038C8	1	0
02003990	02003990	1	0
02003999	02003999	1	0
02003B18	02003B18	1	0
02003B27	02003B27	2	0
02003B48	02003B48	1	0
02003BFC	02003BFC	4	0
02003CB4	02003CB4	1	0
02003CBC	02003CBC	1	0
02003CC4	02003CC4	1	0
02003CCC	02003CCC	1	0
02003CD4	02003CD4	1	0
02003D20	02003D20	1	0
02003F01	02003F01	1	0
02003F19	02003F19	1	0
02003FFE	02003FFE	1	0
02004001	02004001	2	0
02004025	02004025	1	0
02004032	02004032	1	0
02004070	02004070	1	0
0200407E	0200407E	1	0
020040F0	020040F0	1	0
020040FE	020040FE	1	0
02004202	02004202	1	0
02004221	02004221	2	0
02004305	02004305	1	0
02004318	02004318	2	0
02004322	02004322	1	0
02004402	02004402	1	0
02004407	02004407	1	0
02004413	02004413	1	0
02004432	02004432	1	0
02004444	02004444	5	0
02004445	02004445	4	0
02004448	02004448	1	0
0200444F	0200444F	2	0
02004451	02004451	1	0
02004455	02004455	1	0
0200445F	0200445F	1	0
02004462	02004462	1	0
0200446D	0200446D	1	0
02004502	02004502	1	0
02004601	02004601	1	0
02004633	02004633	1	0
020046A2	020046A2	1	0
0200490C	0200490C	1	0
020049D7	020049D7	1	0
02004A02	02004A02	1	0
02004B0A	02004B0A	1	0
02004B20	02004B20	1	0
02004B93	02004B93	1	0
02004BAC	02004BAC	1	0
02004BB4	02004BB4	1	0
02004BE0	02004BE0	1	0
02004E18	02004E18	1	0
02004F10	02004F10	1	0
02004F31	02004F31	1	0
020050FF	020050FF	1	0
02005225	02005225	1	0
02005335	02005335	1	0
02005501	02005501	2	0
02005502	02005502	3	0
0200550E	0200550E	1	0
02005512	02005512	1	0
02005535	02005535	1	0
02005544	02005544	4	0
02005551	02005551	1	0
02005555	02005555	2	0
0200555E	0200555E	1	0
02005566	02005566	1	0
02005574	02005574	1	0
020055DB	020055DB	1	0
02005600	02005600	1	0
02005606	02005606	1	0
02005702	02005702	1	0
02005750	02005750	1	0
02005802	02005802	1	0
02005813	02005813	1	0
02005B00	02005B00	1	0
02005C06	02005C06	1	0
02005E01	02005E01	1	0
02005F01	02005F01	1	0
02006001	02006001	8	0
02006036	02006036	1	0
02006202	02006202	2	0
0200627E	0200627E	1	0
02006302	02006302	1	0
02006333	02006333	1	0
02006361	02006361	1	0
02006408	02006408	1	0
02006502	02006502	2	0
02006522	02006522	1	0
0200654A	0200654A	1	0
02006555	02006555	1	0
02006601	02006601	5	0
02006602	02006602	3	0
02006607	02006607	2	0
0200665C	0200665C	1	0
02006662	02006662	2	0
02006666	02006666	3	0
02006686	02006686	1	0
02006698	02006698	1	0
020066B3	020066B3	1	0
020066B7	020066B7	1	0
020066C6	020066C6	1	0
020066CB	020066CB	1	0
02006723	02006723	1	0
02006732	02006732	1	0
02006777	02006777	1	0
02006800	02006800	1	0
02006810	02006810	1	0
020068AC	020068AC	1	0
02006A02	02006A02	1	0
02006A3E	02006A3E	1	0
02006B1B	02006B1B	1	0
02006C00	02006C00	1	0
02006C02	02006C02	1	0
02006D78	02006D78	1	0
02006DD7	02006DD7	1	0
02006F09	02006F09	1	0
02006F0B	02006F0B	1	0
02006F10	02006F10	1	0
02006F33	02006F33	1	0
02007333	02007333	1	0
02007502	02007502	1	0
02007701	02007701	2	0
02007702	02007702	1	0
02007716	02007716	1	0
02007717	02007717	1	0
02007718	02007718	1	0
02007763	02007763	1	0
02007766	02007766	1	0
02007777	02007777	1	0
02007778	02007778	1	0
02007860	02007860	1	0
02007888	02007888	1	0
020078D0	020078D0	2	0
02007902	02007902	1	0
02007B41	02007B41	1	0
02007BA9	02007BA9	1	0
02007C20	02007C20	1	0
02007C48	02007C48	1	0
02007F01	02007F01	1	0
02007F1D	02007F1D	1	0
02007F42	02007F42	1	0
02007F50	02007F50	1	0
02008002	02008002	1	0
02008003	02008003	1	0
02008017	02008017	1	0
02008027	02008027	1	0
02008053	02008053	1	0
02008061	02008061	1	0
02008065	02008065	1	0
02008067	02008067	1	0
02008075	02008075	1	0
02008078	02008078	1	0
02008099	02008099	1	0
020080AC	020080AC	1	0
020080E3	020080E3	1	0
020080EE	020080EE	1	0
02008101	02008101	1	0
02008145	02008145	1	0
02008155	02008155	1	0
020081AA	020081AA	1	0
020081DD	020081DD	1	0
02008201	02008201	1	0
02008202	02008202	1	0
02008203	02008203	1	0
02008244	02008244	1	0
02008295	02008295	1	0
020082DC	020082DC	1	0
020083CA	020083CA	1	0
02008438	02008438	1	0
020084AA	020084AA	1	0
020084BB	020084BB	1	0
02008541	02008541	1	0
02008566	02008566	1	0
020085DD	020085DD	1	0
020085F9	020085F9	1	0
02008601	02008601	1	0
0200868F	0200868F	1	0
020086CA	020086CA	1	0
0200874E	0200874E	1	0
02008763	02008763	1	0
02008802	02008802	3	0
02008827	02008827	1	0
02008848	02008848	1	0
02008853	02008853	1	0
02008855	02008855	2	0
0200886D	0200886D	1	0
02008888	02008888	3	0
02008889	02008889	1	0
02008901	02008901	1	0
02008A4F	02008A4F	1	0
02008C3B	02008C3B	1	0
02008D02	02008D02	1	0
02008DDD	02008DDD	1	0
02008EEF	02008EEF	1	0
02008F10	02008F10	1	0
02008FF8	02008FF8	1	0
02009002	02009002	1	0
02009077	02009077	1	0
02009119	02009119	1	0
02009150	02009150	1	0
02009161	02009161	1	0
0200921F	0200921F	1	0
02009400	02009400	1	0
02009549	02009549	1	0
02009555	02009555	1	0
02009716	02009716	2	0
0200971A	0200971A	1	0
02009753	02009753	1	0
0200982A	0200982A	1	0
02009857	02009857	1	0
020098DD	020098DD	1	0
0200990E	0200990E	1	0
02009999	02009999	1	0
0200999A	0200999A	1	0
02009A02	02009A02	2	0
02009A11	02009A11	1	0
02009A13	02009A13	1	0
02009A21	02009A21	1	0
02009A37	02009A37	1	0
02009A50	02009A50	1	0
02009A8E	02009A8E	1	0
02009AA8	02009AA8	1	0
02009AA9	02009AA9	1	0
02009AB7	02009AB7	1	0
02009B19	02009B19	1	0
02009B52	02009B52	1	0
02009C02	02009C02	1	0
02009C7E	02009C7E	1	0
02009D00	02009D00	1	0
02009D55	02009D55	1	0
02009DDD	02009DDD	1	0
02009E89	02009E89	1	0
02009EEF	02009EEF	1	0
02009F12	02009F12	1	0
0200A055	0200A055	1	0
0200A077	0200A077	2	0
0200A078	0200A078	1	0
0200A096	0200A096	1	0
0200A1DD	0200A1DD	1	0
0200A300	0200A300	1	0
0200A31E	0200A31E	1	0
0200A536	0200A536	1	0
0200A620	0200A620	1	0
0200A7CC	0200A7CC	1	0
0200A802	0200A802	1	0
0200A83F	0200A83F	1	0
0200A875	0200A875	1	0
0200A899	0200A899	1	0
0200A89B	0200A89B	1	0
0200A902	0200A902	1	0
0200A922	0200A922	1	0
0200A999	0200A999	1	0
0200AA01	0200AA01	1	0
0200AA02	0200AA02	3	0
0200AA0F	0200AA0F	1	0
0200AA44	0200AA44	1	0
0200AA82	0200AA82	1	0
0200AAA8	0200AAA8	2	0
0200AAA9	0200AAA9	2	0
0200AAAA	0200AAAA	2	0
0200AAAB	0200AAAB	1	0
0200AAB5	0200AAB5	1	0
0200AABB	0200AABB	1	0
0200AB02	0200AB02	1	0
0200AB10	0200AB10	1	0
0200AB66	0200AB66	1	0
0200ACCC	0200ACCC	1	0
0200AD88	0200AD88	2	0
0200AE03	0200AE03	1	0
0200AF00	0200AF00	1	0
0200AF11	0200AF11	1	0
0200AF50	0200AF50	1	0
0200B0AA	0200B0AA	1	0
0200B0C9	0200B0C9	1	0
0200B187	0200B187	2	0
0200B332	0200B332	1	0
0200B45A	0200B45A	1	0
0200B502	0200B502	1	0
0200B605	0200B605	1	0
0200B844	0200B844	1	0
0200B866	0200B866	1	0
0200B90F	0200B90F	1	0
0200B97F	0200B97F	1	0
0200BAA7	0200BAA7	1	0
0200BAA9	0200BAA9	1	0
0200BAAA	0200BAAA	1	0
0200BAF3	0200BAF3	1	0
0200BB02	0200BB02	1	0
0200BB03	0200BB03	1	0
0200BB1B	0200BB1B	1	0
0200BBAC	0200BBAC	1	0
0200BBBA	0200BBBA	1	0
0200BBBB	0200BBBB	4	0
0200BBCC	0200BBCC	1	0
0200BC01	0200BC01	1	0
0200BC02	0200BC02	2	0
0200BC89	0200BC89	1	0
0200BCBC	0200BCBC	1	0
0200BCD6	0200BCD6	1	0
0200BE01	0200BE01	1	0
0200BE88	0200BE88	1	0
0200BED1	0200BED1	1	0
0200C02F	0200C02F	1	0
0200C2A0	0200C2A0	1	0
0200C302	0200C302	1	0
0200C333	0200C333	1	0
0200C660	0200C660	1	0
0200C7EE	0200C7EE	1	0
0200CAF3	0200CAF3	1	0
0200CB09	0200CB09	1	0
0200CC02	0200CC02	1	0
0200CC62	0200CC62	1	0
0200CC66	0200CC66	1	0
0200CCCA	0200CCCA	1	0
0200CCCC	0200CCCC	2	0
0200CD02	0200CD02	1	0
0200CD03	0200CD03	1	0
0200CD4F	0200CD4F	1	0
0200CE00	0200CE00	1	0
0200CE03	0200CE03	1	0
0200CF2D	0200CF2D	1	0
0200D033	0200D033	1	0
0200D040	0200D040	1	0
0200D2B3	0200D2B3	1	0
0200D310	0200D310	1	0
0200D402	0200D402	1	0
0200D412	0200D412	1	0
0200D467	0200D467	1	0
0200D66D	0200D66D	1	0
0200D703	0200D703	1	0
0200D722	0200D722	1	0
0200DA00	0200DA00	1	0
0200DA33	0200DA33	1	0
0200DA41	0200DA41	1	0
0200DC01	0200DC01	2	0
0200DC99	0200DC99	1	0
0200DCBB	0200DCBB	1	0
0200DD02	0200DD02	1	0
0200DD05	0200DD05	1	0
0200DD50	0200DD50	1	0
0200DD72	0200DD72	1	0
0200DD7F	0200DD7F	1	0
0200DDCC	0200DDCC	1	0
0200DDFF	0200DDFF	1	0
0200DE07	0200DE07	1	0
0200E001	0200E001	2	0
0200E0CC	0200E0CC	1	0
0200E271	0200E271	1	0
0200E327	0200E327	1	0
0200E457	0200E457	1	0
0200E503	0200E503	1	0
0200E702	0200E702	1	0
0200E802	0200E802	1	0
0200E92D	0200E92D	1	0
0200EC01	0200EC01	1	0
0200EC0D	0200EC0D	1	0
0200ED8C	0200ED8C	1	0
0200EE01	0200EE01	1	0
0200EE02	0200EE02	1	0
0200EE0A	0200EE0A	1	0
0200EE21	0200EE21	1	0
0200EE44	0200EE44	1	0
0200EE7E	0200EE7E	1	0
0200EEEE	0200EEEE	2	0
0200EEEF	0200EEEF	1	0
0200EF02	0200EF02	1	0
0200F001	0200F001	3	0
0200F009	0200F009	1	0
0200F01A	0200F01A	1	0
0200F02A	0200F02A	1	0
0200F117	0200F117	1	0
0200F15C	0200F15C	1	0
0200F166	0200F166	1	0
0200F331	0200F331	1	0
0200F355	0200F355	1	0
0200F403	0200F403	1	0
0200F445	0200F445	1	0
0200F520	0200F520	1	0
0200F600	0200F600	1	0
0200F660	0200F660	1	0
0200F75F	0200F75F	1	0
0200FC54	0200FC54	1	0
0200FCD8	0200FCD8	1	0
0200FE02	0200FE02	1	0
0200FE03	0200FE03	1	0
0200FEEE	0200FEEE	1	0
0200FF02	0200FF02	1	0
0200FF11	0200FF11	1	0
0200FF12	0200FF12	1	0
0200FF13	0200FF13	1	0
0200FF1F	0200FF1F	1	0
0200FF23	0200FF23	2	0
0200FF30	0200FF30	1	0
0200FF49	0200FF49	1	0
0200FF54	0200FF54	1	0
0200FF66	0200FF66	1	0
0200FF6F	0200FF6F	1	0
0200FFC2	0200FFC2	1	0
0200FFFF	0200FFFF	3	0
02010000	02010000	2	0
02010001	02010001	3	0
02010002	02010002	1	0
02010003	02010003	1	0
0201000D	0201000D	1	0
02010012	02010012	1	0
02010022	02010022	1	0
02010044	02010044	1	0
020100C7	020100C7	2	0
020100C8	020100C8	1	0
020100CD	020100CD	1	0
020100E9	020100E9	1	0
02010101	02010101	4	0
02010102	02010102	6	0
02010130	02010130	1	0
0201013B	0201013B	1	0
02010147	02010147	1	0
02010149	02010149	1	0
0201014B	0201014B	2	0
02010200	02010200	4	0
02010201	02010201	3	0
02010202	02010202	1	0
02010263	02010263	1	0
020103FF	020103FF	1	0
02010A01	02010A01	1	0
02011001	02011001	1	0
02011008	02011008	1	0
0201106B	0201106B	1	0
0201107E	0201107E	1	0
020110AB	020110AB	1	0
020110B7	020110B7	1	0
020110D4	020110D4	1	0
02012001	02012001	1	0
0201201B	0201201B	1	0
0201201F	0201201F	2	0
0201208B	0201208B	1	0
020120B4	020120B4	1	0
020121CC	020121CC	4	0
0201259D	0201259D	1	0
02012F56	02012F56	1	0
02013000	02013000	1	0
02013006	02013006	1	0
0201301F	0201301F	1	0
02013051	02013051	1	0
020130A4	020130A4	1	0
02013450	02013450	1	0
02013458	02013458	2	0
02013460	02013460	1	0
02013603	02013603	1	0
020136F0	020136E8	2	0
020136F4	020136EC	1	0
02014004	02014004	1	0
02014066	02014066	1	0
0201407B	0201407B	1	0
020140F4	020140F4	1	0
020140FD	020140FD	1	0
02014100	02014100	1	0
020146F4	020146EC	1	0
02014EF4	02014FE4	1	0
02015012	02015012	1	0
02015023	02015023	1	0
020150F2	020150F2	1	0
02015483	02015483	1	0
02016001	02016001	1	0
02016003	02016003	1	0
02016026	02016026	1	0
02016060	02016060	1	0
02016088	02016088	1	0
02017015	02017015	1	0
0201701F	0201701F	3	0
02017088	02017088	1	0
02017728	02017728	2	0
0201772C	0201772C	4	0
02017730	02017730	1	0
02017738	02017738	1	0
0201773C	0201773C	1	0
02017740	02017740	1	0
02017748	02017748	1	0
0201774C	0201774C	1	0
02017750	02017750	1	0
02017754	02017754	1	0
02017758	02017758	1	0
0201775C	0201775C	2	0
02017760	02017760	1	0
02017764	02017764	1	0
02017768	02017768	1	0
0201776C	0201776C	1	0
02017774	02017774	2	0
02017778	02017778	1	0
0201777C	0201777C	3	0
02017780	02017780	2	0
02017F7D	02017F7D	1	0
02018000	02018000	1	0
0201806F	0201806F	1	0
020181C9	020181C9	1	0
020181CA	020181CA	1	0
020181CB	020181CB	1	0
02018802	02018802	1	0
02019001	02019001	2	0
02019002	02019002	1	0
02019050	02019050	1	0
020190CC	020190CC	1	0
020190DF	020190DF	1	0
02019444	02019444	1	0
02019790	02019790	1	0
02019CF9	02019CF9	1	0
0201A001	0201A001	1	0
0201A0DE	0201A0DE	1	0
0201AEC2	0201AEC2	1	0
0201AFF0	0201AFF0	1	0
0201B001	0201B001	1	0
0201B055	0201B055	1	0
0201B0D8	0201B0D8	3	0
0201B0FF	0201B0FF	2	0
0201B430	0201B430	3	0
0201B81D	0201B81D	1	0
0201BA46	0201BA46	1	0
0201BE30	0201BE30	3	0
0201BE32	0201BE32	2	0
0201C400	0201C400	1	0
0201C5B4	0201C5B4	2	0
0201C5C0	0201C5C0	2	0
0201C5CC	0201C5CC	3	0
0201C5CF	0201C5CF	3	0
0201C5D0	0201C5D0	2	0
0201C5D1	0201C5D1	3	0
0201C702	0201C702	1	0
0201D001	0201D001	1	0
0201D063	0201D063	1	0
0201DDEE	0201DDEE	1	0
0201E02A	0201E02A	1	0
0201E05F	0201E05F	1	0
0201EF10	0201EF10	1	0
0201F001	0201F001	2	0
0201F02B	0201F02B	1	0
0201F03F	0201F03F	1	0
0201F087	0201F087	1	0
0201F0C9	0201F0C9	1	0
0201F19C	0201F19C	2	0
0201FA00	0201FA00	1	0
0201FAC8	0201FAC8	2	0
0201FACC	0201FACC	1	0
0201FAD0	0201FAD0	1	0
0201FAD4	0201FAD4	1	0
0201FB01	0201FB01	1	0
0201FB04	0201FB04	1	0
0201FB28	0201FB28	1	0
0201FB2C	0201FB2C	1	0
0201FB30	0201FB30	1	0
0201FB34	0201FB34	6	0
0201FB38	0201FB38	2	0
0201FBFF	0201FBFF	1	0
0201FC78	0201FC78	2	0
0201FD44	0201FD44	1	0
0201FD7C	0201FD7C	1	0
0201FDB8	0201FDB8	2	0
0201FDBC	0201FDBC	3	0
0201FDC0	0201FDC0	7	0
0201FDC4	0201FDC4	2	0
0201FF02	0201FF02	4	0
0201FF04	0201FF04	2	0
02020000	02020000	9	0
02020002	02020002	1	0
02020004	02020004	1	0
02020038	02020038	1	0
02020048	02020048	4	0
02020058	02020058	2	0
020200AC	020200AC	4	0
020200B0	020200B0	1	0
020200B4	020200B4	1	0
020200CF	020200CF	1	0
020200ED	020200ED	1	0
020200F9	020200F9	1	0
02020100	02020100	1	0
02020101	02020101	2	0
02020134	02020134	1	0
02020136	02020136	1	0
0202013C	0202013C	1	0
02020144	02020144	1	0
02020188	02020188	4	0
02020200	02020200	2	0
02020201	02020201	9	0
02020202	02020202	6	0
02020203	02020203	1	0
02020204	02020204	1	0
02020302	02020302	1	0
0202030F	0202030F	5	0
02020740	02020740	1	0
02020823	02020823	1	0
02020902	02020902	2	0
02020905	02020905	4	0
02020F21	02020F21	1	0
0202130B	0202130B	1	0
02021614	02021614	1	0
0202170F	0202170F	1	0
02022188	02022188	3	0
02022288	02022288	4	0
020222A8	020222A8	2	0
020222CF	020222CF	1	0
020228A8	020228A8	12	0
02022C28	02022C28	1	0
02022CA8	02022CA8	5	0
020234A8	020234A8	8	0
02023917	02023917	1	0
02023B24	02023B24	2	0
02023CA8	02023CA8	5	0
02024020	02024020	1	0
020243AC	020243AC	1	0
020244A8	020244A8	4	0
02024CA8	02024CA8	1	0
02024CB8	02024CB8	1	0
02024CD4	02024CD4	3	0
02024CDC	02024CDC	3	0
02024E5C	02024E5C	9	0
02024E68	02024E68	12	0
02025FF8	02025FF8	1	0
0202667F	0202667F	1	0
02026968	02026968	3	0
02026A6C	02026A6C	3	0
02026A70	02026A70	3	0
02026A90	02026A90	1	0
02026E10	02026E10	3	0
02026E30	02026E30	2	0
020282AB	020282AB	1	0
020287FA	020287FA	1	0
020288CE	020288CE	1	0
02028D66	02028D66	1	0
02028E44	02028E44	3	0
02028E4C	02028E4C	4	0
02028E58	02028E58	2	0
02028E70	02028E70	15	0
02028E78	02028E74	3	0
02028F78	02028F74	4	0
020299BB	020299BB	1	0
02029D88	02029D84	5	0
02029D8C	02029D88	1	0
0202A58C	0202A588	3	0
0202A675	0202A675	1	0
0202A68C	0202A688	2	0
0202B44E	0202B44E	1	0
0202BCB0	0202BCAC	37	0
0202BCF0	0202BCEC	101	0
0202BD31	0202BD2D	1	0
0202BE44	0202BE40	5	0
0202C817	0202C817	1	0
0202CCCE	0202CCCE	1	0
0202E212	0202E212	1	0
0202E4D4	0202E4D0	17	0
0202E4D8	0202E4D4	11	0
0202E4DC	0202E4D8	19	0
0202E4E0	0202E4DC	8	0
0202E4E4	0202E4E0	6	0
0202E4E8	0202E4E4	2	0
0202E4EC	0202E4E8	2	0
0202E4F0	0202E4EC	4	0
0202E4F4	0202E4F0	1	0
0202EBDE	0202EBDE	1	0
0202ECAC	0202ECA8	1	0
0202ED08	0202ED08	1	0
0202FFFB	0202FFFB	1	0
0202FFFF	0202FFFF	1	0
02030000	02030000	8	0
02030002	02030002	1	0
02030005	02030005	3	0
02030008	02030008	1	0
0203000F	0203000F	1	0
0203001F	0203001F	1	0
02030022	02030022	1	0
02030023	02030023	1	0
02030029	02030029	1	0
02030032	02030032	1	0
02030034	02030034	1	0
02030053	02030053	2	0
0203005D	0203005D	1	0
02030062	02030062	2	0
02030066	02030066	1	0
02030087	02030087	1	0
0203008A	0203008A	1	0
0203008B	0203008B	1	0
020300AA	020300AA	1	0
020300AB	020300AB	1	0
020300BE	020300BE	1	0
020300C0	020300C0	1	0
020300C5	020300C5	1	0
020300C8	020300C8	1	0
020300D0	020300D0	1	0
020300D3	020300D3	1	0
020300DF	020300DF	1	0
020300E3	020300E3	1	0
020300EB	020300EB	1	0
020300EE	020300EE	1	0
020300F6	020300F6	1	0
020300F9	020300F9	1	0
02030140	02030140	1	0
02030202	02030202	4	0
02030350	02030350	1	0
02030507	02030507	1	0
02030553	02030553	1	0
02030821	02030821	1	0
02030A05	02030A05	1	0
02030B8C	02030B88	1	0
02030E05	02030E05	1	0
0203100B	0203100B	1	0
0203101F	0203101F	1	0
02031020	02031020	1	0
02031022	02031022	1	0
0203102C	0203102C	1	0
02031032	02031032	1	0
02031034	02031034	1	0
02031038	02031038	1	0
02031041	02031041	1	0
02031042	02031042	1	0
02031043	02031043	1	0
02031053	02031053	1	0
02031054	02031054	2	0
02031083	02031083	1	0
02031099	02031099	1	0
020310A4	020310A4	1	0
020310AC	020310AC	1	0
020310CF	020310CF	1	0
020310D4	020310D4	1	0
020310D7	020310D7	1	0
020310D8	020310D8	1	0
020310DD	020310DD	1	0
020310F3	020310F3	2	0
020310F4	020310F4	1	0
02031301	02031301	1	0
02031400	02031400	1	0
02031610	02031610	1	0
02031A00	02031A00	1	0
02032010	02032010	1	0
02032021	02032021	1	0
02032027	02032027	1	0
02032037	02032037	1	0
02032075	02032075	1	0
02032099	02032099	1	0
020320CC	020320CC	1	0
020320E4	020320E4	1	0
020320EB	020320EB	1	0
0203300D	0203300D	1	0
02033054	02033054	1	0
02033057	02033057	1	0
02033A02	02033A02	1	0
02033EFC	02033EF8	1	0
02033F40	02033F3C	2	0
02034001	02034001	2	0
020340F0	020340F0	1	0
020340F6	020340F6	1	0
0203460C	0203460C	1	0
020350EB	020350EB	1	0
020350FF	020350FF	1	0
020360FD	020360FD	1	0
02037062	02037062	1	0
02037850	02037850	1	0
020379B9	020379B9	1	0
02037F10	02037F10	1	0
02038006	02038006	1	0
02038057	02038057	1	0
02038068	02038068	1	0
020380DA	020380DA	1	0
02038111	02038111	1	0
02038123	02038123	1	0
020388E2	020388E2	1	0
0203A010	0203A00C	2	0
0203A014	0203A010	2	0
0203A018	0203A014	1	0
0203A099	0203A099	1	0
0203A4C8	0203A4C4	1	0
0203A4CC	0203A4C8	1	0
0203A4D4	0203A4D0	9	0
0203A4EC	0203A4E8	6	0
0203A56C	0203A568	8	0
0203A5EC	0203A5E8	7	0
0203A608	0203A604	6	0
0203A60C	0203A608	1	0
0203A610	0203A60C	7	0
0203A614	0203A610	10	0
0203A814	0203A810	1	0
0203A81C	0203A818	3	0
0203A8E4	0203A8E0	1	0
0203A8E8	0203A8E4	1	0
0203A8EC	0203A8E8	1	0
0203A8F0	0203A8EC	2	0
0203A958	0203A954	12	0
0203A974	0203A970	1	0
0203AA04	0203AA00	10	0
0203AA8A	0203AA86	18	0
0203AA8B	0203AA87	1	0
0203AA94	0203AA90	7	0
0203ADFA	0203ADFA	1	0
0203B703	0203B703	1	0
0203C412	0203C412	1	0
0203C624	0203C620	2	0
0203CA24	0203CA20	2	0
0203DA24	0203DA20	6	0
0203DB7C	0203DB78	2	0
0203DD2C	0203DD28	2	0
0203DD4C	0203DD48	3	0
0203DD86	0203DD86	1	0
0203DD90	0203DD8C	7	0
0203DD9A	0203DD96	1	0
0203DD9F	0203DD9B	1	0
0203DDE8	0203DDE4	3	0
0203DDEC	0203DDE8	6	0
0203E0EC	0203E0E8	5	1
0203E100	0203E0FC	1	0
0203E104	0203E100	2	0
0203E120	0203E11C	5	0
0203E12A	0203E126	3	0
0203E156	0203E152	2	0
0203E188	0203E184	1	0
0203E18C	0203E188	1	0
0203E1B8	0203E1B8	1	0
0203E1BC	0203E1BC	1	0
0203E1DC	0203E1D8	1	0
0203E1E0	0203E1DC	1	0
0203E1E4	0203E1E4	1	0
0203E1E8	0203E1E4	1	1
0203E1EC	0203E1E8	1	0
0203E1F0	0203E1EC	24	0
0203E1F8	0203E1F4	1	0
0203E202	0203E202	1	0
0203E254	0203E250	1	0
0203E754	0203E750	21	0
0203E75C	0203E758	28	0
0203E768	0203E764	2	0
0203E788	0203E784	3	0
0203E78C	0203E788	3	0
0203E7C8	0203E7C4	1	0
0203E7E8	0203E7E4	1	0
0203E82C	0203E828	5	0
0203E87C	0203E878	2	0
0203E88E	0203E88A	1	0
0203E894	0203E890	3	0
0203EDB8	0203EDB4	1	0
0203EF44	0203EF40	4	0
0203EF64	0203EF60	2	0
0203EFB4	0203EFB0	1	0
0203EFB8	0203EFB4	1	0
0203F011	0203F011	1	0
0203FFDD	0203FFDD	1	0
02040000	02040000	2	0
02040020	02040020	1	0
02040033	02040033	1	0
0204003F	0204003F	1	0
02040045	02040045	1	0
0204004F	0204004F	1	0
020400A7	020400A7	1	0
020400B3	020400B3	1	0
020400C9	020400C9	1	0
020400EF	020400EF	1	0
02040100	02040100	2	0
02040101	02040101	2	0
02040104	02040104	1	0
02040203	02040203	4	0
02040300	02040300	3	0
02040303	02040303	1	0
02040304	02040304	4	0
0204031C	0204031C	1	0
02040403	02040403	1	0
02040500	02040500	1	0
02040503	02040503	1	0
02040FB8	02040FB8	1	0
02041163	02041163	1	0
020413F9	020413F9	1	0
02041483	02041483	1	0
02042000	02042000	1	0
0204270C	0204270C	1	0
02043203	02043203	1	0
02044188	02044188	1	0
02045444	02045444	1	0
02047DDA	02047DDA	1	0
02048B17	02048B17	1	0
0204A8ED	0204A8ED	1	0
0204AEA2	0204AEA2	1	0
0204FF50	0204FF50	1	0
02050062	02050062	1	0
0205007B	0205007B	1	0
02050101	02050101	1	0
02050114	02050114	1	0
02050280	02050280	1	0
02050305	02050305	1	0
020504A9	020504A9	1	0
02050705	02050705	1	0
02050966	02050966	1	0
02050D04	02050D04	6	0
02051334	02051334	1	0
020513C0	020513C0	1	0
02052004	02052004	1	0
020545BB	020545BB	1	0
02056750	02056750	1	0
0205C77E	0205C77E	1	0
02060001	02060001	2	0
0206005F	0206005F	1	0
02060076	02060076	1	0
020600A8	020600A8	1	0
02060205	02060205	4	0
02060300	02060300	2	0
02060320	02060320	1	0
02063030	02063030	1	0
02065806	02065806	1	0
02069946	02069946	1	0
02070001	02070001	1	0
02070027	02070027	1	0
02070033	02070033	1	0
02070064	02070064	1	0
020700CC	020700CC	1	0
02070100	02070100	1	0
020701C0	020701C0	1	0
020701ED	020701ED	1	0
02070200	02070200	1	0
02070201	02070201	1	0
02070392	02070392	1	0
0207101D	0207101D	1	0
0207108F	0207108F	1	0
020710D7	020710D7	1	0
020710FF	020710FF	1	0
02071399	02071399	1	0
020714B4	020714B4	1	0
02072017	02072017	1	0
0207202F	0207202F	1	0
02072066	02072066	1	0
02072318	02072318	1	0
02072496	02072496	1	0
02073027	02073027	1	0
02073B24	02073B24	1	0
02074069	02074069	1	0
02074232	02074232	1	0
020751A7	020751A7	1	0
020760B8	020760B8	1	0
02077602	02077602	1	0
02077A97	02077A97	1	0
02079001	02079001	1	0
02079055	02079055	1	0
02080003	02080003	2	0
02080009	02080009	1	0
02080021	02080021	1	0
02080033	02080033	1	0
02080100	02080100	1	0
02080200	02080200	2	0
02080207	02080207	4	0
0208020C	0208020C	2	0
020803DC	020803DC	2	0
02080502	02080502	1	0
0208072C	0208072C	1	0
02080B10	02080B10	1	0
02080C3C	02080C3C	1	0
02080CBC	02080CBC	1	0
02080EBC	02080EBC	1	0
02081207	02081207	1	0
02082207	02082207	1	0
02082308	02082308	1	0
02083000	02083000	1	0
02083448	02083448	1	0
02086627	02086627	2	0
02087C03	02087C03	1	0
020888C4	020888C4	1	0
02088E66	02088E66	1	0
02089002	02089002	1	0
02089A08	02089A08	1	0
0208FF13	0208FF13	1	0
02090021	02090021	1	0
02090208	02090208	1	0
02091E46	02091E46	1	0
02092104	02092104	2	0
02092180	02092180	1	0
020921B6	020921B6	2	0
02092201	02092201	1	0
02094011	02094011	1	0
02094455	02094455	1	0
02094A03	02094A03	1	0
02095F09	02095F09	1	0
02096001	02096001	1	0
02096809	02096809	1	0
02096819	02096819	2	0
02097801	02097801	1	0
02098C01	02098C01	2	0
0209D7F3	0209D7F3	1	0
0209ECCC	0209ECCC	1	0
0209EDCA	0209EDCA	1	0
020A0077	020A0077	1	0
020A00FE	020A00FE	1	0
020A0209	020A0209	6	0
020A026B	020A026B	1	0
020A040B	020A040B	1	0
020A0B09	020A0B09	1	0
020A1347	020A1347	1	0
020A2209	020A2209	1	0
020A9001	020A9001	1	0
020ABF11	020ABF11	1	0
020B000A	020B000A	1	0
020B01FC	020B01FC	1	0
020B020A	020B020A	2	0
020B022B	020B022B	1	0
020B0267	020B0267	1	0
020B027F	020B027F	1	0
020B02D7	020B02D7	1	0
020B03F9	020B03F9	3	0
020B0405	020B0405	1	0
020B0F00	020B0F00	1	0
020B10D2	020B10D2	1	0
020B1400	020B1400	1	0
020B20F8	020B20F8	1	0
020B6771	020B6771	1	0
020B7003	020B7003	1	0
020B700E	020B700E	1	0
020BB344	020BB344	1	0
020BDE02	020BDE02	1	0
020C000B	020C000B	1	0
020C001F	020C001F	1	0
020C0087	020C0087	1	0
020C00EB	020C00EB	1	0
020C0100	020C0100	1	0
020C0188	020C0188	1	0
020C0200	020C0200	1	0
020C020B	020C020B	4	0
020C026D	020C026D	1	0
020C0C0C	020C0C0C	1	0
020C1511	020C1511	1	0
020C2218	020C2218	1	0
020C291C	020C291C	1	0
020C2C0B	020C2C0B	1	0
020C420B	020C420B	1	0
020C7700	020C7700	1	0
020C999B	020C999B	1	0
020CA0C7	020CA0C7	1	0
020CC401	020CC401	1	0
020D0002	020D0002	1	0
020D0006	020D0006	1	0
020D00C5	020D00C5	1	0
020D00C9	020D00C9	1	0
020D020C	020D020C	1	0
020D024C	020D024C	1	0
020D0650	020D0650	1	0
020D0BE1	020D0BE1	1	0
020D10AB	020D10AB	1	0
020D271A	020D271A	1	0
020D300C	020D300C	1	0
020D6001	020D6001	1	0
020D8082	020D8082	1	0
020DF310	020DF310	1	0
020E000B	020E000B	1	0
020E0017	020E0017	1	0
020E0151	020E0151	1	0
020E020D	020E020D	4	0
020E0223	020E0223	1	0
020E0233	020E0233	1	0
020E03AA	020E03AA	1	0
020E03C9	020E03C9	1	0
020E1039	020E1039	1	0
020E1F20	020E1F20	1	0
020E3701	020E3701	1	0
020E40D7	020E40D7	1	0
020E420D	020E420D	1	0
020EDDC7	020EDDC7	1	0
020EE200	020EE200	1	0
020F0001	020F0001	1	0
020F0019	020F0019	1	0
020F0022	020F0022	1	0
020F0023	020F0023	1	0
020F00CA	020F00CA	1	0
020F017D	020F017D	1	0
020F0200	020F0200	1	0
020F020E	020F020E	2	0
020F0275	020F0275	1	0
020F0303	020F0303	1	0
020F0443	020F0443	1	0
020F0C10	020F0C10	1	0
020F100B	020F100B	1	0
020F101F	020F101F	2	0
020F10CB	020F10CB	1	0
020F10CE	020F10CE	1	0
020F1214	020F1214	1	0
020F15BA	020F15BA	1	0
020F17C8	020F17C8	1	0
020F2004	020F2004	1	0
020F20B7	020F20B7	1	0
020F2307	020F2307	1	0
020F3047	020F3047	1	0
020F30C9	020F30C9	1	0
020F321E	020F321E	1	0
020F62F6	020F62F6	1	0
020F6D02	020F6D02	1	0
020F700E	020F700E	1	0
020F8807	020F8807	1	0
020F997F	020F997F	1	0
020FB41D	020FB41D	1	0
020FBBCC	020FBBCC	1	0
020FF00F	020FF00F	1	0
02100011	02100011	1	0
021000BB	021000BB	1	0
0210011C	0210011C	1	0
02100200	02100200	2	0
0210020F	0210020F	2	0
02100300	02100300	1	0
02100400	02100400	1	0
02100411	02100411	1	0
021009C8	021009C8	1	0
02100B49	02100B49	1	0
02100B5B	02100B5B	1	0
02100D80	02100D80	1	0
02100DA0	02100DA0	1	0
02100F20	02100F20	1	0
02101087	02101087	1	0
02101121	02101121	1	0
02101944	02101944	1	0
021022BF	021022BF	1	0
021029FF	021029FF	1	0
02103702	02103702	1	0
0210408B	0210408B	1	0
0210422F	0210422F	1	0
02104804	02104804	1	0
02104D00	02104D00	1	0
02104E12	02104E12	1	0
02105565	02105565	1	0
02105665	02105665	1	0
02106687	02106687	1	0
02107103	02107103	1	0
02108088	02108088	1	0
02108742	02108742	1	0
02108888	02108888	1	0
0210A408	0210A408	1	0
0210C711	0210C711	1	0
0210DA35	0210DA35	1	0
0210ED03	0210ED03	1	0
0210EF43	0210EF43	1	0
0210EF5E	0210EF5E	1	0
02110033	02110033	1	0
02110100	02110100	1	0
02110210	02110210	5	0
02110300	02110300	1	0
02110340	02110340	1	0
02110603	02110603	1	0
02110810	02110810	4	0
02111011	02111011	1	0
02111112	02111112	1	0
0211111F	0211111F	1	0
02111155	02111155	1	0
021111E4	021111E4	1	0
02111215	02111215	1	0
02111300	02111300	1	0
02111311	02111311	2	0
02111330	02111330	1	0
02111333	02111333	1	0
02111465	02111465	1	0
0211173C	0211173C	1	0
021119CF	021119CF	1	0
02111E44	02111E44	1	0
02111F01	02111F01	1	0
02112234	02112234	1	0
02112235	02112235	1	0
02112311	02112311	3	0
02112338	02112338	1	0
02112414	02112414	1	0
02112913	02112913	1	0
02112D32	02112D32	1	0
02113210	02113210	1	0
02113B10	02113B10	1	0
02114B00	02114B00	1	0
02115523	02115523	1	0
02115603	02115603	1	0
02116510	02116510	1	0
02116603	02116603	1	0
02116606	02116606	1	0
02116AB1	02116AB1	1	0
02116BB6	02116BB6	1	0
02117711	02117711	1	0
021178AD	021178AD	1	0
02118503	02118503	1	0
02119711	02119711	1	0
02119C12	02119C12	1	0
0211A299	0211A299	1	0
0211BB11	0211BB11	1	0
0211BBB5	0211BBB5	1	0
0211C002	0211C002	1	0
0211C200	0211C200	1	0
0211C402	0211C402	1	0
0211CD11	0211CD11	1	0
0211DA00	0211DA00	1	0
0211DFEB	0211DFEB	1	0
0211EEEA	0211EEEA	1	0
0211F011	0211F011	1	0
0211FAE8	0211FAE8	1	0
0211FC1D	0211FC1D	1	0
02120011	02120011	1	0
0212014F	0212014F	1	0
02120160	02120160	1	0
021201F3	021201F3	1	0
02120211	02120211	2	0
02121203	02121203	1	0
02121500	02121500	1	0
021215BB	021215BB	1	0
02122112	02122112	2	0
02122220	02122220	1	0
02122280	02122280	2	0
02122290	02122290	1	0
021225DB	021225DB	1	0
02123410	02123410	1	0
02123D20	02123D20	1	0
02124211	02124211	1	0
02124F12	02124F12	1	0
021250C7	021250C7	1	0
02125A85	02125A85	1	0
02126778	02126778	1	0
02126E39	02126E39	1	0
02127E11	02127E11	1	0
0212AA8E	0212AA8E	1	0
0212CA27	0212CA27	1	0
0212D206	0212D206	1	0
0212FB87	0212FB87	1	0
0212FEB7	0212FEB7	1	0
0212FF08	0212FF08	1	0
02130203	02130203	1	0
02130212	02130212	3	0
02130439	02130439	1	0
021305D2	021305D2	1	0
021306B8	021306B8	3	0
02131322	02131322	1	0
021315DE	021315DE	1	0
02131B1A	02131B1A	1	0
02131D0F	02131D0F	1	0
02131F04	02131F04	1	0
02132003	02132003	1	0
02132020	02132020	1	0
02133001	02133001	1	0
02133055	02133055	1	0
021331A9	021331A9	1	0
02133212	02133212	1	0
021333FF	021333FF	1	0
0213409D	0213409D	1	0
02134B1F	02134B1F	1	0
02135213	02135213	1	0
02135522	02135522	1	0
02136001	02136001	1	0
02136017	02136017	1	0
02136201	02136201	1	0
02137033	02137033	1	0
02137212	02137212	1	0
0213AD20	0213AD20	1	0
0213B502	0213B502	1	0
0213BC43	0213BC43	1	0
0213CB03	0213CB03	1	0
02140000	02140000	1	0
02140002	02140002	1	0
02140008	02140008	1	0
02140009	02140009	11	0
02140013	02140013	1	0
021400CB	021400CB	1	0
02140100	02140100	1	0
021401E2	021401E2	1	0
02140213	02140213	3	0
02140277	02140277	1	0
02140314	02140314	1	0
021403DE	021403DE	1	0
02140D13	02140D13	1	0
02141114	02141114	1	0
02142117	02142117	1	0
021421E8	021421E8	1	0
02142402	02142402	1	0
02142F69	02142F69	1	0
021430F9	021430F9	1	0
02143213	02143213	1	0
02143400	02143400	1	0
02144233	02144233	1	0
0214437F	0214437F	1	0
02144BE0	02144BE0	1	0
02145213	02145213	1	0
02145C37	02145C37	1	0
02146713	02146713	1	0
02147772	02147772	1	0
02149F04	02149F04	1	0
0214BB01	0214BB01	1	0
0214E200	0214E200	1	0
02150039	02150039	1	0
02150077	02150077	1	0
02150133	02150133	1	0
02150214	02150214	2	0
02150300	02150300	1	0
02150F60	02150F60	1	0
021513DD	021513DD	1	0
021541F2	021541F2	1	0
02155555	02155555	1	0
02159302	02159302	1	0
02160012	02160012	2	0
021600AF	021600AF	1	0
02160202	02160202	1	0
02160215	02160215	2	0
02160235	02160235	1	0
021603A0	021603A0	1	0
02161F92	02161F92	1	0
02163323	02163323	1	0
02165722	02165722	1	0
0216C4D7	0216C4D7	1	0
02170000	02170000	1	0
02170043	02170043	1	0
02170120	02170120	1	0
02170216	02170216	4	0
021702BC	021702BC	1	0
02170523	02170523	1	0
02171213	02171213	1	0
02174077	02174077	1	0
02174237	02174237	1	0
021746A3	021746A3	1	0
0217553E	0217553E	1	0
02176113	02176113	1	0
02177041	02177041	1	0
02177216	02177216	1	0
02177521	02177521	1	0
02178D88	02178D88	1	0
0217949E	0217949E	1	0
02179815	02179815	1	0
0217FF02	0217FF02	1	0
02180061	02180061	1	0
021801C0	021801C0	1	0
02180200	02180200	1	0
02180217	02180217	2	0
02181F10	02181F10	1	0
02183900	02183900	1	0
02184301	02184301	1	0
02185922	02185922	1	0
02188B51	02188B51	1	0
0218C000	0218C000	1	0
02190029	02190029	2	0
02190062	02190062	1	0
021900B9	021900B9	1	0
02190218	02190218	1	0
02190302	02190302	1	0
02190320	02190320	1	0
02190F14	02190F14	1	0
02190F60	02190F60	1	0
021915DF	021915DF	1	0
02197218	02197218	1	0
02199D28	02199D28	1	0
0219F9F9	0219F9F9	1	0
021A0017	021A0017	1	0
021A0079	021A0079	1	0
021A008F	021A008F	1	0
021A0219	021A0219	3	0
021A03BF	021A03BF	1	0
021A1900	021A1900	1	0
021A1D1D	021A1D1D	1	0
021A30EF	021A30EF	1	0
021A4219	021A4219	1	0
021A4444	021A4444	1	0
021AA92F	021AA92F	1	0
021AAA23	021AAA23	1	0
021AF0EB	021AF0EB	1	0
021B0002	021B0002	1	0
021B021A	021B021A	1	0
021B041C	021B041C	1	0
021B1197	021B1197	1	0
021B321A	021B321A	1	0
021B3400	021B3400	1	0
021B4511	021B4511	1	0
021B8803	021B8803	1	0
021C0018	021C0018	1	0
021C001A	021C001A	1	0
021C001E	021C001E	1	0
021C0113	021C0113	1	0
021C013C	021C013C	1	0
021C01A4	021C01A4	1	0
021C01C4	021C01C4	1	0
021C01EA	021C01EA	1	0
021C021B	021C021B	2	0
021C0257	021C0257	2	0
021C025D	021C025D	1	0
021C0288	021C0288	1	0
021C031C	021C031C	1	0
021C03AC	021C03AC	1	0
021C0403	021C0403	1	0
021C0703	021C0703	1	0
021C0F03	021C0F03	1	0
021C1062	021C1062	1	0
021C13C0	021C13C0	1	0
021C14C3	021C14C3	1	0
021C3B02	021C3B02	3	0
021C6012	021C6012	1	0
021C61D4	021C61D4	1	0
021C904D	021C904D	1	0
021CBA2B	021CBA2B	1	0
021CC798	021CC798	1	0
021CC932	021CC932	1	0
021CCC9C	021CCC9C	1	0
021CF020	021CF020	1	0
021D0055	021D0055	1	0
021D021C	021D021C	3	0
021D0F13	021D0F13	1	0
021D1059	021D1059	1	0
021D421C	021D421C	1	0
021D811D	021D811D	1	0
021D85D1	021D85D1	1	0
021DD529	021DD529	1	0
021DF080	021DF080	1	0
021E0001	021E0001	1	0
021E0006	021E0006	1	0
021E0027	021E0027	1	0
021E005B	021E005B	1	0
021E0061	021E0061	1	0
021E00D3	021E00D3	1	0
021E01D2	021E01D2	1	0
021E021D	021E021D	2	0
021E02CB	021E02CB	1	0
021E101F	021E101F	1	0
021E1710	021E1710	1	0
021EEEEE	021EEEEE	1	0
021EF0BB	021EF0BB	1	0
021EF0DB	021EF0DB	1	0
021EF828	021EF828	1	0
021F0095	021F0095	1	0
021F00CF	021F00CF	1	0
021F00F6	021F00F6	1	0
021F0127	021F0127	1	0
021F0155	021F0155	1	0
021F0177	021F0177	1	0
021F01FA	021F01FA	1	0
021F021E	021F021E	3	0
021F049C	021F049C	1	0
021F0EEC	021F0EEC	1	0
021F1028	021F1028	1	0
021F1033	021F1033	1	0
021F103B	021F103B	1	0
021F1063	021F1063	1	0
021F1083	021F1083	1	0
021F10D0	021F10D0	1	0
021F10D9	021F10D9	1	0
021F111C	021F111C	1	0
021F1523	021F1523	1	0
021F15AD	021F15AD	1	0
021F1FEF	021F1FEF	1	0
021F201F	021F201F	1	0
021F2023	021F2023	1	0
021F21F0	021F21F0	1	0
021F2217	021F2217	1	0
021F22E7	021F22E7	1	0
021F3009	021F3009	1	0
021F301F	021F301F	1	0
021F303F	021F303F	1	0
021F315A	021F315A	1	0
021F31A9	021F31A9	1	0
021F3517	021F3517	1	0
021F4069	021F4069	1	0
021F4557	021F4557	1	0
021F50A0	021F50A0	1	0
021F6019	021F6019	1	0
021F602F	021F602F	1	0
021F60EF	021F60EF	1	0
021F7107	021F7107	1	0
021F8967	021F8967	1	0
021F9066	021F9066	1	0
021F90B3	021F90B3	1	0
021FB0E5	021FB0E5	1	0
021FD007	021FD007	1	0
021FEF1E	021FEF1E	1	0
021FF007	021FF007	1	0
021FF093	021FF093	1	0
021FF20F	021FF20F	1	0
021FF23F	021FF23F	1	0
021FFF24	021FFF24	1	0
02200000	02200000	5	0
02200008	02200008	1	0
02200020	02200020	1	0
02200021	02200021	1	0
02200022	02200022	9	0
022000F0	022000F0	1	0
02200122	02200122	1	0
02200130	02200130	1	0
0220015D	0220015D	2	0
0220021F	0220021F	3	0
02200220	02200220	1	0
02200242	02200242	1	0
0220025D	0220025D	2	0
022002D5	022002D5	1	0
02200300	02200300	1	0
022007B7	022007B7	1	0
02200D00	02200D00	1	0
02201122	02201122	2	0
02201C01	02201C01	1	0
02202111	02202111	1	0
0220212C	0220212C	1	0
0220225D	0220225D	1	0
022022DF	022022DF	1	0
02203104	02203104	1	0
02203502	02203502	1	0
02204110	02204110	1	0
02205105	02205105	1	0
0220525D	0220525D	1	0
02205A02	02205A02	1	0
02205C5A	02205C5A	1	0
0220640F	0220640F	1	0
02206612	02206612	1	0
02207000	02207000	1	0
0220786F	0220786F	1	0
02209C00	02209C00	1	0
0220A175	0220A175	1	0
0220A201	0220A201	1	0
0220A901	0220A901	1	0
0220AAEF	0220AAEF	1	0
0220B126	0220B126	1	0
0220E4C0	0220E4C0	1	0
0220F012	0220F012	1	0
02210108	02210108	1	0
02210170	02210170	1	0
022101BE	022101BE	1	0
02210220	02210220	4	0
022102FF	022102FF	1	0
02210300	02210300	1	0
02211100	02211100	2	0
02211110	02211110	3	0
02211122	02211122	15	0
02211500	02211500	1	0
02212228	02212228	1	0
02212B14	02212B14	1	0
02212CB4	02212CB4	1	0
022134CB	022134CB	1	0
02214044	02214044	1	0
02214333	02214333	1	0
022143D8	022143D8	1	0
02215777	02215777	1	0
02215FD8	02215FD8	1	0
02216555	02216555	1	0
02216666	02216666	1	0
0221788F	0221788F	1	0
02217B3B	02217B3B	1	0
02218123	02218123	1	0
0221C820	0221C820	1	0
0221CE71	0221CE71	1	0
0221DDF2	0221DDF2	1	0
0221FFEF	0221FFEF	1	0
02220002	02220002	1	0
02220021	02220021	1	0
02220122	02220122	1	0
022201A0	022201A0	1	0
022201E2	022201E2	1	0
02220200	02220200	1	0
02220203	02220203	1	0
02220221	02220221	6	0
02220A00	02220A00	2	0
02221110	02221110	1	0
02221221	02221221	1	0
022212C1	022212C1	1	0
022214F0	022214F0	1	0
02221600	02221600	1	0
0222181F	0222181F	1	0
02221C90	02221C90	1	0
02221F91	02221F91	1	0
02221FF0	02221FF0	1	0
02222004	02222004	1	0
0222220A	0222220A	1	0
02222220	02222220	9	0
02222222	02222222	10	0
022222D1	022222D1	1	0
022222DD	022222DD	1	0
0222240F	0222240F	1	0
02222455	02222455	1	0
022224FB	022224FB	1	0
022226FF	022226FF	1	0
0222288D	0222288D	1	0
02222B03	02222B03	1	0
02222BD5	02222BD5	1	0
02222C20	02222C20	1	0
02222C23	02222C23	1	0
0222313E	0222313E	1	0
02223201	02223201	1	0
02223335	02223335	1	0
022236D6	022236D6	1	0
02223F00	02223F00	1	0
02224446	02224446	1	0
02224E12	02224E12	1	0
02224F84	02224F84	1	0
02225021	02225021	1	0
0222502C	0222502C	1	0
02225224	02225224	1	0
02225500	02225500	1	0
02225544	02225544	1	0
02225680	02225680	1	0
02225C26	02225C26	1	0
02225F03	02225F03	1	0
02226000	02226000	1	0
02226780	02226780	1	0
02226888	02226888	1	0
02226E25	02226E25	1	0
02226E9B	02226E9B	1	0
02227F02	02227F02	1	0
02228067	02228067	1	0
02229602	02229602	1	0
02229805	02229805	1	0
02229E00	02229E00	1	0
0222B30F	0222B30F	1	0
0222BBDD	0222BBDD	1	0
0222CC7A	0222CC7A	1	0
0222DF03	0222DF03	1	0
0222E952	0222E952	1	0
0222FF00	0222FF00	1	0
0222FFFD	0222FFFD	1	0
02230003	02230003	1	0
02230173	02230173	1	0
02230222	02230222	1	0
0223026B	0223026B	1	0
022302FF	022302FF	1	0
02230300	02230300	2	0
02230310	02230310	1	0
02230400	02230400	1	0
02230603	02230603	1	0
02231097	02231097	1	0
022310D0	022310D0	1	0
02231130	02231130	1	0
022311E8	022311E8	1	0
022313C8	022313C8	1	0
02231802	02231802	1	0
0223204F	0223204F	1	0
0223215C	0223215C	1	0
022323DD	022323DD	1	0
02232502	02232502	1	0
02232E90	02232E90	1	0
022330FC	022330FC	1	0
02233222	02233222	1	0
02234004	02234004	1	0
022340F7	022340F7	1	0
0223458E	0223458E	1	0
02234689	02234689	1	0
02234C21	02234C21	1	0
02235744	02235744	1	0
02236001	02236001	1	0
02236701	02236701	1	0
0223732C	0223732C	1	0
022376B6	022376B6	1	0
02237888	02237888	1	0
0223A013	0223A013	1	0
0223A0FF	0223A0FF	1	0
0223AA73	0223AA73	1	0
0223AAAD	0223AAAD	1	0
0223D700	0223D700	1	0
0223F003	0223F003	1	0
0223F028	0223F028	1	0
02240023	02240023	1	0
022400CC	022400CC	1	0
0224010F	0224010F	1	0
0224021E	0224021E	1	0
02240223	02240223	5	0
02240243	02240243	1	0
022402A0	022402A0	1	0
02240303	02240303	1	0
02242201	02242201	1	0
02242202	02242202	1	0
02242224	02242224	1	0
022424B6	022424B6	1	0
02242B15	02242B15	1	0
02244233	02244233	1	0
022442D4	022442D4	1	0
02244FFF	02244FFF	1	0
02245702	02245702	1	0
02246D02	02246D02	1	0
02249BEF	02249BEF	1	0
0224A53E	0224A53E	1	0
0224DF48	0224DF48	1	0
0224EFFF	0224EFFF	1	0
02250002	02250002	1	0
02250037	02250037	1	0
022500A0	022500A0	1	0
02250103	02250103	1	0
02250224	02250224	1	0
0225051B	0225051B	1	0
02251022	02251022	1	0
02251604	02251604	1	0
02252005	02252005	1	0
02252222	02252222	1	0
02253195	02253195	1	0
02254079	02254079	1	0
02254333	02254333	1	0
02255522	02255522	1	0
0225555E	0225555E	1	0
02255827	02255827	1	0
02256705	02256705	1	0
0225689C	0225689C	1	0
02257103	02257103	1	0
0225CB48	0225CB48	1	0
0225FF45	0225FF45	1	0
022600B4	022600B4	1	0
02260207	02260207	1	0
02260225	02260225	4	0
02260226	02260226	1	0
02260771	02260771	1	0
02261161	02261161	1	0
0226406D	0226406D	1	0
02264D33	02264D33	1	0
02267B2D	02267B2D	1	0
0226FE05	0226FE05	1	0
02270002	02270002	1	0
02270026	02270026	1	0
02270226	02270226	3	0
02270300	02270300	1	0
0227109D	0227109D	1	0
022720EC	022720EC	2	0
022729AB	022729AB	1	0
022732FF	022732FF	1	0
02274C03	02274C03	1	0
02275021	02275021	1	0
02275147	02275147	1	0
02279E24	02279E24	1	0
02280209	02280209	1	0
02280227	02280227	5	0
02280228	02280228	1	0
02281011	02281011	1	0
0228224D	0228224D	1	0
02283227	02283227	1	0
02284196	02284196	1	0
02285951	02285951	1	0
02286920	02286920	1	0
0228888A	0228888A	1	0
02289F08	02289F08	1	0
0228F000	0228F000	1	0
022900AA	022900AA	1	0
02290200	02290200	1	0
02290228	02290228	3	0
022914B9	022914B9	1	0
02292120	02292120	1	0
02292129	02292129	1	0
02292702	02292702	1	0
0229E322	0229E322	1	0
0229E7C4	0229E7C4	1	0
022A000D	022A000D	1	0
022A00E8	022A00E8	1	0
022A01EA	022A01EA	1	0
022A0229	022A0229	5	0
022A0E23	022A0E23	2	0
022A1715	022A1715	1	0
022A2229	022A2229	1	0
022A26F9	022A26F9	1	0
022A2900	022A2900	1	0
022A9802	022A9802	1	0
022AABCA	022AABCA	1	0
022ABB13	022ABB13	1	0
022ACC26	022ACC26	1	0
022B022A	022B022A	1	0
022B085F	022B085F	1	0
022B100E	022B100E	1	0
022B10C1	022B10C1	1	0
022B10FF	022B10FF	1	0
022B1601	022B1601	1	0
022B5655	022B5655	1	0
022BB3CA	022BB3CA	1	0
022C018C	022C018C	1	0
022C022B	022C022B	5	0
022C024B	022C024B	1	0
022C034F	022C034F	1	0
022C0702	022C0702	1	0
022C0908	022C0908	1	0
022C0F10	022C0F10	1	0
022C12DC	022C12DC	1	0
022C322B	022C322B	1	0
022C7277	022C7277	1	0
022C9001	022C9001	1	0
022CA913	022CA913	1	0
022CD21E	022CD21E	1	0
022D0267	022D0267	1	0
022D0288	022D0288	1	0
022D2282	022D2282	1	0
022D322C	022D322C	1	0
022D4088	022D4088	1	0
022DD352	022DD352	1	0
022E008F	022E008F	1	0
022E01E3	022E01E3	1	0
022E022D	022E022D	4	0
022E093A	022E093A	1	0
022E5063	022E5063	1	0
022E6742	022E6742	1	0
022EBF02	022EBF02	1	0
022EF721	022EF721	1	0
022F0061	022F0061	1	0
022F011D	022F011D	1	0
022F0227	022F0227	1	0
022F0232	022F0232	1	0
022F025F	022F025F	1	0
022F0318	022F0318	1	0
022F0324	022F0324	1	0
022F10B5	022F10B5	1	0
022F10B6	022F10B6	1	0
022F17C8	022F17C8	1	0
022F1808	022F1808	1	0
022F1C50	022F1C50	1	0
022F44A7	022F44A7	1	0
022F50CB	022F50CB	1	0
022F5FFF	022F5FFF	1	0
022F6B2F	022F6B2F	1	0
022F718F	022F718F	2	0
022F9589	022F9589	1	0
022F9889	022F9889	1	0
022FC257	022FC257	1	0
02300014	02300014	1	0
0230002F	0230002F	1	0
02300111	02300111	1	0
023001EB	023001EB	1	0
0230022F	0230022F	3	0
0230024F	0230024F	1	0
023002F0	023002F0	2	0
02300606	02300606	1	0
02300700	02300700	1	0
02301832	02301832	1	0
02302102	02302102	1	0
0230322F	0230322F	1	0
02305550	02305550	1	0
023071C0	023071C0	1	0
0230C0AA	0230C0AA	1	0
0230ED00	0230ED00	1	0
0230EF01	0230EF01	1	0
0230FF00	0230FF00	1	0
02310033	02310033	1	0
02310102	02310102	1	0
02310230	02310230	3	0
0231042F	0231042F	1	0
02311135	02311135	1	0
02311155	02311155	1	0
0231118E	0231118E	1	0
02312456	02312456	1	0
02312701	02312701	1	0
02313337	02313337	1	0
02313467	02313467	1	0
02314A4B	02314A4B	1	0
0231572E	0231572E	1	0
02315F12	02315F12	1	0
02315F20	02315F20	1	0
02316230	02316230	1	0
02316727	02316727	1	0
02317003	02317003	1	0
0231C402	0231C402	1	0
0231E7F1	0231E7F1	1	0
0231F402	0231F402	1	0
02320043	02320043	1	0
02320086	02320086	1	0
02320231	02320231	3	0
02320300	02320300	1	0
02321223	02321223	2	0
02321714	02321714	1	0
02322122	02322122	1	0
0232213C	0232213C	1	0
02322203	02322203	1	0
02322443	02322443	1	0
0232286E	0232286E	1	0
02323233	02323233	1	0
02323322	02323322	1	0
02323F10	02323F10	1	0
023256EF	023256EF	1	0
02325B42	02325B42	1	0
02326693	02326693	1	0
02327112	02327112	1	0
02328888	02328888	1	0
02329403	02329403	1	0
0232E000	0232E000	1	0
0232E2A8	0232E2A8	1	0
0232E800	0232E800	1	0
0232F5F8	0232F5F8	1	0
0232F751	0232F751	1	0
02330115	02330115	1	0
02330121	02330121	1	0
0233012B	0233012B	1	0
02330232	02330232	4	0
02330300	02330300	1	0
02330318	02330318	1	0
02330454	02330454	1	0
02330F05	02330F05	1	0
023311DB	023311DB	1	0
02331F06	02331F06	1	0
0233214B	0233214B	1	0
02332222	02332222	1	0
02332232	02332232	1	0
02332366	02332366	1	0
02332444	02332444	1	0
02332446	02332446	1	0
02332B30	02332B30	1	0
0233312F	0233312F	1	0
0233318A	0233318A	1	0
02333200	02333200	1	0
02333201	02333201	1	0
02333314	02333314	1	0
02333323	02333323	1	0
02333333	02333333	1	0
02333334	02333334	1	0
0233333F	0233333F	1	0
02333353	02333353	1	0
02333441	02333441	1	0
02333444	02333444	1	0
02333633	02333633	1	0
023339E3	023339E3	1	0
02333A3A	02333A3A	1	0
02333B01	02333B01	1	0
02333B08	02333B08	1	0
02333B63	02333B63	1	0
02333BB1	02333BB1	1	0
02333BDC	02333BDC	1	0
02334004	02334004	1	0
02334035	02334035	1	0
02334901	02334901	1	0
0233533A	0233533A	1	0
02335824	02335824	1	0
02336613	02336613	1	0
02336656	02336656	1	0
02337775	02337775	1	0
02338156	02338156	1	0
02338742	02338742	1	0
02339760	02339760	1	0
02339B7D	02339B7D	1	0
0233AE3B	0233AE3B	1	0
0233B727	0233B727	1	0
0233C310	0233C310	1	0
0233ED66	0233ED66	1	0
0233EE33	0233EE33	1	0
02340001	02340001	1	0
02340215	02340215	1	0
02340233	02340233	2	0
02340648	02340648	1	0
023410A9	023410A9	1	0
023413DB	023413DB	1	0
023419F9	023419F9	1	0
02341C02	02341C02	1	0
02341E03	02341E03	1	0
02343345	02343345	1	0
02344249	02344249	1	0
02344303	02344303	1	0
02344431	02344431	1	0
02344500	02344500	1	0
02345602	02345602	1	0
02345BE4	02345BE4	1	0
02346D04	02346D04	1	0
02347777	02347777	1	0
02347812	02347812	1	0
02347DBF	02347DBF	1	0
0234C53B	0234C53B	1	0
0234CEFF	0234CEFF	1	0
0234DA15	0234DA15	1	0
0234DB1C	0234DB1C	1	0
0234DD33	0234DD33	1	0
02350004	02350004	1	0
02350180	02350180	1	0
02350234	02350234	2	0
02351A00	02351A00	1	0
02352220	02352220	1	0
02353628	02353628	1	0
02355333	02355333	1	0
02355351	02355351	1	0
02355531	02355531	1	0
02356364	02356364	1	0
0235701A	0235701A	1	0
0235B66E	0235B66E	1	0
0235E939	0235E939	1	0
0235EE55	0235EE55	1	0
0236016F	0236016F	1	0
02360235	02360235	2	0
02360336	02360336	1	0
023631E0	023631E0	1	0
0236333B	0236333B	1	0
02365235	02365235	1	0
02366C33	02366C33	1	0
02367442	02367442	1	0
02367536	02367536	1	0
02368B00	02368B00	1	0
02370204	02370204	1	0
02370236	02370236	2	0
02370336	02370336	1	0
02370402	02370402	1	0
02370557	02370557	1	0
0237103F	0237103F	1	0
02371066	02371066	1	0
023715F1	023715F1	1	0
02373555	02373555	1	0
02373E02	02373E02	1	0
02373E0B	02373E0B	1	0
02378701	02378701	1	0
023788CD	023788CD	1	0
0237E04B	0237E04B	1	0
0237F363	0237F363	1	0
0238007A	0238007A	1	0
02380206	02380206	1	0
02380237	02380237	2	0
02380587	02380587	1	0
02380605	02380605	1	0
02380B00	02380B00	1	0
02380CC4	02380CC4	1	0
02381838	02381838	1	0
0238263C	0238263C	1	0
02383237	02383237	1	0
02385237	02385237	1	0
02387E02	02387E02	1	0
02388881	02388881	1	0
0238DBBB	0238DBBB	1	0
0238EF02	0238EF02	1	0
023900DD	023900DD	1	0
023901C0	023901C0	1	0
02390238	02390238	2	0
023910B6	023910B6	1	0
02391F22	02391F22	1	0
02392B02	02392B02	1	0
023940F8	023940F8	1	0
02399327	02399327	1	0
023999F9	023999F9	1	0
023A006B	023A006B	1	0
023A012F	023A012F	1	0
023A0239	023A0239	1	0
023A02EF	023A02EF	1	0
023A0FBB	023A0FBB	1	0
023A1111	023A1111	1	0
023A1239	023A1239	1	0
023A131D	023A131D	2	0
023A15BB	023A15BB	1	0
023A1F3A	023A1F3A	1	0
023A1FE0	023A1FE0	1	0
023A2239	023A2239	1	0
023A5239	023A5239	1	0
023AFFEE	023AFFEE	1	0
023B005E	023B005E	1	0
023B023A	023B023A	3	0
023B0340	023B0340	1	0
023B50E7	023B50E7	1	0
023BBB33	023BBB33	1	0
023BCC1F	023BCC1F	1	0
023C023B	023C023B	5	0
023C0245	023C0245	1	0
023C270C	023C270C	1	0
023C2938	023C2938	1	0
023C3303	023C3303	2	0
023C523B	023C523B	2	0
023CC699	023CC699	1	0
023D0200	023D0200	1	0
023D023C	023D023C	3	0
023D308F	023D308F	1	0
023D73D3	023D73D3	1	0
023D888F	023D888F	1	0
023D9A2F	023D9A2F	1	0
023E0087	023E0087	1	0
023E0160	023E0160	1	0
023E020C	023E020C	1	0
023E021F	023E021F	1	0
023E022A	023E022A	1	0
023E023D	023E023D	3	0
023E9090	023E9090	1	0
023F003E	023F003E	1	0
023F00FF	023F00FF	1	0
023F023E	023F023E	2	0
023F0307	023F0307	1	0
023F0BAB	023F0BAB	1	0
023F1037	023F1037	1	0
023F170F	023F170F	1	0
023F2001	023F2001	2	0
023F202B	023F202B	1	0
023F2D3F	023F2D3F	1	0
023F40E9	023F40E9	1	0
023F4103	023F4103	1	0
023F424F	023F424F	1	0
023F4EFF	023F4EFF	1	0
023F628A	023F628A	1	0
023F7D1F	023F7D1F	1	0
023F8006	023F8006	1	0
023F995C	023F995C	1	0
023F9C03	023F9C03	1	0
023FB832	023FB832	1	0
023FC133	023FC133	1	0
023FE037	023FE037	1	0
0240017D	0240017D	2	0
0240023F	0240023F	1	0
02400251	02400251	1	0
0240027D	0240027D	2	0
024002F0	024002F0	1	0
02400910	02400910	1	0
02400C02	02400C02	1	0
0240180C	0240180C	1	0
02401840	02401840	2	0
02402080	02402080	1	0
0240227D	0240227D	1	0
02404018	02404018	1	0
0240427D	0240427D	1	0
02404F40	02404F40	1	0
02407100	02407100	1	0
02408008	02408008	1	0
02409802	02409802	1	0
0240A7D0	0240A7D0	1	0
0241003D	0241003D	1	0
02410082	02410082	1	0
02410200	02410200	1	0
0241024A	0241024A	1	0
024102DF	024102DF	1	0
024111DF	024111DF	1	0
02411224	02411224	1	0
02411C02	02411C02	1	0
02411F02	02411F02	1	0
02412090	02412090	1	0
02412254	02412254	1	0
02413206	02413206	1	0
02413510	02413510	1	0
02413702	02413702	1	0
02413F10	02413F10	1	0
02414FEE	02414FEE	1	0
02415240	02415240	1	0
02416554	02416554	1	0
02416800	02416800	1	0
02418424	02418424	1	0
02418C04	02418C04	1	0
02419003	02419003	1	0
02419971	02419971	1	0
0241EF25	0241EF25	1	0
0242001A	0242001A	1	0
02420128	02420128	1	0
02420241	02420241	6	0
024205C0	024205C0	1	0
02421275	02421275	1	0
02423202	02423202	1	0
02423784	02423784	1	0
024240F1	024240F1	1	0
024242A7	024242A7	1	0
024251FF	024251FF	1	0
02425738	02425738	1	0
02426065	02426065	1	0
024265FB	024265FB	1	0
0242A09E	0242A09E	1	0
0242A317	0242A317	1	0
0242BBB7	0242BBB7	1	0
02430000	02430000	1	0
02430002	02430002	1	0
02430041	02430041	1	0
02430242	02430242	1	0
02430321	02430321	1	0
02430722	02430722	1	0
02430A77	02430A77	1	0
02431002	02431002	1	0
0243103C	0243103C	1	0
02431188	02431188	1	0
02431222	02431222	1	0
024312F7	024312F7	1	0
0243203F	0243203F	1	0
02432226	02432226	1	0
024332E5	024332E5	1	0
02433323	02433323	1	0
0243338D	0243338D	1	0
02433433	02433433	1	0
02434032	02434032	1	0
0243518B	0243518B	1	0
024354FB	024354FB	1	0
02436B03	02436B03	1	0
0243999C	0243999C	1	0
0243AB19	0243AB19	1	0
0243CCCC	0243CCCC	1	0
02440243	02440243	7	0
02440310	02440310	1	0
024403B0	024403B0	1	0
02440412	02440412	1	0
02440B05	02440B05	1	0
02440B40	02440B40	1	0
02441071	02441071	1	0
02441120	02441120	1	0
02441F10	02441F10	1	0
02442244	02442244	1	0
02442310	02442310	1	0
02442960	02442960	1	0
02443253	02443253	1	0
02443F02	02443F02	1	0
02444244	02444244	1	0
02444321	02444321	1	0
02444420	02444420	1	0
02444529	02444529	1	0
02444545	02444545	1	0
024445A3	024445A3	1	0
024445DD	024445DD	1	0
02444992	02444992	1	0
02444AA4	02444AA4	1	0
02444B27	02444B27	1	0
02444B4B	02444B4B	1	0
02444EF4	02444EF4	1	0
0244541A	0244541A	1	0
02445444	02445444	1	0
02445600	02445600	1	0
02445656	02445656	1	0
02445E00	02445E00	1	0
0244661C	0244661C	1	0
02446644	02446644	1	0
02447643	02447643	1	0
0244770A	0244770A	1	0
02447B88	02447B88	1	0
02447C02	02447C02	1	0
02447E44	02447E44	1	0
02448602	02448602	1	0
02448609	02448609	1	0
02448A01	02448A01	1	0
02448B04	02448B04	1	0
02448F05	02448F05	1	0
0244943B	0244943B	1	0
02449922	02449922	1	0
0244A235	0244A235	1	0
0244A343	0244A343	1	0
0244BE04	0244BE04	1	0
0244C723	0244C723	1	0
0244DDDD	0244DDDD	1	0
0244E09E	0244E09E	1	0
0244E0E9	0244E0E9	1	0
0244F300	0244F300	1	0
024501C2	024501C2	1	0
02450244	02450244	2	0
02450256	02450256	1	0
02451146	02451146	1	0
02451302	02451302	1	0
0245141F	0245141F	1	0
0245334E	0245334E	1	0
02454136	02454136	1	0
02454245	02454245	1	0
024543C7	024543C7	1	0
02454A23	02454A23	1	0
02454FCB	02454FCB	1	0
02455443	02455443	1	0
02455527	02455527	1	0
02455544	02455544	1	0
02455563	02455563	1	0
024555EE	024555EE	1	0
024565D6	024565D6	1	0
0245D600	0245D600	1	0
0245D8EE	0245D8EE	1	0
024600F3	024600F3	1	0
02460120	02460120	1	0
02460245	02460245	4	0
024602D6	024602D6	1	0
02460400	02460400	2	0
02460D10	02460D10	1	0
02461111	02461111	1	0
02461120	02461120	2	0
02462302	02462302	1	0
0246308A	0246308A	1	0
024630A9	024630A9	1	0
02463600	02463600	1	0
02463F33	02463F33	1	0
0246450D	0246450D	1	0
02464520	02464520	1	0
02466555	02466555	1	0
02467F35	02467F35	1	0
02469202	02469202	1	0
0246CC21	0246CC21	1	0
02470112	02470112	1	0
02470200	02470200	1	0
02470246	02470246	2	0
02470255	02470255	1	0
02470272	02470272	1	0
02470448	02470448	1	0
02471001	02471001	1	0
02471041	02471041	1	0
02471241	02471241	1	0
024720A6	024720A6	2	0
02472663	02472663	1	0
024733F7	024733F7	1	0
02477147	02477147	1	0
02477201	02477201	1	0
02477716	02477716	1	0
02477744	02477744	1	0
0247A367	0247A367	1	0
0247AAA7	0247AAA7	1	0
0247FE0C	0247FE0C	1	0
02480047	02480047	1	0
024801CA	024801CA	1	0
02480247	02480247	5	0
0248026C	0248026C	1	0
02481220	02481220	1	0
02482444	02482444	1	0
02483247	02483247	1	0
02483444	02483444	1	0
02484048	02484048	1	0
02484B00	02484B00	1	0
02484E38	02484E38	1	0
024855CE	024855CE	1	0
02485BDD	02485BDD	1	0
02487720	02487720	1	0
0248AAA3	0248AAA3	1	0
0248BA07	0248BA07	1	0
0248D001	0248D001	1	0
02490200	02490200	1	0
02490248	02490248	1	0
024902F5	024902F5	1	0
024949C8	024949C8	1	0
02498C05	02498C05	1	0
02499437	02499437	1	0
0249990D	0249990D	1	0
0249DF0B	0249DF0B	1	0
024A0133	024A0133	1	0
024A0249	024A0249	6	0
024A0E73	024A0E73	1	0
024A4F04	024A4F04	1	0
024A5075	024A5075	1	0
024A54AB	024A54AB	1	0
024A8008	024A8008	1	0
024B012D	024B012D	1	0
024B12BC	024B12BC	1	0
024B1300	024B1300	1	0
024B152A	024B152A	1	0
024B5428	024B5428	1	0
024BB774	024BB774	1	0
024BCC03	024BCC03	1	0
024BFF02	024BFF02	1	0
024C0002	024C0002	1	0
024C0032	024C0032	1	0
024C01CB	024C01CB	1	0
024C01EA	024C01EA	1	0
024C024B	024C024B	5	0
024C0824	024C0824	1	0
024C1311	024C1311	1	0
024C1A01	024C1A01	1	0
024C1A03	024C1A03	1	0
024C1BB0	024C1BB0	1	0
024C3E45	024C3E45	1	0
024C4477	024C4477	1	0
024CD6DD	024CD6DD	1	0
024D0702	024D0702	1	0
024D18B7	024D18B7	1	0
024D3B65	024D3B65	1	0
024D5503	024D5503	1	0
024D78FD	024D78FD	1	0
024D7F02	024D7F02	1	0
024DBC01	024DBC01	1	0
024E0200	024E0200	1	0
024E022D	024E022D	1	0
024E024D	024E024D	6	0
024E02BC	024E02BC	1	0
024E0383	024E0383	2	0
024E1000	024E1000	1	0
024E1F00	024E1F00	1	0
024E401E	024E401E	1	0
024E424D	024E424D	1	0
024E4499	024E4499	1	0
024E45CA	024E45CA	1	0
024E4D03	024E4D03	1	0
024E55DE	024E55DE	1	0
024EDA42	024EDA42	1	0
024EED3E	024EED3E	1	0
024EEE8E	024EEE8E	1	0
024F0050	024F0050	1	0
024F013D	024F013D	1	0
024F01A9	024F01A9	1	0
024F01AB	024F01AB	1	0
024F024E	024F024E	2	0
024F026C	024F026C	1	0
024F0401	024F0401	1	0
024F1025	024F1025	1	0
024F1111	024F1111	1	0
024F322F	024F322F	1	0
024F46FE	024F46FE	1	0
024FF40B	024FF40B	1	0
02500006	02500006	1	0
0250024F	0250024F	2	0
02500353	02500353	1	0
02500A20	02500A20	1	0
02500B20	02500B20	1	0
02500C38	02500C38	1	0
02501620	02501620	1	0
02502201	02502201	1	0
0250EF00	0250EF00	1	0
0250F712	0250F712	1	0
025101F3	025101F3	1	0
02510250	02510250	2	0
02511177	02511177	1	0
025111C1	025111C1	1	0
02512200	02512200	1	0
02512A03	02512A03	1	0
02516DA6	02516DA6	1	0
0251822A	0251822A	1	0
02518712	02518712	1	0
02520110	02520110	1	0
02520121	02520121	1	0
02520251	02520251	2	0
02520290	02520290	1	0
025202BC	025202BC	1	0
02521222	02521222	1	0
0252285F	0252285F	1	0
02524048	02524048	1	0
025244FF	025244FF	1	0
02530002	02530002	1	0
02530252	02530252	3	0
025302FF	025302FF	1	0
02532203	02532203	1	0
02532E00	02532E00	1	0
02532E01	02532E01	1	0
02533552	02533552	1	0
02534455	02534455	1	0
02534534	02534534	1	0
0253465B	0253465B	1	0
02535128	02535128	1	0
0253543B	0253543B	1	0
02535555	02535555	1	0
025361DB	025361DB	1	0
0253755E	0253755E	1	0
02537762	02537762	1	0
0253B702	0253B702	1	0
0253CF62	0253CF62	1	0
0253FFFE	0253FFFE	2	0
02540253	02540253	2	0
025402BC	025402BC	1	0
0254117C	0254117C	1	0
0254127A	0254127A	1	0
02541E00	02541E00	1	0
025433CC	025433CC	1	0
0254403F	0254403F	1	0
0254446D	0254446D	1	0
0254551A	0254551A	1	0
02545544	02545544	1	0
0254588E	0254588E	1	0
02545A99	02545A99	1	0
02545E12	02545E12	1	0
02546F04	02546F04	1	0
02547555	02547555	1	0
02547F44	02547F44	1	0
02548008	02548008	1	0
025489B9	025489B9	1	0
0254FF80	0254FF80	1	0
02550254	02550254	2	0
02550300	02550300	1	0
02550697	02550697	5	0
02550700	02550700	1	0
02550750	02550750	1	0
02551089	02551089	1	0
02551155	02551155	1	0
02551244	02551244	1	0
02552333	02552333	1	0
02552552	02552552	1	0
0255301C	0255301C	1	0
02553292	02553292	1	0
02553455	02553455	1	0
02554299	02554299	1	0
0255440F	0255440F	1	0
02554488	02554488	1	0
02555100	02555100	1	0
02555411	02555411	1	0
02555501	02555501	1	0
02555546	02555546	1	0
02555555	02555555	1	0
0255555D	0255555D	1	0
02555588	02555588	1	0
025555AA	025555AA	1	0
02555602	02555602	1	0
0255563C	0255563C	1	0
02555756	02555756	1	0
02555EEF	02555EEF	1	0
02555FCD	02555FCD	1	0
02556634	02556634	1	0
02556664	02556664	1	0
02556665	02556665	2	0
02556778	02556778	1	0
02557577	02557577	1	0
02557A20	02557A20	1	0
02559295	02559295	1	0
02559976	02559976	1	0
02559D04	02559D04	1	0
02559EEE	02559EEE	1	0
0255A3C7	0255A3C7	1	0
0255B1BB	0255B1BB	1	0
0255B7AF	0255B7AF	1	0
0255C665	0255C665	1	0
0255DB3C	0255DB3C	1	0
0255FF11	0255FF11	1	0
0255FF31	0255FF31	1	0
02560203	02560203	1	0
02560255	02560255	2	0
02560300	02560300	3	0
02560310	02560310	1	0
0256042E	0256042E	1	0
02560600	02560600	1	0
02561145	02561145	1	0
02561F17	02561F17	1	0
0256222F	0256222F	1	0
02562310	02562310	1	0
02562400	02562400	1	0
02564800	02564800	1	0
025650F2	025650F2	1	0
02565255	02565255	1	0
02565554	02565554	1	0
02567255	02567255	1	0
02567729	02567729	1	0
02567D02	02567D02	1	0
02568866	02568866	1	0
02568997	02568997	1	0
0256A412	0256A412	1	0
0256BD97	0256BD97	1	0
02570002	02570002	1	0
025700EE	025700EE	1	0
02570222	02570222	1	0
02570256	02570256	1	0
02570300	02570300	1	0
02570A1C	02570A1C	1	0
02571001	02571001	1	0
02571097	02571097	1	0
02571112	02571112	1	0
02571255	02571255	1	0
025713CF	025713CF	1	0
025737DF	025737DF	1	0
02575220	02575220	1	0
02576277	02576277	1	0
02577447	02577447	1	0
02577513	02577513	1	0
02577542	02577542	1	0
0257DD22	0257DD22	1	0
0258003B	0258003B	1	0
02580188	02580188	1	0
02580257	02580257	1	0
02580310	02580310	1	0
0258240A	0258240A	1	0
02583800	02583800	1	0
02585335	02585335	1	0
02585885	02585885	1	0
02585D55	02585D55	1	0
02588861	02588861	1	0
02589866	02589866	1	0
0258BF83	0258BF83	1	0
0258FCFC	0258FCFC	1	0
02590004	02590004	1	0
02590006	02590006	1	0
02590258	02590258	4	0
02590300	02590300	1	0
0259133F	0259133F	1	0
02594099	02594099	1	0
0259551A	0259551A	1	0
02599999	02599999	1	0
025999BB	025999BB	1	0
0259E6A6	0259E6A6	1	0
025A023B	025A023B	1	0
025A0259	025A0259	2	0
025A02E2	025A02E2	1	0
025A04C3	025A04C3	1	0
025A0ACC	025A0ACC	1	0
025A1079	025A1079	1	0
025A1199	025A1199	1	0
025A1358	025A1358	1	0
025AAA28	025AAA28	1	0
025B025A	025B025A	4	0
025B027C	025B027C	1	0
025B04D2	025B04D2	1	0
025B22D2	025B22D2	1	0
025B35FF	025B35FF	1	0
025B58BC	025B58BC	1	0
025BBD22	025BBD22	1	0
025BDD32	025BDD32	1	0
025C0000	025C0000	1	0
025C007B	025C007B	1	0
025C025B	025C025B	2	0
025C02D7	025C02D7	1	0
025C069C	025C069C	1	0
025C0B20	025C0B20	1	0
025C2233	025C2233	1	0
025C2F00	025C2F00	1	0
025C4048	025C4048	1	0
025C425F	025C425F	1	0
025C6133	025C6133	1	0
025C6C44	025C6C44	1	0
025C725B	025C725B	1	0
025CA58C	025CA58C	1	0
025D005C	025D005C	1	0
025D01C2	025D01C2	1	0
025D024C	025D024C	1	0
025D025C	025D025C	3	0
025D0500	025D0500	1	0
025D2259	025D2259	1	0
025D4000	025D4000	1	0
025D4034	025D4034	1	0
025D5629	025D5629	1	0
025D725C	025D725C	1	0
025DBC87	025DBC87	1	0
025E01BF	025E01BF	1	0
025E26C5	025E26C5	1	0
025EE5E5	025EE5E5	1	0
025EEE85	025EEE85	1	0
025EEEE5	025EEEE5	1	0
025F0000	025F0000	1	0
025F00CD	025F00CD	1	0
025F01A5	025F01A5	1	0
025F0200	025F0200	1	0
025F02C4	025F02C4	1	0
025F0300	025F0300	1	0
025F033F	025F033F	1	0
025F0E02	025F0E02	1	0
025F0F06	025F0F06	1	0
025F107B	025F107B	1	0
025F14ED	025F14ED	1	0
025F16F9	025F16F9	1	0
025F2099	025F2099	1	0
025F5111	025F5111	1	0
025F62FD	025F62FD	1	0
025F841F	025F841F	1	0
025F8957	025F8957	1	0
025F8A3F	025F8A3F	1	0
025F969F	025F969F	1	0
025FC500	025FC500	1	0
025FE124	025FE124	1	0
025FF189	025FF189	1	0
025FF38B	025FF38B	1	0
025FFF20	025FFF20	1	0
02600038	02600038	1	0
0260003F	0260003F	1	0
02600069	02600069	1	0
0260011D	0260011D	1	0
02600200	02600200	1	0
02600210	02600210	1	0
02600241	02600241	1	0
02600277	02600277	1	0
02600370	02600370	1	0
02600600	02600600	1	0
02600C77	02600C77	1	0
02601054	02601054	1	0
0260131D	0260131D	4	0
0260467A	0260467A	1	0
02607B00	02607B00	1	0
0260A320	0260A320	1	0
02610161	02610161	1	0
0261027E	0261027E	1	0
02611865	02611865	1	0
0261214A	0261214A	1	0
026122FF	026122FF	1	0
02612341	02612341	1	0
02612B03	02612B03	1	0
02614009	02614009	1	0
02617260	02617260	1	0
02618702	02618702	1	0
0261EC87	0261EC87	1	0
0261FE11	0261FE11	1	0
02620076	02620076	1	0
0262024E	0262024E	1	0
02620261	02620261	6	0
02620320	02620320	1	0
02620B75	02620B75	1	0
02621122	02621122	1	0
026211FF	026211FF	1	0
02622261	02622261	1	0
02622487	02622487	1	0
02622644	02622644	1	0
02622900	02622900	1	0
02623261	02623261	1	0
026243F6	026243F6	1	0
02626710	02626710	1	0
02628222	02628222	1	0
0262D259	0262D259	1	0
02630089	02630089	1	0
0263212A	0263212A	1	0
02633847	02633847	1	0
02637262	02637262	1	0
02639998	02639998	1	0
0263AFB7	0263AFB7	1	0
0263F903	0263F903	1	0
026400DC	026400DC	1	0
02640177	02640177	1	0
02640263	02640263	3	0
02640310	02640310	1	0
02643110	02643110	1	0
02645633	02645633	1	0
02646464	02646464	1	0
0264A600	0264A600	1	0
0264AA0B	0264AA0B	1	0
02650120	02650120	1	0
02650307	02650307	1	0
02650B41	02650B41	1	0
026510F7	026510F7	1	0
0265409A	0265409A	1	0
0265431F	0265431F	1	0
026558CC	026558CC	1	0
02656026	02656026	1	0
02656259	02656259	1	0
026577A2	026577A2	1	0
02657888	02657888	1	0
02658855	02658855	1	0
0265A51C	0265A51C	1	0
0265B320	0265B320	1	0
0265EAAB	0265EAAB	1	0
02660038	02660038	1	0
02660092	02660092	1	0
026601EF	026601EF	1	0
02660247	02660247	1	0
02660252	02660252	1	0
02660265	02660265	3	0
02660330	02660330	1	0
026603B0	026603B0	1	0
026603EF	026603EF	1	0
02660700	02660700	1	0
02660867	02660867	1	0
02660F02	02660F02	1	0
0266143D	0266143D	1	0
02662117	02662117	2	0
0266222D	0266222D	1	0
02663DFF	02663DFF	1	0
02663F90	02663F90	1	0
02664002	02664002	1	0
02664494	02664494	1	0
0266563C	0266563C	1	0
02665816	02665816	1	0
02666066	02666066	1	0
02666277	02666277	1	0
02666318	02666318	1	0
02666432	02666432	1	0
02666558	02666558	1	0
02666601	02666601	1	0
02666641	02666641	1	0
02666754	02666754	1	0
02666CA6	02666CA6	1	0
02666EBC	02666EBC	1	0
026670DD	026670DD	1	0
02667888	02667888	1	0
02667A2F	02667A2F	1	0
02667CF6	02667CF6	1	0
02667F08	02667F08	1	0
02667F5F	02667F5F	1	0
02668205	02668205	1	0
02668920	02668920	1	0
02669601	02669601	1	0
02669999	02669999	1	0
0266A301	0266A301	1	0
0266A757	0266A757	1	0
0266AA06	0266AA06	1	0
0266B240	0266B240	1	0
0266B699	0266B699	1	0
0266B739	0266B739	1	0
0266CA03	0266CA03	1	0
0266E70D	0266E70D	1	0
0266F000	0266F000	1	0
0266F65F	0266F65F	1	0
02670019	02670019	1	0
02670068	02670068	1	0
026700C7	026700C7	1	0
02670255	02670255	1	0
02670276	02670276	1	0
02671363	02671363	1	0
02672003	02672003	1	0
0267330E	0267330E	1	0
026733D7	026733D7	1	0
0267363F	0267363F	1	0
0267502F	0267502F	1	0
0267503A	0267503A	1	0
02675C50	02675C50	1	0
026766B6	026766B6	1	0
0267744C	0267744C	1	0
02677665	02677665	1	0
02677803	02677803	1	0
02677877	02677877	1	0
02677999	02677999	1	0
02677EC3	02677EC3	1	0
02678878	02678878	1	0
02678887	02678887	1	0
02679602	02679602	1	0
02679713	02679713	1	0
02679BF7	02679BF7	1	0
0267B0FF	0267B0FF	1	0
02680123	02680123	1	0
02680204	02680204	1	0
0268024F	0268024F	1	0
02680267	02680267	4	0
026802F9	026802F9	1	0
02680500	02680500	1	0
02682267	02682267	1	0
02684305	02684305	1	0
02687554	02687554	1	0
02688823	02688823	1	0
0268ABDD	0268ABDD	1	0
0268CCBB	0268CCBB	1	0
0268FCEF	0268FCEF	1	0
0268FF00	0268FF00	1	0
02690203	02690203	1	0
02690268	02690268	1	0
02693200	02693200	1	0
02699998	02699998	1	0
0269BE20	0269BE20	1	0
026A0101	026A0101	1	0
026A0110	026A0110	1	0
026A024B	026A024B	1	0
026A0269	026A0269	4	0
026A068B	026A068B	1	0
026A2269	026A2269	1	0
026A5311	026A5311	1	0
026A6A66	026A6A66	1	0
026A7277	026A7277	1	0
026A8776	026A8776	1	0
026A89A9	026A89A9	1	0
026AA608	026AA608	1	0
026AA666	026AA666	1	0
026AB6F7	026AB6F7	1	0
026B10DA	026B10DA	1	0
026B1145	026B1145	1	0
026B1226	026B1226	1	0
026B17D5	026B17D5	1	0
026B2B77	026B2B77	1	0
026B2C20	026B2C20	1	0
026B3E9D	026B3E9D	1	0
026B40A8	026B40A8	1	0
026B426A	026B426A	1	0
026BAA20	026BAA20	1	0
026BB6FC	026BB6FC	1	0
026BC500	026BC500	1	0
026C024D	026C024D	2	0
026C026B	026C026B	3	0
026C028B	026C028B	1	0
026C0320	026C0320	1	0
026C67E9	026C67E9	1	0
026C7F12	026C7F12	1	0
026C9700	026C9700	1	0
026CE9B2	026CE9B2	1	0
026D02AF	026D02AF	1	0
026D0B20	026D0B20	1	0
026D1FD0	026D1FD0	1	0
026D2304	026D2304	1	0
026D394E	026D394E	1	0
026DDD2D	026DDD2D	1	0
026DDE27	026DDE27	1	0
026E004B	026E004B	1	0
026E0224	026E0224	1	0
026E026D	026E026D	3	0
026E0D42	026E0D42	1	0
026E3702	026E3702	1	0
026E786E	026E786E	1	0
026EDD4C	026EDD4C	1	0
026EEE28	026EEE28	1	0
026F0002	026F0002	1	0
026F0020	026F0020	1	0
026F015D	026F015D	1	0
026F0200	026F0200	1	0
026F02FF	026F02FF	1	0
026F0370	026F0370	1	0
026F03AC	026F03AC	1	0
026F0428	026F0428	1	0
026F066C	026F066C	1	0
026F100F	026F100F	1	0
026F216B	026F216B	1	0
026F5602	026F5602	1	0
026F5D67	026F5D67	1	0
026F5FD1	026F5FD1	1	0
026FD2DF	026FD2DF	1	0
026FD702	026FD702	1	0
026FEB7F	026FEB7F	1	0
027000BC	027000BC	1	0
027000F6	027000F6	1	0
0270026F	0270026F	1	0
0270028F	0270028F	1	0
02701234	02701234	1	0
027052E7	027052E7	1	0
02706B08	02706B08	1	0
0270E101	0270E101	1	0
0270FB02	0270FB02	1	0
02710070	02710070	1	0
02710270	02710270	2	0
027102D0	027102D0	1	0
02711D31	02711D31	1	0
02712740	02712740	1	0
0271426F	0271426F	1	0
02715F15	02715F15	1	0
02717217	02717217	1	0
0271994E	0271994E	1	0
0271CC07	0271CC07	1	0
02720271	02720271	1	0
02720E52	02720E52	1	0
02721141	02721141	1	0
02722E77	02722E77	1	0
02722F02	02722F02	1	0
02729F45	02729F45	1	0
0272FF87	0272FF87	1	0
02730051	02730051	1	0
02730272	02730272	2	0
02730565	02730565	1	0
027305CE	027305CE	4	0
02730602	02730602	1	0
02731A7D	02731A7D	1	0
02733E92	02733E92	1	0
0273611F	0273611F	1	0
027377D8	027377D8	1	0
02740273	02740273	3	0
027402F7	027402F7	1	0
02741288	02741288	1	0
0274188D	0274188D	2	0
02741C47	02741C47	1	0
027420AA	027420AA	1	0
027422F8	027422F8	1	0
02743277	02743277	1	0
02745273	02745273	1	0
027455FD	027455FD	1	0
02745A12	02745A12	1	0
0274B722	0274B722	1	0
0274C002	0274C002	1	0
0274DFE1	0274DFE1	1	0
02750052	02750052	1	0
02750232	02750232	1	0
0275024A	0275024A	1	0
02750274	02750274	1	0
02752113	02752113	1	0
02752777	02752777	1	0
02755530	02755530	1	0
02755A8A	02755A8A	1	0
02757A03	02757A03	1	0
02757B3A	02757B3A	1	0
02758F2C	02758F2C	1	0
0275C7AA	0275C7AA	1	0
0275FFCE	0275FFCE	1	0
02760275	02760275	1	0
02760C00	02760C00	1	0
0276121B	0276121B	1	0
027619BB	027619BB	1	0
02763F07	02763F07	1	0
02764055	02764055	1	0
02764303	02764303	1	0
02765067	02765067	1	0
02765520	02765520	1	0
02766665	02766665	1	0
0276679A	0276679A	1	0
0276767F	0276767F	1	0
0276C997	0276C997	1	0
02770076	02770076	1	0
02770200	02770200	1	0
02770214	02770214	1	0
02770276	02770276	1	0
02770300	02770300	1	0
02770310	02770310	1	0
02770340	02770340	1	0
02770600	02770600	1	0
02771200	02771200	1	0
02771222	02771222	1	0
02771805	02771805	1	0
02773355	02773355	1	0
027735EB	027735EB	1	0
02773B07	02773B07	1	0
02774454	02774454	1	0
02775325	02775325	1	0
027755CA	027755CA	1	0
02775999	02775999	1	0
02775F02	02775F02	1	0
02776565	02776565	1	0
0277662B	0277662B	1	0
027766AB	027766AB	1	0
02776A24	02776A24	2	0
02776B7B	02776B7B	1	0
02776D8F	02776D8F	1	0
0277707E	0277707E	1	0
02777276	02777276	1	0
02777277	02777277	1	0
0277737D	0277737D	1	0
02777437	02777437	1	0
02777444	02777444	1	0
027774BC	027774BC	1	0
02777707	02777707	1	0
02777710	02777710	1	0
02777767	02777767	1	0
0277783E	0277783E	1	0
02777CD6	02777CD6	1	0
02777F03	02777F03	1	0
02778222	02778222	1	0
02779D12	02779D12	1	0
0277B000	0277B000	1	0
0277C02F	0277C02F	1	0
0277C6CE	0277C6CE	1	0
0277DCCE	0277DCCE	1	0
0277EBB7	0277EBB7	1	0
0277F404	0277F404	1	0
0277F9EC	0277F9EC	1	0
02780077	02780077	1	0
02780246	02780246	1	0
02780277	02780277	1	0
027802D7	027802D7	1	0
02780788	02780788	1	0
02780F00	02780F00	1	0
02781113	02781113	1	0
02781201	02781201	1	0
027850C1	027850C1	1	0
02787285	02787285	1	0
027875EE	027875EE	1	0
0278810A	0278810A	1	0
0278888B	0278888B	1	0
02788F00	02788F00	1	0
02789865	02789865	1	0
0278CC75	0278CC75	1	0
0278E323	0278E323	1	0
02790278	02790278	2	0
02790964	02790964	1	0
0279523B	0279523B	1	0
0279993F	0279993F	1	0
0279AF79	0279AF79	1	0
0279C922	0279C922	1	0
0279FD65	0279FD65	1	0
027A0002	027A0002	1	0
027A0279	027A0279	1	0
027A181E	027A181E	1	0
027A24D7	027A24D7	1	0
027A3279	027A3279	1	0
027A3306	027A3306	1	0
027AA218	027AA218	1	0
027AAA92	027AAA92	1	0
027AB3A7	027AB3A7	1	0
027AD2DA	027AD2DA	1	0
027AF5AB	027AF5AB	1	0
027AFFBE	027AFFBE	1	0
027B0076	027B0076	1	0
027B027A	027B027A	1	0
027B0478	027B0478	1	0
027B0B91	027B0B91	1	0
027B1038	027B1038	1	0
027B169A	027B169A	1	0
027B1F40	027B1F40	1	0
027B3956	027B3956	1	0
027B6C33	027B6C33	1	0
027B8912	027B8912	1	0
027B91DF	027B91DF	1	0
027BBB42	027BBB42	1	0
027C027B	027C027B	3	0
027C2207	027C2207	1	0
027C401C	027C401C	1	0
027C6C00	027C6C00	1	0
027CC812	027CC812	1	0
027D00AD	027D00AD	1	0
027D021C	027D021C	1	0
027D027C	027D027C	1	0
027D04DE	027D04DE	1	0
027D0710	027D0710	1	0
027D127C	027D127C	1	0
027D3F33	027D3F33	1	0
027D564A	027D564A	1	0
027D762A	027D762A	1	0
027D8000	027D8000	1	0
027D9200	027D9200	1	0
027E0002	027E0002	1	0
027E0088	027E0088	1	0
027E00BC	027E00BC	1	0
027E0158	027E0158	1	0
027E3B3C	027E3B3C	1	0
027E880B	027E880B	1	0
027E9F32	027E9F32	1	0
027EC955	027EC955	1	0
027F0001	027F0001	1	0
027F00F3	027F00F3	1	0
027F01A9	027F01A9	1	0
027F06BF	027F06BF	1	0
027F0C20	027F0C20	1	0
027F11E0	027F11E0	2	0
027F128F	027F128F	1	0
027F1500	027F1500	1	0
027F1DD6	027F1DD6	1	0
027F1FD7	027F1FD7	1	0
027F27CF	027F27CF	1	0
027F2823	027F2823	1	0
027F36E0	027F36E0	1	0
027F5066	027F5066	1	0
027F55E9	027F55E9	1	0
027F7101	027F7101	1	0
027F71BF	027F71BF	1	0
027F778A	027F778A	1	0
027F84FF	027F84FF	1	0
027F868F	027F868F	1	0
027F94C7	027F94C7	1	0
027FA249	027FA249	1	0
027FF719	027FF719	1	0
027FFF00	027FFF00	1	0
027FFFFF	027FFFFF	1	0
02800000	02800000	1	0
02800001	02800001	1	0
0280013D	0280013D	1	0
02800261	02800261	1	0
0280063F	0280063F	1	0
02800DDC	02800DDC	1	0
02800E2C	02800E2C	1	0
028012F0	028012F0	1	0
02801841	02801841	1	0
02802000	02802000	1	0
0280201F	0280201F	1	0
028021B2	028021B2	1	0
0280230E	0280230E	1	0
028028E2	028028E2	1	0
02802912	02802912	1	0
028033FF	028033FF	1	0
02803403	02803403	1	0
02803DFB	02803DFB	1	0
02803E9F	02803E9F	1	0
02804322	02804322	1	0
02804492	02804492	1	0
02804B03	02804B03	1	0
02804F9F	02804F9F	1	0
02806464	02806464	1	0
02806902	02806902	1	0
02807CFF	02807CFF	1	0
02807E35	02807E35	1	0
02808008	02808008	1	0
0280878A	0280878A	1	0
02808913	02808913	1	0
02808D74	02808D74	1	0
02808FFE	02808FFE	1	0
0280904E	0280904E	1	0
02809602	02809602	1	0
02809666	02809666	1	0
02809868	02809868	1	0
028099CE	028099CE	1	0
0280AA79	0280AA79	1	0
0280AA7F	0280AA7F	1	0
0280AE55	0280AE55	1	0
0280B733	0280B733	1	0
0280BECD	0280BECD	1	0
0280D223	0280D223	1	0
0280D80F	0280D80F	1	0
0280DF05	0280DF05	1	0
0280EAA5	0280EAA5	1	0
0280EFEF	0280EFEF	1	0
0280FE01	0280FE01	1	0
02810001	02810001	1	0
028100B5	028100B5	1	0
028114CD	028114CD	1	0
028119D0	028119D0	1	0
02811DAD	02811DAD	1	0
02811E28	02811E28	1	0
02813A0B	02813A0B	1	0
0281631F	0281631F	1	0
028165DA	028165DA	1	0
02819998	02819998	1	0
0281B8A0	0281B8A0	1	0
0281D206	0281D206	1	0
02820000	02820000	5	0
02820172	02820172	1	0
02820281	02820281	2	0
028202A1	028202A1	1	0
02821101	02821101	1	0
028216F1	028216F1	1	0
02822412	02822412	1	0
02824F12	02824F12	1	0
02825455	02825455	1	0
028255AA	028255AA	1	0
02827E02	02827E02	1	0
0282889E	0282889E	1	0
0282BA02	0282BA02	1	0
0282BBBB	0282BBBB	1	0
0282BC03	0282BC03	1	0
0282C083	0282C083	1	0
0282DD88	0282DD88	1	0
02830141	02830141	1	0
02830230	02830230	1	0
028302F0	028302F0	2	0
02830377	02830377	1	0
028303CD	028303CD	1	0
02830454	02830454	1	0
028310DC	028310DC	1	0
02831182	02831182	1	0
02831696	02831696	1	0
02832262	02832262	1	0
02833DDF	02833DDF	1	0
02835282	02835282	1	0
028353DA	028353DA	1	0
028358AA	028358AA	1	0
02837776	02837776	1	0
02837B20	02837B20	1	0
02838554	02838554	1	0
028387DD	028387DD	1	0
0283BB38	0283BB38	1	0
02840150	02840150	1	0
02840280	02840280	1	0
02840283	02840283	1	0
02840700	02840700	2	0
02840C00	02840C00	2	0
02840E2C	02840E2C	1	0
0284103B	0284103B	1	0
02841151	02841151	1	0
02841251	02841251	1	0
0284431E	0284431E	1	0
0284668B	0284668B	1	0
028485E9	028485E9	1	0
0284882A	0284882A	1	0
02849C02	02849C02	1	0
0284DAAA	0284DAAA	1	0
028501EF	028501EF	1	0
02850200	02850200	1	0
02850300	02850300	1	0
02850301	02850301	1	0
02850340	02850340	1	0
028503E0	028503E0	1	0
02850A02	02850A02	1	0
02854DDD	02854DDD	1	0
02854FCD	02854FCD	1	0
02855585	02855585	1	0
02855F20	02855F20	1	0
02857284	02857284	1	0
02859998	02859998	1	0
0285B503	0285B503	1	0
0285DD38	0285DD38	1	0
02860285	02860285	1	0
02861111	02861111	1	0
0286113F	0286113F	1	0
02861154	02861154	1	0
02866577	02866577	1	0
02866765	02866765	1	0
02870140	02870140	1	0
02870155	02870155	1	0
02870286	02870286	1	0
02871001	02871001	1	0
02871106	02871106	1	0
02877700	02877700	1	0
02877720	02877720	1	0
02877D60	02877D60	1	0
02877F43	02877F43	1	0
02878788	02878788	1	0
02879887	02879887	1	0
0287B620	0287B620	1	0
0287BA06	0287BA06	1	0
0287BB7F	0287BB7F	1	0
02880001	02880001	1	0
02880100	02880100	1	0
0288017F	0288017F	1	0
02880203	02880203	1	0
02880208	02880208	1	0
0288020F	0288020F	1	0
02880287	02880287	2	0
02880300	02880300	1	0
02880427	02880427	1	0
02880700	02880700	1	0
02880B40	02880B40	1	0
02880F01	02880F01	1	0
02881084	02881084	1	0
028811E3	028811E3	1	0
0288121A	0288121A	1	0
02881810	02881810	1	0
02882040	02882040	1	0
02882222	02882222	1	0
02882A81	02882A81	1	0
02882E27	02882E27	1	0
02882EFF	02882EFF	1	0
028833AF	028833AF	1	0
02883585	02883585	1	0
02883F00	02883F00	1	0
02884048	02884048	1	0
02884403	02884403	1	0
02884421	02884421	1	0
02884426	02884426	1	0
02884884	02884884	1	0
02884D10	02884D10	1	0
02884D77	02884D77	1	0
02885182	02885182	1	0
02885B11	02885B11	1	0
028860CC	028860CC	1	0
02886301	02886301	1	0
02886779	02886779	1	0
0288765B	0288765B	1	0
02887705	02887705	1	0
02887735	02887735	1	0
028877E2	028877E2	1	0
028880A3	028880A3	1	0
028884A5	028884A5	1	0
02888503	02888503	1	0
02888797	02888797	1	0
0288884A	0288884A	1	0
0288888E	0288888E	1	0
02889988	02889988	1	0
028899AA	028899AA	1	0
02889CEE	02889CEE	1	0
0288A758	0288A758	1	0
0288BBBB	0288BBBB	1	0
0288CAA9	0288CAA9	1	0
0288E911	0288E911	1	0
0288EEEE	0288EEEE	1	0
0288F026	0288F026	1	0
0288FB03	0288FB03	1	0
02890088	02890088	1	0
0289014F	0289014F	1	0
02890300	02890300	2	0
02892180	02892180	1	0
02892F1E	02892F1E	1	0
0289339F	0289339F	1	0
02893635	02893635	1	0
02894029	02894029	1	0
02894A4E	02894A4E	1	0
0289685C	0289685C	1	0
02897578	02897578	1	0
02898330	02898330	1	0
02899777	02899777	1	0
0289983C	0289983C	1	0
02899982	02899982	1	0
0289A401	0289A401	1	0
0289A439	0289A439	1	0
0289AA3C	0289AA3C	1	0
0289AF02	0289AF02	1	0
0289BB3D	0289BB3D	1	0
0289CC98	0289CC98	1	0
028A0000	028A0000	1	0
028A0202	028A0202	1	0
028A0264	028A0264	1	0
028A026B	028A026B	1	0
028A0289	028A0289	1	0
028A1373	028A1373	1	0
028A34E4	028A34E4	1	0
028A6688	028A6688	1	0
028A8008	028A8008	1	0
028A8100	028A8100	1	0
028AAA7E	028AAA7E	1	0
028AAAAA	028AAAAA	1	0
028ACD0C	028ACD0C	1	0
028AFA00	028AFA00	1	0
028B0013	028B0013	1	0
028B006C	028B006C	1	0
028B0130	028B0130	1	0
028B0146	028B0146	1	0
028B05CC	028B05CC	1	0
028B0AF7	028B0AF7	1	0
028B209C	028B209C	1	0
028B3B01	028B3B01	1	0
028B4066	028B4066	1	0
028B4078	028B4078	1	0
028B5183	028B5183	1	0
028B6650	028B6650	1	0
028B8888	028B8888	1	0
028B8B8A	028B8B8A	1	0
028BA75B	028BA75B	1	0
028BBB98	028BBB98	1	0
028BBF02	028BBF02	1	0
028C00EE	028C00EE	1	0
028C0201	028C0201	1	0
028C028B	028C028B	1	0
028C1000	028C1000	1	0
028C5700	028C5700	1	0
028C6037	028C6037	1	0
028CBB03	028CBB03	1	0
028CBBB5	028CBBB5	1	0
028D028C	028D028C	1	0
028D0372	028D0372	1	0
028D03CC	028D03CC	1	0
028D1223	028D1223	1	0
028D1730	028D1730	1	0
028D1EFD	028D1EFD	1	0
028D217F	028D217F	1	0
028D2A2F	028D2A2F	1	0
028D43E0	028D43E0	1	0
028D7FE5	028D7FE5	1	0
028D8124	028D8124	1	0
028D8D04	028D8D04	1	0
028D8D8B	028D8D8B	2	0
028D9294	028D9294	1	0
028DCCCC	028DCCCC	1	0
028DD888	028DD888	1	0
028E0173	028E0173	1	0
028E01F5	028E01F5	1	0
028E026F	028E026F	1	0
028E027A	028E027A	1	0
028E028D	028E028D	1	0
028E03D7	028E03D7	1	0
028E049B	028E049B	1	0
028E058F	028E058F	1	0
028E061C	028E061C	1	0
028E18C8	028E18C8	1	0
028E5F02	028E5F02	1	0
028E9F01	028E9F01	1	0
028EB51F	028EB51F	1	0
028F0069	028F0069	1	0
028F008B	028F008B	1	0
028F008F	028F008F	1	0
028F017D	028F017D	1	0
028F12F3	028F12F3	1	0
028F17E0	028F17E0	1	0
028F4428	028F4428	1	0
028F583B	028F583B	1	0
028F6607	028F6607	1	0
028F6B53	028F6B53	1	0
028F727B	028F727B	1	0
028F8548	028F8548	1	0
028F8DD5	028F8DD5	1	0
028FA301	028FA301	1	0
028FD508	028FD508	1	0
02900002	02900002	1	0
0290011E	0290011E	1	0
029001A6	029001A6	1	0
029002F0	029002F0	1	0
02900300	02900300	1	0
029003C0	029003C0	1	0
02900E07	02900E07	1	0
02901631	02901631	1	0
02901EFF	02901EFF	1	0
029020EF	029020EF	1	0
02902D10	02902D10	1	0
02904116	02904116	1	0
029075FD	029075FD	1	0
0290FD02	0290FD02	1	0
02910232	02910232	1	0
02910290	02910290	1	0
02918820	02918820	1	0
029199CC	029199CC	1	0
0291B415	0291B415	1	0
02920202	02920202	1	0
029206A6	029206A6	1	0
02924048	02924048	1	0
0292430A	0292430A	1	0
0292940A	0292940A	1	0
029299F9	029299F9	1	0
0292A2B8	0292A2B8	1	0
02930292	02930292	1	0
029302C8	029302C8	1	0
029308F4	029308F4	1	0
02931119	02931119	1	0
0293127F	0293127F	1	0
0293170E	0293170E	1	0
02932700	02932700	1	0
02934288	02934288	1	0
02934555	02934555	1	0
02936219	02936219	4	0
029362E4	029362E4	1	0
029362FE	029362FE	1	0
029370E6	029370E6	1	0
02937394	02937394	1	0
029394A7	029394A7	1	0
02939885	02939885	1	0
0293E977	0293E977	1	0
0294000B	0294000B	1	0
0294005E	0294005E	1	0
02940138	02940138	1	0
02940310	02940310	1	0
0294039C	0294039C	1	0
029408BA	029408BA	1	0
02940F80	02940F80	1	0
029414D6	029414D6	1	0
029421FF	029421FF	1	0
02943E35	02943E35	1	0
02943E5E	02943E5E	1	0
0294404A	0294404A	1	0
02945DDD	02945DDD	1	0
02947053	02947053	1	0
02948903	02948903	1	0
0294B202	0294B202	1	0
0294E731	0294E731	1	0
02950294	02950294	2	0
02950295	02950295	1	0
02950340	02950340	1	0
029549F9	029549F9	1	0
02955422	02955422	1	0
02955599	02955599	1	0
02955D80	02955D80	1	0
029582BC	029582BC	1	0
02958F15	02958F15	1	0
02959523	02959523	1	0
0295B9A8	0295B9A8	1	0
0295C883	0295C883	1	0
0295E703	0295E703	2	0
02960002	02960002	1	0
02960022	02960022	1	0
029601C6	029601C6	1	0
0296042E	0296042E	1	0
02964297	02964297	1	0
02964603	02964603	1	0
02965FF4	02965FF4	1	0
0296670C	0296670C	1	0
029669E9	029669E9	1	0
02967709	02967709	1	0
02968401	02968401	1	0
02968751	02968751	1	0
02969988	02969988	1	0
0296AA9A	0296AA9A	1	0
0296BB15	0296BB15	1	0
0296BBDD	0296BBDD	1	0
02970001	02970001	1	0
029700C1	029700C1	1	0
02970200	02970200	1	0
02970296	02970296	2	0
029704CC	029704CC	1	0
029711F0	029711F0	1	0
02971200	02971200	1	0
029714A7	029714A7	1	0
02971CE9	02971CE9	5	0
029721B3	029721B3	1	0
029722BB	029722BB	1	0
029747B1	029747B1	1	0
02975055	02975055	1	0
0297DD0F	0297DD0F	1	0
0297EE9E	0297EE9E	1	0
02980089	02980089	1	0
02980108	02980108	1	0
029801B8	029801B8	1	0
02980279	02980279	1	0
02980300	02980300	1	0
02980812	02980812	1	0
02980B40	02980B40	1	0
02981167	02981167	1	0
02983402	02983402	1	0
02985198	02985198	1	0
02985912	02985912	1	0
02986350	02986350	1	0
02987614	02987614	1	0
02987778	02987778	1	0
02987789	02987789	1	0
02987894	02987894	1	0
02988598	02988598	1	0
02988820	02988820	1	0
02988828	02988828	1	0
02988887	02988887	1	0
029889B8	029889B8	1	0
02988BBA	02988BBA	1	0
02988E04	02988E04	1	0
0298BBBB	0298BBBB	1	0
0298F421	0298F421	1	0
02990098	02990098	1	0
029901B0	029901B0	1	0
029901BB	029901BB	1	0
02990200	02990200	1	0
02990298	02990298	2	0
02990700	02990700	1	0
02990A09	02990A09	1	0
02990B02	02990B02	1	0
02991100	02991100	1	0
0299113B	0299113B	1	0
02991683	02991683	1	0
02991807	02991807	1	0
02991830	02991830	1	0
029922EE	029922EE	1	0
02992A01	02992A01	1	0
02993321	02993321	1	0
02994414	02994414	1	0
02994488	02994488	1	0
02994A11	02994A11	1	0
02994E16	02994E16	1	0
02995436	02995436	1	0
02995549	02995549	1	0
02996665	02996665	1	0
02996995	02996995	1	0
02998383	02998383	1	0
0299889C	0299889C	1	0
02998988	02998988	1	0
02999800	02999800	1	0
02999922	02999922	1	0
02999967	02999967	1	0
029999BD	029999BD	1	0
02999A30	02999A30	1	0
0299AA08	0299AA08	1	0
0299BB9E	0299BB9E	1	0
0299CAAD	0299CAAD	1	0
0299DA22	0299DA22	1	0
0299E00E	0299E00E	1	0
0299EE37	0299EE37	1	0
0299F9F9	0299F9F9	1	0
0299FF10	0299FF10	1	0
0299FFF0	0299FFF0	1	0
0299FFFA	0299FFFA	1	0
029A2020	029A2020	1	0
029A40A9	029A40A9	1	0
029A7793	029A7793	1	0
029A8103	029A8103	1	0
029AABCA	029AABCA	1	0
029AAD2E	029AAD2E	1	0
029ABADC	029ABADC	1	0
029ABBAB	029ABBAB	1	0
029AEFFF	029AEFFF	1	0
029B029A	029B029A	1	0
029B14C4	029B14C4	1	0
029B28FF	029B28FF	1	0
029B2C2A	029B2C2A	1	0
029B3308	029B3308	1	0
029B3F08	029B3F08	1	0
029B4211	029B4211	1	0
029B4223	029B4223	1	0
029B9BB4	029B9BB4	1	0
029BB202	029BB202	1	0
029BB903	029BB903	1	0
029BB999	029BB999	1	0
029BBBB9	029BBBB9	1	0
029BCCB9	029BCCB9	1	0
029BCCC2	029BCCC2	1	0
029BEEE1	029BEEE1	1	0
029C0100	029C0100	1	0
029C0108	029C0108	1	0
029C031C	029C031C	1	0
029C045F	029C045F	1	0
029C4201	029C4201	1	0
029C4AA4	029C4AA4	1	0
029C549C	029C549C	1	0
029C55B2	029C55B2	1	0
029C7706	029C7706	1	0
029C779D	029C779D	1	0
029C8040	029C8040	5	0
029C8897	029C8897	1	0
029CAB1A	029CAB1A	1	0
029CCDDF	029CCDDF	1	0
029CD510	029CD510	1	0
029CEECC	029CEECC	1	0
029CF591	029CF591	1	0
029CFAA2	029CFAA2	1	0
029CFFFE	029CFFFE	1	0
029D0041	029D0041	1	0
029D01A0	029D01A0	1	0
029D029C	029D029C	1	0
029D02BE	029D02BE	1	0
029D0A12	029D0A12	1	0
029D0F8F	029D0F8F	1	0
029D1721	029D1721	1	0
029D222D	029D222D	1	0
029D6811	029D6811	1	0
029D9428	029D9428	1	0
029DC202	029DC202	1	0
029DCC47	029DCC47	1	0
029DCCC9	029DCCC9	1	0
029DDE09	029DDE09	1	0
029DDEEB	029DDEEB	1	0
029E027F	029E027F	1	0
029E02CC	029E02CC	1	0
029E052A	029E052A	1	0
029E0F00	029E0F00	1	0
029E11C0	029E11C0	1	0
029E8333	029E8333	1	0
029EBB02	029EBB02	1	0
029ECB8F	029ECB8F	1	0
029EEE00	029EEE00	1	0
029F008F	029F008F	1	0
029F0104	029F0104	1	0
029F01D4	029F01D4	1	0
029F03FF	029F03FF	1	0
029F11AF	029F11AF	1	0
029F16CD	029F16CD	1	0
029F181F	029F181F	1	0
029F1BF5	029F1BF5	1	0
029F3027	029F3027	1	0
029F33FC	029F33FC	1	0
029F461F	029F461F	1	0
029F5084	029F5084	2	0
029F8D1F	029F8D1F	1	0
029F8DCF	029F8DCF	1	0
029F9700	029F9700	1	0
029F9F7B	029F9F7B	1	0
029FBE07	029FBE07	1	0
029FEEEE	029FEEEE	1	0
029FFA13	029FFA13	1	0
02A0009F	02A0009F	1	0
02A0015D	02A0015D	1	0
02A0020D	02A0020D	1	0
02A0021C	02A0021C	1	0
02A00286	02A00286	1	0
02A00288	02A00288	1	0
02A002F0	02A002F0	1	0
02A00311	02A00311	1	0
02A00320	02A00320	1	0
02A003EE	02A003EE	1	0
02A00F10	02A00F10	1	0
02A01156	02A01156	1	0
02A02FCC	02A02FCC	1	0
02A03C11	02A03C11	1	0
02A05429	02A05429	1	0
02A05F10	02A05F10	1	0
02A07540	02A07540	1	0
02A07C62	02A07C62	1	0
02A08811	02A08811	1	0
02A08A99	02A08A99	1	0
02A0BF02	02A0BF02	1	0
02A0EA06	02A0EA06	1	0
02A0F3FF	02A0F3FF	1	0
02A100FF	02A100FF	1	0
02A10130	02A10130	1	0
02A104A2	02A104A2	1	0
02A14C13	02A14C13	1	0
02A16C31	02A16C31	1	0
02A1796F	02A1796F	1	0
02A1AF0B	02A1AF0B	1	0
02A20270	02A20270	1	0
02A20283	02A20283	1	0
02A202A1	02A202A1	1	0
02A20700	02A20700	1	0
02A223B3	02A223B3	1	0
02A223F3	02A223F3	1	0
02A24102	02A24102	1	0
02A2AB07	02A2AB07	1	0
02A30170	02A30170	1	0
02A301F1	02A301F1	1	0
02A302C2	02A302C2	1	0
02A3035B	02A3035B	1	0
02A31047	02A31047	1	0
02A310F1	02A310F1	1	0
02A317B5	02A317B5	1	0
02A31900	02A31900	1	0
02A3229C	02A3229C	1	0
02A32777	02A32777	1	0
02A32D40	02A32D40	1	0
02A362B9	02A362B9	1	0
02A36846	02A36846	1	0
02A3A988	02A3A988	1	0
02A3C1DF	02A3C1DF	1	0
02A3C434	02A3C434	1	0
02A3FE1D	02A3FE1D	1	0
02A3FF02	02A3FF02	1	0
02A402A3	02A402A3	1	0
02A40310	02A40310	1	0
02A40BAC	02A40BAC	1	0
02A419FF	02A419FF	1	0
02A4E702	02A4E702	1	0
02A4F58D	02A4F58D	1	0
02A502A9	02A502A9	1	0
02A53F49	02A53F49	1	0
02A55559	02A55559	1	0
02A55957	02A55957	1	0
02A55BAB	02A55BAB	1	0
02A5AE02	02A5AE02	1	0
02A5C951	02A5C951	1	0
02A5CCCB	02A5CCCB	1	0
02A602A5	02A602A5	1	0
02A602C5	02A602C5	1	0
02A60C06	02A60C06	1	0
02A61F11	02A61F11	1	0
02A62722	02A62722	1	0
02A66301	02A66301	1	0
02A66544	02A66544	1	0
02A6661F	02A6661F	1	0
02A66629	02A66629	1	0
02A66666	02A66666	1	0
02A66ABA	02A66ABA	1	0
02A66B08	02A66B08	1	0
02A66CCC	02A66CCC	1	0
02A67620	02A67620	1	0
02A6BE00	02A6BE00	1	0
02A6EEEB	02A6EEEB	1	0
02A6F1AD	02A6F1AD	1	0
02A70102	02A70102	1	0
02A7026B	02A7026B	1	0
02A702A6	02A702A6	1	0
02A70317	02A70317	1	0
02A70DCF	02A70DCF	1	0
02A711D7	02A711D7	1	0
02A712AC	02A712AC	1	0
02A7137F	02A7137F	1	0
02A71413	02A71413	1	0
02A72112	02A72112	1	0
02A72124	02A72124	1	0
02A752A6	02A752A6	1	0
02A766DD	02A766DD	1	0
02A779A9	02A779A9	1	0
02A7CCC7	02A7CCC7	1	0
02A80289	02A80289	1	0
02A802A4	02A802A4	1	0
02A802A7	02A802A7	1	0
02A802CD	02A802CD	1	0
02A8102D	02A8102D	1	0
02A82B00	02A82B00	1	0
02A83166	02A83166	1	0
02A84094	02A84094	1	0
02A840DE	02A840DE	1	0
02A851FF	02A851FF	1	0
02A88111	02A88111	1	0
02A88630	02A88630	1	0
02A8885D	02A8885D	1	0
02A89879	02A89879	1	0
02A8AB78	02A8AB78	1	0
02A8BDDF	02A8BDDF	1	0
02A8C89A	02A8C89A	1	0
02A8FB1A	02A8FB1A	1	0
02A8FFAA	02A8FFAA	1	0
02A902A8	02A902A8	1	0
02A90400	02A90400	1	0
02A90F01	02A90F01	1	0
02A91F00	02A91F00	1	0
02A91F20	02A91F20	1	0
02A93280	02A93280	1	0
02A93377	02A93377	1	0
02A940AA	02A940AA	1	0
02A9504E	02A9504E	1	0
02A9609A	02A9609A	1	0
02A9A293	02A9A293	1	0
02A9B43F	02A9B43F	1	0
02A9C401	02A9C401	1	0
02A9CCC9	02A9CCC9	1	0
02A9CCCC	02A9CCCC	3	0
02A9DB84	02A9DB84	1	0
02A9DDEF	02A9DDEF	1	0
02A9E502	02A9E502	1	0
02AA0100	02AA0100	1	0
02AA0266	02AA0266	1	0
02AA0279	02AA0279	1	0
02AA02A9	02AA02A9	1	0
02AA031E	02AA031E	1	0
02AA0320	02AA0320	1	0
02AA0745	02AA0745	1	0
02AA0802	02AA0802	1	0
02AA11A9	02AA11A9	1	0
02AA1814	02AA1814	1	0
02AA2444	02AA2444	1	0
02AA3F80	02AA3F80	1	0
02AA44E6	02AA44E6	1	0
02AA4FAC	02AA4FAC	1	0
02AA5201	02AA5201	1	0
02AA52AA	02AA52AA	1	0
02AA55AA	02AA55AA	1	0
02AA574C	02AA574C	1	0
02AA5800	02AA5800	1	0
02AA582F	02AA582F	1	0
02AA5F72	02AA5F72	1	0
02AA6122	02AA6122	1	0
02AA6466	02AA6466	1	0
02AA6666	02AA6666	2	0
02AA6700	02AA6700	1	0
02AA6788	02AA6788	1	0
02AA87D8	02AA87D8	1	0
02AA88F7	02AA88F7	1	0
02AA88F9	02AA88F9	1	0
02AA8B00	02AA8B00	1	0
02AA8F00	02AA8F00	1	0
02AA9781	02AA9781	1	0
02AA995C	02AA995C	1	0
02AAA222	02AAA222	1	0
02AAA345	02AAA345	1	0
02AAA5A5	02AAA5A5	1	0
02AAA66A	02AAA66A	1	0
02AAA838	02AAA838	1	0
02AAAA47	02AAAA47	1	0
02AAAAAA	02AAAAAA	1	0
02AAAAAB	02AAAAAB	1	0
02AAAAAF	02AAAAAF	1	0
02AAAAFF	02AAAAFF	1	0
02AABBC5	02AABBC5	1	0
02AABBF3	02AABBF3	1	0
02AABECC	02AABECC	1	0
02AABF40	02AABF40	1	0
02AAC739	02AAC739	1	0
02AAC866	02AAC866	1	0
02AAD212	02AAD212	1	0
02AAD3CC	02AAD3CC	1	0
02AADDBB	02AADDBB	1	0
02AAEE88	02AAEE88	1	0
02AB00FB	02AB00FB	1	0
02AB0170	02AB0170	1	0
02AB01B0	02AB01B0	1	0
02AB04EF	02AB04EF	1	0
02AB222A	02AB222A	1	0
02AB258B	02AB258B	1	0
02AB2700	02AB2700	1	0
02AB43A9	02AB43A9	1	0
02AB45CF	02AB45CF	1	0
02AB5F50	02AB5F50	1	0
02AB986C	02AB986C	1	0
02AB99AA	02AB99AA	1	0
02ABA99C	02ABA99C	1	0
02ABB910	02ABB910	1	0
02ABBB20	02ABBB20	1	0
02ABBB35	02ABBB35	1	0
02ABCCDD	02ABCCDD	1	0
02ABE302	02ABE302	1	0
02ABEF81	02ABEF81	1	0
02AC02AB	02AC02AB	1	0
02AC02AF	02AC02AF	1	0
02AC0500	02AC0500	1	0
02AC0C7C	02AC0C7C	1	0
02AC0D84	02AC0D84	1	0
02AC228D	02AC228D	1	0
02AC5829	02AC5829	1	0
02AC5F74	02AC5F74	1	0
02ACCC3E	02ACCC3E	1	0
02ACCCDD	02ACCCDD	1	0
02ACCDCD	02ACCDCD	1	0
02ACFFFF	02ACFFFF	1	0
02AD00D0	02AD00D0	1	0
02AD0300	02AD0300	1	0
02AD3802	02AD3802	1	0
02AD543F	02AD543F	1	0
02AE00AC	02AE00AC	1	0
02AE02AD	02AE02AD	1	0
02AE04B3	02AE04B3	1	0
02AE1156	02AE1156	1	0
02AE4333	02AE4333	1	0
02AE8002	02AE8002	1	0
02AE800C	02AE800C	1	0
02AE9001	02AE9001	1	0
02AEBCA7	02AEBCA7	1	0
02AEBEA5	02AEBEA5	1	0
02AED31A	02AED31A	1	0
02AED801	02AED801	1	0
02AEEC20	02AEEC20	1	0
02AEFF48	02AEFF48	1	0
02AF011D	02AF011D	1	0
02AF0123	02AF0123	1	0
02AF0160	02AF0160	1	0
02AF0244	02AF0244	1	0
02AF0268	02AF0268	1	0
02AF06D7	02AF06D7	1	0
02AF0F80	02AF0F80	1	0
02AF2355	02AF2355	1	0
02AF4CA7	02AF4CA7	1	0
02AF560F	02AF560F	1	0
02AFAB73	02AFAB73	1	0
02AFCD04	02AFCD04	1	0
02AFF88F	02AFF88F	1	0
02AFFF12	02AFFF12	1	0
02AFFF1F	02AFFF1F	1	0
02B001FE	02B001FE	1	0
02B0024D	02B0024D	1	0
02B00F25	02B00F25	1	0
02B01F30	02B01F30	1	0
02B03C7B	02B03C7B	1	0
02B07AAF	02B07AAF	1	0
02B0FF00	02B0FF00	1	0
02B100B1	02B100B1	1	0
02B10296	02B10296	1	0
02B102B0	02B102B0	1	0
02B11213	02B11213	1	0
02B11BBB	02B11BBB	2	0
02B1418E	02B1418E	1	0
02B17510	02B17510	1	0
02B17777	02B17777	1	0
02B1B506	02B1B506	1	0
02B2013B	02B2013B	1	0
02B20167	02B20167	1	0
02B201CF	02B201CF	1	0
02B20208	02B20208	1	0
02B202D0	02B202D0	1	0
02B202D1	02B202D1	1	0
02B22A28	02B22A28	1	0
02B22DFF	02B22DFF	1	0
02B2AE0F	02B2AE0F	1	0
02B30033	02B30033	1	0
02B3015E	02B3015E	1	0
02B302B2	02B302B2	1	0
02B30300	02B30300	1	0
02B30357	02B30357	1	0
02B30800	02B30800	1	0
02B312DD	02B312DD	1	0
02B327B3	02B327B3	1	0
02B33888	02B33888	1	0
02B33B33	02B33B33	1	0
02B362B2	02B362B2	1	0
02B40009	02B40009	1	0
02B401A8	02B401A8	1	0
02B40310	02B40310	1	0
02B40BA4	02B40BA4	1	0
02B41802	02B41802	1	0
02B442F8	02B442F8	1	0
02B45403	02B45403	1	0
02B45644	02B45644	1	0
02B46F22	02B46F22	1	0
02B49E55	02B49E55	1	0
02B4CC8F	02B4CC8F	1	0
02B4DCCF	02B4DCCF	1	0
02B500B4	02B500B4	1	0
02B502B4	02B502B4	1	0
02B502F6	02B502F6	1	0
02B50300	02B50300	1	0
02B51F42	02B51F42	1	0
02B5440C	02B5440C	1	0
02B55555	02B55555	1	0
02B55559	02B55559	1	0
02B55599	02B55599	1	0
02B55706	02B55706	1	0
02B56677	02B56677	1	0
02B5B520	02B5B520	1	0
02B5BBB9	02B5BBB9	1	0
02B5FFF8	02B5FFF8	1	0
02B60295	02B60295	1	0
02B602A2	02B602A2	1	0
02B60B0E	02B60B0E	1	0
02B6666B	02B6666B	1	0
02B66B0F	02B66B0F	1	0
02B6ACBA	02B6ACBA	1	0
02B6BB65	02B6BB65	1	0
02B701C0	02B701C0	1	0
02B701C1	02B701C1	2	0
02B701D4	02B701D4	1	0
02B702B6	02B702B6	2	0
02B712F7	02B712F7	1	0
02B7137D	02B7137D	1	0
02B71CEA	02B71CEA	1	0
02B72201	02B72201	1	0
02B72288	02B72288	1	0
02B722DF	02B722DF	1	0
02B72464	02B72464	1	0
02B73E38	02B73E38	1	0
02B751AA	02B751AA	1	0
02B76E6F	02B76E6F	1	0
02B77714	02B77714	1	0
02B77755	02B77755	1	0
02B77899	02B77899	1	0
02B77B52	02B77B52	1	0
02B79936	02B79936	1	0
02B7ECBB	02B7ECBB	1	0
02B801CF	02B801CF	1	0
02B80631	02B80631	1	0
02B80E00	02B80E00	1	0
02B83BE5	02B83BE5	1	0
02B8400E	02B8400E	1	0
02B85222	02B85222	1	0
02B852EF	02B852EF	1	0
02B87D00	02B87D00	1	0
02B8A702	02B8A702	1	0
02B8CBBB	02B8CBBB	1	0
02B8CD01	02B8CD01	1	0
02B8ED35	02B8ED35	1	0
02B8FECD	02B8FECD	1	0
02B9003B	02B9003B	1	0
02B902B8	02B902B8	2	0
02B943CC	02B943CC	1	0
02B95713	02B95713	1	0
02B97102	02B97102	1	0
02B97AAE	02B97AAE	1	0
02B98722	02B98722	1	0
02B98778	02B98778	1	0
02B98F07	02B98F07	1	0
02B999AA	02B999AA	1	0
02B99F37	02B99F37	1	0
02B9AA07	02B9AA07	1	0
02B9AF10	02B9AF10	1	0
02B9B28C	02B9B28C	1	0
02B9B8EF	02B9B8EF	1	0
02B9FF16	02B9FF16	1	0
02BA000E	02BA000E	1	0
02BA009E	02BA009E	1	0
02BA00B8	02BA00B8	1	0
02BA0123	02BA0123	1	0
02BA01CD	02BA01CD	1	0
02BA06B4	02BA06B4	1	0
02BA0700	02BA0700	1	0
02BA0B20	02BA0B20	1	0
02BA42B7	02BA42B7	1	0
02BA44D4	02BA44D4	1	0
02BA5F8F	02BA5F8F	1	0
02BA6730	02BA6730	1	0
02BA6FD0	02BA6FD0	1	0
02BA8325	02BA8325	1	0
02BA92FF	02BA92FF	1	0
02BA9301	02BA9301	1	0
02BA9A97	02BA9A97	1	0
02BA9F11	02BA9F11	1	0
02BAA89D	02BAA89D	1	0
02BAABAB	02BAABAB	1	0
02BAABD3	02BAABD3	1	0
02BAABDD	02BAABDD	1	0
02BAB103	02BAB103	1	0
02BAB338	02BAB338	1	0
02BAC709	02BAC709	1	0
02BAFF20	02BAFF20	1	0
02BB0019	02BB0019	1	0
02BB0020	02BB0020	1	0
02BB00BA	02BB00BA	1	0
02BB0110	02BB0110	1	0
02BB01F0	02BB01F0	1	0
02BB02BA	02BB02BA	1	0
02BB03A5	02BB03A5	1	0
02BB1001	02BB1001	1	0
02BB11C3	02BB11C3	1	0
02BB1656	02BB1656	1	0
02BB2B10	02BB2B10	1	0
02BB3261	02BB3261	1	0
02BB40AB	02BB40AB	1	0
02BB40E7	02BB40E7	1	0
02BB424B	02BB424B	1	0
02BB4333	02BB4333	1	0
02BB4C3B	02BB4C3B	1	0
02BB5109	02BB5109	1	0
02BB5453	02BB5453	1	0
02BB55A8	02BB55A8	1	0
02BB55C5	02BB55C5	1	0
02BB6389	02BB6389	1	0
02BB6473	02BB6473	1	0
02BB66BB	02BB66BB	1	0
02BB6C00	02BB6C00	1	0
02BB6C33	02BB6C33	1	0
02BB7303	02BB7303	1	0
02BB78B8	02BB78B8	1	0
02BB822B	02BB822B	1	0
02BB8816	02BB8816	1	0
02BB88BB	02BB88BB	1	0
02BB9702	02BB9702	1	0
02BB9A09	02BB9A09	1	0
02BBA83E	02BBA83E	1	0
02BBB94B	02BBB94B	1	0
02BBBA01	02BBBA01	1	0
02BBBB01	02BBBB01	1	0
02BBBB3D	02BBBB3D	2	0
02BBBC22	02BBBC22	1	0
02BBBDDD	02BBBDDD	1	0
02BBC5C6	02BBC5C6	1	0
02BBCE00	02BBCE00	1	0
02BBDF12	02BBDF12	1	0
02BBEEE5	02BBEEE5	1	0
02BC00E4	02BC00E4	1	0
02BC0259	02BC0259	2	0
02BC028A	02BC028A	1	0
02BC029D	02BC029D	1	0
02BC031F	02BC031F	1	0
02BC0340	02BC0340	1	0
02BC12F7	02BC12F7	1	0
02BC1F0F	02BC1F0F	2	0
02BC2B02	02BC2B02	1	0
02BC2F00	02BC2F00	1	0
02BC3D00	02BC3D00	1	0
02BC4302	02BC4302	1	0
02BC45CB	02BC45CB	1	0
02BC4BCC	02BC4BCC	1	0
02BC5700	02BC5700	1	0
02BC656F	02BC656F	1	0
02BC6F12	02BC6F12	1	0
02BC79AE	02BC79AE	1	0
02BC8E42	02BC8E42	1	0
02BC9362	02BC9362	1	0
02BC9BBB	02BC9BBB	1	0
02BCAAFF	02BCAAFF	1	0
02BCAB3C	02BCAB3C	1	0
02BCBBBC	02BCBBBC	4	0
02BCBD26	02BCBD26	1	0
02BCC9EC	02BCC9EC	1	0
02BCD22E	02BCD22E	1	0
02BCDDCB	02BCDDCB	4	0
02BCDFE2	02BCDFE2	1	0
02BCF33B	02BCF33B	1	0
02BCFDED	02BCFDED	1	0
02BCFF1E	02BCFF1E	1	0
02BD020A	02BD020A	1	0
02BD02BC	02BD02BC	2	0
02BD166B	02BD166B	1	0
02BD8AAA	02BD8AAA	1	0
02BDEEEE	02BDEEEE	1	0
02BE40BC	02BE40BC	1	0
02BE5666	02BE5666	1	0
02BE7700	02BE7700	1	0
02BEE1FE	02BEE1FE	2	0
02BEEBFF	02BEEBFF	1	0
02BEEC03	02BEEC03	1	0
02BEEE3E	02BEEE3E	1	0
02BF00F6	02BF00F6	1	0
02BF0228	02BF0228	1	0
02BF0300	02BF0300	2	0
02BF067F	02BF067F	1	0
02BF0B3F	02BF0B3F	1	0
02BF166A	02BF166A	1	0
02BF30BC	02BF30BC	1	0
02BF3F18	02BF3F18	1	0
02BF52AD	02BF52AD	1	0
02BF5556	02BF5556	1	0
02BF558A	02BF558A	1	0
02BF650F	02BF650F	1	0
02BF6C66	02BF6C66	1	0
02BF737F	02BF737F	1	0
02BF8ADF	02BF8ADF	1	0
02BFBA13	02BFBA13	1	0
02BFC11F	02BFC11F	1	0
02BFC400	02BFC400	1	0
02BFEE00	02BFEE00	1	0
02C00220	02C00220	1	0
02C002A0	02C002A0	1	0
02C00305	02C00305	1	0
02C00730	02C00730	1	0
02C007BC	02C007BC	1	0
02C01F10	02C01F10	1	0
02C02080	02C02080	1	0
02C020E0	02C020E0	1	0
02C029F0	02C029F0	1	0
02C03011	02C03011	1	0
02C03866	02C03866	1	0
02C04382	02C04382	1	0
02C0480A	02C0480A	1	0
02C05510	02C05510	1	0
02C05644	02C05644	1	0
02C072D0	02C072D0	1	0
02C07922	02C07922	1	0
02C0800C	02C0800C	1	0
02C08010	02C08010	1	0
02C0999B	02C0999B	1	0
02C09CCD	02C09CCD	1	0
02C10274	02C10274	1	0
02C10299	02C10299	1	0
02C102A2	02C102A2	1	0
02C111DB	02C111DB	1	0
02C126ED	02C126ED	1	0
02C155D3	02C155D3	1	0
02C172D8	02C172D8	1	0
02C18888	02C18888	1	0
02C1DE00	02C1DE00	2	0
02C20270	02C20270	1	0
02C202C1	02C202C1	1	0
02C24121	02C24121	1	0
02C246E8	02C246E8	1	0
02C27840	02C27840	1	0
02C2BAAA	02C2BAAA	1	0
02C2CF20	02C2CF20	1	0
02C2DDDD	02C2DDDD	1	0
02C306AA	02C306AA	1	0
02C31417	02C31417	1	0
02C32318	02C32318	1	0
02C33366	02C33366	1	0
02C35705	02C35705	1	0
02C36305	02C36305	1	0
02C37714	02C37714	1	0
02C3BB9C	02C3BB9C	1	0
02C3BCEE	02C3BCEE	1	0
02C40077	02C40077	1	0
02C400EC	02C400EC	1	0
02C40200	02C40200	1	0
02C402AA	02C402AA	1	0
02C402C3	02C402C3	1	0
02C402E3	02C402E3	1	0
02C40300	02C40300	1	0
02C404C4	02C404C4	1	0
02C40564	02C40564	1	0
02C408C0	02C408C0	1	0
02C4CF07	02C4CF07	1	0
02C50001	02C50001	1	0
02C50190	02C50190	1	0
02C50202	02C50202	1	0
02C510F7	02C510F7	1	0
02C542C4	02C542C4	1	0
02C5441D	02C5441D	1	0
02C5621E	02C5621E	1	0
02C5B700	02C5B700	1	0
02C60040	02C60040	1	0
02C602BE	02C602BE	1	0
02C60892	02C60892	1	0
02C61147	02C61147	1	0
02C62F10	02C62F10	1	0
02C63086	02C63086	1	0
02C63BC3	02C63BC3	1	0
02C644C6	02C644C6	1	0
02C65200	02C65200	1	0
02C65609	02C65609	1	0
02C67C68	02C67C68	1	0
02C6AA16	02C6AA16	1	0
02C6BB68	02C6BB68	1	0
02C6EEFD	02C6EEFD	1	0
02C700C5	02C700C5	1	0
02C7017F	02C7017F	1	0
02C70300	02C70300	1	0
02C7082F	02C7082F	1	0
02C7129F	02C7129F	1	0
02C726F4	02C726F4	1	0
02C74083	02C74083	1	0
02C752DD	02C752DD	1	0
02C777AA	02C777AA	1	0
02C7CC87	02C7CC87	1	0
02C7F7AF	02C7F7AF	1	0
02C8004C	02C8004C	1	0
02C8021A	02C8021A	1	0
02C80340	02C80340	1	0
02C807D0	02C807D0	1	0
02C80806	02C80806	1	0
02C8091F	02C8091F	1	0
02C80AFB	02C80AFB	1	0
02C80B20	02C80B20	1	0
02C864BB	02C864BB	1	0
02C87F02	02C87F02	1	0
02C88B31	02C88B31	1	0
02C8AA79	02C8AA79	1	0
02C8AAFF	02C8AAFF	1	0
02C8C942	02C8C942	1	0
02C90002	02C90002	1	0
02C900C8	02C900C8	1	0
02C90265	02C90265	1	0
02C90320	02C90320	1	0
02C91312	02C91312	1	0
02C91C00	02C91C00	1	0
02C92180	02C92180	2	0
02C95556	02C95556	1	0
02C97521	02C97521	1	0
02C9787F	02C9787F	1	0
02C97FFF	02C97FFF	1	0
02C98B21	02C98B21	1	0
02C98ECA	02C98ECA	1	0
02C9B677	02C9B677	1	0
02C9DD11	02C9DD11	1	0
02CA00DC	02CA00DC	1	0
02CA0247	02CA0247	1	0
02CA0300	02CA0300	1	0
02CA2366	02CA2366	1	0
02CA2F02	02CA2F02	1	0
02CA3331	02CA3331	1	0
02CA8008	02CA8008	1	0
02CAB2AA	02CAB2AA	1	0
02CABB3C	02CABB3C	1	0
02CACCFF	02CACCFF	1	0
02CADDDA	02CADDDA	1	0
02CB0001	02CB0001	1	0
02CB02CA	02CB02CA	1	0
02CB1101	02CB1101	1	0
02CB1128	02CB1128	1	0
02CB16CB	02CB16CB	1	0
02CB2256	02CB2256	1	0
02CB3767	02CB3767	1	0
02CB51EF	02CB51EF	1	0
02CB521B	02CB521B	1	0
02CB5701	02CB5701	1	0
02CB6672	02CB6672	1	0
02CB79CD	02CB79CD	1	0
02CB7DAA	02CB7DAA	1	0
02CB999B	02CB999B	1	0
02CB9F11	02CB9F11	1	0
02CBABCD	02CBABCD	1	0
02CBAE4C	02CBAE4C	1	0
02CBBC20	02CBBC20	1	0
02CBCDDC	02CBCDDC	1	0
02CBDDDD	02CBDDDD	1	0
02CBE100	02CBE100	1	0
02CC006B	02CC006B	1	0
02CC01FF	02CC01FF	1	0
02CC0300	02CC0300	1	0
02CC036F	02CC036F	1	0
02CC04C8	02CC04C8	1	0
02CC0F21	02CC0F21	1	0
02CC1E90	02CC1E90	1	0
02CC2C20	02CC2C20	1	0
02CC2D45	02CC2D45	1	0
02CC3E10	02CC3E10	1	0
02CC4024	02CC4024	1	0
02CC4177	02CC4177	1	0
02CC459C	02CC459C	1	0
02CC54BB	02CC54BB	1	0
02CC5CC1	02CC5CC1	1	0
02CC5CFF	02CC5CFF	1	0
02CC5D16	02CC5D16	1	0
02CC5F82	02CC5F82	1	0
02CC6655	02CC6655	1	0
02CC6717	02CC6717	1	0
02CC6C03	02CC6C03	1	0
02CC775D	02CC775D	1	0
02CC779D	02CC779D	1	0
02CC8822	02CC8822	1	0
02CC8D37	02CC8D37	1	0
02CC9C22	02CC9C22	1	0
02CCABBC	02CCABBC	1	0
02CCC77E	02CCC77E	1	0
02CCCA29	02CCCA29	1	0
02CCCAB5	02CCCAB5	1	0
02CCCBC3	02CCCBC3	1	0
02CCCC1E	02CCCC1E	1	0
02CCCC5F	02CCCC5F	1	0
02CCCC83	02CCCC83	1	0
02CCCCBB	02CCCCBB	1	0
02CCCCC8	02CCCCC8	1	0
02CCCCDD	02CCCCDD	1	0
02CCCD00	02CCCD00	1	0
02CCCE3B	02CCCE3B	1	0
02CCD65B	02CCD65B	1	0
02CCD89A	02CCD89A	1	0
02CCDCB4	02CCDCB4	1	0
02CCE002	02CCE002	1	0
02CCEE57	02CCEE57	1	0
02CCFE16	02CCFE16	1	0
02CD0172	02CD0172	1	0
02CD02B4	02CD02B4	1	0
02CD02DF	02CD02DF	1	0
02CD0300	02CD0300	1	0
02CD1D02	02CD1D02	1	0
02CD1FE0	02CD1FE0	1	0
02CD429A	02CD429A	1	0
02CD477B	02CD477B	1	0
02CD591B	02CD591B	1	0
02CD7212	02CD7212	1	0
02CD9000	02CD9000	1	0
02CDDD3F	02CDDD3F	1	0
02CDDD61	02CDDD61	1	0
02CDDDED	02CDDDED	1	0
02CDFF35	02CDFF35	1	0
02CE0026	02CE0026	1	0
02CE0723	02CE0723	1	0
02CE0D00	02CE0D00	1	0
02CE0EDD	02CE0EDD	1	0
02CE1FF0	02CE1FF0	1	0
02CE2209	02CE2209	1	0
02CE4402	02CE4402	1	0
02CE4457	02CE4457	1	0
02CE4917	02CE4917	1	0
02CE591B	02CE591B	1	0
02CE5CFF	02CE5CFF	1	0
02CE5F02	02CE5F02	1	0
02CE77DD	02CE77DD	1	0
02CE90BF	02CE90BF	1	0
02CEC2D7	02CEC2D7	1	0
02CEC702	02CEC702	1	0
02CECCCB	02CECCCB	1	0
02CED32B	02CED32B	1	0
02CF0079	02CF0079	1	0
02CF01FA	02CF01FA	1	0
02CF16D8	02CF16D8	1	0
02CF40CE	02CF40CE	1	0
02CF44CC	02CF44CC	1	0
02CF5004	02CF5004	3	0
02CF51CD	02CF51CD	1	0
02CF52F4	02CF52F4	1	0
02CF8F2B	02CF8F2B	1	0
02CF9101	02CF9101	1	0
02CF9988	02CF9988	1	0
02CFA20F	02CFA20F	1	0
02CFAE80	02CFAE80	1	0
02CFFF02	02CFFF02	1	0
02D00105	02D00105	1	0
02D002B1	02D002B1	1	0
02D002F0	02D002F0	1	0
02D00900	02D00900	1	0
02D02755	02D02755	1	0
02D0AAA1	02D0AAA1	1	0
02D0AF03	02D0AF03	1	0
02D0DBBC	02D0DBBC	1	0
02D102D4	02D102D4	1	0
02D11D3B	02D11D3B	1	0
02D11F10	02D11F10	1	0
02D140A4	02D140A4	1	0
02D1885A	02D1885A	1	0
02D1888E	02D1888E	1	0
02D202D1	02D202D1	1	0
02D22802	02D22802	1	0
02D24048	02D24048	1	0
02D24B13	02D24B13	1	0
02D24FF4	02D24FF4	1	0
02D255D7	02D255D7	1	0
02D28327	02D28327	1	0
02D3128E	02D3128E	1	0
02D312EA	02D312EA	1	0
02D32730	02D32730	1	0
02D3322D	02D3322D	1	0
02D332CA	02D332CA	1	0
02D34BFF	02D34BFF	1	0
02D3DD32	02D3DD32	1	0
02D40198	02D40198	1	0
02D401CF	02D401CF	1	0
02D43196	02D43196	1	0
02D44411	02D44411	1	0
02D4444D	02D4444D	1	0
02D46DDD	02D46DDD	1	0
02D4800C	02D4800C	1	0
02D4AAC6	02D4AAC6	1	0
02D4CC44	02D4CC44	1	0
02D4D434	02D4D434	1	0
02D4D703	02D4D703	1	0
02D4DD20	02D4DD20	1	0
02D4EEE7	02D4EEE7	1	0
02D502D1	02D502D1	1	0
02D50400	02D50400	1	0
02D52579	02D52579	1	0
02D52816	02D52816	1	0
02D5555D	02D5555D	1	0
02D5583F	02D5583F	1	0
02D58F02	02D58F02	1	0
02D5BB46	02D5BB46	1	0
02D5CC5C	02D5CC5C	1	0
02D602CE	02D602CE	1	0
02D602D5	02D602D5	1	0
02D6035A	02D6035A	1	0
02D612E3	02D612E3	1	0
02D653FF	02D653FF	1	0
02D66220	02D66220	1	0
02D67665	02D67665	1	0
02D68E88	02D68E88	1	0
02D6DD66	02D6DD66	1	0
02D70252	02D70252	1	0
02D70500	02D70500	1	0
02D71F02	02D71F02	1	0
02D732D6	02D732D6	1	0
02D74A54	02D74A54	1	0
02D79108	02D79108	1	0
02D7B980	02D7B980	1	0
02D7DD42	02D7DD42	1	0
02D7DE3E	02D7DE3E	1	0
02D80073	02D80073	1	0
02D80399	02D80399	1	0
02D80504	02D80504	1	0
02D80D50	02D80D50	1	0
02D82D25	02D82D25	1	0
02D84676	02D84676	1	0
02D88118	02D88118	1	0
02D8B600	02D8B600	1	0
02D8B70B	02D8B70B	1	0
02D8BA98	02D8BA98	1	0
02D90110	02D90110	1	0
02D92301	02D92301	1	0
02D92F05	02D92F05	1	0
02D94B25	02D94B25	1	0
02D9572E	02D9572E	1	0
02D9779D	02D9779D	1	0
02D97FB0	02D97FB0	1	0
02D99699	02D99699	1	0
02D99932	02D99932	1	0
02D9CC07	02D9CC07	1	0
02D9DA44	02D9DA44	1	0
02DA0200	02DA0200	1	0
02DA1CEE	02DA1CEE	1	0
02DAEE20	02DAEE20	1	0
02DB002A	02DB002A	1	0
02DB01B0	02DB01B0	1	0
02DB02BA	02DB02BA	1	0
02DB1F90	02DB1F90	1	0
02DB2166	02DB2166	1	0
02DB2D00	02DB2D00	1	0
02DB3293	02DB3293	1	0
02DB4079	02DB4079	1	0
02DB6BF9	02DB6BF9	1	0
02DB7602	02DB7602	1	0
02DB883D	02DB883D	1	0
02DB889C	02DB889C	1	0
02DBAB20	02DBAB20	1	0
02DBBBBC	02DBBBBC	1	0
02DBEFFF	02DBEFFF	1	0
02DC028A	02DC028A	1	0
02DC02AA	02DC02AA	1	0
02DC02DB	02DC02DB	1	0
02DC1003	02DC1003	1	0
02DC21DE	02DC21DE	1	0
02DC2249	02DC2249	1	0
02DC404C	02DC404C	1	0
02DC68AB	02DC68AB	1	0
02DC751F	02DC751F	1	0
02DC8300	02DC8300	1	0
02DCAACC	02DCAACC	1	0
02DCACBC	02DCACBC	1	0
02DCBBCB	02DCBBCB	1	0
02DCC667	02DCC667	1	0
02DCCA88	02DCCA88	1	0
02DCCAFF	02DCCAFF	1	0
02DCEEEE	02DCEEEE	1	0
02DD0140	02DD0140	1	0
02DD020C	02DD020C	1	0
02DD0253	02DD0253	1	0
02DD1310	02DD1310	1	0
02DD1D11	02DD1D11	1	0
02DD1E90	02DD1E90	1	0
02DD2253	02DD2253	1	0
02DD22AA	02DD22AA	1	0
02DD22DD	02DD22DD	1	0
02DD2DD3	02DD2DD3	1	0
02DD3F10	02DD3F10	1	0
02DD403A	02DD403A	1	0
02DD40FB	02DD40FB	1	0
02DD4316	02DD4316	1	0
02DD4EDE	02DD4EDE	1	0
02DD5212	02DD5212	1	0
02DD6D06	02DD6D06	1	0
02DD6DDD	02DD6DDD	1	0
02DD7DC7	02DD7DC7	1	0
02DD7DD8	02DD7DD8	1	0
02DD7F01	02DD7F01	1	0
02DD8202	02DD8202	1	0
02DD9304	02DD9304	1	0
02DD9499	02DD9499	1	0
02DD9520	02DD9520	1	0
02DDB402	02DDB402	1	0
02DDB951	02DDB951	1	0
02DDBAAA	02DDBAAA	1	0
02DDBBBB	02DDBBBB	1	0
02DDCCB8	02DDCCB8	1	0
02DDCD99	02DDCD99	1	0
02DDCF14	02DDCF14	1	0
02DDD5D5	02DDD5D5	1	0
02DDD888	02DDD888	1	0
02DDDA81	02DDDA81	1	0
02DDDD0D	02DDDD0D	1	0
02DDDDD6	02DDDDD6	1	0
02DDDDD9	02DDDDD9	1	0
02DDE00E	02DDE00E	1	0
02DDEB09	02DDEB09	1	0
02DDEF02	02DDEF02	1	0
02DDEFFE	02DDEFFE	1	0
02DE0902	02DE0902	1	0
02DE1066	02DE1066	1	0
02DE127E	02DE127E	1	0
02DE1B31	02DE1B31	1	0
02DE2676	02DE2676	1	0
02DE4200	02DE4200	1	0
02DE4F05	02DE4F05	1	0
02DEDCCD	02DEDCCD	1	0
02DEDDEE	02DEDDEE	1	0
02DEED9E	02DEED9E	1	0
02DEEE13	02DEEE13	1	0
02DEEF38	02DEEF38	1	0
02DF0000	02DF0000	1	0
02DF0048	02DF0048	1	0
02DF0082	02DF0082	1	0
02DF0126	02DF0126	1	0
02DF01E0	02DF01E0	1	0
02DF024B	02DF024B	1	0
02DF02DF	02DF02DF	3	0
02DF04BA	02DF04BA	1	0
02DF1018	02DF1018	1	0
02DF105F	02DF105F	1	0
02DF1115	02DF1115	1	0
02DF11FF	02DF11FF	1	0
02DF2203	02DF2203	1	0
02DF2257	02DF2257	1	0
02DF3111	02DF3111	1	0
02DF3750	02DF3750	1	0
02DF45FF	02DF45FF	1	0
02DF5355	02DF5355	1	0
02DF5F91	02DF5F91	1	0
02DF74DF	02DF74DF	1	0
02DF7FD4	02DF7FD4	1	0
02DF9F56	02DF9F56	1	0
02DFC293	02DFC293	1	0
02DFDB06	02DFDB06	1	0
02DFE700	02DFE700	1	0
02DFF065	02DFF065	1	0
02DFFFFF	02DFFFFF	3	0
02E00000	02E00000	1	0
02E000AB	02E000AB	1	0
02E000E3	02E000E3	1	0
02E002C6	02E002C6	1	0
02E00300	02E00300	1	0
02E00728	02E00728	2	0
02E00B03	02E00B03	1	0
02E00FD0	02E00FD0	1	0
02E02452	02E02452	1	0
02E04433	02E04433	1	0
02E04510	02E04510	1	0
02E07012	02E07012	1	0
02E07CBB	02E07CBB	1	0
02E090DF	02E090DF	1	0
02E09B77	02E09B77	1	0
02E0A986	02E0A986	1	0
02E0BBF2	02E0BBF2	1	0
02E0D4D3	02E0D4D3	1	0
02E0D727	02E0D727	1	0
02E0DDEC	02E0DDEC	1	0
02E10447	02E10447	1	0
02E11F42	02E11F42	1	0
02E14C1E	02E14C1E	1	0
02E20203	02E20203	1	0
02E202EC	02E202EC	1	0
02E211E2	02E211E2	1	0
02E23277	02E23277	1	0
02E23A04	02E23A04	1	0
02E24D03	02E24D03	1	0
02E2C512	02E2C512	1	0
02E2DDCD	02E2DDCD	1	0
02E30140	02E30140	1	0
02E310E4	02E310E4	1	0
02E33FEF	02E33FEF	1	0
02E3C90B	02E3C90B	1	0
02E3D3E4	02E3D3E4	1	0
02E3FB01	02E3FB01	1	0
02E40200	02E40200	1	0
02E40300	02E40300	1	0
02E40358	02E40358	1	0
02E40608	02E40608	1	0
02E4164F	02E4164F	1	0
02E44089	02E44089	1	0
02E44C4D	02E44C4D	1	0
02E45611	02E45611	1	0
02E580E4	02E580E4	1	0
02E5E9DD	02E5E9DD	1	0
02E5EEEE	02E5EEEE	1	0
02E60251	02E60251	1	0
02E6026B	02E6026B	1	0
02E602DE	02E602DE	1	0
02E605E7	02E605E7	1	0
02E60E00	02E60E00	1	0
02E66AAA	02E66AAA	1	0
02E6E000	02E6E000	1	0
02E6E6EC	02E6E6EC	1	0
02E6EE9B	02E6EE9B	1	0
02E6F115	02E6F115	1	0
02E7020F	02E7020F	1	0
02E7030F	02E7030F	1	0
02E71563	02E71563	1	0
02E715DD	02E715DD	1	0
02E715DF	02E715DF	1	0
02E748FF	02E748FF	1	0
02E75322	02E75322	1	0
02E77220	02E77220	1	0
02E77E22	02E77E22	1	0
02E7B814	02E7B814	1	0
02E7C9CF	02E7C9CF	1	0
02E7DC03	02E7DC03	1	0
02E802C0	02E802C0	1	0
02E81300	02E81300	1	0
02E82282	02E82282	1	0
02E88410	02E88410	1	0
02E8C000	02E8C000	1	0
02E8E8E7	02E8E8E7	1	0
02E8ED51	02E8ED51	1	0
02E8F4E4	02E8F4E4	1	0
02E8FF88	02E8FF88	1	0
02E9005E	02E9005E	1	0
02E902E8	02E902E8	1	0
02E90310	02E90310	2	0
02E936BB	02E936BB	1	0
02E941EB	02E941EB	1	0
02E95443	02E95443	1	0
02E99834	02E99834	1	0
02E9992E	02E9992E	1	0
02E9AE00	02E9AE00	1	0
02E9C305	02E9C305	1	0
02E9EF37	02E9EF37	1	0
02EA0039	02EA0039	1	0
02EA016F	02EA016F	1	0
02EA02E9	02EA02E9	2	0
02EA1FC0	02EA1FC0	1	0
02EA2100	02EA2100	1	0
02EA50AA	02EA50AA	1	0
02EAA109	02EAA109	1	0
02EAAAAA	02EAAAAA	1	0
02EAE1EF	02EAE1EF	1	0
02EAFB10	02EAFB10	1	0
02EB0200	02EB0200	1	0
02EB02EA	02EB02EA	1	0
02EB03FB	02EB03FB	1	0
02EB0A7F	02EB0A7F	1	0
02EB1074	02EB1074	1	0
02EB12EA	02EB12EA	1	0
02EB3026	02EB3026	1	0
02EB3132	02EB3132	1	0
02EB313D	02EB313D	1	0
02EB318B	02EB318B	1	0
02EB3388	02EB3388	1	0
02EB55EE	02EB55EE	1	0
02EB666B	02EB666B	1	0
02EB70F4	02EB70F4	1	0
02EC0000	02EC0000	1	0
02EC0033	02EC0033	1	0
02EC00EE	02EC00EE	1	0
02EC02EB	02EC02EB	1	0
02EC0300	02EC0300	1	0
02ECCCC2	02ECCCC2	1	0
02ECCE33	02ECCE33	1	0
02ECDCE6	02ECDCE6	1	0
02ECEE20	02ECEE20	1	0
02ED0200	02ED0200	1	0
02ED02EC	02ED02EC	1	0
02ED0C00	02ED0C00	1	0
02ED8B4F	02ED8B4F	1	0
02ED9403	02ED9403	1	0
02ED949F	02ED949F	1	0
02ED9509	02ED9509	1	0
02EDA111	02EDA111	1	0
02EDAA03	02EDAA03	1	0
02EDD70E	02EDD70E	1	0
02EDDCCB	02EDDCCB	1	0
02EDDCEE	02EDDCEE	1	0
02EDDD1D	02EDDD1D	1	0
02EDDD99	02EDDD99	1	0
02EDDDEE	02EDDDEE	1	0
02EDEA02	02EDEA02	1	0
02EDFA00	02EDFA00	1	0
02EE0038	02EE0038	1	0
02EE0101	02EE0101	1	0
02EE0155	02EE0155	1	0
02EE0275	02EE0275	2	0
02EE0435	02EE0435	1	0
02EE0D00	02EE0D00	1	0
02EE1700	02EE1700	1	0
02EE1FFB	02EE1FFB	1	0
02EE411E	02EE411E	1	0
02EE42AA	02EE42AA	1	0
02EE4801	02EE4801	1	0
02EE5610	02EE5610	1	0
02EE5AFC	02EE5AFC	1	0
02EE5F03	02EE5F03	1	0
02EE5F50	02EE5F50	1	0
02EE667C	02EE667C	1	0
02EE6DEC	02EE6DEC	1	0
02EE8100	02EE8100	1	0
02EE82EE	02EE82EE	1	0
02EE9102	02EE9102	1	0
02EE9982	02EE9982	1	0
02EEA2DA	02EEA2DA	1	0
02EEB757	02EEB757	1	0
02EEBBB9	02EEBBB9	1	0
02EEDDD7	02EEDDD7	1	0
02EEDE2A	02EEDE2A	1	0
02EEDECD	02EEDECD	1	0
02EEE377	02EEE377	1	0
02EEE400	02EEE400	1	0
02EEE500	02EEE500	1	0
02EEE66D	02EEE66D	1	0
02EEECCB	02EEECCB	1	0
02EEEE2F	02EEEE2F	1	0
02EEEE7D	02EEEE7D	1	0
02EEEEC9	02EEEEC9	1	0
02EEEEE1	02EEEEE1	1	0
02EEFFFE	02EEFFFE	1	0
02EF00DB	02EF00DB	1	0
02EF00F4	02EF00F4	1	0
02EF01FC	02EF01FC	1	0
02EF0202	02EF0202	1	0
02EF02EE	02EF02EE	1	0
02EF02FD	02EF02FD	1	0
02EF0C14	02EF0C14	1	0
02EF0F10	02EF0F10	1	0
02EF1117	02EF1117	1	0
02EF12E2	02EF12E2	1	0
02EF1404	02EF1404	1	0
02EF21EE	02EF21EE	1	0
02EF220F	02EF220F	1	0
02EF2369	02EF2369	1	0
02EF49D1	02EF49D1	1	0
02EF5C02	02EF5C02	1	0
02EF661F	02EF661F	1	0
02EF7B10	02EF7B10	1	0
02EFB301	02EFB301	1	0
02EFCA12	02EFCA12	1	0
02EFCCAB	02EFCCAB	1	0
02EFDA01	02EFDA01	1	0
02EFF6FD	02EFF6FD	1	0
02EFFF99	02EFFF99	1	0
02EFFFED	02EFFFED	1	0
02F00002	02F00002	1	0
02F000EF	02F000EF	1	0
02F0026B	02F0026B	1	0
02F002F0	02F002F0	16	0
02F00340	02F00340	1	0
02F010F4	02F010F4	1	0
02F02321	02F02321	3	0
02F031F0	02F031F0	1	0
02F03673	02F03673	1	0
02F04614	02F04614	1	0
02F04F12	02F04F12	1	0
02F06B62	02F06B62	1	0
02F06EEF	02F06EEF	1	0
02F0744A	02F0744A	1	0
02F07FF3	02F07FF3	1	0
02F09DF0	02F09DF0	1	0
02F0DEF0	02F0DEF0	1	0
02F0FF02	02F0FF02	1	0
02F0FF5F	02F0FF5F	1	0
02F0FF70	02F0FF70	1	0
02F10015	02F10015	1	0
02F1039B	02F1039B	1	0
02F11114	02F11114	1	0
02F1114B	02F1114B	1	0
02F11153	02F11153	1	0
02F11188	02F11188	1	0
02F12888	02F12888	1	0
02F14FC1	02F14FC1	1	0
02F17400	02F17400	1	0
02F1B522	02F1B522	1	0
02F202F1	02F202F1	2	0
02F21567	02F21567	1	0
02F25588	02F25588	1	0
02F255C2	02F255C2	1	0
02F27797	02F27797	1	0
02F302F0	02F302F0	1	0
02F30565	02F30565	1	0
02F30602	02F30602	1	0
02F31F22	02F31F22	1	0
02F33271	02F33271	1	0
02F36373	02F36373	1	0
02F3E622	02F3E622	1	0
02F3FFAD	02F3FFAD	1	0
02F40002	02F40002	1	0
02F4024B	02F4024B	1	0
02F40304	02F40304	1	0
02F40336	02F40336	1	0
02F43402	02F43402	1	0
02F44233	02F44233	1	0
02F4481F	02F4481F	1	0
02F44DE5	02F44DE5	1	0
02F46103	02F46103	1	0
02F48599	02F48599	1	0
02F4A01B	02F4A01B	1	0
02F4A906	02F4A906	1	0
02F52EC8	02F52EC8	1	0
02F53CFC	02F53CFC	1	0
02F55457	02F55457	1	0
02F55522	02F55522	1	0
02F55829	02F55829	1	0
02F55901	02F55901	1	0
02F55B99	02F55B99	1	0
02F57177	02F57177	1	0
02F587F3	02F587F3	1	0
02F5AEF0	02F5AEF0	1	0
02F60000	02F60000	1	0
02F6027B	02F6027B	2	0
02F602C0	02F602C0	1	0
02F602EE	02F602EE	1	0
02F61F22	02F61F22	1	0
02F65F40	02F65F40	1	0
02F6E801	02F6E801	1	0
02F70217	02F70217	1	0
02F7111C	02F7111C	1	0
02F712B0	02F712B0	1	0
02F71F0D	02F71F0D	1	0
02F75505	02F75505	1	0
02F7567F	02F7567F	1	0
02F75FFF	02F75FFF	2	0
02F7641C	02F7641C	1	0
02F76F5A	02F76F5A	1	0
02F7771A	02F7771A	1	0
02F77725	02F77725	1	0
02F77F39	02F77F39	1	0
02F78313	02F78313	1	0
02F80097	02F80097	1	0
02F80208	02F80208	1	0
02F802D4	02F802D4	1	0
02F802DE	02F802DE	1	0
02F802F7	02F802F7	2	0
02F80B63	02F80B63	1	0
02F80F10	02F80F10	1	0
02F81135	02F81135	1	0
02F86B22	02F86B22	1	0
02F87117	02F87117	1	0
02F8F71D	02F8F71D	1	0
02F8F865	02F8F865	1	0
02F8FFFB	02F8FFFB	2	0
02F90044	02F90044	1	0
02F90310	02F90310	1	0
02F9044F	02F9044F	1	0
02F92602	02F92602	1	0
02F957F3	02F957F3	1	0
02F99955	02F99955	1	0
02FA01F9	02FA01F9	1	0
02FA0300	02FA0300	1	0
02FA0310	02FA0310	1	0
02FA038E	02FA038E	1	0
02FA3522	02FA3522	1	0
02FA4444	02FA4444	1	0
02FA63F6	02FA63F6	1	0
02FA992A	02FA992A	1	0
02FACD17	02FACD17	1	0
02FADE8A	02FADE8A	1	0
02FAF92E	02FAF92E	1	0
02FB021F	02FB021F	1	0
02FB1086	02FB1086	1	0
02FB11EF	02FB11EF	1	0
02FB20EF	02FB20EF	1	0
02FB4303	02FB4303	1	0
02FB4422	02FB4422	1	0
02FB51BF	02FB51BF	1	0
02FB8F01	02FB8F01	1	0
02FBB33B	02FBB33B	1	0
02FBB555	02FBB555	1	0
02FBC202	02FBC202	1	0
02FBEEEA	02FBEEEA	1	0
02FC0084	02FC0084	1	0
02FC014E	02FC014E	1	0
02FC1F12	02FC1F12	1	0
02FC3213	02FC3213	1	0
02FC3406	02FC3406	1	0
02FC8402	02FC8402	1	0
02FC8BBA	02FC8BBA	1	0
02FC9362	02FC9362	1	0
02FCEF11	02FCEF11	1	0
02FCF305	02FCF305	1	0
02FD0089	02FD0089	1	0
02FD0300	02FD0300	1	0
02FD0C22	02FD0C22	1	0
02FD2525	02FD2525	1	0
02FD4DC0	02FD4DC0	1	0
02FD52FC	02FD52FC	1	0
02FD6B6B	02FD6B6B	1	0
02FD8C07	02FD8C07	1	0
02FDC7DC	02FDC7DC	1	0
02FDDDD0	02FDDDD0	1	0
02FDDF11	02FDDF11	1	0
02FE1F08	02FE1F08	1	0
02FE3F02	02FE3F02	1	0
02FE40FE	02FE40FE	1	0
02FE7F89	02FE7F89	1	0
02FE8796	02FE8796	1	0
02FE8816	02FE8816	1	0
02FE999A	02FE999A	1	0
02FEA3A6	02FEA3A6	1	0
02FEDFF0	02FEDFF0	1	0
02FEE011	02FEE011	1	0
02FEE302	02FEE302	1	0
02FEEEED	02FEEEED	1	0
02FEFEC7	02FEFEC7	1	0
02FF0003	02FF0003	2	0
02FF0009	02FF0009	1	0
02FF001C	02FF001C	3	0
02FF003F	02FF003F	1	0
02FF0101	02FF0101	1	0
02FF012E	02FF012E	2	0
02FF0200	02FF0200	3	0
02FF0201	02FF0201	11	0
02FF0234	02FF0234	1	0
02FF02C0	02FF02C0	1	0
02FF0320	02FF0320	1	0
02FF0334	02FF0334	1	0
02FF0374	02FF0374	1	0
02FF0397	02FF0397	1	0
02FF0590	02FF0590	1	0
02FF06B0	02FF06B0	1	0
02FF0734	02FF0734	1	0
02FF0735	02FF0735	1	0
02FF0B03	02FF0B03	1	0
02FF0B0F	02FF0B0F	1	0
02FF0F44	02FF0F44	1	0
02FF112E	02FF112E	2	0
02FF115F	02FF115F	1	0
02FF1199	02FF1199	1	0
02FF11F6	02FF11F6	1	0
02FF1831	02FF1831	1	0
02FF200A	02FF200A	1	0
02FF20E0	02FF20E0	1	0
02FF2111	02FF2111	1	0
02FF2326	02FF2326	1	0
02FF2380	02FF2380	1	0
02FF27BF	02FF27BF	1	0
02FF31EC	02FF31EC	1	0
02FF3201	02FF3201	1	0
02FF3252	02FF3252	1	0
02FF38DE	02FF38DE	1	0
02FF406F	02FF406F	1	0
02FF40FF	02FF40FF	1	0
02FF41D3	02FF41D3	1	0
02FF4444	02FF4444	1	0
02FF44F6	02FF44F6	1	0
02FF50EF	02FF50EF	1	0
02FF5120	02FF5120	1	0
02FF5774	02FF5774	1	0
02FF5F01	02FF5F01	1	0
02FF6303	02FF6303	1	0
02FF6701	02FF6701	1	0
02FF6B7C	02FF6B7C	1	0
02FF7107	02FF7107	1	0
02FF7200	02FF7200	1	0
02FF7890	02FF7890	1	0
02FF830B	02FF830B	1	0
02FF8700	02FF8700	1	0
02FF88DF	02FF88DF	1	0
02FF8CA9	02FF8CA9	1	0
02FF9968	02FF9968	1	0
02FF99EE	02FF99EE	1	0
02FF9D03	02FF9D03	1	0
02FFA113	02FFA113	1	0
02FFA4BB	02FFA4BB	1	0
02FFAFF4	02FFAFF4	1	0
02FFB375	02FFB375	1	0
02FFB730	02FFB730	1	0
02FFB902	02FFB902	1	0
02FFBB10	02FFBB10	1	0
02FFBC67	02FFBC67	1	0
02FFCDE0	02FFCDE0	1	0
02FFD1EE	02FFD1EE	1	0
02FFDA76	02FFDA76	1	0
02FFE710	02FFE710	1	0
02FFEDFF	02FFEDFF	1	0
02FFF067	02FFF067	1	0
02FFF579	02FFF579	1	0
02FFF622	02FFF622	1	0
02FFF66C	02FFF66C	1	0
02FFF6F3	02FFF6F3	1	0
02FFFB31	02FFFB31	1	0
02FFFCFC	02FFFCFC	1	0
02FFFD03	02FFFD03	1	0
02FFFD3F	02FFFD3F	1	0
02FFFF1D	02FFFF1D	1	0
02FFFF25	02FFFF25	1	0
02FFFFD7	02FFFFD7	1	0
02FFFFF2	02FFFFF2	1	0
02FFFFFD	02FFFFFD	1	0
02FFFFFF	02FFFFFF	1	0
03000000	03000000	7	0
03000001	03000001	1	0
03000002	03000002	5	0
03000008	03000008	3	0
03000009	03000009	2	0
0300000B	0300000B	2	0
0300000C	0203E88A	1	0
0300000D	0300000C	3	0
0300000E	0300000D	1	0
03000010	0300000E	1	0
03000011	03000011	1	0
03000013	03000013	1	0
03000014	03000010	1	0
03000017	03000017	1	0
03000018	03000014	1	0
03000019	03000015	1	1
0300001A	0203E88A	1	0
03000020	03000018	1	0
03000030	03000028	1	0
03000044	0300003C	1	0
03000062	03000062	1	0
03000082	03000082	1	0
030000D0	030000D0	1	0
03000100	03000100	1	0
03000101	03000101	1	0
03000103	03000103	1	0
03000107	03000107	1	0
03000108	03000100	2	0
0300010B	0300010B	1	0
0300010C	0300010C	1	0
0300011F	0300011F	2	0
03000127	03000127	1	0
03000146	03000146	1	0
0300014C	0300014C	3	0
0300014D	0300014D	1	0
03000153	03000153	1	0
0300015C	0300015C	1	0
03000169	03000169	1	0
0300016C	0300016C	1	0
0300017F	0300017F	1	0
03000183	03000183	1	0
03000187	03000187	1	0
03000188	03000188	1	0
0300018A	0300018A	1	0
030001C9	030001C9	1	0
030001CC	030001CC	1	0
030001F0	030001F0	2	0
03000200	03000200	82	0
03000201	03000201	5	0
03000203	03000203	1	0
03000207	03000207	1	0
03000210	03000210	1	0
03000211	03000211	1	0
03000227	03000227	1	0
0300023F	0300023F	1	0
03000249	03000249	1	0
03000250	03000250	1	0
03000255	03000255	1	0
0300025F	0300025F	1	0
03000289	03000289	1	0
03000292	03000292	1	0
03000293	03000293	3	0
030002AA	030002AA	1	0
030002BB	030002BB	1	0
030002D2	030002D2	1	0
03000300	03000300	10	0
03000301	03000301	1	0
03000303	03000303	9	0
03000309	03000309	1	0
03000311	03000311	1	0
03000312	03000312	1	0
03000313	03000313	1	0
0300031B	0300031B	1	0
03000323	03000323	1	0
03000327	03000327	1	0
03000350	03000350	1	0
03000351	03000351	1	0
03000353	03000353	1	0
03000383	03000383	2	0
03000386	03000386	1	0
030003F0	030003F0	2	0
030003FF	030003FF	1	0
03000400	03000400	3	0
03000401	03000401	4	0
03000410	03000410	1	0
03000430	03000430	1	0
03000438	03000430	2	0
0300044C	0300044C	1	0
03000455	03000455	1	0
03000475	03000475	1	0
0300049C	0300049C	1	0
030004B8	030004B0	10	0
030004BB	030004BB	1	0
030004F0	030004E8	4	0
03000500	03000500	1	0
03000501	03000501	1	0
03000502	03000502	1	0
03000503	03000503	1	0
03000522	03000522	1	0
03000541	03000541	1	0
03000549	03000549	1	0
03000560	03000560	1	0
03000566	03000566	1	0
0300057F	0300057F	1	0
0300058F	0300058F	1	0
030005E3	030005E3	1	0
030005F0	030005F0	1	0
03000600	03000600	8	0
03000601	03000601	5	0
03000603	03000603	3	0
03000610	03000610	1	0
0300061B	0300061B	1	0
03000623	03000623	1	0
03000640	03000640	1	0
03000650	03000650	1	0
03000658	03000658	2	0
03000668	03000668	1	0
03000683	03000683	1	0
030006DD	030006DD	1	0
03000700	03000700	11	0
03000701	03000701	2	0
03000707	03000707	1	0
03000710	03000710	6	0
03000712	03000712	2	0
0300071C	0300071C	1	0
03000740	03000740	2	0
03000755	03000755	1	0
03000766	03000766	1	0
03000800	03000800	7	0
03000803	03000803	2	0
03000804	03000804	1	0
03000808	03000800	1	0
0300081B	0300081B	1	0
03000850	03000850	4	0
03000900	03000900	1	0
03000903	03000903	1	0
03000906	03000906	1	0
03000910	03000910	1	0
03000995	03000995	1	0
030009E3	030009E3	1	0
03000A00	03000A00	3	0
03000A03	03000A03	1	0
03000A0F	03000A0F	1	0
03000A12	03000A12	1	0
03000A4C	03000A4C	1	0
03000A59	03000A59	2	0
03000B00	03000B00	4	0
03000B01	03000B01	4	0
03000B03	03000B03	1	0
03000B05	03000B05	8	0
03000B1B	03000B1B	1	0
03000B43	03000B43	1	0
03000C00	03000C00	1	0
03000C01	03000C01	1	0
03000C02	03000C02	2	0
03000C03	03000C03	2	0
03000C10	03000C10	1	0
03000C11	03000C11	1	0
03000C1B	03000C1B	1	0
03000C20	03000C20	1	0
03000CA3	03000CA3	1	0
03000D00	03000D00	2	0
03000D01	03000D01	1	0
03000D03	03000D03	2	0
03000D52	03000D52	1	0
03000E00	03000E00	2	0
03000E01	03000E01	4	0
03000E02	03000E02	2	0
03000E03	03000E03	1	0
03000E04	03000E04	1	0
03000E1B	03000E1B	1	0
03000E1F	03000E1F	1	0
03000E20	03000E20	1	0
03000E40	03000E40	1	0
03000E7F	03000E7F	1	0
03000EE1	03000EE1	1	0
03000F00	03000F00	5	0
03000F01	03000F01	5	0
03000F12	03000F12	1	0
03000F14	03000F14	1	0
03000F15	03000F15	1	0
03000F3C	03000F3C	1	0
03000F3F	03000F3F	2	0
03000FBC	03000FBC	1	0
03000FF0	03000FF0	2	0
03000FFE	03000FFE	1	0
03001000	03001000	4	0
03001001	03001001	1	0
03001002	03001002	1	0
03001003	03001003	1	0
03001004	03001004	1	0
03001010	03001010	1	0
03001012	03001012	1	0
03001055	03001055	1	0
030010C3	030010C3	1	0
03001100	03001100	2	0
03001101	03001101	3	0
03001102	03001102	1	0
03001103	03001103	2	0
03001111	03001111	1	0
03001112	03001112	1	0
03001122	03001122	1	0
03001123	03001123	1	0
03001125	03001125	1	0
03001127	03001127	1	0
03001144	03001144	1	0
03001151	03001151	1	0
0300118A	0300118A	1	0
030011FA	030011FA	1	0
03001200	03001200	1	0
03001201	03001201	2	0
03001202	03001202	1	0
03001203	03001203	3	0
03001204	03001204	1	0
03001206	03001206	1	0
03001208	03001208	1	0
03001211	03001211	2	0
03001221	03001221	1	0
0300122F	0300122F	1	0
03001234	03001234	1	0
03001250	03001250	1	0
03001254	03001254	1	0
03001255	03001255	1	0
03001265	03001265	1	0
03001266	03001266	1	0
0300126A	0300126A	1	0
03001279	03001279	1	0
030012F7	030012F7	1	0
030012FF	030012FF	2	0
03001300	03001300	1	0
03001303	03001303	2	0
03001305	03001305	1	0
0300130A	0300130A	1	0
03001311	03001311	4	0
03001316	03001316	1	0
03001318	03001318	1	0
03001322	03001322	2	0
03001323	03001323	1	0
0300132C	0300132C	1	0
03001334	03001334	2	0
0300134F	0300134F	1	0
0300135E	0300135E	1	0
03001360	03001360	1	0
03001391	03001391	1	0
030013F0	030013F0	1	0
03001401	03001401	1	0
03001403	03001403	5	0
03001406	03001406	1	0
03001416	03001416	1	0
0300142B	0300142B	1	0
0300142C	0300142C	1	0
03001437	03001437	1	0
0300145F	0300145F	2	0
03001466	03001466	1	0
030014A9	030014A9	1	0
030014E3	030014E3	1	0
030014F1	030014F1	1	0
030014FF	030014FF	1	0
03001500	03001500	1	0
03001501	03001501	1	0
03001503	03001503	2	0
03001506	03001506	1	0
03001550	03001550	1	0
03001561	03001561	1	0
0300156A	0300156A	1	0
030015FD	030015FD	1	0
03001600	03001600	3	0
03001603	03001603	5	0
03001604	03001604	1	0
03001608	03001608	1	0
0300160F	0300160F	1	0
03001617	03001617	2	0
03001619	03001619	1	0
03001625	03001625	1	0
03001645	03001645	1	0
0300167F	0300167F	1	0
03001696	03001696	1	0
030016A7	030016A7	1	0
030016C6	030016C6	1	0
030016FF	030016FF	1	0
03001701	03001701	1	0
03001707	03001707	1	0
03001711	03001711	1	0
03001716	03001716	1	0
03001722	03001722	1	0
03001724	03001724	1	0
030017A0	03001798	10	0
030017AC	030017A4	2	0
030017C8	030017C0	7	0
030017CC	030017C4	6	0
030017D0	030017C8	6	0
030017D8	030017D0	6	0
030017E0	030017D8	6	0
030017E4	030017DC	4	0
030017F0	030017E8	7	0
030017F2	030017EA	8	0
030017F8	030017F0	6	0
03001800	030017F8	6	3
03001803	03001803	1	0
03001808	03001800	2	0
0300180C	03001804	3	0
03001810	03001808	1	1
03001818	03001810	3	0
03001834	0300182C	1	0
03001840	03001838	2	1
03001864	03001864	1	0
03001870	03001868	3	0
03001887	03001887	1	0
0300189A	0300189A	1	0
030018E0	030018E0	1	0
030018F0	030018E8	1	0
030018F8	030018F0	1	0
030018FC	030018F4	1	0
03001900	030018F8	5	2
03001901	03001901	1	0
03001903	03001903	1	0
03001908	03001908	1	0
03001945	03001945	1	0
030019D2	030019D2	1	0
03001A03	03001A03	1	0
03001A30	03001A28	1	0
03001A34	03001A2C	1	0
03001B03	03001B03	2	0
03001B10	03001B10	1	0
03001B12	03001B12	2	0
03001B13	03001B13	1	0
03001B14	03001B14	1	0
03001B40	03001B40	1	0
03001C00	03001C00	1	0
03001C34	03001C2C	2	0
03001C35	03001C2D	2	0
03001C36	03001C2E	1	0
03001C79	03001C79	1	0
03001C7C	03001C74	2	0
03001C80	03001C78	1	0
03001CCA	03001CCA	1	0
03001CCC	03001CCC	1	0
03001CE8	03001CE0	1	0
03001D00	03001D00	3	0
03001D03	03001D03	2	0
03001D17	03001D17	1	0
03001D23	03001D23	1	0
03001D40	03001D40	1	0
03001DBB	03001DBB	1	0
03001DD1	03001DD1	1	0
03001E00	03001E00	4	0
03001E01	03001E01	3	0
03001E02	03001E02	1	0
03001E0B	03001E0B	1	0
03001E59	03001E59	1	0
03001E67	03001E67	1	0
03001E78	03001E78	1	0
03001F00	03001F00	1	0
03001F01	03001F01	2	0
03001F02	03001F02	1	0
03001F03	03001F03	1	0
03001F1F	03001F1F	1	0
03001F20	03001F20	1	0
03001F3C	03001F3C	1	0
03001FC3	03001FC3	1	0
03002000	03002000	1	0
03002001	03002001	3	0
03002003	03002003	3	0
03002006	03002006	1	0
03002042	03002042	1	0
0300205E	0300205E	1	0
03002080	03002080	1	0
03002100	03002100	1	0
03002101	03002101	2	0
03002103	03002103	3	0
03002107	03002107	2	0
03002110	03002110	1	0
03002111	03002111	2	0
0300214E	0300214E	1	0
03002157	03002157	1	0
03002160	03002160	1	0
03002163	03002163	1	0
0300216E	0300216E	1	0
030021FA	030021FA	1	0
03002200	03002200	2	0
03002201	03002201	2	0
03002202	03002202	1	0
03002206	03002206	1	0
03002208	03002208	1	0
0300222D	0300222D	1	0
0300222E	0300222E	1	0
03002233	03002233	1	0
03002234	03002234	1	0
03002237	03002237	1	0
0300223F	0300223F	1	0
03002242	03002242	1	0
03002245	03002245	1	0
03002253	03002253	1	0
0300225C	0300225C	1	0
0300225F	0300225F	1	0
03002261	03002261	1	0
03002263	03002263	1	0
03002288	03002288	1	0
030022BC	030022BC	1	0
030022DF	030022DF	1	0
030022E3	030022E3	1	0
030022FE	030022FE	1	0
03002300	03002300	1	0
03002301	03002301	2	0
03002303	03002303	3	0
03002307	03002307	1	0
03002310	03002310	1	0
03002312	03002312	1	0
03002320	03002320	1	0
03002322	03002322	1	0
03002340	03002340	2	0
03002343	03002343	1	0
03002348	03002348	1	0
03002356	03002356	1	0
03002378	03002378	1	0
03002388	03002388	2	0
03002397	03002397	1	0
030023E0	030023E0	1	0
030023F3	030023F3	1	0
03002400	03002400	1	0
03002403	03002403	1	0
03002406	03002406	1	0
03002410	03002410	1	0
03002412	03002412	1	0
03002417	03002417	1	0
03002452	03002452	1	0
03002454	03002454	1	0
03002456	03002456	1	0
0300245D	0300245D	1	0
030024A4	030024A4	1	0
030024E0	030024E0	2	0
030024E3	030024E3	1	0
030024ED	030024ED	1	0
030024F4	030024F4	1	0
03002501	03002501	1	0
03002503	03002503	3	0
03002508	03002508	1	0
03002522	03002522	1	0
03002527	03002527	1	0
0300253D	0300253D	1	0
03002555	03002555	1	0
03002556	03002556	1	0
03002560	03002560	1	0
030025CB	030025CB	1	0
030025D8	030025D8	1	0
030025FB	030025FB	1	0
03002600	03002600	6	0
03002603	03002603	4	0
03002611	03002611	1	0
03002613	03002613	1	0
03002640	03002640	2	0
03002642	03002642	1	0
03002666	03002666	2	0
03002700	03002700	3	0
03002703	03002703	2	0
03002713	03002713	1	0
0300271C	0300271C	1	0
03002733	03002733	1	0
0300273B	0300273B	1	0
03002750	03002750	1	0
0300275E	0300275E	1	0
030027A9	030027A9	1	0
030027DD	030027DD	1	0
030027F3	030027F3	1	0
03002800	03002800	1	0
03002801	03002801	1	0
03002803	03002803	2	0
0300280D	0300280D	1	0
03002813	03002813	1	0
03002852	03002852	1	0
03002854	03002854	1	0
03002862	03002862	1	0
03002902	03002902	1	0
03002903	03002903	1	0
030029B7	030029B7	1	0
03002A01	03002A01	2	0
03002A02	03002A02	1	0
03002A03	03002A03	4	0
03002A40	03002A40	1	0
03002A68	03002A10	1	0
03002A69	03002A11	1	0
03002B00	03002B00	1	0
03002B01	03002B01	1	0
03002B08	03002B08	5	1
03002B09	03002AB1	1	0
03002B20	03002B20	1	0
03002B22	03002B22	1	0
03002B87	03002B87	1	0
03002B88	03002B30	1	1
03002B8C	03002B34	2	0
03002B90	03002B38	2	0
03002B94	03002B3C	2	0
03002B98	03002B40	6	0
03002B99	03002B99	1	0
03002BC4	03002BC4	1	0
03002C03	03002C03	2	0
03002C38	03002BE0	2	0
03002C40	03002C40	2	0
03002C50	03002BF8	2	0
03002C5E	03002C5E	1	0
03002C5F	03002C5F	1	0
03002C60	03002C08	1	0
03002C61	03002C09	1	0
03002C94	03002C94	1	0
03002CC7	03002CC7	1	0
03002CDD	03002CDD	1	0
03002D00	03002D00	1	0
03002D01	03002D01	1	0
03002D03	03002D03	1	0
03002D06	03002D06	1	0
03002D10	03002D10	1	0
03002D11	03002D11	1	0
03002D2D	03002D2D	1	0
03002DAF	03002DAF	1	0
03002E03	03002E03	2	0
03002E0A	03002E0A	1	0
03002E10	03002E10	1	0
03002E43	03002E43	1	0
03002E79	03002E79	1	0
03002EC3	03002EC3	1	0
03002EEE	03002EEE	1	0
03002F00	03002F00	1	0
03002F01	03002F01	1	0
03002F02	03002F02	1	0
03002F03	03002F03	1	0
03002F06	03002F06	1	0
03002F10	03002F10	1	0
03002F20	03002F20	2	0
03002F22	03002F22	2	0
03002F70	03002F70	1	0
03002F83	03002F83	1	0
03003000	03003000	1	0
03003001	03003001	7	0
03003003	03003003	6	0
03003033	03003033	1	0
03003054	03003054	1	0
03003080	03003020	49	0
0300308C	0300302C	1	0
03003090	03003030	1	0
03003094	03003034	1	0
03003098	03003038	1	0
030030BC	0300305C	4	0
030030C8	03003068	2	0
030030CA	030030CA	1	0
03003100	03003100	1	0
03003103	03003103	10	0
0300310A	0300310A	1	0
03003111	03003111	2	0
0300312C	030030CC	1	0
03003134	030030D4	1	0
03003140	030030E0	1	0
0300314F	0300314F	1	0
03003150	03003150	1	0
03003151	03003151	1	0
03003177	03003177	1	0
03003200	03003200	1	0
03003201	03003201	2	0
03003202	03003202	2	0
03003203	03003203	8	0
03003204	03003204	1	0
03003211	03003211	3	0
03003219	03003219	1	0
03003221	03003221	1	0
03003223	03003223	2	0
03003224	03003224	1	0
03003233	03003233	1	0
03003234	03003234	1	0
03003240	030031E0	1	0
03003241	03003241	1	0
03003242	03003242	1	0
03003243	03003243	1	0
0300324E	0300324E	1	0
03003252	03003252	1	0
03003255	03003255	1	0
03003258	03003258	1	0
0300325C	0300325C	1	0
03003276	03003276	1	0
030032C3	030032C3	1	0
030032F6	030032F6	1	0
03003300	03003300	2	0
03003301	03003301	1	0
03003303	03003303	4	0
03003319	03003319	1	0
03003322	03003322	2	0
0300332F	0300332F	1	0
03003330	03003330	2	0
03003331	03003331	1	0
03003332	03003332	2	0
03003333	03003333	1	0
03003337	03003337	1	0
0300333E	0300333E	1	0
03003344	03003344	1	0
03003346	03003346	1	0
03003350	03003350	2	0
03003355	03003355	2	0
03003359	03003359	1	0
03003365	03003365	2	0
03003366	03003366	1	0
03003368	03003368	1	0
0300336A	0300336A	1	0
0300336D	0300336D	1	0
0300336F	0300336F	1	0
0300337D	0300337D	1	0
03003392	03003392	1	0
030033A6	030033A6	1	0
030033BA	030033BA	1	0
030033CC	030033CC	2	0
030033F0	030033F0	1	0
030033F1	030033F1	1	0
03003400	03003400	1	0
03003401	03003401	1	0
03003403	03003403	1	0
03003407	03003407	1	0
03003408	03003408	1	0
0300340B	0300340B	2	0
03003412	03003412	2	0
03003417	03003417	1	0
0300341F	0300341F	1	0
03003424	03003424	1	0
03003433	03003433	1	0
03003434	03003434	1	0
03003440	03003440	1	0
03003450	03003450	1	0
03003452	03003452	1	0
03003455	03003455	1	0
0300345E	0300345E	1	0
030034E2	030034E2	1	0
030034EE	030034EE	1	0
030034FF	030034FF	1	0
03003500	03003500	2	0
03003503	03003503	2	0
03003504	03003504	1	0
03003507	03003507	1	0
0300350A	0300350A	1	0
03003511	03003511	2	0
03003540	030034E0	1	1
03003559	03003559	1	0
03003566	03003566	1	0
03003601	03003601	1	0
03003603	03003603	3	0
03003627	03003627	1	0
03003629	03003629	1	0
03003654	03003654	1	0
0300365F	0300365F	1	0
03003666	03003666	1	0
03003683	03003683	1	0
03003700	03003700	2	0
03003703	03003703	2	0
03003704	03003704	1	0
03003711	03003711	1	0
03003744	030036E4	2	0
03003748	030036E8	1	0
0300375F	0300375F	1	0
03003768	03003768	1	0
03003774	03003774	1	0
03003775	03003775	1	0
030037B9	030037B9	1	0
03003802	03003802	1	0
03003803	03003803	1	0
03003820	03003820	1	0
03003840	03003840	1	0
0300386A	0300386A	1	0
0300387D	0300387D	1	0
03003883	03003883	1	0
03003888	03003888	1	0
030038AA	030038AA	1	0
03003900	03003900	1	0
03003901	03003901	1	0
03003903	03003903	1	0
03003936	03003936	1	0
0300393A	0300393A	1	0
03003950	03003950	1	0
030039F9	030039F9	1	0
030039FF	030039FF	1	0
03003A01	03003A01	1	0
03003A0F	03003A0F	1	0
03003A10	03003A10	1	0
03003A11	03003A11	1	0
03003A48	03003A48	1	0
03003A54	03003A54	1	0
03003A5D	03003A5D	1	0
03003AA7	03003AA7	1	0
03003AAA	03003AAA	2	0
03003ABC	03003ABC	1	0
03003AC7	03003AC7	1	0
03003B11	03003B11	1	0
03003B40	03003B40	1	0
03003B77	03003B77	1	0
03003BBB	03003BBB	1	0
03003BFD	03003BFD	1	0
03003C03	03003C03	2	0
03003C0C	03003C0C	1	0
03003C30	03003C30	4	0
03003C3B	03003C3B	1	0
03003C3C	03003C3C	1	0
03003C60	03003C60	1	0
03003C95	03003C95	1	0
03003D01	03003D01	1	0
03003D0E	03003D0E	1	0
03003D33	03003D33	1	0
03003D60	03003D60	2	0
03003D87	03003D87	1	0
03003DB9	03003DB9	1	0
03003DD3	03003DD3	1	0
03003DFF	03003DFF	1	0
03003E03	03003E03	4	0
03003E40	03003E40	1	0
03003E4F	03003E4F	1	0
03003E52	03003E52	1	0
03003E55	03003E55	1	0
03003EEE	03003EEE	1	0
03003F01	03003F01	2	0
03003F03	03003F03	1	0
03003F0E	03003F0E	1	0
03003F0F	03003F0F	6	0
03003F10	03003F10	1	0
03003F11	03003F11	1	0
03003F17	03003F17	1	0
03003F18	03003F18	1	0
03003F24	03003F24	1	0
03004001	03004001	4	0
03004003	03004003	4	0
03004010	03004010	1	0
0300405B	0300405B	1	0
0300405F	0300405F	1	0
03004103	03004103	4	0
03004104	03004104	1	0
03004111	03004111	1	0
03004114	03004114	1	0
0300411B	0300411B	1	0
03004141	03004141	1	0
0300414B	0300414B	1	0
03004150	03004150	1	0
03004157	03004157	1	0
03004158	030040F8	1	1
0300416E	0300416E	1	0
030041FF	030041FF	1	0
03004203	03004203	2	0
03004221	03004221	1	0
03004222	03004222	1	0
03004226	03004226	1	0
0300422F	0300422F	1	0
03004235	03004235	1	0
0300424E	0300424E	1	0
0300425B	0300425B	1	0
03004260	03004260	1	0
03004261	03004261	1	0
030042CC	030042CC	1	0
030042EC	030042EC	1	0
03004300	03004300	1	0
03004301	03004301	1	0
03004303	03004303	1	0
03004315	03004315	1	0
03004322	03004322	1	0
03004333	03004333	2	0
03004340	03004340	4	0
03004343	03004343	1	0
03004348	03004348	1	0
03004354	03004354	1	0
03004368	03004368	1	0
0300436A	0300436A	1	0
030043BE	030043BE	1	0
030043E6	030043E6	1	0
030043EC	030043EC	1	0
03004401	03004401	1	0
03004403	03004403	3	0
03004407	03004407	1	0
03004422	03004422	1	0
03004440	03004440	1	0
03004444	03004444	1	0
03004454	03004454	1	0
03004456	03004456	1	0
0300445A	0300445A	1	0
0300445B	0300445B	1	0
03004460	03004460	1	0
0300446F	0300446F	1	0
030044A8	030044A8	1	0
030044DA	030044DA	1	0
030044E2	030044E2	1	0
030044E3	030044E3	1	0
03004500	03004500	2	0
03004503	03004503	2	0
03004504	03004504	1	0
03004515	03004515	1	0
03004540	03004540	1	0
03004545	03004545	2	0
0300454E	0300454E	1	0
0300455E	0300455E	1	0
0300456A	0300456A	1	0
0300457E	0300457E	1	0
0300458A	0300458A	1	0
03004598	03004598	1	0
030045B5	030045B5	1	0
030045F0	030045F0	2	0
03004600	03004600	1	0
03004602	03004602	1	0
03004603	03004603	3	0
0300463A	0300463A	1	0
03004654	03004654	1	0
03004658	03004658	1	0
03004660	03004660	1	0
03004666	03004666	1	0
0300466B	0300466B	1	0
03004698	03004698	1	0
030046A6	030046A6	1	0
030046A9	030046A9	1	0
03004703	03004703	1	0
0300470B	0300470B	1	0
03004715	03004715	1	0
03004734	03004734	1	0
03004740	03004740	1	0
03004755	03004755	1	0
03004764	03004764	1	0
03004777	03004777	3	0
03004790	03004790	1	0
03004795	03004795	1	0
030047C0	030047C0	1	0
030047FF	030047FF	1	0
03004801	03004801	1	0
03004803	03004803	1	0
03004806	03004806	1	0
03004821	03004821	1	0
03004830	03004830	1	0
03004840	03004840	1	0
03004844	03004844	1	0
03004855	03004855	1	0
03004862	03004862	1	0
03004868	03004868	1	0
0300488F	0300488F	1	0
03004901	03004901	2	0
03004903	03004903	1	0
03004942	03004942	1	0
03004948	03004948	1	0
0300494C	0300494C	1	0
03004954	03004954	1	0
03004960	03004960	1	0
0300496D	0300496D	1	0
03004970	03004910	3	0
03004980	03004920	9	0
03004990	03004930	9	0
030049A0	03004940	5	0
030049B0	03004950	1	0
030049DE	030049DE	1	0
03004A21	03004A21	1	0
03004A58	03004A58	1	0
03004AC0	03004AC0	1	0
03004AF7	03004AF7	1	0
03004B04	03004B04	1	0
03004B15	03004B15	1	0
03004B1E	03004B1E	1	0
03004B40	03004B40	2	0
03004B55	03004B55	1	0
03004B60	03004B60	1	0
03004B8E	03004B8E	1	0
03004BB0	03004B50	5	0
03004BCC	03004BCC	1	0
03004BD5	03004BD5	1	0
03004C3A	03004C3A	1	0
03004C50	03004BF0	1	0
03004C79	03004C79	1	0
03004D00	03004D00	1	0
03004D01	03004D01	1	0
03004D03	03004D03	2	0
03004D11	03004D11	1	0
03004D44	03004D44	1	0
03004D66	03004D66	1	0
03004DDD	03004DDD	1	0
03004E00	03004E00	1	0
03004E03	03004E03	3	0
03004E13	03004E13	1	0
03004E21	03004E21	1	0
03004E40	03004E40	1	0
03004E44	03004E44	1	0
03004E50	03004DF0	25	0
03004E57	03004E57	1	0
03004E60	03004E00	1	0
03004E70	03004E14	1	0
03004E74	03004E18	2	0
03004EA3	03004EA3	1	0
03004EE7	03004EE7	1	0
03004F00	03004F00	1	0
03004F01	03004F01	2	0
03004F08	03004EA8	1	0
03004F20	03004F10	1	0
03004F21	03004F21	1	0
03004F40	03004F40	1	0
03004F6B	03004F6B	1	0
03004F80	03004F80	1	0
03004FA0	03004F90	1	0
03004FA4	03004F94	1	0
03004FDD	03004FDD	1	0
03004FDF	03004FDF	1	0
03004FF2	03004FF2	1	0
03005001	03005001	1	0
03005090	03005080	1	0
03005102	03005102	1	0
03005103	03005103	3	0
03005110	03005110	1	0
03005111	03005111	1	0
0300511C	0300511C	1	0
0300511E	0300511E	1	0
03005121	03005121	1	0
03005123	03005123	1	0
03005155	03005155	1	0
03005196	03005196	1	0
03005201	03005201	1	0
03005203	03005203	1	0
03005206	03005206	1	0
03005221	03005221	1	0
03005222	03005222	2	0
03005233	03005233	1	0
03005250	03005240	4	0
0300525C	0300525C	1	0
03005270	03005260	3	0
03005280	03005270	29	0
030052EE	030052EE	1	0
03005300	03005300	1	0
03005301	03005301	3	0
03005306	03005306	1	0
03005308	03005308	1	0
03005311	03005311	1	0
03005315	03005315	1	0
03005333	03005333	1	0
03005355	03005355	1	0
03005366	03005366	1	0
03005400	03005400	1	0
03005403	03005403	4	0
03005407	03005407	1	0
03005410	03005400	1	0
03005432	03005432	1	0
03005433	03005433	1	0
03005440	03005440	2	0
03005445	03005445	1	0
03005448	03005448	1	0
03005454	03005454	1	0
03005470	03005470	1	0
0300547F	0300547F	1	0
030054C7	030054C7	1	0
030054E0	030054E0	1	0
030054E8	030054E8	1	0
030054EE	030054EE	1	0
03005502	03005502	1	0
03005507	03005507	1	0
03005511	03005511	1	0
03005530	03005530	1	0
03005532	03005532	1	0
03005533	03005533	1	0
03005555	03005555	1	0
03005564	03005564	1	0
0300557B	0300557B	6	0
03005588	03005588	1	0
030055A6	030055A6	1	0
030055C3	030055C3	1	0
030055CC	030055CC	1	0
030055D1	030055D1	1	0
03005601	03005601	1	0
03005603	03005603	2	0
03005604	03005604	1	0
0300560A	0300560A	1	0
0300560B	0300560B	1	0
03005613	03005613	1	0
0300561E	0300561E	1	0
03005647	03005647	1	0
03005661	03005661	1	0
03005666	03005666	3	0
03005677	03005677	1	0
0300567D	0300567D	1	0
03005689	03005689	1	0
030056BF	030056BF	1	0
030056F7	030056F7	1	0
03005703	03005703	1	0
03005707	03005707	1	0
03005777	03005777	1	0
03005799	03005799	1	0
030057B9	030057B9	1	0
030057CC	030057CC	1	0
030057DF	030057DF	1	0
03005803	03005803	1	0
03005833	03005833	1	0
03005841	03005841	1	0
030058FF	030058FF	1	0
03005901	03005901	1	0
03005907	03005907	1	0
0300592A	0300592A	1	0
03005934	03005934	1	0
03005948	03005948	1	0
03005952	03005952	1	0
03005988	03005988	1	0
03005999	03005999	1	0
03005A0B	03005A0B	1	0
03005A10	03005A10	1	0
03005A11	03005A11	1	0
03005A19	03005A19	1	0
03005A42	03005A42	1	0
03005AAA	03005AAA	1	0
03005ADD	03005ADD	1	0
03005AFB	03005AFB	1	0
03005AFE	03005AFE	1	0
03005B00	03005B00	1	0
03005B01	03005B01	1	0
03005B0A	03005B0A	1	0
03005B13	03005B13	3	0
03005B1A	03005B1A	1	0
03005B29	03005B29	1	0
03005B54	03005B54	1	0
03005BAA	03005BAA	1	0
03005BBB	03005BBB	1	0
03005BCC	03005BCC	1	0
03005C03	03005C03	1	0
03005C40	03005C40	2	0
03005D01	03005D01	1	0
03005D05	03005D05	1	0
03005D0A	03005D0A	1	0
03005DD2	03005DD2	1	0
03005E00	03005E00	1	0
03005E01	03005E01	1	0
03005E02	03005E02	1	0
03005E03	03005E03	3	0
03005E10	03005E10	1	0
03005E18	03005E18	1	0
03005E33	03005E33	1	0
03005E5D	03005E5D	1	0
03005EE0	03005EE0	1	0
03005EF5	03005EF5	1	0
03005EF7	03005EF7	1	0
03005F03	03005F03	3	0
03005F10	03005F10	1	0
03005F40	03005F40	1	0
03005F7F	03005F7F	1	0
03005FA6	03005FA6	1	0
03005FF0	03005FF0	1	0
03005FFF	03005FFF	1	0
03006001	03006001	25	0
03006002	03006002	1	0
03006003	03006003	5	0
03006006	03006006	1	0
03006016	03006016	1	0
03006018	03006018	1	0
0300601F	0300601F	1	0
03006020	03006020	1	0
03006050	03006050	1	0
03006052	03006052	1	0
0300609B	0300609B	1	0
030060EB	030060EB	1	0
03006100	03006100	2	0
03006103	03006103	1	0
03006140	03006140	1	0
0300615F	0300615F	1	0
03006186	03006186	1	0
030061A3	030061A3	1	0
030061EF	030061EF	1	0
03006200	03006200	2	0
03006201	03006201	1	0
03006203	03006203	2	0
03006222	03006222	2	0
03006233	03006233	1	0
03006256	03006256	1	0
03006300	03006300	1	0
03006303	03006303	2	0
0300630B	0300630B	1	0
0300630F	0300630F	1	0
03006310	03006310	1	0
0300631A	0300631A	1	0
03006323	03006323	1	0
03006332	03006332	1	0
03006357	03006357	1	0
03006369	03006369	1	0
03006379	03006379	2	0
03006393	03006393	1	0
030063A3	030063A3	1	0
030063C7	030063C7	1	0
030063FF	030063FF	1	0
03006401	03006401	1	0
03006402	03006402	1	0
03006403	03006403	1	0
03006406	03006406	1	0
0300640B	0300640B	1	0
0300642A	0300642A	1	0
03006444	03006444	3	0
03006448	03006448	1	0
03006449	03006449	1	0
03006454	03006454	1	0
03006460	03006460	1	0
03006467	03006467	1	0
0300647B	0300647B	1	0
03006480	03006470	2	0
030064EC	030064EC	1	0
03006501	03006501	1	0
03006510	03006500	1	0
03006543	03006543	1	0
03006551	03006551	1	0
03006556	03006556	1	0
0300657A	0300657A	1	0
030065CC	030065CC	2	0
030065D5	030065D5	1	0
03006601	03006601	5	0
03006603	03006603	4	0
03006608	03006608	2	0
0300660C	0300660C	1	0
03006610	03006610	1	0
03006611	03006611	1	0
0300662E	0300662E	1	0
03006636	03006636	1	0
03006640	03006640	2	0
03006655	03006655	2	0
03006664	03006664	1	0
03006665	03006665	1	0
03006666	03006666	1	0
03006668	03006668	1	0
03006669	03006669	1	0
0300666C	0300666C	1	0
030066C4	030066C4	1	0
030066C7	030066C7	1	0
030066CA	030066CA	1	0
030066D9	030066D9	1	0
030066F2	030066F2	1	0
030066FF	030066FF	2	0
03006702	03006702	3	0
03006703	03006703	2	0
03006710	03006700	1	1
03006723	03006723	1	0
03006746	03006746	1	0
03006754	03006754	1	0
03006755	03006755	1	0
03006760	03006760	1	0
03006766	03006766	2	0
0300676B	0300676B	1	0
0300677F	0300677F	1	0
03006787	03006787	2	0
03006798	03006798	1	0
030067A0	03006790	1	0
030067A4	03006794	2	0
030067A8	03006798	6	0
030067F0	030067F0	1	0
030067FF	030067FF	2	0
03006800	03006800	2	0
03006803	03006803	5	0
03006825	03006825	2	0
03006828	03006828	1	0
03006833	03006833	1	0
03006840	03006840	1	0
03006854	03006854	1	0
03006877	03006877	2	0
030068A0	030068A0	1	0
030068AC	030068AC	1	0
030068BE	030068BE	1	0
03006900	03006900	4	0
03006903	03006903	8	0
03006911	03006911	1	0
03006918	03006918	1	0
03006940	03006940	1	0
03006941	03006941	1	0
03006950	03006950	1	0
03006954	03006954	1	0
03006966	03006966	1	0
0300696E	0300696E	1	0
0300697C	0300697C	2	0
03006999	03006999	1	0
030069F9	030069F9	1	0
03006A00	03006A00	1	0
03006A01	03006A01	1	0
03006A03	03006A03	3	0
03006A04	03006A04	2	0
03006A18	03006A18	1	0
03006A44	03006A44	1	0
03006A51	03006A51	1	0
03006A6E	03006A6E	1	0
03006A73	03006A73	1	0
03006AAA	03006AAA	1	0
03006B03	03006B03	2	0
03006B0D	03006B0D	1	0
03006B14	03006B14	1	0
03006B50	03006B50	1	0
03006B66	03006B66	1	0
03006BB6	03006BB6	1	0
03006C03	03006C03	5	0
03006C15	03006C15	1	0
03006C65	03006C65	1	0
03006CC6	03006CC6	1	0
03006CCA	03006CCA	1	0
03006D00	03006D00	2	0
03006D20	03006D20	1	0
03006D40	03006D40	1	0
03006DCC	03006DCC	1	0
03006DED	03006DED	1	0
03006F00	03006F00	1	0
03006F01	03006F01	1	0
03006F03	03006F03	1	0
03006F46	03006F46	1	0
03006F54	03006F54	1	0
03006F56	03006F56	2	0
03006F83	03006F83	1	0
03006FF8	03006FF8	1	0
03006FFE	03006FFE	1	0
03007000	03007000	2	0
03007001	03007001	2	0
03007035	03007035	1	0
03007048	03007048	1	0
03007054	03007054	1	0
030070BB	030070BB	1	0
030070E4	030070E4	1	0
03007100	03007100	1	0
03007154	03007154	1	0
03007176	03007176	1	0
0300719E	0300719E	1	0
03007203	03007203	2	0
0300720B	0300720B	1	0
03007220	03007220	1	0
0300722D	0300722D	1	0
0300724F	0300724F	1	0
03007250	03007250	2	0
0300727F	0300727F	1	0
03007300	03007300	1	0
03007303	03007303	4	0
03007310	03007310	1	0
03007318	03007318	1	0
03007320	03007320	1	0
03007322	03007322	1	0
03007323	03007323	1	0
0300732A	0300732A	1	0
03007340	03007340	2	0
0300738F	0300738F	1	0
03007403	03007403	1	0
03007415	03007415	1	0
03007437	03007437	1	0
03007440	03007440	1	0
0300744A	0300744A	1	0
03007451	03007451	2	0
03007477	03007477	1	0
0300748E	0300748E	1	0
03007500	03007500	1	0
03007503	03007503	1	0
03007556	03007556	1	0
03007557	03007557	1	0
03007588	03007588	1	0
030075BB	030075BB	1	0
03007600	03007600	2	0
03007603	03007603	2	0
03007613	03007613	1	0
03007614	03007614	1	0
03007621	03007621	1	0
03007623	03007623	1	0
0300762F	0300762F	1	0
0300763D	0300763D	1	0
03007642	03007642	1	0
03007645	03007645	2	0
03007655	03007655	1	0
0300765A	0300765A	1	0
03007661	03007661	1	0
03007667	03007667	1	0
03007676	03007676	1	0
03007677	03007677	1	0
030076FF	030076FF	1	0
03007700	03007700	2	0
03007703	03007703	3	0
03007704	03007704	1	0
03007705	03007705	1	0
03007707	03007707	1	0
03007712	03007712	1	0
0300771C	0300771C	1	0
03007723	03007723	1	0
03007740	03007740	1	0
03007743	03007743	2	0
03007758	03007758	1	0
0300775B	0300775B	1	0
0300775F	0300775F	1	0
03007764	03007764	1	0
03007766	03007766	1	0
03007769	03007769	1	0
0300776C	0300776C	1	0
03007770	03007770	1	0
03007777	03007777	3	0
03007788	03007788	1	0
03007789	03007789	2	0
0300778C	0300778C	1	0
0300778D	0300778D	1	0
03007793	03007793	1	0
03007799	03007799	2	0
0300779A	0300779A	1	0
030077BB	030077BB	1	0
030077EE	030077EE	1	0
030077F0	030077F0	1	0
030077FA	030077FA	1	0
03007800	03007800	1	0
03007803	03007803	5	0
0300780E	0300780E	1	0
03007840	03007840	1	0
03007841	03007841	1	0
0300784A	0300784A	1	0
03007851	03007851	1	0
03007854	03007854	1	0
0300785A	0300785A	1	0
0300786B	0300786B	1	0
03007877	03007877	1	0
03007878	03007878	1	0
03007888	03007888	3	0
0300788F	0300788F	1	0
03007899	03007899	1	0
030078A8	030078A8	1	0
030078A9	030078A9	1	0
030078BD	030078BD	1	0
030078F3	030078F3	1	0
03007903	03007903	2	0
03007922	03007922	1	0
03007939	03007939	1	0
03007942	03007942	1	0
0300794D	0300794D	1	0
03007960	03007960	1	0
0300796C	0300796C	1	0
03007977	03007977	3	0
03007999	03007999	1	0
030079AA	030079AA	1	0
030079FF	030079FF	1	0
03007A03	03007A03	3	0
03007A77	03007A77	1	0
03007AAA	03007AAA	1	0
03007ACC	03007ACC	1	0
03007B03	03007B03	1	0
03007B06	03007B06	1	0
03007B16	03007B16	1	0
03007B1F	03007B1F	1	0
03007B21	03007B21	1	0
03007B66	03007B66	1	0
03007C03	03007C03	1	0
03007C44	03007C44	1	0
03007C79	03007C79	1	0
03007CBD	03007CBD	1	0
03007CC4	03007CC4	1	0
03007CCC	03007CCC	1	0
03007CD9	03007CD9	1	0
03007CDB	03007CDB	1	0
03007CEF	03007CEF	1	0
03007CFC	03007CFC	1	0
03007D00	03007D00	1	0
03007D01	03007D01	1	0
03007D03	03007D03	1	0
03007D09	03007D09	1	0
03007D19	03007D19	1	0
03007D40	03007D40	1	0
03007D63	03007D63	1	0
03007D7D	03007D7D	1	0
03007DCC	03007DCC	1	0
03007E00	03007E00	1	0
03007E01	03007E01	1	0
03007E03	03007E03	2	0
03007E40	03007E40	1	0
03007E77	03007E77	1	0
03007E87	03007E87	1	0
03007EEE	03007EEE	2	0
03007EEF	03007EEF	1	0
03007EFF	03007EFF	1	0
03007F00	03007F00	2	0
03007F01	03007F01	1	0
03007F02	03007F02	2	0
03007F03	03007F03	5	0
03007F07	03007F07	1	0
03007F18	03007F18	1	0
03007F23	03007F23	1	0
03007F40	03007F40	1	0
03007F50	03007F50	1	0
03007F52	03007F52	1	0
03007F60	03007F60	1	0
03007F70	03007F70	1	0
03007F77	03007F77	1	0
03007F88	03007F88	1	0
03007F8B	03007F8B	1	0
03007FCF	03007FCF	1	0
03007FF0	03007FF0	15	0
03008000	03008000	1	0
03008001	03008001	1	0
03008003	03008003	2	0
03008006	03008006	1	0
03008007	03008007	2	0
03008008	03008008	1	0
0300800A	0300800A	2	0
0300800E	0300800E	1	0
03008012	03008012	1	0
03008013	03008013	2	0
03008017	03008017	1	0
03008024	03008024	2	0
03008025	03008025	2	0
03008028	03008028	1	0
03008031	03008031	2	0
03008032	03008032	1	0
03008034	03008034	1	0
03008036	03008036	1	0
0300803B	0300803B	1	0
0300803C	0300803C	1	0
0300803D	0300803D	1	0
0300803E	0300803E	1	0
0300803F	0300803F	1	0
03008040	03008040	1	0
03008044	03008044	1	0
03008048	03008048	1	0
0300804E	0300804E	1	0
03008054	03008054	1	0
03008055	03008055	1	0
03008056	03008056	1	0
03008059	03008059	1	0
0300805C	0300805C	1	0
03008060	03008060	1	0
03008061	03008061	1	0
03008062	03008062	1	0
03008064	03008064	1	0
03008066	03008066	2	0
03008069	03008069	1	0
0300806D	0300806D	1	0
03008076	03008076	1	0
03008077	03008077	1	0
03008078	03008078	1	0
03008086	03008086	1	0
03008087	03008087	1	0
03008088	03008088	1	0
03008089	03008089	2	0
0300808A	0300808A	1	0
0300808C	0300808C	1	0
0300808D	0300808D	1	0
03008092	03008092	1	0
03008096	03008096	1	0
03008097	03008097	1	0
03008098	03008098	1	0
03008099	03008099	2	0
0300809A	0300809A	1	0
0300809B	0300809B	1	0
030080A7	030080A7	1	0
030080A9	030080A9	1	0
030080AA	030080AA	1	0
030080AF	030080AF	1	0
030080B4	030080B4	1	0
030080B8	030080B8	1	0
030080BB	030080BB	2	0
030080BC	030080BC	1	0
030080C3	030080C3	1	0
030080C4	030080C4	1	0
030080C6	030080C6	2	0
030080CC	030080CC	1	0
030080CF	030080CF	1	0
030080DA	030080DA	1	0
030080DD	030080DD	3	0
030080DE	030080DE	2	0
030080E2	030080E2	1	0
030080E3	030080E3	1	0
030080E9	030080E9	1	0
030080ED	030080ED	1	0
030080EE	030080EE	1	0
030080EF	030080EF	1	0
030080F2	030080F2	1	0
030080F6	030080F6	1	0
030080FE	030080FE	1	0
03008100	03008100	1	0
03008102	03008102	1	0
0300810F	0300810F	1	0
03008112	03008112	1	0
0300811E	0300811E	1	0
03008125	03008125	1	0
03008140	03008140	1	0
0300815F	0300815F	1	0
03008166	03008166	1	0
03008167	03008167	1	0
03008181	03008181	1	0
0300819C	0300819C	1	0
0300819F	0300819F	1	0
030081A1	030081A1	1	0
030081AA	030081AA	1	0
030081CB	030081CB	1	0
030081FF	030081FF	1	0
03008208	03008208	1	0
03008220	03008220	1	0
03008254	03008254	1	0
03008256	03008256	1	0
03008259	03008259	1	0
03008288	03008288	1	0
030082A7	030082A7	1	0
030082BB	030082BB	1	0
030082C5	030082C5	1	0
030082DD	030082DD	1	0
030082E0	030082E0	1	0
03008300	03008300	1	0
03008305	03008305	1	0
03008312	03008312	1	0
03008314	03008314	1	0
03008323	03008323	1	0
03008352	03008352	1	0
03008399	03008399	1	0
030083B3	030083B3	1	0
030083EA	030083EA	1	0
030083EB	030083EB	1	0
030083F3	030083F3	1	0
03008400	03008400	2	0
03008401	03008401	1	0
03008403	03008403	2	0
03008412	03008412	1	0
03008424	03008424	1	0
03008437	03008437	1	0
03008454	03008454	2	0
03008456	03008456	1	0
0300845C	0300845C	1	0
0300846C	0300846C	1	0
03008488	03008488	1	0
0300849E	0300849E	1	0
030084CF	030084CF	1	0
03008500	03008500	2	0
03008503	03008503	4	0
03008512	03008512	1	0
0300851C	0300851C	1	0
03008540	03008540	1	0
03008548	03008548	1	0
0300854B	0300854B	1	0
030085A3	030085A3	1	0
030085B6	030085B6	1	0
030085BB	030085BB	1	0
030085F7	030085F7	1	0
03008600	03008600	2	0
03008601	03008601	1	0
03008603	03008603	3	0
03008611	03008611	1	0
03008614	03008614	1	0
03008615	03008615	1	0
0300861B	0300861B	1	0
03008642	03008642	1	0
03008651	03008651	1	0
03008664	03008664	1	0
03008668	03008668	1	0
03008687	03008687	1	0
03008699	03008699	1	0
030086EF	030086EF	1	0
030086FF	030086FF	1	0
03008700	03008700	1	0
03008701	03008701	3	0
03008703	03008703	1	0
0300870C	0300870C	1	0
03008710	03008710	2	0
03008711	03008711	1	0
03008718	03008718	1	0
03008723	03008723	1	0
0300872C	0300872C	1	0
03008731	03008731	1	0
03008740	03008740	1	0
03008748	03008748	1	0
03008750	03008750	1	0
03008751	03008751	1	0
0300875A	0300875A	1	0
03008760	03008760	1	0
03008761	03008761	1	0
03008762	03008762	1	0
03008766	03008766	1	0
03008777	03008777	2	0
0300877A	0300877A	1	0
0300877C	0300877C	1	0
03008785	03008785	1	0
03008788	03008788	2	0
03008798	03008798	1	0
03008800	03008800	1	0
03008801	03008801	2	0
03008803	03008803	6	0
03008804	03008804	1	0
03008807	03008807	1	0
0300880B	0300880B	1	0
03008829	03008829	1	0
03008834	03008834	1	0
03008840	03008840	1	0
03008842	03008842	1	0
03008844	03008844	1	0
0300884B	0300884B	1	0
0300884C	0300884C	1	0
03008856	03008856	1	0
0300885F	0300885F	1	0
03008877	03008877	2	0
03008879	03008879	1	0
03008888	03008888	1	0
0300888F	0300888F	1	0
03008895	03008895	1	0
03008899	03008899	1	0
030088AF	030088AF	1	0
030088BA	030088BA	1	0
030088C3	030088C3	1	0
030088C6	030088C6	1	0
030088D0	030088D0	1	0
030088DB	030088DB	1	0
030088E4	030088E4	1	0
030088E7	030088E7	1	0
030088F7	030088F7	1	0
030088FF	030088FF	2	0
03008900	03008900	2	0
03008903	03008903	2	0
03008925	03008925	1	0
03008950	03008950	1	0
0300896A	0300896A	1	0
03008989	03008989	1	0
03008999	03008999	4	0
030089D2	030089D2	1	0
030089E6	030089E6	1	0
03008A02	03008A02	5	0
03008A03	03008A03	2	0
03008A45	03008A45	1	0
03008A99	03008A99	1	0
03008ABF	03008ABF	1	0
03008AD5	03008AD5	1	0
03008B00	03008B00	2	0
03008B03	03008B03	1	0
03008B0F	03008B0F	1	0
03008B11	03008B11	1	0
03008B18	03008B18	1	0
03008B25	03008B25	1	0
03008B28	03008B28	1	0
03008B60	03008B60	1	0
03008B8E	03008B8E	1	0
03008BBB	03008BBB	1	0
03008BF0	03008BF0	1	0
03008C03	03008C03	2	0
03008C07	03008C07	1	0
03008C10	03008C10	1	0
03008C11	03008C11	1	0
03008C41	03008C41	1	0
03008C54	03008C54	1	0
03008C5D	03008C5D	1	0
03008C5F	03008C5F	1	0
03008C8E	03008C8E	1	0
03008C8F	03008C8F	1	0
03008D03	03008D03	1	0
03008D07	03008D07	1	0
03008D58	03008D58	1	0
03008E00	03008E00	1	0
03008E01	03008E01	3	0
03008E03	03008E03	2	0
03008E07	03008E07	1	0
03008E2A	03008E2A	1	0
03008E40	03008E40	1	0
03008E88	03008E88	1	0
03008E8E	03008E8E	1	0
03008ECC	03008ECC	1	0
03008ED3	03008ED3	1	0
03008EEE	03008EEE	5	0
03008F03	03008F03	5	0
03008F17	03008F17	1	0
03008F21	03008F21	1	0
03008F25	03008F25	1	0
03008F3C	03008F3C	1	0
03008F40	03008F40	2	0
03008F43	03008F43	1	0
03008F44	03008F44	1	0
03008F5A	03008F5A	1	0
03008F67	03008F67	1	0
03008F7B	03008F7B	1	0
03009003	03009003	1	0
03009028	03009028	1	0
03009029	03009029	1	0
03009034	03009034	1	0
0300903D	0300903D	1	0
03009042	03009042	1	0
03009055	03009055	1	0
03009064	03009064	1	0
0300906B	0300906B	1	0
03009075	03009075	1	0
030090AF	030090AF	1	0
030090C7	030090C7	1	0
030090DB	030090DB	1	0
030090FE	030090FE	1	0
03009100	03009100	1	0
0300914F	0300914F	1	0
03009162	03009162	2	0
0300916D	0300916D	1	0
03009200	03009200	2	0
03009203	03009203	1	0
03009210	03009210	1	0
0300921C	0300921C	1	0
03009222	03009222	1	0
03009223	03009223	1	0
03009257	03009257	1	0
03009289	03009289	1	0
03009300	03009300	2	0
03009301	03009301	2	0
03009303	03009303	3	0
0300931F	0300931F	1	0
03009323	03009323	2	0
03009327	03009327	1	0
03009333	03009333	1	0
0300935B	0300935B	1	0
03009397	03009397	1	0
030093AA	030093AA	2	0
030093CC	030093CC	1	0
03009403	03009403	1	0
03009411	03009411	1	0
03009418	03009418	1	0
03009423	03009423	1	0
03009443	03009443	1	0
03009446	03009446	1	0
03009449	03009449	1	0
0300944C	0300944C	1	0
03009465	03009465	1	0
03009467	03009467	1	0
030094AC	030094AC	1	0
030094B4	030094B4	1	0
03009500	03009500	1	0
03009537	03009537	1	0
0300953A	0300953A	1	0
03009560	03009560	1	0
030095EF	030095EF	1	0
030095FE	030095FE	1	0
03009600	03009600	1	0
03009603	03009603	2	0
03009609	03009609	1	0
03009610	03009610	1	0
03009616	03009616	1	0
03009634	03009634	1	0
03009650	03009650	1	0
03009660	03009660	1	0
03009694	03009694	1	0
030096F0	030096F0	1	0
030096FF	030096FF	1	0
03009703	03009703	3	0
03009708	03009708	1	0
03009711	03009711	1	0
03009713	03009713	1	0
03009725	03009725	1	0
03009732	03009732	1	0
0300973B	0300973B	1	0
03009744	03009744	1	0
03009774	03009774	1	0
03009798	03009798	1	0
030097EE	030097EE	1	0
03009803	03009803	3	0
0300980D	0300980D	1	0
03009827	03009827	1	0
03009840	03009840	1	0
03009841	03009841	1	0
03009866	03009866	1	0
0300986A	0300986A	1	0
0300986C	0300986C	1	0
03009877	03009877	1	0
03009888	03009888	5	0
03009897	03009897	1	0
03009899	03009899	2	0
0300989E	0300989E	1	0
030098B3	030098B3	1	0
030098BB	030098BB	1	0
030098F0	030098F0	1	0
03009900	03009900	3	0
03009903	03009903	1	0
0300990B	0300990B	1	0
03009911	03009911	1	0
03009940	03009940	2	0
03009941	03009941	1	0
03009948	03009948	1	0
03009952	03009952	1	0
03009955	03009955	1	0
03009968	03009968	1	0
0300996A	0300996A	1	0
03009977	03009977	1	0
03009978	03009978	1	0
0300998F	0300998F	1	0
03009998	03009998	1	0
03009999	03009999	1	0
030099A5	030099A5	1	0
030099AA	030099AA	1	0
030099C3	030099C3	1	0
030099E0	030099E0	1	0
030099E3	030099E3	1	0
03009A03	03009A03	1	0
03009A07	03009A07	1	0
03009A11	03009A11	1	0
03009A28	03009A28	1	0
03009A98	03009A98	1	0
03009AAC	03009AAC	1	0
03009AFF	03009AFF	1	0
03009B03	03009B03	1	0
03009B07	03009B07	1	0
03009B14	03009B14	1	0
03009B33	03009B33	1	0
03009B55	03009B55	1	0
03009B6D	03009B6D	1	0
03009B88	03009B88	1	0
03009BBB	03009BBB	1	0
03009C00	03009C00	1	0
03009C01	03009C01	1	0
03009C03	03009C03	1	0
03009C10	03009C10	1	0
03009C11	03009C11	1	0
03009C17	03009C17	1	0
03009C4D	03009C4D	1	0
03009C63	03009C63	1	0
03009C88	03009C88	1	0
03009CCC	03009CCC	1	0
03009CE0	03009CE0	1	0
03009D03	03009D03	5	0
03009D0E	03009D0E	1	0
03009D16	03009D16	1	0
03009D1A	03009D1A	1	0
03009D1C	03009D1C	1	0
03009D4F	03009D4F	1	0
03009D96	03009D96	1	0
03009D97	03009D97	1	0
03009DAA	03009DAA	1	0
03009DAE	03009DAE	1	0
03009DFF	03009DFF	1	0
03009E00	03009E00	2	0
03009E18	03009E18	1	0
03009E1E	03009E1E	1	0
03009E22	03009E22	1	0
03009E32	03009E32	1	0
03009E55	03009E55	1	0
03009EDC	03009EDC	1	0
03009EE4	03009EE4	1	0
03009EFF	03009EFF	1	0
03009F00	03009F00	1	0
03009F03	03009F03	5	0
03009F05	03009F05	1	0
03009F24	03009F24	1	0
03009F5E	03009F5E	1	0
03009F66	03009F66	1	0
03009F85	03009F85	1	0
03009F95	03009F95	1	0
03009F9F	03009F9F	1	0
03009FAA	03009FAA	1	0
03009FF0	03009FF0	1	0
0300A001	0300A001	1	0
0300A007	0300A007	1	0
0300A00A	0300A00A	1	0
0300A00D	0300A00D	1	0
0300A013	0300A013	1	0
0300A014	0300A014	1	0
0300A015	0300A015	1	0
0300A02C	0300A02C	1	0
0300A038	0300A038	1	0
0300A039	0300A039	1	0
0300A03E	0300A03E	1	0
0300A044	0300A044	1	0
0300A054	0300A054	1	0
0300A05B	0300A05B	1	0
0300A068	0300A068	1	0
0300A078	0300A078	1	0
0300A08A	0300A08A	1	0
0300A090	0300A090	1	0
0300A098	0300A098	1	0
0300A099	0300A099	1	0
0300A0A0	0300A0A0	1	0
0300A0A5	0300A0A5	1	0
0300A0AF	0300A0AF	1	0
0300A0B0	0300A0B0	1	0
0300A0C6	0300A0C6	1	0
0300A0DB	0300A0DB	1	0
0300A0DE	0300A0DE	1	0
0300A0E4	0300A0E4	1	0
0300A0E6	0300A0E6	1	0
0300A0F0	0300A0F0	1	0
0300A0FA	0300A0FA	1	0
0300A0FE	0300A0FE	1	0
0300A103	0300A103	1	0
0300A111	0300A111	1	0
0300A122	0300A122	1	0
0300A147	0300A147	1	0
0300A16A	0300A16A	1	0
0300A1AB	0300A1AB	1	0
0300A1B7	0300A1B7	1	0
0300A201	0300A201	1	0
0300A203	0300A203	1	0
0300A213	0300A213	1	0
0300A228	0300A228	1	0
0300A24D	0300A24D	1	0
0300A288	0300A288	1	0
0300A301	0300A301	1	0
0300A303	0300A303	1	0
0300A304	0300A304	1	0
0300A30A	0300A30A	1	0
0300A320	0300A320	1	0
0300A344	0300A344	1	0
0300A376	0300A376	1	0
0300A386	0300A386	1	0
0300A399	0300A399	1	0
0300A3B7	0300A3B7	1	0
0300A3BA	0300A3BA	1	0
0300A403	0300A403	1	0
0300A41F	0300A41F	1	0
0300A444	0300A444	1	0
0300A4A0	0300A4A0	1	0
0300A4CB	0300A4CB	1	0
0300A501	0300A501	1	0
0300A503	0300A503	2	0
0300A511	0300A511	1	0
0300A544	0300A544	1	0
0300A548	0300A548	1	0
0300A555	0300A555	1	0
0300A557	0300A557	1	0
0300A58D	0300A58D	1	0
0300A598	0300A598	1	0
0300A5BB	0300A5BB	1	0
0300A5BC	0300A5BC	1	0
0300A603	0300A603	1	0
0300A606	0300A606	1	0
0300A60B	0300A60B	1	0
0300A66E	0300A66E	1	0
0300A6B7	0300A6B7	1	0
0300A701	0300A701	1	0
0300A703	0300A703	1	0
0300A711	0300A711	1	0
0300A744	0300A744	1	0
0300A74F	0300A74F	1	0
0300A777	0300A777	1	0
0300A78F	0300A78F	1	0
0300A7AA	0300A7AA	1	0
0300A7B8	0300A7B8	1	0
0300A7CC	0300A7CC	1	0
0300A7D5	0300A7D5	1	0
0300A7EE	0300A7EE	1	0
0300A800	0300A800	1	0
0300A803	0300A803	1	0
0300A806	0300A806	1	0
0300A80F	0300A80F	2	0
0300A81C	0300A81C	1	0
0300A826	0300A826	1	0
0300A828	0300A828	1	0
0300A835	0300A835	1	0
0300A840	0300A840	1	0
0300A841	0300A841	1	0
0300A848	0300A848	1	0
0300A84E	0300A84E	1	0
0300A853	0300A853	2	0
0300A856	0300A856	1	0
0300A888	0300A888	1	0
0300A8A3	0300A8A3	1	0
0300A8B6	0300A8B6	1	0
0300A8BF	0300A8BF	1	0
0300A8D8	0300A8D8	1	0
0300A8E6	0300A8E6	1	0
0300A8ED	0300A8ED	1	0
0300A8FD	0300A8FD	1	0
0300A8FE	0300A8FE	1	0
0300A900	0300A900	1	0
0300A903	0300A903	2	0
0300A90F	0300A90F	1	0
0300A911	0300A911	1	0
0300A91A	0300A91A	1	0
0300A933	0300A933	1	0
0300A941	0300A941	1	0
0300A94F	0300A94F	1	0
0300A968	0300A968	1	0
0300A977	0300A977	1	0
0300A98B	0300A98B	1	0
0300A99D	0300A99D	1	0
0300A9F7	0300A9F7	1	0
0300A9FB	0300A9FB	1	0
0300AA00	0300AA00	2	0
0300AA01	0300AA01	1	0
0300AA02	0300AA02	1	0
0300AA03	0300AA03	4	0
0300AA07	0300AA07	1	0
0300AA09	0300AA09	1	0
0300AA0A	0300AA0A	1	0
0300AA0F	0300AA0F	2	0
0300AA18	0300AA18	1	0
0300AA1B	0300AA1B	1	0
0300AA23	0300AA23	1	0
0300AA30	0300AA30	1	0
0300AA3C	0300AA3C	2	0
0300AA40	0300AA40	1	0
0300AA65	0300AA65	1	0
0300AA67	0300AA67	1	0
0300AA6A	0300AA6A	1	0
0300AA75	0300AA75	1	0
0300AA84	0300AA84	1	0
0300AA8F	0300AA8F	1	0
0300AA92	0300AA92	1	0
0300AA99	0300AA99	1	0
0300AAAA	0300AAAA	2	0
0300AABA	0300AABA	1	0
0300AABB	0300AABB	2	0
0300AACC	0300AACC	1	0
0300AACE	0300AACE	1	0
0300AADC	0300AADC	1	0
0300AAE0	0300AAE0	1	0
0300AAE6	0300AAE6	1	0
0300AAED	0300AAED	1	0
0300AAF3	0300AAF3	1	0
0300AAFB	0300AAFB	1	0
0300AB01	0300AB01	1	0
0300AB03	0300AB03	2	0
0300AB05	0300AB05	1	0
0300AB10	0300AB10	1	0
0300AB1C	0300AB1C	1	0
0300AB45	0300AB45	1	0
0300AB46	0300AB46	1	0
0300AB48	0300AB48	1	0
0300AB50	0300AB50	1	0
0300AB5A	0300AB5A	1	0
0300AB62	0300AB62	1	0
0300AB87	0300AB87	2	0
0300AB88	0300AB88	1	0
0300AB99	0300AB99	1	0
0300AB9C	0300AB9C	1	0
0300ABAA	0300ABAA	1	0
0300ABAB	0300ABAB	1	0
0300ABB9	0300ABB9	1	0
0300ABBB	0300ABBB	2	0
0300ABC8	0300ABC8	1	0
0300ABDE	0300ABDE	1	0
0300ABE0	0300ABE0	1	0
0300AC00	0300AC00	1	0
0300AC01	0300AC01	1	0
0300AC03	0300AC03	3	0
0300AC48	0300AC48	1	0
0300AC57	0300AC57	1	0
0300AC66	0300AC66	1	0
0300ACA8	0300ACA8	1	0
0300ACAA	0300ACAA	1	0
0300ACE0	0300ACE0	1	0
0300AD00	0300AD00	1	0
0300AD01	0300AD01	1	0
0300AD03	0300AD03	2	0
0300AD12	0300AD12	2	0
0300AD23	0300AD23	1	0
0300AD42	0300AD42	1	0
0300AD51	0300AD51	1	0
0300AD62	0300AD62	1	0
0300AD93	0300AD93	1	0
0300ADAA	0300ADAA	1	0
0300ADC7	0300ADC7	1	0
0300ADDE	0300ADDE	1	0
0300ADED	0300ADED	1	0
0300ADFF	0300ADFF	1	0
0300AE00	0300AE00	1	0
0300AE47	0300AE47	1	0
0300AE61	0300AE61	1	0
0300AE6C	0300AE6C	1	0
0300AEAA	0300AEAA	1	0
0300AEDC	0300AEDC	1	0
0300AF00	0300AF00	2	0
0300AF03	0300AF03	2	0
0300AF0E	0300AF0E	1	0
0300AF22	0300AF22	1	0
0300AF23	0300AF23	1	0
0300AF41	0300AF41	1	0
0300AF42	0300AF42	1	0
0300AFAA	0300AFAA	1	0
0300B000	0300B000	1	0
0300B001	0300B001	2	0
0300B003	0300B003	1	0
0300B004	0300B004	1	0
0300B02F	0300B02F	2	0
0300B059	0300B059	1	0
0300B07D	0300B07D	1	0
0300B088	0300B088	1	0
0300B0D5	0300B0D5	1	0
0300B14E	0300B14E	1	0
0300B17E	0300B17E	1	0
0300B190	0300B190	1	0
0300B201	0300B201	1	0
0300B203	0300B203	1	0
0300B204	0300B204	1	0
0300B216	0300B216	1	0
0300B227	0300B227	1	0
0300B2CC	0300B2CC	1	0
0300B30D	0300B30D	1	0
0300B310	0300B310	1	0
0300B350	0300B350	2	0
0300B365	0300B365	1	0
0300B396	0300B396	1	0
0300B45D	0300B45D	1	0
0300B469	0300B469	1	0
0300B477	0300B477	1	0
0300B494	0300B494	1	0
0300B49F	0300B49F	1	0
0300B4C3	0300B4C3	2	0
0300B50E	0300B50E	1	0
0300B526	0300B526	1	0
0300B5DD	0300B5DD	1	0
0300B5DF	0300B5DF	1	0
0300B5FF	0300B5FF	1	0
0300B600	0300B600	1	0
0300B601	0300B601	1	0
0300B603	0300B603	1	0
0300B610	0300B610	1	0
0300B614	0300B614	1	0
0300B633	0300B633	1	0
0300B642	0300B642	1	0
0300B652	0300B652	1	0
0300B655	0300B655	1	0
0300B665	0300B665	2	0
0300B666	0300B666	1	0
0300B67A	0300B67A	1	0
0300B69F	0300B69F	1	0
0300B6CB	0300B6CB	1	0
0300B6CC	0300B6CC	1	0
0300B6DD	0300B6DD	1	0
0300B6DE	0300B6DE	1	0
0300B6DF	0300B6DF	1	0
0300B6FF	0300B6FF	1	0
0300B700	0300B700	1	0
0300B705	0300B705	1	0
0300B70B	0300B70B	1	0
0300B71F	0300B71F	1	0
0300B728	0300B728	1	0
0300B743	0300B743	1	0
0300B766	0300B766	1	0
0300B777	0300B777	2	0
0300B7A3	0300B7A3	1	0
0300B7BC	0300B7BC	1	0
0300B7E3	0300B7E3	1	0
0300B807	0300B807	1	0
0300B820	0300B820	3	0
0300B827	0300B827	1	0
0300B840	0300B840	1	0
0300B86C	0300B86C	1	0
0300B888	0300B888	1	0
0300B88B	0300B88B	1	0
0300B88C	0300B88C	1	0
0300B89D	0300B89D	1	0
0300B8AB	0300B8AB	1	0
0300B8C7	0300B8C7	1	0
0300B8F7	0300B8F7	1	0
0300B8FE	0300B8FE	1	0
0300B903	0300B903	1	0
0300B940	0300B940	1	0
0300B963	0300B963	1	0
0300B989	0300B989	2	0
0300B9A5	0300B9A5	1	0
0300B9BB	0300B9BB	1	0
0300B9C2	0300B9C2	1	0
0300BA01	0300BA01	1	0
0300BA03	0300BA03	1	0
0300BA09	0300BA09	1	0
0300BA41	0300BA41	1	0
0300BA44	0300BA44	1	0
0300BA4C	0300BA4C	1	0
0300BA64	0300BA64	1	0
0300BA6C	0300BA6C	2	0
0300BA77	0300BA77	1	0
0300BA7B	0300BA7B	1	0
0300BA7F	0300BA7F	1	0
0300BAAA	0300BAAA	3	0
0300BAAD	0300BAAD	1	0
0300BABB	0300BABB	2	0
0300BAE3	0300BAE3	1	0
0300BAE6	0300BAE6	1	0
0300BAFF	0300BAFF	1	0
0300BB00	0300BB00	1	0
0300BB03	0300BB03	4	0
0300BB04	0300BB04	2	0
0300BB07	0300BB07	3	0
0300BB0E	0300BB0E	1	0
0300BB22	0300BB22	1	0
0300BB29	0300BB29	1	0
0300BB37	0300BB37	1	0
0300BB48	0300BB48	1	0
0300BB4F	0300BB4F	1	0
0300BB63	0300BB63	1	0
0300BB7E	0300BB7E	1	0
0300BB9A	0300BB9A	1	0
0300BBA9	0300BBA9	1	0
0300BBB7	0300BBB7	1	0
0300BBCB	0300BBCB	2	0
0300BBCC	0300BBCC	1	0
0300BBDD	0300BBDD	1	0
0300BBE0	0300BBE0	1	0
0300BBE3	0300BBE3	1	0
0300BC00	0300BC00	1	0
0300BC01	0300BC01	1	0
0300BC03	0300BC03	6	0
0300BC06	0300BC06	1	0
0300BC10	0300BC10	1	0
0300BC11	0300BC11	1	0
0300BC13	0300BC13	1	0
0300BC14	0300BC14	1	0
0300BC2F	0300BC2F	1	0
0300BC70	0300BC70	1	0
0300BC72	0300BC72	1	0
0300BCAA	0300BCAA	1	0
0300BCB1	0300BCB1	1	0
0300BCB2	0300BCB2	1	0
0300BCBB	0300BCBB	2	0
0300BCCC	0300BCCC	2	0
0300BCD7	0300BCD7	1	0
0300BCDB	0300BCDB	1	0
0300BCDD	0300BCDD	1	0
0300BD02	0300BD02	1	0
0300BD03	0300BD03	1	0
0300BD12	0300BD12	1	0
0300BD13	0300BD13	1	0
0300BD33	0300BD33	1	0
0300BD45	0300BD45	1	0
0300BD53	0300BD53	1	0
0300BDDD	0300BDDD	1	0
0300BDFF	0300BDFF	1	0
0300BE00	0300BE00	1	0
0300BE05	0300BE05	1	0
0300BE0F	0300BE0F	1	0
0300BE2E	0300BE2E	1	0
0300BE2F	0300BE2F	1	0
0300BE62	0300BE62	1	0
0300BE6A	0300BE6A	1	0
0300BE7F	0300BE7F	1	0
0300BE98	0300BE98	1	0
0300BEBB	0300BEBB	1	0
0300BF01	0300BF01	2	0
0300BF03	0300BF03	3	0
0300BF07	0300BF07	2	0
0300BF34	0300BF34	1	0
0300BF40	0300BF40	1	0
0300BF4D	0300BF4D	1	0
0300BF63	0300BF63	1	0
0300BF64	0300BF64	2	0
0300BF68	0300BF68	1	0
0300BF76	0300BF76	1	0
0300BF87	0300BF87	1	0
0300BF9D	0300BF9D	1	0
0300BFEE	0300BFEE	1	0
0300BFF4	0300BFF4	1	0
0300C000	0300C000	1	0
0300C00C	0300C00C	1	0
0300C00F	0300C00F	1	0
0300C015	0300C015	1	0
0300C019	0300C019	1	0
0300C023	0300C023	1	0
0300C032	0300C032	1	0
0300C04C	0300C04C	1	0
0300C056	0300C056	1	0
0300C073	0300C073	1	0
0300C0A9	0300C0A9	1	0
0300C0BB	0300C0BB	1	0
0300C0CD	0300C0CD	1	0
0300C0E8	0300C0E8	1	0
0300C0EF	0300C0EF	1	0
0300C103	0300C103	1	0
0300C11A	0300C11A	1	0
0300C144	0300C144	1	0
0300C166	0300C166	1	0
0300C1F4	0300C1F4	1	0
0300C212	0300C212	1	0
0300C215	0300C215	1	0
0300C222	0300C222	1	0
0300C227	0300C227	1	0
0300C233	0300C233	1	0
0300C262	0300C262	1	0
0300C279	0300C279	1	0
0300C2AB	0300C2AB	1	0
0300C301	0300C301	1	0
0300C303	0300C303	7	0
0300C311	0300C311	1	0
0300C31D	0300C31D	4	0
0300C33C	0300C33C	1	0
0300C342	0300C342	1	0
0300C348	0300C348	1	0
0300C37D	0300C37D	1	0
0300C400	0300C400	1	0
0300C417	0300C417	1	0
0300C433	0300C433	1	0
0300C454	0300C454	1	0
0300C494	0300C494	1	0
0300C503	0300C503	1	0
0300C516	0300C516	1	0
0300C5C2	0300C5C2	1	0
0300C5CC	0300C5CC	2	0
0300C600	0300C600	1	0
0300C603	0300C603	1	0
0300C608	0300C608	1	0
0300C611	0300C611	1	0
0300C628	0300C628	1	0
0300C629	0300C629	1	0
0300C62B	0300C62B	1	0
0300C666	0300C666	1	0
0300C669	0300C669	1	0
0300C6DD	0300C6DD	1	0
0300C703	0300C703	3	0
0300C713	0300C713	1	0
0300C767	0300C767	1	0
0300C76C	0300C76C	1	0
0300C777	0300C777	2	0
0300C788	0300C788	1	0
0300C801	0300C801	1	0
0300C802	0300C802	1	0
0300C803	0300C803	2	0
0300C841	0300C841	1	0
0300C842	0300C842	1	0
0300C84B	0300C84B	1	0
0300C850	0300C850	1	0
0300C851	0300C851	1	0
0300C85F	0300C85F	1	0
0300C861	0300C861	1	0
0300C87C	0300C87C	1	0
0300C8D5	0300C8D5	1	0
0300C900	0300C900	1	0
0300C903	0300C903	5	0
0300C906	0300C906	1	0
0300C9C8	0300C9C8	1	0
0300C9CF	0300C9CF	1	0
0300C9FD	0300C9FD	1	0
0300CA01	0300CA01	2	0
0300CA03	0300CA03	2	0
0300CA11	0300CA11	1	0
0300CA15	0300CA15	1	0
0300CA48	0300CA48	1	0
0300CA55	0300CA55	2	0
0300CA59	0300CA59	1	0
0300CAAE	0300CAAE	1	0
0300CABE	0300CABE	1	0
0300CAC3	0300CAC3	1	0
0300CAD9	0300CAD9	1	0
0300CAEB	0300CAEB	1	0
0300CB00	0300CB00	1	0
0300CB03	0300CB03	2	0
0300CB08	0300CB08	1	0
0300CB16	0300CB16	3	0
0300CB1A	0300CB1A	1	0
0300CB1C	0300CB1C	1	0
0300CB23	0300CB23	1	0
0300CB24	0300CB24	1	0
0300CB27	0300CB27	1	0
0300CB43	0300CB43	1	0
0300CB46	0300CB46	1	0
0300CB50	0300CB50	1	0
0300CB5D	0300CB5D	1	0
0300CB6B	0300CB6B	1	0
0300CB6E	0300CB6E	3	0
0300CB72	0300CB72	1	0
0300CB77	0300CB77	1	0
0300CB87	0300CB87	1	0
0300CB88	0300CB88	2	0
0300CBA6	0300CBA6	1	0
0300CBAA	0300CBAA	1	0
0300CBBB	0300CBBB	2	0
0300CBC2	0300CBC2	1	0
0300CBED	0300CBED	1	0
0300CBFD	0300CBFD	1	0
0300CC01	0300CC01	1	0
0300CC03	0300CC03	5	0
0300CC07	0300CC07	2	0
0300CC2A	0300CC2A	1	0
0300CC3C	0300CC3C	1	0
0300CC40	0300CC40	1	0
0300CC50	0300CC50	2	0
0300CC5A	0300CC5A	1	0
0300CC60	0300CC60	1	0
0300CC64	0300CC64	1	0
0300CC67	0300CC67	1	0
0300CC68	0300CC68	1	0
0300CC77	0300CC77	1	0
0300CC88	0300CC88	2	0
0300CCAA	0300CCAA	1	0
0300CCBB	0300CCBB	1	0
0300CCC8	0300CCC8	1	0
0300CCCB	0300CCCB	2	0
0300CCCC	0300CCCC	1	0
0300CCD6	0300CCD6	1	0
0300CCDB	0300CCDB	1	0
0300CCF1	0300CCF1	1	0
0300CD03	0300CD03	2	0
0300CD0E	0300CD0E	1	0
0300CD40	0300CD40	1	0
0300CD5C	0300CD5C	1	0
0300CD6C	0300CD6C	1	0
0300CD87	0300CD87	1	0
0300CD9F	0300CD9F	1	0
0300CDBB	0300CDBB	1	0
0300CDCB	0300CDCB	1	0
0300CDD1	0300CDD1	1	0
0300CDD7	0300CDD7	1	0
0300CDEA	0300CDEA	1	0
0300CDFF	0300CDFF	1	0
0300CE03	0300CE03	4	0
0300CE0C	0300CE0C	1	0
0300CE44	0300CE44	1	0
0300CE55	0300CE55	1	0
0300CE6F	0300CE6F	1	0
0300CE71	0300CE71	1	0
0300CE74	0300CE74	1	0
0300CE77	0300CE77	1	0
0300CE7F	0300CE7F	1	0
0300CEEE	0300CEEE	2	0
0300CF01	0300CF01	1	0
0300CF03	0300CF03	5	0
0300CF08	0300CF08	1	0
0300CF12	0300CF12	1	0
0300CF35	0300CF35	1	0
0300CF5F	0300CF5F	1	0
0300CF60	0300CF60	1	0
0300CF7D	0300CF7D	1	0
0300CFF0	0300CFF0	1	0
0300CFFF	0300CFFF	1	0
0300D001	0300D001	1	0
0300D00F	0300D00F	1	0
0300D035	0300D035	1	0
0300D03F	0300D03F	1	0
0300D040	0300D040	2	0
0300D08C	0300D08C	1	0
0300D0AA	0300D0AA	1	0
0300D0BC	0300D0BC	1	0
0300D103	0300D103	1	0
0300D111	0300D111	1	0
0300D11B	0300D11B	1	0
0300D11D	0300D11D	3	0
0300D153	0300D153	1	0
0300D201	0300D201	1	0
0300D203	0300D203	2	0
0300D210	0300D210	1	0
0300D233	0300D233	1	0
0300D236	0300D236	1	0
0300D24E	0300D24E	1	0
0300D2A7	0300D2A7	1	0
0300D302	0300D302	3	0
0300D312	0300D312	1	0
0300D31C	0300D31C	1	0
0300D340	0300D340	1	0
0300D344	0300D344	1	0
0300D400	0300D400	1	0
0300D402	0300D402	1	0
0300D40D	0300D40D	1	0
0300D411	0300D411	1	0
0300D412	0300D412	1	0
0300D441	0300D441	1	0
0300D444	0300D444	2	0
0300D49E	0300D49E	1	0
0300D4F3	0300D4F3	1	0
0300D4FA	0300D4FA	1	0
0300D500	0300D500	2	0
0300D501	0300D501	1	0
0300D503	0300D503	1	0
0300D507	0300D507	1	0
0300D511	0300D511	1	0
0300D523	0300D523	1	0
0300D527	0300D527	1	0
0300D54F	0300D54F	1	0
0300D574	0300D574	2	0
0300D599	0300D599	1	0
0300D5C3	0300D5C3	1	0
0300D5C7	0300D5C7	1	0
0300D5F8	0300D5F8	1	0
0300D600	0300D600	1	0
0300D603	0300D603	1	0
0300D65B	0300D65B	1	0
0300D666	0300D666	1	0
0300D6CC	0300D6CC	1	0
0300D717	0300D717	1	0
0300D742	0300D742	1	0
0300D7BC	0300D7BC	1	0
0300D7FF	0300D7FF	1	0
0300D801	0300D801	1	0
0300D83A	0300D83A	1	0
0300D855	0300D855	1	0
0300D8DD	0300D8DD	1	0
0300D8FD	0300D8FD	1	0
0300D903	0300D903	1	0
0300D90D	0300D90D	1	0
0300D910	0300D910	1	0
0300D91E	0300D91E	1	0
0300D94D	0300D94D	1	0
0300D9A7	0300D9A7	1	0
0300D9D4	0300D9D4	1	0
0300D9DD	0300D9DD	1	0
0300D9F0	0300D9F0	1	0
0300D9F7	0300D9F7	1	0
0300DA00	0300DA00	2	0
0300DA02	0300DA02	1	0
0300DA03	0300DA03	2	0
0300DA0D	0300DA0D	1	0
0300DA0F	0300DA0F	1	0
0300DA22	0300DA22	1	0
0300DA2B	0300DA2B	1	0
0300DA63	0300DA63	1	0
0300DA73	0300DA73	1	0
0300DA77	0300DA77	1	0
0300DA80	0300DA80	1	0
0300DA8B	0300DA8B	1	0
0300DAAA	0300DAAA	1	0
0300DAD6	0300DAD6	1	0
0300DAEE	0300DAEE	1	0
0300DB00	0300DB00	1	0
0300DB03	0300DB03	2	0
0300DB0E	0300DB0E	1	0
0300DB20	0300DB20	1	0
0300DB23	0300DB23	1	0
0300DB40	0300DB40	1	0
0300DB54	0300DB54	1	0
0300DB70	0300DB70	1	0
0300DB7A	0300DB7A	1	0
0300DB98	0300DB98	1	0
0300DBAA	0300DBAA	1	0
0300DBBB	0300DBBB	2	0
0300DBBD	0300DBBD	2	0
0300DBD8	0300DBD8	1	0
0300DBDD	0300DBDD	1	0
0300DBFB	0300DBFB	1	0
0300DBFF	0300DBFF	1	0
0300DC03	0300DC03	1	0
0300DC40	0300DC40	1	0
0300DC43	0300DC43	3	0
0300DC46	0300DC46	1	0
0300DC4F	0300DC4F	2	0
0300DC80	0300DC80	1	0
0300DC84	0300DC84	1	0
0300DCAA	0300DCAA	1	0
0300DCB5	0300DCB5	1	0
0300DCBF	0300DCBF	1	0
0300DCCD	0300DCCD	3	0
0300DCD5	0300DCD5	2	0
0300DCE0	0300DCE0	1	0
0300DCE3	0300DCE3	1	0
0300DCF3	0300DCF3	1	0
0300DD00	0300DD00	1	0
0300DD03	0300DD03	3	0
0300DD04	0300DD04	1	0
0300DD1A	0300DD1A	1	0
0300DD24	0300DD24	1	0
0300DD25	0300DD25	1	0
0300DD33	0300DD33	1	0
0300DD37	0300DD37	1	0
0300DD41	0300DD41	1	0
0300DD43	0300DD43	1	0
0300DD47	0300DD47	1	0
0300DD60	0300DD60	1	0
0300DD77	0300DD77	1	0
0300DDCB	0300DDCB	1	0
0300DDCC	0300DDCC	2	0
0300DDCD	0300DDCD	1	0
0300DDCE	0300DDCE	1	0
0300DDE9	0300DDE9	1	0
0300DDF7	0300DDF7	1	0
0300DDF9	0300DDF9	1	0
0300DDFF	0300DDFF	1	0
0300DE00	0300DE00	3	0
0300DE01	0300DE01	2	0
0300DE03	0300DE03	1	0
0300DE06	0300DE06	1	0
0300DE11	0300DE11	1	0
0300DE2C	0300DE2C	1	0
0300DE33	0300DE33	1	0
0300DE41	0300DE41	1	0
0300DE43	0300DE43	4	0
0300DE5B	0300DE5B	1	0
0300DE87	0300DE87	1	0
0300DE9A	0300DE9A	1	0
0300DEEF	0300DEEF	1	0
0300DEF0	0300DEF0	1	0
0300DEFE	0300DEFE	1	0
0300DEFF	0300DEFF	1	0
0300DF0B	0300DF0B	1	0
0300DF15	0300DF15	1	0
0300DF44	0300DF44	1	0
0300DF50	0300DF50	1	0
0300DF58	0300DF58	1	0
0300DFA0	0300DFA0	1	0
0300DFA7	0300DFA7	2	0
0300DFBD	0300DFBD	1	0
0300DFC8	0300DFC8	1	0
0300DFCB	0300DFCB	1	0
0300DFD7	0300DFD7	1	0
0300DFE1	0300DFE1	1	0
0300DFE7	0300DFE7	1	0
0300DFFA	0300DFFA	1	0
0300DFFE	0300DFFE	1	0
0300DFFF	0300DFFF	3	0
0300E001	0300E001	1	0
0300E007	0300E007	1	0
0300E00F	0300E00F	1	0
0300E011	0300E011	1	0
0300E014	0300E014	1	0
0300E01F	0300E01F	1	0
0300E050	0300E050	1	0
0300E08F	0300E08F	1	0
0300E0A9	0300E0A9	1	0
0300E0D0	0300E0D0	1	0
0300E0F8	0300E0F8	1	0
0300E113	0300E113	1	0
0300E121	0300E121	1	0
0300E14C	0300E14C	1	0
0300E172	0300E172	1	0
0300E1FF	0300E1FF	1	0
0300E200	0300E200	1	0
0300E203	0300E203	4	0
0300E206	0300E206	1	0
0300E2CD	0300E2CD	1	0
0300E301	0300E301	1	0
0300E303	0300E303	3	0
0300E310	0300E310	2	0
0300E313	0300E313	1	0
0300E31B	0300E31B	2	0
0300E322	0300E322	1	0
0300E32E	0300E32E	1	0
0300E332	0300E332	1	0
0300E333	0300E333	1	0
0300E3BC	0300E3BC	1	0
0300E3BE	0300E3BE	1	0
0300E3E3	0300E3E3	1	0
0300E3F0	0300E3F0	1	0
0300E402	0300E402	1	0
0300E403	0300E403	1	0
0300E414	0300E414	1	0
0300E417	0300E417	2	0
0300E440	0300E440	1	0
0300E466	0300E466	1	0
0300E4DD	0300E4DD	1	0
0300E4EB	0300E4EB	1	0
0300E503	0300E503	1	0
0300E520	0300E520	1	0
0300E527	0300E527	1	0
0300E532	0300E532	1	0
0300E533	0300E533	2	0
0300E544	0300E544	1	0
0300E555	0300E555	1	0
0300E5BE	0300E5BE	1	0
0300E5EE	0300E5EE	1	0
0300E5EF	0300E5EF	1	0
0300E5F2	0300E5F2	1	0
0300E603	0300E603	1	0
0300E606	0300E606	1	0
0300E640	0300E640	1	0
0300E641	0300E641	1	0
0300E69E	0300E69E	1	0
0300E6E3	0300E6E3	1	0
0300E700	0300E700	1	0
0300E703	0300E703	2	0
0300E710	0300E710	1	0
0300E71B	0300E71B	1	0
0300E733	0300E733	1	0
0300E737	0300E737	1	0
0300E743	0300E743	1	0
0300E753	0300E753	1	0
0300E756	0300E756	1	0
0300E76E	0300E76E	1	0
0300E777	0300E777	2	0
0300E77E	0300E77E	1	0
0300E789	0300E789	1	0
0300E795	0300E795	1	0
0300E7C3	0300E7C3	1	0
0300E803	0300E803	1	0
0300E807	0300E807	2	0
0300E81D	0300E81D	1	0
0300E846	0300E846	1	0
0300E86A	0300E86A	1	0
0300E87C	0300E87C	1	0
0300E888	0300E888	1	0
0300E8F2	0300E8F2	1	0
0300E900	0300E900	1	0
0300E903	0300E903	1	0
0300E933	0300E933	1	0
0300E940	0300E940	1	0
0300E943	0300E943	1	0
0300E950	0300E950	1	0
0300E95A	0300E95A	1	0
0300E995	0300E995	1	0
0300E999	0300E999	1	0
0300E9DB	0300E9DB	1	0
0300E9DE	0300E9DE	1	0
0300EA01	0300EA01	1	0
0300EA03	0300EA03	1	0
0300EA09	0300EA09	1	0
0300EA13	0300EA13	1	0
0300EA63	0300EA63	1	0
0300EA88	0300EA88	1	0
0300EAAA	0300EAAA	3	0
0300EAAB	0300EAAB	1	0
0300EABB	0300EABB	2	0
0300EAEE	0300EAEE	1	0
0300EB00	0300EB00	1	0
0300EB03	0300EB03	2	0
0300EB04	0300EB04	1	0
0300EB1B	0300EB1B	1	0
0300EB22	0300EB22	1	0
0300EB4C	0300EB4C	1	0
0300EB54	0300EB54	1	0
0300EB78	0300EB78	1	0
0300EB8F	0300EB8F	1	0
0300EC03	0300EC03	2	0
0300EC0F	0300EC0F	1	0
0300EC21	0300EC21	1	0
0300EC4C	0300EC4C	1	0
0300EC51	0300EC51	1	0
0300EC83	0300EC83	1	0
0300ECCC	0300ECCC	1	0
0300ECE3	0300ECE3	1	0
0300ED01	0300ED01	1	0
0300ED03	0300ED03	3	0
0300ED11	0300ED11	1	0
0300ED24	0300ED24	1	0
0300ED2F	0300ED2F	1	0
0300ED36	0300ED36	2	0
0300ED54	0300ED54	1	0
0300ED5D	0300ED5D	1	0
0300ED6C	0300ED6C	1	0
0300ED92	0300ED92	1	0
0300EDB6	0300EDB6	1	0
0300EDDD	0300EDDD	2	0
0300EDFF	0300EDFF	1	0
0300EE00	0300EE00	1	0
0300EE01	0300EE01	1	0
0300EE03	0300EE03	2	0
0300EE13	0300EE13	1	0
0300EE1C	0300EE1C	1	0
0300EE1F	0300EE1F	2	0
0300EE31	0300EE31	1	0
0300EE34	0300EE34	1	0
0300EE3B	0300EE3B	1	0
0300EE3E	0300EE3E	1	0
0300EE40	0300EE40	2	0
0300EE41	0300EE41	1	0
0300EE44	0300EE44	2	0
0300EE4D	0300EE4D	1	0
0300EE51	0300EE51	1	0
0300EE54	0300EE54	2	0
0300EE61	0300EE61	1	0
0300EE7E	0300EE7E	1	0
0300EE87	0300EE87	1	0
0300EEA9	0300EEA9	1	0
0300EEAA	0300EEAA	1	0
0300EEB1	0300EEB1	1	0
0300EECB	0300EECB	1	0
0300EECC	0300EECC	1	0
0300EEDE	0300EEDE	1	0
0300EEE1	0300EEE1	1	0
0300EEED	0300EEED	1	0
0300EEEF	0300EEEF	1	0
0300EF03	0300EF03	2	0
0300EF09	0300EF09	1	0
0300EF0D	0300EF0D	1	0
0300EF0F	0300EF0F	1	0
0300EF11	0300EF11	1	0
0300EF12	0300EF12	1	0
0300EF16	0300EF16	1	0
0300EF30	0300EF30	1	0
0300EF51	0300EF51	1	0
0300EF5A	0300EF5A	1	0
0300EF66	0300EF66	1	0
0300EF7B	0300EF7B	1	0
0300EF85	0300EF85	1	0
0300EF9B	0300EF9B	1	0
0300EFDD	0300EFDD	1	0
0300EFEE	0300EFEE	2	0
0300F000	0300F000	1	0
0300F001	0300F001	14	0
0300F002	0300F002	1	0
0300F003	0300F003	2	0
0300F00E	0300F00E	1	0
0300F013	0300F013	1	0
0300F050	0300F050	1	0
0300F060	0300F060	1	0
0300F0CC	0300F0CC	1	0
0300F0F9	0300F0F9	1	0
0300F111	0300F111	2	0
0300F211	0300F211	1	0
0300F222	0300F222	1	0
0300F226	0300F226	1	0
0300F252	0300F252	1	0
0300F256	0300F256	1	0
0300F25F	0300F25F	1	0
0300F27B	0300F27B	1	0
0300F2A7	0300F2A7	1	0
0300F301	0300F301	1	0
0300F303	0300F303	1	0
0300F304	0300F304	1	0
0300F315	0300F315	1	0
0300F333	0300F333	2	0
0300F351	0300F351	1	0
0300F356	0300F356	1	0
0300F3F0	0300F3F0	1	0
0300F403	0300F403	3	0
0300F404	0300F404	1	0
0300F416	0300F416	1	0
0300F473	0300F473	1	0
0300F4A1	0300F4A1	1	0
0300F4B9	0300F4B9	1	0
0300F4BA	0300F4BA	1	0
0300F4C3	0300F4C3	1	0
0300F501	0300F501	2	0
0300F533	0300F533	1	0
0300F54E	0300F54E	1	0
0300F551	0300F551	1	0
0300F55F	0300F55F	2	0
0300F5F9	0300F5F9	1	0
0300F603	0300F603	2	0
0300F612	0300F612	1	0
0300F627	0300F627	1	0
0300F63F	0300F63F	1	0
0300F650	0300F650	1	0
0300F660	0300F660	1	0
0300F667	0300F667	1	0
0300F6A9	0300F6A9	1	0
0300F6BA	0300F6BA	1	0
0300F6CC	0300F6CC	1	0
0300F6F0	0300F6F0	1	0
0300F705	0300F705	1	0
0300F707	0300F707	1	0
0300F70E	0300F70E	1	0
0300F712	0300F712	1	0
0300F713	0300F713	1	0
0300F722	0300F722	1	0
0300F725	0300F725	1	0
0300F740	0300F740	1	0
0300F747	0300F747	1	0
0300F750	0300F750	2	0
0300F751	0300F751	1	0
0300F777	0300F777	1	0
0300F799	0300F799	1	0
0300F79B	0300F79B	1	0
0300F7CB	0300F7CB	1	0
0300F800	0300F800	1	0
0300F802	0300F802	1	0
0300F803	0300F803	2	0
0300F807	0300F807	1	0
0300F80B	0300F80B	1	0
0300F820	0300F820	1	0
0300F84D	0300F84D	1	0
0300F85A	0300F85A	1	0
0300F87E	0300F87E	1	0
0300F87F	0300F87F	1	0
0300F892	0300F892	1	0
0300F8EE	0300F8EE	1	0
0300F8F7	0300F8F7	1	0
0300F8FF	0300F8FF	1	0
0300F901	0300F901	1	0
0300F903	0300F903	3	0
0300F915	0300F915	1	0
0300F940	0300F940	1	0
0300F944	0300F944	1	0
0300F950	0300F950	1	0
0300F97A	0300F97A	1	0
0300F9EF	0300F9EF	1	0
0300F9F1	0300F9F1	2	0
0300FA01	0300FA01	1	0
0300FA50	0300FA50	1	0
0300FA54	0300FA54	1	0
0300FA66	0300FA66	1	0
0300FA79	0300FA79	1	0
0300FA81	0300FA81	1	0
0300FAAA	0300FAAA	1	0
0300FB03	0300FB03	2	0
0300FB12	0300FB12	1	0
0300FB13	0300FB13	1	0
0300FB35	0300FB35	1	0
0300FB40	0300FB40	1	0
0300FBA0	0300FBA0	1	0
0300FBBF	0300FBBF	1	0
0300FBFF	0300FBFF	1	0
0300FC00	0300FC00	3	0
0300FC06	0300FC06	1	0
0300FC20	0300FC20	1	0
0300FC22	0300FC22	1	0
0300FC2B	0300FC2B	1	0
0300FC43	0300FC43	1	0
0300FC5F	0300FC5F	1	0
0300FC87	0300FC87	1	0
0300FC99	0300FC99	1	0
0300FCA9	0300FCA9	1	0
0300FCB7	0300FCB7	1	0
0300FCCC	0300FCCC	1	0
0300FCD2	0300FCD2	1	0
0300FD03	0300FD03	1	0
0300FD06	0300FD06	1	0
0300FD13	0300FD13	1	0
0300FD17	0300FD17	1	0
0300FD31	0300FD31	1	0
0300FD41	0300FD41	1	0
0300FD9E	0300FD9E	1	0
0300FDDD	0300FDDD	1	0
0300FDF0	0300FDF0	1	0
0300FDFE	0300FDFE	2	0
0300FE03	0300FE03	5	0
0300FE1C	0300FE1C	1	0
0300FE50	0300FE50	1	0
0300FE57	0300FE57	1	0
0300FE5F	0300FE5F	2	0
0300FE6C	0300FE6C	1	0
0300FE79	0300FE79	1	0
0300FE9D	0300FE9D	1	0
0300FEBB	0300FEBB	1	0
0300FEDC	0300FEDC	1	0
0300FEEE	0300FEEE	1	0
0300FEFE	0300FEFE	1	0
0300FF00	0300FF00	3	0
0300FF01	0300FF01	1	0
0300FF03	0300FF03	3	0
0300FF0A	0300FF0A	1	0
0300FF0F	0300FF0F	2	0
0300FF13	0300FF13	1	0
0300FF16	0300FF16	1	0
0300FF17	0300FF17	1	0
0300FF3A	0300FF3A	1	0
0300FF3F	0300FF3F	1	0
0300FF40	0300FF40	2	0
0300FF41	0300FF41	1	0
0300FF44	0300FF44	1	0
0300FF4F	0300FF4F	1	0
0300FF63	0300FF63	1	0
0300FF66	0300FF66	1	0
0300FF6B	0300FF6B	1	0
0300FF7F	0300FF7F	1	0
0300FF8F	0300FF8F	1	0
0300FF93	0300FF93	1	0
0300FFBB	0300FFBB	1	0
0300FFDC	0300FFDC	1	0
0300FFEE	0300FFEE	1	0
0300FFFF	0300FFFF	1	0
03010001	03010001	6	0
03010020	03010020	1	0
0301004C	0301004C	2	0
030100E0	030100E0	1	0
030101E0	030101E0	1	0
03010200	03010200	2	0
03010201	03010201	1	0
03010262	03010262	1	0
03010300	03010300	2	0
03010305	03010305	1	0
03010403	03010403	1	0
03010A11	03010A11	1	0
03010C0C	03010C0C	1	0
03010D60	03010D60	1	0
03010E20	03010E20	1	0
03011017	03011017	1	0
0301101F	0301101F	1	0
0301103B	0301103B	1	0
0301106F	0301106F	1	0
030110FD	030110FD	1	0
0301117C	0301117C	1	0
030113A4	030113A4	1	0
03012004	03012004	1	0
03012100	03012100	1	0
03012303	03012303	1	0
030125FB	030125FB	1	0
03013001	03013001	1	0
03013027	03013027	1	0
03013059	03013059	1	0
030130C0	030130C0	1	0
030130C1	030130C1	1	0
03013B37	03013B37	1	0
03014001	03014001	3	0
03014004	03014004	1	0
0301401F	0301401F	1	0
0301408F	0301408F	1	0
03015001	03015001	1	0
03015361	03015361	1	0
03015500	03015500	1	0
03015544	03015544	1	0
03015B03	03015B03	1	0
03015F11	03015F11	1	0
03016001	03016001	1	0
0301622F	0301622F	1	0
03016262	03016262	1	0
03016700	03016700	1	0
0301700D	0301700D	1	0
0301709F	0301709F	1	0
0301772C	0301772C	1	0
03017867	03017867	1	0
03018001	03018001	2	0
0301801F	0301801F	1	0
030181FF	030181FF	1	0
0301868B	0301868B	1	0
030187FF	030187FF	1	0
03018F99	03018F99	1	0
03019008	03019008	1	0
030190EF	030190EF	2	0
030190FD	030190FD	1	0
03019731	03019731	1	0
03019815	03019815	1	0
03019845	03019845	1	0
03019903	03019903	1	0
03019911	03019911	1	0
0301A01F	0301A01F	1	0
0301A02F	0301A02F	1	0
0301A0A3	0301A0A3	1	0
0301A0AD	0301A0AD	1	0
0301A0C3	0301A0C3	1	0
0301A0CB	0301A0CB	1	0
0301A0E1	0301A0E1	1	0
0301A900	0301A900	1	0
0301AAF0	0301AAF0	1	0
0301AFDD	0301AFDD	1	0
0301AFFA	0301AFFA	1	0
0301B001	0301B001	1	0
0301B09F	0301B09F	1	0
0301B0FF	0301B0FF	1	0
0301B71D	0301B71D	1	0
0301BB3B	0301BB3B	1	0
0301BD34	0301BD34	1	0
0301C001	0301C001	1	0
0301C903	0301C903	1	0
0301CCB9	0301CCB9	1	0
0301D001	0301D001	1	0
0301D007	0301D007	1	0
0301D073	0301D073	1	0
0301D477	0301D477	1	0
0301D951	0301D951	1	0
0301DA00	0301DA00	1	0
0301E001	0301E001	1	0
0301E07A	0301E07A	1	0
0301F001	0301F001	3	0
0301F01B	0301F01B	1	0
0301F0CB	0301F0CB	1	0
0301F0FF	0301F0FF	1	0
0301F300	0301F300	1	0
0301F402	0301F402	1	0
0301F640	0301F640	1	0
0301FB10	0301FB10	1	0
0301FF02	0301FF02	4	0
03020000	03020000	4	0
03020023	03020023	1	0
0302003B	0302003B	2	0
03020049	03020049	1	0
03020055	03020055	1	0
0302008B	0302008B	1	0
030200A9	030200A9	1	0
030200C9	030200C9	1	0
03020100	03020100	5	0
03020201	03020201	1	0
03020203	03020203	1	0
030202B8	030202B8	1	0
03020303	03020303	1	0
03020314	03020314	1	0
030203F7	030203F7	1	0
03020700	03020700	1	0
03020729	03020729	1	0
030210FE	030210FE	1	0
03022507	03022507	1	0
03023F33	03023F33	1	0
03024603	03024603	1	0
03024D02	03024D02	1	0
0302575D	0302575D	1	0
030271E4	030271E4	1	0
030271FF	030271FF	1	0
03028007	03028007	1	0
030288F0	030288F0	1	0
03028CDF	03028CDF	1	0
03029736	03029736	1	0
03029940	03029940	1	0
03029A20	03029A20	1	0
0302A41F	0302A41F	1	0
0302CC7F	0302CC7F	1	0
0302CC9B	0302CC9B	1	0
0302DD01	0302DD01	1	0
0302EF90	0302EF90	1	0
0302F301	0302F301	1	0
03030000	03030000	5	0
03030004	03030004	1	0
03030006	03030006	1	0
0303000A	0303000A	2	0
03030023	03030023	1	0
03030025	03030025	1	0
03030031	03030031	1	0
03030032	03030032	1	0
03030033	03030033	1	0
03030036	03030036	1	0
0303003A	0303003A	1	0
03030042	03030042	1	0
03030044	03030044	1	0
03030051	03030051	1	0
03030055	03030055	1	0
0303005E	0303005E	1	0
03030065	03030065	1	0
0303006F	0303006F	1	0
03030086	03030086	1	0
0303009D	0303009D	1	0
030300B0	030300B0	1	0
030300B5	030300B5	1	0
030300BD	030300BD	1	0
030300C0	030300C0	1	0
030300C1	030300C1	1	0
030300C3	030300C3	1	0
030300C4	030300C4	1	0
030300C8	030300C8	1	0
030300CA	030300CA	1	0
030300DD	030300DD	2	0
030300DF	030300DF	1	0
030300E8	030300E8	1	0
030300F7	030300F7	1	0
030300FA	030300FA	1	0
030300FC	030300FC	1	0
03030200	03030200	3	0
03030202	03030202	1	0
030302BE	030302BE	1	0
03030302	03030302	1	0
03030303	03030303	2	0
03030320	03030320	1	0
03030402	03030402	1	0
03030403	03030403	1	0
03030900	03030900	1	0
03030A03	03030A03	1	0
03030F21	03030F21	1	0
03031004	03031004	1	0
03031005	03031005	1	0
0303100B	0303100B	1	0
0303100F	0303100F	1	0
0303101F	0303101F	1	0
03031023	03031023	1	0
03031055	03031055	1	0
03031066	03031066	1	0
03031077	03031077	1	0
03031088	03031088	1	0
030310B7	030310B7	1	0
030310C8	030310C8	1	0
030310CC	030310CC	1	0
030310CF	030310CF	1	0
030310D2	030310D2	1	0
030310D3	030310D3	1	0
030310DD	030310DD	2	0
030310E3	030310E3	1	0
030310F2	030310F2	1	0
030310F3	030310F3	2	0
030310FC	030310FC	1	0
030311FF	030311FF	1	0
03031201	03031201	1	0
03031387	03031387	1	0
0303170B	0303170B	1	0
03032046	03032046	1	0
03032047	03032047	1	0
03032055	03032055	1	0
030320EB	030320EB	1	0
030320FF	030320FF	1	0
03032404	03032404	1	0
030330FB	030330FB	1	0
03033141	03033141	1	0
03033761	03033761	3	0
03033770	03033770	1	0
03033D00	03033D00	1	0
03034003	03034003	1	0
03034006	03034006	1	0
03035041	03035041	1	0
03035269	03035269	1	0
03035FE0	03035FE0	1	0
03036400	03036400	1	0
030365D9	030365D9	1	0
03036603	03036603	1	0
03036898	03036898	1	0
03037003	03037003	1	0
03037011	03037011	1	0
03037066	03037066	1	0
03038033	03038033	1	0
03038045	03038045	1	0
0303804B	0303804B	1	0
0303807F	0303807F	1	0
0303913F	0303913F	1	0
03039741	03039741	1	0
0303A98C	0303A98C	1	0
0303B3CA	0303B3CA	2	0
0303DA10	0303DA10	1	0
0303F409	0303F409	1	0
03040033	03040033	1	0
030400ED	030400ED	1	0
030400EF	030400EF	1	0
03040101	03040101	2	0
0304010B	0304010B	1	0
03040231	03040231	1	0
03040304	03040304	3	0
03040320	03040320	1	0
03040324	03040324	1	0
03040400	03040400	1	0
03040401	03040401	1	0
03040404	03040404	5	0
030407E0	030407E0	2	0
03040804	03040804	3	0
03041076	03041076	1	0
03041199	03041199	1	0
030411D6	030411D6	1	0
0304140A	0304140A	1	0
0304191E	0304191E	1	0
03041A23	03041A23	1	0
03041F00	03041F00	1	0
03042189	03042189	1	0
03042444	03042444	1	0
03042904	03042904	1	0
03043802	03043802	1	0
03043821	03043821	1	0
0304445C	0304445C	1	0
03044708	03044708	1	0
0304490B	0304490B	1	0
03046700	03046700	1	0
03047787	03047787	1	0
03049005	03049005	1	0
030496BB	030496BB	1	0
0304CC40	0304CC40	1	0
0304CF53	0304CF53	1	0
0304D703	0304D703	1	0
0304ECCE	0304ECCE	1	0
0304EF03	0304EF03	2	0
0305009C	0305009C	1	0
030500DE	030500DE	1	0
03050130	03050130	1	0
03050300	03050300	1	0
03050405	03050405	1	0
03050504	03050504	1	0
03050611	03050611	1	0
030513FF	030513FF	1	0
03051479	03051479	1	0
0305151D	0305151D	1	0
03053C00	03053C00	1	0
03055F09	03055F09	1	0
03058C2F	03058C2F	1	0
03059C03	03059C03	1	0
0305A752	0305A752	1	0
03060013	03060013	1	0
0306009C	0306009C	1	0
030600C8	030600C8	1	0
030602D4	030602D4	1	0
030602FE	030602FE	1	0
03060366	03060366	1	0
0306080A	0306080A	1	0
03060F60	03060F60	1	0
03062742	03062742	1	0
03062900	03062900	1	0
03065429	03065429	1	0
03065BCC	03065BCC	1	0
03069AF5	03069AF5	1	0
0306CB42	0306CB42	1	0
0306EFCE	0306EFCE	1	0
0307000F	0307000F	1	0
0307001B	0307001B	1	0
03070026	03070026	1	0
0307008D	0307008D	1	0
0307009D	0307009D	1	0
030700C0	030700C0	1	0
030700CB	030700CB	1	0
030700FF	030700FF	1	0
03070306	03070306	1	0
03070310	03070310	2	0
0307032B	0307032B	1	0
030704C0	030704C0	1	0
030707EF	030707EF	1	0
03071001	03071001	1	0
03071003	03071003	1	0
0307100B	0307100B	2	0
03071033	03071033	1	0
0307108F	0307108F	1	0
030710E8	030710E8	1	0
030710FA	030710FA	1	0
0307120F	0307120F	1	0
03072028	03072028	1	0
03072047	03072047	1	0
030720A7	030720A7	1	0
030720FE	030720FE	1	0
0307235F	0307235F	2	0
03072A13	03072A13	1	0
03073003	03073003	1	0
030730B3	030730B3	1	0
030742F7	030742F7	1	0
030753DB	030753DB	1	0
0307542B	0307542B	1	0
0307803F	0307803F	1	0
03078091	03078091	1	0
0307BF12	0307BF12	1	0
0307E325	0307E325	2	0
03080000	03080000	2	0
0308002F	0308002F	2	0
03080042	03080042	1	0
030800D9	030800D9	1	0
030800DD	030800DD	1	0
030800FF	030800FF	1	0
03080154	03080154	1	0
03080300	03080300	1	0
0308030C	0308030C	1	0
030804CC	030804CC	1	0
03080827	03080827	1	0
03080D20	03080D20	1	0
03081202	03081202	1	0
0308131F	0308131F	1	0
0308230E	0308230E	1	0
03082EDF	03082EDF	1	0
03083902	03083902	1	0
03083CF7	03083CF7	1	0
03084003	03084003	1	0
03084048	03084048	1	0
03088844	03088844	1	0
03089A04	03089A04	1	0
03089DD2	03089DD2	1	0
0308C21D	0308C21D	1	0
0308D57F	0308D57F	1	0
03090008	03090008	1	0
030904C3	030904C3	1	0
03091107	03091107	1	0
03094002	03094002	1	0
03094451	03094451	1	0
03094806	03094806	3	0
03095308	03095308	1	0
03099ACD	03099ACD	1	0
0309E300	0309E300	1	0
030A0000	030A0000	1	0
030A0009	030A0009	1	0
030A009C	030A009C	1	0
030A00DF	030A00DF	1	0
030A00E1	030A00E1	1	0
030A0103	030A0103	1	0
030A03ED	030A03ED	1	0
030A0905	030A0905	1	0
030A1F00	030A1F00	1	0
030A30DF	030A30DF	2	0
030A5101	030A5101	1	0
030A7009	030A7009	1	0
030A8008	030A8008	1	0
030A9B77	030A9B77	1	0
030AD99D	030AD99D	1	0
030AFF60	030AFF60	1	0
030B000A	030B000A	1	0
030B00B5	030B00B5	1	0
030B00BA	030B00BA	1	0
030B030A	030B030A	1	0
030B0712	030B0712	1	0
030B08C2	030B08C2	1	0
030B1001	030B1001	1	0
030B102C	030B102C	1	0
030B13C0	030B13C0	1	0
030B1504	030B1504	1	0
030B1C73	030B1C73	1	0
030B2081	030B2081	1	0
030B3034	030B3034	1	0
030B330A	030B330A	1	0
030B3A49	030B3A49	1	0
030B3B3B	030B3B3B	1	0
030B40C3	030B40C3	1	0
030B5FD0	030B5FD0	1	0
030B608C	030B608C	1	0
030BCDB9	030BCDB9	1	0
030C0004	030C0004	1	0
030C000B	030C000B	1	0
030C0079	030C0079	1	0
030C00CC	030C00CC	1	0
030C10EF	030C10EF	1	0
030CB616	030CB616	1	0
030CBC35	030CBC35	1	0
030CE500	030CE500	1	0
030D000C	030D000C	1	0
030D0030	030D0030	1	0
030D03B6	030D03B6	1	0
030D08D1	030D08D1	1	0
030D1001	030D1001	1	0
030D1029	030D1029	1	0
030D3327	030D3327	1	0
030D4440	030D4440	1	0
030D8002	030D8002	1	0
030D9865	030D9865	1	0
030DBB03	030DBB03	1	0
030E0003	030E0003	1	0
030E0033	030E0033	1	0
030E0078	030E0078	1	0
030E007C	030E007C	1	0
030E030C	030E030C	1	0
030E14D8	030E14D8	1	0
030E2111	030E2111	1	0
030E4500	030E4500	1	0
030E55E0	030E55E0	1	0
030EB710	030EB710	1	0
030EE003	030EE003	1	0
030EE005	030EE005	1	0
030F000E	030F000E	3	0
030F0019	030F0019	1	0
030F0076	030F0076	1	0
030F0130	030F0130	1	0
030F0135	030F0135	1	0
030F038B	030F038B	1	0
030F109F	030F109F	1	0
030F20F3	030F20F3	1	0
030F285F	030F285F	1	0
030F58CC	030F58CC	1	0
030F5A07	030F5A07	1	0
030F5E0D	030F5E0D	1	0
030F6400	030F6400	1	0
030F6556	030F6556	1	0
030F730E	030F730E	1	0
030F7607	030F7607	1	0
030F8247	030F8247	1	0
030F900F	030F900F	1	0
030F907A	030F907A	1	0
030FA099	030FA099	1	0
030FDD95	030FDD95	1	0
030FF77E	030FF77E	1	0
03100000	03100000	1	0
03100003	03100003	2	0
03100008	03100008	1	0
0310000E	0310000E	1	0
0310000F	0310000F	1	0
03100044	03100044	1	0
0310005B	0310005B	1	0
03100064	03100064	1	0
03100077	03100077	2	0
03100081	03100081	1	0
031000B4	031000B4	1	0
031000C3	031000C3	1	0
031000EC	031000EC	1	0
031000FB	031000FB	1	0
031000FF	031000FF	1	0
03100200	03100200	3	0
03100202	03100202	1	0
03100207	03100207	1	0
03100304	03100304	1	0
03100311	03100311	1	0
03100314	03100314	1	0
03100323	03100323	1	0
031003D2	031003D2	1	0
031003F0	031003F0	5	0
03100400	03100400	4	0
0310040D	0310040D	1	0
03100411	03100411	1	0
03100440	03100440	1	0
03100600	03100600	6	0
03100602	03100602	1	0
0310060C	0310060C	1	0
03100696	03100696	1	0
03100700	03100700	12	0
03100705	03100705	1	0
03100710	03100710	3	0
03100714	03100714	1	0
03100722	03100722	1	0
03100740	03100740	3	0
03100768	03100768	1	0
03100800	03100800	5	0
03100801	03100801	1	0
03100916	03100916	1	0
03100A00	03100A00	3	0
03100B02	03100B02	1	0
03100B10	03100B10	2	0
03100B22	03100B22	1	0
03100B40	03100B40	1	0
03100B60	03100B60	1	0
03100B90	03100B90	1	0
03100C00	03100C00	3	0
03100C10	03100C10	2	0
03100C11	03100C11	1	0
03100C38	03100C38	1	0
03100D00	03100D00	1	0
03100D05	03100D05	1	0
03100DB4	03100DB4	1	0
03100E00	03100E00	3	0
03100E06	03100E06	1	0
03100E10	03100E10	1	0
03100E11	03100E11	1	0
03100EEC	03100EEC	1	0
03100F00	03100F00	3	0
03100F10	03100F10	2	0
03100F1B	03100F1B	1	0
03100F30	03100F30	1	0
03100F33	03100F33	1	0
03100F40	03100F40	1	0
03100F44	03100F44	1	0
03100F60	03100F60	1	0
03100FED	03100FED	1	0
03101000	03101000	1	0
03101003	03101003	1	0
03101048	03101048	1	0
03101055	03101055	1	0
03101100	03101100	2	0
03101101	03101101	1	0
03101103	03101103	1	0
0310110E	0310110E	1	0
03101110	03101110	1	0
03101111	03101111	4	0
0310112E	0310112E	1	0
03101133	03101133	1	0
031011C4	031011C4	1	0
031011F6	031011F6	1	0
03101200	03101200	4	0
03101222	03101222	2	0
03101247	03101247	1	0
03101255	03101255	1	0
03101267	03101267	1	0
031012B2	031012B2	1	0
03101300	03101300	1	0
03101303	03101303	3	0
03101310	03101310	2	0
03101312	03101312	1	0
03101313	03101313	1	0
0310131E	0310131E	1	0
03101344	03101344	1	0
03101400	03101400	4	0
03101410	03101410	1	0
03101500	03101500	2	0
03101510	03101510	1	0
03101512	03101512	1	0
03101513	03101513	1	0
03101600	03101600	2	0
03101601	03101601	1	0
03101666	03101666	1	0
03101701	03101701	1	0
03101703	03101703	1	0
03101704	03101704	1	0
03101706	03101706	1	0
03101709	03101709	1	0
03101712	03101712	1	0
0310171F	0310171F	1	0
03101738	03101738	1	0
03101742	03101742	1	0
03101800	03101800	2	0
03101810	03101810	2	0
03101900	03101900	1	0
03101A00	03101A00	2	0
03101B10	03101B10	1	0
03101B1C	03101B1C	1	0
03101B21	03101B21	2	0
03101B32	03101B32	1	0
03101B46	03101B46	1	0
03101B64	03101B64	1	0
03101C00	03101C00	2	0
03101D73	03101D73	1	0
03101DCE	03101DCE	1	0
03101E30	03101E30	1	0
03101F00	03101F00	1	0
03101F01	03101F01	1	0
03101F03	03101F03	1	0
03101F15	03101F15	1	0
03101F1B	03101F1B	1	0
03101F1C	03101F1C	1	0
03101F27	03101F27	1	0
03101FA0	03101FA0	1	0
03101FE3	03101FE3	1	0
03102002	03102002	1	0
03102003	03102003	2	0
03102107	03102107	1	0
03102111	03102111	1	0
03102140	03102140	1	0
0310215C	0310215C	1	0
03102175	03102175	1	0
0310218B	0310218B	1	0
031021FE	031021FE	1	0
03102203	03102203	2	0
03102204	03102204	2	0
03102207	03102207	1	0
03102216	03102216	2	0
0310221D	0310221D	1	0
03102226	03102226	1	0
03102239	03102239	1	0
03102241	03102241	1	0
0310227F	0310227F	1	0
03102300	03102300	2	0
03102301	03102301	2	0
03102313	03102313	1	0
03102331	03102331	1	0
0310236C	0310236C	1	0
03102379	03102379	1	0
03102411	03102411	1	0
03102432	03102432	1	0
0310243E	0310243E	1	0
0310250D	0310250D	1	0
03102510	03102510	1	0
03102562	03102562	1	0
03102600	03102600	1	0
03102603	03102603	1	0
03102604	03102604	1	0
03102710	03102710	2	0
03102711	03102711	1	0
03102712	03102712	1	0
03102740	03102740	1	0
03102757	03102757	1	0
03102800	03102800	1	0
03102801	03102801	1	0
03102803	03102803	2	0
03102902	03102902	1	0
03102999	03102999	1	0
03102A01	03102A01	1	0
03102A23	03102A23	1	0
03102B00	03102B00	2	0
03102B36	03102B36	1	0
03102B56	03102B56	1	0
03102BD0	03102BD0	1	0
03102C00	03102C00	1	0
03102C01	03102C01	1	0
03102C10	03102C10	1	0
03102D00	03102D00	2	0
03102D0A	03102D0A	1	0
03102D21	03102D21	1	0
03102D22	03102D22	1	0
03102E02	03102E02	1	0
03102E28	03102E28	1	0
03102E32	03102E32	1	0
03102F00	03102F00	1	0
03102F12	03102F12	1	0
03102F60	03102F60	1	0
03102F92	03102F92	1	0
03103018	03103018	1	0
03103200	03103200	2	0
03103201	03103201	1	0
03103203	03103203	1	0
03103204	03103204	1	0
03103205	03103205	2	0
03103221	03103221	1	0
03103283	03103283	1	0
03103300	03103300	3	0
03103301	03103301	7	0
03103303	03103303	3	0
0310330F	0310330F	1	0
03103322	03103322	1	0
03103323	03103323	1	0
03103340	03103340	1	0
03103344	03103344	1	0
0310336A	0310336A	1	0
031033AA	031033AA	1	0
03103406	03103406	1	0
03103411	03103411	1	0
03103427	03103427	1	0
03103456	03103456	3	0
03103493	03103493	1	0
03103610	03103610	1	0
03103642	03103642	1	0
0310368F	0310368F	1	0
03103702	03103702	1	0
03103710	03103710	1	0
03103720	03103720	1	0
03103724	03103724	1	0
03103740	03103740	1	0
03103760	03103760	1	0
03103761	03103761	1	0
03103780	03103780	1	0
03103900	03103900	1	0
03103A1D	03103A1D	1	0
03103B00	03103B00	2	0
03103B01	03103B01	1	0
03103B10	03103B10	1	0
03103BB3	03103BB3	1	0
03103E02	03103E02	1	0
03103EFF	03103EFF	1	0
03103F0C	03103F0C	1	0
03103F10	03103F10	1	0
03103F11	03103F11	1	0
03103F14	03103F14	1	0
03103F31	03103F31	1	0
03103F51	03103F51	1	0
03103F86	03103F86	1	0
03103F91	03103F91	1	0
03104000	03104000	1	0
03104011	03104011	1	0
03104102	03104102	1	0
03104103	03104103	1	0
03104154	03104154	1	0
031041DE	031041DE	1	0
03104220	03104220	1	0
03104222	03104222	1	0
03104228	03104228	1	0
03104236	03104236	1	0
0310426F	0310426F	1	0
031042F2	031042F2	1	0
03104300	03104300	1	0
03104301	03104301	1	0
03104303	03104303	1	0
03104310	03104310	1	0
03104314	03104314	1	0
031043CB	031043CB	1	0
03104401	03104401	1	0
03104402	03104402	1	0
03104403	03104403	1	0
03104440	03104440	2	0
03104450	03104450	1	0
03104454	03104454	1	0
03104468	03104468	1	0
0310446D	0310446D	1	0
03104478	03104478	1	0
031044AA	031044AA	1	0
031044AC	031044AC	2	0
03104567	03104567	1	0
03104612	03104612	1	0
0310467D	0310467D	1	0
03104711	03104711	2	0
03104740	03104740	1	0
03104746	03104746	1	0
03104761	03104761	1	0
03104791	03104791	1	0
03104822	03104822	1	0
03104B00	03104B00	1	0
03104B41	03104B41	1	0
03104B51	03104B51	1	0
03104BB8	03104BB8	1	0
03104C44	03104C44	1	0
03104C81	03104C81	1	0
03104E03	03104E03	1	0
03104E04	03104E04	1	0
03104E35	03104E35	1	0
03104F01	03104F01	1	0
03104F13	03104F13	1	0
03104F23	03104F23	1	0
03104F80	03104F80	1	0
03105011	03105011	1	0
03105110	03105110	1	0
0310516B	0310516B	1	0
0310525F	0310525F	1	0
03105300	03105300	1	0
03105322	03105322	1	0
03105363	03105363	1	0
03105412	03105412	1	0
03105418	03105418	1	0
03105444	03105444	1	0
03105449	03105449	1	0
03105451	03105451	1	0
03105500	03105500	1	0
03105502	03105502	1	0
03105503	03105503	1	0
03105504	03105504	1	0
03105511	03105511	1	0
03105512	03105512	1	0
0310551B	0310551B	1	0
03105555	03105555	2	0
0310555A	0310555A	1	0
03105566	03105566	2	0
031055AB	031055AB	1	0
031055CB	031055CB	1	0
03105600	03105600	1	0
03105655	03105655	1	0
03105665	03105665	2	0
031056FF	031056FF	1	0
03105703	03105703	1	0
03105778	03105778	1	0
03105800	03105800	4	0
03105803	03105803	1	0
03105910	03105910	1	0
0310596C	0310596C	1	0
03105B0A	03105B0A	1	0
03105B13	03105B13	1	0
03105C00	03105C00	1	0
03105C05	03105C05	1	0
03105CFF	03105CFF	1	0
03105D02	03105D02	1	0
03105D40	03105D40	1	0
03105DEE	03105DEE	1	0
03105F02	03105F02	3	0
03105F03	03105F03	1	0
03105F11	03105F11	1	0
03105F20	03105F20	1	0
03105F40	03105F40	1	0
03105FA1	03105FA1	1	0
03106001	03106001	2	0
03106011	03106011	1	0
031060CE	031060CE	1	0
031060E3	031060E3	1	0
03106102	03106102	1	0
03106114	03106114	1	0
03106201	03106201	2	0
03106210	03106210	1	0
03106235	03106235	1	0
03106300	03106300	1	0
03106301	03106301	1	0
03106310	03106310	2	0
03106381	03106381	1	0
03106400	03106400	1	0
03106440	03106440	1	0
03106503	03106503	1	0
03106555	03106555	1	0
0310656B	0310656B	1	0
03106600	03106600	1	0
03106601	03106601	1	0
03106603	03106603	2	0
03106608	03106608	1	0
03106613	03106613	1	0
03106616	03106616	1	0
03106636	03106636	1	0
03106655	03106655	1	0
03106656	03106656	1	0
03106666	03106666	3	0
03106677	03106677	1	0
0310667D	0310667D	1	0
03106688	03106688	1	0
0310668E	0310668E	1	0
031066A6	031066A6	1	0
031066D7	031066D7	1	0
0310670E	0310670E	1	0
03106710	03106710	1	0
03106715	03106715	1	0
03106717	03106717	1	0
03106741	03106741	1	0
03106765	03106765	1	0
03106801	03106801	1	0
03106802	03106802	1	0
03106903	03106903	1	0
03106A02	03106A02	1	0
03106A25	03106A25	1	0
03106A42	03106A42	1	0
03106AAA	03106AAA	1	0
03106B01	03106B01	2	0
03106B04	03106B04	1	0
03106B2C	03106B2C	1	0
03106B30	03106B30	1	0
03106B32	03106B32	1	0
03106BBB	03106BBB	1	0
03106D02	03106D02	1	0
03106D03	03106D03	1	0
03106D20	03106D20	1	0
03106DBC	03106DBC	1	0
03106E14	03106E14	1	0
03106E66	03106E66	1	0
03106F00	03106F00	1	0
03106F02	03106F02	1	0
03106F08	03106F08	1	0
03106F0A	03106F0A	1	0
03106F10	03106F10	1	0
03106F17	03106F17	1	0
03106F44	03106F44	1	0
03106F62	03106F62	1	0
03107000	03107000	1	0
03107100	03107100	1	0
03107112	03107112	1	0
03107252	03107252	1	0
031072F7	031072F7	1	0
03107300	03107300	2	0
03107302	03107302	1	0
03107314	03107314	1	0
03107352	03107352	1	0
03107400	03107400	1	0
03107410	03107410	1	0
03107477	03107477	1	0
03107503	03107503	1	0
03107510	03107510	1	0
03107542	03107542	1	0
03107556	03107556	1	0
03107643	03107643	1	0
03107670	03107670	1	0
03107700	03107700	1	0
03107701	03107701	2	0
03107703	03107703	4	0
03107705	03107705	1	0
03107716	03107716	1	0
03107740	03107740	1	0
03107762	03107762	1	0
03107763	03107763	1	0
03107764	03107764	1	0
03107769	03107769	1	0
03107770	03107770	1	0
03107773	03107773	1	0
03107777	03107777	5	0
03107787	03107787	1	0
031077C7	031077C7	1	0
03107802	03107802	1	0
03107803	03107803	1	0
03107887	03107887	1	0
03107899	03107899	1	0
03107900	03107900	1	0
03107977	03107977	1	0
03107A00	03107A00	1	0
03107A13	03107A13	1	0
03107A34	03107A34	1	0
03107AFA	03107AFA	1	0
03107B01	03107B01	1	0
03107B03	03107B03	1	0
03107B07	03107B07	1	0
03107B0C	03107B0C	1	0
03107B10	03107B10	1	0
03107B12	03107B12	1	0
03107B33	03107B33	1	0
03107B42	03107B42	1	0
03107C24	03107C24	1	0
03107D03	03107D03	1	0
03107DD7	03107DD7	1	0
03107F00	03107F00	1	0
03107F0C	03107F0C	1	0
03107F12	03107F12	1	0
03107F50	03107F50	1	0
03107F83	03107F83	1	0
03108000	03108000	1	0
0310803C	0310803C	1	0
0310804C	0310804C	1	0
03108058	03108058	1	0
0310809A	0310809A	1	0
0310809E	0310809E	1	0
031080AE	031080AE	1	0
031080BA	031080BA	2	0
031080BC	031080BC	1	0
031080C4	031080C4	1	0
031080CB	031080CB	1	0
031080E0	031080E0	1	0
031080F5	031080F5	1	0
03108103	03108103	1	0
03108111	03108111	1	0
0310815D	0310815D	1	0
03108215	03108215	1	0
03108221	03108221	1	0
03108254	03108254	1	0
031082D7	031082D7	1	0
03108301	03108301	1	0
03108311	03108311	1	0
03108315	03108315	1	0
0310832B	0310832B	1	0
03108341	03108341	1	0
03108355	03108355	1	0
031083AB	031083AB	1	0
03108444	03108444	1	0
03108455	03108455	1	0
03108499	03108499	1	0
03108504	03108504	1	0
03108541	03108541	1	0
03108577	03108577	1	0
0310859B	0310859B	1	0
031085BA	031085BA	1	0
031085CB	031085CB	1	0
031085D6	031085D6	1	0
031086E7	031086E7	1	0
03108700	03108700	2	0
03108703	03108703	1	0
03108716	03108716	1	0
03108721	03108721	1	0
03108722	03108722	1	0
0310875D	0310875D	1	0
03108786	03108786	1	0
03108792	03108792	1	0
031087E3	031087E3	1	0
03108807	03108807	1	0
0310881B	0310881B	1	0
0310882F	0310882F	1	0
0310883F	0310883F	1	0
03108864	03108864	1	0
03108888	03108888	1	0
03108899	03108899	1	0
031088CE	031088CE	1	0
031088E4	031088E4	1	0
031088E8	031088E8	1	0
031088EE	031088EE	1	0
03108903	03108903	1	0
03108911	03108911	1	0
0310892C	0310892C	1	0
03108935	03108935	1	0
03108944	03108944	2	0
03108970	03108970	1	0
03108987	03108987	1	0
0310898D	0310898D	1	0
031089BB	031089BB	1	0
03108A26	03108A26	1	0
03108A5E	03108A5E	1	0
03108A72	03108A72	1	0
03108ACC	03108ACC	1	0
03108B00	03108B00	1	0
03108B01	03108B01	1	0
03108B10	03108B10	1	0
03108BAA	03108BAA	1	0
03108C01	03108C01	1	0
03108C58	03108C58	1	0
03108D4A	03108D4A	1	0
03108E18	03108E18	1	0
03108E94	03108E94	1	0
03108F00	03108F00	2	0
03108F04	03108F04	2	0
03108F11	03108F11	1	0
03108F12	03108F12	1	0
03108F82	03108F82	1	0
03108FD1	03108FD1	1	0
03108FDD	03108FDD	1	0
03109069	03109069	1	0
031090DD	031090DD	1	0
03109132	03109132	1	0
0310918F	0310918F	1	0
03109203	03109203	1	0
0310920C	0310920C	1	0
03109223	03109223	1	0
03109310	03109310	1	0
03109311	03109311	1	0
0310931A	0310931A	1	0
03109340	03109340	1	0
03109342	03109342	5	0
03109343	03109343	1	0
03109352	03109352	1	0
03109362	03109362	1	0
03109402	03109402	1	0
03109403	03109403	1	0
0310942E	0310942E	1	0
0310950B	0310950B	1	0
03109510	03109510	1	0
03109516	03109516	1	0
03109559	03109559	1	0
03109640	03109640	1	0
0310976B	0310976B	1	0
031097BE	031097BE	1	0
03109800	03109800	1	0
03109802	03109802	1	0
03109803	03109803	4	0
03109877	03109877	1	0
03109901	03109901	1	0
03109903	03109903	1	0
0310990F	0310990F	1	0
03109939	03109939	1	0
03109950	03109950	1	0
03109961	03109961	1	0
03109964	03109964	1	0
03109967	03109967	1	0
03109992	03109992	1	0
03109997	03109997	1	0
03109999	03109999	1	0
03109A10	03109A10	1	0
03109A44	03109A44	1	0
03109ABE	03109ABE	1	0
03109AEF	03109AEF	1	0
03109B10	03109B10	1	0
03109B11	03109B11	1	0
03109B18	03109B18	1	0
03109B30	03109B30	1	0
03109B7F	03109B7F	1	0
03109B99	03109B99	1	0
03109C00	03109C00	1	0
03109C33	03109C33	1	0
03109E00	03109E00	1	0
03109E01	03109E01	1	0
03109F05	03109F05	1	0
03109F25	03109F25	1	0
03109F4B	03109F4B	1	0
03109F65	03109F65	1	0
03109FAF	03109FAF	1	0
0310A01C	0310A01C	1	0
0310A024	0310A024	1	0
0310A02A	0310A02A	1	0
0310A055	0310A055	1	0
0310A0CB	0310A0CB	1	0
0310A0FF	0310A0FF	1	0
0310A113	0310A113	1	0
0310A11C	0310A11C	1	0
0310A133	0310A133	1	0
0310A1B3	0310A1B3	1	0
0310A300	0310A300	1	0
0310A303	0310A303	1	0
0310A311	0310A311	1	0
0310A32E	0310A32E	1	0
0310A350	0310A350	1	0
0310A403	0310A403	1	0
0310A420	0310A420	1	0
0310A442	0310A442	1	0
0310A56F	0310A56F	1	0
0310A577	0310A577	1	0
0310A666	0310A666	1	0
0310A700	0310A700	1	0
0310A702	0310A702	1	0
0310A70F	0310A70F	1	0
0310A712	0310A712	1	0
0310A715	0310A715	1	0
0310A724	0310A724	1	0
0310A754	0310A754	1	0
0310A777	0310A777	1	0
0310A803	0310A803	1	0
0310A81D	0310A81D	1	0
0310A86D	0310A86D	1	0
0310A8DC	0310A8DC	1	0
0310A903	0310A903	1	0
0310A906	0310A906	1	0
0310A908	0310A908	1	0
0310A97A	0310A97A	1	0
0310AA03	0310AA03	2	0
0310AA2A	0310AA2A	1	0
0310AA40	0310AA40	1	0
0310AAA9	0310AAA9	1	0
0310AAAA	0310AAAA	2	0
0310AABB	0310AABB	1	0
0310AACB	0310AACB	1	0
0310AACC	0310AACC	2	0
0310AAE7	0310AAE7	1	0
0310AB01	0310AB01	1	0
0310AB09	0310AB09	1	0
0310AB10	0310AB10	1	0
0310AB2B	0310AB2B	1	0
0310AB3B	0310AB3B	1	0
0310AB93	0310AB93	1	0
0310ABA3	0310ABA3	1	0
0310AC07	0310AC07	1	0
0310AC77	0310AC77	1	0
0310AD02	0310AD02	1	0
0310AD13	0310AD13	2	0
0310AD23	0310AD23	1	0
0310AE22	0310AE22	1	0
0310AEF1	0310AEF1	1	0
0310AF00	0310AF00	1	0
0310AF02	0310AF02	2	0
0310AF03	0310AF03	2	0
0310AF05	0310AF05	1	0
0310AF60	0310AF60	1	0
0310AF88	0310AF88	1	0
0310B000	0310B000	1	0
0310B022	0310B022	1	0
0310B023	0310B023	1	0
0310B052	0310B052	1	0
0310B088	0310B088	1	0
0310B145	0310B145	1	0
0310B17F	0310B17F	1	0
0310B300	0310B300	1	0
0310B303	0310B303	1	0
0310B304	0310B304	1	0
0310B313	0310B313	1	0
0310B327	0310B327	1	0
0310B3B2	0310B3B2	1	0
0310B403	0310B403	1	0
0310B4C7	0310B4C7	1	0
0310B51F	0310B51F	1	0
0310B555	0310B555	1	0
0310B5B7	0310B5B7	1	0
0310B600	0310B600	2	0
0310B603	0310B603	1	0
0310B686	0310B686	2	0
0310B711	0310B711	1	0
0310B720	0310B720	1	0
0310B744	0310B744	2	0
0310B75A	0310B75A	1	0
0310B801	0310B801	1	0
0310B805	0310B805	1	0
0310B8F6	0310B8F6	1	0
0310B922	0310B922	1	0
0310B98C	0310B98C	1	0
0310B999	0310B999	1	0
0310BABA	0310BABA	2	0
0310BB00	0310BB00	2	0
0310BB01	0310BB01	1	0
0310BB02	0310BB02	1	0
0310BB03	0310BB03	1	0
0310BB07	0310BB07	1	0
0310BB0F	0310BB0F	1	0
0310BB10	0310BB10	1	0
0310BB15	0310BB15	1	0
0310BB16	0310BB16	1	0
0310BB20	0310BB20	1	0
0310BB40	0310BB40	1	0
0310BB44	0310BB44	1	0
0310BB46	0310BB46	1	0
0310BB57	0310BB57	1	0
0310BBAA	0310BBAA	1	0
0310BBC8	0310BBC8	1	0
0310BC03	0310BC03	1	0
0310BC36	0310BC36	1	0
0310BC66	0310BC66	1	0
0310BCCA	0310BCCA	1	0
0310BD0D	0310BD0D	1	0
0310BD16	0310BD16	1	0
0310BD44	0310BD44	1	0
0310BDDB	0310BDDB	1	0
0310BDDD	0310BDDD	1	0
0310BDE0	0310BDE0	1	0
0310BE00	0310BE00	1	0
0310BF00	0310BF00	1	0
0310BF01	0310BF01	1	0
0310BF03	0310BF03	4	0
0310BF15	0310BF15	1	0
0310BF20	0310BF20	1	0
0310BF2C	0310BF2C	1	0
0310BF2F	0310BF2F	1	0
0310BF44	0310BF44	1	0
0310BF50	0310BF50	1	0
0310C002	0310C002	1	0
0310C003	0310C003	1	0
0310C008	0310C008	1	0
0310C045	0310C045	1	0
0310C06F	0310C06F	1	0
0310C0AB	0310C0AB	1	0
0310C0EF	0310C0EF	1	0
0310C0F8	0310C0F8	1	0
0310C101	0310C101	1	0
0310C104	0310C104	1	0
0310C201	0310C201	1	0
0310C266	0310C266	1	0
0310C301	0310C301	1	0
0310C305	0310C305	1	0
0310C402	0310C402	2	0
0310C5FF	0310C5FF	1	0
0310C68A	0310C68A	1	0
0310C700	0310C700	1	0
0310C712	0310C712	1	0
0310C713	0310C713	1	0
0310C944	0310C944	1	0
0310C975	0310C975	1	0
0310CA50	0310CA50	1	0
0310CAAA	0310CAAA	1	0
0310CB00	0310CB00	1	0
0310CB02	0310CB02	1	0
0310CB12	0310CB12	1	0
0310CB78	0310CB78	1	0
0310CB83	0310CB83	1	0
0310CC03	0310CC03	1	0
0310CC10	0310CC10	1	0
0310CC26	0310CC26	1	0
0310CC2C	0310CC2C	1	0
0310CC40	0310CC40	2	0
0310CC66	0310CC66	1	0
0310CC67	0310CC67	1	0
0310CC68	0310CC68	1	0
0310CCCC	0310CCCC	5	0
0310CCCD	0310CCCD	1	0
0310CD00	0310CD00	1	0
0310CD2A	0310CD2A	1	0
0310CD40	0310CD40	1	0
0310CD4B	0310CD4B	1	0
0310CDED	0310CDED	1	0
0310CE12	0310CE12	1	0
0310CE7F	0310CE7F	1	0
0310CEEE	0310CEEE	1	0
0310CF00	0310CF00	1	0
0310CF03	0310CF03	1	0
0310CF11	0310CF11	1	0
0310CF26	0310CF26	1	0
0310CF43	0310CF43	1	0
0310CF59	0310CF59	1	0
0310CFFF	0310CFFF	1	0
0310D000	0310D000	2	0
0310D003	0310D003	1	0
0310D018	0310D018	1	0
0310D025	0310D025	1	0
0310D034	0310D034	1	0
0310D221	0310D221	1	0
0310D303	0310D303	1	0
0310D41F	0310D41F	1	0
0310D4E3	0310D4E3	1	0
0310D512	0310D512	1	0
0310D5C7	0310D5C7	1	0
0310D700	0310D700	1	0
0310D721	0310D721	1	0
0310D752	0310D752	1	0
0310D86F	0310D86F	1	0
0310D901	0310D901	1	0
0310D922	0310D922	1	0
0310D976	0310D976	1	0
0310D9E7	0310D9E7	1	0
0310D9F0	0310D9F0	1	0
0310DA22	0310DA22	1	0
0310DA55	0310DA55	1	0
0310DB01	0310DB01	1	0
0310DB02	0310DB02	1	0
0310DB11	0310DB11	1	0
0310DB52	0310DB52	1	0
0310DBC1	0310DBC1	1	0
0310DBCB	0310DBCB	1	0
0310DC00	0310DC00	1	0
0310DC0A	0310DC0A	1	0
0310DCF0	0310DCF0	3	0
0310DD03	0310DD03	2	0
0310DD3B	0310DD3B	1	0
0310DD50	0310DD50	1	0
0310DD7A	0310DD7A	1	0
0310DDB7	0310DDB7	1	0
0310DDD6	0310DDD6	2	0
0310DDDD	0310DDDD	1	0
0310DDEE	0310DDEE	1	0
0310DE72	0310DE72	1	0
0310DEA7	0310DEA7	1	0
0310DEEE	0310DEEE	1	0
0310DF01	0310DF01	1	0
0310DF03	0310DF03	1	0
0310DF13	0310DF13	1	0
0310DF19	0310DF19	1	0
0310DF22	0310DF22	1	0
0310DF24	0310DF24	2	0
0310DF3E	0310DF3E	1	0
0310DFC7	0310DFC7	1	0
0310DFE7	0310DFE7	1	0
0310DFFF	0310DFFF	1	0
0310E003	0310E003	4	0
0310E005	0310E005	1	0
0310E00E	0310E00E	1	0
0310E09A	0310E09A	1	0
0310E101	0310E101	1	0
0310E113	0310E113	1	0
0310E158	0310E158	1	0
0310E1C9	0310E1C9	1	0
0310E200	0310E200	1	0
0310E310	0310E310	2	0
0310E312	0310E312	1	0
0310E314	0310E314	1	0
0310E318	0310E318	1	0
0310E332	0310E332	1	0
0310E444	0310E444	1	0
0310E535	0310E535	1	0
0310E612	0310E612	1	0
0310E6EE	0310E6EE	1	0
0310E700	0310E700	1	0
0310E703	0310E703	1	0
0310E710	0310E710	1	0
0310E711	0310E711	2	0
0310E733	0310E733	1	0
0310E77E	0310E77E	1	0
0310E930	0310E930	1	0
0310EA0F	0310EA0F	1	0
0310EAE3	0310EAE3	1	0
0310EB1A	0310EB1A	1	0
0310EB55	0310EB55	1	0
0310EB88	0310EB88	1	0
0310EC07	0310EC07	1	0
0310EC88	0310EC88	1	0
0310ECBB	0310ECBB	1	0
0310ED42	0310ED42	1	0
0310ED77	0310ED77	1	0
0310ED94	0310ED94	1	0
0310EDDA	0310EDDA	1	0
0310EDF6	0310EDF6	1	0
0310EDFF	0310EDFF	1	0
0310EE07	0310EE07	1	0
0310EE0B	0310EE0B	1	0
0310EE16	0310EE16	1	0
0310EE40	0310EE40	3	0
0310EE71	0310EE71	1	0
0310EE79	0310EE79	1	0
0310EE87	0310EE87	1	0
0310EE92	0310EE92	1	0
0310EECB	0310EECB	1	0
0310EEDB	0310EEDB	1	0
0310EEED	0310EEED	1	0
0310EEEE	0310EEEE	1	0
0310EF03	0310EF03	5	0
0310EF12	0310EF12	1	0
0310EF13	0310EF13	1	0
0310EF23	0310EF23	1	0
0310EF24	0310EF24	1	0
0310EF27	0310EF27	1	0
0310EF71	0310EF71	1	0
0310EFA7	0310EFA7	1	0
0310EFDD	0310EFDD	1	0
0310F001	0310F001	1	0
0310F003	0310F003	1	0
0310F008	0310F008	1	0
0310F013	0310F013	1	0
0310F066	0310F066	1	0
0310F0F3	0310F0F3	1	0
0310F200	0310F200	1	0
0310F252	0310F252	1	0
0310F260	0310F260	1	0
0310F27B	0310F27B	1	0
0310F300	0310F300	1	0
0310F301	0310F301	1	0
0310F30A	0310F30A	1	0
0310F310	0310F310	1	0
0310F404	0310F404	1	0
0310F500	0310F500	1	0
0310F503	0310F503	3	0
0310F504	0310F504	1	0
0310F531	0310F531	1	0
0310F575	0310F575	1	0
0310F603	0310F603	1	0
0310F701	0310F701	1	0
0310F70A	0310F70A	1	0
0310F712	0310F712	1	0
0310F767	0310F767	1	0
0310F802	0310F802	1	0
0310F811	0310F811	1	0
0310F8C8	0310F8C8	1	0
0310F8FE	0310F8FE	1	0
0310F903	0310F903	1	0
0310F921	0310F921	1	0
0310FA22	0310FA22	1	0
0310FA2F	0310FA2F	1	0
0310FA86	0310FA86	1	0
0310FB00	0310FB00	2	0
0310FB02	0310FB02	1	0
0310FB03	0310FB03	1	0
0310FB10	0310FB10	1	0
0310FB22	0310FB22	1	0
0310FB40	0310FB40	1	0
0310FC3B	0310FC3B	1	0
0310FCF0	0310FCF0	1	0
0310FE2A	0310FE2A	1	0
0310FE58	0310FE58	1	0
0310FF03	0310FF03	2	0
0310FF0C	0310FF0C	1	0
0310FF0E	0310FF0E	1	0
0310FF17	0310FF17	1	0
0310FF1C	0310FF1C	1	0
0310FF2A	0310FF2A	1	0
0310FF30	0310FF30	2	0
0310FF54	0310FF54	1	0
0310FF56	0310FF56	1	0
0310FF5F	0310FF5F	1	0
0310FF72	0310FF72	1	0
0310FF88	0310FF88	1	0
0310FF8B	0310FF8B	1	0
0310FF95	0310FF95	1	0
0310FFEB	0310FFEB	1	0
0310FFEE	0310FFEE	1	0
0310FFFF	0310FFFF	1	0
03110000	03110000	1	0
031100F4	031100F4	1	0
03110100	03110100	1	0
031101F0	031101F0	1	0
03110201	03110201	1	0
03110310	03110310	1	0
03110377	03110377	1	0
03110493	03110493	1	0
031104E9	031104E9	1	0
03110721	03110721	1	0
0311084A	0311084A	1	0
0311086A	0311086A	1	0
03110900	03110900	1	0
03111111	03111111	1	0
03111120	03111120	1	0
0311115D	0311115D	1	0
03111213	03111213	1	0
03111408	03111408	1	0
0311148D	0311148D	1	0
03111810	03111810	1	0
03111F60	03111F60	1	0
03112002	03112002	1	0
03112233	03112233	1	0
0311247C	0311247C	1	0
03112525	03112525	1	0
03112555	03112555	1	0
03112752	03112752	1	0
0311284A	0311284A	2	0
0311286A	0311286A	1	0
03113000	03113000	1	0
03113181	03113181	1	0
03113255	03113255	1	0
03113420	03113420	1	0
03113427	03113427	2	0
03113673	03113673	1	0
031139FB	031139FB	1	0
03113A40	03113A40	1	0
03114000	03114000	1	0
03114171	03114171	1	0
03114310	03114310	1	0
03114488	03114488	1	0
03114667	03114667	1	0
03114EC3	03114EC3	1	0
03115533	03115533	1	0
03115F01	03115F01	1	0
03116545	03116545	1	0
03116904	03116904	1	0
03118087	03118087	1	0
03118124	03118124	1	0
031181E1	031181E1	1	0
031184DD	031184DD	1	0
03119009	03119009	1	0
03119204	03119204	1	0
0311AA03	0311AA03	1	0
0311ABBD	0311ABBD	1	0
0311B331	0311B331	1	0
0311BBDC	0311BBDC	1	0
0311D093	0311D093	1	0
0311D22A	0311D22A	1	0
0311D320	0311D320	1	0
0311D7DD	0311D7DD	1	0
0311DD88	0311DD88	1	0
0311DE0E	0311DE0E	1	0
0311DF3C	0311DF3C	1	0
0311EE10	0311EE10	1	0
0311EEA6	0311EEA6	1	0
0311F3D1	0311F3D1	1	0
0311F603	0311F603	1	0
0311FB00	0311FB00	1	0
0311FB10	0311FB10	2	0
0311FB24	0311FB24	1	0
0311FE7F	0311FE7F	1	0
03120002	03120002	1	0
03120003	03120003	1	0
03120011	03120011	1	0
03120170	03120170	1	0
03120272	03120272	1	0
03120313	03120313	1	0
03120752	03120752	1	0
03121004	03121004	1	0
03121111	03121111	1	0
03121144	03121144	1	0
03121B1F	03121B1F	1	0
03121F00	03121F00	1	0
03122280	03122280	1	0
03122B1F	03122B1F	1	0
03122EFF	03122EFF	1	0
03122F22	03122F22	1	0
03123302	03123302	1	0
03123412	03123412	1	0
0312400A	0312400A	1	0
03124048	03124048	1	0
03124303	03124303	1	0
03124F63	03124F63	1	0
03125302	03125302	1	0
0312555C	0312555C	1	0
03125E00	03125E00	1	0
03126343	03126343	2	0
03126803	03126803	1	0
03127337	03127337	1	0
03127579	03127579	1	0
03128081	03128081	1	0
03129D13	03129D13	1	0
0312AABA	0312AABA	1	0
0312BA00	0312BA00	1	0
0312C342	0312C342	1	0
0312DC11	0312DC11	1	0
0312FF5F	0312FF5F	1	0
0312FF84	0312FF84	1	0
03130106	03130106	1	0
0313020B	0313020B	1	0
03130312	03130312	1	0
03130622	03130622	1	0
03130F70	03130F70	1	0
03131042	03131042	1	0
031311FB	031311FB	1	0
03131211	03131211	1	0
03131320	03131320	1	0
03131364	03131364	1	0
03131566	03131566	1	0
03131610	03131610	1	0
03131FD0	03131FD0	1	0
03132468	03132468	1	0
031330B9	031330B9	1	0
03133144	03133144	1	0
03133255	03133255	1	0
03133312	03133312	1	0
031333FB	031333FB	1	0
031336E6	031336E6	1	0
03133F03	03133F03	1	0
0313492B	0313492B	1	0
03134B95	03134B95	1	0
03135313	03135313	2	0
03135390	03135390	1	0
03135B1B	03135B1B	1	0
0313666C	0313666C	1	0
03136819	03136819	2	0
03136B51	03136B51	1	0
03137312	03137312	1	0
03138A0A	03138A0A	2	0
0313B116	0313B116	1	0
0313B316	0313B316	1	0
0313B4B1	0313B4B1	1	0
0313C204	0313C204	1	0
0313D602	0313D602	1	0
0313EF10	0313EF10	2	0
0313FB12	0313FB12	2	0
0313FEDB	0313FEDB	1	0
03140000	03140000	1	0
03140013	03140013	1	0
031400A7	031400A7	1	0
03140297	03140297	1	0
03140412	03140412	1	0
031407E8	031407E8	1	0
03140A0C	03140A0C	1	0
031412DF	031412DF	1	0
03141700	03141700	1	0
03143434	03143434	1	0
03143B56	03143B56	1	0
03146715	03146715	1	0
03147E01	03147E01	1	0
03148000	03148000	1	0
03148875	03148875	1	0
0314906E	0314906E	1	0
0314994F	0314994F	1	0
0314A010	0314A010	1	0
0314AD00	0314AD00	1	0
0314DF13	0314DF13	1	0
0314EF03	0314EF03	1	0
0314EF5B	0314EF5B	1	0
0314F780	0314F780	1	0
0314FB03	0314FB03	1	0
0314FB13	0314FB13	3	0
0314FFFB	0314FFFB	2	0
0315009A	0315009A	1	0
03150304	03150304	1	0
03151345	03151345	1	0
03151F13	03151F13	1	0
031530E0	031530E0	1	0
0315332C	0315332C	1	0
031571FB	031571FB	1	0
03157712	03157712	1	0
03158355	03158355	1	0
031589AF	031589AF	1	0
0315FB14	0315FB14	1	0
0316003D	0316003D	1	0
03160048	03160048	1	0
0316004E	0316004E	1	0
0316009D	0316009D	1	0
031602D8	031602D8	1	0
03160300	03160300	1	0
0316030E	0316030E	2	0
03160900	03160900	1	0
03160C05	03160C05	1	0
03160E1D	03160E1D	1	0
03160FFF	03160FFF	1	0
03161277	03161277	1	0
031616EB	031616EB	1	0
03162E90	03162E90	1	0
0316660B	0316660B	1	0
0316B5CC	0316B5CC	1	0
0316F0AE	0316F0AE	1	0
0316F615	0316F615	1	0
0317007F	0317007F	1	0
03170115	03170115	1	0
03170BBF	03170BBF	2	0
03171003	03171003	1	0
03171161	03171161	1	0
03171301	03171301	1	0
03171303	03171303	2	0
03172303	03172303	1	0
031724AC	031724AC	1	0
03172729	03172729	1	0
03172B10	03172B10	1	0
03175A19	03175A19	2	0
03176010	03176010	1	0
03177111	03177111	1	0
0317746D	0317746D	1	0
0317781B	0317781B	1	0
0317B717	0317B717	1	0
0317F02E	0317F02E	1	0
0317FA38	0317FA38	1	0
0317FF7A	0317FF7A	1	0
03180000	03180000	1	0
03180002	03180002	1	0
03180003	03180003	2	0
03180033	03180033	1	0
03180117	03180117	1	0
031802B4	031802B4	1	0
03180333	03180333	1	0
03180C3C	03180C3C	1	0
03180CCC	03180CCC	1	0
03180D0B	03180D0B	1	0
03180F19	03180F19	15	0
03181454	03181454	1	0
03181719	03181719	1	0
03184530	03184530	1	0
03185562	03185562	1	0
03185606	03185606	1	0
031866EB	031866EB	1	0
031880A6	031880A6	1	0
03188335	03188335	1	0
0318849D	0318849D	1	0
03189B00	03189B00	1	0
03189F46	03189F46	1	0
0318A320	0318A320	1	0
03190315	03190315	1	0
03192002	03192002	1	0
031980E4	031980E4	1	0
0319A313	0319A313	1	0
0319BB2D	0319BB2D	1	0
0319C866	0319C866	1	0
031A0022	031A0022	1	0
031A0113	031A0113	1	0
031A0130	031A0130	1	0
031A030C	031A030C	1	0
031A0379	031A0379	1	0
031A0511	031A0511	1	0
031A22D4	031A22D4	1	0
031A23A0	031A23A0	1	0
031A5D33	031A5D33	1	0
031B004C	031B004C	1	0
031B0212	031B0212	1	0
031B0308	031B0308	1	0
031B0494	031B0494	1	0
031B0661	031B0661	1	0
031B1155	031B1155	2	0
031B3111	031B3111	1	0
031B4085	031B4085	1	0
031B42FB	031B42FB	1	0
031B4E9F	031B4E9F	1	0
031B56BB	031B56BB	1	0
031B999A	031B999A	1	0
031C0003	031C0003	1	0
031C0004	031C0004	1	0
031C0130	031C0130	1	0
031C03E0	031C03E0	1	0
031C0544	031C0544	1	0
031C0600	031C0600	1	0
031C0603	031C0603	1	0
031C06C4	031C06C4	1	0
031C06C8	031C06C8	1	0
031C0B20	031C0B20	1	0
031C10FE	031C10FE	1	0
031C137F	031C137F	1	0
031C2021	031C2021	1	0
031C2400	031C2400	1	0
031C2723	031C2723	1	0
031C3018	031C3018	1	0
031C3DC0	031C3DC0	1	0
031C447F	031C447F	1	0
031C7B03	031C7B03	1	0
031C8040	031C8040	1	0
031CC249	031CC249	1	0
031CF700	031CF700	1	0
031CFB1B	031CFB1B	2	0
031CFFFB	031CFFFB	1	0
031D061F	031D061F	1	0
031D08F7	031D08F7	1	0
031D0A42	031D0A42	1	0
031D1D51	031D1D51	1	0
031D2007	031D2007	1	0
031D3519	031D3519	2	0
031D731C	031D731C	1	0
031D7401	031D7401	1	0
031DF001	031DF001	1	0
031DF0C0	031DF0C0	1	0
031DFF07	031DFF07	1	0
031E000B	031E000B	1	0
031E003C	031E003C	1	0
031E005B	031E005B	1	0
031E011E	031E011E	1	0
031E0300	031E0300	1	0
031E04F7	031E04F7	1	0
031E13F9	031E13F9	2	0
031E2007	031E2007	1	0
031E4318	031E4318	1	0
031E52CF	031E52CF	1	0
031EC0BA	031EC0BA	1	0
031EE0EE	031EE0EE	1	0
031EEE38	031EEE38	1	0
031F0002	031F0002	1	0
031F0027	031F0027	1	0
031F005D	031F005D	1	0
031F0080	031F0080	1	0
031F0095	031F0095	1	0
031F009D	031F009D	1	0
031F00A2	031F00A2	1	0
031F00CF	031F00CF	1	0
031F00EE	031F00EE	2	0
031F01F8	031F01F8	1	0
031F031D	031F031D	1	0
031F03BF	031F03BF	1	0
031F1017	031F1017	1	0
031F1040	031F1040	1	0
031F10C7	031F10C7	1	0
031F13DD	031F13DD	1	0
031F1D21	031F1D21	1	0
031F200F	031F200F	1	0
031F2020	031F2020	1	0
031F20E3	031F20E3	1	0
031F221F	031F221F	1	0
031F2F01	031F2F01	1	0
031F30FB	031F30FB	1	0
031F37FE	031F37FE	1	0
031F49DF	031F49DF	1	0
031F5332	031F5332	1	0
031F5DDD	031F5DDD	1	0
031F6093	031F6093	1	0
031F801F	031F801F	3	0
031F8063	031F8063	1	0
031F8EF4	031F8EF4	1	0
031F9087	031F9087	1	0
031FB3E2	031FB3E2	1	0
031FC15B	031FC15B	1	0
031FD022	031FD022	1	0
031FD0AB	031FD0AB	2	0
031FD0D5	031FD0D5	2	0
031FD903	031FD903	1	0
031FE3FE	031FE3FE	1	0
031FE969	031FE969	1	0
031FF075	031FF075	1	0
031FF077	031FF077	1	0
03200003	03200003	1	0
03200013	03200013	1	0
03200023	03200023	1	0
03200040	03200040	1	0
032000E2	032000E2	1	0
032000FC	032000FC	1	0
03200111	03200111	2	0
03200143	03200143	1	0
03200200	03200200	3	0
03200224	03200224	1	0
03200313	03200313	2	0
03200314	03200314	1	0
032003F0	032003F0	12	0
03200402	03200402	1	0
03200410	03200410	1	0
03200417	03200417	1	0
03200513	03200513	1	0
03200530	03200530	1	0
03200600	03200600	5	0
03200640	03200640	1	0
03200700	03200700	5	0
03200702	03200702	1	0
03200704	03200704	1	0
03200710	03200710	1	0
03200720	03200720	1	0
03200740	03200740	3	0
03200752	03200752	1	0
03200810	03200810	1	0
03200900	03200900	1	0
03200A00	03200A00	11	0
03200AA8	03200AA8	1	0
03200B10	03200B10	3	0
03200C01	03200C01	1	0
03200C20	03200C20	1	0
03200D00	03200D00	1	0
03200D03	03200D03	1	0
03200E00	03200E00	5	0
03200F00	03200F00	5	0
03200F1C	03200F1C	1	0
03200F20	03200F20	1	0
03201000	03201000	2	0
03201001	03201001	1	0
03201010	03201010	2	0
03201103	03201103	1	0
03201111	03201111	2	0
03201112	03201112	1	0
03201179	03201179	1	0
03201203	03201203	1	0
03201222	03201222	1	0
03201277	03201277	1	0
03201311	03201311	2	0
03201333	03201333	1	0
03201342	03201342	1	0
03201363	03201363	1	0
03201403	03201403	1	0
03201450	03201450	1	0
03201500	03201500	1	0
03201540	03201540	2	0
03201600	03201600	1	0
03201890	03201890	1	0
03201900	03201900	1	0
03201A00	03201A00	2	0
03201B02	03201B02	1	0
03201B10	03201B10	1	0
03201B16	03201B16	1	0
03201BB1	03201BB1	1	0
03201C00	03201C00	1	0
03201C70	03201C70	1	0
03201DD2	03201DD2	1	0
03201E02	03201E02	1	0
03201E03	03201E03	1	0
03202011	03202011	1	0
03202101	03202101	2	0
0320213B	0320213B	1	0
03202145	03202145	2	0
0320222E	0320222E	1	0
03202250	03202250	1	0
0320228C	0320228C	1	0
032022A3	032022A3	1	0
03202300	03202300	1	0
03202304	03202304	1	0
03202311	03202311	1	0
03202321	03202321	1	0
03202355	03202355	1	0
0320241F	0320241F	1	0
0320251F	0320251F	1	0
0320259F	0320259F	1	0
03202600	03202600	1	0
0320265F	0320265F	1	0
03202703	03202703	1	0
03202705	03202705	1	0
03202800	03202800	1	0
0320280B	0320280B	1	0
03202811	03202811	1	0
03202B06	03202B06	1	0
03202E01	03202E01	1	0
03202E10	03202E10	1	0
03202E19	03202E19	1	0
03202EA1	03202EA1	1	0
03202F00	03202F00	1	0
03202F11	03202F11	1	0
03203211	03203211	1	0
03203287	03203287	1	0
03203303	03203303	2	0
03203307	03203307	1	0
03203322	03203322	1	0
03203333	03203333	1	0
0320340F	0320340F	1	0
03203419	03203419	1	0
03203521	03203521	1	0
03203606	03203606	1	0
032037DB	032037DB	1	0
03203B16	03203B16	1	0
03203C00	03203C00	3	0
03203E8A	03203E8A	1	0
03203EEE	03203EEE	1	0
03203F00	03203F00	1	0
03203F03	03203F03	1	0
03203F58	03203F58	1	0
03204103	03204103	1	0
032042F3	032042F3	1	0
03204300	03204300	1	0
03204303	03204303	1	0
03204333	03204333	1	0
03204441	03204441	1	0
032044C4	032044C4	1	0
03204503	03204503	1	0
03204600	03204600	2	0
03204603	03204603	1	0
03204610	03204610	1	0
03204666	03204666	1	0
03204A15	03204A15	1	0
03204B03	03204B03	1	0
03204B05	03204B05	1	0
03204C11	03204C11	1	0
03204CC4	03204CC4	1	0
03204D00	03204D00	1	0
03204D05	03204D05	1	0
03204D59	03204D59	1	0
03204E38	03204E38	1	0
03204F13	03204F13	1	0
03205003	03205003	1	0
032051EB	032051EB	1	0
0320541E	0320541E	1	0
03205424	03205424	1	0
03205503	03205503	2	0
03205507	03205507	1	0
03205511	03205511	1	0
03205521	03205521	1	0
03205558	03205558	1	0
0320556A	0320556A	1	0
032055BE	032055BE	1	0
03205801	03205801	1	0
03205807	03205807	1	0
03205A04	03205A04	1	0
03205A0D	03205A0D	1	0
03205B01	03205B01	1	0
03205B02	03205B02	1	0
03205B51	03205B51	1	0
03205B83	03205B83	1	0
03205C00	03205C00	1	0
03205D00	03205D00	1	0
03205DDD	03205DDD	1	0
03205E00	03205E00	1	0
03206000	03206000	1	0
03206001	03206001	1	0
03206003	03206003	1	0
03206014	03206014	1	0
0320606A	0320606A	1	0
03206100	03206100	1	0
03206103	03206103	1	0
03206110	03206110	1	0
03206201	03206201	1	0
03206300	03206300	1	0
03206310	03206310	2	0
03206401	03206401	1	0
03206403	03206403	1	0
03206413	03206413	1	0
032065FF	032065FF	1	0
03206603	03206603	1	0
0320660F	0320660F	1	0
0320666E	0320666E	1	0
03206688	03206688	1	0
03206701	03206701	1	0
03206703	03206703	1	0
03206803	03206803	1	0
03206923	03206923	1	0
03206992	03206992	1	0
03206A99	03206A99	1	0
03206B03	03206B03	1	0
03206B11	03206B11	1	0
03206B40	03206B40	1	0
03206C10	03206C10	1	0
03206F0B	03206F0B	1	0
03207391	03207391	1	0
0320764F	0320764F	1	0
03207701	03207701	1	0
0320774A	0320774A	1	0
03207777	03207777	1	0
03207778	03207778	1	0
03207888	03207888	1	0
03207977	03207977	1	0
03207989	03207989	1	0
03207B04	03207B04	1	0
03207B40	03207B40	1	0
03207B99	03207B99	1	0
03207C00	03207C00	1	0
03207C01	03207C01	1	0
03207D03	03207D03	1	0
03207EEE	03207EEE	1	0
03207F01	03207F01	1	0
03207F20	03207F20	1	0
03207F21	03207F21	1	0
03207F88	03207F88	1	0
03207F90	03207F90	1	0
03208002	03208002	1	0
03208005	03208005	1	0
03208007	03208007	1	0
03208011	03208011	1	0
03208018	03208018	1	0
03208062	03208062	2	0
03208066	03208066	1	0
0320808E	0320808E	1	0
032080A6	032080A6	1	0
032080F4	032080F4	1	0
03208100	03208100	1	0
03208115	03208115	1	0
032081AA	032081AA	1	0
03208301	03208301	1	0
03208340	03208340	1	0
03208411	03208411	1	0
03208433	03208433	1	0
03208477	03208477	1	0
03208511	03208511	1	0
032085CB	032085CB	1	0
03208606	03208606	1	0
03208727	03208727	1	0
03208744	03208744	1	0
03208778	03208778	1	0
03208842	03208842	1	0
03208855	03208855	1	0
03208865	03208865	1	0
03208907	03208907	1	0
03208960	03208960	1	0
0320897A	0320897A	1	0
03208B13	03208B13	1	0
03208B41	03208B41	1	0
03208BDE	03208BDE	1	0
03208C0D	03208C0D	1	0
03208D8F	03208D8F	1	0
03208E5E	03208E5E	1	0
03208F01	03208F01	1	0
03209097	03209097	1	0
03209201	03209201	1	0
03209314	03209314	1	0
03209342	03209342	1	0
03209407	03209407	1	0
0320941F	0320941F	1	0
03209444	03209444	1	0
03209736	03209736	1	0
03209777	03209777	1	0
03209831	03209831	1	0
03209862	03209862	1	0
03209886	03209886	1	0
03209887	03209887	1	0
03209900	03209900	1	0
03209903	03209903	2	0
03209907	03209907	1	0
0320990A	0320990A	1	0
03209919	03209919	1	0
03209989	03209989	1	0
0320999F	0320999F	1	0
032099B6	032099B6	1	0
03209A07	03209A07	1	0
03209ABB	03209ABB	1	0
03209B10	03209B10	1	0
03209B18	03209B18	1	0
03209B9A	03209B9A	1	0
03209B9B	03209B9B	1	0
03209C00	03209C00	1	0
03209C01	03209C01	1	0
03209D04	03209D04	1	0
03209D7F	03209D7F	1	0
03209E00	03209E00	1	0
03209F03	03209F03	1	0
03209F71	03209F71	1	0
03209F88	03209F88	1	0
03209FD9	03209FD9	1	0
0320A001	0320A001	1	0
0320A002	0320A002	1	0
0320A0CC	0320A0CC	1	0
0320A103	0320A103	1	0
0320A121	0320A121	1	0
0320A235	0320A235	1	0
0320A309	0320A309	1	0
0320A310	0320A310	1	0
0320A69C	0320A69C	1	0
0320A6B2	0320A6B2	1	0
0320A6FB	0320A6FB	1	0
0320A702	0320A702	1	0
0320A703	0320A703	1	0
0320A763	0320A763	1	0
0320A85E	0320A85E	1	0
0320A888	0320A888	1	0
0320A89A	0320A89A	1	0
0320A8D2	0320A8D2	1	0
0320A8DF	0320A8DF	1	0
0320A903	0320A903	1	0
0320AA03	0320AA03	1	0
0320AA38	0320AA38	1	0
0320AA3A	0320AA3A	1	0
0320AA41	0320AA41	1	0
0320AA5E	0320AA5E	1	0
0320AA66	0320AA66	1	0
0320AA6A	0320AA6A	1	0
0320AAAA	0320AAAA	2	0
0320AAFF	0320AAFF	1	0
0320AB11	0320AB11	1	0
0320ABAA	0320ABAA	1	0
0320ABBB	0320ABBB	2	0
0320AC11	0320AC11	1	0
0320AC29	0320AC29	1	0
0320ACCC	0320ACCC	1	0
0320ACDD	0320ACDD	1	0
0320AD0B	0320AD0B	1	0
0320AD85	0320AD85	1	0
0320AD95	0320AD95	1	0
0320AD96	0320AD96	1	0
0320ADBA	0320ADBA	1	0
0320AE03	0320AE03	2	0
0320AFD0	0320AFD0	1	0
0320B2CC	0320B2CC	1	0
0320B2E4	0320B2E4	1	0
0320B307	0320B307	1	0
0320B330	0320B330	1	0
0320B41E	0320B41E	1	0
0320B648	0320B648	1	0
0320B6FF	0320B6FF	1	0
0320B798	0320B798	1	0
0320B801	0320B801	1	0
0320B80F	0320B80F	1	0
0320B866	0320B866	1	0
0320B912	0320B912	1	0
0320BB42	0320BB42	1	0
0320BB43	0320BB43	1	0
0320BB5C	0320BB5C	1	0
0320BBD9	0320BBD9	1	0
0320BBF0	0320BBF0	1	0
0320BC07	0320BC07	1	0
0320BC47	0320BC47	1	0
0320BCA6	0320BCA6	1	0
0320BCBB	0320BCBB	1	0
0320BCBC	0320BCBC	1	0
0320BE01	0320BE01	1	0
0320BEDE	0320BEDE	1	0
0320BF0F	0320BF0F	1	0
0320BF62	0320BF62	1	0
0320BFFB	0320BFFB	1	0
0320C016	0320C016	1	0
0320C231	0320C231	1	0
0320C300	0320C300	1	0
0320C310	0320C310	1	0
0320C312	0320C312	1	0
0320C345	0320C345	1	0
0320C3F9	0320C3F9	1	0
0320C403	0320C403	1	0
0320C547	0320C547	1	0
0320C6CB	0320C6CB	1	0
0320C730	0320C730	1	0
0320C8E5	0320C8E5	1	0
0320C901	0320C901	1	0
0320CA00	0320CA00	1	0
0320CA03	0320CA03	1	0
0320CB00	0320CB00	2	0
0320CB73	0320CB73	1	0
0320CCCC	0320CCCC	1	0
0320CCDD	0320CCDD	1	0
0320CCEF	0320CCEF	1	0
0320CDDE	0320CDDE	1	0
0320CE11	0320CE11	1	0
0320CFFF	0320CFFF	1	0
0320D2DD	0320D2DD	1	0
0320D306	0320D306	1	0
0320D3F0	0320D3F0	1	0
0320D703	0320D703	1	0
0320D7DB	0320D7DB	1	0
0320DA01	0320DA01	1	0
0320DA11	0320DA11	1	0
0320DADD	0320DADD	1	0
0320DB03	0320DB03	1	0
0320DB0D	0320DB0D	1	0
0320DB10	0320DB10	1	0
0320DBAB	0320DBAB	1	0
0320DC0A	0320DC0A	1	0
0320DC0E	0320DC0E	1	0
0320DCBA	0320DCBA	1	0
0320DD03	0320DD03	1	0
0320DD42	0320DD42	1	0
0320DDDB	0320DDDB	1	0
0320DDFF	0320DDFF	1	0
0320DE88	0320DE88	1	0
0320DF00	0320DF00	1	0
0320DF03	0320DF03	1	0
0320DF44	0320DF44	1	0
0320DFCB	0320DFCB	1	0
0320E00B	0320E00B	1	0
0320E02B	0320E02B	1	0
0320E105	0320E105	1	0
0320E111	0320E111	1	0
0320E300	0320E300	1	0
0320E311	0320E311	1	0
0320E45A	0320E45A	1	0
0320E701	0320E701	1	0
0320E703	0320E703	1	0
0320E74F	0320E74F	1	0
0320E751	0320E751	1	0
0320E7C7	0320E7C7	1	0
0320E803	0320E803	1	0
0320E807	0320E807	1	0
0320E92C	0320E92C	1	0
0320EA11	0320EA11	1	0
0320EB03	0320EB03	2	0
0320EB08	0320EB08	1	0
0320EB37	0320EB37	1	0
0320EBB1	0320EBB1	1	0
0320EC01	0320EC01	1	0
0320ED55	0320ED55	1	0
0320ED94	0320ED94	1	0
0320EE16	0320EE16	1	0
0320EE51	0320EE51	1	0
0320EEEE	0320EEEE	1	0
0320EEFF	0320EEFF	1	0
0320EF10	0320EF10	2	0
0320F003	0320F003	2	0
0320F007	0320F007	1	0
0320F058	0320F058	1	0
0320F1E3	0320F1E3	1	0
0320F20B	0320F20B	1	0
0320F247	0320F247	1	0
0320F2A8	0320F2A8	1	0
0320F2FF	0320F2FF	1	0
0320F342	0320F342	1	0
0320F400	0320F400	1	0
0320F403	0320F403	1	0
0320F410	0320F410	1	0
0320F503	0320F503	1	0
0320F600	0320F600	1	0
0320F701	0320F701	1	0
0320F773	0320F773	1	0
0320F800	0320F800	1	0
0320F858	0320F858	1	0
0320F933	0320F933	1	0
0320F984	0320F984	1	0
0320FB00	0320FB00	1	0
0320FB06	0320FB06	1	0
0320FB07	0320FB07	1	0
0320FB0A	0320FB0A	1	0
0320FB3F	0320FB3F	1	0
0320FC02	0320FC02	1	0
0320FC15	0320FC15	1	0
0320FC70	0320FC70	1	0
0320FCB2	0320FCB2	1	0
0320FD00	0320FD00	1	0
0320FD03	0320FD03	1	0
0320FD0C	0320FD0C	1	0
0320FD10	0320FD10	1	0
0320FD77	0320FD77	1	0
0320FE03	0320FE03	1	0
0320FE33	0320FE33	1	0
0320FF03	0320FF03	4	0
0320FF07	0320FF07	1	0
0320FF12	0320FF12	1	0
0320FF33	0320FF33	1	0
0320FF43	0320FF43	1	0
0320FF4A	0320FF4A	1	0
0320FF54	0320FF54	1	0
0320FF7F	0320FF7F	1	0
0320FF99	0320FF99	1	0
0320FFB2	0320FFB2	1	0
0320FFCC	0320FFCC	1	0
0320FFEB	0320FFEB	1	0
0320FFF3	0320FFF3	1	0
03210276	03210276	1	0
03210310	03210310	1	0
03210320	03210320	2	0
03210333	03210333	1	0
03210340	03210340	1	0
03210900	03210900	1	0
03210D12	03210D12	1	0
03211228	03211228	1	0
03211267	03211267	1	0
03211F20	03211F20	1	0
03212222	03212222	1	0
03212227	03212227	1	0
03213304	03213304	1	0
03213883	03213883	1	0
03214E00	03214E00	1	0
03214F03	03214F03	1	0
03217320	03217320	1	0
03217701	03217701	1	0
03217722	03217722	1	0
03217BCE	03217BCE	1	0
03218F60	03218F60	1	0
03219F42	03219F42	1	0
0321DF13	0321DF13	1	0
0321E00D	0321E00D	1	0
0321EF03	0321EF03	1	0
0321F122	0321F122	1	0
0321F400	0321F400	1	0
03220021	03220021	1	0
03220025	03220025	1	0
03220044	03220044	1	0
03220100	03220100	1	0
03220300	03220300	1	0
03220303	03220303	1	0
03220504	03220504	1	0
03221113	03221113	1	0
03221121	03221121	1	0
03221C23	03221C23	1	0
03221E44	03221E44	1	0
03222211	03222211	1	0
03222227	03222227	1	0
0322222B	0322222B	1	0
03222258	03222258	1	0
032222FD	032222FD	1	0
032223C3	032223C3	1	0
03223344	03223344	1	0
03223500	03223500	2	0
032235F1	032235F1	1	0
03224028	03224028	1	0
03224088	03224088	1	0
03226868	03226868	1	0
03226C3A	03226C3A	1	0
03226F10	03226F10	1	0
03227AC9	03227AC9	1	0
03228200	03228200	1	0
03228700	03228700	1	0
03228813	03228813	1	0
0322A888	0322A888	1	0
0322CE03	0322CE03	1	0
0322DA03	0322DA03	1	0
0322E447	0322E447	1	0
0322E603	0322E603	1	0
0322F200	0322F200	1	0
03230017	03230017	1	0
032300E3	032300E3	1	0
03230150	03230150	1	0
032301C9	032301C9	1	0
032301F7	032301F7	1	0
03230322	03230322	1	0
03230400	03230400	1	0
03231017	03231017	1	0
032311DF	032311DF	1	0
032320C9	032320C9	1	0
0323221F	0323221F	1	0
032322AB	032322AB	1	0
03232352	03232352	1	0
03233111	03233111	1	0
03233320	03233320	1	0
03233A3C	03233A3C	1	0
03233CCC	03233CCC	1	0
03234133	03234133	1	0
03234212	03234212	1	0
03234603	03234603	1	0
03234711	03234711	1	0
03235F32	03235F32	1	0
0323629E	0323629E	1	0
03236C55	03236C55	1	0
03237157	03237157	1	0
03237511	03237511	1	0
03238525	03238525	1	0
03238B90	03238B90	1	0
0323AA07	0323AA07	1	0
0323B323	0323B323	1	0
0323C0A1	0323C0A1	1	0
0323DB1B	0323DB1B	1	0
0323ED23	0323ED23	1	0
03240003	03240003	1	0
03240150	03240150	1	0
03240302	03240302	1	0
03240510	03240510	1	0
03240810	03240810	1	0
03241333	03241333	1	0
03242330	03242330	1	0
03242B05	03242B05	1	0
03243E20	03243E20	1	0
03244422	03244422	1	0
0324753A	0324753A	1	0
03247E04	03247E04	1	0
0324FF03	0324FF03	1	0
032501C0	032501C0	1	0
03250425	03250425	1	0
03251024	03251024	1	0
03251314	03251314	1	0
0325131F	0325131F	1	0
03254444	03254444	1	0
03255573	03255573	1	0
03255702	03255702	1	0
03256215	03256215	1	0
03258118	03258118	1	0
03260041	03260041	1	0
0326031E	0326031E	1	0
0326121F	0326121F	1	0
03265555	03265555	1	0
03266666	03266666	1	0
03267D09	03267D09	1	0
0326882D	0326882D	1	0
03269A34	03269A34	1	0
0326C0AB	0326C0AB	1	0
03270117	03270117	1	0
03270121	03270121	1	0
03270176	03270176	1	0
03270B46	03270B46	1	0
03271026	03271026	1	0
03271035	03271035	1	0
03271301	03271301	1	0
03271322	03271322	1	0
0327137E	0327137E	1	0
03272521	03272521	1	0
03272747	03272747	1	0
032729AB	032729AB	1	0
0327311A	0327311A	1	0
03273C99	03273C99	1	0
032740F2	032740F2	1	0
03275047	03275047	1	0
032774B4	032774B4	1	0
03277737	03277737	1	0
03277F13	03277F13	1	0
0327BF0D	0327BF0D	1	0
0327E7EB	0327E7EB	1	0
0327FB36	0327FB36	1	0
03280001	03280001	1	0
03280021	03280021	2	0
03280027	03280027	1	0
03280384	03280384	1	0
03280429	03280429	2	0
03282101	03282101	1	0
03282721	03282721	1	0
03285B10	03285B10	1	0
03285BDD	03285BDD	1	0
03286295	03286295	1	0
03286601	03286601	1	0
03288888	03288888	1	0
03289110	03289110	1	0
0328E1C2	0328E1C2	1	0
0328EEE6	0328EEE6	1	0
0328FF1F	0328FF1F	1	0
03290028	03290028	1	0
032900AB	032900AB	1	0
03290186	03290186	1	0
03290300	03290300	1	0
03291003	03291003	1	0
03291840	03291840	1	0
0329CCC9	0329CCC9	1	0
0329F999	0329F999	1	0
032A030C	032A030C	1	0
032A0322	032A0322	1	0
032A048E	032A048E	1	0
032A0900	032A0900	1	0
032A1009	032A1009	1	0
032A2164	032A2164	1	0
032A40A2	032A40A2	1	0
032A67FF	032A67FF	1	0
032AAA2F	032AAA2F	1	0
032AF302	032AF302	1	0
032AF710	032AF710	1	0
032B0077	032B0077	1	0
032B032A	032B032A	1	0
032B10FF	032B10FF	1	0
032B1159	032B1159	1	0
032B14C5	032B14C5	1	0
032B1623	032B1623	1	0
032B1954	032B1954	1	0
032BCD96	032BCD96	1	0
032BDF00	032BDF00	1	0
032C0027	032C0027	1	0
032C00AD	032C00AD	1	0
032C032C	032C032C	1	0
032C0398	032C0398	1	0
032C03C3	032C03C3	1	0
032C0466	032C0466	1	0
032C0500	032C0500	1	0
032C051C	032C051C	1	0
032C0800	032C0800	1	0
032C1631	032C1631	1	0
032C1C2D	032C1C2D	1	0
032CCCC7	032CCCC7	1	0
032D0038	032D0038	1	0
032D042E	032D042E	2	0
032D2327	032D2327	1	0
032D232C	032D232C	1	0
032D2338	032D2338	1	0
032D2366	032D2366	1	0
032D3472	032D3472	1	0
032D3DDE	032D3DDE	1	0
032D40C3	032D40C3	1	0
032D6019	032D6019	1	0
032D918C	032D918C	1	0
032DB394	032DB394	1	0
032DFF07	032DFF07	1	0
032E0308	032E0308	1	0
032E030F	032E030F	1	0
032E0478	032E0478	1	0
032E1045	032E1045	1	0
032E22EE	032E22EE	1	0
032EE288	032EE288	1	0
032F00A9	032F00A9	1	0
032F0110	032F0110	1	0
032F1113	032F1113	1	0
032F11AC	032F11AC	1	0
032F11DE	032F11DE	1	0
032F1303	032F1303	2	0
032F1307	032F1307	1	0
032F1B23	032F1B23	1	0
032F2309	032F2309	1	0
032F3605	032F3605	1	0
032F3AF6	032F3AF6	1	0
032F5E03	032F5E03	1	0
032F637B	032F637B	1	0
032F90AF	032F90AF	1	0
032FC020	032FC020	1	0
032FD02F	032FD02F	1	0
032FFF27	032FFF27	1	0
03300079	03300079	1	0
033000DD	033000DD	1	0
03300211	03300211	1	0
0330028A	0330028A	1	0
03300305	03300305	1	0
03300328	03300328	1	0
03300330	03300330	3	0
03300333	03300333	3	0
033003F0	033003F0	11	0
03300400	03300400	2	0
03300530	03300530	1	0
03300531	03300531	1	0
033005DD	033005DD	1	0
0330073F	0330073F	1	0
03300743	03300743	1	0
03300753	03300753	2	0
03300760	03300760	1	0
03300800	03300800	1	0
0330083C	0330083C	1	0
03300B46	03300B46	1	0
03300D1D	03300D1D	1	0
03300E00	03300E00	1	0
03300F00	03300F00	2	0
03300F10	03300F10	1	0
03300F50	03300F50	1	0
03301303	03301303	1	0
03301310	03301310	1	0
03301411	03301411	1	0
03301541	03301541	1	0
03301703	03301703	2	0
03301AA6	03301AA6	1	0
03301BF3	03301BF3	1	0
03301BF6	03301BF6	1	0
03301BFA	03301BFA	1	0
03301C38	03301C38	1	0
03301E00	03301E00	1	0
03302115	03302115	1	0
03302120	03302120	1	0
03302203	03302203	1	0
0330222E	0330222E	1	0
0330222F	0330222F	1	0
03302253	03302253	1	0
03302303	03302303	1	0
03302311	03302311	1	0
03302331	03302331	1	0
03302340	03302340	1	0
03302403	03302403	1	0
03302460	03302460	1	0
03302461	03302461	1	0
03302474	03302474	1	0
03302500	03302500	1	0
033026AD	033026AD	1	0
033026BB	033026BB	1	0
03302701	03302701	1	0
0330274D	0330274D	1	0
03302751	03302751	1	0
03302824	03302824	1	0
033028EE	033028EE	1	0
03302911	03302911	1	0
03302D13	03302D13	1	0
03302E03	03302E03	1	0
03302E30	03302E30	1	0
03303340	03303340	1	0
03303343	03303343	1	0
033033D3	033033D3	1	0
03303401	03303401	1	0
03303403	03303403	1	0
03303406	03303406	1	0
03303503	03303503	1	0
03303523	03303523	1	0
0330354B	0330354B	1	0
0330364E	0330364E	1	0
03303710	03303710	1	0
03303720	03303720	1	0
0330375B	0330375B	1	0
03303903	03303903	2	0
03303A08	03303A08	1	0
03303A18	03303A18	1	0
03303B09	03303B09	1	0
03303C05	03303C05	1	0
03303EF7	03303EF7	1	0
03304121	03304121	1	0
03304200	03304200	1	0
03304303	03304303	1	0
0330434A	0330434A	1	0
03304445	03304445	2	0
033046EE	033046EE	1	0
03304700	03304700	3	0
03304707	03304707	1	0
03304751	03304751	1	0
03304774	03304774	1	0
03304814	03304814	1	0
03304914	03304914	1	0
033049AE	033049AE	1	0
03304B11	03304B11	1	0
03304B33	03304B33	1	0
03304B55	03304B55	1	0
03304D11	03304D11	1	0
03304E03	03304E03	1	0
03304E10	03304E10	1	0
03304F01	03304F01	1	0
03305001	03305001	1	0
03305333	03305333	1	0
03305403	03305403	1	0
03305503	03305503	1	0
03305543	03305543	1	0
03305555	03305555	1	0
03305578	03305578	1	0
033055F7	033055F7	1	0
03305654	03305654	1	0
03305659	03305659	1	0
03305724	03305724	1	0
03305772	03305772	1	0
03305871	03305871	1	0
03305910	03305910	2	0
03305B50	03305B50	1	0
03305E4C	03305E4C	1	0
03305F01	03305F01	1	0
03305F53	03305F53	1	0
03306001	03306001	2	0
03306200	03306200	1	0
03306444	03306444	1	0
0330647F	0330647F	1	0
03306511	03306511	1	0
03306603	03306603	2	0
03306664	03306664	1	0
03306687	03306687	1	0
033066D4	033066D4	1	0
03306703	03306703	1	0
03306714	03306714	1	0
03306787	03306787	1	0
0330678C	0330678C	1	0
03306839	03306839	1	0
0330689C	0330689C	1	0
03306922	03306922	1	0
03306960	03306960	1	0
03306A30	03306A30	1	0
03306B11	03306B11	1	0
03307103	03307103	1	0
03307123	03307123	1	0
03307155	03307155	1	0
03307350	03307350	1	0
03307665	03307665	1	0
03307733	03307733	1	0
03307755	03307755	1	0
03307756	03307756	1	0
03307776	03307776	2	0
033077D0	033077D0	1	0
033077F8	033077F8	1	0
03307900	03307900	1	0
03307903	03307903	1	0
03307A00	03307A00	1	0
03307BF1	03307BF1	1	0
03307C04	03307C04	1	0
03307D8C	03307D8C	1	0
03307F35	03307F35	1	0
03308024	03308024	1	0
0330809E	0330809E	1	0
033080BB	033080BB	1	0
033080FE	033080FE	1	0
03308201	03308201	1	0
03308241	03308241	1	0
03308301	03308301	1	0
03308302	03308302	1	0
03308496	03308496	1	0
03308566	03308566	1	0
03308601	03308601	1	0
03308726	03308726	1	0
03308803	03308803	2	0
0330885D	0330885D	1	0
033088CD	033088CD	1	0
03308A43	03308A43	1	0
03308B10	03308B10	1	0
03308D00	03308D00	1	0
03308E0B	03308E0B	1	0
03308EBB	03308EBB	1	0
03308F00	03308F00	1	0
03309001	03309001	1	0
033090A4	033090A4	2	0
03309107	03309107	1	0
03309340	03309340	1	0
03309515	03309515	1	0
03309777	03309777	1	0
033098BA	033098BA	1	0
03309944	03309944	1	0
03309B03	03309B03	1	0
03309C9D	03309C9D	1	0
03309E50	03309E50	1	0
03309F23	03309F23	1	0
03309FFB	03309FFB	1	0
0330A011	0330A011	1	0
0330A044	0330A044	1	0
0330A056	0330A056	1	0
0330A06B	0330A06B	1	0
0330A222	0330A222	1	0
0330A2CB	0330A2CB	1	0
0330A310	0330A310	1	0
0330A408	0330A408	1	0
0330A4D5	0330A4D5	1	0
0330A703	0330A703	1	0
0330A750	0330A750	1	0
0330AA03	0330AA03	1	0
0330AB40	0330AB40	1	0
0330AB51	0330AB51	1	0
0330AC36	0330AC36	1	0
0330AD88	0330AD88	1	0
0330AE40	0330AE40	1	0
0330B003	0330B003	1	0
0330B322	0330B322	1	0
0330B611	0330B611	1	0
0330B752	0330B752	1	0
0330B805	0330B805	1	0
0330B852	0330B852	1	0
0330B903	0330B903	1	0
0330B950	0330B950	1	0
0330B97F	0330B97F	1	0
0330BA03	0330BA03	1	0
0330BA0B	0330BA0B	1	0
0330BA2F	0330BA2F	1	0
0330BB24	0330BB24	1	0
0330BB32	0330BB32	2	0
0330BB44	0330BB44	1	0
0330BB5B	0330BB5B	1	0
0330BB6F	0330BB6F	1	0
0330BBB4	0330BBB4	1	0
0330BBB6	0330BBB6	1	0
0330BBBD	0330BBBD	1	0
0330BCB6	0330BCB6	1	0
0330BDEF	0330BDEF	1	0
0330BE73	0330BE73	1	0
0330BF16	0330BF16	1	0
0330C0A3	0330C0A3	1	0
0330C311	0330C311	1	0
0330C457	0330C457	1	0
0330C4FD	0330C4FD	1	0
0330C500	0330C500	1	0
0330C603	0330C603	2	0
0330C604	0330C604	1	0
0330C64D	0330C64D	1	0
0330C653	0330C653	1	0
0330C702	0330C702	1	0
0330C854	0330C854	1	0
0330C9AA	0330C9AA	1	0
0330CA03	0330CA03	1	0
0330CB01	0330CB01	1	0
0330CC03	0330CC03	1	0
0330CC6E	0330CC6E	1	0
0330CCCB	0330CCCB	1	0
0330CD50	0330CD50	1	0
0330CFEF	0330CFEF	1	0
0330D456	0330D456	1	0
0330D500	0330D500	1	0
0330D703	0330D703	1	0
0330D903	0330D903	1	0
0330D950	0330D950	1	0
0330DA01	0330DA01	1	0
0330DA33	0330DA33	1	0
0330DA5D	0330DA5D	1	0
0330DA62	0330DA62	1	0
0330DBDE	0330DBDE	1	0
0330DDA7	0330DDA7	1	0
0330DDCC	0330DDCC	1	0
0330DE10	0330DE10	3	0
0330DE69	0330DE69	1	0
0330DE70	0330DE70	1	0
0330DEEE	0330DEEE	1	0
0330E003	0330E003	1	0
0330E06A	0330E06A	1	0
0330E15F	0330E15F	1	0
0330E336	0330E336	1	0
0330E389	0330E389	1	0
0330E402	0330E402	1	0
0330E414	0330E414	1	0
0330E543	0330E543	1	0
0330E600	0330E600	1	0
0330E720	0330E720	1	0
0330E722	0330E722	1	0
0330E744	0330E744	1	0
0330E803	0330E803	1	0
0330EA43	0330EA43	1	0
0330ED03	0330ED03	1	0
0330EDA7	0330EDA7	1	0
0330EEEE	0330EEEE	1	0
0330EF00	0330EF00	1	0
0330EF5A	0330EF5A	1	0
0330EF88	0330EF88	1	0
0330EFE7	0330EFE7	1	0
0330F338	0330F338	1	0
0330F3F3	0330F3F3	1	0
0330F411	0330F411	1	0
0330F444	0330F444	1	0
0330F461	0330F461	1	0
0330F46F	0330F46F	1	0
0330F750	0330F750	1	0
0330F803	0330F803	1	0
0330F97D	0330F97D	1	0
0330FBF0	0330FBF0	1	0
0330FD3E	0330FD3E	1	0
0330FE60	0330FE60	1	0
0330FF03	0330FF03	1	0
0330FF0A	0330FF0A	1	0
0330FF30	0330FF30	1	0
0330FF63	0330FF63	1	0
0330FF67	0330FF67	1	0
03310312	03310312	2	0
03310330	03310330	1	0
03310379	03310379	1	0
033103F1	033103F1	1	0
0331065F	0331065F	1	0
03311F01	03311F01	1	0
03313133	03313133	1	0
03313434	03313434	1	0
03314343	03314343	1	0
03314558	03314558	1	0
03315400	03315400	1	0
033155A0	033155A0	1	0
03316301	03316301	1	0
03316314	03316314	1	0
03316576	03316576	1	0
03316B77	03316B77	1	0
03317B77	03317B77	1	0
0331CC31	0331CC31	1	0
0331DF3E	0331DF3E	1	0
0331E720	0331E720	1	0
0331F903	0331F903	1	0
03320001	03320001	1	0
03320031	03320031	1	0
033200CB	033200CB	1	0
03320110	03320110	1	0
03320130	03320130	2	0
0332013C	0332013C	1	0
03320161	03320161	1	0
033201EF	033201EF	1	0
03320200	03320200	1	0
03320302	03320302	1	0
03320900	03320900	1	0
033210EE	033210EE	1	0
03321222	03321222	1	0
03321C00	03321C00	1	0
03322111	03322111	1	0
03322300	03322300	1	0
0332232A	0332232A	1	0
0332255F	0332255F	1	0
033232F2	033232F2	1	0
03323331	03323331	1	0
03323633	03323633	1	0
03323E6B	03323E6B	1	0
03324341	03324341	1	0
0332553E	0332553E	1	0
03325C23	03325C23	1	0
03327221	03327221	1	0
03327802	03327802	1	0
03329674	03329674	1	0
03329A00	03329A00	1	0
0332BD10	0332BD10	1	0
0332CA04	0332CA04	1	0
03330001	03330001	1	0
03330032	03330032	1	0
03330033	03330033	1	0
033300CC	033300CC	1	0
03330103	03330103	1	0
03330110	03330110	1	0
033301B0	033301B0	1	0
03330303	03330303	1	0
03330332	03330332	1	0
033304D5	033304D5	1	0
03330603	03330603	2	0
03331033	03331033	1	0
03331111	03331111	1	0
03331588	03331588	1	0
03332003	03332003	1	0
03332111	03332111	1	0
03332323	03332323	1	0
03332500	03332500	1	0
03332520	03332520	3	0
03332633	03332633	1	0
03332771	03332771	1	0
033328A0	033328A0	1	0
033331EA	033331EA	1	0
03333201	03333201	1	0
03333303	03333303	1	0
03333333	03333333	5	0
03333344	03333344	1	0
03333500	03333500	1	0
033335B9	033335B9	1	0
033342CA	033342CA	1	0
03334877	03334877	1	0
03335733	03335733	1	0
03335B13	03335B13	1	0
03336B44	03336B44	1	0
03337303	03337303	1	0
03337F20	03337F20	1	0
03338455	03338455	1	0
03338C07	03338C07	1	0
0333971D	0333971D	1	0
0333DDEE	0333DDEE	1	0
0333E6E3	0333E6E3	1	0
0333E99B	0333E99B	1	0
0333FC31	0333FC31	1	0
0333FF6E	0333FF6E	1	0
03340033	03340033	1	0
0334005A	0334005A	1	0
03341349	03341349	1	0
03342130	03342130	1	0
03342711	03342711	1	0
03342A04	03342A04	1	0
0334337E	0334337E	1	0
03344079	03344079	1	0
03344252	03344252	1	0
03344455	03344455	1	0
0334458A	0334458A	1	0
033445DC	033445DC	1	0
033445FB	033445FB	1	0
03344F0F	03344F0F	1	0
03345244	03345244	1	0
03345422	03345422	1	0
03345611	03345611	1	0
03345E00	03345E00	1	0
033466DD	033466DD	1	0
03346CCC	03346CCC	1	0
03347304	03347304	1	0
0334D528	0334D528	1	0
0334E6AA	0334E6AA	1	0
0334E920	0334E920	1	0
0334EC5D	0334EC5D	1	0
03350334	03350334	4	0
03350710	03350710	1	0
03350D14	03350D14	1	0
03351376	03351376	1	0
03353908	03353908	1	0
0335445C	0335445C	1	0
03355398	03355398	1	0
033569DE	033569DE	1	0
03357222	03357222	1	0
03357E32	03357E32	1	0
03359357	03359357	1	0
0335BB04	0335BB04	1	0
0335BC03	0335BC03	1	0
0335F556	0335F556	1	0
03360003	03360003	1	0
033600DA	033600DA	1	0
03360335	03360335	1	0
033610E0	033610E0	1	0
03361411	03361411	1	0
03363600	03363600	1	0
03364164	03364164	1	0
03365066	03365066	1	0
03365403	03365403	1	0
03365D69	03365D69	1	0
0336971F	0336971F	1	0
0336EB00	0336EB00	1	0
033700E7	033700E7	1	0
03370336	03370336	4	0
03370399	03370399	1	0
03370987	03370987	1	0
03370BEA	03370BEA	1	0
03371157	03371157	1	0
03371275	03371275	1	0
03375922	03375922	1	0
03376133	03376133	1	0
033761D2	033761D2	1	0
03376611	03376611	1	0
03376FFA	03376FFA	1	0
033770CB	033770CB	1	0
0337772B	0337772B	1	0
03378003	03378003	1	0
03378778	03378778	1	0
0337931C	0337931C	1	0
0337BB5F	0337BB5F	1	0
0337CD7C	0337CD7C	1	0
033800B4	033800B4	1	0
03380130	03380130	1	0
0338031E	0338031E	1	0
03381CA7	03381CA7	2	0
03386D1F	03386D1F	1	0
0338833A	0338833A	1	0
03388633	03388633	1	0
0338F310	0338F310	1	0
03390038	03390038	1	0
033901FF	033901FF	1	0
03390338	03390338	4	0
03390900	03390900	1	0
03391147	03391147	1	0
0339FF33	0339FF33	1	0
033A0039	033A0039	1	0
033A01AB	033A01AB	1	0
033A031B	033A031B	1	0
033A0332	033A0332	1	0
033A21BE	033A21BE	1	0
033A313F	033A313F	1	0
033A5520	033A5520	1	0
033AE311	033AE311	1	0
033B0089	033B0089	1	0
033B0137	033B0137	1	0
033B030F	033B030F	1	0
033B033A	033B033A	4	0
033B12E2	033B12E2	1	0
033B1C88	033B1C88	1	0
033B400C	033B400C	1	0
033B4930	033B4930	1	0
033B5E9F	033B5E9F	1	0
033B5F85	033B5F85	1	0
033BB33B	033BB33B	1	0
033BB355	033BB355	1	0
033BC739	033BC739	1	0
033BEFFF	033BEFFF	1	0
033C0000	033C0000	2	0
033C0006	033C0006	1	0
033C013B	033C013B	1	0
033C02FC	033C02FC	1	0
033C0DCC	033C0DCC	1	0
033C3A7A	033C3A7A	1	0
033C3C8C	033C3C8C	1	0
033C90A0	033C90A0	1	0
033CCDEE	033CCDEE	1	0
033CFF8F	033CFF8F	1	0
033D003C	033D003C	1	0
033D0300	033D0300	1	0
033D3726	033D3726	1	0
033D4603	033D4603	1	0
033D7001	033D7001	1	0
033D8021	033D8021	1	0
033D9F01	033D9F01	1	0
033E031F	033E031F	1	0
033E0365	033E0365	1	0
033E06B7	033E06B7	1	0
033E1F00	033E1F00	1	0
033E3E2A	033E3E2A	1	0
033E9DF1	033E9DF1	2	0
033F00B5	033F00B5	1	0
033F01F9	033F01F9	1	0
033F033E	033F033E	4	0
033F0388	033F0388	1	0
033F0627	033F0627	1	0
033F0978	033F0978	1	0
033F1028	033F1028	1	0
033F21FE	033F21FE	1	0
033F2301	033F2301	1	0
033F24C7	033F24C7	1	0
033F2601	033F2601	1	0
033F283F	033F283F	1	0
033F28FD	033F28FD	1	0
033F42B4	033F42B4	1	0
033F440F	033F440F	1	0
033F483F	033F483F	1	0
033F61FE	033F61FE	1	0
033F71FF	033F71FF	1	0
033F722F	033F722F	1	0
033F773C	033F773C	1	0
033F90CB	033F90CB	1	0
033F956F	033F956F	1	0
033FDC03	033FDC03	1	0
033FFF00	033FFF00	2	0
033FFF93	033FFF93	1	0
033FFFE0	033FFFE0	1	0
0340003E	0340003E	1	0
0340009B	0340009B	1	0
03400100	03400100	2	0
03400101	03400101	1	0
03400102	03400102	3	0
03400103	03400103	1	0
03400108	03400108	1	0
03400124	03400124	1	0
034001C1	034001C1	1	0
034001CC	034001CC	1	0
03400200	03400200	1	0
034002B2	034002B2	1	0
03400303	03400303	1	0
03400313	03400313	1	0
03400338	03400338	1	0
034003B8	034003B8	1	0
034003F0	034003F0	1	0
03400400	03400400	1	0
0340041F	0340041F	1	0
03400440	03400440	1	0
0340049F	0340049F	1	0
03400601	03400601	2	0
03400613	03400613	1	0
03400701	03400701	2	0
03400710	03400710	1	0
03400784	03400784	1	0
03400801	03400801	1	0
03400883	03400883	1	0
03400AB0	03400AB0	1	0
03400AE0	03400AE0	1	0
03400B01	03400B01	1	0
03400B20	03400B20	2	0
03400B31	03400B31	1	0
03400B5F	03400B5F	1	0
03400BAA	03400BAA	1	0
03400E03	03400E03	1	0
03400E10	03400E10	1	0
03400EEE	03400EEE	1	0
03400F00	03400F00	1	0
03400F01	03400F01	1	0
03401000	03401000	1	0
03401001	03401001	2	0
03401002	03401002	1	0
03401035	03401035	1	0
03401101	03401101	1	0
03401103	03401103	1	0
03401200	03401200	2	0
03401204	03401204	1	0
03401222	03401222	1	0
034013AB	034013AB	1	0
03401400	03401400	1	0
03401410	03401410	1	0
0340147C	0340147C	1	0
03401640	03401640	1	0
03401666	03401666	1	0
03401703	03401703	1	0
03401800	03401800	1	0
034018AB	034018AB	2	0
03401B19	03401B19	1	0
03401C03	03401C03	2	0
03401D0A	03401D0A	1	0
03401DE3	03401DE3	1	0
03401E03	03401E03	1	0
03401F00	03401F00	1	0
03401F10	03401F10	1	0
03401F13	03401F13	1	0
03401F15	03401F15	1	0
0340205B	0340205B	1	0
03402080	03402080	1	0
03402101	03402101	1	0
03402200	03402200	1	0
0340220F	0340220F	1	0
03402341	03402341	1	0
03402384	03402384	1	0
03402403	03402403	1	0
03402421	03402421	1	0
03402431	03402431	1	0
0340257A	0340257A	1	0
03402614	03402614	1	0
03402712	03402712	1	0
03402721	03402721	1	0
03402751	03402751	1	0
03402755	03402755	1	0
03402801	03402801	1	0
03402A00	03402A00	3	0
03402A03	03402A03	1	0
03402B03	03402B03	1	0
03402C01	03402C01	1	0
03402D22	03402D22	1	0
03402D4F	03402D4F	1	0
03402F03	03402F03	1	0
03403001	03403001	1	0
03403110	03403110	1	0
03403130	03403130	1	0
03403222	03403222	1	0
03403303	03403303	1	0
03403333	03403333	1	0
034033DD	034033DD	1	0
034033F1	034033F1	2	0
03403403	03403403	1	0
034034E1	034034E1	1	0
03403782	03403782	1	0
03403ABB	03403ABB	1	0
03403E03	03403E03	1	0
03404001	03404001	1	0
03404008	03404008	1	0
03404018	03404018	1	0
03404020	03404020	2	0
0340407D	0340407D	1	0
034040E5	034040E5	1	0
03404133	03404133	1	0
03404207	03404207	1	0
03404222	03404222	1	0
03404322	03404322	1	0
034043A4	034043A4	1	0
03404401	03404401	1	0
0340445F	0340445F	1	0
03404503	03404503	1	0
03404673	03404673	1	0
03404688	03404688	1	0
03404702	03404702	1	0
03404744	03404744	1	0
03404777	03404777	1	0
034048C4	034048C4	1	0
03404903	03404903	1	0
03404AAA	03404AAA	1	0
03404B01	03404B01	1	0
03404C00	03404C00	1	0
03405001	03405001	1	0
03405193	03405193	1	0
03405211	03405211	1	0
03405331	03405331	1	0
03405368	03405368	1	0
03405401	03405401	1	0
03405427	03405427	1	0
03405556	03405556	1	0
03405566	03405566	1	0
03405653	03405653	1	0
03405702	03405702	1	0
03405742	03405742	1	0
03405776	03405776	1	0
03405803	03405803	2	0
034058B1	034058B1	1	0
03405900	03405900	1	0
03405921	03405921	1	0
0340597F	0340597F	1	0
0340599A	0340599A	1	0
03405C50	03405C50	1	0
03405F50	03405F50	1	0
03405FD1	03405FD1	1	0
03406001	03406001	3	0
03406003	03406003	1	0
03406067	03406067	1	0
0340607F	0340607F	1	0
03406098	03406098	1	0
03406103	03406103	1	0
03406300	03406300	1	0
03406303	03406303	2	0
03406501	03406501	1	0
03406503	03406503	1	0
03406603	03406603	3	0
0340660E	0340660E	1	0
03406613	03406613	1	0
034066EE	034066EE	1	0
03406740	03406740	1	0
03406750	03406750	1	0
03406808	03406808	1	0
03406818	03406818	1	0
03406870	03406870	1	0
03406900	03406900	1	0
03406977	03406977	1	0
03406998	03406998	1	0
0340699E	0340699E	1	0
03406B10	03406B10	1	0
03406B4B	03406B4B	1	0
03406B56	03406B56	1	0
03406B82	03406B82	1	0
03406E00	03406E00	1	0
03406FA0	03406FA0	1	0
03407204	03407204	1	0
03407261	03407261	1	0
03407382	03407382	1	0
03407406	03407406	1	0
03407601	03407601	2	0
03407602	03407602	1	0
03407703	03407703	1	0
03407706	03407706	1	0
03407740	03407740	1	0
03407770	03407770	1	0
03407803	03407803	1	0
03407903	03407903	1	0
03407B03	03407B03	1	0
03408012	03408012	1	0
03408016	03408016	1	0
03408021	03408021	1	0
03408033	03408033	1	0
0340803B	0340803B	1	0
03408081	03408081	1	0
0340809F	0340809F	1	0
034080D5	034080D5	1	0
034080FE	034080FE	1	0
03408103	03408103	1	0
03408252	03408252	1	0
03408262	03408262	1	0
034082FF	034082FF	1	0
03408310	03408310	1	0
03408311	03408311	1	0
034083F2	034083F2	1	0
034084FB	034084FB	1	0
03408542	03408542	1	0
0340865F	0340865F	1	0
03408666	03408666	1	0
03408703	03408703	1	0
03408740	03408740	1	0
03408820	03408820	1	0
0340884A	0340884A	1	0
03408877	03408877	1	0
034088B6	034088B6	1	0
034088C0	034088C0	1	0
03408903	03408903	1	0
034089AB	034089AB	1	0
03408E03	03408E03	2	0
03408EEE	03408EEE	1	0
03408F72	03408F72	1	0
03409000	03409000	1	0
03409040	03409040	1	0
034090C3	034090C3	1	0
03409203	03409203	1	0
0340924A	0340924A	1	0
03409254	03409254	1	0
03409513	03409513	1	0
03409601	03409601	3	0
03409603	03409603	1	0
0340964A	0340964A	1	0
03409720	03409720	1	0
03409801	03409801	1	0
03409803	03409803	1	0
03409833	03409833	1	0
03409899	03409899	1	0
034098A7	034098A7	1	0
03409999	03409999	1	0
034099CC	034099CC	1	0
03409B12	03409B12	1	0
03409B25	03409B25	1	0
03409C12	03409C12	1	0
03409C16	03409C16	1	0
03409D16	03409D16	1	0
03409E53	03409E53	1	0
03409E81	03409E81	1	0
03409F0B	03409F0B	1	0
0340A105	0340A105	1	0
0340A494	0340A494	1	0
0340A4DD	0340A4DD	1	0
0340A640	0340A640	1	0
0340A703	0340A703	1	0
0340A705	0340A705	1	0
0340A752	0340A752	1	0
0340A783	0340A783	1	0
0340A95F	0340A95F	1	0
0340A9CC	0340A9CC	1	0
0340AA64	0340AA64	1	0
0340AB03	0340AB03	1	0
0340AB0F	0340AB0F	1	0
0340AB61	0340AB61	1	0
0340AB72	0340AB72	1	0
0340AB95	0340AB95	1	0
0340AD78	0340AD78	1	0
0340AE03	0340AE03	2	0
0340AE06	0340AE06	1	0
0340B003	0340B003	1	0
0340B024	0340B024	1	0
0340B0A6	0340B0A6	1	0
0340B0E0	0340B0E0	1	0
0340B403	0340B403	1	0
0340B513	0340B513	1	0
0340B54D	0340B54D	1	0
0340B562	0340B562	1	0
0340B623	0340B623	1	0
0340B699	0340B699	1	0
0340B908	0340B908	1	0
0340B98A	0340B98A	1	0
0340BA9D	0340BA9D	1	0
0340BAAA	0340BAAA	1	0
0340BAE7	0340BAE7	1	0
0340BBCE	0340BBCE	1	0
0340BE03	0340BE03	1	0
0340BE61	0340BE61	1	0
0340BE7D	0340BE7D	1	0
0340BF1F	0340BF1F	1	0
0340BF2B	0340BF2B	1	0
0340C0F0	0340C0F0	1	0
0340C207	0340C207	1	0
0340C603	0340C603	1	0
0340C804	0340C804	1	0
0340C903	0340C903	1	0
0340CB07	0340CB07	1	0
0340CC00	0340CC00	1	0
0340CD02	0340CD02	1	0
0340D001	0340D001	1	0
0340D003	0340D003	1	0
0340D060	0340D060	1	0
0340D4CD	0340D4CD	1	0
0340D803	0340D803	1	0
0340D888	0340D888	1	0
0340D942	0340D942	1	0
0340D94D	0340D94D	1	0
0340DA18	0340DA18	1	0
0340DA6B	0340DA6B	1	0
0340DB10	0340DB10	1	0
0340DC03	0340DC03	1	0
0340DC5A	0340DC5A	1	0
0340DCC9	0340DCC9	1	0
0340DD1B	0340DD1B	1	0
0340DD5F	0340DD5F	1	0
0340DD84	0340DD84	1	0
0340DE01	0340DE01	1	0
0340DE03	0340DE03	1	0
0340DE43	0340DE43	1	0
0340DF00	0340DF00	1	0
0340DF03	0340DF03	1	0
0340DF13	0340DF13	1	0
0340DF17	0340DF17	1	0
0340E001	0340E001	3	0
0340E064	0340E064	1	0
0340E0E0	0340E0E0	1	0
0340E207	0340E207	1	0
0340E360	0340E360	1	0
0340E364	0340E364	1	0
0340E384	0340E384	1	0
0340E40C	0340E40C	1	0
0340E460	0340E460	1	0
0340E647	0340E647	1	0
0340E650	0340E650	1	0
0340E703	0340E703	2	0
0340E720	0340E720	2	0
0340E843	0340E843	1	0
0340E903	0340E903	1	0
0340EB01	0340EB01	1	0
0340EC73	0340EC73	1	0
0340EC88	0340EC88	1	0
0340ED17	0340ED17	1	0
0340EE03	0340EE03	1	0
0340EE0A	0340EE0A	1	0
0340EF67	0340EF67	1	0
0340F001	0340F001	1	0
0340F003	0340F003	1	0
0340F051	0340F051	1	0
0340F0F3	0340F0F3	1	0
0340F100	0340F100	4	0
0340F103	0340F103	1	0
0340F107	0340F107	1	0
0340F603	0340F603	2	0
0340F703	0340F703	1	0
0340F713	0340F713	1	0
0340F828	0340F828	1	0
0340F86B	0340F86B	1	0
0340F959	0340F959	1	0
0340FB4B	0340FB4B	1	0
0340FBF0	0340FBF0	1	0
0340FC00	0340FC00	1	0
0340FD0C	0340FD0C	1	0
0340FD37	0340FD37	1	0
0340FD61	0340FD61	1	0
0340FDCC	0340FDCC	1	0
0340FE01	0340FE01	1	0
0340FE31	0340FE31	1	0
0340FF03	0340FF03	1	0
0340FF34	0340FF34	1	0
0340FF38	0340FF38	1	0
0340FFAF	0340FFAF	1	0
0340FFEC	0340FFEC	1	0
03410241	03410241	1	0
03410310	03410310	1	0
03410340	03410340	5	0
03410342	03410342	1	0
03410353	03410353	1	0
03410601	03410601	1	0
03410829	03410829	1	0
03411079	03411079	1	0
034111F3	034111F3	1	0
034120C7	034120C7	1	0
03413003	03413003	1	0
034144DE	034144DE	1	0
03414777	03414777	1	0
03415603	03415603	1	0
03415920	03415920	1	0
0341778B	0341778B	1	0
03417E5A	03417E5A	1	0
03418328	03418328	1	0
03418B03	03418B03	1	0
03419701	03419701	1	0
034201C8	034201C8	1	0
03420323	03420323	1	0
03420333	03420333	1	0
03420C9A	03420C9A	1	0
03421331	03421331	2	0
03421775	03421775	1	0
03421999	03421999	1	0
034220D7	034220D7	1	0
03422366	03422366	1	0
034228AA	034228AA	1	0
03424F0A	03424F0A	1	0
034284A4	034284A4	1	0
03429881	03429881	1	0
0342BA02	0342BA02	1	0
0342E994	0342E994	1	0
03430333	03430333	1	0
03430342	03430342	4	0
03430416	03430416	1	0
034308AA	034308AA	1	0
034310EC	034310EC	1	0
03431137	03431137	1	0
03431607	03431607	1	0
03431F36	03431F36	1	0
03433A23	03433A23	1	0
03434342	03434342	1	0
03437E10	03437E10	1	0
0343963A	0343963A	1	0
0343AA22	0343AA22	1	0
0343B3FF	0343B3FF	1	0
0343BB3D	0343BB3D	1	0
0343C033	0343C033	1	0
03440003	03440003	1	0
0344000F	0344000F	1	0
034400CC	034400CC	1	0
03440200	03440200	2	0
03440340	03440340	1	0
034403A0	034403A0	1	0
03440400	03440400	1	0
034404FF	034404FF	1	0
0344130B	0344130B	1	0
03442131	03442131	1	0
03442221	03442221	1	0
03442223	03442223	1	0
03442442	03442442	1	0
03442F03	03442F03	1	0
0344441E	0344441E	1	0
03444430	03444430	1	0
03444466	03444466	1	0
034444C0	034444C0	1	0
03444528	03444528	1	0
03444556	03444556	1	0
034445D5	034445D5	1	0
0344492F	0344492F	1	0
03444E77	03444E77	1	0
034452FF	034452FF	1	0
03446003	03446003	1	0
03446082	03446082	1	0
03446451	03446451	1	0
03446555	03446555	1	0
03446620	03446620	1	0
03446666	03446666	1	0
03446AAA	03446AAA	1	0
03447666	03447666	1	0
03447C00	03447C00	1	0
03447C21	03447C21	1	0
03447C56	03447C56	1	0
03448AAA	03448AAA	1	0
03449722	03449722	1	0
0344A222	0344A222	1	0
0344B112	0344B112	1	0
0344C103	0344C103	1	0
0344CD5C	0344CD5C	1	0
0344CF02	0344CF02	1	0
0344DB85	0344DB85	1	0
0344E00E	0344E00E	1	0
0344FA02	0344FA02	1	0
0344FF75	0344FF75	1	0
03450000	03450000	1	0
03450200	03450200	1	0
03450300	03450300	1	0
03450344	03450344	4	0
03450461	03450461	1	0
03450810	03450810	1	0
03451302	03451302	1	0
03451827	03451827	1	0
03451F90	03451F90	1	0
03454157	03454157	1	0
03454434	03454434	1	0
03455544	03455544	1	0
03455667	03455667	1	0
03455C34	03455C34	1	0
03456418	03456418	1	0
03456455	03456455	1	0
03457854	03457854	1	0
03457D79	03457D79	1	0
0345B303	0345B303	1	0
0345D13B	0345D13B	1	0
0345E600	0345E600	1	0
0345FFF2	0345FFF2	1	0
03460045	03460045	1	0
03460277	03460277	1	0
03460C03	03460C03	1	0
03462377	03462377	1	0
03463F45	03463F45	1	0
03465703	03465703	1	0
03467022	03467022	1	0
03469712	03469712	1	0
034699C6	034699C6	1	0
0346F724	0346F724	1	0
0346F988	0346F988	1	0
0346FF03	0346FF03	1	0
0346FFFF	0346FFFF	1	0
03471114	03471114	1	0
0347122C	0347122C	2	0
03472346	03472346	1	0
0347246F	0347246F	1	0
03474BBB	03474BBB	1	0
034754F4	034754F4	1	0
03475E03	03475E03	1	0
03476F02	03476F02	1	0
03477430	03477430	1	0
03477647	03477647	1	0
0347C003	0347C003	1	0
0347DE03	0347DE03	1	0
0347F74C	0347F74C	1	0
03480211	03480211	1	0
034802BC	034802BC	1	0
03481C03	03481C03	1	0
03484017	03484017	1	0
034844E0	034844E0	1	0
03487544	03487544	1	0
0348DDD4	0348DDD4	1	0
0348EF61	0348EF61	1	0
03490048	03490048	1	0
03490300	03490300	1	0
03490348	03490348	6	0
03490980	03490980	1	0
03492348	03492348	1	0
0349CE04	0349CE04	1	0
0349E80E	0349E80E	1	0
0349FDA6	0349FDA6	1	0
034A0003	034A0003	1	0
034A1203	034A1203	1	0
034A2F00	034A2F00	1	0
034A40B2	034A40B2	1	0
034A7EA7	034A7EA7	1	0
034AA720	034AA720	1	0
034AAA4A	034AAA4A	1	0
034AAE00	034AAE00	1	0
034AC844	034AC844	1	0
034AF903	034AF903	1	0
034B00B5	034B00B5	1	0
034B0312	034B0312	1	0
034B034A	034B034A	4	0
034B04ED	034B04ED	1	0
034B104F	034B104F	1	0
034B16EB	034B16EB	1	0
034B3BDF	034B3BDF	1	0
034B7666	034B7666	1	0
034BFE44	034BFE44	1	0
034C0003	034C0003	2	0
034C0300	034C0300	1	0
034C04E7	034C04E7	1	0
034C1040	034C1040	1	0
034C3EB6	034C3EB6	1	0
034C4044	034C4044	1	0
034C5CB4	034C5CB4	1	0
034CF6CC	034CF6CC	1	0
034D034C	034D034C	4	0
034D1F20	034D1F20	1	0
034D234C	034D234C	1	0
034D299D	034D299D	1	0
034D44D4	034D44D4	1	0
034D50DE	034D50DE	1	0
034D6411	034D6411	1	0
034E032F	034E032F	1	0
034E03A8	034E03A8	1	0
034E1111	034E1111	1	0
034E23F0	034E23F0	1	0
034E3F20	034E3F20	1	0
034E4087	034E4087	1	0
034E549F	034E549F	1	0
034EEEE7	034EEEE7	1	0
034F000B	034F000B	1	0
034F034E	034F034E	4	0
034F03DF	034F03DF	1	0
034F0A97	034F0A97	1	0
034F1131	034F1131	1	0
034F12CC	034F12CC	1	0
034F1553	034F1553	1	0
034F171C	034F171C	1	0
034F2388	034F2388	1	0
034F23CF	034F23CF	1	0
034F3703	034F3703	1	0
034F7F23	034F7F23	1	0
034FFFEA	034FFFEA	1	0
034FFFFF	034FFFFF	1	0
03500000	03500000	1	0
03500002	03500002	1	0
03500003	03500003	1	0
03500026	03500026	1	0
03500083	03500083	1	0
035000EA	035000EA	1	0
03500114	03500114	1	0
03500203	03500203	1	0
03500303	03500303	1	0
03500304	03500304	1	0
03500312	03500312	1	0
0350031C	0350031C	1	0
03500342	03500342	1	0
03500348	03500348	1	0
035003F0	035003F0	8	0
03500403	03500403	1	0
03500615	03500615	1	0
03500703	03500703	1	0
03500710	03500710	3	0
03500720	03500720	1	0
03500781	03500781	1	0
03500810	03500810	1	0
03500B10	03500B10	1	0
03500C00	03500C00	1	0
03500C10	03500C10	1	0
03500C20	03500C20	1	0
03500D22	03500D22	1	0
03500F03	03500F03	2	0
03500F10	03500F10	2	0
03500F42	03500F42	1	0
03501003	03501003	1	0
03501200	03501200	2	0
03501310	03501310	1	0
03501322	03501322	1	0
03501512	03501512	1	0
03501514	03501514	1	0
03501559	03501559	1	0
03501713	03501713	1	0
035017A7	035017A7	1	0
03501900	03501900	1	0
03501B03	03501B03	1	0
03501B12	03501B12	2	0
03501D20	03501D20	1	0
03501DF8	03501DF8	1	0
03501E00	03501E00	2	0
03501E15	03501E15	1	0
03501F20	03501F20	1	0
03501F21	03501F21	1	0
03501F33	03501F33	1	0
03501FCF	03501FCF	1	0
0350206B	0350206B	1	0
03502203	03502203	1	0
03502300	03502300	2	0
03502311	03502311	1	0
03502470	03502470	1	0
03502534	03502534	1	0
03502734	03502734	1	0
03502914	03502914	1	0
03502D12	03502D12	1	0
03502F01	03502F01	2	0
03502F10	03502F10	1	0
03502F22	03502F22	1	0
03502F46	03502F46	1	0
03502F61	03502F61	1	0
03503000	03503000	1	0
03503203	03503203	1	0
03503303	03503303	1	0
03503311	03503311	1	0
03503710	03503710	2	0
03503730	03503730	1	0
03503757	03503757	1	0
03503802	03503802	1	0
03503A31	03503A31	1	0
03503B11	03503B11	1	0
03503C00	03503C00	1	0
03503F00	03503F00	1	0
03503F1B	03503F1B	1	0
03503F3D	03503F3D	1	0
03504110	03504110	1	0
03504200	03504200	1	0
03504238	03504238	1	0
03504304	03504304	1	0
0350439A	0350439A	1	0
035043A9	035043A9	1	0
03504777	03504777	1	0
03504866	03504866	1	0
03504A78	03504A78	1	0
03504C65	03504C65	1	0
03504D33	03504D33	1	0
03504F10	03504F10	1	0
03504F40	03504F40	1	0
03504F84	03504F84	1	0
03505300	03505300	1	0
03505311	03505311	1	0
03505331	03505331	1	0
03505854	03505854	1	0
03505E10	03505E10	1	0
03505F08	03505F08	1	0
03506000	03506000	1	0
03506001	03506001	1	0
03506304	03506304	1	0
03506310	03506310	1	0
035063D0	035063D0	1	0
03506540	03506540	1	0
03506600	03506600	1	0
03506740	03506740	2	0
0350674D	0350674D	1	0
03506BBB	03506BBB	1	0
03506F02	03506F02	1	0
03507000	03507000	1	0
0350735F	0350735F	1	0
03507487	03507487	1	0
03507711	03507711	2	0
03507736	03507736	1	0
03507752	03507752	1	0
03507777	03507777	1	0
03507AC0	03507AC0	1	0
03507B14	03507B14	1	0
03507B69	03507B69	1	0
03507F10	03507F10	1	0
03507FBB	03507FBB	1	0
03508000	03508000	1	0
03508003	03508003	1	0
03508056	03508056	1	0
03508094	03508094	1	0
035080BE	035080BE	1	0
035080ED	035080ED	1	0
0350835A	0350835A	1	0
03508526	03508526	1	0
03508600	03508600	1	0
03508703	03508703	1	0
03508732	03508732	1	0
035087F3	035087F3	1	0
03508847	03508847	1	0
03508866	03508866	2	0
03508889	03508889	1	0
035088BF	035088BF	1	0
03508B00	03508B00	1	0
03508B91	03508B91	1	0
03508F9D	03508F9D	1	0
03509050	03509050	1	0
03509119	03509119	1	0
0350931D	0350931D	1	0
0350937A	0350937A	1	0
0350940D	0350940D	1	0
03509410	03509410	1	0
03509903	03509903	1	0
03509930	03509930	1	0
03509986	03509986	1	0
03509A99	03509A99	1	0
03509B01	03509B01	2	0
03509B10	03509B10	1	0
03509F11	03509F11	1	0
0350A020	0350A020	1	0
0350A063	0350A063	1	0
0350A0DD	0350A0DD	1	0
0350A223	0350A223	1	0
0350A405	0350A405	1	0
0350A888	0350A888	1	0
0350AA23	0350AA23	1	0
0350AA25	0350AA25	1	0
0350AA42	0350AA42	1	0
0350AAF2	0350AAF2	1	0
0350AB7F	0350AB7F	1	0
0350AF10	0350AF10	1	0
0350B163	0350B163	1	0
0350B303	0350B303	1	0
0350B322	0350B322	1	0
0350B352	0350B352	1	0
0350B433	0350B433	1	0
0350BB42	0350BB42	1	0
0350BB9B	0350BB9B	1	0
0350BF20	0350BF20	2	0
0350C101	0350C101	1	0
0350C45E	0350C45E	1	0
0350C5BB	0350C5BB	1	0
0350C701	0350C701	1	0
0350C761	0350C761	1	0
0350C822	0350C822	1	0
0350CB20	0350CB20	1	0
0350CCCB	0350CCCB	1	0
0350CEBF	0350CEBF	1	0
0350CF02	0350CF02	1	0
0350CF31	0350CF31	1	0
0350CF73	0350CF73	1	0
0350CFFF	0350CFFF	1	0
0350D00F	0350D00F	1	0
0350D314	0350D314	1	0
0350D315	0350D315	1	0
0350D323	0350D323	1	0
0350DB03	0350DB03	1	0
0350DC17	0350DC17	1	0
0350DDDE	0350DDDE	1	0
0350DF01	0350DF01	1	0
0350DF27	0350DF27	1	0
0350E033	0350E033	1	0
0350E303	0350E303	1	0
0350E313	0350E313	2	0
0350E377	0350E377	1	0
0350E400	0350E400	1	0
0350E4DF	0350E4DF	1	0
0350E713	0350E713	1	0
0350E807	0350E807	1	0
0350ED0A	0350ED0A	1	0
0350ED60	0350ED60	1	0
0350EE33	0350EE33	1	0
0350EE41	0350EE41	1	0
0350EE73	0350EE73	1	0
0350F001	0350F001	1	0
0350F010	0350F010	1	0
0350F137	0350F137	1	0
0350FA01	0350FA01	1	0
0350FC4F	0350FC4F	1	0
0350FD7F	0350FD7F	1	0
0350FF00	0350FF00	1	0
0350FF01	0350FF01	1	0
0350FF03	0350FF03	1	0
0350FF13	0350FF13	1	0
0350FF30	0350FF30	1	0
0350FF4B	0350FF4B	1	0
0350FF50	0350FF50	1	0
0350FFCB	0350FFCB	1	0
03510050	03510050	1	0
03510129	03510129	1	0
03510350	03510350	2	0
03510740	03510740	1	0
03511F5B	03511F5B	1	0
03512113	03512113	1	0
03514677	03514677	1	0
0351546B	0351546B	1	0
0351568F	0351568F	1	0
03515FF0	03515FF0	1	0
0351681A	0351681A	2	0
03517725	03517725	1	0
03517F0B	03517F0B	1	0
0351E003	0351E003	1	0
0351E5FF	0351E5FF	1	0
0351FB40	0351FB40	1	0
0351FF1F	0351FF1F	1	0
03520051	03520051	1	0
03520300	03520300	1	0
03521301	03521301	1	0
03521F25	03521F25	1	0
03523B1B	03523B1B	1	0
03525107	03525107	1	0
03527FFF	03527FFF	1	0
0352E701	0352E701	1	0
0353001C	0353001C	1	0
03530300	03530300	1	0
03530319	03530319	1	0
03530352	03530352	4	0
0353104A	0353104A	1	0
035313B3	035313B3	1	0
03532007	03532007	1	0
0353202B	0353202B	1	0
03532307	03532307	1	0
035323ED	035323ED	1	0
0353301C	0353301C	1	0
03534534	03534534	1	0
03534622	03534622	1	0
03535052	03535052	1	0
03535323	03535323	1	0
03535465	03535465	1	0
03538312	03538312	1	0
0353FEC8	0353FEC8	1	0
03540003	03540003	1	0
035408CD	035408CD	1	0
03542442	03542442	1	0
03542803	03542803	1	0
03543333	03543333	1	0
03543445	03543445	1	0
03543544	03543544	1	0
03544001	03544001	1	0
03544506	03544506	1	0
03544520	03544520	1	0
03544544	03544544	1	0
03545598	03545598	1	0
03545824	03545824	1	0
03546654	03546654	1	0
0354832C	0354832C	1	0
0354C5BD	0354C5BD	1	0
0354CBFF	0354CBFF	1	0
0354CD02	0354CD02	1	0
0354D812	0354D812	1	0
0354E213	0354E213	1	0
03550310	03550310	1	0
03550354	03550354	4	0
035505FA	035505FA	1	0
03550713	03550713	1	0
0355112F	0355112F	1	0
03551586	03551586	1	0
035522FB	035522FB	1	0
03552603	03552603	1	0
03552F03	03552F03	1	0
03553D29	03553D29	1	0
0355408F	0355408F	1	0
03555222	03555222	1	0
03555666	03555666	1	0
03555841	03555841	1	0
03555B3B	03555B3B	1	0
03555EE9	03555EE9	1	0
0355690B	0355690B	1	0
03556E03	03556E03	1	0
03558A55	03558A55	1	0
03558B8A	03558B8A	1	0
0355A031	0355A031	1	0
0355AA76	0355AA76	1	0
0355AAA5	0355AAA5	1	0
0355CA01	0355CA01	1	0
0355CCCC	0355CCCC	1	0
0355D303	0355D303	1	0
0355D91F	0355D91F	1	0
0355DC00	0355DC00	1	0
0355E002	0355E002	1	0
0355E703	0355E703	1	0
0355F303	0355F303	1	0
0355F600	0355F600	1	0
0355FF0A	0355FF0A	2	0
0356015C	0356015C	1	0
03560321	03560321	1	0
03560337	03560337	1	0
03560C00	03560C00	1	0
035615A2	035615A2	1	0
03561700	03561700	1	0
03562462	03562462	1	0
035633FF	035633FF	1	0
03563FF2	03563FF2	1	0
0356502C	0356502C	1	0
03565678	03565678	1	0
03565EC7	03565EC7	1	0
03566717	03566717	1	0
03567555	03567555	1	0
03567778	03567778	1	0
03567C82	03567C82	1	0
03568888	03568888	1	0
035688FB	035688FB	1	0
03569507	03569507	2	0
0356ADFF	0356ADFF	1	0
0356F777	0356F777	1	0
0356FFAB	0356FFAB	1	0
03570356	03570356	4	0
035706DF	035706DF	1	0
03570C07	03570C07	1	0
03571000	03571000	1	0
0357232F	0357232F	1	0
03572F03	03572F03	1	0
03573000	03573000	1	0
03574524	03574524	1	0
03576076	03576076	1	0
035763FB	035763FB	1	0
03577175	03577175	1	0
03577720	03577720	1	0
0357780B	0357780B	1	0
03577822	03577822	1	0
03577E33	03577E33	1	0
03578005	03578005	1	0
0357AE06	0357AE06	1	0
0357E711	0357E711	1	0
0357F803	0357F803	1	0
03580103	03580103	1	0
03580300	03580300	1	0
03580824	03580824	1	0
03586101	03586101	1	0
03587801	03587801	1	0
035882F4	035882F4	1	0
03588751	03588751	1	0
03589980	03589980	1	0
0358AF58	0358AF58	1	0
03590004	03590004	1	0
035901CB	035901CB	1	0
035902A8	035902A8	1	0
03590358	03590358	4	0
03591131	03591131	1	0
035911AE	035911AE	1	0
03594022	03594022	1	0
03597358	03597358	1	0
03599988	03599988	1	0
03599B01	03599B01	1	0
035A0233	035A0233	1	0
035A1018	035A1018	1	0
035A3133	035A3133	1	0
035AA3A8	035AA3A8	1	0
035B005A	035B005A	1	0
035B035A	035B035A	1	0
035B0F9C	035B0F9C	1	0
035B20F5	035B20F5	1	0
035B2E33	035B2E33	1	0
035B3FFF	035B3FFF	1	0
035B63CF	035B63CF	1	0
035BC185	035BC185	1	0
035C0004	035C0004	1	0
035C0358	035C0358	1	0
035C037B	035C037B	1	0
035C0710	035C0710	1	0
035C4401	035C4401	1	0
035C4833	035C4833	1	0
035CEF11	035CEF11	1	0
035D0000	035D0000	4	0
035D035C	035D035C	5	0
035D9F03	035D9F03	1	0
035DF019	035DF019	1	0
035DF0C7	035DF0C7	1	0
035E0000	035E0000	4	0
035E005D	035E005D	1	0
035E016C	035E016C	1	0
035E02FF	035E02FF	1	0
035E0340	035E0340	1	0
035E037D	035E037D	1	0
035E0BF2	035E0BF2	1	0
035E1E50	035E1E50	1	0
035E6801	035E6801	1	0
035E8686	035E8686	1	0
035EFEFE	035EFEFE	1	0
035F00E0	035F00E0	1	0
035F00FD	035F00FD	1	0
035F0307	035F0307	1	0
035F035E	035F035E	4	0
035F166F	035F166F	1	0
035F30C3	035F30C3	1	0
035F40E7	035F40E7	1	0
035F410B	035F410B	1	0
035F53AC	035F53AC	1	0
035F60DD	035F60DD	1	0
035F801C	035F801C	1	0
035F931F	035F931F	1	0
035FACCA	035FACCA	1	0
035FE011	035FE011	1	0
035FF33F	035FF33F	1	0
03600000	03600000	1	0
03600024	03600024	1	0
03600180	03600180	1	0
03600214	03600214	1	0
03600300	03600300	1	0
03600358	03600358	1	0
0360035F	0360035F	1	0
036003D0	036003D0	1	0
036003F0	036003F0	5	0
03600410	03600410	1	0
03600600	03600600	1	0
0360061C	0360061C	1	0
03600710	03600710	1	0
03600740	03600740	1	0
03600803	03600803	1	0
03600A11	03600A11	1	0
03600AD9	03600AD9	1	0
03600E00	03600E00	1	0
03600F03	03600F03	1	0
03600FE4	03600FE4	1	0
03601040	03601040	1	0
03601111	03601111	1	0
03601200	03601200	1	0
03601333	03601333	1	0
03601377	03601377	2	0
036017C1	036017C1	1	0
03601900	03601900	1	0
03601E00	03601E00	1	0
03601FF3	03601FF3	1	0
03602100	03602100	1	0
03602369	03602369	1	0
03602534	03602534	1	0
03602731	03602731	1	0
03602882	03602882	1	0
03602900	03602900	1	0
03602A90	03602A90	1	0
03602F03	03602F03	1	0
03602F13	03602F13	1	0
03603100	03603100	1	0
03603306	03603306	1	0
03603901	03603901	1	0
0360432A	0360432A	1	0
03604408	03604408	1	0
03604444	03604444	1	0
03604449	03604449	1	0
03604477	03604477	1	0
03604803	03604803	1	0
03605458	03605458	1	0
03605565	03605565	1	0
03605611	03605611	1	0
03605917	03605917	1	0
03605FD3	03605FD3	1	0
03606001	03606001	1	0
03606006	03606006	1	0
03606177	03606177	1	0
036061F4	036061F4	1	0
036062D9	036062D9	1	0
03606312	03606312	1	0
03606666	03606666	1	0
0360698A	0360698A	1	0
03606A00	03606A00	1	0
03606A03	03606A03	1	0
03607736	03607736	1	0
03607740	03607740	1	0
03607898	03607898	1	0
03607906	03607906	2	0
03607B58	03607B58	1	0
03607C08	03607C08	1	0
03608013	03608013	1	0
03608090	03608090	1	0
036080AA	036080AA	1	0
03608543	03608543	1	0
03608606	03608606	1	0
03608814	03608814	1	0
03608BB2	03608BB2	1	0
03608D55	03608D55	1	0
03609203	03609203	1	0
03609602	03609602	1	0
03609803	03609803	1	0
03609A03	03609A03	1	0
03609C00	03609C00	2	0
0360A000	0360A000	1	0
0360A012	0360A012	1	0
0360A23F	0360A23F	1	0
0360A790	0360A790	1	0
0360AB03	0360AB03	1	0
0360AC00	0360AC00	1	0
0360AE03	0360AE03	1	0
0360B160	0360B160	1	0
0360B367	0360B367	1	0
0360BA02	0360BA02	1	0
0360BC67	0360BC67	1	0
0360BD56	0360BD56	1	0
0360BF00	0360BF00	1	0
0360BF5E	0360BF5E	1	0
0360BF87	0360BF87	1	0
0360C00F	0360C00F	1	0
0360C302	0360C302	1	0
0360C312	0360C312	1	0
0360C340	0360C340	1	0
0360C43B	0360C43B	1	0
0360C640	0360C640	1	0
0360CB22	0360CB22	1	0
0360CC03	0360CC03	1	0
0360DB05	0360DB05	1	0
0360DF03	0360DF03	1	0
0360E14E	0360E14E	1	0
0360E303	0360E303	1	0
0360E313	0360E313	1	0
0360EE03	0360EE03	1	0
0360EF03	0360EF03	1	0
0360F1FF	0360F1FF	1	0
0360F32F	0360F32F	1	0
0360F711	0360F711	1	0
0360F747	0360F747	1	0
0360F7F8	0360F7F8	1	0
03610019	03610019	1	0
0361009A	0361009A	1	0
03610360	03610360	5	0
036103F1	036103F1	1	0
03610744	03610744	1	0
03612311	03612311	1	0
03613721	03613721	1	0
0361545D	0361545D	1	0
0361A703	0361A703	1	0
0361E806	0361E806	1	0
03620066	03620066	1	0
0362026E	0362026E	1	0
03620535	03620535	1	0
03621140	03621140	1	0
036213FA	036213FA	1	0
03627E03	03627E03	1	0
0362B993	0362B993	1	0
0362CB22	0362CB22	1	0
03630061	03630061	1	0
036302C0	036302C0	1	0
03630362	03630362	5	0
03630BEC	03630BEC	1	0
03630FD6	03630FD6	1	0
036311FF	036311FF	1	0
036318C8	036318C8	1	0
03633333	03633333	1	0
03633494	03633494	1	0
03633BE0	03633BE0	1	0
03634E42	03634E42	1	0
03635362	03635362	1	0
036380BB	036380BB	1	0
03639979	03639979	1	0
0363C231	0363C231	1	0
0363E067	0363E067	1	0
0363F3A0	0363F3A0	1	0
0363FD00	0363FD00	1	0
03640345	03640345	1	0
03640C00	03640C00	1	0
03640DD8	03640DD8	1	0
03642126	03642126	1	0
03643121	03643121	1	0
03644920	03644920	1	0
03646416	03646416	1	0
03646464	03646464	1	0
03647063	03647063	1	0
0364EC4F	0364EC4F	2	0
03650064	03650064	1	0
03650104	03650104	4	0
036501B4	036501B4	1	0
0365115A	0365115A	1	0
0365161F	0365161F	1	0
03652716	03652716	1	0
03654355	03654355	1	0
03654377	03654377	1	0
03655420	03655420	1	0
03655422	03655422	1	0
0365563F	0365563F	1	0
03655B41	03655B41	1	0
03655FFF	03655FFF	1	0
0365601C	0365601C	1	0
036567A8	036567A8	1	0
036572A8	036572A8	1	0
03657877	03657877	1	0
0365A003	0365A003	1	0
0365CB11	0365CB11	1	0
03660065	03660065	1	0
03660385	03660385	1	0
0366076F	0366076F	1	0
03661131	03661131	1	0
03661404	03661404	1	0
03661733	03661733	1	0
03663036	03663036	1	0
03663103	03663103	2	0
03663388	03663388	2	0
03663803	03663803	1	0
03664046	03664046	1	0
03664127	03664127	1	0
0366456A	0366456A	1	0
03665077	03665077	1	0
03665542	03665542	1	0
03665556	03665556	1	0
03665565	03665565	1	0
03666301	03666301	1	0
036664BB	036664BB	1	0
036665F5	036665F5	1	0
03666677	03666677	1	0
03666755	03666755	1	0
03666777	03666777	1	0
0366678C	0366678C	1	0
03666A8D	03666A8D	1	0
03667779	03667779	1	0
0366798C	0366798C	1	0
03668881	03668881	1	0
03668A14	03668A14	1	0
03669992	03669992	1	0
03669996	03669996	1	0
0366A802	0366A802	1	0
0366AF26	0366AF26	1	0
0366CDAD	0366CDAD	1	0
0366E403	0366E403	1	0
036702EA	036702EA	1	0
03670366	03670366	4	0
03670423	03670423	1	0
0367047A	0367047A	1	0
03670F2E	03670F2E	1	0
036712FF	036712FF	1	0
03671483	03671483	1	0
03674097	03674097	1	0
036740B2	036740B2	1	0
036740C0	036740C0	1	0
03676456	03676456	1	0
03676654	03676654	1	0
03677676	03677676	1	0
03677966	03677966	1	0
0367B2CF	0367B2CF	1	0
0367C803	0367C803	1	0
0367D720	0367D720	1	0
03680037	03680037	1	0
03680269	03680269	1	0
03680300	03680300	2	0
0368034E	0368034E	1	0
03680E6B	03680E6B	1	0
03681366	03681366	1	0
036820E0	036820E0	1	0
03685094	03685094	1	0
036864FF	036864FF	1	0
03688A94	03688A94	2	0
0368ACCA	0368ACCA	1	0
0368E820	0368E820	1	0
036901A0	036901A0	1	0
03690368	03690368	5	0
03691C04	03691C04	1	0
036940E7	036940E7	1	0
03697368	03697368	1	0
03699935	03699935	1	0
0369A311	0369A311	1	0
036A01F0	036A01F0	1	0
036A0300	036A0300	1	0
036A0F1F	036A0F1F	1	0
036A10E5	036A10E5	1	0
036A1717	036A1717	1	0
036A40AA	036A40AA	1	0
036A514F	036A514F	1	0
036A7339	036A7339	1	0
036A77F3	036A77F3	1	0
036A7DDD	036A7DDD	1	0
036A9337	036A9337	1	0
036A9944	036A9944	1	0
036AAA36	036AAA36	1	0
036AAD04	036AAD04	1	0
036ADD57	036ADD57	1	0
036B0003	036B0003	1	0
036B0364	036B0364	1	0
036B036A	036B036A	4	0
036B036B	036B036B	1	0
036B03C0	036B03C0	1	0
036B03E7	036B03E7	1	0
036B0644	036B0644	1	0
036B1933	036B1933	1	0
036B1FE6	036B1FE6	1	0
036B8836	036B8836	1	0
036BF666	036BF666	1	0
036BFC00	036BFC00	1	0
036C006B	036C006B	1	0
036C00CF	036C00CF	1	0
036C0144	036C0144	1	0
036C034D	036C034D	1	0
036C0352	036C0352	1	0
036C202E	036C202E	1	0
036CD003	036CD003	1	0
036D036C	036D036C	5	0
036D236C	036D236C	1	0
036D2DD4	036D2DD4	1	0
036D50D0	036D50D0	1	0
036DD666	036DD666	1	0
036DD800	036DD800	1	0
036E038D	036E038D	1	0
036E0878	036E0878	1	0
036EDDDB	036EDDDB	1	0
036EFB36	036EFB36	1	0
036F0051	036F0051	1	0
036F012E	036F012E	1	0
036F03F6	036F03F6	1	0
036F0570	036F0570	1	0
036F057C	036F057C	1	0
036F05C6	036F05C6	1	0
036F0710	036F0710	1	0
036F1401	036F1401	1	0
036F22BB	036F22BB	1	0
036F22F7	036F22F7	1	0
036F4D03	036F4D03	1	0
036F5503	036F5503	1	0
036F653C	036F653C	1	0
036FA219	036FA219	1	0
036FD611	036FD611	1	0
036FF336	036FF336	1	0
036FF626	036FF626	1	0
03700019	03700019	1	0
03700149	03700149	1	0
03700368	03700368	1	0
03700389	03700389	1	0
037003F0	037003F0	18	0
03700702	03700702	1	0
03700710	03700710	1	0
03700900	03700900	1	0
03700939	03700939	1	0
03700B03	03700B03	1	0
03700F10	03700F10	1	0
03701183	03701183	1	0
037013EB	037013EB	1	0
03701F2C	03701F2C	1	0
03702356	03702356	1	0
03702BF1	03702BF1	1	0
03702FF1	03702FF1	1	0
03703000	03703000	1	0
037033F1	037033F1	2	0
037037F1	037037F1	1	0
03703C06	03703C06	1	0
03703F10	03703F10	1	0
03703FF0	03703FF0	1	0
03704340	03704340	1	0
03704541	03704541	1	0
03704555	03704555	1	0
03705103	03705103	1	0
037053F0	037053F0	1	0
03705F48	03705F48	1	0
03706310	03706310	1	0
03707B02	03707B02	1	0
03707F0A	03707F0A	1	0
03708403	03708403	1	0
03708521	03708521	1	0
03708666	03708666	1	0
03708986	03708986	1	0
03708B01	03708B01	1	0
03709103	03709103	1	0
037091D5	037091D5	1	0
03709403	03709403	1	0
03709C00	03709C00	1	0
03709F03	03709F03	1	0
0370A333	0370A333	1	0
0370A600	0370A600	1	0
0370A958	0370A958	1	0
0370B666	0370B666	1	0
0370B6E3	0370B6E3	1	0
0370B7D1	0370B7D1	1	0
0370BA03	0370BA03	1	0
0370BBBC	0370BBBC	1	0
0370BF03	0370BF03	1	0
0370BFF0	0370BFF0	1	0
0370C320	0370C320	1	0
0370C701	0370C701	1	0
0370CB21	0370CB21	1	0
0370CC5F	0370CC5F	1	0
0370CE12	0370CE12	1	0
0370D253	0370D253	1	0
0370D941	0370D941	1	0
0370DD42	0370DD42	1	0
0370E303	0370E303	1	0
0370E313	0370E313	1	0
0370E390	0370E390	1	0
0370E903	0370E903	1	0
0370EF5A	0370EF5A	1	0
0370F3F3	0370F3F3	1	0
0370F763	0370F763	1	0
0370FBF4	0370FBF4	1	0
0370FD01	0370FD01	1	0
0370FF03	0370FF03	1	0
0370FFF0	0370FFF0	1	0
03710271	03710271	1	0
03710300	03710300	1	0
03710370	03710370	5	0
037103F1	037103F1	1	0
0371075D	0371075D	1	0
03711111	03711111	1	0
03711AAC	03711AAC	1	0
03713BF5	03713BF5	1	0
03714370	03714370	1	0
037156BF	037156BF	1	0
03717778	03717778	1	0
03718444	03718444	1	0
03718729	03718729	1	0
0371CF65	0371CF65	1	0
0371FFFF	0371FFFF	1	0
03720071	03720071	1	0
037203DE	037203DE	1	0
03721416	03721416	1	0
03722755	03722755	1	0
03722D00	03722D00	1	0
03726004	03726004	1	0
0372BFA3	0372BFA3	1	0
0372E7FF	0372E7FF	1	0
03730288	03730288	1	0
03730372	03730372	4	0
03730403	03730403	1	0
037311B5	037311B5	1	0
03731807	03731807	1	0
03731F50	03731F50	1	0
03733BF8	03733BF8	1	0
03734054	03734054	1	0
03734372	03734372	1	0
03737721	03737721	1	0
03737F03	03737F03	1	0
0373C003	0373C003	1	0
0373E113	0373E113	1	0
03740355	03740355	1	0
03740373	03740373	1	0
03741461	03741461	1	0
03744035	03744035	1	0
0374522B	0374522B	1	0
0374A000	0374A000	1	0
0374BF77	0374BF77	1	0
0374FFFC	0374FFFC	1	0
03750374	03750374	4	0
03751355	03751355	1	0
0375552E	0375552E	1	0
0375EB03	0375EB03	1	0
03760075	03760075	1	0
03760129	03760129	1	0
03760FFF	03760FFF	1	0
03762B26	03762B26	1	0
03763E03	03763E03	1	0
03764066	03764066	1	0
037644FE	037644FE	1	0
03764855	03764855	1	0
03765226	03765226	1	0
03765576	03765576	1	0
03765720	03765720	1	0
03766532	03766532	1	0
03766667	03766667	1	0
03766766	03766766	1	0
037667F0	037667F0	1	0
03766CBA	03766CBA	1	0
03768876	03768876	1	0
0376DF20	0376DF20	1	0
0376FC00	0376FC00	1	0
0377000E	0377000E	1	0
03770300	03770300	1	0
03770376	03770376	5	0
037704C7	037704C7	1	0
03770867	03770867	1	0
037712E6	037712E6	1	0
0377200D	0377200D	1	0
03772311	03772311	1	0
03772803	03772803	2	0
03773162	03773162	1	0
03773300	03773300	1	0
03774420	03774420	1	0
03775114	03775114	1	0
0377544B	0377544B	1	0
0377559E	0377559E	1	0
0377608F	0377608F	1	0
03776300	03776300	1	0
0377698A	0377698A	1	0
03777247	03777247	1	0
03777345	03777345	1	0
03777376	03777376	1	0
03777755	03777755	1	0
03777895	03777895	1	0
03777A4E	03777A4E	1	0
03777F7D	03777F7D	1	0
03779995	03779995	1	0
03779F38	03779F38	1	0
0377B935	0377B935	1	0
0377C403	0377C403	1	0
0377C73A	0377C73A	1	0
0377CC1E	0377CC1E	1	0
0377D3E5	0377D3E5	1	0
0377DA01	0377DA01	1	0
0377EE77	0377EE77	1	0
0377F703	0377F703	1	0
03780000	03780000	1	0
03780261	03780261	1	0
037807E8	037807E8	1	0
037840BB	037840BB	1	0
0378411E	0378411E	1	0
037855AF	037855AF	1	0
03785903	03785903	1	0
03786689	03786689	1	0
037887A9	037887A9	1	0
037888A3	037888A3	1	0
03788922	03788922	1	0
0378ABBB	0378ABBB	1	0
0378CDCC	0378CDCC	1	0
0378D1B7	0378D1B7	1	0
0378DE37	0378DE37	1	0
0378EE66	0378EE66	1	0
0378EEE9	0378EEE9	1	0
0378FF0B	0378FF0B	1	0
0379016F	0379016F	1	0
0379110F	0379110F	1	0
03791703	03791703	1	0
03791A03	03791A03	1	0
03794449	03794449	1	0
03795A12	03795A12	1	0
03798884	03798884	1	0
03799777	03799777	1	0
0379B986	0379B986	1	0
0379D121	0379D121	1	0
037A0300	037A0300	1	0
037A03B6	037A03B6	1	0
037A41CC	037A41CC	1	0
037A5763	037A5763	1	0
037A7887	037A7887	1	0
037A8806	037A8806	1	0
037AAA20	037AAA20	1	0
037B037A	037B037A	1	0
037B10F3	037B10F3	1	0
037B123F	037B123F	1	0
037B302A	037B302A	1	0
037BA928	037BA928	1	0
037BB9FF	037BB9FF	1	0
037BBF17	037BBF17	1	0
037C3CDD	037C3CDD	1	0
037C41F7	037C41F7	1	0
037C4944	037C4944	1	0
037CAABB	037CAABB	1	0
037CB013	037CB013	1	0
037CCC03	037CCC03	1	0
037D000A	037D000A	1	0
037D004F	037D004F	2	0
037D033F	037D033F	1	0
037D9E77	037D9E77	1	0
037E0608	037E0608	1	0
037E60DF	037E60DF	1	0
037F0030	037F0030	1	0
037F007D	037F007D	1	0
037F00D0	037F00D0	1	0
037F00FB	037F00FB	1	0
037F02E9	037F02E9	1	0
037F0435	037F0435	1	0
037F0800	037F0800	1	0
037F0F88	037F0F88	1	0
037F1026	037F1026	1	0
037F12FF	037F12FF	1	0
037F16FD	037F16FD	1	0
037F1D4F	037F1D4F	1	0
037F2212	037F2212	1	0
037F230F	037F230F	1	0
037F33FB	037F33FB	1	0
037F4019	037F4019	1	0
037F517B	037F517B	1	0
037F5333	037F5333	1	0
037F57FF	037F57FF	1	0
037F5829	037F5829	1	0
037F603F	037F603F	1	0
037F668A	037F668A	1	0
037F8505	037F8505	1	0
037F8954	037F8954	1	0
037F99AA	037F99AA	1	0
037FFFF6	037FFFF6	1	0
0380008B	0380008B	1	0
038000B7	038000B7	1	0
03800101	03800101	1	0
03800150	03800150	1	0
0380017C	0380017C	1	0
03800209	03800209	1	0
03800301	03800301	1	0
03800308	03800308	1	0
03800310	03800310	1	0
038003F0	038003F0	7	0
0380056F	0380056F	1	0
03800600	03800600	1	0
038006FD	038006FD	1	0
03800B03	03800B03	1	0
03800D03	03800D03	1	0
03800E30	03800E30	1	0
03800F03	03800F03	1	0
038011DF	038011DF	1	0
03801200	03801200	1	0
03801301	03801301	1	0
03801400	03801400	1	0
03801B17	03801B17	1	0
03801DD1	03801DD1	1	0
03802111	03802111	1	0
03802222	03802222	1	0
03802333	03802333	1	0
03802338	03802338	1	0
03802711	03802711	1	0
03802B10	03802B10	1	0
0380300A	0380300A	1	0
038030FB	038030FB	1	0
03803319	03803319	1	0
038033BB	038033BB	1	0
03803444	03803444	1	0
03803737	03803737	1	0
03804100	03804100	1	0
03804444	03804444	1	0
038044DD	038044DD	1	0
03804503	03804503	1	0
03804577	03804577	1	0
03804772	03804772	1	0
0380477E	0380477E	1	0
03804802	03804802	1	0
03804AC5	03804AC5	1	0
03804D22	03804D22	1	0
03804E87	03804E87	1	0
03805003	03805003	1	0
03805323	03805323	1	0
03805343	03805343	1	0
03805406	03805406	1	0
03805666	03805666	1	0
03805774	03805774	1	0
038057B7	038057B7	1	0
03805826	03805826	1	0
038058DB	038058DB	1	0
03805906	03805906	1	0
03806000	03806000	1	0
03806161	03806161	1	0
03806581	03806581	1	0
03806607	03806607	1	0
03806622	03806622	1	0
0380665D	0380665D	1	0
03806777	03806777	1	0
03806803	03806803	2	0
03806844	03806844	1	0
03806C61	03806C61	1	0
03806E04	03806E04	1	0
03807211	03807211	1	0
03807559	03807559	1	0
038076CD	038076CD	1	0
0380788B	0380788B	1	0
03807F19	03807F19	1	0
03808003	03808003	1	0
03808053	03808053	1	0
038080BF	038080BF	1	0
03808312	03808312	1	0
03808615	03808615	1	0
038088D6	038088D6	1	0
03808AAA	03808AAA	1	0
03808D44	03808D44	1	0
03808F88	03808F88	1	0
0380915F	0380915F	1	0
0380922B	0380922B	1	0
03809610	03809610	1	0
038096CC	038096CC	1	0
0380980C	0380980C	1	0
03809865	03809865	1	0
0380990F	0380990F	1	0
0380999C	0380999C	1	0
03809F33	03809F33	1	0
03809F88	03809F88	1	0
03809FE3	03809FE3	1	0
03809FF9	03809FF9	1	0
0380A0E1	0380A0E1	1	0
0380A206	0380A206	1	0
0380A603	0380A603	1	0
0380A777	0380A777	1	0
0380A8DB	0380A8DB	1	0
0380AA03	0380AA03	1	0
0380AA4F	0380AA4F	1	0
0380AA5C	0380AA5C	1	0
0380AC8B	0380AC8B	1	0
0380AE48	0380AE48	1	0
0380AF03	0380AF03	1	0
0380AFF5	0380AFF5	1	0
0380B0A9	0380B0A9	1	0
0380B7F0	0380B7F0	1	0
0380BAA3	0380BAA3	1	0
0380BB22	0380BB22	1	0
0380BB50	0380BB50	1	0
0380BF1E	0380BF1E	1	0
0380BF44	0380BF44	1	0
0380C050	0380C050	1	0
0380C429	0380C429	1	0
0380C503	0380C503	1	0
0380C87B	0380C87B	1	0
0380CBAA	0380CBAA	1	0
0380CC03	0380CC03	1	0
0380CEFE	0380CEFE	1	0
0380D0AB	0380D0AB	1	0
0380D7F0	0380D7F0	3	0
0380D833	0380D833	1	0
0380DEFD	0380DEFD	1	0
0380DF41	0380DF41	1	0
0380E03F	0380E03F	1	0
0380E3A6	0380E3A6	1	0
0380E703	0380E703	1	0
0380E7E7	0380E7E7	1	0
0380E877	0380E877	1	0
0380EA03	0380EA03	1	0
0380EA10	0380EA10	1	0
0380EB4B	0380EB4B	1	0
0380EBEB	0380EBEB	1	0
0380ECAA	0380ECAA	1	0
0380EE11	0380EE11	1	0
0380EF22	0380EF22	1	0
0380EF50	0380EF50	1	0
0380F019	0380F019	1	0
0380F058	0380F058	1	0
0380F0EB	0380F0EB	1	0
0380F4B2	0380F4B2	1	0
0380F4DE	0380F4DE	1	0
0380F71F	0380F71F	1	0
0380F807	0380F807	1	0
0380F949	0380F949	1	0
0380FA03	0380FA03	1	0
0380FD02	0380FD02	1	0
0380FDA2	0380FDA2	1	0
0380FE03	0380FE03	1	0
03810130	03810130	1	0
038101FC	038101FC	1	0
03810300	03810300	3	0
03810311	03810311	1	0
0381031F	0381031F	2	0
038103E3	038103E3	1	0
03810422	03810422	1	0
03810670	03810670	1	0
038106EF	038106EF	1	0
038110F6	038110F6	1	0
038118E8	038118E8	1	0
03812022	03812022	1	0
03812BF4	03812BF4	1	0
03814008	03814008	1	0
03814028	03814028	1	0
03815335	03815335	1	0
03815553	03815553	1	0
03817D27	03817D27	1	0
03818120	03818120	1	0
038188D8	038188D8	1	0
03818A99	03818A99	1	0
03819F03	03819F03	1	0
0381A499	0381A499	1	0
0381DD7F	0381DD7F	1	0
0381E1EF	0381E1EF	1	0
0381EEF2	0381EEF2	1	0
03820381	03820381	1	0
03820B00	03820B00	1	0
0382112C	0382112C	1	0
03821613	03821613	1	0
03822281	03822281	1	0
03824445	03824445	1	0
03824501	03824501	1	0
0382505F	0382505F	1	0
0382A01F	0382A01F	1	0
0382FF13	0382FF13	1	0
03830300	03830300	1	0
0383035F	0383035F	1	0
03830382	03830382	1	0
03831266	03831266	1	0
038312AB	038312AB	1	0
038313F4	038313F4	1	0
038319AA	038319AA	2	0
03833A44	03833A44	1	0
03833F33	03833F33	1	0
03834236	03834236	1	0
03835B66	03835B66	1	0
03838333	03838333	1	0
03838383	03838383	1	0
03838428	03838428	1	0
03840000	03840000	1	0
038400D1	038400D1	1	0
03840277	03840277	1	0
03840353	03840353	1	0
03840364	03840364	1	0
03840383	03840383	1	0
03841689	03841689	1	0
03843B33	03843B33	1	0
0384410E	0384410E	1	0
038455FF	038455FF	1	0
03845A7B	03845A7B	1	0
03845B01	03845B01	1	0
03846446	03846446	1	0
038477ED	038477ED	1	0
03848000	03848000	1	0
0384AA8E	0384AA8E	1	0
0384B703	0384B703	1	0
0384CD08	0384CD08	1	0
0384CDE3	0384CDE3	1	0
0384D310	0384D310	1	0
0384E420	0384E420	1	0
0384EEBF	0384EEBF	1	0
0384F303	0384F303	1	0
0384F601	0384F601	1	0
0384F710	0384F710	1	0
0385131E	0385131E	1	0
038540EC	038540EC	1	0
0385550C	0385550C	1	0
03855B55	03855B55	1	0
03855F03	03855F03	1	0
03856701	03856701	1	0
03857384	03857384	1	0
0385853F	0385853F	1	0
0385EB13	0385EB13	1	0
03860F00	03860F00	1	0
03861F60	03861F60	1	0
03861FD0	03861FD0	1	0
03862588	03862588	1	0
03863701	03863701	1	0
03865021	03865021	1	0
03865517	03865517	1	0
03865556	03865556	1	0
03866652	03866652	1	0
0386778A	0386778A	1	0
03867F1A	03867F1A	1	0
03867F20	03867F20	1	0
0386A8CB	0386A8CB	1	0
0386C4FD	0386C4FD	1	0
03870301	03870301	1	0
0387039D	0387039D	1	0
03870637	03870637	1	0
03870A07	03870A07	1	0
038712E0	038712E0	1	0
03872386	03872386	1	0
038726C7	038726C7	1	0
03876304	03876304	1	0
03877655	03877655	1	0
03877D10	03877D10	1	0
038788BB	038788BB	1	0
03878A34	03878A34	1	0
03879F45	03879F45	1	0
0387B2BF	0387B2BF	1	0
0387DF13	0387DF13	1	0
0387E321	0387E321	1	0
03880300	03880300	2	0
03880310	03880310	1	0
038806F3	038806F3	2	0
03880A00	03880A00	1	0
03881700	03881700	1	0
03882235	03882235	1	0
03883200	03883200	1	0
03884320	03884320	1	0
03884494	03884494	1	0
0388493A	0388493A	1	0
03884AAF	03884AAF	1	0
03884B03	03884B03	1	0
03885300	03885300	1	0
03885C10	03885C10	1	0
03886522	03886522	1	0
03886E12	03886E12	1	0
03887043	03887043	1	0
038870EE	038870EE	1	0
03887601	03887601	1	0
03887603	03887603	1	0
03887720	03887720	1	0
03887789	03887789	1	0
038878FF	038878FF	1	0
038879EE	038879EE	1	0
03888552	03888552	1	0
038887A3	038887A3	1	0
038888C8	038888C8	1	0
038888DD	038888DD	1	0
03888936	03888936	1	0
0388899C	0388899C	1	0
03888BAA	03888BAA	1	0
03888DFF	03888DFF	1	0
03889878	03889878	1	0
03889A26	03889A26	1	0
03889AE2	03889AE2	1	0
0388A68A	0388A68A	1	0
0388B7FB	0388B7FB	1	0
0388BA55	0388BA55	1	0
0388C228	0388C228	1	0
0388D9FF	0388D9FF	1	0
0388DDBB	0388DDBB	1	0
0388EB13	0388EB13	1	0
0388EF27	0388EF27	1	0
0388F308	0388F308	1	0
0388F716	0388F716	1	0
0388FF03	0388FF03	1	0
03890300	03890300	1	0
0389036A	0389036A	1	0
03890388	03890388	1	0
03890F0F	03890F0F	1	0
03891055	03891055	1	0
0389117F	0389117F	1	0
03892F10	03892F10	1	0
03893210	03893210	1	0
03894046	03894046	1	0
03896617	03896617	1	0
03896706	03896706	1	0
03899956	03899956	1	0
03899AAA	03899AAA	1	0
03899AAC	03899AAC	1	0
0389A8DB	0389A8DB	1	0
0389CA02	0389CA02	1	0
0389DF02	0389DF02	1	0
0389EA33	0389EA33	1	0
038A037C	038A037C	1	0
038A2245	038A2245	1	0
038A4053	038A4053	1	0
038A40AB	038A40AB	1	0
038A40CE	038A40CE	1	0
038A4AAA	038A4AAA	1	0
038A5155	038A5155	1	0
038A8888	038A8888	1	0
038A8889	038A8889	1	0
038A8920	038A8920	1	0
038AA925	038AA925	1	0
038AAA44	038AAA44	1	0
038AABAA	038AABAA	1	0
038B0120	038B0120	1	0
038B102F	038B102F	1	0
038B23E0	038B23E0	1	0
038B3603	038B3603	1	0
038B7522	038B7522	1	0
038BD533	038BD533	1	0
038BDFEE	038BDFEE	1	0
038C0003	038C0003	1	0
038C037A	038C037A	1	0
038C0444	038C0444	1	0
038C40F5	038C40F5	1	0
038C4B4B	038C4B4B	1	0
038C6713	038C6713	1	0
038C8828	038C8828	1	0
038C88FC	038C88FC	1	0
038CDCEF	038CDCEF	1	0
038CDFBF	038CDFBF	1	0
038CEE88	038CEE88	1	0
038D02D8	038D02D8	1	0
038D0CE2	038D0CE2	1	0
038D2E5E	038D2E5E	1	0
038E036F	038E036F	1	0
038E038D	038E038D	1	0
038E09CC	038E09CC	1	0
038E162E	038E162E	1	0
038E5C0E	038E5C0E	1	0
038E8DD4	038E8DD4	1	0
038ECC28	038ECC28	1	0
038EFFFB	038EFFFB	1	0
038F1260	038F1260	1	0
038F408E	038F408E	1	0
038F4200	038F4200	1	0
038F4277	038F4277	1	0
038F4402	038F4402	1	0
038F6B2A	038F6B2A	1	0
038F7F80	038F7F80	1	0
038FDF5B	038FDF5B	1	0
038FF78E	038FF78E	1	0
038FFF3B	038FFF3B	1	0
03900057	03900057	1	0
03900300	03900300	1	0
039003F0	039003F0	3	0
03900710	03900710	1	0
039007A4	039007A4	1	0
0390087C	0390087C	1	0
03900948	03900948	1	0
03900984	03900984	1	0
03900A00	03900A00	1	0
03900B00	03900B00	1	0
03900B03	03900B03	1	0
03900B10	03900B10	2	0
03900EB0	03900EB0	1	0
03901111	03901111	1	0
03901200	03901200	1	0
03901321	03901321	1	0
03901810	03901810	1	0
03901E10	03901E10	1	0
03902102	03902102	1	0
03902313	03902313	1	0
03902B91	03902B91	1	0
03902F10	03902F10	1	0
03902F11	03902F11	1	0
03903322	03903322	1	0
03903360	03903360	1	0
03903B10	03903B10	1	0
03904000	03904000	1	0
03904142	03904142	1	0
039042D2	039042D2	1	0
03904854	03904854	1	0
03904FBF	03904FBF	1	0
039053F0	039053F0	1	0
03905E60	03905E60	1	0
03906310	03906310	1	0
03906F12	03906F12	1	0
03907352	03907352	1	0
03907382	03907382	2	0
03907703	03907703	1	0
03907B30	03907B30	1	0
03907F1D	03907F1D	1	0
03908007	03908007	1	0
03908042	03908042	1	0
03908700	03908700	1	0
03909440	03909440	1	0
039097A8	039097A8	1	0
03909E12	03909E12	1	0
03909F02	03909F02	1	0
0390A310	0390A310	1	0
0390A312	0390A312	1	0
0390A350	0390A350	1	0
0390A900	0390A900	1	0
0390B400	0390B400	1	0
0390BF73	0390BF73	1	0
0390C311	0390C311	1	0
0390C352	0390C352	1	0
0390C386	0390C386	1	0
0390CE02	0390CE02	1	0
0390D374	0390D374	3	0
0390D638	0390D638	1	0
0390DE17	0390DE17	1	0
0390E310	0390E310	1	0
0390E313	0390E313	1	0
0390F3B3	0390F3B3	1	0
0390F710	0390F710	1	0
0390FC53	0390FC53	1	0
0390FF03	0390FF03	1	0
03910145	03910145	1	0
03910300	03910300	1	0
03911111	03911111	1	0
039120CB	039120CB	1	0
03912BEF	03912BEF	1	0
03914F41	03914F41	1	0
03915FF0	03915FF0	1	0
03916349	03916349	1	0
03919FFF	03919FFF	1	0
0391AC91	0391AC91	1	0
0391EE9F	0391EE9F	1	0
0391F3E7	0391F3E7	1	0
0391F5A7	0391F5A7	1	0
039203C4	039203C4	1	0
0392147C	0392147C	1	0
03922555	03922555	1	0
03922F03	03922F03	1	0
0392C977	0392C977	1	0
0392FF60	0392FF60	1	0
03930110	03930110	1	0
03930392	03930392	1	0
039307EF	039307EF	1	0
03933333	03933333	1	0
03936E20	03936E20	1	0
0393DA9D	0393DA9D	1	0
03940025	03940025	1	0
03940093	03940093	1	0
03940194	03940194	1	0
03940A94	03940A94	1	0
03942090	03942090	1	0
03943455	03943455	1	0
03945440	03945440	1	0
03947767	03947767	1	0
039499C4	039499C4	1	0
0394FFF4	0394FFF4	1	0
03950394	03950394	1	0
039540D2	039540D2	1	0
03954321	03954321	1	0
03955557	03955557	1	0
03955728	03955728	1	0
03955E18	03955E18	1	0
0395EB03	0395EB03	1	0
0395F446	0395F446	1	0
03960095	03960095	1	0
03960155	03960155	1	0
0396026B	0396026B	1	0
0396034C	0396034C	1	0
0396039A	0396039A	1	0
039603DF	039603DF	1	0
03960634	03960634	1	0
03960800	03960800	1	0
03962168	03962168	1	0
03966555	03966555	1	0
0396A44F	0396A44F	1	0
0396DAAA	0396DAAA	1	0
0397000D	0397000D	1	0
03970120	03970120	1	0
03972399	03972399	1	0
0397338D	0397338D	1	0
039748BB	039748BB	1	0
03977709	03977709	1	0
03979003	03979003	1	0
0397A589	0397A589	1	0
0397FD12	0397FD12	1	0
03980097	03980097	1	0
03980300	03980300	1	0
03980311	03980311	1	0
03980380	03980380	1	0
03980384	03980384	1	0
03980397	03980397	1	0
03980803	03980803	1	0
03981302	03981302	1	0
039813F0	039813F0	1	0
039817D2	039817D2	1	0
03981868	03981868	1	0
03981905	03981905	1	0
03982047	03982047	1	0
03984811	03984811	1	0
03985004	03985004	1	0
03985251	03985251	1	0
03985347	03985347	1	0
03986447	03986447	1	0
03986692	03986692	1	0
03987D88	03987D88	1	0
03988666	03988666	1	0
03988765	03988765	1	0
03989E21	03989E21	1	0
0398BBBB	0398BBBB	1	0
0398F5F5	0398F5F5	1	0
03990002	03990002	1	0
039912CC	039912CC	1	0
03993C10	03993C10	1	0
03994399	03994399	1	0
03995398	03995398	1	0
03995667	03995667	2	0
03995BF9	03995BF9	1	0
03996721	03996721	1	0
03996892	03996892	1	0
03996A03	03996A03	1	0
03996F01	03996F01	1	0
039988BC	039988BC	1	0
03998A0A	03998A0A	1	0
03999443	03999443	1	0
03999920	03999920	1	0
0399993F	0399993F	1	0
03999949	03999949	1	0
03999978	03999978	1	0
03999C99	03999C99	1	0
03999DA1	03999DA1	1	0
0399A877	0399A877	1	0
0399BBB2	0399BBB2	1	0
0399CCCD	0399CCCD	1	0
0399D98A	0399D98A	1	0
0399EEBB	0399EEBB	1	0
0399F001	0399F001	1	0
0399F002	0399F002	1	0
0399FC22	0399FC22	1	0
039A000F	039A000F	1	0
039A0386	039A0386	1	0
039A0399	039A0399	1	0
039A13D3	039A13D3	2	0
039A1B10	039A1B10	1	0
039A46AB	039A46AB	1	0
039A523F	039A523F	1	0
039A5720	039A5720	1	0
039A5F03	039A5F03	1	0
039A641B	039A641B	1	0
039A9D44	039A9D44	1	0
039AA410	039AA410	1	0
039AAAEE	039AAAEE	1	0
039AB88A	039AB88A	1	0
039AB9AB	039AB9AB	1	0
039ABB19	039ABB19	1	0
039AE400	039AE400	1	0
039AF313	039AF313	1	0
039AFEEE	039AFEEE	1	0
039B1145	039B1145	1	0
039B2201	039B2201	1	0
039B25F8	039B25F8	1	0
039B3164	039B3164	1	0
039B33B2	039B33B2	1	0
039B4813	039B4813	2	0
039B539A	039B539A	1	0
039B626C	039B626C	1	0
039B991A	039B991A	1	0
039B9C3F	039B9C3F	1	0
039BA409	039BA409	1	0
039BAAAB	039BAAAB	1	0
039BB95B	039BB95B	1	0
039BBF11	039BBF11	1	0
039BC44C	039BC44C	1	0
039C0007	039C0007	1	0
039C0057	039C0057	1	0
039C0234	039C0234	1	0
039C0318	039C0318	1	0
039C0398	039C0398	1	0
039C2023	039C2023	1	0
039C2A03	039C2A03	1	0
039C30CD	039C30CD	1	0
039C40EE	039C40EE	1	0
039C4803	039C4803	1	0
039C6D31	039C6D31	1	0
039CCC30	039CCC30	1	0
039CCF03	039CCF03	1	0
039CDAC7	039CDAC7	1	0
039CF320	039CF320	1	0
039D0300	039D0300	1	0
039D439C	039D439C	1	0
039D4966	039D4966	1	0
039D5000	039D5000	1	0
039D78A8	039D78A8	1	0
039D9D20	039D9D20	1	0
039DC69D	039DC69D	1	0
039DD996	039DD996	1	0
039DDBDD	039DDBDD	1	0
039DDDC9	039DDDC9	1	0
039DF300	039DF300	1	0
039DFDFF	039DFDFF	1	0
039E0009	039E0009	1	0
039E03BC	039E03BC	1	0
039E1057	039E1057	1	0
039E4347	039E4347	1	0
039E5E24	039E5E24	1	0
039E8999	039E8999	1	0
039EA1BD	039EA1BD	1	0
039ED924	039ED924	1	0
039EDD00	039EDD00	1	0
039EE39F	039EE39F	1	0
039EED00	039EED00	1	0
039EEE6E	039EEE6E	1	0
039EEEE4	039EEEE4	1	0
039EEEEC	039EEEEC	1	0
039F00F5	039F00F5	1	0
039F0377	039F0377	1	0
039F03C7	039F03C7	1	0
039F0700	039F0700	1	0
039F0F9F	039F0F9F	1	0
039F101F	039F101F	1	0
039F205F	039F205F	1	0
039F2081	039F2081	1	0
039F2321	039F2321	1	0
039F2A03	039F2A03	1	0
039F3090	039F3090	1	0
039F33AF	039F33AF	1	0
039F37FF	039F37FF	1	0
039F401D	039F401D	1	0
039F40CB	039F40CB	1	0
039F5C6F	039F5C6F	1	0
039F5D7F	039F5D7F	1	0
039F617D	039F617D	1	0
039F6F6F	039F6F6F	1	0
039F701E	039F701E	1	0
039F723F	039F723F	1	0
039F801F	039F801F	1	0
039F82A5	039F82A5	1	0
039F9F20	039F9F20	1	0
039FE10E	039FE10E	1	0
039FED02	039FED02	1	0
039FF235	039FF235	1	0
039FF484	039FF484	1	0
039FFF83	039FFF83	1	0
03A00001	03A00001	1	0
03A00700	03A00700	1	0
03A01E00	03A01E00	1	0
03A02004	03A02004	1	0
03A0229A	03A0229A	1	0
03A02302	03A02302	1	0
03A02403	03A02403	1	0
03A02602	03A02602	1	0
03A028D2	03A028D2	1	0
03A033F1	03A033F1	1	0
03A04267	03A04267	1	0
03A04413	03A04413	1	0
03A0442A	03A0442A	1	0
03A05321	03A05321	1	0
03A05615	03A05615	1	0
03A06111	03A06111	1	0
03A0666F	03A0666F	1	0
03A06C03	03A06C03	1	0
03A06F53	03A06F53	1	0
03A07FA0	03A07FA0	1	0
03A0876F	03A0876F	1	0
03A08B22	03A08B22	1	0
03A09879	03A09879	1	0
03A09B13	03A09B13	1	0
03A0A811	03A0A811	1	0
03A0AC09	03A0AC09	1	0
03A0B2B2	03A0B2B2	1	0
03A0B9BD	03A0B9BD	1	0
03A0EED9	03A0EED9	1	0
03A0EF90	03A0EF90	1	0
03A0FF03	03A0FF03	1	0
03A10233	03A10233	1	0
03A103A0	03A103A0	1	0
03A117F0	03A117F0	1	0
03A11A20	03A11A20	1	0
03A12323	03A12323	1	0
03A12752	03A12752	1	0
03A17202	03A17202	1	0
03A1BB61	03A1BB61	1	0
03A20003	03A20003	1	0
03A202EF	03A202EF	1	0
03A20E1F	03A20E1F	1	0
03A22444	03A22444	1	0
03A2BDDD	03A2BDDD	1	0
03A30000	03A30000	1	0
03A300A2	03A300A2	1	0
03A30A25	03A30A25	1	0
03A31001	03A31001	1	0
03A31331	03A31331	1	0
03A31636	03A31636	1	0
03A33F28	03A33F28	1	0
03A34707	03A34707	1	0
03A353E7	03A353E7	1	0
03A36AA3	03A36AA3	1	0
03A373A2	03A373A2	1	0
03A38732	03A38732	1	0
03A3AF4B	03A3AF4B	1	0
03A3FB17	03A3FB17	1	0
03A40018	03A40018	1	0
03A400A3	03A400A3	1	0
03A40385	03A40385	1	0
03A403A3	03A403A3	1	0
03A41203	03A41203	1	0
03A424DD	03A424DD	1	0
03A4AEE3	03A4AEE3	1	0
03A4B006	03A4B006	1	0
03A50021	03A50021	1	0
03A5009F	03A5009F	1	0
03A503A4	03A503A4	1	0
03A510BF	03A510BF	1	0
03A513A4	03A513A4	1	0
03A53333	03A53333	1	0
03A5D527	03A5D527	1	0
03A6005F	03A6005F	1	0
03A600A5	03A600A5	1	0
03A62358	03A62358	1	0
03A63343	03A63343	1	0
03A64200	03A64200	1	0
03A644A4	03A644A4	1	0
03A68A22	03A68A22	1	0
03A6CC03	03A6CC03	1	0
03A6EF47	03A6EF47	1	0
03A70104	03A70104	1	0
03A7031B	03A7031B	1	0
03A710D7	03A710D7	1	0
03A7132C	03A7132C	1	0
03A713DF	03A713DF	1	0
03A72BC3	03A72BC3	1	0
03A73055	03A73055	1	0
03A775EF	03A775EF	1	0
03A77A07	03A77A07	1	0
03A78766	03A78766	1	0
03A79BB9	03A79BB9	1	0
03A7BF90	03A7BF90	1	0
03A7D054	03A7D054	1	0
03A7FFFC	03A7FFFC	1	0
03A800A7	03A800A7	1	0
03A800FE	03A800FE	1	0
03A80338	03A80338	1	0
03A83100	03A83100	1	0
03A85904	03A85904	1	0
03A85AFA	03A85AFA	1	0
03A88838	03A88838	1	0
03A88897	03A88897	1	0
03A888AA	03A888AA	1	0
03A8DA02	03A8DA02	1	0
03A8EFEE	03A8EFEE	1	0
03A8FDDE	03A8FDDE	1	0
03A8FFFD	03A8FFFD	1	0
03A903A8	03A903A8	2	0
03A90688	03A90688	1	0
03A911E7	03A911E7	1	0
03A91F00	03A91F00	1	0
03A92222	03A92222	1	0
03A92CBC	03A92CBC	1	0
03A943A8	03A943A8	1	0
03A97901	03A97901	1	0
03A99CC9	03A99CC9	1	0
03A9AE8B	03A9AE8B	1	0
03A9E9E5	03A9E9E5	1	0
03AA0000	03AA0000	1	0
03AA0001	03AA0001	1	0
03AA0059	03AA0059	1	0
03AA0063	03AA0063	1	0
03AA006B	03AA006B	1	0
03AA00EE	03AA00EE	1	0
03AA0300	03AA0300	1	0
03AA0325	03AA0325	1	0
03AA0600	03AA0600	1	0
03AA119A	03AA119A	1	0
03AA1308	03AA1308	1	0
03AA1320	03AA1320	1	0
03AA1E00	03AA1E00	1	0
03AA2103	03AA2103	1	0
03AA328B	03AA328B	1	0
03AA4144	03AA4144	1	0
03AA4400	03AA4400	1	0
03AA4721	03AA4721	1	0
03AA4FFF	03AA4FFF	1	0
03AA5502	03AA5502	1	0
03AA5510	03AA5510	1	0
03AA5E02	03AA5E02	1	0
03AA5F0C	03AA5F0C	1	0
03AA6B24	03AA6B24	1	0
03AA7767	03AA7767	1	0
03AA7ABB	03AA7ABB	1	0
03AA7BDB	03AA7BDB	1	0
03AA8308	03AA8308	1	0
03AA8566	03AA8566	1	0
03AA8734	03AA8734	1	0
03AA99B7	03AA99B7	1	0
03AAA141	03AAA141	1	0
03AAA53E	03AAA53E	1	0
03AAA73A	03AAA73A	1	0
03AAAA1F	03AAAA1F	1	0
03AAAA7B	03AAAA7B	1	0
03AAAAA7	03AAAAA7	1	0
03AAAAE0	03AAAAE0	1	0
03AAABBA	03AAABBA	1	0
03AAACCA	03AAACCA	1	0
03AABBED	03AABBED	1	0
03AABCCC	03AABCCC	1	0
03AAC64C	03AAC64C	1	0
03AADDDD	03AADDDD	1	0
03AAEEAF	03AAEEAF	1	0
03AAFF3F	03AAFF3F	1	0
03AAFFEF	03AAFFEF	1	0
03AB03AA	03AB03AA	1	0
03AB1C00	03AB1C00	1	0
03AB2613	03AB2613	1	0
03AB3F11	03AB3F11	1	0
03AB40BE	03AB40BE	1	0
03AB63AA	03AB63AA	1	0
03AB6EBC	03AB6EBC	1	0
03AB9601	03AB9601	1	0
03ABAA20	03ABAA20	1	0
03ABBA4F	03ABBA4F	1	0
03ABC66C	03ABC66C	1	0
03ABCC9A	03ABCC9A	1	0
03ABD77C	03ABD77C	1	0
03ABD784	03ABD784	1	0
03ABDF46	03ABDF46	1	0
03AC0057	03AC0057	1	0
03AC0200	03AC0200	1	0
03AC038D	03AC038D	1	0
03AC04C0	03AC04C0	1	0
03AC0501	03AC0501	1	0
03AC3805	03AC3805	1	0
03AC3E05	03AC3E05	1	0
03AC4E02	03AC4E02	1	0
03AC5738	03AC5738	1	0
03ACCDDC	03ACCDDC	1	0
03ACE803	03ACE803	1	0
03ACF74A	03ACF74A	1	0
03AD23B6	03AD23B6	1	0
03AD300E	03AD300E	1	0
03AD3B03	03AD3B03	1	0
03AD66DC	03AD66DC	1	0
03AD6F23	03AD6F23	1	0
03AD7760	03AD7760	1	0
03ADA2CB	03ADA2CB	1	0
03ADADDC	03ADADDC	1	0
03ADFD35	03ADFD35	1	0
03AE0100	03AE0100	1	0
03AE0170	03AE0170	1	0
03AE0300	03AE0300	1	0
03AE0333	03AE0333	1	0
03AE0F0F	03AE0F0F	1	0
03AE2267	03AE2267	1	0
03AE4056	03AE4056	1	0
03AEAC38	03AEAC38	1	0
03AEEA22	03AEEA22	1	0
03AF0003	03AF0003	1	0
03AF01E0	03AF01E0	1	0
03AF028B	03AF028B	1	0
03AF0623	03AF0623	1	0
03AF13F4	03AF13F4	1	0
03AF1810	03AF1810	1	0
03AF2177	03AF2177	1	0
03AF3105	03AF3105	1	0
03AF4F70	03AF4F70	1	0
03AF6041	03AF6041	1	0
03AF6566	03AF6566	1	0
03AF73AE	03AF73AE	1	0
03AF776B	03AF776B	1	0
03AFEB50	03AFEB50	1	0
03AFF102	03AFF102	1	0
03AFFF00	03AFFF00	1	0
03B00040	03B00040	1	0
03B00188	03B00188	1	0
03B00273	03B00273	1	0
03B003AF	03B003AF	1	0
03B00710	03B00710	1	0
03B01040	03B01040	1	0
03B014FF	03B014FF	1	0
03B01999	03B01999	1	0
03B01F13	03B01F13	1	0
03B02F11	03B02F11	1	0
03B02F35	03B02F35	1	0
03B033F0	03B033F0	1	0
03B033F1	03B033F1	1	0
03B03BF4	03B03BF4	1	0
03B04321	03B04321	1	0
03B05301	03B05301	1	0
03B053F0	03B053F0	2	0
03B053FB	03B053FB	1	0
03B05606	03B05606	1	0
03B06421	03B06421	1	0
03B07703	03B07703	1	0
03B080F3	03B080F3	1	0
03B093FF	03B093FF	1	0
03B09ABB	03B09ABB	1	0
03B09FF1	03B09FF1	1	0
03B0B103	03B0B103	1	0
03B0B7FD	03B0B7FD	1	0
03B0C303	03B0C303	1	0
03B0CB12	03B0CB12	1	0
03B0D3F0	03B0D3F0	1	0
03B0D941	03B0D941	1	0
03B0DD03	03B0DD03	1	0
03B0DDFD	03B0DDFD	1	0
03B0DF27	03B0DF27	1	0
03B0E315	03B0E315	1	0
03B0FA3F	03B0FA3F	1	0
03B0FDBB	03B0FDBB	1	0
03B0FF30	03B0FF30	1	0
03B100B0	03B100B0	1	0
03B103B0	03B103B0	1	0
03B11ABE	03B11ABE	1	0
03B1401E	03B1401E	1	0
03B1463F	03B1463F	1	0
03B158C1	03B158C1	1	0
03B187A8	03B187A8	1	0
03B1B129	03B1B129	1	0
03B1BD27	03B1BD27	1	0
03B201F0	03B201F0	1	0
03B22299	03B22299	1	0
03B230C3	03B230C3	1	0
03B2409B	03B2409B	1	0
03B24897	03B24897	1	0
03B2DB00	03B2DB00	1	0
03B2E1EB	03B2E1EB	1	0
03B30079	03B30079	1	0
03B30123	03B30123	1	0
03B303AB	03B303AB	1	0
03B310BB	03B310BB	1	0
03B311D2	03B311D2	1	0
03B31355	03B31355	1	0
03B314DE	03B314DE	1	0
03B342B6	03B342B6	1	0
03B3431B	03B3431B	1	0
03B39F02	03B39F02	1	0
03B3CB2F	03B3CB2F	1	0
03B3E333	03B3E333	1	0
03B40395	03B40395	1	0
03B4042D	03B4042D	1	0
03B41711	03B41711	1	0
03B444BA	03B444BA	1	0
03B46A03	03B46A03	1	0
03B46CCC	03B46CCC	1	0
03B47C03	03B47C03	1	0
03B4BE6E	03B4BE6E	1	0
03B50003	03B50003	1	0
03B502C8	03B502C8	1	0
03B51331	03B51331	1	0
03B52220	03B52220	1	0
03B54044	03B54044	1	0
03B543D5	03B543D5	1	0
03B55A22	03B55A22	1	0
03B5774D	03B5774D	1	0
03B5AD9E	03B5AD9E	1	0
03B5FF11	03B5FF11	1	0
03B603A8	03B603A8	1	0
03B610B5	03B610B5	1	0
03B61553	03B61553	1	0
03B61AAA	03B61AAA	1	0
03B63713	03B63713	1	0
03B6379F	03B6379F	1	0
03B64B7F	03B64B7F	1	0
03B66234	03B66234	1	0
03B6C600	03B6C600	1	0
03B6EC3B	03B6EC3B	1	0
03B6F6B6	03B6F6B6	1	0
03B6FF4B	03B6FF4B	1	0
03B703B6	03B703B6	2	0
03B703D9	03B703D9	1	0
03B70710	03B70710	1	0
03B7078F	03B7078F	1	0
03B710ED	03B710ED	1	0
03B73158	03B73158	1	0
03B75679	03B75679	1	0
03B80000	03B80000	1	0
03B80238	03B80238	1	0
03B80288	03B80288	1	0
03B80340	03B80340	1	0
03B80399	03B80399	1	0
03B803A8	03B803A8	1	0
03B803C5	03B803C5	1	0
03B82568	03B82568	1	0
03B83209	03B83209	1	0
03B844A6	03B844A6	1	0
03B84F8E	03B84F8E	1	0
03B852DD	03B852DD	1	0
03B87ABE	03B87ABE	1	0
03B88484	03B88484	1	0
03B88EFF	03B88EFF	2	0
03B8BBBB	03B8BBBB	1	0
03B950A7	03B950A7	1	0
03B958A3	03B958A3	1	0
03B96542	03B96542	1	0
03B996A6	03B996A6	1	0
03B9C335	03B9C335	1	0
03B9CD5D	03B9CD5D	1	0
03BA0013	03BA0013	1	0
03BA0092	03BA0092	1	0
03BA0BDB	03BA0BDB	1	0
03BA316A	03BA316A	1	0
03BA5942	03BA5942	1	0
03BA7A23	03BA7A23	1	0
03BA92FF	03BA92FF	1	0
03BA9926	03BA9926	1	0
03BA992C	03BA992C	1	0
03BAA303	03BAA303	1	0
03BAA9ED	03BAA9ED	1	0
03BAAA20	03BAAA20	1	0
03BAAAE0	03BAAAE0	1	0
03BAB9B0	03BAB9B0	1	0
03BABCEF	03BABCEF	1	0
03BAC803	03BAC803	1	0
03BADBBC	03BADBBC	1	0
03BADEDD	03BADEDD	1	0
03BB0053	03BB0053	1	0
03BB00BA	03BB00BA	1	0
03BB0200	03BB0200	1	0
03BB09EE	03BB09EE	1	0
03BB0D23	03BB0D23	1	0
03BB0F02	03BB0F02	1	0
03BB13BA	03BB13BA	1	0
03BB1904	03BB1904	1	0
03BB1F40	03BB1F40	1	0
03BB222C	03BB222C	1	0
03BB3710	03BB3710	1	0
03BB3E33	03BB3E33	1	0
03BB4466	03BB4466	1	0
03BB4760	03BB4760	1	0
03BB5345	03BB5345	1	0
03BB6310	03BB6310	1	0
03BB7703	03BB7703	1	0
03BB7ABB	03BB7ABB	1	0
03BB7F7E	03BB7F7E	1	0
03BB8303	03BB8303	1	0
03BB8613	03BB8613	1	0
03BB8763	03BB8763	1	0
03BB9065	03BB9065	1	0
03BB9903	03BB9903	1	0
03BBA4AF	03BBA4AF	1	0
03BBB3E3	03BBB3E3	1	0
03BBB552	03BBB552	1	0
03BBB90C	03BBB90C	1	0
03BBB9A9	03BBB9A9	1	0
03BBBA6C	03BBBA6C	1	0
03BBBAAA	03BBBAAA	1	0
03BBBB20	03BBBB20	1	0
03BBBB2B	03BBBB2B	1	0
03BBBB53	03BBBB53	1	0
03BBBB77	03BBBB77	1	0
03BBCC11	03BBCC11	1	0
03BBD22D	03BBD22D	1	0
03BBE223	03BBE223	1	0
03BBEBB9	03BBEBB9	1	0
03BBFB35	03BBFB35	1	0
03BC00BB	03BC00BB	1	0
03BC0333	03BC0333	1	0
03BC0C03	03BC0C03	1	0
03BC2600	03BC2600	1	0
03BC2E00	03BC2E00	1	0
03BC3F78	03BC3F78	1	0
03BC4301	03BC4301	1	0
03BC48E7	03BC48E7	1	0
03BC4DCC	03BC4DCC	1	0
03BC5533	03BC5533	1	0
03BC6801	03BC6801	1	0
03BC7E41	03BC7E41	1	0
03BCBBBB	03BCBBBB	1	0
03BCBC9A	03BCBC9A	1	0
03BCC775	03BCC775	1	0
03BCCC20	03BCCC20	1	0
03BCCCAA	03BCCCAA	1	0
03BCDD9A	03BCDD9A	1	0
03BD0300	03BD0300	1	0
03BD03BC	03BD03BC	2	0
03BD0947	03BD0947	1	0
03BD506B	03BD506B	1	0
03BD5A50	03BD5A50	1	0
03BD7F0D	03BD7F0D	1	0
03BD8888	03BD8888	1	0
03BD88A6	03BD88A6	1	0
03BDCDBE	03BDCDBE	1	0
03BDDCEE	03BDDCEE	1	0
03BE0032	03BE0032	1	0
03BE0056	03BE0056	1	0
03BE02EB	03BE02EB	1	0
03BE0F30	03BE0F30	1	0
03BE4CBC	03BE4CBC	1	0
03BE7754	03BE7754	1	0
03BE7BB5	03BE7BB5	1	0
03BEEE00	03BEEE00	1	0
03BF0062	03BF0062	1	0
03BF0311	03BF0311	1	0
03BF03BE	03BF03BE	2	0
03BF03DC	03BF03DC	1	0
03BF0B00	03BF0B00	1	0
03BF0D13	03BF0D13	1	0
03BF1F40	03BF1F40	1	0
03BF2223	03BF2223	1	0
03BF315F	03BF315F	1	0
03BF3229	03BF3229	1	0
03BF40DD	03BF40DD	1	0
03BF41FD	03BF41FD	1	0
03BF4222	03BF4222	1	0
03BF8F02	03BF8F02	1	0
03BFBBBD	03BFBBBD	1	0
03BFBBFF	03BFBBFF	1	0
03BFD19D	03BFD19D	1	0
03C00000	03C00000	1	0
03C0018C	03C0018C	1	0
03C00267	03C00267	1	0
03C00301	03C00301	1	0
03C003C0	03C003C0	1	0
03C00401	03C00401	1	0
03C0052C	03C0052C	1	0
03C00903	03C00903	1	0
03C00979	03C00979	1	0
03C00B26	03C00B26	1	0
03C00F03	03C00F03	1	0
03C0101F	03C0101F	1	0
03C01301	03C01301	1	0
03C01814	03C01814	1	0
03C01A40	03C01A40	1	0
03C01F96	03C01F96	1	0
03C02721	03C02721	1	0
03C02740	03C02740	1	0
03C0276C	03C0276C	1	0
03C02F00	03C02F00	1	0
03C03102	03C03102	1	0
03C033F1	03C033F1	3	0
03C03400	03C03400	1	0
03C0350E	03C0350E	1	0
03C04B91	03C04B91	1	0
03C05160	03C05160	1	0
03C05801	03C05801	1	0
03C06003	03C06003	1	0
03C06601	03C06601	1	0
03C06644	03C06644	1	0
03C06750	03C06750	1	0
03C06868	03C06868	1	0
03C07503	03C07503	1	0
03C08000	03C08000	2	0
03C0802C	03C0802C	1	0
03C08040	03C08040	2	0
03C08060	03C08060	1	0
03C08111	03C08111	1	0
03C08316	03C08316	1	0
03C08601	03C08601	1	0
03C08665	03C08665	1	0
03C0903A	03C0903A	1	0
03C09903	03C09903	1	0
03C09D00	03C09D00	1	0
03C09D01	03C09D01	1	0
03C0AA3A	03C0AA3A	1	0
03C0BF11	03C0BF11	2	0
03C0C000	03C0C000	2	0
03C0CCAA	03C0CCAA	1	0
03C0D650	03C0D650	1	0
03C0E076	03C0E076	1	0
03C0E7F3	03C0E7F3	1	0
03C0EC00	03C0EC00	1	0
03C0EEE9	03C0EEE9	1	0
03C0FB08	03C0FB08	1	0
03C10025	03C10025	1	0
03C10245	03C10245	1	0
03C103C0	03C103C0	1	0
03C11402	03C11402	1	0
03C12020	03C12020	1	0
03C12243	03C12243	1	0
03C15100	03C15100	1	0
03C153C0	03C153C0	1	0
03C1DEEE	03C1DEEE	1	0
03C1E778	03C1E778	1	0
03C200AB	03C200AB	1	0
03C20234	03C20234	1	0
03C202D2	03C202D2	1	0
03C2130F	03C2130F	1	0
03C2221A	03C2221A	1	0
03C23301	03C23301	1	0
03C27745	03C27745	1	0
03C30101	03C30101	1	0
03C30254	03C30254	1	0
03C303C2	03C303C2	1	0
03C31099	03C31099	1	0
03C316AB	03C316AB	1	0
03C31811	03C31811	1	0
03C3198D	03C3198D	1	0
03C32740	03C32740	1	0
03C33303	03C33303	1	0
03C3333A	03C3333A	1	0
03C33B11	03C33B11	1	0
03C340DE	03C340DE	1	0
03C3D3DD	03C3D3DD	1	0
03C40366	03C40366	1	0
03C403C0	03C403C0	1	0
03C403E3	03C403E3	1	0
03C40510	03C40510	1	0
03C40544	03C40544	1	0
03C40577	03C40577	1	0
03C406DB	03C406DB	1	0
03C40928	03C40928	1	0
03C41204	03C41204	1	0
03C43E3E	03C43E3E	1	0
03C44333	03C44333	1	0
03C50021	03C50021	1	0
03C5331F	03C5331F	1	0
03C533FC	03C533FC	1	0
03C5CDDC	03C5CDDC	1	0
03C607FF	03C607FF	1	0
03C61603	03C61603	1	0
03C6BCBB	03C6BCBB	1	0
03C6DC01	03C6DC01	1	0
03C7051D	03C7051D	1	0
03C705A2	03C705A2	1	0
03C71257	03C71257	1	0
03C73100	03C73100	1	0
03C733C6	03C733C6	1	0
03C743C6	03C743C6	1	0
03C77BEF	03C77BEF	1	0
03C7EC6C	03C7EC6C	1	0
03C7EDDD	03C7EDDD	1	0
03C801A9	03C801A9	1	0
03C803C0	03C803C0	1	0
03C803C7	03C803C7	1	0
03C80800	03C80800	1	0
03C8139A	03C8139A	1	0
03C82F10	03C82F10	1	0
03C84474	03C84474	1	0
03C84484	03C84484	1	0
03C84533	03C84533	1	0
03C84849	03C84849	1	0
03C877C8	03C877C8	1	0
03C88AA8	03C88AA8	1	0
03C8CA22	03C8CA22	1	0
03C90310	03C90310	1	0
03C92399	03C92399	1	0
03C94003	03C94003	1	0
03C94352	03C94352	1	0
03C94700	03C94700	1	0
03C94720	03C94720	1	0
03C95466	03C95466	1	0
03C960EF	03C960EF	1	0
03C9CE36	03C9CE36	1	0
03CA00AA	03CA00AA	1	0
03CA03A4	03CA03A4	1	0
03CA03C9	03CA03C9	1	0
03CA5A02	03CA5A02	1	0
03CA6888	03CA6888	1	0
03CA993F	03CA993F	1	0
03CAA924	03CAA924	1	0
03CACB02	03CACB02	1	0
03CAD0F9	03CAD0F9	1	0
03CB0003	03CB0003	1	0
03CB00CA	03CB00CA	1	0
03CB00DE	03CB00DE	1	0
03CB0300	03CB0300	1	0
03CB03AC	03CB03AC	1	0
03CB04A3	03CB04A3	1	0
03CB2323	03CB2323	1	0
03CB40BB	03CB40BB	1	0
03CB43CA	03CB43CA	1	0
03CB70BA	03CB70BA	1	0
03CBA999	03CBA999	1	0
03CBAAAB	03CBAAAB	1	0
03CBACCA	03CBACCA	1	0
03CBBADD	03CBBADD	1	0
03CBBBCD	03CBBBCD	1	0
03CBBCC3	03CBBCC3	1	0
03CBCB4B	03CBCB4B	1	0
03CBCB8F	03CBCB8F	1	0
03CBCD43	03CBCD43	1	0
03CBCEAC	03CBCEAC	1	0
03CBDCDD	03CBDCDD	1	0
03CC0150	03CC0150	1	0
03CC0257	03CC0257	1	0
03CC03EB	03CC03EB	1	0
03CC0400	03CC0400	1	0
03CC05F2	03CC05F2	1	0
03CC1111	03CC1111	1	0
03CC1F00	03CC1F00	1	0
03CC2310	03CC2310	1	0
03CC3703	03CC3703	1	0
03CC5B0C	03CC5B0C	1	0
03CC67FF	03CC67FF	1	0
03CC7720	03CC7720	1	0
03CC7733	03CC7733	1	0
03CC7D30	03CC7D30	1	0
03CC9657	03CC9657	1	0
03CCA8AF	03CCA8AF	1	0
03CCA999	03CCA999	1	0
03CCBB97	03CCBB97	1	0
03CCC000	03CCC000	1	0
03CCC00C	03CCC00C	1	0
03CCCA2F	03CCCA2F	1	0
03CCCBA6	03CCCBA6	1	0
03CCCBDE	03CCCBDE	1	0
03CCCC11	03CCCC11	1	0
03CCCC6B	03CCCC6B	1	0
03CCCCCA	03CCCCCA	1	0
03CCCCD8	03CCCCD8	1	0
03CCD820	03CCD820	1	0
03CCDEDE	03CCDEDE	1	0
03CCFF4F	03CCFF4F	1	0
03CD0300	03CD0300	1	0
03CD1BE7	03CD1BE7	1	0
03CD1DE2	03CD1DE2	1	0
03CD4787	03CD4787	1	0
03CD4D03	03CD4D03	1	0
03CD5811	03CD5811	1	0
03CD8A35	03CD8A35	1	0
03CD8F00	03CD8F00	1	0
03CD9A20	03CD9A20	1	0
03CDAB01	03CDAB01	1	0
03CDBCBB	03CDBCBB	1	0
03CDDEEF	03CDDEEF	1	0
03CDDF37	03CDDF37	1	0
03CE0160	03CE0160	1	0
03CE20AF	03CE20AF	1	0
03CE2700	03CE2700	1	0
03CE3E06	03CE3E06	1	0
03CE4202	03CE4202	1	0
03CE5434	03CE5434	1	0
03CE8C20	03CE8C20	1	0
03CE9EEE	03CE9EEE	1	0
03CEBCCC	03CEBCCC	1	0
03CEFF03	03CEFF03	1	0
03CF0157	03CF0157	1	0
03CF03CE	03CF03CE	1	0
03CF0B26	03CF0B26	1	0
03CF11A0	03CF11A0	1	0
03CF2188	03CF2188	1	0
03CF21F1	03CF21F1	1	0
03CF7C03	03CF7C03	1	0
03CFA97F	03CFA97F	1	0
03CFF101	03CFF101	1	0
03CFF444	03CFF444	1	0
03D00180	03D00180	1	0
03D00210	03D00210	1	0
03D00236	03D00236	1	0
03D0033D	03D0033D	1	0
03D003F0	03D003F0	3	0
03D003F6	03D003F6	1	0
03D00710	03D00710	1	0
03D00750	03D00750	1	0
03D00758	03D00758	1	0
03D00B80	03D00B80	1	0
03D00F06	03D00F06	1	0
03D0107F	03D0107F	1	0
03D01331	03D01331	1	0
03D01E00	03D01E00	1	0
03D01FD1	03D01FD1	1	0
03D02020	03D02020	1	0
03D02103	03D02103	1	0
03D02310	03D02310	1	0
03D023F0	03D023F0	1	0
03D02503	03D02503	1	0
03D02741	03D02741	1	0
03D02751	03D02751	1	0
03D02B59	03D02B59	1	0
03D02FF1	03D02FF1	1	0
03D03510	03D03510	1	0
03D04396	03D04396	1	0
03D04536	03D04536	1	0
03D0555A	03D0555A	1	0
03D0580B	03D0580B	1	0
03D05F13	03D05F13	1	0
03D06001	03D06001	1	0
03D06F02	03D06F02	1	0
03D0729A	03D0729A	1	0
03D07934	03D07934	1	0
03D08307	03D08307	1	0
03D08F42	03D08F42	1	0
03D09403	03D09403	1	0
03D0A0E7	03D0A0E7	1	0
03D0A5AA	03D0A5AA	1	0
03D0BC13	03D0BC13	1	0
03D0D100	03D0D100	1	0
03D0D728	03D0D728	1	0
03D0DD03	03D0DD03	1	0
03D0E5DF	03D0E5DF	1	0
03D0E711	03D0E711	1	0
03D0E752	03D0E752	1	0
03D0EA07	03D0EA07	1	0
03D0EB13	03D0EB13	1	0
03D10113	03D10113	1	0
03D10300	03D10300	1	0
03D11249	03D11249	1	0
03D173D0	03D173D0	1	0
03D17803	03D17803	1	0
03D1FB10	03D1FB10	1	0
03D2222A	03D2222A	1	0
03D22D88	03D22D88	1	0
03D24022	03D24022	1	0
03D24503	03D24503	1	0
03D27711	03D27711	1	0
03D2BB64	03D2BB64	1	0
03D2EB49	03D2EB49	1	0
03D2FFA1	03D2FFA1	1	0
03D30234	03D30234	1	0
03D3032D	03D3032D	1	0
03D303D2	03D303D2	1	0
03D31111	03D31111	1	0
03D31121	03D31121	1	0
03D31155	03D31155	1	0
03D313DE	03D313DE	1	0
03D3230A	03D3230A	2	0
03D323D2	03D323D2	1	0
03D325A7	03D325A7	1	0
03D333D2	03D333D2	1	0
03D335FF	03D335FF	1	0
03D33676	03D33676	1	0
03D3D2AB	03D3D2AB	1	0
03D3EB32	03D3EB32	1	0
03D403F3	03D403F3	2	0
03D41F23	03D41F23	1	0
03D440F6	03D440F6	1	0
03D44277	03D44277	1	0
03D459EB	03D459EB	1	0
03D47FF1	03D47FF1	1	0
03D4A91F	03D4A91F	2	0
03D4B521	03D4B521	1	0
03D4BC99	03D4BC99	1	0
03D5003B	03D5003B	1	0
03D501EC	03D501EC	1	0
03D53D03	03D53D03	1	0
03D573D4	03D573D4	1	0
03D58BC8	03D58BC8	1	0
03D5D484	03D5D484	1	0
03D5F520	03D5F520	1	0
03D64011	03D64011	1	0
03D64499	03D64499	1	0
03D67EDD	03D67EDD	1	0
03D70150	03D70150	1	0
03D70236	03D70236	1	0
03D702F8	03D702F8	1	0
03D70801	03D70801	1	0
03D711EB	03D711EB	1	0
03D713D6	03D713D6	1	0
03D733B7	03D733B7	1	0
03D7432F	03D7432F	1	0
03D77999	03D77999	1	0
03D77DCD	03D77DCD	1	0
03D7A44F	03D7A44F	1	0
03D80036	03D80036	1	0
03D8022F	03D8022F	1	0
03D803D7	03D803D7	1	0
03D803DC	03D803DC	1	0
03D841ED	03D841ED	1	0
03D84402	03D84402	1	0
03D85523	03D85523	1	0
03D8571B	03D8571B	1	0
03D87CE3	03D87CE3	1	0
03D8F0B1	03D8F0B1	1	0
03D90000	03D90000	1	0
03D94566	03D94566	1	0
03D94699	03D94699	1	0
03D99920	03D99920	1	0
03D9BB5F	03D9BB5F	1	0
03D9BDDD	03D9BDDD	1	0
03DA0313	03DA0313	1	0
03DA03D9	03DA03D9	1	0
03DA03F9	03DA03F9	1	0
03DA103C	03DA103C	1	0
03DAFF34	03DAFF34	1	0
03DB0132	03DB0132	1	0
03DB0367	03DB0367	1	0
03DB06D0	03DB06D0	1	0
03DB1F20	03DB1F20	1	0
03DB3603	03DB3603	1	0
03DB56EB	03DB56EB	1	0
03DB7532	03DB7532	1	0
03DBA002	03DBA002	1	0
03DBCACC	03DBCACC	1	0
03DBDD94	03DBDD94	1	0
03DBF503	03DBF503	1	0
03DBFF88	03DBFF88	1	0
03DC00AB	03DC00AB	1	0
03DC03DB	03DC03DB	1	0
03DC0903	03DC0903	1	0
03DC111F	03DC111F	1	0
03DC12E0	03DC12E0	1	0
03DC4000	03DC4000	1	0
03DC48CD	03DC48CD	1	0
03DC5176	03DC5176	1	0
03DC5AAA	03DC5AAA	1	0
03DC5C03	03DC5C03	1	0
03DCBBCC	03DCBBCC	1	0
03DD0180	03DD0180	1	0
03DD0310	03DD0310	1	0
03DD0340	03DD0340	1	0
03DD0400	03DD0400	1	0
03DD0700	03DD0700	1	0
03DD0AC6	03DD0AC6	1	0
03DD0EBB	03DD0EBB	2	0
03DD1377	03DD1377	1	0
03DD139A	03DD139A	1	0
03DD366F	03DD366F	1	0
03DD42F5	03DD42F5	1	0
03DD434D	03DD434D	1	0
03DD44C4	03DD44C4	1	0
03DD5525	03DD5525	1	0
03DD58DD	03DD58DD	1	0
03DD5BDD	03DD5BDD	1	0
03DD646D	03DD646D	1	0
03DD6634	03DD6634	1	0
03DD7705	03DD7705	1	0
03DDB120	03DDB120	1	0
03DDBBB3	03DDBBB3	1	0
03DDBCCD	03DDBCCD	1	0
03DDC320	03DDC320	1	0
03DDDADD	03DDDADD	1	0
03DDDCBB	03DDDCBB	1	0
03DDDD24	03DDDD24	1	0
03DDF923	03DDF923	1	0
03DDFFFD	03DDFFFD	1	0
03DE000E	03DE000E	1	0
03DE0170	03DE0170	1	0
03DE0B10	03DE0B10	1	0
03DE0ECC	03DE0ECC	1	0
03DE15B0	03DE15B0	1	0
03DE1B83	03DE1B83	1	0
03DE4E44	03DE4E44	1	0
03DE505F	03DE505F	1	0
03DE5774	03DE5774	1	0
03DE7DDD	03DE7DDD	1	0
03DE7FD3	03DE7FD3	1	0
03DE919F	03DE919F	1	0
03DEAF01	03DEAF01	1	0
03DEBF90	03DEBF90	1	0
03DEDDDE	03DEDDDE	1	0
03DEE888	03DEE888	1	0
03DEEA00	03DEEA00	1	0
03DEEB03	03DEEB03	1	0
03DEEE2D	03DEEE2D	1	0
03DF0022	03DF0022	1	0
03DF007A	03DF007A	1	0
03DF0355	03DF0355	1	0
03DF0BFE	03DF0BFE	1	0
03DF10C0	03DF10C0	1	0
03DF11F5	03DF11F5	1	0
03DF13C2	03DF13C2	1	0
03DF13E8	03DF13E8	1	0
03DF1549	03DF1549	1	0
03DF1F11	03DF1F11	1	0
03DF2115	03DF2115	1	0
03DF21CA	03DF21CA	1	0
03DF41EF	03DF41EF	1	0
03DF70FF	03DF70FF	1	0
03DF813F	03DF813F	1	0
03DFAC2F	03DFAC2F	1	0
03DFB323	03DFB323	1	0
03DFD6FA	03DFD6FA	1	0
03E0000F	03E0000F	1	0
03E0028D	03E0028D	1	0
03E003E0	03E003E0	8	0
03E00740	03E00740	1	0
03E00C20	03E00C20	1	0
03E00D10	03E00D10	1	0
03E00F28	03E00F28	1	0
03E00F6E	03E00F6E	1	0
03E01D14	03E01D14	1	0
03E02311	03E02311	1	0
03E023F1	03E023F1	1	0
03E02D02	03E02D02	2	0
03E02E07	03E02E07	1	0
03E02FF1	03E02FF1	1	0
03E03203	03E03203	1	0
03E03B2B	03E03B2B	1	0
03E04310	03E04310	1	0
03E04AAA	03E04AAA	1	0
03E04C04	03E04C04	1	0
03E05DBB	03E05DBB	1	0
03E0623F	03E0623F	1	0
03E06620	03E06620	1	0
03E06712	03E06712	1	0
03E06F33	03E06F33	1	0
03E0764B	03E0764B	1	0
03E08887	03E08887	1	0
03E08A22	03E08A22	1	0
03E09011	03E09011	1	0
03E0C71A	03E0C71A	1	0
03E0EBDE	03E0EBDE	1	0
03E0EE2F	03E0EE2F	1	0
03E0EFE7	03E0EFE7	1	0
03E10003	03E10003	1	0
03E1000B	03E1000B	1	0
03E1003B	03E1003B	1	0
03E1351E	03E1351E	1	0
03E1ECCC	03E1ECCC	1	0
03E1F000	03E1F000	1	0
03E20232	03E20232	1	0
03E20300	03E20300	1	0
03E205E2	03E205E2	1	0
03E207CB	03E207CB	1	0
03E2250F	03E2250F	1	0
03E23203	03E23203	1	0
03E2939E	03E2939E	1	0
03E2EB49	03E2EB49	1	0
03E2EEEE	03E2EEEE	1	0
03E30001	03E30001	1	0
03E3022D	03E3022D	1	0
03E304F8	03E304F8	1	0
03E306DC	03E306DC	1	0
03E3113C	03E3113C	1	0
03E32303	03E32303	1	0
03E33AAA	03E33AAA	1	0
03E35434	03E35434	1	0
03E364E7	03E364E7	1	0
03E39F20	03E39F20	1	0
03E3A718	03E3A718	1	0
03E40290	03E40290	1	0
03E402DC	03E402DC	1	0
03E40F03	03E40F03	1	0
03E42733	03E42733	1	0
03E44420	03E44420	1	0
03E453B0	03E453B0	1	0
03E46D95	03E46D95	1	0
03E5020F	03E5020F	1	0
03E50AFF	03E50AFF	1	0
03E55555	03E55555	1	0
03E555E5	03E555E5	1	0
03E5661A	03E5661A	1	0
03E5C500	03E5C500	1	0
03E60003	03E60003	1	0
03E600E5	03E600E5	1	0
03E603E5	03E603E5	1	0
03E60BDB	03E60BDB	1	0
03E62EEE	03E62EEE	1	0
03E6CE01	03E6CE01	1	0
03E7000B	03E7000B	1	0
03E70167	03E70167	1	0
03E70307	03E70307	1	0
03E703E6	03E703E6	1	0
03E708AA	03E708AA	1	0
03E71007	03E71007	1	0
03E71243	03E71243	1	0
03E723F9	03E723F9	1	0
03E7280F	03E7280F	1	0
03E748DD	03E748DD	1	0
03E78101	03E78101	1	0
03E7EE73	03E7EE73	1	0
03E8031E	03E8031E	1	0
03E8138F	03E8138F	1	0
03E82645	03E82645	1	0
03E82D89	03E82D89	1	0
03E83979	03E83979	1	0
03E84007	03E84007	1	0
03E84C84	03E84C84	1	0
03E85530	03E85530	1	0
03E85904	03E85904	1	0
03E900FF	03E900FF	1	0
03E9038F	03E9038F	1	0
03E90F33	03E90F33	1	0
03E93333	03E93333	1	0
03E93FD0	03E93FD0	1	0
03E94027	03E94027	1	0
03E98012	03E98012	1	0
03E9DA00	03E9DA00	1	0
03E9E9E9	03E9E9E9	1	0
03EA0300	03EA0300	1	0
03EA337F	03EA337F	1	0
03EA6333	03EA6333	1	0
03EA9998	03EA9998	1	0
03EA9B00	03EA9B00	2	0
03EAEF14	03EAEF14	1	0
03EB0300	03EB0300	1	0
03EB03EA	03EB03EA	1	0
03EB03EE	03EB03EE	1	0
03EB1367	03EB1367	1	0
03EB137F	03EB137F	1	0
03EB13EA	03EB13EA	1	0
03EB15F9	03EB15F9	1	0
03EB33E3	03EB33E3	1	0
03EB88FA	03EB88FA	1	0
03EB9235	03EB9235	1	0
03EBB9FF	03EBB9FF	1	0
03EBCBD5	03EBCBD5	1	0
03EBD4A9	03EBD4A9	1	0
03EBEE2F	03EBEE2F	2	0
03EBFFFF	03EBFFFF	1	0
03EC02BB	03EC02BB	1	0
03EC03EE	03EC03EE	1	0
03EC52D5	03EC52D5	1	0
03EC6912	03EC6912	1	0
03ECCCE9	03ECCCE9	1	0
03ECDDCD	03ECDDCD	1	0
03ED0310	03ED0310	1	0
03ED03EC	03ED03EC	1	0
03ED087F	03ED087F	1	0
03ED1F80	03ED1F80	1	0
03ED290F	03ED290F	1	0
03ED2F11	03ED2F11	1	0
03ED3333	03ED3333	1	0
03ED5C27	03ED5C27	1	0
03ED69EE	03ED69EE	1	0
03ED7723	03ED7723	1	0
03ED8844	03ED8844	1	0
03EDACBD	03EDACBD	1	0
03EDBF00	03EDBF00	1	0
03EDCCCD	03EDCCCD	1	0
03EDCDBE	03EDCDBE	1	0
03EDEECC	03EDEECC	1	0
03EDFAAA	03EDFAAA	1	0
03EE0007	03EE0007	1	0
03EE0130	03EE0130	1	0
03EE0310	03EE0310	1	0
03EE1111	03EE1111	1	0
03EE1D64	03EE1D64	1	0
03EE3066	03EE3066	1	0
03EE35CB	03EE35CB	1	0
03EE4453	03EE4453	1	0
03EE4529	03EE4529	1	0
03EE45EE	03EE45EE	1	0
03EE5600	03EE5600	1	0
03EE5A1F	03EE5A1F	1	0
03EE5C3E	03EE5C3E	1	0
03EE666D	03EE666D	1	0
03EE6E0B	03EE6E0B	1	0
03EE797C	03EE797C	1	0
03EE7D56	03EE7D56	1	0
03EE7F3F	03EE7F3F	1	0
03EE8F51	03EE8F51	1	0
03EEA3E3	03EEA3E3	1	0
03EECCCB	03EECCCB	1	0
03EED544	03EED544	1	0
03EEE22B	03EEE22B	1	0
03EEE703	03EEE703	1	0
03EEE977	03EEE977	1	0
03EEEFFF	03EEEFFF	1	0
03EEFAA5	03EEFAA5	1	0
03EEFF03	03EEFF03	1	0
03EEFF3E	03EEFF3E	1	0
03EF00F3	03EF00F3	1	0
03EF0119	03EF0119	1	0
03EF0160	03EF0160	1	0
03EF03EE	03EF03EE	1	0
03EF10A3	03EF10A3	1	0
03EF1246	03EF1246	1	0
03EF13FF	03EF13FF	1	0
03EF4237	03EF4237	2	0
03EF4312	03EF4312	1	0
03EF45BD	03EF45BD	1	0
03EF53E3	03EF53E3	1	0
03EF5457	03EF5457	1	0
03EF5E05	03EF5E05	1	0
03EF67DD	03EF67DD	1	0
03EF7800	03EF7800	1	0
03EF7AF9	03EF7AF9	1	0
03EF82E7	03EF82E7	1	0
03EFCE01	03EFCE01	1	0
03EFD820	03EFD820	1	0
03EFDF11	03EFDF11	1	0
03EFE113	03EFE113	1	0
03EFFFFF	03EFFFFF	1	0
03F00100	03F00100	1	0
03F00124	03F00124	1	0
03F002B4	03F002B4	1	0
03F002CF	03F002CF	1	0
03F00304	03F00304	1	0
03F003F0	03F003F0	8	0
03F0062B	03F0062B	1	0
03F00B64	03F00B64	1	0
03F00B78	03F00B78	1	0
03F00D00	03F00D00	1	0
03F00E10	03F00E10	1	0
03F00F00	03F00F00	1	0
03F00F21	03F00F21	1	0
03F00F54	03F00F54	1	0
03F00FFE	03F00FFE	1	0
03F010B8	03F010B8	1	0
03F01100	03F01100	1	0
03F01201	03F01201	1	0
03F0121F	03F0121F	1	0
03F01244	03F01244	1	0
03F0124A	03F0124A	1	0
03F01300	03F01300	1	0
03F01395	03F01395	1	0
03F013F0	03F013F0	1	0
03F01500	03F01500	1	0
03F01700	03F01700	1	0
03F02107	03F02107	1	0
03F02301	03F02301	1	0
03F02330	03F02330	1	0
03F02340	03F02340	1	0
03F023F0	03F023F0	1	0
03F02700	03F02700	1	0
03F02751	03F02751	4	0
03F02800	03F02800	1	0
03F02B02	03F02B02	1	0
03F02F31	03F02F31	1	0
03F02F61	03F02F61	2	0
03F02FF0	03F02FF0	1	0
03F02FFB	03F02FFB	1	0
03F03003	03F03003	1	0
03F032F1	03F032F1	2	0
03F03333	03F03333	1	0
03F0342A	03F0342A	1	0
03F0357B	03F0357B	1	0
03F03C55	03F03C55	1	0
03F03DFB	03F03DFB	1	0
03F03FF1	03F03FF1	12	0
03F04200	03F04200	1	0
03F04241	03F04241	1	0
03F04300	03F04300	1	0
03F04302	03F04302	1	0
03F04403	03F04403	1	0
03F044E7	03F044E7	1	0
03F04800	03F04800	1	0
03F04903	03F04903	1	0
03F0497F	03F0497F	1	0
03F05321	03F05321	1	0
03F05503	03F05503	1	0
03F05C10	03F05C10	1	0
03F05FFD	03F05FFD	1	0
03F06300	03F06300	1	0
03F063F0	03F063F0	1	0
03F0650D	03F0650D	1	0
03F06554	03F06554	1	0
03F06730	03F06730	1	0
03F06740	03F06740	1	0
03F06753	03F06753	1	0
03F06910	03F06910	1	0
03F0691E	03F0691E	1	0
03F06B01	03F06B01	1	0
03F06D46	03F06D46	1	0
03F06F01	03F06F01	1	0
03F07991	03F07991	1	0
03F07B54	03F07B54	1	0
03F07B62	03F07B62	1	0
03F07D48	03F07D48	1	0
03F07FF0	03F07FF0	3	0
03F07FF2	03F07FF2	1	0
03F08071	03F08071	1	0
03F08410	03F08410	1	0
03F089FF	03F089FF	1	0
03F08B00	03F08B00	1	0
03F08B50	03F08B50	1	0
03F08F24	03F08F24	1	0
03F08F76	03F08F76	1	0
03F09671	03F09671	1	0
03F09674	03F09674	1	0
03F09F07	03F09F07	1	0
03F09F91	03F09F91	1	0
03F0A117	03F0A117	1	0
03F0A1F3	03F0A1F3	1	0
03F0A310	03F0A310	1	0
03F0A660	03F0A660	1	0
03F0A752	03F0A752	1	0
03F0A9FE	03F0A9FE	1	0
03F0AAE7	03F0AAE7	1	0
03F0AEED	03F0AEED	1	0
03F0AF1A	03F0AF1A	1	0
03F0B100	03F0B100	1	0
03F0B7CC	03F0B7CC	1	0
03F0BA03	03F0BA03	1	0
03F0BB89	03F0BB89	1	0
03F0C077	03F0C077	1	0
03F0C118	03F0C118	1	0
03F0C312	03F0C312	1	0
03F0C703	03F0C703	1	0
03F0D728	03F0D728	1	0
03F0DBF0	03F0DBF0	1	0
03F0DDDF	03F0DDDF	1	0
03F0DFD0	03F0DFD0	1	0
03F0E103	03F0E103	1	0
03F0E303	03F0E303	1	0
03F0E750	03F0E750	1	0
03F0E7F0	03F0E7F0	1	0
03F0E92F	03F0E92F	1	0
03F0EA12	03F0EA12	1	0
03F0EB93	03F0EB93	1	0
03F0ED7F	03F0ED7F	1	0
03F0ED94	03F0ED94	1	0
03F0EDEE	03F0EDEE	1	0
03F0EE00	03F0EE00	1	0
03F0EEFE	03F0EEFE	1	0
03F0EF00	03F0EF00	1	0
03F0F027	03F0F027	1	0
03F0F105	03F0F105	1	0
03F0F109	03F0F109	1	0
03F0F3C9	03F0F3C9	1	0
03F0F53F	03F0F53F	1	0
03F0FA6B	03F0FA6B	1	0
03F0FB03	03F0FB03	1	0
03F0FB20	03F0FB20	1	0
03F0FF33	03F0FF33	1	0
03F0FFC3	03F0FFC3	1	0
03F0FFE7	03F0FFE7	1	0
03F0FFF0	03F0FFF0	1	0
03F10206	03F10206	1	0
03F102EE	03F102EE	1	0
03F12311	03F12311	1	0
03F173F0	03F173F0	1	0
03F18F01	03F18F01	1	0
03F1B300	03F1B300	1	0
03F1B900	03F1B900	1	0
03F1D929	03F1D929	1	0
03F1EEDC	03F1EEDC	1	0
03F1FEF1	03F1FEF1	1	0
03F1FF30	03F1FF30	1	0
03F202E5	03F202E5	1	0
03F20300	03F20300	1	0
03F22720	03F22720	1	0
03F22C22	03F22C22	1	0
03F27F22	03F27F22	1	0
03F28AEA	03F28AEA	1	0
03F2A420	03F2A420	1	0
03F2C0EF	03F2C0EF	1	0
03F2DD22	03F2DD22	1	0
03F2F66F	03F2F66F	1	0
03F30003	03F30003	1	0
03F30160	03F30160	1	0
03F301BA	03F301BA	1	0
03F302C8	03F302C8	1	0
03F303B6	03F303B6	1	0
03F308F3	03F308F3	1	0
03F324CB	03F324CB	1	0
03F32901	03F32901	1	0
03F342DD	03F342DD	1	0
03F37FE1	03F37FE1	1	0
03F3A700	03F3A700	1	0
03F3AA38	03F3AA38	1	0
03F3B720	03F3B720	1	0
03F3BC17	03F3BC17	1	0
03F403D5	03F403D5	1	0
03F40720	03F40720	1	0
03F40E03	03F40E03	1	0
03F44169	03F44169	1	0
03F4FB03	03F4FB03	1	0
03F4FEDD	03F4FEDD	1	0
03F50300	03F50300	1	0
03F50F03	03F50F03	1	0
03F51255	03F51255	1	0
03F52E20	03F52E20	1	0
03F55537	03F55537	1	0
03F57355	03F57355	1	0
03F5FF19	03F5FF19	1	0
03F60003	03F60003	1	0
03F6006B	03F6006B	1	0
03F613FC	03F613FC	1	0
03F641FF	03F641FF	1	0
03F662FF	03F662FF	1	0
03F6681C	03F6681C	1	0
03F66A6F	03F66A6F	1	0
03F67823	03F67823	1	0
03F67D55	03F67D55	1	0
03F6B649	03F6B649	1	0
03F702A3	03F702A3	1	0
03F702E7	03F702E7	1	0
03F703F6	03F703F6	1	0
03F70A12	03F70A12	1	0
03F710DC	03F710DC	1	0
03F71107	03F71107	1	0
03F722F2	03F722F2	1	0
03F72401	03F72401	1	0
03F72513	03F72513	1	0
03F76603	03F76603	1	0
03F79327	03F79327	1	0
03F7BF25	03F7BF25	1	0
03F7FF1F	03F7FF1F	1	0
03F80052	03F80052	1	0
03F80300	03F80300	1	0
03F81600	03F81600	1	0
03F82C21	03F82C21	1	0
03F853D1	03F853D1	1	0
03F8B444	03F8B444	1	0
03F8BF5B	03F8BF5B	1	0
03F8CC0A	03F8CC0A	1	0
03F8E602	03F8E602	1	0
03F8FE1E	03F8FE1E	1	0
03F90333	03F90333	1	0
03F90B77	03F90B77	1	0
03F90E00	03F90E00	1	0
03F9112D	03F9112D	1	0
03F9399F	03F9399F	1	0
03F94045	03F94045	1	0
03F969F9	03F969F9	1	0
03F9F300	03F9F300	1	0
03FA1F80	03FA1F80	1	0
03FAA04C	03FAA04C	1	0
03FAE929	03FAE929	1	0
03FAFA88	03FAFA88	1	0
03FB0315	03FB0315	1	0
03FB0617	03FB0617	1	0
03FB0B80	03FB0B80	1	0
03FB113B	03FB113B	1	0
03FB1DF0	03FB1DF0	1	0
03FBAB07	03FBAB07	1	0
03FBE802	03FBE802	1	0
03FBEBF5	03FBEBF5	1	0
03FC00BB	03FC00BB	1	0
03FC0201	03FC0201	1	0
03FC0288	03FC0288	1	0
03FC3213	03FC3213	1	0
03FC3222	03FC3222	1	0
03FC4800	03FC4800	1	0
03FC54F8	03FC54F8	1	0
03FD03FC	03FD03FC	1	0
03FD0804	03FD0804	1	0
03FD11D7	03FD11D7	1	0
03FD1DF0	03FD1DF0	1	0
03FD208A	03FD208A	1	0
03FD2536	03FD2536	1	0
03FD4555	03FD4555	1	0
03FD5239	03FD5239	1	0
03FD7726	03FD7726	1	0
03FDCF22	03FDCF22	1	0
03FE03E3	03FE03E3	1	0
03FE04AA	03FE04AA	1	0
03FE1200	03FE1200	1	0
03FE2C16	03FE2C16	1	0
03FE356F	03FE356F	1	0
03FE3B00	03FE3B00	1	0
03FE5323	03FE5323	1	0
03FE60DF	03FE60DF	1	0
03FE78FF	03FE78FF	1	0
03FEA737	03FEA737	1	0
03FEB728	03FEB728	1	0
03FEEF03	03FEEF03	1	0
03FEFCCC	03FEFCCC	1	0
03FEFF27	03FEFF27	1	0
03FF0002	03FF0002	1	0
03FF0011	03FF0011	1	0
03FF0051	03FF0051	1	0
03FF01F0	03FF01F0	1	0
03FF03FF	03FF03FF	1	0
03FF0567	03FF0567	1	0
03FF0610	03FF0610	1	0
03FF0703	03FF0703	1	0
03FF0803	03FF0803	1	0
03FF0E00	03FF0E00	1	0
03FF0F10	03FF0F10	1	0
03FF0F1F	03FF0F1F	1	0
03FF0F20	03FF0F20	1	0
03FF0F2F	03FF0F2F	2	0
03FF0FE8	03FF0FE8	1	0
03FF0FFC	03FF0FFC	1	0
03FF1033	03FF1033	1	0
03FF1810	03FF1810	1	0
03FF1D1F	03FF1D1F	1	0
03FF1FD0	03FF1FD0	1	0
03FF1FF3	03FF1FF3	1	0
03FF2311	03FF2311	1	0
03FF248D	03FF248D	1	0
03FF29AD	03FF29AD	1	0
03FF302F	03FF302F	1	0
03FF32C4	03FF32C4	1	0
03FF37FF	03FF37FF	1	0
03FF39AC	03FF39AC	1	0
03FF3C46	03FF3C46	1	0
03FF4066	03FF4066	1	0
03FF422A	03FF422A	1	0
03FF4702	03FF4702	1	0
03FF475F	03FF475F	1	0
03FF4A04	03FF4A04	1	0
03FF4F23	03FF4F23	1	0
03FF520E	03FF520E	1	0
03FF5F00	03FF5F00	1	0
03FF646E	03FF646E	1	0
03FF6865	03FF6865	1	0
03FF6F93	03FF6F93	1	0
03FF76FF	03FF76FF	1	0
03FF7703	03FF7703	1	0
03FF777F	03FF777F	1	0
03FF7B04	03FF7B04	1	0
03FF7BFF	03FF7BFF	1	0
03FF8090	03FF8090	1	0
03FF8A01	03FF8A01	1	0
03FF9944	03FF9944	1	0
03FF99C9	03FF99C9	1	0
03FF9B84	03FF9B84	1	0
03FF9F07	03FF9F07	1	0
03FF9F4D	03FF9F4D	1	0
03FFB28F	03FFB28F	1	0
03FFBF60	03FFBF60	1	0
03FFCF33	03FFCF33	1	0
03FFD864	03FFD864	1	0
03FFEE33	03FFEE33	1	0
03FFEEE3	03FFEEE3	1	0
03FFF043	03FFF043	1	0
03FFF07E	03FFF07E	1	0
03FFF443	03FFF443	1	0
03FFFF4B	03FFFF4B	1	0
03FFFFB5	03FFFFB5	1	0
03FFFFBA	03FFFFBA	1	0
03FFFFF6	03FFFFF6	1	0
08000000	08000000	5	0
08000001	08000001	2	0
08000007	08000007	68	0
08000008	08000008	1	0
08000015	08000015	1	0
0800001F	0800001F	1	0
08000046	08000046	1	0
08000066	08000066	1	0
08000099	08000099	1	0
08000100	08000100	1	0
08000107	08000107	1	0
08000108	08000108	1	0
0800010F	0800010F	38	0
08000110	08000110	1	0
080001CE	080001CE	1	0
08000200	08000200	2	0
08000201	08000201	47	0
08000208	08000208	4	0
08000227	08000227	1	0
08000300	08000300	4	0
08000303	08000303	1	0
08000407	08000407	1	0
08000409	08000409	1	0
08000504	08000504	8	0
08000510	08000510	2	0
08000511	08000511	3	0
08000600	08000600	1	0
08000613	08000613	1	0
08000649	08000649	1	0
08000700	08000700	22	0
08000701	08000701	6	0
08000702	08000702	94	0
08000704	08000704	2	0
08000705	08000705	1	0
08000707	08000707	1	0
08000710	08000710	2	0
08000720	08000720	1	0
08000741	08000741	1	0
08000742	08000742	3	0
0800076D	0800076D	1	0
08000800	08000800	1	0
08000801	08000801	1	0
08000802	08000802	1	0
08000807	08000807	1	0
08000858	08000858	1	0
080008F5	080008F5	1	0
08000903	08000903	5	0
0800093C	0800093C	1	0
080009C0	080009C0	1	0
080009CE	080009CE	1	0
080009E4	080009E4	1	0
08000A00	08000A00	1	0
08000B00	08000B00	1	0
08000B05	08000B05	1	0
08000B06	08000B06	1	0
08000B1F	08000B1F	4	0
08000B3A	08000B3A	1	0
08000B6B	08000B6B	1	0
08000BBB	08000BBB	1	0
08000C08	08000C08	1	0
08000C10	08000C10	1	0
08000D00	08000D00	2	0
08000D09	08000D09	2	0
08000DCB	08000DCB	1	0
08000E07	08000E07	2	0
08000E0B	08000E0B	1	0
08000E41	08000E41	1	0
08000E74	08000E74	1	0
08000F14	08000F14	4	0
08000F52	08000F52	1	0
08001000	08001000	5	0
08001002	08001002	2	0
08001004	08001004	1	0
08001007	08001007	1	0
08001079	08001079	1	0
08001108	08001108	1	0
08001166	08001166	1	0
0800120E	0800120E	1	0
08001242	08001242	1	0
08001320	08001320	5	0
08001408	08001408	1	0
08001411	08001411	1	0
08001416	08001416	3	0
08001424	08001424	1	0
08001484	08001484	1	0
08001708	08001708	4	0
08001807	08001807	1	0
08001861	080017ED	2	0
08001887	08001887	1	0
080018E5	08001871	2	0
08001965	080018F1	2	0
080019E9	08001975	2	0
08001A08	08001A08	5	0
08001B0B	08001B0B	28	0
08001E00	08001E00	1	0
08001F0E	08001F0E	1	0
08001F11	08001F11	2	0
08001F17	08001F17	1	0
08001F95	08001EE5	1	0
08002025	08002025	4	0
080020A5	080020A5	1	0
08002100	08002100	1	0
08002107	08002107	1	0
08002111	08002111	1	0
08002200	08002200	1	0
08002208	08002208	1	0
0800220C	0800220C	1	0
08002210	08002210	1	0
08002223	08002223	1	0
0800222E	0800222E	1	0
08002231	08002231	1	0
0800224F	0800224F	1	0
08002254	08002254	2	0
08002288	08002288	1	0
080022A3	080022A3	1	0
080022CC	080022CC	1	0
08002300	08002300	1	0
08002308	08002308	1	0
0800230C	0800230C	1	0
0800231C	0800231C	1	0
08002329	08002329	1	0
080023EF	080023EF	1	0
08002408	08002408	1	0
080024F1	08002441	1	0
08002503	08002503	1	0
08002508	08002508	1	0
08002518	08002518	1	0
08002527	08002527	1	0
0800258D	0800258D	1	0
0800260C	0800260C	1	0
0800270C	0800270C	1	0
08002717	08002717	5	0
0800271E	0800271E	1	0
08002840	08002840	1	0
0800284B	0800284B	1	0
08002951	080028A1	4	0
0800296D	080028BD	1	0
080029BD	0800290D	1	0
08002A10	08002A10	1	0
08002A6D	080029BD	10	0
08002B57	08002B57	1	0
08002BEB	08002BEB	1	0
08002C10	08002C10	1	0
08002C7D	08002BCD	4	0
08002CE1	08002C31	4	0
08002D07	08002D07	1	0
08002D1F	08002D1F	3	0
08002D77	08002D77	1	0
08002E10	08002E10	1	0
08002E1F	08002E1F	1	0
08002F22	08002F22	1	0
08003007	08003007	1	0
08003020	08003020	1	0
0800306D	08002FBD	1	0
08003089	08002FD9	1	0
08003100	08003100	1	0
08003104	08003104	1	0
080031E7	080031E7	1	0
08003203	08003203	1	0
08003266	08003266	1	0
08003268	08003268	1	0
08003291	080031DD	1	0
080032CB	080032CB	1	0
080032E7	080032E7	1	0
08003312	08003312	1	0
0800331C	0800331C	1	0
08003336	08003336	1	0
0800333A	0800333A	1	0
08003350	08003350	1	0
0800339C	0800339C	1	0
080033FF	080033FF	1	0
08003408	08003408	1	0
08003451	08003451	1	0
080034D4	080034D4	1	0
0800351D	0800351D	1	0
08003529	08003529	1	0
0800356F	0800356F	1	0
08003608	08003608	1	0
08003752	08003752	1	0
0800375A	0800375A	1	0
08003800	08003800	1	0
08003807	08003807	1	0
08003866	08003866	2	0
08003A6C	08003A6C	1	0
08003B50	08003B50	1	0
08003BB0	08003BB0	1	0
08003C00	08003C00	1	0
08003C01	08003C01	1	0
08003C1E	08003C1E	17	0
08003C95	08003BC5	1	0
08003CAA	08003CAA	1	0
08003D00	08003D00	1	0
08003D07	08003D07	2	0
08003D48	08003D48	1	0
08003E00	08003E00	1	0
08003E18	08003E18	5	0
08003F38	08003F38	1	0
08003F3E	08003F3E	1	0
08003F50	08003F50	1	0
08003F80	08003F80	2	0
08004265	08004265	1	0
08004269	080041A1	1	0
08004313	08004313	1	0
0800431A	0800431A	1	0
08004366	08004366	1	0
080043CC	080043CC	1	0
080043FF	080043FF	1	0
08004408	08004408	1	0
08004411	08004411	1	0
08004413	08004413	3	0
08004417	08004417	1	0
0800443C	0800443C	1	0
08004462	08004462	1	0
0800447F	0800447F	1	0
080044E0	080044E0	1	0
08004505	08004505	5	0
08004508	08004508	1	0
0800450C	0800450C	1	0
0800452C	0800452C	1	0
08004538	08004538	1	0
080045C4	080045C4	1	0
08004603	08004603	1	0
080046A7	080046A7	1	0
080046B1	080046B1	1	0
08004712	08004712	1	0
08004722	08004722	1	0
08004727	08004727	1	0
08004806	08004806	6	0
08004822	08004822	2	0
08004921	08004921	1	0
08004985	0800488D	1	0
080049AD	080048B5	5	0
080049D1	080048D9	3	0
08004A0D	08004A0D	4	0
08004B19	08004B19	25	0
08004D15	08004D15	5	0
08004E81	08004E81	2	0
08004EC0	08004EC0	4	0
08004EC1	08004EC1	1	0
08004F22	08004F22	1	0
08004F40	08004F40	3	0
08004FE9	08004FE9	1	0
08004FF7	08004FF7	1	0
08005140	08005140	1	0
0800520E	0800520E	3	0
0800535E	0800535E	1	0
08005403	08005403	1	0
08005422	08005422	1	0
08005444	08005444	1	0
080054AF	080054AF	1	0
08005508	08005508	1	0
0800550D	0800550D	1	0
08005515	08005515	1	0
08005529	08005431	1	0
08005535	08005535	1	0
08005542	08005542	1	0
08005595	0800549D	2	0
080055BD	080054C5	4	0
080055FB	080055FB	1	0
08005608	08005608	1	0
08005641	08005641	1	0
0800566C	0800566C	1	0
08005803	08005803	1	0
08005808	08005808	2	0
08005889	08005889	1	0
0800590F	0800590F	1	0
08005AAA	08005AAA	1	0
08005B00	08005B00	1	0
08005B08	08005B08	1	0
08005C3C	08005B40	1	0
08005C54	08005C54	1	0
08005C7F	08005C7F	1	0
08005C98	08005B9C	5	0
08005C9C	08005BA0	18	0
08005D0B	08005D0B	1	0
08005D65	08005C69	1	0
08005D71	08005C75	1	0
08005D99	08005C9D	1	0
08005F09	08005F09	1	0
08005F24	08005F24	1	0
0800623D	08006141	1	0
08006281	08006185	3	0
08006290	08006290	1	0
080062B9	080061BD	1	0
08006325	08006229	1	0
0800632D	08006231	2	0
08006371	08006275	1	0
08006379	0800627D	1	0
080063BD	080062C1	1	0
080063C5	080062C9	1	0
08006433	08006433	1	0
08006455	08006455	1	0
08006503	08006503	1	0
08006552	08006552	1	0
08006577	08006577	1	0
08006603	08006603	1	0
08006608	08006608	1	0
08006611	08006611	1	0
0800662D	08006531	1	0
08006651	08006555	1	0
0800666D	0800666D	1	0
08006684	08006684	1	0
08006685	08006685	1	0
080066A9	080065AD	1	0
080066E3	080066E3	1	0
08006731	08006731	2	0
08006808	08006808	2	0
08006840	08006840	1	0
08006908	08006908	1	0
08006B4D	08006A51	1	0
08006C01	08006B05	1	0
08006C34	08006C34	1	0
08006C35	08006B39	1	0
08006E6C	08006E6C	1	0
08006F08	08006F08	1	0
08007176	08007176	1	0
080073C5	080073C5	1	0
08007537	08007537	1	0
0800758F	0800758F	1	0
08007700	08007700	1	0
08007703	08007703	3	0
08007708	08007708	1	0
08007744	08007744	1	0
0800777F	0800777F	1	0
080077BB	080077BB	1	0
080077C3	080077C3	2	0
08007878	08007878	1	0
080079C0	080079C0	1	0
08007A08	08007A08	1	0
08007AF6	08007AF6	1	0
08007B01	08007B01	1	0
08007B0C	08007B0C	1	0
08007B5E	08007B5E	1	0
08007B88	08007B88	1	0
08007C0D	08007B09	1	0
08007C29	08007B25	1	0
08007C4D	08007B49	1	0
08007D39	08007C35	1	0
08007D40	08007D40	1	0
08007DA5	08007CA1	1	0
08007DA7	08007DA7	1	0
08007DAA	08007DAA	1	0
08007E08	08007E08	1	0
08007F08	08007F08	4	0
08007F3D	08007F3D	1	0
08007F48	08007F48	3	0
08007F9D	08007E99	1	0
08007FDD	08007ED9	1	0
08008000	08008000	1	0
08008066	08008066	1	0
0800807E	0800807E	1	0
080080BA	080080BA	1	0
080080D1	08007FCD	1	0
080080FF	080080FF	1	0
08008109	08008005	1	0
080082CB	080082CB	3	0
08008411	08008411	1	0
080084EE	080084EE	1	0
080085CC	080085CC	1	0
08008600	08008600	1	0
08008603	08008603	1	0
08008608	08008608	1	0
08008699	08008699	1	0
08008700	08008700	1	0
08008703	08008703	1	0
08008750	08008750	1	0
08008788	08008788	1	0
08008798	08008798	1	0
080087A5	080086A1	1	0
080087A9	080086A5	1	0
080087BA	080087BA	1	0
080087CC	080087CC	1	0
080087DC	080087DC	1	0
08008807	08008807	1	0
0800880D	08008709	1	0
08008811	08008811	1	0
08008841	0800873D	1	0
08008866	08008866	1	0
08008868	08008868	1	0
080088AB	080088AB	1	0
080088BF	080088BF	1	0
08008908	08008908	1	0
0800890A	0800890A	1	0
08008988	08008988	1	0
080089D0	080089D0	1	0
08008A08	08008A08	1	0
08008A10	08008A10	1	0
08008A54	08008A54	1	0
08008A60	08008A60	1	0
08008ACC	08008ACC	1	0
08008B08	08008B08	1	0
08008B4F	08008B4F	1	0
08008B68	08008B68	1	0
08008BAA	08008BAA	1	0
08008C59	08008C59	1	0
08008C70	08008C70	1	0
08008E1D	08008E1D	1	0
08009199	08009089	1	0
08009201	080090F1	1	0
08009251	08009141	1	0
08009308	08009308	1	0
08009332	08009332	1	0
08009703	08009703	1	0
08009722	08009722	1	0
080097D1	080096C1	3	0
08009800	080096F0	1	0
08009803	08009803	1	0
0800981F	0800981F	1	0
080098FC	080097EC	1	0
08009900	080097F0	1	0
08009904	080097F4	1	0
08009908	080097F8	2	1
0800990C	080097FC	1	0
08009910	08009800	1	0
08009914	08009804	2	0
08009918	08009808	2	0
0800991C	0800980C	2	1
08009920	08009810	4	0
08009924	08009814	2	0
08009928	08009818	2	0
0800992C	0800981C	2	0
08009930	08009820	2	1
08009934	08009824	2	0
08009938	08009828	2	0
0800993C	0800982C	2	0
08009940	08009830	2	0
08009942	08009942	1	0
08009944	08009834	4	0
08009948	08009838	26	0
0800994F	0800994F	1	0
08009959	08009959	1	0
0800995B	0800995B	1	0
080099CC	080099CC	1	0
08009AAB	08009AAB	1	0
08009C58	08009C58	1	0
08009F89	08009F89	1	0
0800A043	0800A043	1	0
0800A09C	0800A09C	1	0
0800A0B4	0800A0B4	1	0
0800A0BB	0800A0BB	1	0
0800A103	0800A103	1	0
0800A1BE	0800A1BE	1	0
0800A303	0800A303	1	0
0800A388	0800A388	1	0
0800A5A5	0800A5A5	1	0
0800A63F	0800A63F	1	0
0800A81E	0800A81E	1	0
0800A908	0800A908	1	0
0800A95D	0800A95D	1	0
0800AA08	0800AA08	1	0
0800AA30	0800AA30	1	0
0800AA47	0800AA47	1	0
0800AA60	0800AA60	1	0
0800AA88	0800AA88	1	0
0800AAEE	0800AAEE	1	0
0800AC08	0800AC08	1	0
0800ACA6	0800ACA6	1	0
0800AE3F	0800AE3F	1	0
0800AF26	0800AF26	1	0
0800AF32	0800AF32	1	0
0800AFEC	0800AFEC	1	0
0800B001	0800B001	1	0
0800B008	0800B008	1	0
0800B226	0800B226	1	0
0800B322	0800B322	1	0
0800B3FE	0800B3FE	1	0
0800B7FF	0800B7FF	1	0
0800B841	0800B841	1	0
0800B889	0800B889	1	0
0800B8AA	0800B8AA	1	0
0800B940	0800B940	1	0
0800BA41	0800BA41	1	0
0800BA99	0800BA99	1	0
0800BB00	0800BB00	1	0
0800BB08	0800BB08	1	0
0800BB50	0800BB50	1	0
0800BB69	0800BB69	1	0
0800BB77	0800BB77	1	0
0800BBB1	0800BBB1	2	0
0800BBDD	0800BBDD	1	0
0800BC03	0800BC03	2	0
0800BC6F	0800BC6F	1	0
0800BD06	0800BD06	1	0
0800BD9F	0800BD9F	1	0
0800BF58	0800BF58	1	0
0800C00B	0800C00B	1	0
0800C0B9	0800C0B9	1	0
0800C399	0800C399	1	0
0800C776	0800C776	1	0
0800C900	0800C900	1	0
0800C908	0800C908	1	0
0800CB08	0800CB08	1	0
0800CB3B	0800CB3B	1	0
0800CBA4	0800CBA4	1	0
0800CBAA	0800CBAA	1	0
0800CBBC	0800CBBC	1	0
0800CC03	0800CC03	1	0
0800CC08	0800CC08	1	0
0800CCD0	0800CCD0	1	0
0800CCDE	0800CCDE	1	0
0800CCE9	0800CFAD	1	0
0800CCED	0800CFB1	1	0
0800CE41	0800D105	1	0
0800CE4D	0800D111	2	0
0800CF00	0800CF00	1	0
0800CF10	0800CF10	1	0
0800CF5D	0800D221	2	0
0800D199	0800D45D	4	0
0800D1B1	0800D475	2	0
0800D1FD	0800D1FD	1	0
0800D252	0800D252	1	0
0800D408	0800D408	1	0
0800D444	0800D444	1	0
0800D608	0800D608	1	0
0800D925	0800D925	1	0
0800DA08	0800DA08	1	0
0800DBBB	0800DBBB	1	0
0800DC00	0800DC00	1	0
0800DC03	0800DC03	1	0
0800DC18	0800DC18	1	0
0800DCD4	0800DF2C	1	0
0800DCE8	0800DF40	1	0
0800DCFC	0800DF54	1	0
0800DD00	0800DD00	1	0
0800DD08	0800DD08	3	0
0800DD0C	0800DF64	1	0
0800DD24	0800DF7C	1	0
0800DD38	0800DF90	1	0
0800DD54	0800DD54	1	0
0800DD60	0800DD60	1	0
0800DDDD	0800DDDD	1	0
0800DECC	0800DECC	1	0
0800DF87	0800DF87	1	0
0800E037	0800E037	1	0
0800E040	0800E040	1	0
0800E203	0800E203	1	0
0800E51C	0800E51C	1	0
0800E708	0800E708	1	0
0800E7E3	0800E7E3	1	0
0800E808	0800E808	1	0
0800E903	0800E903	1	0
0800E99E	0800E99E	1	0
0800EA85	0800EC99	1	0
0800EB40	0800EB40	1	0
0800EC01	0800EE15	1	0
0800EC13	0800EC13	1	0
0800EC51	0800EE65	1	0
0800ECAA	0800ECAA	1	0
0800ED08	0800ED08	1	0
0800EDE3	0800EDE3	2	0
0800EE08	0800EE08	1	0
0800EEE9	0800F0FD	1	0
0800EF20	0800EF20	1	0
0800EF48	0800EF48	1	0
0800EF49	0800F15D	1	0
0800F355	0800F355	1	0
0800F40D	0800F40D	1	0
0800F440	0800F440	1	0
0800F603	0800F603	1	0
0800FB42	0800FB42	1	0
0800FE03	0800FE03	1	0
0800FF00	0800FF00	1	0
0800FF22	0800FF22	1	0
0800FF31	0800FF31	1	0
0800FF3A	0800FF3A	1	0
0800FF58	0800FF58	1	0
0800FF60	0800FF60	1	0
0800FF90	0800FF90	1	0
0800FFCB	0800FFCB	1	0
08010002	08010002	1	0
08010003	08010003	1	0
08010016	08010016	1	0
0801002D	0801002D	1	0
08010080	08010080	2	0
080100C0	080100C0	1	0
080100C8	080100C8	1	0
080100D3	080100D3	1	0
080100DD	080100DD	1	0
08010201	08010201	2	0
08010320	08010320	1	0
08010504	08010504	1	0
08010701	08010701	1	0
08010702	08010702	2	0
08010801	08010801	11	0
08010802	08010802	1	0
08010B50	08010B50	1	0
08010C01	08010C01	1	0
08010C02	08010C02	2	0
08010D09	08010D09	1	0
08010E51	08010F99	3	0
08010E76	08010E76	1	0
08011003	08011003	1	0
08011023	08011023	1	0
080110F8	080110F8	1	0
0801116D	08011259	1	0
0801119D	08011289	1	0
080111F5	080112E1	1	0
08011211	080112FD	1	0
08011239	08011325	1	0
08011271	0801135D	1	0
080113C1	080114AD	1	0
080113F9	080114E5	1	0
08011785	08011871	1	0
08011804	08011804	1	0
08011A19	08011B05	1	0
08011A49	08011B2D	1	0
08011AA1	08011B85	1	0
08011AF5	08011BD9	1	0
08011B4D	08011C31	1	0
08011B91	08011C75	1	0
08012004	08012004	1	0
08012010	08012010	1	0
08012088	08012088	1	0
08012111	08012111	1	0
08012322	08012322	1	0
08012A2D	08012AF1	1	0
08012A65	08012B29	1	0
08012AC1	08012B85	1	0
08012B04	08012B04	1	0
08012CE5	08012D9D	1	0
08013005	08013005	1	0
08013A00	08013A00	1	0
08013D69	08013E21	11	0
08013D75	08013E2D	3	0
08013D81	08013E39	19	0
08013D8D	08013E45	11	0
08013DA5	08013E5D	17	0
08013E18	08013E18	2	0
08013F41	08013FF9	24	0
08013F59	08014011	2	0
08013FC5	0801407D	16	0
08013FD9	08014091	1	0
08014069	08014121	60	0
08014073	08014073	1	0
080140F3	080140F3	1	0
080140F5	080141AD	1	0
08014101	080141B9	1	0
08014125	080141DD	1	0
080141B1	08014269	10	0
08014200	08014200	1	0
0801420D	080142C5	1	0
08014533	08014533	1	0
08014555	08014555	1	0
08014BA1	08014BC9	1	0
08014BC1	08014BE9	1	0
08014BD1	08014BF9	7	0
08015361	08015385	31	0
08015371	08015395	26	0
080153D5	080153F9	1	0
08015411	08015435	1	0
08015435	08015459	1	0
08015451	08015475	1	0
080154A5	080154C9	2	0
080154C9	080154ED	1	0
080154F5	08015519	1	0
0801550D	08015531	1	0
08015545	08015569	1	0
080155C5	080155E1	1	0
08015681	0801569D	1	0
0801600F	0801600F	1	0
080160D1	080160DD	8	0
08016E70	08016C18	1	0
08016E8C	08016C34	1	0
08016E94	08016C3C	1	0
08016E9E	08016C46	1	0
08016EA8	08016C50	1	0
08016EB2	08016C5A	1	0
08016EBC	08016C64	2	0
08017003	08017003	1	0
08017100	08016EA8	1	0
080171BC	08016F64	1	0
080171C0	08016F68	1	0
080171C4	08016F6C	1	0
080171C8	08016F70	1	0
080171CC	08016F74	1	0
080171D0	08016F78	1	0
080171D4	08016F7C	1	0
080171D8	08016F80	1	0
080171DC	08016F84	1	0
080171E0	08016F88	38	0
08017312	08017312	1	0
08018001	08018001	1	0
08018859	0801856D	1	0
0801895D	08018671	1	0
08018C17	08018C17	1	0
08018DB1	08018AC5	1	0
0801905F	0801905F	1	0
08019C3D	08019915	6	0
08019D29	08019A01	1	0
0801A001	0801A001	1	0
0801A1F5	08019ECD	3	0
0801B090	0801B090	1	0
0801BA59	0801B725	1	0
0801BA79	0801B745	5	0
0801BC0C	0801BC0C	1	0
0801BCCD	0801B999	3	0
0801C03F	0801C03F	1	0
0801C0FD	0801BD8D	1	0
0801C199	0801BE29	1	0
0801C4D1	0801C14D	2	0
0801C589	0801C1F1	2	0
0801C895	0801C4FD	1	0
0801C941	0801C5A9	1	0
0801CC1D	0801C885	1	0
0801CC7D	0801C8E5	1	0
0801CCB5	0801C91D	1	0
0801CD1D	0801C985	3	0
0801D085	0801CCED	1	0
0801D301	0801CF65	2	0
0801D31D	0801CF81	1	0
0801D345	0801CFA9	1	0
0801D471	0801D0D5	1	0
0801D625	0801D289	1	0
0801D64D	0801D2B1	1	0
0801D669	0801D2CD	1	0
0801D6FD	0801D361	1	0
0801D70D	0801D371	1	0
0801D7E9	0801D44D	3	0
0801D89D	0801D501	1	0
0801D8ED	0801D551	1	0
0801D92D	0801D591	1	0
0801D9DD	0801D641	1	0
0801DA61	0801D6C5	1	0
0801DBA5	0801D809	1	0
0801DBEE	0801DBEE	1	0
0801DD1D	0801D981	1	0
0801DD55	0801D9B9	2	0
0801DDA9	0801DA0D	1	0
0801DE19	0801DA75	8	0
0801DF00	0801DF00	1	0
0801DF65	0801DBC1	1	0
0801DF95	0801DBF1	1	0
0801DFDD	0801DC39	1	0
0801E009	0801DC65	1	0
0801E019	0801DC75	1	0
0801E02D	0801DC89	1	0
0801E049	0801DCA5	1	0
0801E080	0801E080	1	0
0801E139	0801DD95	10	0
0801E145	0801DDA1	2	0
0801E189	0801DDE5	5	0
0801E1DD	0801DE39	1	0
0801E1FD	0801DE59	5	0
0801E251	0801DEAD	1	0
0801E295	0801DEF1	6	0
0801ED31	0801E989	1	0
0801ED59	0801E9B1	1	0
0801ED95	0801E9ED	1	0
0801EE09	0801EA61	1	0
0801EE81	0801EAD9	1	0
0801EED7	0801EED7	1	0
0801EFFF	0801EFFF	1	0
0801F013	0801F013	1	0
0801F02F	0801F02F	1	0
0801F080	0801F080	1	0
0801F2AD	0801EF05	1	0
0801F2CD	0801EF25	1	0
0801F3A9	0801F001	2	0
0801F491	0801F0E9	2	0
0801F6ED	0801F345	1	0
0801F7D9	0801F431	1	0
0801F861	0801F4B9	1	0
0801F88D	0801F4E5	1	0
08020000	08020000	1	0
0802009D	0801FD95	1	0
080200CA	080200CA	1	0
080200F1	0801FDE9	1	0
08020130	08020130	1	0
080202BD	0801FFB5	1	0
080202F9	0801FFF1	1	0
08020300	08020300	1	0
080204AD	080201A5	1	0
08020579	08020271	1	0
08020779	08020471	1	0
080207C9	080204C1	1	0
08020801	08020801	1	0
080208F9	080205F1	1	0
08020922	08020922	1	0
08020945	0802063D	1	0
080209D9	080206D1	1	0
08020A41	08020739	1	0
08020A8D	08020785	1	0
08020B21	08020819	3	0
08020B31	08020829	2	0
08020C2D	08020925	1	0
08020CA5	0802099D	1	0
08020E49	08020B41	1	0
08020EAD	08020BA5	1	0
08020F01	08020BF9	1	0
08020FF9	08020CF1	1	0
08021024	08021024	1	0
08021081	08020D79	3	0
08021083	08021083	1	0
08021089	08020D81	1	0
08021091	08020D89	1	0
080210A3	080210A3	1	0
080210C9	08020DC1	1	0
080212C1	08020FB9	1	0
080213F5	080210ED	1	0
08021429	08021121	1	0
08021435	0802112D	1	0
08021471	08021169	1	0
080214A9	080211A1	1	0
080214D5	080211CD	1	0
08021519	08021211	1	0
08021669	08021361	1	0
080219F9	080216F1	1	0
08021A07	08021A07	1	0
08021A95	0802178D	1	0
08021AFD	080217F5	1	0
08021B05	080217FD	1	0
08021B31	08021829	1	0
08022028	08022028	1	0
08022184	08022184	1	0
080222E1	080222AD	1	0
0802237D	08022349	1	0
080224ED	080224B9	1	0
08022529	080224F5	1	0
080227A5	0802276D	1	0
08022809	080227D1	1	0
08022861	08022829	2	0
08022CA5	08022C6D	5	0
08022CF1	08022CB9	5	0
08022D35	08022CFD	5	0
08022D85	08022D4D	5	0
08022DD9	08022DA1	6	0
08022E39	08022E01	1	0
08022E55	08022E1D	1	0
0802333F	0802333F	1	0
08023351	08023319	5	0
080233D9	0802339D	5	0
08023429	080233ED	5	0
08023466	08023466	1	0
08023499	0802345D	17	0
080234A9	0802346D	17	0
080234FD	080234C1	1	0
08023919	080238DD	1	0
08023951	08023915	1	0
080239A1	08023965	1	0
080239CD	08023991	1	0
08023B91	08023B55	5	0
08023BC9	08023B8D	5	0
08023C09	08023BCD	5	0
08023C15	08023BD9	5	0
08023C69	08023C2D	5	0
08024305	080242BD	5	0
08024349	08024301	5	0
0802439D	08024355	5	0
080245E1	08024591	2	0
08024A89	08024A39	1	0
08024AAD	08024A5D	1	0
08024AF1	08024AA1	1	0
08024B1D	08024ACD	5	0
08024B55	08024B05	5	0
08024B9D	08024B4D	5	0
08024BD1	08024B81	6	0
08024BF5	08024BA5	6	0
0802520E	0802520E	15	0
08026F2D	08026ED1	1	0
080271A1	08027145	3	0
080273A5	08027349	1	0
08027859	08027859	1	0
08027A41	080279D5	1	0
080295E9	08029591	1	0
0802969D	08029645	1	0
080297D1	08029771	2	0
08029802	08029802	1	0
0802980D	080297AD	2	0
08029841	080297E1	1	0
08029A39	080299C5	5	0
08029A49	080299D5	5	0
08029A4D	080299D9	5	0
08029A85	08029A11	5	0
08029AE1	08029A6D	5	0
08029D99	08029D25	1	0
08029DF1	08029D7D	1	0
0802A2F5	0802A281	2	0
0802A401	0802A401	1	0
0802A4F5	0802A4F5	1	0
0802B3D9	0802B3D9	1	0
0802CA15	0802C94D	1	0
0802CB11	0802CB11	3	0
0802CC42	0802CC42	1	0
0802CE00	0802CE00	1	0
0802D077	0802D077	1	0
0802D2E1	0802D219	1	0
0802D342	0802D342	1	0
0802D795	0802D6CD	1	0
0802D821	0802D759	1	0
0802D835	0802D76D	1	0
0802D919	0802D851	1	0
0802D981	0802D8B9	1	0
0802DAAD	0802D9E5	1	0
0802DAFD	0802DA35	1	0
0802DB49	0802DA81	1	0
0802DE6D	0802DDA5	1	0
0802DE95	0802DDCD	1	0
0802DEA5	0802DDDD	1	0
0802DEDD	0802DE15	1	0
0802E0A1	0802DFD9	1	0
0802E0F1	0802E029	1	0
0802E101	0802E039	1	0
0802E111	0802E049	1	0
0802E141	0802E079	1	0
0802E83D	0802E775	1	0
0802E8A9	0802E7E1	1	0
0802E9A9	0802E8E1	1	0
0802E9D1	0802E909	1	0
0802EA01	0802E939	1	0
0802EA1D	0802E955	1	0
0802EA29	0802E961	1	0
0802EE01	0802EE01	1	0
0802EF71	0802EEA9	1	0
0802EF81	0802EEB9	1	0
0802FEEE	0802FEEE	1	0
0803000C	0803000C	1	0
0803001A	0803001A	1	0
08030035	08030035	1	0
0803005D	0802FFAD	1	0
0803005E	0803005E	1	0
08030074	08030074	1	0
08030079	08030079	1	0
08030088	08030088	1	0
080300A0	080300A0	1	0
080300A5	0802FFF5	1	0
080300A6	080300A6	1	0
080300B9	080300B9	1	0
080300C0	080300C0	1	0
080300C9	080300C9	1	0
080300CA	080300CA	1	0
080300CD	080300CD	2	0
080300DB	080300DB	1	0
080300DC	080300DC	1	0
080300EC	080300EC	1	0
08030139	08030089	1	0
08030145	08030095	1	0
08030151	080300A1	1	0
08030175	080300C5	1	0
08030185	080300D5	16	0
080301B9	08030109	17	0
0803020C	0803015C	1	0
08030224	08030174	4	0
0803022C	0803017C	1	0
08030234	08030184	1	0
08030303	08030303	1	0
08030802	08030802	1	0
08030B50	08030AA0	1	0
08030B70	08030AC0	1	0
08030B76	08030AC6	1	0
08030B7C	08030ACC	1	0
08030B82	08030AD2	1	0
08030B88	08030AD8	1	0
08030B8E	08030ADE	1	0
08030B94	08030AE4	1	0
08030B9A	08030AEA	1	0
08030BA5	08030AF5	1	0
08030BC4	08030B14	1	0
08030BE0	08030B30	1	0
08030BE6	08030B36	1	0
08030BEC	08030B3C	1	0
08030BF2	08030B42	1	0
08030BF8	08030B48	1	0
08030BFE	08030B4E	1	0
08030C04	08030B54	1	0
08030C0D	08030B5D	1	0
08030C25	08030B75	8	0
08030C41	08030B91	8	0
0803100A	0803100A	1	0
0803100F	0803100F	1	0
08031055	08031055	1	0
08031058	08031058	1	0
08031077	08031077	2	0
08031088	08031088	1	0
08031090	08031090	1	0
080310CB	080310CB	1	0
080311A9	080310F5	13	0
0803200D	08031F59	1	0
08032099	08032099	1	0
080320F0	080320F0	1	0
080321B9	08032105	1	0
080321C9	08032115	1	0
08032775	080326C1	2	0
080327C9	08032715	2	0
08032861	080327AD	3	0
0803286D	080327B9	1	0
080328D1	0803281D	1	0
08032975	080328C1	1	0
080329A1	080328ED	1	0
08032F2F	08032F2F	1	0
0803311F	0803311F	1	0
08033140	08033140	1	0
08033423	08033423	1	0
08034000	08034000	1	0
0803400F	0803400F	1	0
080340CB	080340CB	1	0
080340FF	080340FF	2	0
08034195	0803409D	5	0
0803503F	0803503F	1	0
08035615	0803551D	1	0
08035631	08035539	1	0
0803564D	08035555	1	0
08035679	08035581	1	0
08035699	080355A1	1	0
080356BD	080355C5	1	0
080359B5	08035AB5	1	0
08035A0D	08035B0D	1	0
08035C59	08035D59	1	0
08035C6D	08035D6D	1	0
08035C81	08035D81	2	0
08035D9D	08035E9D	1	0
08035E21	08035F21	1	0
08035E51	08035F51	2	0
08035ED9	08035FD9	2	0
08035EFD	08035FFD	1	0
08035F41	08036041	2	0
08035F6D	0803606D	1	0
08036189	08036289	1	0
080361AD	080362AD	1	0
0803623D	0803633D	1	0
0803629D	0803639D	1	0
080362A5	080363A5	1	0
08036335	08036435	1	0
08036365	08036465	1	0
08036475	08036575	1	0
08036D9D	08036E9D	1	0
08036E1D	08036F1D	1	0
0803705D	0803715D	1	0
080370C9	080371C9	1	0
0803710D	0803720D	1	0
080371F1	080372F1	2	0
080372D5	080373D5	1	0
080372E5	08086849	1	0
080374C5	08037585	2	0
08037745	0803780D	2	0
08037CA1	08037D39	1	0
08037CF9	08037D91	1	0
08037D59	08037DF1	3	0
0803800A	0803800A	1	0
080381F5	08038321	1	0
08038209	08038335	2	0
0803821D	08038349	1	0
08038231	0803835D	1	0
08038241	0803836D	2	0
08038366	08038366	1	0
08038EA9	08038F21	1	0
08038ED1	08038F49	1	0
08038EF1	08038F69	2	0
0803901D	08039095	1	0
080390D5	0803914D	1	0
080392B0	08039328	1	0
080392C4	0803933C	1	0
080392E8	08039360	1	0
08039300	08039378	1	0
08039318	08039390	1	0
0803933C	080393B4	1	0
0803943D	080394B5	1	0
0803948D	08039505	1	0
080394A9	08039521	1	0
08039555	080395CD	1	0
0803958D	08039605	1	0
0803963D	080396B5	1	0
08039661	080396D9	1	0
08039669	080396E1	1	0
08039691	08039709	1	0
08039AC9	08039B41	1	0
08039B01	08039B79	1	0
08039C2F	08039C2F	1	0
08039E89	08039F01	1	0
08039EF5	08039F6D	1	0
08039F03	08039F03	1	0
08039F0D	08039F85	1	0
08039FAD	0803A025	1	0
0803A17D	0803A1F5	1	0
0803A205	0803A27D	1	0
0803A23D	0803A2B5	1	0
0803A271	0803A2E9	1	0
0803A275	0803A2ED	1	0
0803A2B9	0803A331	1	0
0803A2E1	0803A359	1	0
0803A391	0803A409	1	0
0803A3C9	0803A441	1	0
0803A4E5	0803A55D	1	0
0803A520	0803A598	1	0
0803A558	0803A5D0	1	0
0803A560	0803A5D8	1	0
0803A570	0803A5E8	1	0
0803A580	0803A5F8	1	0
0803A590	0803A608	1	0
0803A598	0803A610	1	0
0803A5A0	0803A618	1	0
0803A5A8	0803A620	1	0
0803A5B0	0803A628	1	0
0803A5B8	0803A630	1	0
0803A5C0	0803A638	1	0
0803A5C8	0803A640	1	0
0803A5D8	0803A650	1	0
0803A5E8	0803A660	1	0
0803A5F9	0803A671	1	0
0803A63D	0803A6B5	1	0
0803A675	0803A6ED	5	0
0803A679	0803A6F1	1	0
0803A69D	0803A715	1	0
0803A6D1	0803A749	1	0
0803A738	0803A7B0	1	0
0803A750	0803A7C8	1	0
0803A75A	0803A7D2	1	0
0803A762	0803A7DA	1	0
0803A76A	0803A7E2	1	0
0803A772	0803A7EA	1	0
0803A77A	0803A7F2	1	0
0803B099	0803B099	1	0
0803E201	0803E201	1	0
0803EF01	0803EF01	1	0
0803F019	0803EFA9	5	0
0803F04A	0803F04A	1	0
0803F101	0803F101	1	0
0803F301	0803F301	1	0
0803F331	0803F2C1	1	0
0803F34D	0803F2DD	1	0
0803F435	0803F3C5	1	0
0803F51D	0803F4AD	2	0
0803F688	0803F688	1	0
0803F72D	0803F6BD	2	0
0803F791	0803F721	1	0
0803F7DD	0803F76D	1	0
0803FBA9	0803FBA9	1	0
0803FBB9	0803FB39	3	0
0803FD31	0803FCB1	2	0
0803FF01	0803FE81	1	0
08040007	08040007	1	0
08040009	08040009	1	0
0804000D	0803FF8D	1	0
0804005F	0804005F	1	0
080400D7	080400D7	1	0
08040165	080400E5	1	0
08040201	08040201	1	0
08040355	080402D5	1	0
080403D5	080403D5	1	0
08040402	08040402	1	0
080404E1	08040461	2	0
08040665	080405E5	1	0
08040700	08040700	1	0
080407F4	080407F4	1	0
08040803	08040803	5	0
080408DD	0804085D	1	0
08040900	08040900	1	0
08040901	08040901	3	0
08040904	08040904	3	0
0804091C	0804091C	1	0
08040975	080408F5	1	0
08040A79	080409F9	1	0
080411F9	08041179	1	0
08041315	08041315	1	0
080413CD	0804134D	1	0
08041405	08041385	1	0
08041585	08041505	1	0
08041899	08041819	1	0
08041C1D	08041B9D	1	0
08041DC5	08041D45	1	0
08042104	08042104	1	0
08042223	08042223	1	0
08042C05	08042C05	1	0
08042E0D	08042D91	1	0
08042E2D	08042DB1	1	0
08042F85	08042F09	5	0
08042F99	08042F1D	5	0
0804309D	08043021	1	0
08043245	080431C9	2	0
08043309	0804328D	3	0
08043315	08043315	2	0
0804331D	080432A1	1	0
0804337A	0804337A	1	0
08043905	08043885	2	0
0804390F	0804390F	1	0
08043B6D	08043AED	1	0
08043CF5	08043C75	1	0
08043D3D	08043CBD	1	0
08043D8D	08043D0D	1	0
0804429D	0804421D	1	0
08044300	08044300	1	0
08044325	080442A9	1	0
080443B1	08044341	1	0
08044431	080443C5	1	0
08044531	080444C5	1	0
08044769	080446FD	1	0
08044ED9	08044E75	1	0
08044FE5	08044F85	1	0
08044FFD	08044F9D	1	0
0804503D	08044FDD	1	0
08045069	08045009	1	0
080450AD	0804504D	1	0
08045109	080450A9	1	0
080451F1	08045191	1	0
080458E9	08045889	1	0
08045921	080458C1	1	0
08045A65	08045A05	1	0
08045AF5	08045A95	1	0
08045B04	08045B04	1	0
08045C15	08045BB5	2	0
08045C29	08045BC9	2	0
08045C39	08045C39	1	0
08045CBD	08045C5D	2	0
08045CE1	08045C81	2	0
08045DC1	08045D61	1	0
08045F01	08045EA5	1	0
08045F49	08045EED	1	0
0804619D	08046115	1	0
08046235	080461B1	1	0
080462D5	08046251	1	0
080463A9	08046325	1	0
0804645D	080463D9	1	0
080464B1	0804642D	1	0
08046506	08046506	1	0
08046566	08046566	1	0
08046581	080464FD	1	0
08046705	08046681	1	0
080467AD	08046729	1	0
08046839	08046799	1	0
080469AD	0804690D	1	0
080469B9	08046919	2	0
080469C5	08046925	1	0
08046CF1	08046C51	1	0
08046D6D	08046CCD	1	0
08046DB5	08046D15	3	0
08046DD1	08046D31	1	0
08046DED	08046D4D	1	0
08046E0D	08046D6D	1	0
08046E4D	08046DAD	1	0
08047009	08046F4D	1	0
0804720D	08047141	1	0
08047325	08047259	1	0
08047571	08047495	1	0
0804762D	08047551	1	0
08047AF5	08047A0D	1	0
08047B35	08047A4D	1	0
08047C61	08047B79	1	0
08047CF1	08047C09	1	0
08047D89	08047CA1	1	0
08047E08	08047E08	1	0
08047FF9	08047F11	1	0
080480B5	08047FCD	1	0
08048169	08048081	1	0
08048261	08048179	1	0
08048839	0804874D	1	0
08048A95	080498A5	8	0
08048AA9	080498B9	1	0
08048B79	08049989	1	0
08048CB9	08049AC9	1	0
08048D65	08049B75	1	0
08048DD1	08049BE1	1	0
08048E6D	08049C7D	1	0
080490A1	080490A1	1	0
08049239	0804A041	3	0
080497A1	0804A59D	2	0
08049829	0804A625	1	0
080498F5	0804A6F1	1	0
08049965	0804A761	1	0
080499D1	0804A7CD	1	0
08049B05	0804A901	1	0
08049C5D	08049C5D	1	0
08049CD5	0804AAC9	1	0
08049D0D	0804AB01	2	0
08049D25	0804AB19	1	0
08049F39	0804AD2D	4	0
08049F45	0804AD39	1	0
0804A109	0804AEFD	1	0
0804A159	0804AF4D	1	0
0804A1D1	0804AF8D	1	0
0804A299	0804B055	1	0
0804A3A9	0804B165	1	0
0804A404	0804A404	1	0
0804A431	0804B1CD	1	0
0804A44D	0804B1E9	1	0
0804A51D	0804B2B9	3	0
0804A5A5	0804B341	3	0
0804A615	0804B3B1	3	0
0804A6A5	0804B441	3	0
0804A7C1	0804B55D	3	0
0804A9A5	0804B745	3	0
0804AA89	0804B829	3	0
0804AAFD	0804B89D	1	0
0804ABCD	0804B96D	1	0
0804ACC5	0804BA65	1	0
0804AEC5	0804BC65	1	0
0804AF5D	0804BCFD	1	0
0804B191	0804BF31	1	0
0804B1C1	0804BF61	1	0
0804B251	0804BFF1	1	0
0804B279	0804C019	1	0
0804B3B1	0804C151	2	0
0804B3D1	0804C171	1	0
0804B409	0804C1A9	1	0
0804B43D	0804C1DD	1	0
0804B481	0804C221	1	0
0804B519	0804C2B9	1	0
0804B555	0804C2F5	1	0
0804B5E1	0804C381	1	0
0804B605	0804C3A5	1	0
0804B625	0804C3C5	1	0
0804B6AD	0804C44D	1	0
0804B6B9	0804C459	1	0
0804B6F5	0804C495	2	0
0804B709	0804C4A9	1	0
0804B71D	0804C4BD	1	0
0804B76D	0804C50D	1	0
0804B801	0804C5A1	1	0
0804B851	0804C5F1	1	0
0804B8D1	0804C671	1	0
0804B921	0804C6C1	19	0
0804B92D	0804C6CD	12	0
0804C02D	0804CDCD	1	0
0804C079	0804CE19	1	0
0804C12D	0804CECD	1	0
0804C149	0804CEE9	3	0
0804C179	0804CF19	1	0
0804C189	0804CF29	2	0
0804C195	0804CF35	2	0
0804C1B9	0804CF59	2	0
0804C1D9	0804CF79	1	0
0804C1E5	0804CF85	1	0
0804C31D	0804D0BD	2	0
0804C3A9	0804D149	6	0
0804C4F9	0804D299	4	0
0804C591	0804D331	4	0
0804CA99	0804CA99	1	0
0804D2A5	0804E039	1	0
0804D37D	0804E111	1	0
0804D3DD	0804E171	1	0
0804D6B5	0804E449	3	0
0804D859	0804E5ED	5	0
0804D8A5	0804E639	5	0
0804D8C9	0804E65D	2	0
0804D8DD	0804E671	5	0
0804D941	0804E6D1	2	0
0804E560	0804E560	1	0
0804E885	0804F611	4	0
0804EB69	0804F8F5	1	0
0804EF39	0804FCC5	1	0
0804EF71	0804FCFD	1	0
0804F449	080501BD	16	0
0804F451	080501C5	2	0
0804F455	080501C9	3	0
0804F459	080501CD	3	0
0804F521	08050295	5	0
0804F60D	08050381	2	0
0804F62D	080503A1	2	0
0804F96D	080506E1	1	0
0804FD00	0804FD00	1	0
0804FF3E	0804FF3E	1	0
08050004	08050004	1	0
08050101	08050101	1	0
08050175	08050EE9	1	0
08050180	08050180	1	0
080502B1	08051025	1	0
080503ED	08051161	1	0
08050401	08051175	1	0
08050601	08051335	1	0
08050804	08050804	1	0
08050905	08050905	1	0
08050941	08051675	1	0
08050B09	0805183D	1	0
0805101D	0805101D	1	0
08051B20	08051B20	1	0
08052F64	08052F64	1	0
0805309E	0805309E	1	0
08055CF1	08056C79	1	0
08055DF5	08056D7D	1	0
08055F01	08056E89	1	0
08055FA1	08056F29	1	0
08055FE9	08056F71	1	0
08056025	08056FAD	1	0
08056079	08057001	1	0
080560F1	08057079	1	0
08056171	080570F9	1	0
080561C9	08057151	1	0
08056229	080571B1	1	0
08056289	08057211	1	0
08056311	08057299	1	0
08056391	08057319	1	0
08056485	0805740D	1	0
08057DC8	08058C14	1	0
08057E1C	08058C68	1	0
08057E24	08058C70	1	0
08057E2C	08058C78	1	0
08057E34	08058C80	1	0
08057E3C	08058C88	1	0
08057E44	08058C90	1	0
08057E4C	08058C98	1	0
08057E54	08058CA0	1	0
08057E5C	08058CA8	1	0
08057E64	08058CB0	1	0
08057E6C	08058CB8	1	0
08057E74	08058CC0	1	0
08057E7C	08058CC8	1	0
08057E84	08058CD0	1	0
08057E8C	08058CD8	1	0
08057E94	08058CE0	1	0
08057E9C	08058CE8	1	0
08057EA4	08058CF0	1	0
08057EAC	08058CF8	1	0
08057EB4	08058D00	1	0
08057EBC	08058D08	1	0
08057EF0	08058D3C	1	0
08057F44	08058D90	1	0
08057F4C	08058D98	1	0
08057F54	08058DA0	1	0
08057F5C	08058DA8	1	0
08057F64	08058DB0	1	0
08057F6C	08058DB8	1	0
08057F74	08058DC0	1	0
08057F7C	08058DC8	1	0
08057F84	08058DD0	1	0
08057F8C	08058DD8	1	0
08057F94	08058DE0	1	0
08057F9C	08058DE8	1	0
08057FA4	08058DF0	1	0
08057FAC	08058DF8	1	0
08057FB4	08058E00	1	0
08057FBC	08058E08	1	0
08057FC4	08058E10	1	0
08057FCC	08058E18	1	0
08057FD4	08058E20	1	0
08057FDC	08058E28	1	0
08057FE4	08058E30	1	0
0805A280	0805B024	1	0
0805A2A8	0805B04C	2	0
0805A2AC	0805B050	8	0
0805D4B9	0805E5B9	1	0
0805E925	0805FA25	1	0
0805E969	0805FA69	1	0
0805E9B1	0805FAB1	1	0
0805E9E5	0805FAE5	1	0
0805EA4D	0805FB4D	1	0
0805FE69	08060F69	1	0
08060001	08060001	1	0
08060101	08060101	1	0
08060160	08060160	1	0
08060300	08060300	1	0
080603D0	080603D0	1	0
08060665	08061765	1	0
0806067D	0806177D	2	0
080606D9	080617D9	2	0
08060735	08061835	2	0
08060805	08060805	1	0
08060806	08060806	6	0
0806088D	0806198D	1	0
08062661	08063761	1	0
0806281F	0806281F	1	0
08062935	08063A35	1	0
08062969	08063A69	3	0
08062989	08063A89	1	0
08062FA5	080640A5	1	0
08062FBD	080640BD	1	0
08062FF9	080640F9	1	0
08063035	08064135	1	0
08063071	08064171	1	0
080630AD	080641AD	1	0
080630E9	080641E9	1	0
08063125	08064225	1	0
08063161	08064261	1	0
0806319D	0806429D	1	0
080631D9	080642D9	1	0
08063469	08064569	2	0
080635E0	080635E0	1	0
0806454D	08065659	1	0
08064569	08065675	1	0
080645FD	08065709	1	0
0806464D	08065759	1	0
08066B41	08068EDD	1	0
08066BBD	08068F59	1	0
08066C1D	08068FB9	1	0
08068000	08068000	1	0
0806935D	0806B685	1	0
080693CD	0806B6F5	1	0
08069401	0806B729	1	0
0806971C	0806BA44	1	0
08069734	0806BA5C	1	0
0806973C	0806BA64	1	0
08069744	0806BA6C	1	0
0806974C	0806BA74	1	0
08069754	0806BA7C	1	0
0806975C	0806BA84	1	0
08069794	0806BABC	1	0
080697AC	0806BAD4	1	0
080697B4	0806BADC	1	0
080697BC	0806BAE4	1	0
080697C4	0806BAEC	1	0
080697CC	0806BAF4	1	0
080697D4	0806BAFC	1	0
0806A17B	0806A17B	1	0
0806A7C5	0806CAE9	1	0
0806A8E9	0806CC0D	1	0
0806A9C5	0806CCE9	1	0
0806AAA1	0806CDC5	1	0
0806B64D	0806D971	1	0
0806B665	0806D989	1	0
0806B939	0806DC5D	1	0
0806B941	0806DC65	1	0
0806BACD	0806DDF1	1	0
0806CEC5	0806F1E9	1	0
0806CF11	0806F235	1	0
0806CF5D	0806F281	1	0
0806CFC5	0806F2E9	1	0
0806D011	0806F335	1	0
0806D05D	0806F381	1	0
0806E611	08070BED	1	0
0806E639	08070C15	1	0
0806E6E1	08070C95	1	0
0806E79D	08070D51	1	0
0806E869	08070E1D	1	0
0806E8A5	08070E59	1	0
0806E905	08070EB9	4	0
0806EF65	08071515	1	0
0806F5E1	08071B91	1	0
0806F6D5	08071C85	1	0
0806F6ED	08071C9D	1	0
0806F865	08071E15	1	0
0806F87D	08071E2D	1	0
0806FC51	08072201	1	0
0806FCD9	08072289	1	0
0806FD75	08072325	1	0
0806FEA5	08072455	1	0
0806FED5	08072485	1	0
0806FF01	080724B1	1	0
0806FF49	080724F9	1	0
08070018	08070018	1	0
08070083	08070083	1	0
080700CD	0807267D	1	0
080701A1	08072751	1	0
08070601	08070601	1	0
08070605	08070605	1	0
08070800	08070800	1	0
080708FD	08072EA5	1	0
0807096D	08072F15	1	0
080709CD	08072F75	1	0
080709ED	08072F95	1	0
08070A15	08072FBD	1	0
08070AE5	0807308D	1	0
08071011	08071011	1	0
08071022	08071022	1	0
080710BC	080710BC	1	0
080710E1	080710E1	1	0
080711BA	080711BA	1	0
08071390	08071390	1	0
08071818	08071818	1	0
08071B20	08071B20	1	0
08071D20	08071D20	1	0
08072C2D	08072C2D	1	0
080730CD	080730CD	1	0
080739E1	08075EC9	1	0
08073A4D	08075F35	1	0
08073CE9	08076171	1	0
08073E19	080762A1	1	0
08073E49	080762D1	1	0
08073E8D	08076315	1	0
08073FB5	0807643D	1	0
08073FE1	08076469	1	0
08074041	080764C9	1	0
080740C9	08076551	1	0
0807411D	080765A5	1	0
0807419D	08076625	1	0
080741CD	08076655	1	0
080742BD	08076745	1	0
080742ED	08076775	1	0
080742F9	08076781	1	0
080743C1	08076849	1	0
08074545	08076981	1	0
08074A55	08076E8D	1	0
0807606D	0807848D	2	0
08076089	080784A9	1	0
080760B1	080784D1	1	0
080760ED	0807850D	1	0
08076115	08078535	1	0
08076151	08078571	1	0
08076179	08078599	1	0
080761B5	080785D5	1	0
080761DD	080785FD	1	0
0807621D	0807863D	2	0
0807624D	0807866D	2	0
08076251	08078671	1	0
08076291	080786B1	2	0
080762D1	080786F1	1	0
080765CD	080789ED	1	0
080765E5	08078A05	1	0
08076641	08078A61	1	0
0807669D	08078ABD	1	0
080766E5	08078B05	1	0
08076799	08078BB9	1	0
080767F5	08078C15	1	0
0807680D	0807680D	1	0
08076819	08078C39	1	0
080768A1	08078CC1	1	0
080768F9	08078D19	1	0
08076A85	08078EA5	1	0
08076C11	08079031	2	0
08076C35	08079055	2	0
08076C55	08079075	2	0
08076D61	08079181	2	0
08076DE9	08079209	2	0
08076E01	08079221	2	0
08076F09	08079329	1	0
08076F29	08079349	1	0
08076F49	08079369	1	0
08076FD1	080793F1	1	0
08076FD5	080793F5	1	0
080773BD	080797E1	1	0
080773E5	08079809	1	0
08077461	08079885	1	0
0807759D	080799C1	1	0
080775E9	08079A0D	1	0
0807766D	08079A91	1	0
08077679	08079A9D	1	0
08077DC9	0807A1ED	1	0
08077E65	0807A289	1	0
08077E6D	0807A291	1	0
08077E9D	0807A2C1	1	0
08078034	08078034	1	0
08078739	0807AB5D	2	0
080787FD	0807AC21	1	0
08078811	0807AC35	1	0
08078825	0807AC49	1	0
08079031	0807B445	1	0
08079091	0807B4A5	1	0
080790A5	0807B4B9	8	0
080790FE	0807B512	4	0
08079114	0807B528	1	0
08079140	0807B554	1	0
08079148	0807B55C	1	0
08079150	0807B564	1	0
08079158	0807B56C	1	0
08079160	0807B574	1	0
08079164	0807B578	2	0
08079619	0807BA2D	1	0
080799A1	0807BDB5	1	0
080799A9	0807BDBD	3	0
080799C9	0807BDDD	2	0
080799ED	0807BE01	1	0
08079A11	0807BE25	1	0
08079A51	0807BE65	1	0
0807A0E5	0807C4D9	2	0
0807A195	0807C589	1	0
0807A1FD	0807C5F1	1	0
0807A709	0807CAC1	1	0
0807A72D	0807CAE5	1	0
0807A795	0807CB4D	1	0
0807A801	0807CBB9	2	0
0807A80D	0807CBC5	1	0
0807A895	0807CC4D	1	0
0807A8F1	0807CCA9	2	0
0807A905	0807CCBD	2	0
0807A941	0807CCF9	5	0
0807A95D	0807CD15	1	0
0807A985	0807CD3D	1	0
0807AA01	0807CD9D	2	0
0807AA4D	0807CDE9	1	0
0807AADD	0807CE79	3	0
0807ABB9	0807CF55	1	0
0807ACAD	0807D005	1	0
0807ACD1	0807D029	1	0
0807AD09	0807D061	1	0
0807AD1D	0807D075	1	0
0807AF09	0807AF09	1	0
0807AFD1	0807D2F9	1	0
0807AFE1	0807D309	1	0
0807B071	0807D39D	4	0
0807B235	0807D5B5	1	0
0807B255	0807D5D5	1	0
0807B275	0807D5F5	1	0
0807B295	0807D615	1	0
0807B2B5	0807D635	4	0
0807B465	0807D7AD	1	0
0807BBB9	0807DF01	2	0
0807BBF1	0807DF39	3	0
0807BC01	0807DF49	1	0
0807BCA9	0807DFF1	1	0
0807BEF9	0807E23D	1	0
0807BF55	0807E299	1	0
0807C007	0807C007	1	0
0807C02D	0807E371	1	0
0807C0DD	0807E421	1	0
0807C0F9	0807E43D	1	0
0807C14D	0807E491	1	0
0807C1AD	0807E4F1	1	0
0807C211	0807E555	1	0
0807C4F1	0807E835	1	0
0807C569	0807E8AD	1	0
0807C681	0807E9C5	1	0
0807CAA9	0807EDED	1	0
0807CAD1	0807EE15	1	0
0807CB05	0807EE49	1	0
0807CD61	0807F0A5	1	0
0807CDB9	0807F0FD	1	0
0807CE19	0807F15D	1	0
0807CE79	0807F1BD	1	0
0807D09D	0807F3E1	1	0
0807D0FD	0807F441	1	0
0807D1B5	0807F4F9	1	0
0807D39D	0807F6E1	1	0
0807D3B5	0807F6F9	1	0
0807D3CD	0807F711	1	0
0807D40D	0807F751	1	0
0807D441	0807F785	1	0
0807D465	0807F7A9	1	0
0807D51D	0807F861	1	0
0807D57D	0807F8C1	1	0
0807D671	0807F9B5	1	0
0807D819	0807FB5D	1	0
0807D861	0807FBA5	1	0
0807D945	0807FC89	1	0
0807D9B9	0807FCFD	1	0
0807DA2D	0807FD71	11	0
0807DA69	0807FDAD	3	0
0807DBE5	0807FF29	1	0
0807DCA9	0807FFE9	1	0
0807DD0D	0808004D	1	0
0807DD75	080800B5	1	0
0807DDC9	08080109	1	0
0807E119	08080459	1	0
0807E17D	080804BD	1	0
0807E1B1	080804F1	1	0
0807E22D	0808056D	1	0
0807E28D	080805CD	1	0
0807E335	08080675	1	0
0807E391	080806D1	1	0
0807E405	08080745	1	0
0807E449	08080789	1	0
0807E4D1	08080811	1	0
0807E585	080808C5	1	0
0807E5F1	08080931	1	0
0807E79D	08080ADD	2	0
0807E7C5	08080B05	2	0
0807E7E1	08080B21	1	0
0807E8B1	08080BF1	1	0
0807E935	08080C75	1	0
0807EC20	08080F60	1	0
0807EC44	08080F84	1	0
0807EC48	08080F88	1	0
0807EC64	08080FA4	1	0
0807EC80	08080FC0	1	0
0807EC9C	08080FDC	1	0
0807ECB8	08080FF8	1	0
0807ECD4	08081014	1	0
0807ECF0	08081030	1	0
0807ED0C	0808104C	1	0
0807EDED	0808112D	1	0
0807EE75	080811B5	2	0
0807F125	08081465	1	0
0807F191	080814D1	1	0
0807F1AD	080814ED	1	0
0807F30D	0808164D	1	0
0807F355	08081695	1	0
0807F39D	080816DD	1	0
0807F479	080817B9	1	0
0807F48D	080817CD	1	0
0807F53D	0808187D	1	0
0807F549	08081889	1	0
0807F55D	0808189D	1	0
0807F58D	080818CD	1	0
0807F5ED	0808192D	1	0
0807F759	08081A99	1	0
0807F789	08081AC9	1	0
0807F89D	08081BDD	1	0
0807F965	08081CA5	1	0
0807FAA1	08081DE1	1	0
0807FBCD	08081F0D	1	0
0807FC59	08081F99	1	0
0807FCA9	08081FE9	1	0
0807FCE5	08082025	1	0
0807FDC9	08082109	1	0
0807FE0D	0808214D	1	0
0807FF65	0807FF65	1	0
0807FFF1	08082331	1	0
08080006	08080006	1	0
08080007	08080007	1	0
08080008	08080008	1	0
08080009	08080009	1	0
08080039	08082379	1	0
08080051	08082391	1	0
080800D4	080800D4	1	0
080800DF	080800DF	1	0
08080117	08080117	1	0
08080139	08082479	1	0
08080208	08080208	1	0
08080289	080825C9	1	0
080802E3	080802E3	1	0
0808038D	080826CD	1	0
080803D9	08082719	1	0
08080404	08080404	2	0
08080409	08080409	1	0
08080655	08082995	1	0
08080661	080829A1	1	0
08080708	08080708	4	0
08080731	08082A71	1	0
080807C9	08082B09	1	0
08080808	08080808	39	0
0808082F	0808082F	2	0
08080891	08082BD1	1	0
08080901	08082C41	1	0
080809D9	08082D19	1	0
08080B19	08082E59	1	0
08080B85	08082EC5	1	0
08080C20	08080C20	1	0
08080F08	08080F08	1	0
08080F0F	08080F0F	2	0
08081079	080833B9	1	0
08081101	08083441	1	0
0808110F	0808110F	1	0
080811AD	080834ED	1	0
08081279	080835B9	10	0
0808129D	080835DD	10	0
080812C1	08083601	1	0
080813C1	08083701	1	0
080813F9	08083739	2	0
080814D5	08083815	8	0
08081535	08083875	8	0
08081595	080838D5	1	0
080815C1	08083901	12	0
080815ED	0808392D	2	0
0808161D	0808395D	8	0
08081915	08083C55	8	0
08081931	08083C71	2	0
08081971	08083CB1	1	0
080819A9	08083CE9	1	0
080819C9	08083D09	1	0
080819E9	08083D29	1	0
08081A09	08083D49	1	0
08081B71	08083EB1	1	0
08081BCD	08083F0D	1	0
08081BF9	08083F39	1	0
08081C19	08083F59	1	0
08081C35	08083F75	1	0
08081C75	08083FB5	1	0
08081C95	08083FD5	1	0
08081CD5	08084015	2	0
08081CF9	08084039	1	0
08081D1D	0808405D	1	0
08081D41	08084081	1	0
08081D85	080840C5	1	0
08081DE1	08084121	1	0
08081E05	08084145	1	0
08081E49	08084189	8	0
08081E55	08084195	8	0
08081E61	080841A1	1	0
080829A0	080829A0	1	0
08082F08	08082F08	3	0
08082F2F	08082F2F	2	0
08083831	08085B69	1	0
08083835	08085B6D	1	0
08083865	08085B9D	1	0
080838AD	08085BE5	1	0
080838FD	08085C35	1	0
08083939	08085C71	1	0
08083979	08085CB1	1	0
0808398D	08085CC5	1	0
080839C9	08085D01	1	0
08083A11	08085D49	1	0
08083A59	08085D91	1	0
08083AA5	08085DDD	1	0
08083B25	08085E4D	1	0
08083B29	08085E51	1	0
08083B2D	08085E55	1	0
08083B59	08085E81	1	0
08083B99	08085EC1	1	0
0808445D	08086731	1	0
08084591	0808685D	1	0
08084963	08084963	1	0
08085375	08087641	1	0
08085389	08087655	1	0
080853B1	0808767D	1	0
080853D1	0808769D	1	0
080853FD	080876C9	1	0
08085409	080876D5	1	0
08085619	080878E5	1	0
08085655	08085655	1	0
08085671	0808793D	1	0
08085971	08087C3D	1	0
0808597D	08087C49	1	0
080859ED	08087CB9	1	0
08085ACD	08087D99	1	0
08085B31	08087DFD	1	0
08085B59	08087E25	1	0
08085BB5	08087E81	1	0
08085C65	08087F31	2	0
08085C71	08087F3D	1	0
08085E08	08085E08	1	0
08085E49	08088115	1	0
08085E95	08088161	1	0
08085F0C	08085F0C	1	0
08085F85	08088251	1	0
08085F89	08088255	1	0
08085FFF	08085FFF	1	0
0808609D	08088369	1	0
08086101	080883CD	1	0
08086135	08088401	1	0
0808613D	08088409	1	0
0808622D	080884F9	1	0
080862C5	08088591	1	0
0808635D	08088629	1	0
0808679D	08088A6D	1	0
08086DBD	08089079	10	0
08087BF1	08089E7D	1	0
08087C05	08089E91	1	0
08087C35	08089EC1	1	0
08087CC1	08089F4D	1	0
08087D00	08087D00	1	0
08087D25	08089FB1	1	0
08087D99	0808A025	1	0
08087DF9	0808A085	1	0
08087E29	0808A0B5	1	0
08087F49	0808A1D5	1	0
08087FE1	0808A26D	1	0
08088015	0808A2A1	1	0
080880DD	0808A369	1	0
080881AD	0808A439	1	0
080881C5	0808A451	1	0
080881FD	0808A489	1	0
080882E5	0808A571	1	0
08088355	0808A5E1	1	0
08088385	0808A611	1	0
0808844D	0808A6D9	1	0
080884B1	0808A73D	1	0
08088671	0808A8FD	1	0
0808873D	0808A9C9	1	0
080888B5	0808AB41	1	0
08088908	08088908	1	0
0808890D	0808AB99	1	0
08088A01	0808AC8D	5	0
08088A2D	0808ACB9	1	0
08088B41	0808ADCD	5	0
08088B95	0808AE21	4	0
08088CFD	0808AF89	1	0
08088D3D	0808AFC9	1	0
08088D65	0808AFF1	1	0
08088DB9	0808B045	1	0
08089008	08089008	1	0
0808903D	0808B2C9	3	0
08089321	0808B5AD	1	0
08089F59	0808C269	1	0
08089FCD	0808C2DD	1	0
0808A00D	0808C31D	1	0
0808A407	0808A407	1	0
0808A849	0808CB59	1	0
0808A87D	0808CB8D	1	0
0808A8AD	0808CBBD	1	0
0808A908	0808A908	1	0
0808B09D	0808D3AD	1	0
0808B179	0808D489	1	0
0808B789	0808DA99	1	0
0808B7B9	0808DAC9	2	0
0808B805	0808DB15	1	0
0808B845	0808DB55	1	0
0808B871	0808DB81	1	0
0808B929	0808DC39	1	0
0808BCF9	0808DFF9	1	0
0808BE71	0808E171	1	0
0808C009	0808C009	1	0
0808CCA1	0808EF9D	1	0
0808CCC9	0808EFC5	1	0
0808CD75	0808F071	1	0
0808CE51	0808F14D	1	0
0808CE9D	0808F199	1	0
0808CEC9	0808F1C5	1	0
0808D13D	0808F439	1	0
0808D151	0808F44D	3	0
0808D815	0808FAFD	1	0
0808D871	0808FB59	1	0
0808D97D	0808FC65	1	0
0808D9B9	0808FCA1	1	0
0808D9FD	0808FCE5	1	0
0808DAA1	0808FD89	1	0
0808DF25	0809020D	2	0
0808E3D5	080906A9	2	0
0808E4AD	08090781	2	0
0808E609	080908DD	2	0
0808E71D	080909F1	2	0
0808E749	08090A1D	1	0
0808EBD5	08090EA9	1	0
0808EF65	08091239	1	0
0808EF6D	08091241	1	0
0808EFA9	0809127D	1	0
0808F009	080912DD	1	0
0808F04D	08091321	1	0
0808F085	08091359	1	0
0808F0C5	08091399	1	0
0808F0ED	080913C1	1	0
0808F285	08091559	5	0
0808F8B5	08091B89	1	0
0808FF11	080921F1	1	0
0808FF19	080921F9	1	0
0808FF9D	0809227D	1	0
08090015	080922F5	1	0
08090083	08090083	1	0
08090621	080928F9	4	0
080906AD	08092985	4	0
080906D9	080929B1	4	0
08090705	08090705	1	0
08090800	08090800	4	0
08090803	08090803	1	0
08090808	08090808	1	0
08091181	08093459	4	0
08091AB5	08093DAD	4	0
08091AED	08093DE5	4	0
08091C01	08093EF9	4	0
08091CC1	08093FB9	3	0
08091D55	0809404D	3	0
08091F11	08094209	3	0
08092007	08092007	1	0
08095BD9	08097EB9	1	0
08095BE9	08097EC9	1	0
08095BF5	08097ED5	1	0
08096425	08098709	1	0
0809643D	08098721	1	0
08096469	0809874D	1	0
08096495	08098779	1	0
080964F5	080987D9	1	0
0809656D	08098851	1	0
08096591	08098875	1	0
08096ABD	08098DA1	1	0
08096BA5	08098E89	1	0
08096BB9	08098E9D	1	0
08096CCD	08098FB1	1	0
08096D11	08098FF5	1	0
08096F45	08099229	1	0
08096F6D	08099251	1	0
08096F99	0809927D	1	0
080973B1	08099695	1	0
080973E5	080996C9	1	0
0809788D	08099B71	1	0
080979DD	08099CC1	1	0
08097AA1	08099D79	1	0
08097CD9	08099FB1	1	0
08098409	0809A6E1	1	0
080985B9	0809A891	6	0
08098601	0809A8D9	1	0
08098621	0809A8F9	7	0
080989BD	0809AC95	6	0
08098CC1	0809AF99	3	0
080990D5	0809B3AD	2	0
08099101	0809B3D9	2	0
08099121	0809B3F9	1	0
080995D5	0809B8AD	6	0
08099655	0809B92D	6	0
080996B1	0809B989	5	0
080996E9	0809B9C1	1	0
08099AF9	0809BDD9	3	0
08099C61	0809BF41	3	0
08099C71	0809BF51	1	0
08099DB9	0809C099	1	0
08099DE9	0809C0C9	1	0
08099E01	0809C0E1	1	0
08099E19	0809C0F9	1	0
08099E31	0809C111	1	0
08099E49	0809C129	1	0
08099E69	0809C149	1	0
0809AE3D	0809D105	1	0
0809AE7D	0809D145	3	0
0809B015	0809D2DD	2	0
0809B039	0809D301	1	0
0809B2DD	0809D5A5	1	0
0809B325	0809D5ED	1	0
0809B371	0809D639	1	0
0809B389	0809D651	1	0
0809B3B5	0809D67D	1	0
0809B40D	0809D6D5	1	0
0809B439	0809D701	1	0
0809B459	0809D721	1	0
0809B479	0809D741	1	0
0809B4C1	0809D789	1	0
0809B4E5	0809D7AD	1	0
0809B505	0809D7CD	1	0
0809B521	0809D7E9	1	0
0809B86D	0809DB31	1	0
0809BB35	0809DDF9	1	0
0809BE25	0809E0E9	1	0
0809C4D9	0809E789	1	0
0809C4E5	0809E795	2	0
0809C821	0809EAC5	1	0
0809C941	0809EBE5	1	0
0809C9F5	0809EC99	1	0
0809CA15	0809ECB9	1	0
0809CB39	0809EDDD	1	0
0809CC61	0809EF05	1	0
0809CC9D	0809EF35	1	0
0809D0D5	0809F371	1	0
0809D17D	0809F419	1	0
0809D1C1	0809F45D	1	0
0809D571	0809F80D	2	0
0809D915	0809FBB5	2	0
0809DA01	0809FCA1	2	0
0809DC71	0809FF11	2	0
0809DCD5	0809FF75	2	0
0809DFB1	080A0251	2	0
0809E055	080A02F5	2	0
0809E185	080A0425	2	0
0809E421	080A06C1	2	0
0809E841	080A0AE1	2	0
0809E975	080A0C15	2	0
0809EA7D	080A0D1D	2	0
0809EAF5	080A0D95	1	0
0809EB15	080A0DB5	1	0
0809EB79	080A0E19	1	0
0809ED8D	080A102D	1	0
0809F0FD	080A139D	2	0
0809F219	080A14B9	1	0
0809F2C5	080A1565	1	0
0809F5F5	080A1895	1	0
0809F689	080A1929	1	0
0809FB35	080A1DD5	1	0
0809FC25	080A1EC5	1	0
0809FD55	080A1FF5	1	0
0809FE59	080A20F9	1	0
080A0084	080A0084	1	0
080A00DD	080A2379	1	0
080A03C5	080A2661	1	0
080A040A	080A040A	1	0
080A0425	080A26C1	1	0
080A0571	080A280D	1	0
080A064D	080A28E9	1	0
080A06F1	080A298D	1	0
080A0C41	080A4A29	1	0
080A10BD	080A4E95	1	0
080A1103	080A1103	1	0
080A1271	080A5049	1	0
080A1555	080A532D	2	0
080A157D	080A5355	1	0
080A15B1	080A5389	1	0
080A1919	080A56F1	1	0
080A1931	080A5709	1	0
080A21D1	080A5F9D	1	0
080A2275	080A6041	1	0
080A2449	080A6215	1	0
080A25F9	080A63C5	1	0
080A26A9	080A6475	2	0
080A2801	080A65CD	1	0
080A286D	080A6639	1	0
080A28E1	080A66AD	1	0
080A294D	080A6719	1	0
080A29C1	080A678D	2	0
080A2AAD	080A6879	2	0
080A2B5D	080A6929	2	0
080A2B7D	080A6949	1	0
080A2BD1	080A699D	1	0
080A3078	080A7ABC	1	0
080A3094	080A7AD8	1	0
080A30A8	080A7AEC	1	0
080A30BC	080A7B00	1	0
080A30D0	080A7B14	1	0
080A30DC	080A7B20	1	0
080A30F0	080A7B34	1	0
080A3104	080A7B48	1	0
080A58B5	080A58B5	1	0
080A7A38	080AC450	1	0
080A7B3C	080AC554	1	0
080A7B40	080AC558	1	0
080A7B4C	080AC564	5	0
080A7B50	080AC568	2	0
080A7B54	080AC56C	1	0
080A7B58	080AC570	1	0
080A7B5C	080AC574	2	0
080A7B60	080AC578	2	0
080A7B64	080AC57C	1	0
080A7B68	080AC580	2	0
080A7B6C	080AC584	1	0
080A7B78	080AC590	1	0
080A7B7C	080AC594	1	0
080A7B80	080AC598	2	0
080A7B8A	080AC5A2	1	0
080A7B96	080AC5AE	5	0
080A7BA2	080AC5BA	3	0
080A7BA6	080AC5BE	1	0
080A7BAA	080AC5C2	1	0
080A7BB4	080AC5CC	1	0
080A7BB8	080AC5D0	2	0
080A7BBC	080AC5D4	1	0
080A7BC0	080AC5D8	1	0
080A7BC4	080AC5DC	2	0
080A7BD0	080AC5E8	3	0
080A7BD4	080AC5EC	1	0
080A7BD8	080AC5F0	1	0
080A7BE2	080AC5FA	12	0
080A7BEE	080AC606	1	0
080A7BF2	080AC60A	6	0
080A7E85	080AC89D	1	0
080A7F1D	080AC935	1	0
080A8021	080ACA39	1	0
080A81B9	080ACBD1	1	0
080A8235	080ACC4D	1	0
080A8411	080ACE29	1	0
080A8569	080ACF81	1	0
080A86CD	080AD0E5	1	0
080A8709	080AD121	1	0
080A8AF1	080AD509	1	0
080A8C2D	080AD645	2	0
080A8CD5	080AD6ED	3	0
080A8F05	080AD91D	2	0
080A8F8D	080AD9A5	1	0
080A9015	080ADA2D	1	0
080A9025	080ADA3D	1	0
080A9495	080ADEA9	2	0
080A96D1	080AE0E5	1	0
080A96DD	080AE0F1	2	0
080A96ED	080AE101	2	0
080A99C1	080AE3D5	1	0
080A9A09	080AE41D	1	0
080A9A19	080AE42D	1	0
080A9A69	080AE47D	1	0
080A9AB1	080AE4C5	1	0
080A9AF5	080AE509	1	0
080A9B45	080AE559	1	0
080A9B91	080AE5A5	1	0
080A9E1D	080AE871	1	0
080AA031	080AEA85	2	0
080AA159	080AEBAD	1	0
080AA1BD	080AEC21	1	0
080AA1ED	080AECD1	2	0
080AA30D	080AEDF1	1	0
080AA459	080AEF3D	1	0
080AA47D	080AEF61	1	0
080AA49D	080AEF81	1	0
080AA4B5	080AEF99	1	0
080AA4F9	080AEFDD	1	0
080AA519	080AEFFD	1	0
080AA551	080AF035	1	0
080AA615	080AF0F9	1	0
080AA659	080AF139	1	0
080AA69D	080AF17D	2	0
080AA6D9	080AF1B9	1	0
080AAA6D	080AF541	1	0
080AAA79	080AF54D	1	0
080AB2A1	080AFD75	1	0
080ABF54	080ABF54	1	0
080AC079	080B0B2D	1	0
080AC1A9	080B0C51	1	0
080AC289	080B0D31	1	0
080AC3DD	080B0E85	1	0
080AC3E1	080B0E89	1	0
080AD435	080B1ED5	1	0
080AD43D	080B1EDD	1	0
080AD5B5	080B2055	4	0
080AD5D9	080B2079	4	0
080AE18D	080B2C09	1	0
080AE201	080B2C7D	1	0
080AE249	080B2CC5	1	0
080AE2A1	080B2D1D	36	0
080AE2B9	080B2D35	45	0
080AE2D1	080B2D4D	34	0
080AE2F5	080B2D71	45	0
080AE751	080B31CD	1	0
080AF525	080B4145	1	0
080AF8A1	080B44C1	1	0
080AFA65	080B4685	1	0
080AFA95	080B46B5	1	0
080AFBBD	080B47D5	2	0
080AFC61	080B4879	2	0
080AFC99	080B48B1	1	0
080AFCE5	080B48FD	2	0
080AFCF9	080B4911	2	0
080AFD49	080B4961	1	0
080AFD5D	080B4975	1	0
080AFDF5	080B4A0D	1	0
080AFE8D	080B4AA5	1	0
080B000A	080B000A	1	0
080B0099	080B0099	1	0
080B0300	080B0300	1	0
080B04BD	080B50D5	1	0
080B04F9	080B5111	1	0
080B05C1	080B51D9	1	0
080B05C5	080B51DD	1	0
080B0ADD	080B56F9	1	0
080B0D39	080B5955	1	0
080B1021	080B5C3D	1	0
080B11CA	080B11CA	1	0
080B1289	080B5EA5	1	0
080B131B	080B131B	1	0
080B1351	080B5F71	1	0
080B13BD	080B5FDD	1	0
080B15E9	080B6209	1	0
080B1621	080B6241	1	0
080B166D	080B628D	1	0
080B1785	080B63A5	1	0
080B1921	080B6541	1	0
080B1939	080B6559	1	0
080B1A09	080B6629	3	0
080B1E04	080B6A1C	1	0
080B1E48	080B6A60	1	0
080B1E7E	080B6A96	1	0
080B1E8C	080B6AA4	1	0
080B1E98	080B6AB0	1	0
080B1EA8	080B6AC0	1	0
080B1EB8	080B6AD0	1	0
080B1EC4	080B6ADC	1	0
080B1ED4	080B6AEC	1	0
080B1EE4	080B6AFC	1	0
080B1EF4	080B6B0C	1	0
080B1F04	080B6B1C	1	0
080B1F14	080B6B2C	1	0
080B1F20	080B6B38	1	0
080B1F30	080B6B48	1	0
080B1F40	080B6B58	1	0
080B1F50	080B6B68	1	0
080B1F5A	080B6B72	1	0
080B1F84	080B6B9C	1	0
080B1FC8	080B6BE0	1	0
080B2030	080B6C48	1	0
080B2048	080B6C60	1	0
080B2060	080B6C78	1	0
080B2078	080B6C90	1	0
080B2090	080B6CA8	1	0
080B209C	080B6CB4	1	0
080B20B4	080B6CCC	1	0
080B20CC	080B6CE4	1	0
080B20E4	080B6CFC	1	0
080B20F5	080B20F5	1	0
080B20FC	080B6D14	1	0
080B2114	080B6D2C	1	0
080B2120	080B6D38	1	0
080B2138	080B6D50	1	0
080B2150	080B6D68	1	0
080B2168	080B6D80	1	0
080B2180	080B6D98	1	0
080B220D	080B6E25	3	0
080B2339	080B2339	1	0
080B2465	080B707D	3	0
080B24AD	080B70C5	1	0
080B24C1	080B70D9	1	0
080B2819	080B7431	1	0
080B2905	080B751D	1	0
080B29D5	080B75ED	1	0
080B29E1	080B75F9	1	0
080B2B8D	080B77A5	1	0
080B2E31	080B7A19	1	0
080B2EA9	080B7A99	1	0
080B2F09	080B7AF9	1	0
080B2F2D	080B7B1D	1	0
080B2F59	080B7B49	1	0
080B2F75	080B7B65	1	0
080B2FD1	080B7BC1	1	0
080B2FF9	080B7BE9	1	0
080B3023	080B3023	1	0
080B3089	080B7C79	1	0
080B31B1	080B7DA1	1	0
080B31ED	080B7DDD	1	0
080B3209	080B7DF9	1	0
080B327D	080B7E6D	1	0
080B32AD	080B7E9D	1	0
080B33E5	080B7FD5	1	0
080B3499	080B8089	1	0
080B37FD	080B83A9	1	0
080B3C51	080B87FD	1	0
080B3D85	080B8931	1	0
080B3E19	080B89C5	1	0
080B3E9D	080B8A49	1	0
080B3EFD	080B8AA9	1	0
080B3F91	080B8B29	1	0
080B432D	080B8EB5	1	0
080B4351	080B8ED9	1	0
080B43A9	080B8F31	1	0
080B4475	080B8FFD	2	0
080B44A9	080B9031	1	0
080B4631	080B91B9	1	0
080B464D	080B91D5	1	0
080B46B1	080B9239	1	0
080B46CD	080B9255	1	0
080B46FD	080B9285	1	0
080B471D	080B92A5	1	0
080B4731	080B92B9	1	0
080B474D	080B92D5	1	0
080B4761	080B92E9	1	0
080B4775	080B92FD	1	0
080B4789	080B9311	1	0
080B47B5	080B933D	1	0
080B4931	080B94B9	1	0
080B49B9	080B9541	1	0
080B49CD	080B9555	1	0
080B49E9	080B9571	1	0
080B49F9	080B9581	1	0
080B4A21	080B95A9	1	0
080B4A41	080B95C9	1	0
080B4A55	080B95DD	1	0
080B4B7D	080B9705	1	0
080B4BB1	080B9739	1	0
080B4BED	080B9775	1	0
080B57A1	080BA325	2	0
080B5971	080BA4F5	1	0
080B5999	080BA51D	1	0
080B59CD	080BA551	1	0
080B59ED	080BA571	1	0
080B5A39	080BA5BD	1	0
080B5A7D	080BA601	1	0
080B5A91	080BA615	1	0
080B5AB5	080BA639	1	0
080B5B01	080BA685	1	0
080B5B19	080BA69D	1	0
080B5B9D	080BA721	1	0
080B5BE5	080BA769	2	0
080B5D5D	080BA8E1	1	0
080B696D	080BB4AD	1	0
080B69D5	080BB515	1	0
080B6AE1	080BB621	2	0
080B6BD9	080BB719	1	0
080B6C01	080BB741	1	0
080B6C15	080BB755	1	0
080B6C95	080BB7D5	1	0
080B6F35	080BBA3D	1	0
080B71DD	080BBC99	1	0
080B723D	080BBCF9	1	0
080B7275	080BBD31	1	0
080B7649	080BC0F5	1	0
080B770D	080BC1B9	1	0
080B7B31	080BC591	1	0
080B8015	080BCECD	1	0
080B8169	080BD021	1	0
080B820D	080BD0D9	1	0
080B8A19	080BD8E1	1	0
080B8A7D	080BD945	1	0
080B8B3D	080BDA05	1	0
080B8BA5	080BDA6D	1	0
080B8E66	080B8E66	1	0
080B8FD5	080BDE9D	1	0
080B9155	080BE01D	10	0
080B9177	080B9177	1	0
080B96DD	080BE579	1	0
080B97F9	080BE695	1	0
080B9805	080BE6A1	1	0
080B9808	080B9808	1	0
080B9809	080B9809	1	0
080B9811	080BE6AD	9	0
080B9821	080BE6BD	1	0
080B982D	080BE6C9	2	0
080B987D	080BE719	1	0
080B989D	080BE739	1	0
080B98A9	080BE745	1	0
080B98F9	080BE795	1	0
080B9919	080BE7B5	1	0
080B9925	080BE7C1	1	0
080B9975	080BE811	1	0
080B9995	080BE831	1	0
080B99A1	080BE83D	1	0
080B9A11	080BE8AD	1	0
080B9A35	080BE8D1	2	0
080B9A59	080BE8F5	1	0
080B9A95	080BE931	1	0
080B9AB1	080BE94D	1	0
080B9AED	080BE989	1	0
080B9B39	080BE9D5	1	0
080B9BA5	080BEA41	1	0
080B9CB1	080BEB4D	1	0
080B9D05	080BEBA1	2	0
080B9D15	080BEBB1	1	0
080B9DB9	080BEC4D	1	0
080B9DC5	080BEC59	1	0
080B9DE1	080BEC75	1	0
080B9E41	080BECD5	1	0
080B9EA5	080BED39	1	0
080B9F09	080BED9D	1	0
080B9F15	080BEDA9	1	0
080B9F25	080BEDB9	1	0
080B9F35	080BEDC9	1	0
080B9F45	080BEDD9	1	0
080B9F55	080BEDE9	1	0
080B9FD5	080BEE69	1	0
080BA2E5	080BF179	1	0
080BA335	080BF1C9	1	0
080BA491	080BF329	1	0
080BA4D1	080BF369	1	0
080BA61D	080BF4B5	1	0
080BA629	080BF4C1	1	0
080BA759	080BF5F5	1	0
080BA765	080BF601	1	0
080BAB01	080BF951	1	0
080BAB0D	080BF95D	1	0
080BBEB5	080C0CF9	1	0
080BBEB9	080C0CFD	1	0
080BBF61	080C0DA5	1	0
080BC0BD	080C0F01	1	0
080BC0F5	080C0F39	1	0
080BC185	080C0FC9	1	0
080BC1B9	080C0FFD	1	0
080BC229	080C106D	1	0
080BC455	080C1299	1	0
080BC491	080C12D5	1	0
080BC4A1	080C12E5	1	0
080BC4AD	080C12F1	1	0
080BC5B5	080C13F5	1	0
080BC635	080C1475	1	0
080BC645	080C1485	1	0
080BC651	080C1491	1	0
080BD2A9	080C20B5	1	0
080BD411	080C221D	1	0
080BD419	080C2225	1	0
080BD445	080C2251	1	0
080BD831	080C261D	1	0
080BD9D9	080C27C5	1	0
080BDA79	080C2865	1	0
080BDACB	080BDACB	1	0
080BEBD5	080C39C1	1	0
080BEC59	080C3A45	1	0
080BECB9	080C3AA5	1	0
080BEDCD	080C3BB9	1	0
080BEDD5	080C3BC1	1	0
080BEF6D	080C3D59	1	0
080BEFB9	080C3DA5	1	0
080BF049	080C3E35	1	0
080BF13D	080C3F29	1	0
080BF15D	080C3F49	5	0
080BF805	080C45E9	1	0
080BF891	080C4675	1	0
080BF8CD	080C46B1	1	0
080BF989	080C476D	1	0
080BFA1D	080C4801	1	0
080BFB4D	080C4931	1	0
080BFB91	080C4975	1	0
080BFBCD	080C49B1	1	0
080BFC45	080C4A29	1	0
080BFD7D	080C4B61	1	0
080BFD81	080C4B65	1	0
080BFEF9	080C4CDD	1	0
080BFFD1	080C4DB5	1	0
080C0000	080C0000	1	0
080C000B	080C000B	1	0
080C0081	080C4E65	1	0
080C00D2	080C00D2	1	0
080C0145	080C4F29	1	0
080C0201	080C0201	1	0
080C0549	080C532D	1	0
080C05AD	080C5391	1	0
080C05C5	080C53A9	2	0
080C05F9	080C53DD	2	0
080C0611	080C53F5	5	0
080C06F1	080C54CD	1	0
080C07B9	080C5589	1	0
080C0800	080C0800	1	0
080C0804	080C0804	1	0
080C0814	080C0814	1	0
080C091F	080C091F	1	0
080C0920	080C0920	1	0
080C0980	080C0980	1	0
080C099C	080C099C	1	0
080C0A01	080C0A01	1	0
080C0C45	080C5A11	1	0
080C0CF5	080C5AC1	1	0
080C0DF1	080C5BBD	1	0
080C0E4D	080C5C19	1	0
080C0E59	080C5C25	1	0
080C0F01	080C5CCD	1	0
080C0FA5	080C5D71	1	0
080C0FB1	080C5D7D	1	0
080C0FE9	080C5DB5	1	0
080C10B9	080C5E85	1	0
080C1471	080C622D	1	0
080C1481	080C623D	1	0
080C1525	080C62E1	1	0
080C1625	080C63E1	1	0
080C18E9	080C66A5	1	0
080C18ED	080C66A9	1	0
080C1921	080C66DD	1	0
080C1A59	080C6815	1	0
080C1E2D	080C6BE9	1	0
080C1E41	080C6BFD	1	0
080C1E55	080C6C11	1	0
080C1E71	080C6C2D	1	0
080C1E8D	080C6C49	1	0
080C1F6D	080C6D25	1	0
080C1FDD	080C6D95	1	0
080C1FE1	080C6D99	1	0
080C205D	080C6E15	1	0
080C2079	080C6E31	1	0
080C2095	080C6E4D	1	0
080C20B1	080C6E69	1	0
080C210D	080C6EC5	1	0
080C214D	080C6F05	1	0
080C224D	080C7005	1	0
080C2321	080C70D9	1	0
080C2399	080C7151	1	0
080C2710	080C2710	1	0
080C2729	080C74E1	1	0
080C2751	080C7509	1	0
080C2805	080C75BD	1	0
080C28C5	080C767D	1	0
080C28DD	080C7695	1	0
080C2965	080C771D	1	0
080C29F9	080C77B1	2	0
080C2A1D	080C77D5	1	0
080C2E71	080C7C29	1	0
080C2EA5	080C7C5D	1	0
080C2F7D	080C7D35	2	0
080C2F9D	080C7D55	1	0
080C3125	080C7EDD	1	0
080C31A9	080C7F61	1	0
080C31C5	080C7F7D	1	0
080C31E1	080C7F99	1	0
080C31FD	080C7FB5	2	0
080C3221	080C7FD9	1	0
080C3245	080C7FFD	1	0
080C3265	080C801D	2	0
080C3281	080C8039	1	0
080C32E5	080C809D	1	0
080C3351	080C8109	1	0
080C35C5	080C837D	1	0
080C35ED	080C83A5	1	0
080C383B	080C383B	1	0
080C3AB9	080C8871	1	0
080C3B41	080C88F9	1	0
080C3D25	080C8ADD	1	0
080C3D5D	080C8B15	1	0
080C3D9D	080C8B55	1	0
080C3DAD	080C8B65	1	0
080C3E81	080C8C39	1	0
080C3E95	080C8C4D	5	0
080C3EC5	080C8C7D	1	0
080C3EC9	080C8C81	1	0
080C3EDD	080C8C95	1	0
080C3F05	080C8CBD	1	0
080C3F25	080C8CDD	1	0
080C3F89	080C8D41	1	0
080C3FB5	080C8D6D	1	0
080C3FE1	080C8D99	1	0
080C40B1	080C8E69	1	0
080C40B9	080C8E71	1	0
080C412D	080C8EE5	1	0
080C4159	080C8F11	1	0
080C4185	080C8F3D	1	0
080C41E5	080C8F9D	1	0
080C4461	080C9219	1	0
080C4665	080C941D	1	0
080C46E5	080C949D	1	0
080C46F1	080C94A9	1	0
080C4702	080C4702	1	0
080C4739	080C94F1	1	0
080C47B1	080C9569	1	0
080C47F5	080C95AD	1	0
080C4945	080C96FD	1	0
080C4C3D	080C99F5	12	0
080C4C61	080C9A19	2	0
080C4CD1	080C9A89	1	0
080C4DA1	080C9B59	2	0
080C4E19	080C9BD1	1	0
080C4EC5	080C9C7D	1	0
080C4F61	080C9D19	1	0
080C501D	080C9DD5	2	0
080C50A1	080C9E59	1	0
080C5105	080C9EBD	1	0
080C51A9	080C9F61	1	0
080C5219	080C9FD1	1	0
080C5329	080CA0E1	1	0
080C5371	080CA129	1	0
080C538D	080CA145	1	0
080C5401	080CA1B9	1	0
080C540D	080CA1C5	1	0
080C55A5	080CA375	1	0
080C55B9	080CA389	1	0
080C55CD	080CA39D	1	0
080C56F5	080CA4C5	1	0
080C5849	080CA619	1	0
080C5871	080CA641	1	0
080C58CD	080CA69D	1	0
080C5A45	080CA839	1	0
080C5AF1	080CA8E5	1	0
080C5BD5	080CA9C9	1	0
080C5C65	080CAA59	1	0
080C5DF1	080CABE5	1	0
080C5E61	080CAC55	1	0
080C5EA1	080CAC95	1	0
080C5F2D	080CAD21	1	0
080C5F85	080CAD79	1	0
080C5FB5	080CADA9	1	0
080C5FE9	080CADDD	1	0
080C6091	080CAE85	1	0
080C6105	080CB015	1	0
080C6205	080CB115	1	0
080C62DD	080CB229	1	0
080C6355	080CB2A1	1	0
080C63C5	080CB311	1	0
080C63D1	080CB31D	1	0
080C6A55	080CB961	1	0
080C6C25	080CBB31	1	0
080C6EF9	080CBE05	1	0
080C6F11	080CBE1D	1	0
080C6F71	080CBE7D	1	0
080C7051	080CBF5D	1	0
080C71C1	080CC0CD	1	0
080C73B1	080CC2C1	1	0
080C76C9	080CC5D9	1	0
080C7901	080CC811	1	0
080C79F5	080CC905	1	0
080C7A85	080CC995	1	0
080C7AE9	080CCA11	1	0
080C7B81	080CCAC1	1	0
080C7CF9	080CCC51	1	0
080C7F91	080CCEE9	1	0
080C8101	080CD059	1	0
080C8185	080CD0DD	1	0
080C8215	080CD16D	1	0
080C8279	080CD1E9	1	0
080C835D	080CD2E1	1	0
080C84D9	080CD475	1	0
080C8565	080CD501	20	0
080C8691	080CD62D	1	0
080C883D	080CD7D9	1	0
080C8935	080CD8D1	1	0
080C8A21	080CD9BD	1	0
080C8B0D	080CDAA9	1	0
080C8BF9	080CDB95	1	0
080C8CE5	080CDC81	1	0
080C8D31	080CDCCD	1	0
080C8ED5	080CDEC5	1	0
080C9025	080CE015	1	0
080C9101	080CE0F1	1	0
080C9219	080CE209	1	0
080C9331	080CE321	1	0
080C940D	080CE3FD	1	0
080C955D	080CE54D	1	0
080C9639	080CE629	1	0
080C9751	080CE741	1	0
080C98A1	080CE891	1	0
080C99B9	080CE9A9	1	0
080C9A95	080CEA85	1	0
080C9AFD	080CEAC9	1	0
080C9C09	080CEBD5	1	0
080C9C5D	080CEC29	1	0
080C9CAD	080CEC79	1	0
080C9CFD	080CECC9	1	0
080C9D4D	080CED19	1	0
080C9DA1	080CED6D	1	0
080C9DF1	080CEDBD	6	0
080C9E6D	080CEE39	6	0
080C9EE9	080CEEB5	6	0
080C9F7D	080CEF49	6	0
080C9FF9	080CEFC5	6	0
080CA10D	080CF0D9	6	0
080CA3B9	080CF385	6	0
080CA4A5	080CF471	1	0
080CA4DD	080CF4A9	1	0
080CA92D	080CF8F9	1	0
080CA941	080CF90D	12	0
080CAA39	080CFA15	1	0
080CABB1	080CFB8D	1	0
080CAE21	080CFDFD	1	0
080CAF2D	080CFF09	1	0
080CB0A1	080D007D	1	0
080CB20D	080D01E9	1	0
080CB321	080D02FD	1	0
080CB595	080D0571	1	0
080CB6A1	080D067D	1	0
080CB879	080D0855	1	0
080CBA65	080D0A41	1	0
080CBC41	080D0C1D	1	0
080CBD7D	080D0D59	1	0
080CC4AD	080D11C9	1	0
080CC5B5	080D12D1	1	0
080CC629	080D1345	1	0
080CC66D	080D1389	1	0
080CC699	080D13B5	1	0
080CC905	080D1621	1	0
080CC911	080D162D	1	0
080CC941	080D165D	1	0
080CC991	080D16AD	1	0
080CCD49	080D1A51	1	0
080CCF61	080D1C69	1	0
080CD015	080D1D1D	1	0
080CD1D5	080D1ECD	1	0
080CD219	080D1F11	1	0
080CD295	080D1F8D	1	0
080CD2CD	080D1FC5	1	0
080CD2F9	080D1FF1	1	0
080CD331	080D2029	1	0
080CD619	080D2309	1	0
080CD67D	080D236D	1	0
080CD6B1	080D23A1	1	0
080CD791	080D2481	1	0
080CD7FD	080D24ED	1	0
080CD899	080D2589	1	0
080CD8F9	080D25E9	1	0
080CD959	080D2649	1	0
080CD9B9	080D26A9	1	0
080CDA2D	080D271D	1	0
080CDA39	080D2729	1	0
080CDD79	080D2A75	1	0
080CDDD5	080D2AD1	1	0
080CDDD9	080D2AD5	1	0
080CDDF1	080D2AED	1	0
080CDE75	080D2B71	1	0
080CDE99	080D2B95	1	0
080CDEA9	080D2BA5	1	0
080CE149	080D2E45	2	0
080CE249	080D2F45	1	0
080CE28D	080D2F89	1	0
080CE2E5	080D2FE1	3	0
080CE2F1	080D2FED	1	0
080CE415	080D3111	2	0
080CE589	080D3285	1	0
080CE95D	080D3659	1	0
080CE9E9	080D36E5	1	0
080CECB1	080D39AD	2	0
080CEF11	080D3C0D	2	0
080CEFD5	080D3CD1	2	0
080CF449	080D4141	2	0
080CF54D	080D4245	1	0
080CFB69	080D4861	1	0
080CFDD1	080D4AC9	1	0
080CFE45	080D4B3D	1	0
080D0045	080D4D3D	1	0
080D00AD	080D4DA5	1	0
080D00C1	080D4DB9	1	0
080D040D	080D040D	1	0
080D040E	080D040E	1	0
080D0671	080D5369	1	0
080D0808	080D0808	1	0
080D080C	080D080C	4	0
080D0A55	080D574D	1	0
080D0B1D	080D5815	1	0
080D0BD1	080D58C9	1	0
080D0C79	080D5971	1	0
080D0D31	080D5A29	1	0
080D1204	080D1204	1	0
080D13F1	080D60E9	1	0
080D1549	080D6241	1	0
080D1669	080D6361	1	0
080D16E5	080D63E1	1	0
080D1725	080D6421	1	0
080D1765	080D6461	1	0
080D17B1	080D64AD	1	0
080D1B20	080D1B20	8	0
080D25A0	080D25A0	1	0
080D317B	080D317B	1	0
080D3EB1	080D8AED	1	0
080D4021	080D8C5D	2	0
080D5001	080D5001	1	0
080D566D	080DA2A9	1	0
080D56A1	080DA2DD	1	0
080D56E1	080DA31D	2	0
080D5721	080DA35D	1	0
080D751C	080DC15C	1	0
080D76C7	080D76C7	1	0
080D779C	080DC3DC	1	0
080D77B4	080DC3F4	2	0
080D77BC	080DC3FC	1	0
080D79C4	080DC5F4	1	0
080D7ADC	080DC788	1	0
080D7AEC	080DC798	1	0
080D7AF4	080DC7A0	1	0
080D7B18	080DC7C4	1	0
080D7B20	080DC7CC	1	0
080D7CB8	080DC9EC	46	0
080D7EE4	080DCC18	1	0
080D7F08	080D7F08	1	0
080D7FAC	080DCCE0	1	0
080D7FC8	080DCCFC	1	0
080D80D0	080DCDAC	1	0
080D80DC	080DCDB8	1	0
080D8178	080DCE54	1	0
080D8660	080DD33C	1	0
080D8664	080DD340	2	0
080D8668	080DD344	1	0
080D866C	080DD348	2	0
080D8670	080DD34C	1	0
080D8674	080DD350	1	0
080D8724	080DD400	1	0
080D872C	080DD408	1	0
080D8738	080DD414	1	0
080D8740	080DD41C	1	0
080D9E48	080DEE20	1	0
080D9E8C	080DEE64	1	0
080D9E94	080DEE6C	1	0
080D9EB4	080DEE74	1	0
080D9F10	080DEED0	1	0
080D9FBC	080DEFA8	1	0
080D9FC4	080DEFB0	1	0
080D9FCC	080DEFB8	1	0
080DA2D8	080DF2C4	1	0
080DA2E4	080DF2D0	1	0
080DA2F0	080DF2DC	5	0
080DA39C	080DF388	1	0
080DAD54	080DFD64	1	0
080DAD68	080DFD78	1	0
080DAEF0	080DFF00	1	0
080DCB48	080E1BBC	1	0
080DCFC4	080E2038	1	0
080DCFD8	080E204C	1	0
080DD4B0	080E2524	1	0
080DD6B0	080E2724	1	0
080DD6D0	080E2744	1	0
080DDCCD	080DDCCD	1	0
080DDD30	080E2DA4	1	0
080DDE68	080E2EDC	1	0
080DDE78	080E2EEC	1	0
080DDF10	080E2F84	1	0
080DE004	080E3078	1	0
080DE014	080E3088	1	0
080DE1AC	080E3220	1	0
080DE76C	080E3A68	1	0
080DE780	080E3A7C	1	0
080DEE48	080E4144	1	0
080DEF54	080E4250	1	0
080DF344	080E4640	1	0
080DF358	080E4654	1	0
080DF618	080E49F8	1	0
080DF718	080E4AF8	1	0
080DF938	080E4D18	1	0
080E0011	080E0011	1	0
080E040C	080E040C	1	0
080E0F17	080E0F17	1	0
080E1394	080E6774	1	0
080E13A2	080E6782	1	0
080E13B4	080E6794	1	0
080E150C	080E150C	1	0
080E15DC	080E69BC	1	0
080E1680	080E6A60	1	0
080E180D	080E180D	1	0
080E1B08	080E1B08	1	0
080E4040	080E4040	1	0
080E4300	080E4300	1	0
080E440D	080E440D	1	0
080E829C	080ED67C	1	0
080E82A8	080ED688	1	0
080E83BC	080ED79C	1	0
080EB41D	080EB41D	1	0
080EBAE7	080EBAE7	1	0
080F0160	080F0160	1	0
080F080E	080F080E	1	0
080F0F08	080F0F08	1	0
080F103F	080F103F	1	0
080F1530	080F1530	1	0
080F15CB	080F15CB	1	0
080F1B22	080F1B22	1	0
080F3205	080F3205	1	0
080F65A7	080F65A7	1	0
080F6C01	080F6C01	1	0
080F70EF	080F70EF	1	0
080FA00F	080FA00F	1	0
08100000	08100000	1	0
08100024	08100024	1	0
0810002D	0810002D	1	0
08100032	08100032	1	0
08100102	08100102	1	0
08100125	08100125	1	0
08100300	08100300	1	0
08100310	08100310	1	0
08100381	08100381	1	0
08100414	08100414	1	0
08100824	08100824	1	0
08100D20	08100D20	1	0
08101762	08101762	1	0
08101B29	08101B29	1	0
08101C00	08101C00	1	0
08102203	08102203	1	0
08102379	08102379	1	0
08102400	08102400	1	0
0810254A	0810254A	1	0
08102580	08102580	4	0
08102802	08102802	1	0
0810325B	0810325B	1	0
08103344	08103344	1	0
081033E6	081033E6	1	0
08104113	08104113	1	0
08104308	08104308	1	0
08104400	08104400	1	0
081044AD	081044AD	1	0
08104811	08104811	1	0
08104F00	08104F00	1	0
08105555	08105555	1	0
08105708	08105708	1	0
08105755	08105755	1	0
08105760	08105760	1	0
08105F61	08105F61	1	0
08106740	08106740	2	0
081067F2	081067F2	1	0
0810803B	0810803B	1	0
08108808	08108808	1	0
08108889	08108889	1	0
08109703	08109703	1	0
08109F70	08109F70	1	0
0810A710	0810A710	1	0
0810AAAA	0810AAAA	1	0
0810BBA6	0810BBA6	1	0
0810BC0C	0810BC0C	1	0
0810BCCC	0810BCCC	1	0
0810C022	0810C022	1	0
0810C510	0810C510	1	0
0810C791	0810C791	1	0
0810CD10	0810CD10	1	0
0810E009	0810E009	1	0
0810ED03	0810ED03	1	0
0810EFA0	0810EFA0	1	0
0810F704	0810F704	1	0
0810F929	0810F929	1	0
0810FD41	0810FD41	2	0
0810FE01	0810FE01	1	0
0810FF09	0810FF09	1	0
08110007	08110007	1	0
081100F9	081100F9	1	0
08110111	08110111	2	0
08110300	08110300	1	0
08111111	08111111	2	0
08111180	08111180	16	0
08111188	08111188	1	0
081111E2	081111E2	1	0
08111818	08111818	1	0
081118BB	081118BB	1	0
081118D6	081118D6	1	0
08111D88	08111D88	1	0
08113004	08113004	1	0
08113678	08113678	1	0
08113711	08113711	1	0
08113E66	08113E66	1	0
08113F09	08113F09	1	0
0811554C	0811554C	1	0
08116646	08116646	1	0
08117E08	08117E08	1	0
08118081	08118081	1	0
08118118	08118118	1	0
08118C02	08118C02	1	0
0811909A	0811909A	1	0
08119FBB	08119FBB	1	0
0811B711	0811B711	1	0
0811B972	0811B972	1	0
0811BBB5	0811BBB5	1	0
0811C007	0811C007	1	0
0811D1DE	0811D1DE	1	0
0811D37F	0811D37F	1	0
0811DA66	0811DA66	1	0
0811DCA7	0811DCA7	1	0
0811E911	0811E911	1	0
08120011	08120011	1	0
08120100	08120100	1	0
08120224	08120224	1	0
081203CF	081203CF	1	0
08120520	08120520	1	0
08120912	08120912	1	0
08121350	08121350	1	0
08122F12	08122F12	1	0
08123111	08123111	1	0
08124700	08124700	1	0
08125F10	08125F10	1	0
0812877A	0812877A	1	0
08129888	08129888	1	0
0812A11E	0812A11E	1	0
0812B201	0812B201	1	0
08130414	08130414	1	0
08131FD0	08131FD0	1	0
081321D1	081321D1	1	0
081322AA	081322AA	1	0
081322BC	081322BC	1	0
08132B6B	08132B6B	1	0
0813581A	0813581A	1	0
081368EF	081368EF	1	0
08139708	08139708	1	0
08139713	08139713	1	0
08140904	08140904	1	0
081412E2	081412E2	1	0
08142212	08142212	1	0
0814385A	0814385A	1	0
08143A33	08143A33	1	0
08143B04	08143B04	1	0
08145920	08145920	1	0
08147477	08147477	1	0
08148734	08148734	1	0
0814BCCA	0814BCCA	1	0
08151A00	08151A00	1	0
08155777	08155777	1	0
08156003	08156003	1	0
0815A72C	0814929C	1	0
0815D488	0814D088	1	0
0815D704	0815D704	1	0
0816080C	0816080C	1	0
0816111C	0816111C	1	0
08161221	08161221	1	0
0817000C	0817000C	1	0
08170300	08170300	1	0
08170816	08170816	1	0
08171000	08171000	1	0
081710D5	081710D5	1	0
08171623	08171623	1	0
08172424	08172424	1	0
08176311	08176311	1	0
08177841	08177841	1	0
08178178	08178178	1	0
08178818	08178818	1	0
08180011	08180011	1	0
08180034	08180034	1	0
08180064	08180064	1	0
0818074C	0818074C	1	0
08181818	08181818	6	0
08182F13	08182F13	1	0
08185818	08185818	1	0
081880FB	081880FB	1	0
08188180	08188180	1	0
08188188	08188188	4	0
08189821	08189821	1	0
0818BFA1	0818BFA1	1	0
0819041A	0819041A	2	0
08190818	08190818	4	0
081911F9	081911F9	1	0
08191D00	08191D00	1	0
08192053	08192053	1	0
08197730	08197730	1	0
08197E08	08197E08	2	0
08198528	08198528	1	0
081A0062	081A0062	1	0
081ACF16	081ACF16	1	0
081B19E0	081B19E0	1	0
081B4004	081B4004	1	0
081B5201	081B5201	1	0
081B5800	081B5800	1	0
081B7110	081B7110	1	0
081B74CB	081B74CB	1	0
081B7828	081A71E0	1	0
081B79D4	081A738C	1	0
081B7AD8	081A7490	1	0
081B7CD4	081A768C	1	0
081B7ECC	081A7884	1	0
081B8088	081A7A40	1	0
081B8258	081A7C10	1	0
081B8364	081A7D1C	1	0
081B8504	081A7EBC	1	0
081B8640	081A7FF8	1	0
081B8678	081A8030	1	0
081B87B0	081A8168	1	0
081B8940	081A82F8	1	0
081B8AA0	081A8458	1	0
081B8BDC	081A8594	1	0
081B8CF0	081A86A8	1	0
081B8E00	081A87B8	1	0
081B8EE8	081A88A0	1	0
081B8FC4	081A897C	1	0
081B9100	081A8AB8	1	0
081B9234	081A8BEC	1	0
081B934C	081A8D04	1	0
081B9460	081A8E18	1	0
081B95A4	081A8F5C	1	0
081B96C8	081A9080	1	0
081B9894	081A924C	1	0
081B9A88	081A9440	1	0
081B9C7C	081A9634	1	0
081B9E70	081A9828	1	0
081BA068	081A9A20	1	0
081BA274	081A9C2C	1	0
081BA3AC	081A9D64	1	0
081BA4EC	081A9EA4	1	0
081BA648	081AA000	1	0
081BA7A8	081AA160	1	0
081BA95C	081AA314	1	0
081BAB20	081AA4D8	1	0
081BAC74	081AA62C	1	0
081BADCC	081AA784	1	0
081BAF24	081AA8DC	1	0
081BB098	081AAA50	1	0
081BB1B8	081AAB70	1	0
081BB2DC	081AAC94	1	0
081BB3B0	081AAD68	1	0
081BB580	081AAF38	1	0
081BB6B4	081AB06C	1	0
081BB7F0	081AB1A8	1	0
081BB910	081AB2C8	1	0
081BBBB8	081AB570	1	0
081BBCAF	081BBCAF	1	0
081BBCD0	081AB688	1	0
081BBDFC	081AB7B4	1	0
081BBF7C	081AB934	1	0
081BC0F0	081ABAA8	1	0
081BC26C	081ABC24	1	0
081BC44C	081ABE04	1	0
081BC568	081ABF20	1	0
081BC674	081AC02C	1	0
081BC774	081AC12C	1	0
081BC918	081AC2D0	1	0
081BCAC4	081AC47C	1	0
081BCBE8	081AC5A0	1	0
081BCDA4	081AC75C	1	0
081BCF54	081AC90C	1	0
081BD08C	081ACA44	1	0
081BD1E0	081ACB98	1	0
081BD2DC	081ACC94	1	0
081BD444	081ACDFC	1	0
081BD5D0	081ACF88	1	0
081BD6FC	081AD0B4	1	0
081BD864	081AD21C	1	0
081BD98C	081AD344	1	0
081BDAD0	081AD488	1	0
081BDBED	081BDBED	1	0
081BDC10	081AD5C8	1	0
081BDD54	081AD70C	1	0
081BDEE4	081AD89C	1	0
081BE048	081ADA00	1	0
081BE1D8	081ADB90	1	0
081BE2EC	081ADCA4	1	0
081BE504	081ADEBC	1	0
081BE714	081AE0CC	1	0
081BE988	081AE340	1	0
081BEB04	081AE4BC	1	0
081BEC84	081AE63C	1	0
081BEDD0	081AE788	1	0
081BEE74	081AE82C	1	0
081BF06C	081AEA24	1	0
081BF29C	081AEC54	1	0
081BF418	081AEDD0	1	0
081BF690	081AF048	1	0
081BF824	081AF1DC	1	0
081BF9B8	081AF370	1	0
081BFB4C	081AF504	1	0
081BFCC0	081AF678	1	0
081BFE34	081AF7EC	1	0
081BFFA8	081AF960	1	0
081C0007	081C0007	2	0
081C0078	081AFA30	1	0
081C014C	081AFB04	1	0
081C022C	081AFBE4	1	0
081C0310	081AFCC8	1	0
081C03EC	081AFDA4	1	0
081C0500	081AFEB8	1	0
081C05D8	081AFF90	1	0
081C0604	081C0604	1	0
081C068C	081B0044	1	0
081C07BC	081B0174	1	0
081C081C	081C081C	1	0
081C0840	081B01F8	1	0
081C0873	081C0873	1	0
081C0918	081C0918	1	0
081C0934	081B02EC	1	0
081C0A70	081B0428	1	0
081C0AFC	081B04B4	1	0
081C0B1C	081B04D4	1	0
081C0B43	081C0B43	1	0
081C1900	081B12B8	1	0
081C194C	081B1304	1	0
081C1998	081B1350	1	0
081C19E4	081B139C	1	0
081C1A30	081B13E8	1	0
081C1A7C	081B1434	1	0
081C1AC8	081B1480	1	0
081C1B14	081B14CC	1	0
081C1B60	081B1518	1	0
081C1BAC	081B1564	1	0
081C1BF8	081B15B0	1	0
081C1C44	081B15FC	1	0
081C1C90	081B1648	1	0
081C1CDC	081B1694	1	0
081C1EC0	081B1878	1	0
081C1ECC	081B1884	1	0
081C1ED8	081B1890	1	0
081C1EE4	081B189C	1	0
081C1EF0	081B18A8	1	0
081C1EFC	081B18B4	1	0
081C1F08	081B18C0	3	0
081C1F14	081B18CC	1	0
081C1F1C	081B18D4	1	0
081C1F24	081B18DC	1	0
081C1F30	081B18E8	1	0
081C1F38	081B18F0	1	0
081C1F44	081B18FC	3	0
081C1F4C	081B1904	1	0
081C1F58	081B1910	3	0
081C1F60	081B1918	1	0
081C1F68	081B1920	1	0
081C1F74	081B192C	1	0
081C1F80	081B1938	1	0
081C1F8C	081B1944	1	0
081C1F98	081B1950	1	0
081C1FA4	081B195C	1	0
081C1FB0	081B1968	1	0
081C1FBC	081B1974	1	0
081C1FC8	081B1980	1	0
081C1FD4	081B198C	1	0
081C1FE0	081B1998	1	0
081C1FEC	081B19A4	1	0
081C1FF8	081B19B0	1	0
081C2004	081B19BC	1	0
081C2010	081B19C8	1	0
081C201C	081B19D4	1	0
081C2028	081B19E0	1	0
081C2034	081B19EC	1	0
081C2040	081B19F8	1	0
081C204C	081B1A04	1	0
081C2058	081B1A10	1	0
081C2064	081B1A1C	1	0
081C2070	081B1A28	1	0
081C207C	081B1A34	1	0
081C2088	081B1A40	1	0
081C2094	081B1A4C	1	0
081C20A0	081B1A58	1	0
081C20AC	081B1A64	1	0
081C20B8	081B1A70	1	0
081C20C4	081B1A7C	1	0
081C20D0	081B1A88	1	0
081C20DC	081B1A94	1	0
081C20E8	081B1AA0	1	0
081C20F4	081B1AAC	1	0
081C2100	081B1AB8	1	0
081C210C	081B1AC4	1	0
081C2118	081B1AD0	1	0
081C2124	081B1ADC	1	0
081C2134	081B1AEC	1	0
081C2144	081B1AFC	1	0
081C2150	081B1B08	1	0
081C215C	081B1B14	1	0
081C2164	081B1B1C	1	0
081C216C	081B1B24	1	0
081C2174	081B1B2C	1	0
081C217C	081C217C	1	1
081C2184	081B1B3C	2	0
081C218C	081B1B44	1	0
081C2194	081B1B4C	1	0
081C21A0	081B1B58	1	0
081C21A8	081B1B60	1	0
081C21B4	081B1B6C	1	0
081C21C0	081B1B78	1	0
081C21CC	081B1B84	1	0
081C21E0	081B1B98	1	0
081C21F4	081B1BAC	1	0
081C2200	081B1BB8	2	0
081C2208	081B1BC0	2	0
081C2218	081B1BD0	2	0
081C2224	081B1BDC	2	0
081C2230	081B1BE8	2	0
081C223C	081B1BF4	2	0
081C2244	081B1BFC	2	0
081C224C	081B1C04	2	0
081C2258	081B1C10	2	0
081C2264	081B1C1C	2	0
081C2270	081B1C28	2	0
081C2278	081B1C30	2	0
081C2288	081B1C40	2	0
081C2294	081B1C4C	2	0
081C22A0	081B1C58	1	0
081C22A8	081B1C60	1	0
081C22B0	081B1C68	1	0
081C22C4	081B1C7C	1	0
081C22D8	081B1C90	1	0
081C22E4	081B1C9C	1	0
081C22F0	081B1CA8	1	0
081C22FC	081B1CB4	1	0
081C2308	081B1CC0	1	0
081C2314	081B1CCC	1	0
081C2320	081B1CD8	1	0
081C232C	081B1CE4	1	0
081C2338	081B1CF0	1	0
081C2344	081B1CFC	1	0
081C2350	081B1D08	1	0
081C235C	081B1D14	1	0
081C2368	081B1D20	1	0
081C2374	081B1D2C	1	0
081C2380	081B1D38	1	0
081C238C	081B1D44	1	0
081C2398	081B1D50	1	0
081C23A4	081B1D5C	1	0
081C23B0	081B1D68	1	0
081C23BC	081B1D74	1	0
081C23C8	081B1D80	1	0
081C23D4	081B1D8C	1	0
081C23E4	081B1D9C	1	0
081C23F4	081B1DAC	1	0
081C2404	081B1DBC	1	0
081C2414	081B1DCC	1	0
081C2424	081B1DDC	1	0
081C242C	081B1DE4	1	0
081C2434	081B1DEC	1	0
081C243C	081B1DF4	1	0
081C2444	081B1DFC	1	0
081C244C	081B1E04	1	0
081C2454	081B1E0C	1	0
081C245C	081B1E14	1	0
081C2464	081B1E1C	1	0
081C246C	081B1E24	1	0
081C2474	081B1E2C	1	0
081C247C	081B1E34	1	0
081C248C	081B1E44	1	0
081C2498	081B1E50	1	0
081C24A8	081B1E60	1	0
081C24B4	081B1E6C	1	0
081C24C0	081B1E78	1	0
081C24CC	081B1E84	1	0
081C24D8	081B1E90	1	0
081C24E4	081B1E9C	1	0
081C24F0	081B1EA8	1	0
081C24FC	081B1EB4	1	0
081C2508	081B1EC0	1	0
081C2514	081B1ECC	1	0
081C2520	081B1ED8	1	0
081C252C	081B1EE4	1	0
081C2538	081B1EF0	1	0
081C2544	081B1EFC	1	0
081C2550	081B1F08	1	0
081C255C	081B1F14	1	0
081C2568	081B1F20	1	0
081C2574	081B1F2C	1	0
081C2580	081B1F38	1	0
081C2588	081B1F40	1	0
081C2590	081B1F48	1	0
081C2598	081B1F50	1	0
081C25A0	081B1F58	1	0
081C25A8	081B1F60	1	0
081C25B0	081B1F68	1	0
081C25B8	081B1F70	1	0
081C25C0	081B1F78	1	0
081C25C8	081B1F80	1	0
081C25D8	081B1F90	1	0
081C25E4	081B1F9C	1	0
081C25F0	081B1FA8	1	0
081C25FC	081B1FB4	1	0
081C2608	081B1FC0	1	0
081C2614	081B1FCC	3	0
081C2624	081B1FDC	1	0
081C2634	081B1FEC	3	0
081C2644	081B1FFC	1	0
081C2654	081B200C	3	0
081C265C	081B2014	1	0
081C2668	081B2020	1	0
081C2670	081B2028	1	0
081C2674	081B202C	1	0
081C2680	081B2038	1	0
081C268C	081B2044	1	0
081C2690	081B2048	3	0
081C2698	081B2050	1	0
081C26A0	081B2058	1	0
081C26AC	081B2064	1	0
081C26B8	081B2070	1	0
081C26C4	081B207C	1	0
081C26CC	081B2084	1	0
081C26D4	081B208C	3	0
081C26E0	081B2098	1	0
081C26F0	081B20A8	1	0
081C26F8	081B20B0	2	0
081C2700	081B20B8	1	0
081C2708	081B20C0	1	0
081C2710	081B20C8	1	0
081C2718	081B20D0	1	0
081C2720	081B20D8	1	0
081C2728	081B20E0	4	0
081C2730	081B20E8	1	0
081C273C	081B20F4	1	0
081C2744	081B20FC	1	0
081C2748	081B2100	1	0
081C2750	081B2108	1	0
081C275C	081B2114	1	0
081C2764	081B211C	1	0
081C276C	081B2124	1	0
081C2774	081B212C	1	0
081C277C	081B2134	1	0
081C2784	081B213C	1	0
081C2798	081B2150	1	0
081C27AC	081B2164	1	0
081C27B8	081B2170	2	0
081C27C4	081B217C	1	0
081C27D0	081B2188	3	0
081C27D8	081B2190	1	0
081C27EC	081B21A4	1	0
081C27F8	081B21B0	1	0
081C2804	081B21BC	1	0
081C2810	081B21C8	1	0
081C281C	081B21D4	1	0
081C2828	081B21E0	1	0
081C2834	081B21EC	1	0
081C2840	081B21F8	1	0
081C284C	081B2204	1	0
081C2858	081B2210	1	0
081C2864	081B221C	1	0
081C2870	081B2228	1	0
081C287C	081B2234	1	0
081C2888	081B2240	1	0
081C2894	081B224C	2	0
081C28A4	081B225C	1	0
081C28B0	081B2268	2	0
081C28BC	081B2274	1	0
081C28C8	081B2280	3	0
081C28D0	081B2288	1	0
081C28D8	081B2290	2	0
081C28E0	081B2298	1	0
081C28F0	081B22A8	3	0
081C28F8	081B22B0	1	0
081C2900	081B22B8	3	0
081C2910	081B22C8	1	0
081C291C	081B22D4	2	0
081C2928	081B22E0	1	0
081C2934	081B22EC	2	0
081C2944	081B22FC	1	0
081C294C	081B2304	1	0
081C2958	081B2310	3	0
081C2964	081B231C	1	0
081C296C	081B2324	1	0
081C2974	081B232C	1	0
081C2984	081B233C	1	0
081C298C	081B2344	1	0
081C2994	081B234C	4	0
081C299C	081B2354	1	0
081C29A4	081B235C	2	0
081C29AC	081B2364	1	0
081C29B4	081B236C	2	0
081C29C0	081B2378	1	0
081C29C8	081B2380	1	0
081C29D0	081B2388	1	0
081C29D8	081B2390	112	0
081C29E8	081B23A0	1	0
081C29F4	081B23AC	1	0
081C2A00	081B23B8	1	0
081C2A08	081B23C0	2	0
081C2A18	081B23D0	1	0
081C2A20	081B23D8	1	0
081C2A30	081B23E8	1	0
081C2A38	081B23F0	4	0
081C2A40	081B23F8	1	0
081C2A48	081B2400	4	0
081C2A58	081B2410	1	0
081C2A60	081B2418	1	0
081C2A6C	081B2424	1	0
081C2A74	081B242C	7	0
081C2A80	081B2438	1	0
081C2A88	081B2440	2	0
081C2A90	081B2448	1	0
081C2A98	081B2450	1	0
081C2AA8	081B2460	1	0
081C2AB0	081B2468	1	0
081C2AB8	081B2470	1	0
081C2AC0	081B2478	1	0
081C2AC8	081B2480	1	0
081C2AD8	081B2490	1	0
081C2AE0	081B2498	1	0
081C2AEC	081B24A4	1	0
081C2AF4	081B24AC	3	0
081C2AFC	081B24B4	1	0
081C2B04	081B24BC	1	0
081C2B0C	081B24C4	1	0
081C2B14	081B24CC	4	0
081C2B1C	081B24D4	1	0
081C2B24	081B24DC	3	0
081C2B2C	081B24E4	1	0
081C2B34	081B24EC	2	0
081C2B3C	081B24F4	1	0
081C2B44	081B24FC	1	0
081C2B58	081B2510	1	0
081C2B60	081B2518	3	0
081C2B70	081B2528	1	0
081C2B78	081B2530	1	0
081C2B80	081B2538	1	0
081C2B88	081B2540	8	0
081C2B98	081B2550	1	0
081C2BA0	081B2558	7	0
081C2BAC	081B2564	1	0
081C2BB4	081B256C	4	0
081C2BBC	081B2574	1	0
081C2BC4	081B257C	2	0
081C2BCC	081B2584	1	0
081C2BD4	081B258C	1	0
081C2C4C	081B2604	1	0
081C2CCC	081B2684	1	0
081C2D44	081B26FC	1	0
081C2D58	081B2710	1	0
081C2D84	081B273C	1	0
081C2DC8	081B2780	1	0
081C2E08	081B27C0	1	0
081C2E4C	081B2804	1	0
081C2EA0	081B2858	1	0
081C2EB0	081B2868	1	0
081C2EBC	081B2874	1	0
081C2ED0	081B2888	1	0
081C2EE0	081B2898	1	0
081C2EF4	081B28AC	1	0
081C2F10	081B28C8	1	0
081C2F20	081B28D8	1	0
081C2F3C	081B28F4	1	0
081C2F48	081B2900	1	0
081C2F58	081B2910	1	0
081C2F6C	081B2924	1	0
081C2F8C	081B2944	1	0
081C2FA0	081B2958	1	0
081C2FB0	081B2968	1	0
081C2FC4	081B297C	1	0
081C3000	081B29B8	1	0
081C3014	081B29CC	1	0
081C3038	081B29F0	1	0
081C3048	081B2A00	1	0
081C3058	081B2A10	1	0
081C306C	081B2A24	1	0
081C307C	081B2A34	1	0
081C3084	081B2A3C	1	0
081C3090	081B2A48	1	0
081C309C	081B2A54	1	0
081C30B8	081B2A70	1	0
081C30CC	081B2A84	1	0
081C30E0	081B2A98	1	0
081C30F0	081B2AA8	1	0
081C3100	081B2AB8	1	0
081C3110	081B2AC8	1	0
081C3124	081B2ADC	1	0
081C3134	081B2AEC	1	0
081C3144	081B2AFC	1	0
081C3158	081B2B10	1	0
081C3168	081B2B20	1	0
081C3178	081B2B30	1	0
081C318C	081B2B44	1	0
081C319C	081B2B54	1	0
081C31AC	081B2B64	1	0
081C31C4	081B2B7C	1	0
081C31D4	081B2B8C	1	0
081C31E4	081B2B9C	1	0
081C31F8	081B2BB0	1	0
081C3218	081B2BD0	1	0
081C322C	081B2BE4	1	0
081C3244	081B2BFC	1	0
081C3258	081B2C10	1	0
081C3268	081B2C20	1	0
081C3278	081B2C30	1	0
081C3284	081B2C3C	1	0
081C3294	081B2C4C	1	0
081C32A0	081B2C58	1	0
081C32B4	081B2C6C	1	0
081C4033	081C4033	1	0
081C5380	081C5380	1	0
081C5770	081C5770	1	0
081C6043	081C6043	1	0
081C73FF	081C73FF	1	0
081CB60C	081CB60C	1	0
081D081C	081D081C	4	0
081D1900	081D1900	1	0
081D409C	081D409C	1	0
081D4444	081D4444	1	0
081D8F57	081D8F57	1	0
081D9CCB	081D9CCB	1	0
081DF0DA	081DF0DA	1	0
081DF0EC	081DF0EC	1	0
081DF0FD	081DF0FD	1	0
081E0000	081E0000	1	0
081E00E4	081E00E4	1	0
081E0420	081E0420	1	0
081E080B	081E080B	1	0
081E0883	081E0883	1	0
081E0C1C	081E0C1C	1	0
081E20DF	081E20DF	1	0
081E23A3	081E23A3	2	0
081EDE20	081EDE20	1	0
081F0080	081F0080	1	0
081F01F1	081F01F1	1	0
081F02C0	081F02C0	1	0
081F0800	081F0800	1	0
081F08DD	081F08DD	1	0
081F1003	081F1003	1	0
081F1080	081F1080	1	0
081F3F59	081F3F59	1	0
081F690B	081F690B	1	0
081FB1FF	081FB1FF	1	0
081FBA84	081FBA84	1	0
081FCD1D	081FCD1D	1	0
081FD02A	081FD02A	1	0
08200020	08200020	1	0
08200056	08200056	1	0
08200410	08200410	1	0
08200700	08200700	1	0
082010ED	082010ED	1	0
08201320	08201320	1	0
08201330	08201330	1	0
08201C37	08201C37	1	0
08201FF8	08201FF8	1	0
08202001	08202001	1	0
08202178	08202178	1	0
08202C07	08202C07	1	0
08205700	081F50B8	1	0
0820570C	081F50C4	1	0
08205714	081F50CC	1	0
08205B68	081F5520	1	0
08205B6C	081F5524	1	0
08205B74	081F554C	3	0
08205BD8	081F55B0	1	0
08205BE4	081F55BC	1	0
08205BF0	081F55C8	1	0
08205BFC	081F55D4	1	0
08205DD4	081F57DC	2	0
08205DE0	081F57E8	1	0
08205E38	081F5868	1	0
08205E48	081F5878	1	0
08205E68	081F5898	3	0
08205E8C	081F58BC	1	0
08205EAC	081F58DC	1	0
08205EB8	081F58E8	1	0
08205EC4	081F58F4	1	0
08205F0C	081F5930	1	0
08205F60	081F5C2C	1	0
08205F70	081F5C3C	1	0
08205FA0	081F5C6C	2	0
082060B0	081F5D7C	7	0
08206450	081F611C	1	0
082064BC	081F6188	1	0
082064D4	081F61A0	1	0
082064E4	081F61B0	1	0
082064F4	081F61C0	2	0
08206504	081F61D0	1	0
0820651C	081F61E8	1	0
08206534	081F6200	1	0
08206544	081F6210	1	0
08206564	081F6230	1	0
0820657C	081F6248	1	0
08206594	081F6260	1	0
082065AC	081F6278	1	0
082065C4	081F6290	1	0
082065DC	081F62A8	1	0
082065F4	081F62C0	1	0
08206604	081F62D0	1	0
0820662C	081F62F8	1	0
0820663C	081F6308	1	0
0820664C	081F6318	1	0
08206664	081F6330	1	0
08206674	081F6340	2	0
082067F4	081F64C0	1	0
08206868	081F6534	1	0
08206870	081F653C	1	0
08206888	081F6554	1	0
082068C4	081F6590	1	0
082068D4	081F65A0	2	0
082068F4	081F65C0	1	0
08206904	081F65D0	1	0
0820690C	081F65D8	1	0
08206920	081F65EC	1	0
0820693C	081F6608	1	0
08206AB4	081F6780	1	0
08206AC4	081F6790	2	0
08206AD4	081F67A0	1	0
08206B50	081F681C	2	0
08206B60	081F682C	1	0
08206B84	081F6850	1	0
08206B90	081F685C	1	0
08207038	081F6CE8	1	0
08207050	081F6D00	1	0
0820706C	081F6D1C	1	0
082070F0	081F6DA4	1	0
08207110	081F6DC4	1	0
08207124	081F6DD8	1	0
08207168	081F6E1C	1	0
0820717C	081F6E30	2	0
08207190	081F6E40	1	0
08207220	081F6ED0	1	0
082072D4	081F6F84	1	0
0820731C	081F6FCC	1	0
082073A0	081F7050	1	0
082073B8	081F7068	1	0
082073F4	081F70A4	1	0
08207404	081F70B4	4	0
0820806E	0820806E	1	0
08209C0C	08209C0C	1	0
0820A832	0820A832	1	0
0820BA20	0820BA20	1	0
0820DF07	0820DF07	1	0
0820E010	0820E010	1	0
0820F622	0820F622	1	0
08210000	08210000	1	0
08210100	08210100	1	0
082101A0	082101A0	1	0
08210422	08210422	1	0
08210731	08210731	1	0
08210803	08210803	1	0
08210820	08210820	1	0
08211117	08211117	1	0
082111BB	082111BB	1	0
08211221	08211221	1	0
082117A0	082117A0	1	0
08212300	08212300	2	0
08212400	08212400	2	0
08213432	08213432	1	0
08213700	08213700	1	0
0821404A	0821404A	1	0
0821520E	0821520E	1	0
08215237	08215237	1	0
08219120	08219120	1	0
0821EF07	0821EF07	1	0
0821F8DA	0821F8DA	1	0
08220000	08220000	1	0
08220001	08220001	1	0
082201A0	082201A0	1	0
08220722	08220722	1	0
08220821	08220821	4	0
08220C02	08220C02	1	0
08220C23	08220C23	1	0
08221B00	08221B00	1	0
08221F5F	08221F5F	1	0
08222258	08222258	1	0
08222336	08222336	1	0
082224EE	082224EE	1	0
08222E8C	08222E8C	1	0
082234CD	082234CD	1	0
08223ACC	08223ACC	1	0
08224083	08224083	1	0
08224404	082140B4	9	0
08224433	08224433	1	0
08224470	08214120	6	0
082244A9	082244A9	1	0
08224601	08224601	1	0
08224D93	08224D93	1	0
08224EF8	08224EF8	1	0
08225208	08225208	1	0
08225355	08225355	1	0
08225F23	08225F23	1	0
08226776	08226776	1	0
0822774F	0822774F	1	0
08227EBF	08227EBF	2	0
08229311	08229311	1	0
08229DDD	08229DDD	1	0
0822BB00	0822BB00	1	0
0822CC85	0822CC85	1	0
0822CCCC	0822CCCC	1	0
0822D6AA	0822D6AA	1	0
0822DEE8	0822DEE8	1	0
08230122	08230122	1	0
082301FF	082301FF	1	0
08230472	08230472	1	0
0823161E	0823161E	1	0
0823221B	0823221B	1	0
082325B3	082325B3	1	0
08235437	08235437	1	0
08238322	08238322	1	0
0823FF19	0823FF19	1	0
08240200	08240200	1	0
08240808	08240808	1	0
08240E58	08240E58	1	0
08243900	08243900	1	0
08243A01	08243A01	1	0
08243A0B	08243A0B	1	0
08244412	08244412	1	0
08245501	08245501	1	0
08246950	08246950	1	0
08247227	08247227	1	0
0825004A	0825004A	1	0
08251668	08251668	1	0
08254A35	08254A35	1	0
082550A0	082550A0	1	0
08255147	08255147	1	0
08260005	08260005	1	0
0826077B	0826077B	1	0
08270000	08270000	1	0
08270008	08270008	1	0
08270400	08270400	1	0
08271000	08271000	1	0
08271520	08271520	1	0
08272222	08272222	1	0
08273826	08273826	1	0
082743C0	082743C0	1	0
08277ABB	08277ABB	1	0
08277B21	08277B21	1	0
08278410	08278410	1	0
0827DF13	0827DF13	1	0
0827F0EF	0827F0EF	1	0
08280008	08280008	1	0
0828003B	0828003B	1	0
08280807	08280807	1	0
08280C0C	08280C0C	1	0
0828100A	0828100A	1	0
08281740	08281740	1	0
08281F80	08281F80	1	0
08282813	08282813	1	0
08289301	08289301	1	0
0828F202	0828F202	1	0
0829002A	0829002A	1	0
0829148F	0829148F	1	0
08292000	08292000	1	0
082927C0	082927C0	1	0
08293222	08293222	1	0
08299920	08299920	1	0
0829AF65	0829AF65	1	0
0829FFAF	0829FFAF	1	0
082A0800	082A0800	1	0
082A2170	082A2170	1	0
082AC4C7	082AC4C7	1	0
082B100F	082B100F	1	0
082B8B3B	082B8B3B	1	0
082B9A9E	082B9A9E	1	0
082BBDBD	082BBDBD	1	0
082BD1B2	082BD1B2	1	0
082C0104	082C0104	1	0
082C0708	082C0708	1	0
082C082B	082C082B	4	0
082C4000	082C4000	1	0
082C6799	082C6799	1	0
082D002C	082D002C	1	0
082D0C2E	082D0C2E	2	0
082D3939	082D3939	1	0
082D6B3D	082D6B3D	1	0
082D7729	082D7729	1	0
082E00AC	082E00AC	1	0
082E082D	082E082D	4	0
082E10FC	082E10FC	1	0
082E1E05	082E1E05	1	0
082E2717	082E2717	1	0
082E6701	082E6701	1	0
082F0030	082F0030	1	0
082F006F	082F006F	1	0
082F00A9	082F00A9	1	0
082F00CF	082F00CF	1	0
082F0120	082F0120	1	0
082F0233	082F0233	1	0
082F0808	082F0808	1	0
082F08FD	082F08FD	1	0
082F1185	082F1185	1	0
082F122E	082F122E	1	0
082F2455	082F2455	1	0
082F2F2F	082F2F2F	1	0
082F582C	082F582C	1	0
082FD030	082FD030	1	0
082FFF22	082FFF22	1	0
083002FD	083002FD	1	0
0830073C	0830073C	1	0
0830083C	0830083C	1	0
08300850	08300850	1	0
083008BC	083008BC	1	0
08300928	08300928	1	0
08300C2C	08300C2C	1	0
08300F02	08300F02	1	0
08300F84	08300F84	1	0
08302055	08302055	1	0
08302214	08302214	1	0
0830273C	0830273C	1	0
08302907	08302907	1	0
08303C03	08303C03	1	0
083047F2	083047F2	1	0
08304901	08304901	1	0
0830B313	0830B313	1	0
0830EE48	0830EE48	1	0
0830FB33	0830FB33	1	0
0831002A	0831002A	2	0
08310320	08310320	1	0
08310721	08310721	1	0
08310731	08310731	1	0
0831131C	0831131C	1	0
0831139E	0831139E	1	0
0831159A	0831159A	1	0
08312366	08312366	1	0
0831303F	0831303F	1	0
08316F02	08316F02	1	0
08317012	08317012	1	0
0831BF20	0831BF20	1	0
0831C001	0831C001	1	0
08320031	08320031	2	0
08321286	08321286	1	0
08322B10	08322B10	1	0
08327231	08327231	1	0
0832B444	0832B444	1	0
0832DE01	0832DE01	1	0
0832E355	0832E355	1	0
0832FF1C	0832FF1C	1	0
08330068	08330068	1	0
08330083	08330083	1	0
08330B40	08330B40	1	0
08331006	08331006	1	0
083311D1	083311D1	1	0
08331E00	08331E00	1	0
08333344	08333344	1	0
08333533	08333533	1	0
0833399B	0833399B	1	0
08333AAB	08333AAB	1	0
08334031	08334031	1	0
08334D58	08334D58	1	0
08336503	08336503	1	0
08336A10	08336A10	1	0
0833766F	0833766F	1	0
08337955	08337955	1	0
08337E08	08337E08	1	0
0833B355	0833B355	1	0
0833EE66	0833EE66	1	0
0833F703	0833F703	1	0
08340020	08340020	1	0
08340930	08340930	1	0
08340940	08340940	1	0
08340AC4	08340AC4	1	0
08341112	08341112	1	0
0834242A	0834242A	1	0
08342F1F	08342F1F	2	0
083432F9	083432F9	1	0
08344040	08344040	1	0
08344568	08344568	1	0
0834466E	0834466E	1	0
08344855	08344855	1	0
08344D66	08344D66	1	0
08345AEF	08345AEF	1	0
08345F18	08345F18	1	0
08346665	08346665	1	0
0834BABA	0834BABA	1	0
0834DDFF	0834DDFF	1	0
0834FF43	0834FF43	1	0
08350300	08350300	1	0
08350837	08350837	1	0
08354989	08354989	1	0
08358622	08358622	1	0
0835BBEE	0835BBEE	1	0
08360008	08360008	1	0
08360936	08360936	1	0
08362DD2	08362DD2	1	0
08363576	08363576	1	0
08363AFF	08363AFF	1	0
0836633B	0836633B	1	0
0836DDDD	0836DDDD	1	0
08370008	08370008	1	0
08370150	08370150	1	0
08376335	08376335	1	0
0837BF00	0837BF00	1	0
0837E073	0837E073	1	0
0837FEF1	0837FEF1	1	0
08380800	08380800	1	0
08381234	08381234	1	0
0838270B	0838270B	1	0
08384300	08384300	1	0
08384483	08384483	1	0
08385720	08385720	1	0
0838DDFF	0838DDFF	1	0
083902C0	083902C0	1	0
08390838	08390838	2	0
08391001	08391001	1	0
083955B5	083955B5	1	0
08397E08	08397E08	1	0
0839D31F	0839D31F	1	0
083A0C3C	083A0C3C	1	0
083AD83D	083AD83D	1	0
083B00CA	083B00CA	1	0
083B0F03	083B0F03	1	0
083B193F	083B193F	2	0
083B1B20	083B1B20	1	0
083BBB44	083BBB44	1	0
083C0810	083C0810	1	0
083C0830	083C0830	1	0
083C08F3	083C08F3	1	0
083C1E00	083C1E00	1	0
083C2F03	083C2F03	2	0
083C3508	083C3508	1	0
083CCBBC	083CCBBC	1	0
083D0008	083D0008	2	0
083D000A	083D000A	1	0
083D233F	083D233F	1	0
083E0110	083E0110	3	0
083E0340	083E0340	1	0
083E0411	083E0411	1	0
083E043F	083E043F	1	0
083E083D	083E083D	1	0
083E1DC0	083E1DC0	1	0
083E355B	083E355B	1	0
083E95E7	083E95E7	1	0
083EEAAA	083EEAAA	1	0
083EFF27	083EFF27	1	0
083EFF5F	083EFF5F	1	0
083F003E	083F003E	1	0
083F083E	083F083E	2	0
083F12EC	083F12EC	1	0
083F1440	083F1440	1	0
083F210C	083F210C	1	0
083F213E	083F213E	1	0
083FF83F	083FF83F	1	0
083FF8E6	083FF8E6	1	0
083FF8F7	083FF8F7	1	0
08400000	08400000	1	0
08400007	08400007	1	0
08400012	08400012	1	0
0840019C	0840019C	1	0
08400300	08400300	1	0
0840052B	0840052B	1	0
08400700	08400700	1	0
0840083F	0840083F	1	0
08400908	08400908	1	0
08400B20	08400B20	1	0
08400BFF	08400BFF	1	0
08401344	08401344	1	0
08401AD2	08401AD2	1	0
08402710	08402710	1	0
08403180	08403180	1	0
08404010	08404010	1	0
0840520E	0840520E	1	0
08406401	08406401	1	0
08407870	08407870	1	0
084078F0	084078F0	1	0
08407970	08407970	1	0
08408800	08408800	1	0
08408B03	08408B03	1	0
08409904	08409904	1	0
0840C000	0840C000	1	0
0841004C	0841004C	1	0
084100D7	084100D7	1	0
08410409	08410409	1	0
08410C63	08410C63	1	0
08411100	08411100	1	0
084113B0	084113B0	1	0
0841187F	0841187F	1	0
08411F4C	08411F4C	1	0
08412211	08412211	1	0
08414331	08414331	1	0
08414556	08414556	1	0
08414A0C	08414A0C	1	0
0841520E	0841520E	1	0
08415A01	08415A01	1	0
08416301	08416301	1	0
08417D1A	08417D1A	1	0
0841F127	0841F127	1	0
08420000	08420000	1	0
08420041	08420041	1	0
08420300	08420300	1	0
08420421	08420421	1	0
08420800	08420800	2	0
08420841	08420841	1	0
08420842	08420842	1	0
08421084	08421084	2	0
08421941	08421941	1	0
08421C84	08421C84	1	0
08422506	08422506	1	0
0842318C	0842318C	1	0
08423DF5	08423DF5	1	0
0842520E	0842520E	1	0
08426398	08426398	1	0
08427C1F	08427C1F	10	0
0842A20D	0842A20D	1	0
08431088	08431088	1	0
08431941	08431941	1	0
08432358	08432358	1	0
08432D89	08432D89	1	0
08433213	08433213	1	0
08433336	08433336	1	0
084333EE	084333EE	1	0
0843440D	0843440D	1	0
08434557	08434557	1	0
08436B01	08436B01	1	0
08437022	08437022	1	0
08438100	08438100	1	0
08440000	08440000	3	0
08440190	08440190	1	0
08440545	08440545	1	0
084409A4	084409A4	1	0
08442570	08442570	1	0
08444044	08444044	1	0
08444366	08444366	1	0
08444403	08444403	1	0
08444421	08444421	1	0
08444E2E	08444E2E	1	0
08444EDD	08444EDD	1	0
08445556	08445556	1	0
084456CD	084456CD	1	0
08445D2D	08445D2D	1	0
08446693	08446693	1	0
08446793	08446793	1	0
08448D45	08448D45	1	0
084492EF	084492EF	1	0
08449800	08449800	1	0
0844A22F	0844A22F	1	0
08450000	08450000	1	0
08450120	08450120	1	0
0845243F	0845243F	1	0
0845346C	0845346C	1	0
08454502	08454502	1	0
0845AC0E	0845AC0E	1	0
08461D47	08461D47	1	0
08462233	08462233	1	0
08463337	08463337	1	0
0846603F	0846603F	1	0
08467A00	08467A00	1	0
08469983	08469983	1	0
08469B03	08469B03	1	0
0846BB42	0846BB42	1	0
08470008	08470008	1	0
0847004B	0847004B	1	0
08470846	08470846	1	0
08471121	08471121	1	0
08472221	08472221	1	0
0847380C	0847380C	1	0
0847942E	0847942E	1	0
08480047	08480047	1	0
08480280	08480280	1	0
084804CE	084804CE	1	0
08480824	08480824	1	0
08481947	08481947	1	0
08482B0A	08482B0A	1	0
084837BD	084837BD	1	0
08483B10	08483B10	1	0
08485048	08485048	1	0
08485290	08485290	1	0
084886D6	084886D6	1	0
08489889	08489889	1	0
0848F811	0848F811	1	0
08490848	08490848	3	0
08491123	08491123	1	0
08491947	08491947	1	0
08494008	08494008	1	0
08494B2F	08494B2F	1	0
08495AAE	08495AAE	1	0
08499888	08499888	1	0
0849B9D6	0849B9D6	1	0
0849C000	0849C000	1	0
0849C601	0849C601	1	0
0849CE5A	0849CE5A	1	0
084A0049	084A0049	1	0
084A0188	084A0188	1	0
084A17E4	084A17E4	1	0
084A73E4	084A73E4	1	0
084B01C5	084B01C5	1	0
084B1337	084B1337	1	0
084B1700	084B1700	1	0
084B44AE	084B44AE	1	0
084B8444	084B8444	1	0
084C0025	084C0025	3	0
084C1A40	084C1A40	1	0
084C431A	084C431A	1	0
084CCCDD	084CCCDD	1	0
084CD001	084CD001	1	0
084D0000	084D0000	1	0
084D3432	084D3432	1	0
084D44AA	084D44AA	1	0
084E3D00	084E3D00	1	0
084E444E	084E444E	1	0
084E5C90	084E5C90	1	0
084EE432	084EE432	1	0
084F027F	084F027F	1	0
084F0449	084F0449	1	0
084F1088	084F1088	1	0
084F2229	084F2229	1	0
084FF448	084FF448	1	0
08500000	08500000	1	0
08500188	08500188	1	0
08500800	08500800	1	0
0850084F	0850084F	3	0
08502531	08502531	1	0
08503201	08503201	2	0
08505704	08505704	1	0
08506713	08506713	1	0
08508010	08508010	1	0
0850C331	0850C331	1	0
08510015	08510015	1	0
08511633	08511633	1	0
08512713	08512713	1	0
085137E7	085137E7	1	0
08515818	08515818	3	0
0851D3E0	0851D3E0	1	0
08520851	08520851	3	0
08524301	08524301	1	0
08527F60	08527F60	1	0
0852880A	0852880A	1	0
0852884A	0852884A	1	0
08530008	08530008	1	0
08530853	08530853	4	0
08530BB1	08530BB1	1	0
08530C54	08530C54	1	0
08530CD4	08530CD4	1	0
08531007	08531007	1	0
08531B00	08531B00	1	0
08533102	08533102	1	0
08534050	08534050	1	0
08534311	08534311	1	0
085343FD	085343FD	1	0
085355CE	085355CE	1	0
08538F05	08538F05	1	0
0854004A	0854004A	1	0
08540100	08540100	1	0
08540300	08540300	1	0
08540800	08540800	1	0
08540853	08540853	1	0
08540E43	08540E43	1	0
08544332	08544332	1	0
08544700	08544700	1	0
08544766	08544766	1	0
0854832D	0854832D	1	0
085488EF	085488EF	1	0
08548A88	08548A88	1	0
0854D50B	0854D50B	1	0
0854F544	0854F544	1	0
08550008	08550008	1	0
085500F3	085500F3	1	0
08550854	08550854	1	0
085511B1	085511B1	1	0
08551F30	08551F30	1	0
08552993	08552993	1	0
08553007	08553007	1	0
08554667	08554667	1	0
08555502	08555502	1	0
08555565	08555565	1	0
08555588	08555588	1	0
08555776	08555776	1	0
085558AA	085558AA	1	0
08555F3F	08555F3F	1	0
0855667F	0855667F	1	0
08556999	08556999	1	0
0855699A	0855699A	1	0
0855877F	0855877F	1	0
0855885F	0855885F	1	0
08559555	08559555	1	0
085595C1	085595C1	1	0
08559FB8	08559FB8	1	0
0855AD07	0855AD07	1	0
0855B41F	0855B41F	1	0
0855BB5F	0855BB5F	1	0
0855E9E9	0855E9E9	1	0
0855F993	0855F993	1	0
08560190	08560190	1	0
08560855	08560855	1	0
08560A76	08560A76	1	0
08562669	08562669	1	0
08566779	08566779	1	0
0856FF44	0856FF44	1	0
08570056	08570056	1	0
08574323	08574323	1	0
08575843	08575843	1	0
085777E6	085777E6	1	0
08578754	08578754	1	0
08580803	08580803	2	0
0858287F	0858287F	1	0
08583500	08583500	1	0
085877C4	08577474	1	0
085877CC	0857747C	2	0
085877D0	08577480	1	0
085877DC	0857748C	1	0
085878F4	085775A4	1	0
085878F8	085775A8	1	0
0858791C	085775CC	7	0
08587948	085775F8	2	0
08587970	08577620	3	0
08587988	08577638	2	0
08587998	08577648	3	0
08588050	08588050	1	0
08588598	08588598	1	0
0858C7EC	0857994C	1	0
0858F6F4	08593F74	1	0
08590754	08590754	1	0
08590858	08590858	2	0
08590B44	08593ECC	1	0
08590F44	085B8CDC	2	0
08590F4C	085B8CE4	7	0
08590F54	085B8CEC	10	0
08590F6C	085B8D04	1	0
08590FEC	085B8D84	1	0
0859100C	085B8DA4	1	0
08591026	085B8DBE	1	0
08591040	085B8DD8	1	0
08591066	085B8DFE	1	0
0859108C	085B8E24	1	0
085910BE	085B8E56	1	0
085910F0	085B8E88	1	0
08591122	085B8EBA	1	0
0859133C	085B90D4	8	0
08591520	085B92B8	1	0
08591F40	085B9D24	31	0
08591F64	085B9D48	1	0
08591F88	085B9D6C	2	0
08591F9C	085B9D80	1	0
08591FA8	085B9D8C	1	0
08591FD8	085B9DBC	8	0
08591FF0	085B9DD4	1	0
08592030	085B9E14	1	0
08592058	085B9E3C	1	0
085920B8	085B9E9C	1	0
08592104	085B9EE8	26	0
08592140	085B9F24	1	0
08592170	085B9F54	1	0
085921C8	085B9FAC	2	0
08592207	08592207	1	0
08592230	085BA014	1	0
08592288	085BA054	1	0
08592300	085BA0C4	2	0
08592348	085BA0FC	1	0
08592380	085BA134	1	0
085923D8	085BA174	1	0
08592420	085BA1B4	1	0
08592468	085BA1F4	1	0
0859A120	085C25A0	1	0
0859A140	085C25C0	1	0
0859A548	085C29C8	15	0
0859A5D0	085C2A50	15	0
0859A9D0	085C2E50	1	0
0859A9D4	085C2E54	5	0
0859ACE8	085C3168	1	0
0859AD28	085C31A8	1	0
0859AE00	085C3280	2	0
0859AE18	085C3298	1	0
0859AEE8	085C3368	1	0
0859AEF8	085C3378	2	0
0859AF40	085C33C0	2	0
0859AF60	085C33E0	2	0
0859AF80	085C3400	1	0
0859B0E0	085C3560	2	0
0859B0F0	085C3570	2	0
0859B108	085C3588	1	0
0859B160	085C35E0	2	0
0859B180	085C3600	1	0
0859B198	085C3618	1	0
0859B340	085C37C0	1	0
0859B578	085C3A58	1	0
0859B73C	085C3C1C	1	0
0859B9A8	085C3E88	2	0
0859BA90	085C3F70	1	0
0859BB04	085C3FE4	1	0
0859BE40	085C4320	1	0
0859BF18	085C43F8	1	0
0859BF84	085C4464	1	0
0859C038	085C43F8	1	0
0859C1A0	085C4680	1	0
0859C278	085C4758	1	0
0859C548	085C4A28	1	0
0859CA34	085C4F14	1	0
0859CE9E	0859CE9E	1	0
0859D8B8	085C5D98	4	0
0859DBA0	085C6080	3	0
0859E166	085C6646	1	0
0859E1B0	085C6690	1	0
0859E248	085C6770	1	0
0859E260	085C6788	1	0
0859E280	085C67A8	1	0
0859E2B0	085C67D8	1	0
0859E308	085C6830	1	0
0859E368	085C6890	1	0
0859E3D0	085C68F8	1	0
0859E438	085C6960	1	0
0859E490	085C69B8	1	0
0859E520	085C6A48	2	0
0859E5A0	085C6AC8	1	0
0859E860	085C6D88	1	0
085A7F30	085D1E38	4	0
085A7F58	085D1E60	1	0
085A812C	085D2034	1	0
085A813C	085D2044	1	0
085A8150	085D2058	1	0
085A8188	085D2090	1	0
085A828C	085D2194	1	0
085A83A4	085D22AC	1	0
085A8400	085D2308	1	0
085A8A70	085D2978	1	0
085A8A74	085D297C	1	0
085A91D8	085D30E0	2	0
085A91E4	085D30EC	2	0
085A92E0	085D31E8	16	0
085A93F0	085D32F8	1	0
085A971C	085D3624	2	0
085A9F08	085A9F08	1	0
085AA26C	085D4310	2	0
085AAA46	085AAA46	1	0
085AAB00	085D4BA4	1	0
085AAB68	085D4C0C	1	0
085AABF0	085D4C94	1	0
085AAC5C	085D4D00	1	0
085AAD34	085D4DD8	1	0
085AAD58	085D4DFC	1	0
085B0025	085B0025	1	0
085B0068	085B0068	1	0
085B0166	085B0166	1	0
085B047F	085B047F	1	0
085B107E	085B107E	2	0
085B520E	085B520E	1	0
085B6430	085E0610	1	0
085B64B8	085E0698	1	0
085B658C	085E076C	1	0
085B6BB4	085E0D94	1	0
085B6BD4	085E0DB4	1	0
085B6BF4	085E0DD4	1	0
085B6C14	085E0DF4	1	0
085B7F10	085B7F10	1	0
085B955C	085E373C	1	0
085B9574	085E3754	1	0
085B958C	085E376C	1	0
085B95A4	085E3784	1	0
085B95BC	085E379C	1	0
085B95D4	085E37B4	1	0
085B9D5C	085E3F8C	1	0
085BC473	085BC473	1	0
085C044C	085C044C	1	0
085C0854	085C0854	1	0
085C085B	085C085B	1	0
085C0900	085C0900	1	0
085C0FBC	085C0FBC	1	0
085C14D5	085C14D5	1	0
085C1800	085C1800	1	0
085C1B00	085C1B00	1	0
085C445D	085C445D	1	0
085C66FC	085C66FC	1	0
085CC3C5	085CC3C5	1	0
085CECCC	085CECCC	1	0
085D0105	085D0105	1	0
085D0170	085D0170	1	0
085D84D4	08602B24	2	0
085D8524	08602B74	2	0
085D8574	08602BC4	2	0
085D85C4	08602C14	2	0
085D8614	08602C64	2	0
085D8664	08602CB4	2	0
085D86B4	08602D04	2	0
085D88AC	08602EFC	2	0
085DD2FF	085DD2FF	1	0
085E085D	085E085D	1	0
085E1720	085E1720	1	0
085E1E02	085E1E02	1	0
085E2B10	085E2B10	1	0
085E408F	085E408F	1	0
085E7B78	085E7B78	1	0
085ED33D	085ED33D	1	0
085EDB00	085EDB00	1	0
085EDBDE	085EDBDE	1	0
085EE323	085EE323	1	0
085F0032	085F0032	1	0
085F10AC	085F10AC	1	0
085F5FBF	085F5FBF	1	0
085F8277	085F8277	1	0
085FA2FF	085FA2FF	1	0
085FFF11	085FFF11	1	0
08600697	08600697	1	0
08600760	08600760	1	0
0860085F	0860085F	1	0
08601108	08601108	1	0
08601F52	08601F52	1	0
08602121	08602121	1	0
08602520	08602520	1	0
086076E0	086076E0	1	0
0860AA02	0860AA02	1	0
08611C0C	08611C0C	1	0
08616555	08616555	1	0
08620350	08620350	1	0
08627A25	08627A25	1	0
0862AAAA	0862AAAA	1	0
0862B954	0862B954	1	0
08630008	08630008	1	0
086300ED	086300ED	1	0
08630862	08630862	4	0
08630F00	08630F00	1	0
0863221A	0863221A	1	0
08632E22	08632E22	1	0
08633F38	08633F38	1	0
08640063	08640063	1	0
08640160	08640160	1	0
08640860	08640860	1	0
08640E48	08640E48	1	0
08640FB8	08640FB8	1	0
086410C9	086410C9	1	0
086414C9	086414C9	2	0
0864150C	0864150C	4	0
08641D0C	08641D0C	1	0
08643700	08643700	1	0
08643E9E	08643E9E	1	0
08644500	08644500	1	0
0864469D	0864469D	1	0
0864CB08	0864CB08	1	0
08650000	08650000	1	0
08650029	08650029	1	0
08650064	08650064	1	0
08650864	08650864	1	0
086510C9	086510C9	1	0
0865190D	0865190D	1	0
08651D2E	08651D2E	1	0
086529B5	086529B5	1	0
0865427C	0865427C	1	0
086546F2	086546F2	1	0
08655303	08655303	1	0
08655434	08655434	1	0
08655555	08655555	1	0
086555F8	086555F8	1	0
0865571F	0865571F	1	0
08655E88	08655E88	1	0
08656064	08656064	1	0
08656530	08656530	1	0
08660065	08660065	2	0
08660300	08660300	2	0
08660741	08660741	1	0
0866080D	0866080D	2	0
08661F05	08661F05	1	0
08662300	08662300	1	0
08663EEE	08663EEE	1	0
08664666	08664666	1	0
086646B0	086646B0	1	0
08665832	08665832	1	0
08665F28	08665F28	1	0
08666462	08666462	1	0
086666EE	086666EE	1	0
08666712	08666712	1	0
08666966	08666966	1	0
086669FD	086669FD	1	0
08666AD6	08666AD6	1	0
08666B57	08666B57	1	0
08667444	08667444	1	0
0866763F	0866763F	1	0
08667766	08667766	1	0
08667E08	08667E08	1	0
0866866A	0866866A	1	0
086688DE	086688DE	1	0
08669998	08669998	1	0
08669C00	08669C00	1	0
0866A805	0866A805	1	0
0866E201	0866E201	1	0
0866F003	0866F003	1	0
0866FF4F	0866FF4F	1	0
08670866	08670866	2	0
08670C68	08670C68	1	0
08671800	08671800	1	0
08671B03	08671B03	1	0
08673EB4	08673EB4	1	0
08674066	08674066	1	0
08675588	08675588	1	0
08675620	08675620	1	0
08677776	08677776	1	0
086789AB	086789AB	1	0
08680067	08680067	1	0
086800B9	086800B9	1	0
08680569	08680569	1	0
0868076C	0868076C	1	0
08680C44	08680C44	1	0
086820FD	086820FD	1	0
0868407E	0868407E	1	0
08689897	08689897	1	0
08690000	08690000	2	0
08691400	08691400	1	0
08691D7A	08691D7A	1	0
08692500	08692500	1	0
08693F18	08693F18	1	0
08694310	08694310	1	0
08698865	08698865	1	0
08698A64	08698A64	1	0
0869B208	0869B208	1	0
0869FFFC	0869FFFC	1	0
086A01A0	086A01A0	1	0
086A0C80	086A0C80	1	0
086A605F	086A605F	1	0
086AAE46	086AAE46	1	0
086B086A	086B086A	2	0
086BBB3E	086BBB3E	1	0
086C006B	086C006B	1	0
086C01C0	086C01C0	1	0
086C0274	086C0274	1	0
086C047C	086C047C	1	0
086C1147	086C1147	1	0
086C2208	086C2208	1	0
086C29B2	086C29B2	1	0
086C8B10	086C8B10	1	0
086D0300	086D0300	1	0
086D086C	086D086C	1	0
086D1100	086D1100	1	0
086DCCBB	086DCCBB	1	0
086DEFAF	086DEFAF	1	0
086E3533	086E3533	1	0
086E4101	086E4101	1	0
086F086E	086F086E	2	0
086F0C91	086F0C91	1	0
086F5DF8	086F5DF8	1	0
086FF255	086FF255	1	0
086FFF70	086FFF70	1	0
08700000	08700000	2	0
087000BC	087000BC	1	0
08700700	08700700	1	0
087018B5	087018B5	1	0
08710870	08710870	1	0
0871771E	0871771E	1	0
08717818	08717818	1	0
0871D424	0871D424	1	0
0872728D	0872728D	1	0
0872797F	0872797F	1	0
0872BE40	0872BE40	1	0
08730300	08730300	1	0
08730800	08730800	1	0
08733003	08733003	1	0
08733A88	08733A88	1	0
087373DC	087373DC	1	0
0873BBBB	0873BBBB	1	0
0873D439	0873D439	1	0
0873D43B	0873D43B	1	0
0873FDCB	0873FDCB	1	0
08740123	08740123	1	0
08740740	08740740	1	0
087407FD	087407FD	1	0
08740870	08740870	1	0
08740873	08740873	1	0
08741467	08741467	1	0
0874EE62	0874EE62	1	0
0874F482	0874F482	1	0
08750008	08750008	1	0
08750874	08750874	1	0
087541D5	087541D5	1	0
08755755	08755755	1	0
08758A1C	087A8F50	1	0
08758A60	087A8F94	1	0
08758FA7	08758FA7	1	0
0875AC45	0875AC45	1	0
0875C111	0875C111	1	0
0875CCC5	0875CCC5	1	0
08760475	08760475	2	0
08760601	08760601	1	0
087606E7	087606E7	1	0
08763219	08763219	1	0
08765556	08765556	1	0
08766555	08766555	1	0
0877006E	0877006E	1	0
08770076	08770076	1	0
08770800	08770800	1	0
08770870	08770870	1	0
08770876	08770876	1	0
08772276	08772276	1	0
08773377	08773377	1	0
08773E10	08773E10	1	0
087755ED	087755ED	1	0
08776067	08776067	1	0
08776432	08776432	1	0
08776443	08776443	1	0
08776655	08776655	1	0
08776B11	08776B11	1	0
08776B6B	08776B6B	1	0
08777715	08777715	1	0
08777717	08777717	1	0
087777B6	087777B6	1	0
08777878	08777878	1	0
08777888	08777888	1	0
087779DD	087779DD	1	0
08778403	08778403	1	0
08778800	08778800	1	0
08778888	08778888	1	0
0877888B	0877888B	1	0
0877942A	0877942A	1	0
08779A98	08779A98	1	0
0877BA7B	0877BA7B	1	0
0877C333	0877C333	1	0
0877DDDD	0877DDDD	1	0
0877EE44	0877EE44	1	0
0877F808	0877F808	1	0
0877FEC8	0877FEC8	1	0
0878006E	0878006E	1	0
087800C2	087800C2	1	0
08780320	08780320	1	0
087808BC	087808BC	1	0
0878109A	0878109A	1	0
087823A0	087823A0	2	0
08787777	08787777	1	0
08788777	08788777	1	0
08790008	08790008	1	0
08790236	08790236	1	0
08790878	08790878	1	0
0879133C	087E5894	1	0
08791520	087E5A78	2	0
08791738	087E5C90	2	0
08791948	087E5EA0	8	0
08791B3C	087E6094	1	0
08791D5C	087E62B4	1	0
08794310	08794310	1	0
08797678	08797678	1	0
087A0079	087A0079	2	0
087A0140	087A0140	1	0
087A4CB2	087A4CB2	1	0
087B087A	087B087A	1	0
087B5557	087B5557	1	0
087C00D5	087C00D5	1	0
087C0878	087C0878	1	0
087C087B	087C087B	1	0
087C08CE	087C08CE	1	0
087D02E5	087D02E5	1	0
087D10A0	087D10A0	1	0
087D5228	087D5228	1	0
087DF3F3	087DF3F3	1	0
087E4F17	087E4F17	1	0
087EBB9B	087EBB9B	1	0
087EFD27	087EFD27	1	0
087F046F	087F046F	1	0
087F07C5	087F07C5	1	0
087F0831	087F0831	1	0
087F0A27	087F0A27	1	0
087F18FF	087F18FF	1	0
087F1A0F	087F1A0F	1	0
087F28C0	087F28C0	1	0
087F28DF	087F28DF	1	0
087F31F2	087F31F2	1	0
087F487F	087F487F	1	0
087F787F	087F787F	1	0
087F85DC	0884CB34	1	0
087F85FC	0884CB54	1	0
087F88A0	0884CDF8	1	0
087F8C88	0884D1E0	1	0
087F914C	0884D6A4	1	0
087F96FC	0884DC54	1	0
087F9CF0	0884E248	1	0
087FA26C	0884E7C4	1	0
087FA7D0	0884ED28	1	0
087FACA8	0884F200	1	0
087FB0E8	0884F640	1	0
087FB490	0884F9E8	1	0
087FB830	0884FD88	1	0
087FBB8C	088500E4	1	0
087FBEE4	0885043C	1	0
087FC288	088507E0	1	0
087FC5F0	08850B48	1	0
087FC940	08850E98	1	0
087FCA6C	08850FC4	1	0
087FCBB8	08851110	1	0
087FCD34	0885128C	1	0
087FCEB8	08851410	1	0
087FD050	088515A8	1	0
087FD1D4	0885172C	1	0
087FD358	088518B0	1	0
087FD4CC	08851A24	1	0
087FD624	08851B7C	1	0
087FD768	08851CC0	1	0
087FD8B0	08851E08	1	0
087FD9EC	08851F44	1	0
087FDB24	0885207C	1	0
087FDC78	088521D0	1	0
087FDDC8	08852320	1	0
087FDF14	0885246C	1	0
087FE03C	08852594	1	0
087FE17C	088526D4	1	0
087FE2D4	0885282C	1	0
087FE434	0885298C	1	0
087FE5AC	08852B04	1	0
087FE71C	08852C74	1	0
087FE898	08852DF0	1	0
087FEA08	08852F60	1	0
087FEB60	088530B8	1	0
087FECA0	088531F8	1	0
087FEDE8	08853340	1	0
087FEF20	08853478	1	0
087FF058	088535B0	1	0
087FF13F	087FF13F	1	0
087FF1AC	08853704	1	0
087FF2F8	08853850	1	0
087FF448	088539A0	14	0
087FF468	088539C0	2	0
087FF87F	087FF87F	1	0
087FF8C0	087FF8C0	1	0
08800000	08800000	1	0
0880006F	0880006F	1	0
08800180	08800180	1	0
08800300	08800300	1	0
088008B0	088008B0	1	0
0880092C	0880092C	1	0
08800BD0	08800BD0	1	0
08801810	08855D68	1	0
08801840	08855D98	1	0
08801858	08855DB0	1	0
08801860	08855DB8	1	0
088018A0	08855DF8	1	0
08801910	08801910	1	0
08803D30	08858288	2	0
08803D60	08803D60	1	0
08803D64	088582BC	2	0
08803D90	088582E8	1	0
08804008	08804008	1	0
08807110	0885B668	3	0
08807341	08807341	1	0
0880760B	0880760B	1	0
08807727	08807727	1	0
08807777	08807777	1	0
08808766	08808766	1	0
088092D9	088092D9	1	0
08809B10	0885E068	46	0
0880BC18	08860170	1	0
0880C7C6	08860D1E	1	0
0880C807	08860D5F	1	0
0880C848	08860DA0	1	0
0880C889	08860DE1	1	0
0880C8CA	08860E22	1	0
0880C90B	08860E63	1	0
0880C94C	08860EA4	1	0
0880C98D	08860EE5	1	0
0880C9CE	08860F26	1	0
0880CA0F	08860F67	1	0
0880CA50	08860FA8	1	0
0880CA91	08860FE9	1	0
0880CAD2	0886102A	1	0
0880CB13	0886106B	1	0
0880CB54	088610AC	1	0
0880CB95	088610ED	1	0
0880CBD6	0886112E	1	0
0880CC17	0886116F	1	0
0880CC58	088611B0	1	0
0880CC99	088611F1	1	0
0880CCDA	08861232	1	0
0880CD1B	08861273	1	0
0880CD5C	088612B4	1	0
0880CD9D	088612F5	1	0
0880CDDE	08861336	1	0
0880CE1F	08861377	1	0
0880CE60	088613B8	1	0
0880CEA1	088613F9	1	0
0880CEE2	0886143A	1	0
0880CF23	0886147B	1	0
0880CF64	088614BC	1	0
0880CFA5	088614FD	1	0
0880CFE6	0886153E	1	0
0880D027	0886157F	1	0
0880D068	088615C0	1	0
0880D0A9	08861601	1	0
0880D0EA	08861642	1	0
0880D12B	08861683	1	0
0880D16C	088616C4	1	0
0880D1AD	08861705	1	0
0880D1EE	08861746	1	0
0880D22F	08861787	1	0
0880D4C6	0880D4C6	1	0
0880DAFF	0880DAFF	1	0
0880DCEF	0880DCEF	1	0
0880F1FF	0880F1FF	1	0
08810CC2	08810CC2	1	0
08810D66	08810D66	1	0
08812200	08812200	1	0
0881752A	0881752A	1	0
08818111	08818111	1	0
0881F603	0881F603	1	0
08820081	08820081	1	0
0882129F	0882129F	1	0
08825B02	08825B02	1	0
0882BA07	0882BA07	1	0
0882C148	0882C148	1	0
0882DBBB	0882DBBB	1	0
088310D4	088310D4	1	0
08831112	08831112	1	0
08834801	08834801	1	0
08835339	08835339	2	0
08835386	08835386	1	0
08835852	08835852	1	0
08835A38	08835A38	1	0
08837E08	08837E08	1	0
08837FC8	08837FC8	1	0
08839317	08839317	1	0
088406B8	088406B8	1	0
088408B3	088408B3	1	0
088408C6	088408C6	1	0
08840900	08840900	2	0
08840908	08840908	1	0
08840924	08840924	1	0
0884092C	0884092C	1	0
08840A48	08840A48	1	0
08840C04	08840C04	1	0
08842197	08842197	1	0
08842231	08842231	1	0
08843900	08843900	1	0
08844501	08844501	1	0
08844732	08844732	1	0
08846607	08846607	1	0
08847901	08847901	1	0
08847E08	08847E08	1	0
08848481	08848481	1	0
0884B5AA	0884B5AA	1	0
0884BCAA	0884BCAA	1	0
0884C510	0884C510	1	0
08850884	08850884	1	0
08853884	08853884	1	0
08854100	08854100	1	0
08854554	08854554	1	0
08858855	08858855	1	0
0885888E	0885888E	1	0
0885BB0B	0885BB0B	1	0
0885C500	0885C500	1	0
0885F099	0885F099	1	0
08860000	08860000	1	0
08860086	08860086	1	0
08860400	08860400	1	0
088608AA	088608AA	1	0
08860CC9	08860CC9	1	0
088610EB	088610EB	4	0
08861B10	08861B10	1	0
0886459A	0886459A	1	0
08865235	08865235	1	0
08866500	08866500	1	0
08870880	08870880	1	0
08870886	08870886	1	0
08870CAB	08870CAB	1	0
0887150C	0887150C	1	0
08871818	08871818	1	0
08871D2F	08871D2F	1	0
08871F10	08871F10	1	0
08872810	08872810	1	0
08874468	08874468	2	0
08875545	08875545	1	0
0887571B	0887571B	1	0
08876311	08876311	1	0
0887659B	0887659B	1	0
08877665	08877665	1	0
08877722	08877722	1	0
08879931	08879931	1	0
0887AA8A	0887AA8A	1	0
08880140	08880140	1	0
08880200	08880200	1	0
088807B8	088807B8	1	0
08880887	08880887	1	0
088808C7	088808C7	1	0
08880A00	08880A00	1	0
08880F10	08880F10	1	0
0888142B	0888142B	1	0
08884311	08884311	1	0
08884443	08884443	1	0
088853DD	088853DD	1	0
0888771C	0888771C	1	0
088877FF	088877FF	1	0
08888429	08888429	1	0
08888660	08888660	1	0
08888766	08888766	1	0
08888800	08888800	1	0
08888880	08888880	4	0
08888888	08888888	5	0
0888888A	0888888A	1	0
088888D3	088888D3	1	0
08889969	08889969	1	0
0888AAA5	0888AAA5	1	0
0888AAAA	0888AAAA	1	0
0888BB0E	0888BB0E	1	0
0888BCED	0888BCED	1	0
0888FC10	0888FC10	1	0
088900F6	088900F6	1	0
08890300	08890300	2	0
08890888	08890888	1	0
08890E3F	08890E3F	1	0
08890EFB	08890EFB	1	0
0889112D	0889112D	2	0
0889216A	0889216A	1	0
08894869	08894869	1	0
0889660C	0889660C	1	0
08896660	08896660	1	0
08897E08	08897E08	1	0
088998CA	088998CA	1	0
08899988	08899988	1	0
0889AA3B	0889AA3B	1	0
0889AABA	0889AABA	1	0
088A2F16	088A2F16	1	0
088AA55A	088AA55A	1	0
088AA888	088AA888	1	0
088ACBC4	0890111C	1	0
088ADEF1	0890247D	1	0
088ADF2A	089024B6	1	0
088ADF39	089024C5	1	0
088B00EE	088B00EE	1	0
088B05F8	08904B84	1	0
088B05F9	088B05F9	1	0
088B0700	088B0700	1	0
088B0890	08904E1C	1	0
088B1123	088B1123	1	0
088B12B9	088B12B9	1	0
088B1667	088B1667	1	0
088B363C	08907BC8	2	0
088B3BC4	0890814C	1	0
088B3BF4	0890817C	1	0
088B3BFC	08908184	1	0
088B3C04	0890818C	1	0
088B3C0C	08908194	1	0
088B3C50	089081D8	1	0
088B3CB8	08908240	1	0
088B3CC0	08908248	1	0
088B3CC8	08908250	1	0
088B3CD0	08908258	1	0
088B3CD8	08908260	1	0
088B3CE0	08908268	1	0
088B3CE8	08908270	1	0
088B3CF0	08908278	1	0
088B3CF8	08908280	1	0
088B3D00	08908288	1	0
088B3D08	08908290	1	0
088B3D10	08908298	1	0
088B3F20	089084A8	1	0
088B3F30	089084B8	1	0
088B3F40	089084C8	1	0
088B3F48	089084D0	1	0
088B3F58	089084E0	1	0
088B3F60	089084E8	1	0
088B4008	08908590	1	0
088B4010	08908598	1	0
088B4058	089085E0	1	0
088B4060	089085E8	1	0
088B4068	089085F0	1	0
088B4070	089085F8	1	0
088B4078	08908600	1	0
088B4080	08908608	1	0
088B4098	08908620	1	0
088B417C	08908704	1	0
088B41B8	08908740	1	0
088B4244	089087CC	1	0
088B424C	089087D4	1	0
088B4254	089087DC	1	0
088B425C	089087E4	1	0
088B4264	089087EC	1	0
088B426C	089087F4	1	0
088B4274	089087FC	1	0
088B427C	08908804	1	0
088B4284	0890880C	1	0
088B428C	08908814	1	0
088B4294	0890881C	1	0
088B429C	08908824	1	0
088B42A4	0890882C	1	0
088B42AC	08908834	1	0
088B42B4	0890883C	1	0
088B42BC	08908844	1	0
088B42C4	0890884C	1	0
088B44D4	08908A5C	1	0
088B44DC	08908A64	1	0
088B44E4	08908A6C	1	0
088B44EC	08908A74	1	0
088B44F4	08908A7C	1	0
088B44FC	08908A84	1	0
088B4504	08908A8C	1	0
088B450C	08908A94	1	0
088B4514	08908A9C	1	0
088B456C	08908AF4	1	0
088B4718	08908CA0	1	0
088B4740	08908CC8	1	0
088B4748	08908CD0	1	0
088B4750	08908CD8	1	0
088B4834	08908DBC	1	0
088B483C	08908DC4	1	0
088B4844	08908DCC	1	0
088B484C	08908DD4	1	0
088B4854	08908DDC	1	0
088B485C	08908DE4	1	0
088B4864	08908DEC	1	0
088B486C	08908DF4	1	0
088B4874	08908DFC	1	0
088B488C	08908E14	1	0
088B4894	08908E1C	1	0
088B489C	08908E24	1	0
088B48A4	08908E2C	1	0
088B48AC	08908E34	1	0
088B48B4	08908E3C	1	0
088B48BC	08908E44	1	0
088B48C4	08908E4C	1	0
088B48CC	08908E54	1	0
088B48D4	08908E5C	1	0
088B48DC	08908E64	1	0
088B48E4	08908E6C	1	0
088B48F4	08908E7C	1	0
088B48FC	08908E84	1	0
088B4CD8	08909260	1	0
088B54F8	08909A80	1	0
088B5500	08909A88	1	0
088B5508	08909A90	1	0
088B5510	08909A98	1	0
088B5518	08909AA0	1	0
088B5520	08909AA8	1	0
088B5528	08909AB0	1	0
088B5530	08909AB8	1	0
088B5538	08909AC0	1	0
088B5578	08909B00	1	0
088B5580	08909B08	1	0
088B5588	08909B10	1	0
088B5590	08909B18	1	0
088B5598	08909B20	1	0
088B55A0	08909B28	1	0
088B55A8	08909B30	1	0
088B55B0	08909B38	1	0
088B55B8	08909B40	1	0
088B55C0	08909B48	1	0
088B55C8	08909B50	1	0
088B55D0	08909B58	1	0
088B55D8	08909B60	1	0
088B55E0	08909B68	1	0
088B55E8	08909B70	1	0
088B55F8	08909B80	1	0
088B5608	08909B90	1	0
088B5618	08909BA0	1	0
088B5620	08909BA8	1	0
088B5628	08909BB0	1	0
088B5860	08909DE8	1	0
088B5A2C	08909FB4	1	0
088B5A34	08909FBC	1	0
088B5A3C	08909FC4	1	0
088B5A44	08909FCC	1	0
088B5E74	0890A3FC	1	0
088B5E7C	0890A404	1	0
088B5E84	0890A40C	1	0
088B5E8C	0890A414	1	0
088B5F4C	0890A4D4	1	0
088B5F54	0890A4DC	1	0
088B5F5C	0890A4E4	1	0
088B5F64	0890A4EC	1	0
088B5F6C	0890A4F4	1	0
088B5F74	0890A4FC	1	0
088B6148	0890A6D0	1	0
088B6170	0890A6F8	1	0
088B6E28	0890B3B0	1	0
088B6E30	0890B3B8	1	0
088B6E38	0890B3C0	1	0
088B6E40	0890B3C8	1	0
088B6E48	0890B3D0	1	0
088B6E50	0890B3D8	1	0
088B6E58	0890B3E0	1	0
088B6E60	0890B3E8	1	0
088B7104	0890B68C	1	0
088B7170	0890B6F8	1	0
088B7178	0890B700	1	0
088B7180	0890B708	1	0
088B7188	0890B710	1	0
088B7190	0890B718	1	0
088B7198	0890B720	1	0
088B7290	0890B818	1	0
088B7298	0890B820	1	0
088B72B8	0890B840	1	0
088B72C0	0890B848	1	0
088B72C8	0890B850	1	0
088B72D0	0890B858	1	0
088B72D8	0890B860	1	0
088B72E8	0890B870	1	0
088B72F0	0890B878	1	0
088B72F8	0890B880	1	0
088B78B4	0890BE3C	1	0
088B78BC	0890BE44	1	0
088B78C4	0890BE4C	1	0
088B78CC	0890BE54	1	0
088B78D4	0890BE5C	1	0
088B78DC	0890BE64	1	0
088B78E4	0890BE6C	1	0
088B7964	0890BEEC	1	0
088B798C	0890BF14	1	0
088B79C8	0890BF50	1	0
088B79F0	0890BF78	1	0
088B7B74	0890C0FC	1	0
088B7B7C	0890C104	1	0
088B7B84	0890C10C	1	0
088B7B8C	0890C114	1	0
088B7B94	0890C11C	1	0
088B7B9C	0890C124	1	0
088B7BA4	0890C12C	1	0
088B7BAC	0890C134	1	0
088B7BB4	0890C13C	1	0
088B7BBC	0890C144	1	0
088B7BC4	0890C14C	1	0
088B7BD4	0890C15C	1	0
088B7BEC	0890C174	1	0
088B7BF4	0890C17C	1	0
088B7FC8	088B7FC8	1	0
088B82D8	0890C860	1	0
088B838C	0890C914	1	0
088B8470	0890C9F8	1	0
088B8478	0890CA00	1	0
088B8480	0890CA08	1	0
088B8488	0890CA10	1	0
088B8490	0890CA18	1	0
088B8498	0890CA20	1	0
088B84A0	0890CA28	1	0
088B84A8	0890CA30	1	0
088B84B0	0890CA38	1	0
088B84C8	0890CA50	1	0
088B84D0	0890CA58	1	0
088B84D8	0890CA60	1	0
088B84E0	0890CA68	1	0
088B84E8	0890CA70	1	0
088B84F0	0890CA78	1	0
088B84F8	0890CA80	1	0
088B8500	0890CA88	1	0
088B8508	0890CA90	1	0
088B8510	0890CA98	1	0
088B8518	0890CAA0	1	0
088B8520	0890CAA8	1	0
088B8528	0890CAB0	1	0
088B8530	0890CAB8	1	0
088B8538	0890CAC0	1	0
088B8745	088B8745	1	0
088B8A18	0890CFA0	1	0
088B8A90	0890D018	1	0
088B8AF4	0890D07C	1	0
088B960C	0890DB94	1	0
088B9624	0890DBAC	1	0
088B976C	0890DCF4	1	0
088B9784	0890DD0C	1	0
088B978C	0890DD14	1	0
088B9794	0890DD1C	1	0
088B979C	0890DD24	1	0
088B97D4	0890DD5C	1	0
088B97FC	0890DD84	1	0
088B9824	0890DDAC	1	0
088B984C	0890DDD4	1	0
088B9864	0890DDEC	1	0
088B9884	0890DE0C	1	0
088B9EAC	0890E420	1	0
088B9EB4	0890E428	1	0
088B9EBC	0890E430	1	0
088B9EC4	0890E438	1	0
088B9ECC	0890E440	1	0
088B9ED4	0890E448	1	0
088B9EDC	0890E450	1	0
088B9EE4	0890E458	1	0
088B9EEC	0890E460	1	0
088B9EF4	0890E468	1	0
088BA088	0890E5FC	1	0
088BA090	0890E604	1	0
088BA098	0890E60C	1	0
088BA0A0	0890E614	1	0
088BA0A8	0890E61C	1	0
088BA0B0	0890E624	1	0
088BA0B8	0890E62C	1	0
088BA0C0	0890E634	1	0
088BA0C8	0890E63C	1	0
088BA0D0	0890E644	1	0
088BA0D8	0890E64C	1	0
088BA0E0	0890E654	1	0
088BA0E8	0890E65C	1	0
088BA0F0	0890E664	1	0
088BA108	0890E67C	1	0
088BA120	0890E694	1	0
088BA128	0890E69C	1	0
088BA130	0890E6A4	1	0
088BA138	0890E6AC	1	0
088BA140	0890E6B4	1	0
088BA148	0890E6BC	1	0
088BA150	0890E6C4	1	0
088BA158	0890E6CC	1	0
088BA8A8	0890EE08	1	0
088BA8B0	0890EE10	1	0
088BA8B8	0890EE18	1	0
088BA8C0	0890EE20	1	0
088BA8C8	0890EE28	1	0
088BA8D0	0890EE30	1	0
088BA8D8	0890EE38	1	0
088BA8E0	0890EE40	1	0
088BA8E8	0890EE48	1	0
088BA8F0	0890EE50	1	0
088BA8F8	0890EE58	1	0
088BA900	0890EE60	1	0
088BA908	0890EE68	1	0
088BA910	0890EE70	1	0
088BA918	0890EE78	1	0
088BA920	0890EE80	1	0
088BA928	0890EE88	1	0
088BA930	0890EE90	1	0
088BA938	0890EE98	1	0
088BA940	0890EEA0	1	0
088BAA9B	088BAA9B	1	0
088BB998	0890FEF8	1	0
088BB9A8	0890FF08	1	0
088BBA3C	0890FF9C	1	0
088BBAA8	08910008	1	0
088BBAB0	08910010	1	0
088BBAB8	08910018	1	0
088BBAC0	08910020	1	0
088BBAC8	08910028	1	0
088BBAD0	08910030	1	0
088BBAD8	08910038	1	0
088BBAE8	08910048	1	0
088BBAF8	08910058	1	0
088BBB00	08910060	1	0
088BBB08	08910068	1	0
088BBB10	08910070	1	0
088BBB18	08910078	1	0
088BBB20	08910080	1	0
088BBB38	08910098	1	0
088BBB50	089100B0	1	0
088BBB68	089100C8	1	0
088BBB78	089100D8	1	0
088BBB88	089100E8	1	0
088BBB98	089100F8	1	0
088BC328	08910888	1	0
088BC330	08910890	1	0
088BC340	089108A0	1	0
088BC348	089108A8	1	0
088BC3C8	08910928	1	0
088BC408	08910968	1	0
088BC428	08910988	1	0
088BC4AC	08910A0C	1	0
088BC4B4	08910A14	1	0
088BC4BC	08910A1C	1	0
088BC4C4	08910A24	1	0
088BC4CC	08910A2C	1	0
088BC560	08910AC0	1	0
088BC568	08910AC8	1	0
088BC570	08910AD0	1	0
088BC5A8	08910B08	1	0
088BC5E8	08910B48	1	0
088BC608	08910B68	1	0
088BCD40	08911278	1	0
088BCD48	08911280	1	0
088BCD50	08911288	1	0
088BCD58	08911290	1	0
088BCD60	08911298	1	0
088BCD68	089112A0	1	0
088BCD70	089112A8	1	0
088BCD78	089112B0	1	0
088BCD80	089112B8	1	0
088BCD88	089112C0	1	0
088BCD90	089112C8	1	0
088BCD98	089112D0	1	0
088BCDA8	089112E0	1	0
088BCDC0	089112F8	1	0
088BCE00	08911338	1	0
088BCE08	08911340	1	0
088BCE18	08911350	1	0
088BCE20	08911358	1	0
088BCE38	08911370	1	0
088BCE48	08911380	1	0
088BCE58	08911390	2	0
088BCF5C	08911480	1	0
088BD1B4	089116D8	1	0
088BD240	08911764	1	0
088BD2B8	089117DC	1	0
088BD308	0891182C	1	0
088BD358	0891187C	1	0
088BD5D8	08911AFC	1	0
088BD5F8	08911B1C	1	0
088BD608	08911B2C	1	0
088BD618	08911B3C	1	0
088BD620	08911B44	1	0
088BD628	08911B4C	1	0
088BD630	08911B54	1	0
088BD638	08911B5C	1	0
088BD640	08911B64	1	0
088BD734	08911C58	1	0
088BD75C	08911C80	1	0
088BD76C	08911C90	1	0
088BD774	08911C98	1	0
088BD784	08911CA8	1	0
088BD9C8	08911EEC	1	0
088BD9D0	08911EF4	1	0
088BD9E8	08911F0C	1	0
088BD9F0	08911F14	1	0
088BD9F8	08911F1C	1	0
088BDAA8	08911FCC	1	0
088BDAC0	08911FE4	1	0
088BDAD8	08911FFC	1	0
088BDC0C	08912130	1	0
088BDD00	08912224	1	0
088BDD18	0891223C	1	0
088BDD28	0891224C	1	0
088BDD30	08912254	1	0
088BDD38	0891225C	1	0
088BDD68	0891228C	1	0
088BDD70	08912294	1	0
088BDD78	0891229C	1	0
088BDD80	089122A4	1	0
088BDD88	089122AC	1	0
088BDD90	089122B4	1	0
088BDD98	089122BC	1	0
088BDDA0	089122C4	1	0
088BDDA8	089122CC	1	0
088BDDB8	089122DC	1	0
088BDDC8	089122EC	1	0
088BDDD0	089122F4	1	0
088BDDD8	089122FC	1	0
088BDDE0	08912304	1	0
088BDDE8	0891230C	1	0
088BDDF0	08912314	1	0
088BDDF8	0891231C	1	0
088BDE00	08912324	1	0
088BDE08	0891232C	1	0
088BDE10	08912334	1	0
088BDE18	0891233C	1	0
088BDE20	08912344	1	0
088BDE28	0891234C	1	0
088BDE30	08912354	1	0
088BDE38	0891235C	1	0
088BDE40	08912364	1	0
088BDE48	0891236C	1	0
088BDE50	08912374	1	0
088BEF10	08913434	1	0
088BEF18	0891343C	1	0
088BEF20	08913444	1	0
088BEF28	0891344C	1	0
088BEF30	08913454	1	0
088BEF38	0891345C	1	0
088BEF40	08913464	1	0
088BEF48	0891346C	1	0
088BEF60	08913484	1	0
088BEF80	089134A4	1	0
088BEF88	089134AC	1	0
088BEF90	089134B4	1	0
088BF0EC	089135E8	1	0
088BF4D4	089139D0	1	0
088C0033	088C0033	1	0
088C01F0	089146EC	1	0
088C01F8	089146F4	1	0
088C0208	08914704	1	0
088C0218	08914714	1	0
088C0220	0891471C	1	0
088C0228	08914724	1	0
088C0230	0891472C	1	0
088C0240	0891473C	1	0
088C0248	08914744	1	0
088C0258	08914754	1	0
088C0260	0891475C	1	0
088C0268	08914764	1	0
088C0278	08914774	1	0
088C0288	08914784	1	0
088C0300	088C0300	1	0
088C088B	088C088B	1	0
088C0B4C	088C0B4C	1	0
088C0B58	08915040	1	0
088C0B60	08915048	1	0
088C0B68	08915050	1	0
088C0B70	08915058	1	0
088C0B78	08915060	1	0
088C1710	08915BF8	1	0
088C1754	08915C3C	1	0
088C175C	08915C44	1	0
088C1764	08915C4C	1	0
088C176C	08915C54	1	0
088C1774	08915C5C	1	0
088C177C	08915C64	1	0
088C1784	08915C6C	1	0
088C178C	08915C74	1	0
088C1794	08915C7C	1	0
088C17D4	08915CBC	1	0
088C17DC	08915CC4	1	0
088C17EC	08915CD4	1	0
088C17F4	08915CDC	1	0
088C17FC	08915CE4	1	0
088C1804	08915CEC	1	0
088C180C	08915CF4	1	0
088C1ED4	089163BC	1	0
088C1EDC	089163C4	1	0
088C1EE4	089163CC	1	0
088C1EEC	089163D4	1	0
088C1EF4	089163DC	1	0
088C1EFC	089163E4	1	0
088C1F04	089163EC	1	0
088C1F0C	089163F4	1	0
088C1F14	089163FC	1	0
088C1F1C	08916404	1	0
088C1F24	0891640C	1	0
088C1F2C	08916414	1	0
088C1F34	0891641C	1	0
088C1F3C	08916424	1	0
088C20C0	089165A8	1	0
088C20C8	089165B0	1	0
088C20D0	089165B8	1	0
088C20D8	089165C0	1	0
088C20E0	089165C8	1	0
088C20E8	089165D0	1	0
088C20F0	089165D8	1	0
088C20F8	089165E0	1	0
088C2100	089165E8	1	0
088C2108	089165F0	1	0
088C2110	089165F8	1	0
088C2160	08916648	1	0
088C21A0	08916688	1	0
088C2278	08916760	1	0
088C2290	08916778	1	0
088C22B0	08916798	1	0
088C2714	08916BFC	1	0
088C278C	08916C74	1	0
088C27C8	08916CB0	1	0
088C291C	08916E04	1	0
088C293C	08916E24	1	0
088C2964	08916E4C	1	0
088C29E4	08916ECC	1	0
088C2A64	08916F4C	1	0
088C2A6C	08916F54	1	0
088C2A74	08916F5C	1	0
088C2A7C	08916F64	1	0
088C2A84	08916F6C	1	0
088C2A8C	08916F74	1	0
088C2A9C	08916F84	1	0
088C2ACC	08916FB4	1	0
088C2AE4	08916FCC	1	0
088C2B04	08916FEC	1	0
088C2B24	0891700C	1	0
088C2B2C	08917014	1	0
088C2B74	0891705C	1	0
088C2B7C	08917064	1	0
088C2B84	0891706C	1	0
088C2B8C	08917074	1	0
088C2BB4	0891709C	1	0
088C2BBC	089170A4	1	0
088C2BC4	089170AC	1	0
088C2BCC	089170B4	1	0
088C2BD4	089170BC	1	0
088C2BDC	089170C4	1	0
088C2BE4	089170CC	1	0
088C2BEC	089170D4	1	0
088C2BF4	089170DC	1	0
088C2BFC	089170E4	1	0
088C2C04	089170EC	1	0
088C2C0C	089170F4	1	0
088C2C24	0891710C	1	0
088C2C34	0891711C	1	0
088C2C44	0891712C	1	0
088C3C44	08918118	1	0
088C3C4C	08918120	1	0
088C3C54	08918128	1	0
088C3C5C	08918130	1	0
088C3C64	08918138	1	0
088C3C6C	08918140	1	0
088C3C74	08918148	1	0
088C3C84	08918158	1	0
088C3C9C	08918170	1	0
088C3DB8	0891828C	1	0
088C3DC0	08918294	1	0
088C3DD8	089182AC	1	0
088C3DE8	089182BC	1	0
088C3DF0	089182C4	1	0
088C3DF8	089182CC	1	0
088C3E00	089182D4	1	0
088C3E08	089182DC	1	0
088C3E10	089182E4	1	0
088C3E18	089182EC	1	0
088C3E20	089182F4	1	0
088C3E28	089182FC	1	0
088C3E30	08918304	1	0
088C3E38	0891830C	1	0
088C3E40	08918314	1	0
088C3E48	0891831C	1	0
088C4322	088C4322	1	0
088C4600	08918AD4	1	0
088C4608	08918ADC	1	0
088C4610	08918AE4	1	0
088C4618	08918AEC	1	0
088C4620	08918AF4	1	0
088C4628	08918AFC	1	0
088C4630	08918B04	1	0
088C4638	08918B0C	1	0
088C4640	08918B14	1	0
088C4648	08918B1C	1	0
088C4650	08918B24	1	0
088C4658	08918B2C	1	0
088C4663	088C4663	1	0
088C4678	08918B4C	1	0
088C4698	08918B6C	1	0
088C46A0	08918B74	1	0
088C46A8	08918B7C	1	0
088C46B0	08918B84	1	0
088C4E2C	08919300	1	0
088C4E34	08919308	1	0
088C4E4C	08919320	1	0
088C4E54	08919328	1	0
088C4E5C	08919330	1	0
088C4E64	08919338	1	0
088C4E6C	08919340	1	0
088C4E74	08919348	1	0
088C4E7C	08919350	1	0
088C4E84	08919358	1	0
088C4E94	08919368	1	0
088C4EA4	08919378	1	0
088C5EF4	0891A3B4	1	0
088C5F0C	0891A3CC	1	0
088C5F14	0891A3D4	1	0
088C5F1C	0891A3DC	1	0
088C5F24	0891A3E4	1	0
088C5F2C	0891A3EC	1	0
088C5F34	0891A3F4	1	0
088C5F6C	0891A42C	1	0
088C5F74	0891A434	1	0
088C5F7C	0891A43C	1	0
088C5F84	0891A444	1	0
088C5F8C	0891A44C	1	0
088C5F94	0891A454	1	0
088C5F9C	0891A45C	1	0
088C5FA4	0891A464	1	0
088C646C	0891A92C	1	0
088C6584	0891AA44	1	0
088C65C0	0891AA80	1	0
088C6610	0891AAD0	1	0
088C6890	0891AD50	1	0
088C6898	0891AD58	1	0
088C68A0	0891AD60	1	0
088C68A8	0891AD68	1	0
088C68B0	0891AD70	1	0
088C6970	0891AE30	1	0
088C6978	0891AE38	1	0
088C6980	0891AE40	1	0
088C6988	0891AE48	1	0
088C6990	0891AE50	1	0
088C69A0	0891AE60	1	0
088C69B0	0891AE70	1	0
088C69C0	0891AE80	1	0
088C69C8	0891AE88	1	0
088C69D8	0891AE98	1	0
088C6B94	0891B054	1	0
088C6BAC	0891B06C	1	0
088C6BBC	0891B07C	1	0
088C6BCC	0891B08C	1	0
088C6BD4	0891B094	1	0
088C6D3C	0891B1F4	1	0
088C6D44	0891B1FC	1	0
088C6D4C	0891B204	1	0
088C6D54	0891B20C	1	0
088C6D5C	0891B214	1	0
088C6D64	0891B21C	1	0
088C6D8C	0891B244	1	0
088C6D94	0891B24C	1	0
088C6D9C	0891B254	1	0
088C6DDC	0891B294	1	0
088C6DE4	0891B29C	1	0
088C6DEC	0891B2A4	1	0
088C6DF4	0891B2AC	1	0
088C6DFC	0891B2B4	1	0
088C6E04	0891B2BC	1	0
088C6E0C	0891B2C4	1	0
088C75F8	0891BA9C	1	0
088C7600	0891BAA4	1	0
088C7608	0891BAAC	1	0
088C7610	0891BAB4	1	0
088C7618	0891BABC	1	0
088C7620	0891BAC4	1	0
088C7628	0891BACC	1	0
088C7630	0891BAD4	1	0
088C7638	0891BADC	1	0
088C7640	0891BAE4	1	0
088C774C	0891BBDC	1	0
088C7A44	0891BED4	1	0
088C7A94	0891BF24	1	0
088C7B0C	0891BF9C	1	0
088C7B48	0891BFD8	1	0
088C7BFC	0891C08C	1	0
088C8A48	0891CED8	1	0
088C8A58	0891CEE8	1	0
088C8A70	0891CF00	1	0
088C8A78	0891CF08	1	0
088C8A90	0891CF20	1	0
088C8BDC	0891D044	1	0
088C8F00	088C8F00	1	0
088C8F24	0891D38C	1	0
088C9C40	0891E0A8	1	0
088C9C48	0891E0B0	1	0
088C9C58	0891E0C0	1	0
088C9C68	0891E0D0	1	0
088C9C70	0891E0D8	1	0
088C9C78	0891E0E0	1	0
088C9C80	0891E0E8	1	0
088C9C88	0891E0F0	1	0
088C9C98	0891E100	1	0
088C9CA8	0891E110	1	0
088CAFD8	0891F42C	1	0
088CAFE0	0891F434	1	0
088CAFE8	0891F43C	1	0
088CAFF0	0891F444	1	0
088CAFF8	0891F44C	1	0
088CB000	0891F454	1	0
088CB008	0891F45C	1	0
088CB010	0891F464	1	0
088CB018	0891F46C	1	0
088CB058	0891F4AC	1	0
088CB164	0891F5B8	1	0
088CB8F8	0891FD4C	1	0
088CB900	0891FD54	1	0
088CB908	0891FD5C	1	0
088CB910	0891FD64	1	0
088CC988	08920DDC	1	0
088CC990	08920DE4	1	0
088CC998	08920DEC	1	0
088CC9A0	08920DF4	1	0
088CC9A8	08920DFC	1	0
088CC9B0	08920E04	1	0
088CCA6C	08920EC0	1	0
088CCEEE	088CCEEE	1	0
088CD001	088CD001	1	0
088CEA01	088CEA01	1	0
088CEC7C	089230D0	1	0
088CED74	089231C8	1	0
088CF06C	089234C0	1	0
088CF094	089234E8	1	0
088CF0BC	08923510	1	0
088CF1D4	08923628	1	0
088CF51C	08923970	1	0
088CF544	08923998	1	0
088CF56C	089239C0	1	0
088CF5A8	089239FC	1	0
088CFA08	08923E5C	1	0
088CFCC4	08924118	1	0
088D0300	088D0300	1	0
088D0F5C	089253B0	1	0
088D1038	0892548C	1	0
088D118C	089255E0	1	0
088D1650	08925AA4	1	0
088D1B50	08925FA4	1	0
088D1B68	08925FBC	1	0
088D1B80	08925FD4	1	0
088D1B90	08925FE4	1	0
088D2043	088D2043	1	0
088D2060	089264B4	1	0
088D21C8	0892661C	1	0
088D22C7	0892671B	1	0
088D2440	08926854	1	0
088D7FF8	088D7FF8	1	0
088DD147	088DD147	1	0
088DDCBE	088DDCBE	1	0
088DEDDD	088DEDDD	1	0
088DFC0B	088DFC0B	1	0
088DFFDE	088DFFDE	1	0
088E0D98	088E0D98	1	0
088E3000	088E3000	1	0
088E6499	088E6499	1	0
088E9F48	088E9F48	1	0
088ECFCF	088ECFCF	1	0
088F0280	088F0280	1	0
088F0839	088F0839	2	0
088F08E3	088F08E3	1	0
088F3190	088F3190	1	0
088F88FA	088F88FA	1	0
088FF8F8	088FF8F8	1	0
08900510	08900510	1	0
08900711	08900711	1	0
0890071D	0890071D	1	0
08900740	08900740	1	0
08900798	08900798	1	0
0890088F	0890088F	1	0
089008D8	089008D8	1	0
08900AB8	08900AB8	1	0
08900C40	08900C40	1	0
08900C79	08900C79	2	0
08908010	08908010	1	0
08909011	08909011	1	0
0890AAA6	0890AAA6	1	0
0890FF08	0890FF08	1	0
0891134E	0891134E	1	0
08920F40	08920F40	1	0
089229E6	089229E6	1	0
0892889A	0892889A	1	0
08931833	08931833	1	0
08932393	08932393	1	0
089401CC	089401CC	1	0
08940488	08940488	1	0
08940602	08940602	1	0
0894082C	0894082C	1	0
089408BC	089408BC	1	0
08940C00	08940C00	1	0
08940D04	08940D04	1	0
0894FD00	0894FD00	1	0
0895003B	0895003B	1	0
08951894	08951894	1	0
08957222	08957222	1	0
08957AAA	08957AAA	1	0
08958998	08958998	1	0
08960095	08960095	1	0
089600A9	089600A9	1	0
08960310	08960310	1	0
08960687	08960687	1	0
089606A8	089606A8	1	0
08968900	08968900	1	0
0896999F	0896999F	1	0
08970096	08970096	1	0
08970890	08970890	1	0
08970896	08970896	2	0
08970D8F	08970D8F	1	0
08971166	08971166	1	0
08971296	08971296	1	0
089721E3	089721E3	1	0
089734FF	089734FF	1	0
08975621	08975621	1	0
08976655	08976655	1	0
08977C85	08977C85	1	0
08978A32	08978A32	1	0
08980300	08980300	1	0
08980301	08980301	1	0
089806A8	089806A8	1	0
08980708	08980708	1	0
08980C87	08980C87	1	0
08981D10	08981D10	1	0
08988050	08988050	1	0
08988989	08988989	1	0
08989901	08989901	1	0
08989935	08989935	1	0
0898D70E	0898D70E	1	0
08990898	08990898	2	0
08991803	08991803	1	0
089931FF	089931FF	1	0
08996666	08996666	1	0
08997889	08997889	1	0
08997966	08997966	1	0
08997E08	08997E08	2	0
08998858	08998858	1	0
08998888	08998888	1	0
08999CCD	08999CCD	1	0
0899DB13	0899DB13	1	0
0899DDEE	0899DDEE	1	0
089A08BE	089A08BE	1	0
089A0DF6	089A0DF6	1	0
089A2C7A	08A13302	1	0
089A2C80	08A13308	2	0
089A2CA8	08A13330	1	0
089A2E00	08A13488	2	0
089A3508	08A13B90	1	0
089A35B0	08A13C38	5	0
089A3A28	08A140B0	1	0
089A4764	08A14DEC	1	0
089A481C	08A14EA4	1	0
089A489C	08A14F24	2	0
089A4914	08A14F9C	1	0
089A495C	08A14FE4	1	0
089A49A4	08A1502C	1	0
089A49FC	08A15084	2	0
089A4A54	08A150DC	1	0
089A4ABC	08A15144	1	0
089A4B24	08A151AC	1	0
089A4B8C	08A15214	1	0
089A4BF4	08A1527C	2	0
089A4C3C	08A152C4	1	0
089A4CC4	08A1534C	1	0
089A4D64	08A153EC	1	0
089A4E04	08A1548C	1	0
089A4EA4	08A1552C	1	0
089A4F44	08A155CC	1	0
089A4FCC	08A15654	1	0
089A50DC	08A15764	1	0
089A5124	08A157AC	1	0
089A518C	08A15814	1	0
089A5214	08A1589C	2	0
089AA979	089AA979	1	0
089AA989	089AA989	1	0
089AAABA	089AAABA	1	0
089AABBC	089AABBC	1	0
089ACEFF	089ACEFF	1	0
089AD648	08A1DCD0	1	0
089AD668	08A1DCF0	1	0
089AD688	08A1DD10	1	0
089AD6A8	08A1DD30	1	0
089ADDAC	089ADDAC	1	0
089B00C6	089B00C6	1	0
089B9732	089B9732	1	0
089C0300	089C0300	1	0
089C06C0	089C06C0	1	0
089C089B	089C089B	1	0
089C1B00	089C1B00	1	0
089C44AD	089C44AD	1	0
089C559C	089C559C	1	0
089C9595	089C9595	1	0
089CB910	089CB910	1	0
089CCA55	089CCA55	1	0
089CCDDC	089CCDDC	1	0
089CD59E	089CD59E	1	0
089D1577	089D1577	1	0
089D3B08	089D3B08	1	0
089DDB9D	089DDB9D	1	0
089DFC03	089DFC03	1	0
089E0008	089E0008	1	0
089E009D	089E009D	1	0
089E84F4	08A5A618	1	0
089E857C	08A5A6A0	6	0
089ED10C	08A5F230	1	0
089ED64C	08A5F770	1	0
089ED674	08A5F798	1	0
089ED70C	08A5F830	1	0
089ED71A	08A5F83E	1	0
089ED728	08A5F84C	1	0
089ED732	08A5F856	1	0
089ED746	08A5F86A	1	0
089ED754	08A5F878	1	0
089ED762	08A5F886	1	0
089ED772	08A5F896	1	0
089ED77C	08A5F8A0	1	0
089ED792	08A5F8B6	1	0
089ED79C	08A5F8C0	1	0
089ED7A8	08A5F8CC	1	0
089ED7B6	08A5F8DA	1	0
089ED7BE	08A5F8E2	1	0
089ED7C6	08A5F8EA	1	0
089ED7CC	08A5F8F0	1	0
089ED7D8	08A5F8FC	1	0
089ED7EE	08A5F912	1	0
089ED7F8	08A5F91E	1	0
089ED80E	08A5F936	1	0
089ED826	08A5F94E	1	0
089ED8CA	08A5F9FA	1	0
089ED8E2	08A5FA12	1	0
089ED8FA	08A5FA2C	1	0
089ED99E	08A5FAD8	1	0
089ED9A2	08A5FADC	1	0
089EE0C0	08A601F8	11	0
089EE184	08A602BC	6	0
089EE19C	08A602D4	1	0
089EE1B8	08A602F0	17	0
089EE1D4	08A6030C	9	0
089EE1E8	08A60320	2	0
089EE248	08A60380	4	0
089EE274	08A603AC	24	0
089EE29C	08A603D4	4	0
089EE2C4	08A603FC	1	0
089EE2E8	08A60420	1	0
089EE310	08A60448	1	0
089EE37C	08A604B4	3	0
089EE39C	08A604D4	2	0
089EE51C	08A60654	1	0
089EE67C	08A607B4	3	0
089EE794	08A608CC	9	0
089EE828	08A60960	10	0
089EE84C	08A60984	10	0
089EE8F0	08A60A28	7	0
089EE920	08A60A58	16	0
089EE97C	08A60AB4	2	0
089EEA58	08A60B90	1	0
089EEB00	08A60C38	1	0
089EF060	08A61198	1	0
089EF0D8	08A61210	2	0
089EF12C	08A61264	1	0
089EF164	08A6129C	1	0
089EF214	08A6134C	1	0
089EF23C	08A61374	1	0
089EF254	08A6138C	1	0
089EF2B0	08A613E8	1	0
089EF398	08A614D0	1	0
089EF46C	08A615A4	1	0
089EF50C	08A61644	1	0
089EF53C	08A61674	1	0
089EF56C	08A616A4	1	0
089EF5A8	08A616E0	1	0
089EF6E0	08A61818	1	0
089EF7C8	08A61900	1	0
089EF7FC	08A61934	1	0
089EF828	08A61960	1	0
089EFA28	08A61B60	1	0
089EFA40	08A61B78	1	0
089EFA68	08A61BA0	1	0
089EFAAC	08A61BE4	1	0
089EFB38	08A61C70	2	0
089EFB58	08A61C90	2	0
089EFB78	08A61CB0	1	0
089EFBA4	08A61CDC	1	0
089EFBCC	08A61D04	1	0
089EFBE8	08A61D20	1	0
089EFC44	08A61D7C	1	0
089EFC9C	08A61DD4	1	0
089EFD14	08A61E4C	1	0
089EFD74	08A61EAC	1	0
089EFDA8	08A61EE0	1	0
089EFE28	08A61F60	1	0
089EFE48	08A61F80	1	0
089EFF20	08A62058	1	0
089EFF9C	08A620D4	1	0
089EFFFC	08A62134	1	0
089F0030	08A62168	1	0
089F0060	08A62198	1	0
089F0071	089F0071	1	0
089F00D3	089F00D3	1	0
089F0130	08A62268	1	0
089F023C	08A62374	1	0
089F0270	08A623A8	1	0
089F0284	08A623BC	1	0
089F0334	089F0334	1	0
089F0484	08A625BC	1	0
089F049C	08A625D4	1	0
089F05FC	08A62734	1	0
089F0628	08A62760	1	0
089F0650	08A62788	1	0
089F06D0	08A62808	1	0
089F070C	08A62844	1	0
089F0748	08A62880	1	0
089F0770	08A628A8	1	0
089F0880	08A629B4	1	0
089F08E0	08A62A14	1	0
089F0910	08A62A44	1	0
089F096C	08A62AA0	2	0
089F09C8	08A62AFC	1	0
089F0AA0	08A62BD4	1	0
089F0B00	08A62C34	1	0
089F0B68	08A62C9C	1	0
089F0BE0	08A62D14	1	0
089F0C40	08A62D74	1	0
089F0D48	08A62E7C	1	0
089F0DA8	08A62EDC	1	0
089F0DB8	08A62EEC	1	0
089F0E14	08A62F48	2	0
089F0E70	08A62FA4	1	0
089F0ED4	08A63008	1	0
089F0F74	08A630A8	1	0
089F0FEC	08A63120	1	0
089F1028	08A6315C	1	0
089F10A4	08A631D8	1	0
089F1104	08A63238	1	0
089F1194	08A632C8	1	0
089F11B8	08A632EC	1	0
089F134C	08A63480	1	0
089F13B4	08A634E8	1	0
089F145F	089F145F	1	0
089F1568	08A6369C	1	0
089F1575	089F1575	1	0
089F1690	08A637C4	1	0
089F16B0	08A637E4	1	0
089F1760	08A63894	1	0
089F199C	08A63AD0	1	0
089F19F8	08A63B2C	1	0
089F1B38	08A63C6C	1	0
089F1BD8	08A63D0C	1	0
089F1C14	08A63D48	1	0
089F1C2C	08A63D60	1	0
089F1C48	08A63D7C	1	0
089F2170	08A642A4	1	0
089F21BC	08A642F0	1	0
089F21F8	08A6432C	1	0
089F2234	08A64368	1	0
089F2270	08A643A4	1	0
089F22A4	08A643D8	1	0
089F22EC	08A64420	1	0
089F2304	08A64438	1	0
089F2360	08A64494	1	0
089F2940	08A64A74	1	0
089F29FC	08A64B30	1	0
089F2A98	08A64BCC	1	0
089F2CFC	08A64E30	1	0
089F2E6C	08A64FA0	1	0
089F2E94	08A64FC8	1	0
089F3124	08A65258	1	0
089F31B8	08A652EC	2	0
089F31D4	08A65308	2	0
089F31F4	08A65328	2	0
089F3214	08A65348	2	0
089F3234	08A65368	1	0
089F3250	08A65384	1	0
089F3268	08A6539C	1	0
089F3634	08A65768	1	0
089F3F4C	08A66080	1	0
089F3F74	08A660A8	1	0
089F3F9C	08A660D0	1	0
089F3FDC	08A66110	1	0
089F43A0	08A664D4	1	0
089F4634	08A66768	1	0
089F465C	08A66790	1	0
089F4684	08A667B8	1	0
089F46AC	08A667E0	1	0
089F46D4	08A66808	1	0
089F46FC	08A66830	1	0
089F4724	08A66858	1	0
089F4750	08A66884	1	0
089F47A8	08A668DC	1	0
089F47D0	08A66904	1	0
089F47F8	08A6692C	1	0
089F4820	08A66954	1	0
089F4838	08A6696C	1	0
089F48CC	08A66A00	1	0
089F4A7C	08A66BB0	1	0
089F4E54	08A66F88	1	0
089F4E7C	08A66FB0	1	0
089F4EA4	08A66FD8	1	0
089F4EBC	08A66FF0	1	0
089F4EE0	08A67014	1	0
089F4F1C	08A67050	2	0
089F4F40	08A67074	1	0
089F4F58	08A6708C	1	0
089F4F70	08A670A4	1	0
089F536C	08A674A0	1	0
089F53AC	08A674E0	1	0
089F54A0	08A675D4	1	0
089F54E4	08A67618	1	0
089F5798	08A678CC	1	0
089F59CC	08A67B00	1	0
089F59F8	08A67B2C	1	0
089F5A20	08A67B54	1	0
089F5A48	08A67B7C	1	0
089F5A90	08A67BC4	1	0
089F5AD4	08A67C08	1	0
089F5AEC	08A67C20	1	0
089F5B04	08A67C38	1	0
089F5CC4	08A67DF8	1	0
089F619C	08A682C4	1	0
089F61C4	08A682EC	1	0
089F6238	08A68360	1	0
089F6250	08A68378	1	0
089F6268	08A68390	1	0
089F6284	08A683AC	1	0
089F629C	08A683C4	1	0
089F62BC	08A683E4	1	0
089F62F0	08A68418	1	0
089F6404	08A6852C	1	0
089F6470	08A68574	1	0
089F6484	08A68588	2	0
089F6654	08A68750	2	0
089F6678	08A68774	2	0
089F6698	08A68794	2	0
089F66B8	08A687B4	2	0
089F66D8	08A687D4	2	0
089F66F8	08A687F4	2	0
089F6718	08A68814	1	0
089F6730	08A6882C	1	0
089F6748	08A68844	1	0
089F6770	08A6885C	1	0
089F6788	08A68874	1	0
089F67A0	08A6888C	2	0
089F67D0	08A688BC	1	0
089F6814	08A68900	1	0
089F6858	08A68944	1	0
089F689C	08A68988	1	0
089F68E0	08A689CC	1	0
089F6924	08A68A10	1	0
089F6968	08A68A54	1	0
089F69AC	08A68A98	1	0
089F69F0	08A68ADC	1	0
089F6A8C	08A68B78	2	0
089F6C9F	089F6C9F	1	0
089F6E50	08A68F3C	2	0
089F7558	08A6963C	1	0
089F7570	08A69654	2	0
089F75A4	08A69688	1	0
089F75F0	08A696D4	1	0
089F79D4	08A69AB8	2	0
089F7E6C	08A69F50	2	0
089F8688	08A6A76C	2	0
089F9144	08A6B224	1	0
089F92A0	08A6B380	1	0
089F9380	08A6B460	1	0
089F93D4	08A6B4B4	1	0
089F9428	08A6B508	1	0
089F947C	08A6B55C	1	0
089FA634	08A6C714	1	0
089FA65C	08A6C73C	1	0
089FA690	08A6C770	2	0
089FA6B4	08A6C794	1	0
089FA6E0	08A6C7C0	1	0
089FA714	08A6C7F4	1	0
089FA734	08A6C814	1	0
089FA768	08A6C848	1	0
089FA778	08A6C858	1	0
089FA7AC	08A6C88C	1	0
089FA7EC	08A6C8CC	1	0
089FAAC4	08A6CBA4	1	0
089FAB7C	08A6CC5C	1	0
089FABD0	08A6CCB0	1	0
089FAC20	08A6CD00	1	0
089FAEDC	08A6CFBC	1	0
089FAF04	08A6CFE4	1	0
089FAF2C	08A6D00C	1	0
089FAF54	08A6D034	1	0
089FAF90	08A6D070	1	0
089FAFCC	08A6D0AC	1	0
089FAFF4	08A6D0D4	1	0
089FB01C	08A6D0FC	1	0
089FB034	08A6D114	1	0
089FB05C	08A6D13C	1	0
089FB1E4	08A6D2C4	1	0
089FB250	08A6D330	1	0
089FB294	08A6D374	1	0
089FB394	08A6D474	1	0
089FB3BC	08A6D49C	1	0
089FB3E4	08A6D4C4	1	0
089FB3FC	08A6D4DC	1	0
089FB444	08A6D524	1	0
089FB458	08A6D538	1	0
089FB480	08A6D560	1	0
089FB4A8	08A6D588	1	0
089FB64C	08A6D72C	1	0
089FB678	08A6D758	1	0
089FB90C	08A6D9EC	1	0
089FB934	08A6DA14	1	0
089FB970	08A6DA50	1	0
089FB998	08A6DA78	1	0
089FB9B0	08A6DA90	1	0
089FB9C8	08A6DAA8	1	0
089FB9E0	08A6DAC0	1	0
089FBC0C	08A6DCEC	1	0
089FBC8C	08A6DD6C	2	0
089FBCDC	08A6DDBC	2	0
089FBD2C	08A6DE0C	2	0
089FBD50	08A6DE30	2	0
089FBD70	08A6DE50	2	0
089FBD90	08A6DE70	1	0
089FBDCC	08A6DEAC	1	0
089FBE08	08A6DEE8	1	0
089FBE20	08A6DF00	1	0
089FBE38	08A6DF18	1	0
089FBE50	08A6DF30	1	0
089FBE68	08A6DF48	1	0
089FC04C	08A6E12C	1	0
089FC520	08A6E600	1	0
089FC52C	08A6E60C	1	0
089FC5A0	08A6E680	1	0
089FC5C0	08A6E6A0	1	0
089FC5E8	08A6E6C8	1	0
089FC610	08A6E6F0	1	0
089FC638	08A6E718	1	0
089FC660	08A6E740	1	0
089FC690	08A6E770	1	0
089FC6EC	08A6E7CC	1	0
089FC6FC	08A6E7DC	1	0
089FC8F0	08A6E9AC	1	0
089FC990	08A6EA4C	2	0
089FC9B4	08A6EA70	2	0
089FC9D4	08A6EA90	2	0
089FC9F4	08A6EAB0	2	0
089FCA14	08A6EAD0	2	0
089FCA34	08A6EAF0	1	0
089FCA4C	08A6EB08	1	0
089FCA64	08A6EB20	1	0
089FCA7C	08A6EB38	1	0
089FCA94	08A6EB50	1	0
089FCAAC	08A6EB68	2	0
089FCADC	08A6EB98	1	0
089FCB20	08A6EBDC	1	0
089FCB64	08A6EC20	1	0
089FCBA8	08A6EC64	1	0
089FCBEC	08A6ECA8	1	0
089FCC30	08A6ECEC	1	0
089FCC74	08A6ED30	1	0
089FCCB8	08A6ED74	1	0
089FCCFC	08A6EDB8	1	0
089FCDA8	08A6EE64	1	0
089FCDC0	08A6EE7C	1	0
089FCDD8	08A6EE94	2	0
089FCE04	08A6EEC0	1	0
089FCE48	08A6EF04	2	0
089FCE80	08A6EF3C	1	0
089FD9B8	08A6FA70	1	0
089FDA2C	08A6FAE4	1	0
089FDA80	08A6FB38	1	0
089FDAD4	08A6FB8C	1	0
089FDB28	08A6FBE0	1	0
089FDC90	08A6FD48	1	0
089FDCC4	08A6FD7C	1	0
089FDF18	08A6FFD0	1	0
089FE068	08A70120	1	0
089FE09C	08A70154	1	0
089FE0C4	08A7017C	1	0
089FE0EC	08A701A4	1	0
089FE118	08A701D0	1	0
089FE144	08A701FC	1	0
089FE170	08A70228	1	0
089FE188	08A70240	1	0
089FE1A0	08A70258	1	0
089FE2CC	08A70384	1	0
089FE2E8	08A703A0	2	0
089FE300	08A703B8	2	0
089FE318	08A703D0	2	0
089FE3BC	08A70474	1	0
089FE3D8	08A70490	2	0
089FE4A4	08A7055C	1	0
089FE4BC	08A70574	1	0
089FE4D4	08A7058C	1	0
089FE4EC	08A705A4	1	0
089FE504	08A705BC	1	0
089FE590	08A70648	1	0
089FE5A8	08A70660	1	0
089FE67C	08A70734	1	0
089FE694	08A7074C	1	0
089FE6AC	08A70764	1	0
089FE754	08A7080C	4	0
089FE76C	08A70824	1	0
089FE784	08A7083C	1	0
089FE79C	08A70854	1	0
089FE834	08A708EC	1	0
089FE860	08A70918	1	0
089FE878	08A70930	1	0
089FE890	08A70948	1	0
089FE8A8	08A70960	1	0
089FE8C0	08A70978	1	0
089FE8E0	08A70998	1	0
089FE914	08A709CC	2	0
089FE934	08A709EC	1	0
089FE968	08A70A20	1	0
089FE988	08A70A40	1	0
089FE9BC	08A70A74	1	0
089FEA58	08A70B10	1	0
089FEA74	08A70B2C	1	0
089FEA94	08A70B4C	1	0
089FEAC8	08A70B80	1	0
089FEAE8	08A70BA0	1	0
089FEB1C	08A70BD4	1	0
089FEB3C	08A70BF4	1	0
089FEB70	08A70C28	2	0
089FEB9C	08A70C54	1	0
089FEBD0	08A70C88	1	0
089FEC40	08A70CF8	1	0
089FEC9C	08A70D54	1	0
089FED30	08A70DE8	1	0
089FEDB0	08A70E68	1	0
089FEE20	08A70ED8	1	0
089FEE7C	08A70F34	1	0
089FEF14	08A70FCC	1	0
089FEF98	08A71050	1	0
089FF044	08A710FC	1	0
089FF0DC	08A71194	1	0
089FF150	08A71208	1	0
089FF228	08A712E0	1	0
089FF244	08A712FC	2	0
089FF268	08A71320	1	0
089FF474	08A7152C	20	0
089FF4E4	08A7159C	1	0
089FF4F4	08A715AC	1	0
089FFB38	08A71BF0	1	0
089FFB48	08A71C00	1	0
089FFBA8	08A71C60	1	0
089FFBB8	08A71C70	1	0
089FFC0C	08A71CC4	2	0
089FFE84	08A71F3C	1	0
089FFF08	08A71FC0	1	0
089FFF14	08A71FCC	1	0
089FFF80	08A72038	1	0
089FFF8C	08A72044	1	0
08A00028	08A720E0	1	0
08A00034	08A720EC	1	0
08A00094	08A7214C	1	0
08A000A0	08A72158	2	0
08A00130	08A721E8	2	0
08A0013C	08A721F4	2	0
08A001A0	08A72258	2	0
08A001AC	08A72264	1	0
08A00254	08A7230C	1	0
08A00260	08A72318	1	0
08A002B8	08A002B8	1	0
08A002E4	08A7239C	1	0
08A002F0	08A723A8	1	0
08A00300	08A00300	2	0
08A00350	08A72408	1	0
08A00790	08A00790	1	0
08A00844	08A728FC	2	0
08A0089F	08A0089F	1	0
08A00938	08A729F0	1	0
08A00978	08A72A30	1	0
08A009C8	08A72A80	1	0
08A00C50	08A72D08	1	0
08A00CDC	08A72D94	1	0
08A00D14	08A72DCC	5	0
08A00D30	08A00D30	1	0
08A00DA0	08A72E58	1	0
08A00DBC	08A72E74	2	0
08A00DD8	08A72E90	2	0
08A00DF4	08A72EAC	2	0
08A00E10	08A72EC8	1	0
08A00E2C	08A72EE4	1	0
08A00E64	08A72F1C	1	0
08A00EB8	08A72F70	2	0
08A00F44	08A72FFC	2	0
08A00F60	08A73018	2	0
08A00F7C	08A73034	2	0
08A00F98	08A73050	2	0
08A00FB4	08A7306C	2	0
08A01040	08A730F8	1	0
08A01120	08A731D8	1	0
08A01158	08A73210	2	0
08A01160	08A73218	2	0
08A01164	08A7321C	1	0
08A01168	08A73220	1	0
08A0116C	08A73224	2	0
08A01170	08A73228	2	0
08A01174	08A7322C	2	0
08A01178	08A73230	2	0
08A0117C	08A73234	2	0
08A01180	08A73238	2	0
08A01194	08A7324C	1	0
08A01198	08A73250	1	0
08A0119C	08A73254	1	0
08A011A0	08A73258	1	0
08A011A4	08A7325C	1	0
08A01828	08A738E0	1	0
08A02700	08A02700	1	0
08A03973	08A03973	1	0
08A05501	08A05501	1	0
08A05720	08A05720	1	0
08A05E93	08A05E93	1	0
08A07B31	08A07B31	1	0
08A08F94	08A08F94	1	0
08A112F5	08A112F5	1	0
08A12201	08A12201	1	0
08A14847	08A14847	1	0
08A191A4	08A94EE8	1	0
08A191C4	08A94F08	1	0
08A196FC	08A95B10	5	0
08A1D448	08A99EE0	1	0
08A1FAF4	08A9CA20	8	0
08A1FAF8	08A9CA24	1	0
08A1FB34	08A9CA60	3	0
08A208A1	08A208A1	2	0
08A208E2	08A208E2	1	0
08A20DA4	08A9DD0C	1	0
08A20E74	08A9DDDC	3	0
08A212DC	08A9E244	1	0
08A21304	08A9E26C	1	0
08A27F08	08A27F08	1	0
08A2E974	08AAF6D8	3	0
08A2E978	08AAF6DC	1	0
08A2E99C	08AAF700	1	0
08A2F068	08AAFDCC	1	0
08A2FBD4	08AB0A38	1	0
08A2FBE0	08AB0A44	1	0
08A32108	08A32108	2	0
08A33333	08A33333	1	0
08A3918C	08ABC784	1	0
08A394D0	08ABCAC8	2	0
08A394D8	08ABCAD0	5	0
08A3963C	08ABCC34	1	0
08A3972C	08ABCD24	2	0
08A39D24	08ABD3A8	1	0
08A39EFC	08ABD580	1	0
08A3A268	08ABD8EC	1	0
08A3A70C	08ABDD90	1	1
08A3C6EC	08ABFF34	1	0
08A3CB04	08AC033C	1	0
08A3CB1E	08AC0356	1	0
08A3CB2A	08AC0362	1	0
08A3CB3A	08AC0372	1	0
08A3CB46	08AC037E	1	0
08A3CB50	08AC0388	1	0
08A3D1B0	08AC09E8	1	0
08A3D2C0	08AC0AF8	1	0
08A3D748	08AC1108	1	0
08A3E04C	08AC1A0C	1	0
08A3E14C	08AC1B0C	1	0
08A3E8A0	08AC2260	1	0
08A3E940	08AC2300	1	0
08A3E948	08AC2308	1	0
08A3E950	08AC2310	1	0
08A3E958	08AC2318	1	0
08A3E960	08AC2320	1	0
08A3E968	08AC2328	1	0
08A3E970	08AC2330	1	0
08A3E978	08AC2338	1	0
08A3E980	08AC2340	1	0
08A3E988	08AC2348	1	0
08A3E990	08AC2350	1	0
08A3E998	08AC2358	1	0
08A40007	08A40007	1	0
08A4011F	08A4011F	1	0
08A404A4	08A404A4	1	0
08A40602	08A40602	1	0
08A4083C	08A4083C	1	0
08A408A3	08A408A3	1	0
08A40B10	08A40B10	1	0
08A40E34	08A40E34	1	0
08A43D30	08A43D30	1	0
08A44D04	08A44D04	1	0
08A454AF	08A454AF	1	0
08A46667	08A46667	1	0
08A47F18	08A47F18	1	0
08A50000	08A50000	1	0
08A50100	08A50100	1	0
08A50323	08A50323	1	0
08A538A4	08A538A4	1	0
08A55AAA	08A55AAA	1	0
08A5AA88	08A5AA88	1	0
08A603FC	08A603FC	1	0
08A61212	08A61212	1	0
08A6344E	08A6344E	1	0
08A6666D	08A6666D	1	0
08A6A267	08A6A267	1	0
08A6CAEC	08A6CAEC	1	0
08A703E0	08A703E0	1	0
08A7094C	08A7094C	1	0
08A70F20	08A70F20	1	0
08A73A9A	08A73A9A	1	0
08A75677	08A75677	1	0
08A7799A	08A7799A	1	0
08A7AAA4	08A7AAA4	1	0
08A7C773	08A7C773	1	0
08A7E104	08A7E104	1	0
08A7EEAE	08A7EEAE	1	0
08A80300	08A80300	1	0
08A8081C	08A8081C	1	0
08A83710	08A83710	1	0
08A8815A	08A8815A	1	0
08A88668	08A88668	1	0
08A88865	08A88865	1	0
08A8985D	08A8985D	1	0
08A8F402	08A8F402	1	0
08A90000	08A90000	1	0
08A90008	08A90008	2	0
08A95F64	08B1B1F8	1	0
08A95FE4	08B1B278	1	0
08A97F08	08A97F08	2	0
08A97FC4	08B1D258	1	0
08A97FF8	08B1D28C	1	0
08A9800F	08A9800F	1	0
08A98030	08B1D2C4	1	0
08A98054	08B1D2E8	1	0
08A9806C	08B1D300	1	0
08A98090	08B1D324	1	0
08A980B4	08B1D348	1	0
08A980DC	08B1D370	1	0
08A98104	08B1D398	1	0
08A98144	08B1D3D8	1	0
08A98168	08B1D3FC	1	0
08A9819C	08B1D430	1	0
08A981BC	08B1D450	1	0
08A981F4	08B1D488	1	0
08A98228	08B1D4BC	1	0
08A9827C	08B1D510	1	0
08A982D4	08B1D568	1	0
08A98314	08B1D5A8	1	0
08A98344	08B1D5D8	1	0
08A9836C	08B1D600	1	0
08A983BC	08B1D650	1	0
08A983F0	08B1D684	1	0
08A98448	08B1D6DC	1	0
08A9847C	08B1D710	1	0
08A984D4	08B1D768	1	0
08A9850C	08B1D7A0	1	0
08A98540	08B1D7D4	1	0
08A98568	08B1D7FC	1	0
08A985A4	08B1D838	1	0
08A985FC	08B1D890	1	0
08A9863C	08B1D8D0	1	0
08A98694	08B1D928	1	0
08A9999C	08A9999C	1	0
08A99ACA	08A99ACA	1	0
08A9A9AB	08A9A9AB	1	0
08A9DF08	08A9DF08	1	0
08A9E6C8	08B23F40	1	0
08A9EC24	08B2449C	1	0
08A9EC94	08B2450C	1	0
08A9F358	08B24BD0	1	0
08A9F494	08B24D0C	1	0
08A9F9C8	08B2523C	1	0
08A9FA2C	08B25298	1	0
08A9FEA4	08B25710	1	0
08A9FF00	08B2576C	1	0
08AA00A9	08AA00A9	1	0
08AA020C	08B25A78	1	0
08AA0240	08B25AAC	1	0
08AA0760	08B25F9C	1	0
08AA07B0	08B25FEC	1	0
08AA0B90	08B26374	1	0
08AA0BC8	08B263AC	1	0
08AA0E88	08AA0E88	1	0
08AA10E4	08B268D0	1	0
08AA1146	08AA1146	1	0
08AA1E02	08AA1E02	1	0
08AA2154	08B3B4E4	3	0
08AA2184	08B3B514	3	0
08AA23BC	08B3B74C	1	0
08AA31B4	08B3C2C8	1	0
08AA3AE4	08B3C998	1	0
08AA3D7C	08B3CADC	1	0
08AA435C	08B3CFE8	1	0
08AA5344	08B3DBB8	1	0
08AA541A	08AA541A	1	0
08AA54B3	08AA54B3	1	0
08AA557E	08AA557E	1	0
08AA5954	08B3E2AC	1	0
08AA5C84	08B3E378	1	0
08AA5E00	08AA5E00	1	0
08AA5EE0	08B3E54C	1	0
08AA6098	08B3E688	1	0
08AA6170	08B3E740	1	0
08AA629C	08B3E878	1	0
08AA6548	08B3EAB8	1	0
08AA6674	08B3EC34	1	0
08AA6A0E	08AA6A0E	1	0
08AA6CDC	08B3F2D0	1	0
08AA704C	08B3F640	2	0
08AA705C	08B3F650	1	0
08AA707C	08B3F670	1	0
08AA8000	08AA8000	1	0
08AA808A	08AA808A	1	0
08AA9876	08AA9876	1	0
08AA99A3	08AA99A3	1	0
08AAA5EA	08AAA5EA	1	0
08AAAA80	08AAAA80	17	0
08AAAA88	08AAAA88	1	0
08AAAAAA	08AAAAAA	3	0
08AAAADD	08AAAADD	1	0
08AAAB6B	08AAAB6B	1	0
08AABADD	08AABADD	1	0
08AABBCB	08AABBCB	1	0
08AAC11B	08AAC11B	2	0
08AB08AA	08AB08AA	1	0
08AB0B42	08AB0B42	1	0
08AB0F35	08AB0F35	1	0
08AB151E	08AB151E	1	0
08AB224C	08AB224C	1	0
08AB40DC	08AB40DC	1	0
08AB58E4	08AB58E4	1	0
08AB667E	08AB667E	1	0
08ABEF00	08ABEF00	1	0
08AC0463	08AC0463	1	0
08AC073C	08AC073C	1	0
08AC0790	08AC0790	1	0
08AC0C87	08AC0C87	1	0
08AC3DA0	08AC3DA0	1	0
08AC426A	08AC426A	1	0
08AC8712	08AC8712	1	0
08ACAACA	08ACAACA	1	0
08ACB002	08ACB002	1	0
08ACB9EF	08ACB9EF	1	0
08ACBABB	08ACBABB	1	0
08ACCAAA	08ACCAAA	1	0
08ACCABB	08ACCABB	1	0
08ACCCA9	08ACCCA9	1	0
08AD1951	08AD1951	1	0
08AD66AA	08AD66AA	1	0
08AD6F18	08AD6F18	1	0
08AD9889	08AD9889	1	0
08ADB29F	08ADB29F	1	0
08AE0800	08AE0800	1	0
08AE2DF7	08AE2DF7	1	0
08AEE91F	08AEE91F	1	0
08AF1002	08AF1002	1	0
08AF1AC1	08AF1AC1	1	0
08AF2503	08AF2503	1	0
08AF5775	08AF5775	1	0
08AFBF27	08AFBF27	1	0
08B0000B	08B0000B	1	0
08B008AF	08B008AF	1	0
08B0092C	08B0092C	1	0
08B00CB9	08B00CB9	2	0
08B02910	08B02910	1	0
08B06668	08B06668	1	0
08B1111B	08B1111B	1	0
08B12AA4	08BABAF4	2	0
08B1FA20	08BB8A74	5	0
08B1FA38	08BB8A8C	12	0
08B1FA40	08BB8A94	2	0
08B1FE40	08BB8E94	1	0
08B1FE44	08BB8E98	2	0
08B1FE48	08BB8E9C	1	0
08B1FE4C	08BB8EA0	1	0
08B1FE50	08BB8EA4	1	0
08B1FE54	08BB8EA8	3	0
08B22202	08B22202	1	0
08B238B1	08B238B1	1	0
08B3007F	08B3007F	1	0
08B31518	08B31518	2	0
08B32A43	08B32A43	1	0
08B3311B	08B3311B	1	0
08B37F08	08B37F08	1	0
08B400AA	08B400AA	1	0
08B400B3	08B400B3	1	0
08B40140	08B40140	1	0
08B40504	08B40504	1	0
08B40800	08B40800	1	0
08B41618	08B41618	1	0
08B42110	08B42110	1	0
08B4258B	08B4258B	1	0
08B49F08	08B49F08	1	0
08B4BB8B	08B4BB8B	1	0
08B50015	08B50015	1	0
08B50310	08B50310	1	0
08B56303	08B56303	1	0
08B6A626	08B6A626	1	0
08B6D407	08B6D407	1	0
08B6DCAA	08B6DCAA	1	0
08B6FD32	08B6FD32	1	0
08B70010	08B70010	1	0
08B71C55	08B71C55	1	0
08B73E18	08B73E18	1	0
08B7A45B	08B7A45B	1	0
08B80008	08B80008	1	0
08B808B4	08B808B4	1	0
08B81433	08B81433	1	0
08B821BE	08B821BE	2	0
08B83379	08B83379	1	0
08B841B8	08B841B8	1	0
08B84330	08B84330	1	0
08B8588B	08B8588B	1	0
08B8B8AA	08B8B8AA	1	0
08B90008	08B90008	1	0
08B90083	08B90083	1	0
08B9080D	08B9080D	1	0
08B91AC1	08B91AC1	1	0
08B9BEEC	08B9BEEC	1	0
08B9CCDD	08B9CCDD	1	0
08B9D88D	08B9D88D	1	0
08B9F271	08B9F271	1	0
08BA007F	08BA007F	1	0
08BA07AA	08BA07AA	1	0
08BA08B9	08BA08B9	1	0
08BA0CBC	08BA0CBC	1	0
08BA115D	08BA115D	1	0
08BA44A4	08BA44A4	1	0
08BA7E08	08BA7E08	1	0
08BAAAAB	08BAAAAB	1	0
08BAAAB2	08BAAAB2	1	0
08BACCDD	08BACCDD	1	0
08BAD800	08BAD800	1	0
08BB007F	08BB007F	1	0
08BB0612	08BB0612	1	0
08BB08BA	08BB08BA	1	0
08BB0E33	08BB0E33	1	0
08BB1B1B	08BB1B1B	1	0
08BB2301	08BB2301	1	0
08BB4433	08BB4433	1	0
08BB4B44	08BB4B44	1	0
08BB5A00	08BB5A00	1	0
08BB6821	08BB6821	1	0
08BB7447	08BB7447	1	0
08BBB466	08BBB466	1	0
08BBBA03	08BBBA03	1	0
08BBBBBB	08BBBBBB	1	0
08BBBBD8	08BBBBD8	1	0
08BBFFFA	08BBFFFA	1	0
08BC000C	08BC000C	1	0
08BC0300	08BC0300	1	0
08BC08BB	08BC08BB	1	0
08BC0ED8	08BC0ED8	1	0
08BC1F20	08BC1F20	1	0
08BC4047	08BC4047	1	0
08BC67A8	08BC67A8	1	0
08BC8803	08BC8803	1	0
08BC9B00	08BC9B00	1	0
08BCBBBC	08BCBBBC	1	0
08BCBBCC	08BCBBCC	1	0
08BCBD35	08BCBD35	1	0
08BCC8AA	08BCC8AA	1	0
08BCCBCC	08BCCBCC	1	0
08BCCC3C	08BCCC3C	1	0
08BCDE90	08BCDE90	1	0
08BD00E0	08BD00E0	1	0
08BD03AD	08BD03AD	1	0
08BD7F08	08BD7F08	1	0
08BD8BE7	08BD8BE7	1	0
08BDAAAA	08BDAAAA	1	0
08BDBDD8	08BDBDD8	1	0
08BDD1ED	08BDD1ED	1	0
08BDFE17	08BDFE17	1	0
08BE0887	08BE0887	1	0
08BE08BD	08BE08BD	1	0
08BE6701	08BE6701	1	0
08BF08CB	08BF08CB	1	0
08BF1B33	08BF1B33	1	0
08BF44FB	08BF44FB	1	0
08BFA413	08BFA413	1	0
08BFB235	08BFB235	1	0
08BFCB02	08BFCB02	1	0
08BFF872	08BFF872	1	0
08C00008	08C00008	1	0
08C00206	08C00206	1	0
08C004BC	08C004BC	1	0
08C006A0	08C006A0	1	0
08C00A72	08C00A72	1	0
08C0130F	08C0130F	1	0
08C031E7	08C031E7	1	0
08C06C66	08C06C66	1	0
08C07800	08C07800	2	0
08C08018	08C08018	1	0
08C09B10	08C09B10	1	0
08C09B6C	08C09B6C	1	0
08C0A3A4	08C0A3A4	1	0
08C0AC08	08C0AC08	1	0
08C0B030	08C0B030	1	0
08C0B090	08C0B090	1	0
08C0B0EC	08C0B0EC	1	0
08C0B16C	08C0B16C	1	0
08C0B1E8	08C0B1E8	1	0
08C0B29C	08C0B29C	1	0
08C0EB30	08C0EB30	1	0
08C0EB80	08C0EB80	1	0
08C0F010	08C0F010	1	0
08C0F49C	08C0F49C	1	0
08C0F76C	08C0F76C	1	0
08C0F7CC	08C0F7CC	1	0
08C0F81C	08C0F81C	1	0
08C0F8C8	08C0F8C8	1	0
08C0F970	08C0F970	1	0
08C0FA14	08C0FA14	1	0
08C10011	08C10011	1	0
08C11144	08C11144	1	0
08C13311	08C13311	1	0
08C16BF4	08C16BF4	1	0
08C16C40	08C16C40	1	0
08C17554	08C17554	1	0
08C17800	08C17800	1	0
08C17E7C	08C17E7C	1	0
08C181F4	08C181F4	1	0
08C18254	08C18254	1	0
08C182A4	08C182A4	1	0
08C18734	08C18734	1	0
08C18BC0	08C18BC0	1	0
08C18E90	08C18E90	1	0
08C18EF0	08C18EF0	1	0
08C18F3C	08C18F3C	1	0
08C19014	08C19014	1	0
08C190E4	08C190E4	1	0
08C19194	08C19194	1	0
08C1F798	08C1F798	1	0
08C1F7E4	08C1F7E4	1	0
08C1FF28	08C1FF28	1	0
08C20660	08C20660	1	0
08C208C1	08C208C1	1	0
08C20960	08C20960	1	0
08C209C0	08C209C0	1	0
08C20A10	08C20A10	1	0
08C20EA0	08C20EA0	1	0
08C2132C	08C2132C	1	0
08C215FC	08C215FC	1	0
08C2165C	08C2165C	1	0
08C216A8	08C216A8	1	0
08C21BB8	08C21BB8	1	0
08C220CC	08C220CC	1	0
08C22174	08C22174	1	0
08C25C74	08C25C74	1	0
08C25CD0	08C25CD0	1	0
08C26B18	08C26B18	1	0
08C27940	08C27940	1	0
08C27DD4	08C27DD4	1	0
08C27E34	08C27E34	1	0
08C27E90	08C27E90	1	0
08C27F3C	08C27F3C	1	0
08C27FEC	08C27FEC	1	0
08C28070	08C28070	1	0
08C2C344	08C2C344	1	0
08C2C390	08C2C390	1	0
08C2D958	08C2D958	1	0
08C2EF18	08C2EF18	1	0
08C2F610	08C2F610	1	0
08C2F670	08C2F670	1	0
08C2F6BC	08C2F6BC	1	0
08C30808	08C30808	1	0
08C30D84	08C30D84	1	0
08C32448	08C32448	1	0
08C32B30	08C32B30	1	0
08C335BC	08C335BC	1	0
08C33608	08C33608	1	0
08C33864	08C33864	1	0
08C33AB4	08C33AB4	1	0
08C33C00	08C33C00	1	0
08C33C60	08C33C60	1	0
08C33CAC	08C33CAC	1	0
08C33D8C	08C33D8C	1	0
08C33E68	08C33E68	1	0
08C33EF0	08C33EF0	1	0
08C350C2	08C350C2	1	0
08C37D2C	08C37D2C	1	0
08C37D94	08C37D94	1	0
08C3896C	08C3896C	1	0
08C39538	08C39538	1	0
08C39904	08C39904	1	0
08C39964	08C39964	1	0
08C399CC	08C399CC	1	0
08C39A80	08C39A80	1	0
08C39B34	08C39B34	1	0
08C39BBC	08C39BBC	1	0
08C3D604	08C3D604	1	0
08C3D66C	08C3D66C	1	0
08C3E244	08C3E244	1	0
08C3EE10	08C3EE10	1	0
08C3F1DC	08C3F1DC	1	0
08C3F23C	08C3F23C	1	0
08C3F2A4	08C3F2A4	1	0
08C3F308	08C3F308	1	0
08C3F358	08C3F358	1	0
08C3F40C	08C3F40C	1	0
08C3F494	08C3F494	1	0
08C3FF7F	08C3FF7F	1	0
08C405C0	08C405C0	1	0
08C408C3	08C408C3	1	0
08C42343	08C42343	1	0
08C42F6C	08C42F6C	1	0
08C42FD0	08C42FD0	1	0
08C43BDC	08C43BDC	1	0
08C447D8	08C447D8	1	0
08C44C78	08C44C78	1	0
08C44CD8	08C44CD8	1	0
08C44D3C	08C44D3C	1	0
08C44D90	08C44D90	1	0
08C44DE0	08C44DE0	1	0
08C44E44	08C44E44	1	0
08C47888	08C47888	1	0
08C47FC0	08C47FC0	1	0
08C488A0	08C488A0	1	0
08C48904	08C48904	1	0
08C49510	08C49510	1	0
08C4A10C	08C4A10C	1	0
08C4A5A8	08C4A5A8	1	0
08C4A608	08C4A608	1	0
08C4A66C	08C4A66C	1	0
08C4A6C0	08C4A6C0	1	0
08C4A710	08C4A710	1	0
08C4A774	08C4A774	1	0
08C4ECC8	08C4ECC8	1	0
08C4ED14	08C4ED14	1	0
08C4F680	08C4F680	1	0
08C4FFE8	08C4FFE8	1	0
08C50284	08C50284	1	0
08C502E4	08C502E4	1	0
08C50330	08C50330	1	0
08C505FC	08C505FC	1	0
08C508CC	08C508CC	1	0
08C509F4	08C509F4	1	0
08C50A54	08C50A54	1	0
08C50AA0	08C50AA0	1	0
08C50B6C	08C50B6C	1	0
08C50C30	08C50C30	1	0
08C50C84	08C50C84	1	0
08C58914	08C58914	1	0
08C58960	08C58960	1	0
08C59754	08C59754	1	0
08C5A560	08C5A560	1	0
08C5A958	08C5A958	1	0
08C5A9B8	08C5A9B8	1	0
08C5AA04	08C5AA04	1	0
08C5B4F8	08C5B4F8	1	0
08C5C004	08C5C004	1	0
08C5C1E4	08C5C1E4	1	0
08C5F464	08C5F464	1	0
08C5F4B0	08C5F4B0	1	0
08C5F9B4	08C5F9B4	1	0
08C5FEA0	08C5FEA0	1	0
08C60080	08C60080	1	0
08C600E0	08C600E0	1	0
08C6012C	08C6012C	1	0
08C601C4	08C601C4	1	0
08C60258	08C60258	1	0
08C602D0	08C602D0	1	0
08C63114	08C63114	1	0
08C63160	08C63160	1	0
08C637EC	08C637EC	1	0
08C63E64	08C63E64	1	0
08C640DC	08C640DC	1	0
08C6413C	08C6413C	1	0
08C64188	08C64188	1	0
08C643A0	08C643A0	1	0
08C645B4	08C645B4	1	0
08C646D0	08C646D0	1	0
08C64730	08C64730	1	0
08C6477C	08C6477C	1	0
08C64804	08C64804	1	0
08C64888	08C64888	1	0
08C6490C	08C6490C	1	0
08C64AEF	08C64AEF	1	0
08C66CD0	08C66CD0	1	0
08C66D1C	08C66D1C	1	0
08C675DC	08C675DC	1	0
08C67E90	08C67E90	1	0
08C680D4	08C680D4	1	0
08C68DC8	08C68DC8	1	0
08C68E14	08C68E14	1	0
08C69040	08C69040	1	0
08C69270	08C69270	1	0
08C6937C	08C6937C	1	0
08C693DC	08C693DC	1	0
08C69428	08C69428	1	0
08C694CC	08C694CC	1	0
08C69570	08C69570	1	0
08C695F0	08C695F0	1	0
08C6B4DC	08C6B4DC	1	0
08C6B544	08C6B544	1	0
08C6B9FC	08C6B9FC	1	0
08C6BEBC	08C6BEBC	1	0
08C6C0A0	08C6C0A0	1	0
08C6C100	08C6C100	1	0
08C6C168	08C6C168	1	0
08C6C234	08C6C234	1	0
08C6C2FC	08C6C2FC	1	0
08C6C354	08C6C354	1	0
08C6E180	08C6E180	1	0
08C6E1E8	08C6E1E8	1	0
08C6E6A0	08C6E6A0	1	0
08C6EB60	08C6EB60	1	0
08C6ED44	08C6ED44	1	0
08C6EDA4	08C6EDA4	1	0
08C6EE0C	08C6EE0C	1	0
08C6EE55	08C6EE55	1	0
08C6EED8	08C6EED8	1	0
08C6EFA0	08C6EFA0	1	0
08C6EFF8	08C6EFF8	1	0
08C70300	08C70300	2	0
08C70710	08C70710	1	0
08C70EF0	08C70EF0	1	0
08C70F58	08C70F58	1	0
08C71440	08C71440	1	0
08C71928	08C71928	1	0
08C71B14	08C71B14	1	0
08C71B74	08C71B74	1	0
08C71BDC	08C71BDC	1	0
08C71C88	08C71C88	1	0
08C71D30	08C71D30	1	0
08C71D88	08C71D88	1	0
08C71DE6	08C71DE6	1	0
08C73AB4	08C73AB4	1	0
08C73B1C	08C73B1C	1	0
08C74004	08C74004	1	0
08C744EC	08C744EC	1	0
08C746D8	08C746D8	1	0
08C74738	08C74738	1	0
08C747A0	08C747A0	1	0
08C7484C	08C7484C	1	0
08C748F4	08C748F4	1	0
08C7494C	08C7494C	1	0
08C755AA	08C755AA	1	0
08C7785C	08C7785C	1	0
08C778CC	08C778CC	1	0
08C77CDC	08C77CDC	1	0
08C780E0	08C780E0	1	0
08C78380	08C78380	1	0
08C7B650	08C7B650	1	0
08C7B6C0	08C7B6C0	1	0
08C7C2A0	08C7C2A0	1	0
08C7CC20	08C7CC20	1	0
08C7CE7C	08C7CE7C	1	0
08C7D1F0	08C7D1F0	1	0
08C7D250	08C7D250	1	0
08C7D2C0	08C7D2C0	1	0
08C7D364	08C7D364	1	0
08C7D40C	08C7D40C	1	0
08C7D49C	08C7D49C	1	0
08C803AC	08C803AC	1	0
08C8041C	08C8041C	1	0
08C80710	08C80710	1	0
08C8082C	08C8082C	2	0
08C80901	08C80901	1	0
08C80C30	08C80C30	1	0
08C80ED0	08C80ED0	1	0
08C83CC3	08C83CC3	1	0
08C84058	08C84058	1	0
08C841B8	08C841B8	1	0
08C84228	08C84228	1	0
08C84E08	08C84E08	1	0
08C859E4	08C859E4	1	0
08C85D58	08C85D58	1	0
08C85DB8	08C85DB8	1	0
08C85E28	08C85E28	1	0
08C85ECC	08C85ECC	1	0
08C85F74	08C85F74	1	0
08C86004	08C86004	1	0
08C8A100	08C8A100	1	0
08C8A16C	08C8A16C	1	0
08C8A9FC	08C8A9FC	1	0
08C8B27C	08C8B27C	1	0
08C8B54C	08C8B54C	1	0
08C8B5AC	08C8B5AC	1	0
08C8B618	08C8B618	1	0
08C8C244	08C8C244	1	0
08C8CE68	08C8CE68	1	0
08C8D170	08C8D170	1	0
08C8D1D0	08C8D1D0	1	0
08C8D23C	08C8D23C	1	0
08C8D320	08C8D320	1	0
08C8D404	08C8D404	1	0
08C8D488	08C8D488	1	0
08C8DDD2	08C8DDD2	1	0
08C8EE77	08C8EE77	1	0
08C90CEC	08C90CEC	1	0
08C916EC	08C916EC	1	0
08C91758	08C91758	1	0
08C91976	08C91976	1	0
08C92018	08C92018	1	0
08C928C4	08C928C4	1	0
08C92B90	08C92B90	1	0
08C92BF0	08C92BF0	1	0
08C92C5C	08C92C5C	1	0
08C938B8	08C938B8	1	0
08C94504	08C94504	1	0
08C9480C	08C9480C	1	0
08C9486C	08C9486C	1	0
08C948D8	08C948D8	1	0
08C949BC	08C949BC	1	0
08C94AA0	08C94AA0	1	0
08C94B24	08C94B24	1	0
08C9CCCB	08C9CCCB	1	0
08C9D420	08C9D420	1	0
08C9D494	08C9D494	1	0
08C9E1EC	08C9E1EC	1	0
08C9EF24	08C9EF24	1	0
08C9F388	08C9F388	1	0
08C9F3E8	08C9F3E8	1	0
08C9F45C	08C9F45C	1	0
08CA0584	08CA0584	1	0
08CA1678	08CA1678	1	0
08CA1B1C	08CA1B1C	1	0
08CA1B7C	08CA1B7C	1	0
08CA1BF0	08CA1BF0	1	0
08CA1CC8	08CA1CC8	1	0
08CA1D9C	08CA1D9C	1	0
08CA1E20	08CA1E20	1	0
08CA4803	08CA4803	1	0
08CA6B2D	08CA6B2D	1	0
08CA8020	08CA8020	1	0
08CAA1FC	08CAA1FC	1	0
08CAA260	08CAA260	1	0
08CAAAAA	08CAAAAA	1	0
08CAAC77	08CAAC77	1	0
08CAAFBC	08CAAFBC	1	0
08CABD00	08CABD00	1	0
08CAC158	08CAC158	1	0
08CAC1B8	08CAC1B8	1	0
08CAC21C	08CAC21C	1	0
08CAD101	08CAD101	1	0
08CAD360	08CAD360	1	0
08CADDDD	08CADDDD	1	0
08CAE478	08CAE478	1	0
08CAE90C	08CAE90C	1	0
08CAE96C	08CAE96C	1	0
08CAE9D0	08CAE9D0	1	0
08CAEA94	08CAEA94	1	0
08CAEB58	08CAEB58	1	0
08CAEBDC	08CAEBDC	1	0
08CB084C	08CB084C	1	0
08CB088A	08CB088A	1	0
08CB2064	08CB2064	1	0
08CB20C8	08CB20C8	1	0
08CB26AC	08CB26AC	1	0
08CB2A13	08CB2A13	1	0
08CB2C78	08CB2C78	1	0
08CB2F68	08CB2F68	1	0
08CB2FC8	08CB2FC8	1	0
08CB302C	08CB302C	1	0
08CB30D8	08CB30D8	1	0
08CB3184	08CB3184	1	0
08CB3200	08CB3200	1	0
08CB3260	08CB3260	1	0
08CB32C4	08CB32C4	1	0
08CB38A8	08CB38A8	1	0
08CB3E74	08CB3E74	1	0
08CB4164	08CB4164	1	0
08CB41C4	08CB41C4	1	0
08CB4228	08CB4228	1	0
08CB42D4	08CB42D4	1	0
08CB4380	08CB4380	1	0
08CB43FC	08CB43FC	1	0
08CB7E01	08CB7E01	1	0
08CB8460	08CB8460	1	0
08CB84DC	08CB84DC	1	0
08CB9108	08CB9108	1	0
08CB9D24	08CB9D24	1	0
08CBA0C8	08CBA0C8	1	0
08CBAACB	08CBAACB	1	0
08CBB9CC	08CBB9CC	1	0
08CBFECF	08CBFECF	1	0
08CBFFBB	08CBFFBB	1	0
08CC0351	08CC0351	1	0
08CC09DC	08CC09DC	1	0
08CC0B1C	08CC0B1C	1	0
08CC0D11	08CC0D11	1	0
08CC158F	08CC158F	1	0
08CC1903	08CC1903	1	0
08CC1C09	08CC1C09	1	0
08CC1D98	08CC1D98	1	0
08CC1E14	08CC1E14	1	0
08CC2B60	08CC2B60	1	0
08CC38A4	08CC38A4	1	0
08CC3D84	08CC3D84	1	0
08CC3DE4	08CC3DE4	1	0
08CC3E60	08CC3E60	1	0
08CC4322	08CC4322	1	0
08CC45E8	08CC45E8	1	0
08CC4663	08CC4663	1	0
08CC4D70	08CC4D70	1	0
08CC5220	08CC5220	1	0
08CC5280	08CC5280	1	0
08CC52FC	08CC52FC	1	0
08CC5664	08CC5664	1	0
08CC59CC	08CC59CC	1	0
08CC5BA4	08CC5BA4	1	0
08CC5C04	08CC5C04	1	0
08CC5C80	08CC5C80	1	0
08CC5D1C	08CC5D1C	1	0
08CC5DB8	08CC5DB8	1	0
08CC5E40	08CC5E40	1	0
08CC5EA0	08CC5EA0	1	0
08CC5F1C	08CC5F1C	1	0
08CC6B48	08CC6B48	1	0
08CC7764	08CC7764	1	0
08CC7B08	08CC7B08	1	0
08CC7B68	08CC7B68	1	0
08CC7BE4	08CC7BE4	1	0
08CC8700	08CC8700	1	0
08CC8718	08CC8718	1	0
08CC8930	08CC8930	1	0
08CC8CCC	08CC8CCC	1	0
08CC9674	08CC9674	1	0
08CC9916	08CC9916	1	0
08CC9B54	08CC9B54	1	0
08CC9BB4	08CC9BB4	1	0
08CC9C30	08CC9C30	1	0
08CC9F08	08CC9F08	1	0
08CCA207	08CCA207	1	0
08CCA342	08CCA342	1	0
08CCA3B8	08CCA3B8	1	0
08CCAB40	08CCAB40	1	0
08CCAFF0	08CCAFF0	1	0
08CCB050	08CCB050	1	0
08CCB0CC	08CCB0CC	1	0
08CCB434	08CCB434	1	0
08CCB79C	08CCB79C	1	0
08CCB974	08CCB974	1	0
08CCB9D4	08CCB9D4	1	0
08CCBA50	08CCBA50	1	0
08CCBAEC	08CCBAEC	1	0
08CCBB88	08CCBB88	1	0
08CCBBBC	08CCBBBC	1	0
08CCBC10	08CCBC10	1	0
08CCCBCC	08CCCBCC	1	0
08CCCC28	08CCCC28	1	0
08CCCC3F	08CCCC3F	1	0
08CCCC87	08CCCC87	1	0
08CCCE12	08CCCE12	1	0
08CCD001	08CCD001	1	0
08CCEC1B	08CCEC1B	1	0
08CD0800	08CD0800	1	0
08CD088A	08CD088A	1	0
08CD4300	08CD4300	1	0
08CD5C74	08CD5C74	1	0
08CD5CAC	08CD5CAC	1	0
08CD5DBA	08CD5DBA	1	0
08CD6734	08CD6734	1	0
08CD6D07	08CD6D07	1	0
08CD71C8	08CD71C8	1	0
08CD75AC	08CD75AC	1	0
08CDA7AA	08CDA7AA	1	0
08CDAC25	08CDAC25	1	0
08CDBDAC	08CDBDAC	1	0
08CE00DE	08CE00DE	1	0
08CE00FD	08CE00FD	1	0
08CE3B34	08CE3B34	1	0
08CE3B6C	08CE3B6C	1	0
08CE4880	08CE4880	1	0
08CE558C	08CE558C	1	0
08CE59CC	08CE59CC	1	0
08CEAAAA	08CEAAAA	1	0
08CEBE3E	08CEBE3E	1	0
08CEE344	08CEE344	1	0
08CEEDE7	08CEEDE7	1	0
08CF0500	08CF0500	1	0
08CF08CE	08CF08CE	1	0
08CF1D34	08CF1D34	1	0
08CF1D6C	08CF1D6C	1	0
08CF26DE	08CF26DE	1	0
08CF2954	08CF2954	1	0
08CF352C	08CF352C	1	0
08CF382D	08CF382D	1	0
08CF38D8	08CF38D8	1	0
08CF3938	08CF3938	1	0
08CF3970	08CF3970	1	0
08CF4574	08CF4574	1	0
08CF516C	08CF516C	1	0
08CF5314	08CF5314	1	0
08CF5374	08CF5374	1	0
08CF53AC	08CF53AC	1	0
08CF5474	08CF5474	1	0
08CF553C	08CF553C	1	0
08CF55D0	08CF55D0	1	0
08CF5630	08CF5630	1	0
08CF5668	08CF5668	1	0
08CF60F0	08CF60F0	1	0
08CF6B84	08CF6B84	1	0
08CF6F68	08CF6F68	1	0
08CF6FC8	08CF6FC8	1	0
08CF7000	08CF7000	1	0
08CF7D14	08CF7D14	1	0
08CF8A20	08CF8A20	1	0
08CF8E60	08CF8E60	1	0
08CF8EC0	08CF8EC0	1	0
08CF8EF8	08CF8EF8	1	0
08CF9AE0	08CF9AE0	1	0
08CFA6B8	08CFA6B8	1	0
08CFAA64	08CFAA64	1	0
08CFAAC4	08CFAAC4	1	0
08CFAAFC	08CFAAFC	1	0
08CFB700	08CFB700	1	0
08CFC2F8	08CFC2F8	1	0
08CFC4A0	08CFC4A0	1	0
08CFC500	08CFC500	1	0
08CFC538	08CFC538	1	0
08CFC600	08CFC600	1	0
08CFC6C8	08CFC6C8	1	0
08CFC75C	08CFC75C	1	0
08D00B3C	08D00B3C	1	0
08D02704	08D02704	1	0
08D02778	08D02778	1	0
08D03B9C	08D03B9C	1	0
08D04FB0	08D04FB0	1	0
08D052A8	08D052A8	1	0
08D05308	08D05308	1	0
08D0537C	08D0537C	1	0
08D0556C	08D0556C	1	0
08D0575C	08D0575C	1	0
08D057FC	08D057FC	1	0
08D0585C	08D0585C	1	0
08D058C4	08D058C4	1	0
08D06CE8	08D06CE8	1	0
08D080FC	08D080FC	1	0
08D083F4	08D083F4	1	0
08D08454	08D08454	1	0
08D084BC	08D084BC	1	0
08D086AC	08D086AC	1	0
08D0889C	08D0889C	1	0
08D0893C	08D0893C	1	0
08D108F3	08D108F3	2	0
08D11188	08D11188	1	0
08D111D8	08D111D8	6	0
08D136EC	08D136EC	1	0
08D13758	08D13758	1	0
08D152C4	08D152C4	1	0
08D16E20	08D16E20	1	0
08D171F4	08D171F4	1	0
08D17254	08D17254	1	0
08D172C0	08D172C0	1	0
08D18BB8	08D18BB8	1	0
08D1A4A0	08D1A4A0	1	0
08D1A558	08D1A558	1	0
08D1A880	08D1A880	1	0
08D1A8E0	08D1A8E0	1	0
08D1A94C	08D1A94C	1	0
08D1AB40	08D1AB40	1	0
08D1AD2C	08D1AD2C	1	0
08D1ADB4	08D1ADB4	1	0
08D1AE14	08D1AE14	1	0
08D1AE80	08D1AE80	1	0
08D1C9EC	08D1C9EC	1	0
08D1D8D1	08D1D8D1	1	0
08D1E548	08D1E548	1	0
08D1E91C	08D1E91C	1	0
08D1E97C	08D1E97C	1	0
08D1E9E8	08D1E9E8	1	0
08D202E0	08D202E0	1	0
08D21BC8	08D21BC8	1	0
08D21FA8	08D21FA8	1	0
08D22008	08D22008	1	0
08D22074	08D22074	1	0
08D22268	08D22268	1	0
08D22454	08D22454	1	0
08D224DC	08D224DC	1	0
08D27F18	08D27F18	1	0
08D28A42	08D28A42	1	0
08D2D101	08D2D101	1	0
08D2D450	08D2D450	1	0
08D2D4A4	08D2D4A4	1	0
08D2E1D0	08D2E1D0	1	0
08D2EEE8	08D2EEE8	1	0
08D2F248	08D2F248	1	0
08D2F2A8	08D2F2A8	1	0
08D2F2FC	08D2F2FC	1	0
08D2F4C4	08D2F4C4	1	0
08D2F684	08D2F684	1	0
08D2F70C	08D2F70C	1	0
08D2F76C	08D2F76C	1	0
08D2F7C0	08D2F7C0	1	0
08D304EC	08D304EC	1	0
08D31204	08D31204	1	0
08D31564	08D31564	1	0
08D315C4	08D315C4	1	0
08D31618	08D31618	1	0
08D317E0	08D317E0	1	0
08D319A0	08D319A0	1	0
08D31A28	08D31A28	1	0
08D3218B	08D3218B	1	0
08D33FED	08D33FED	1	0
08D34DD3	08D34DD3	1	0
08D384C8	08D384C8	1	0
08D3852C	08D3852C	1	0
08D39768	08D39768	1	0
08D39AAD	08D39AAD	1	0
08D3A970	08D3A970	1	0
08D3ACF8	08D3ACF8	1	0
08D3AD58	08D3AD58	1	0
08D3ADBC	08D3ADBC	1	0
08D3AF98	08D3AF98	1	0
08D3B174	08D3B174	1	0
08D3B1F8	08D3B1F8	1	0
08D41D00	08D41D00	1	0
08D43C10	08D43C10	1	0
08D43C74	08D43C74	1	0
08D45400	08D45400	1	0
08D46B5C	08D46B5C	1	0
08D46FDC	08D46FDC	1	0
08D4703C	08D4703C	1	0
08D470A0	08D470A0	1	0
08D48A28	08D48A28	1	0
08D4A37C	08D4A37C	1	0
08D4A828	08D4A828	1	0
08D4A888	08D4A888	1	0
08D4A8EC	08D4A8EC	1	0
08D4AAA8	08D4AAA8	1	0
08D4AC60	08D4AC60	1	0
08D4ACE8	08D4ACE8	1	0
08D4D2BC	08D4D2BC	1	0
08D4D32C	08D4D32C	1	0
08D4D5D8	08D4D5D8	1	0
08D4D870	08D4D870	1	0
08D4DB2C	08D4DB2C	1	0
08D4FF60	08D4FF60	1	0
08D4FFD0	08D4FFD0	1	0
08D50032	08D50032	1	0
08D5027C	08D5027C	1	0
08D50514	08D50514	1	0
08D507D0	08D507D0	1	0
08D53CC4	08D53CC4	1	0
08D53D3C	08D53D3C	1	0
08D54304	08D54304	1	0
08D548BC	08D548BC	1	0
08D54BF8	08D54BF8	1	0
08D54C58	08D54C58	1	0
08D54CD0	08D54CD0	1	0
08D54E30	08D54E30	1	0
08D54F90	08D54F90	1	0
08D55050	08D55050	1	0
08D55F06	08D55F06	1	0
08D58E03	08D58E03	1	0
08D58F9C	08D58F9C	1	0
08D59010	08D59010	1	0
08D595D8	08D595D8	1	0
08D59B90	08D59B90	1	0
08D59ECC	08D59ECC	1	0
08D59F2C	08D59F2C	1	0
08D59FA0	08D59FA0	1	0
08D5A100	08D5A100	1	0
08D5A260	08D5A260	1	0
08D5A320	08D5A320	1	0
08D5DB88	08D5DB88	1	0
08D5DBE4	08D5DBE4	1	0
08D5E9CC	08D5E9CC	1	0
08D5F7C0	08D5F7C0	1	0
08D5FC34	08D5FC34	1	0
08D5FC94	08D5FC94	1	0
08D5FCF0	08D5FCF0	1	0
08D5FFB0	08D5FFB0	1	0
08D6026C	08D6026C	1	0
08D60330	08D60330	1	0
08D603F8	08D603F8	1	0
08D608D5	08D608D5	1	0
08D6399C	08D6399C	2	0
08D63C80	08D63C80	1	0
08D63CC8	08D63CC8	1	0
08D64AB0	08D64AB0	1	0
08D658A4	08D658A4	1	0
08D65D18	08D65D18	1	0
08D65D78	08D65D78	1	0
08D65DC0	08D65DC0	1	0
08D66080	08D66080	1	0
08D6633C	08D6633C	1	0
08D664C8	08D664C8	1	0
08D69794	08D69794	1	0
08D697E0	08D697E0	1	0
08D6A0D8	08D6A0D8	1	0
08D6A9D8	08D6A9D8	1	0
08D6AF20	08D6AF20	1	0
08D6DE80	08D6DE80	1	0
08D6DECC	08D6DECC	1	0
08D6E7C4	08D6E7C4	1	0
08D6F0C4	08D6F0C4	1	0
08D6F60C	08D6F60C	1	0
08D725E0	08D725E0	1	0
08D7262C	08D7262C	1	0
08D72B48	08D72B48	1	0
08D7305C	08D7305C	1	0
08D73300	08D73300	1	0
08D73360	08D73360	1	0
08D733AC	08D733AC	1	0
08D73678	08D73678	1	0
08D7393C	08D7393C	1	0
08D73AD0	08D73AD0	1	0
08D76650	08D76650	1	0
08D766A0	08D766A0	1	0
08D76BBC	08D76BBC	1	0
08D770D0	08D770D0	1	0
08D77374	08D77374	1	0
08D773D4	08D773D4	1	0
08D77424	08D77424	1	0
08D776F0	08D776F0	1	0
08D779B4	08D779B4	1	0
08D77B48	08D77B48	1	0
08D7A838	08D7A838	1	0
08D7A884	08D7A884	1	0
08D7AC80	08D7AC80	1	0
08D7B070	08D7B070	1	0
08D7B3EC	08D7B3EC	1	0
08D7B44C	08D7B44C	1	0
08D7B498	08D7B498	1	0
08D7B499	08D7B499	1	0
08D7B974	08D7B974	1	0
08D7BE4C	08D7BE4C	1	0
08D7C078	08D7C078	1	0
08D7E820	08D7E820	1	0
08D7E888	08D7E888	1	0
08D7ED3C	08D7ED3C	1	0
08D7F1F4	08D7F1F4	1	0
08D7F55C	08D7F55C	1	0
08D80084	08D80084	1	0
08D800EC	08D800EC	1	0
08D80170	08D80170	1	0
08D801F8	08D801F8	1	0
08D80270	08D80270	1	0
08D802C8	08D802C8	1	0
08D80330	08D80330	1	0
08D80490	08D80490	1	0
08D805EC	08D805EC	1	0
08D806D4	08D806D4	1	0
08D81124	08D81124	1	0
08D8118C	08D8118C	1	0
08D812EC	08D812EC	1	0
08D81448	08D81448	1	0
08D81530	08D81530	1	0
08D818BB	08D818BB	4	0
08D81D60	08D81D60	1	0
08D8406C	08D8406C	1	0
08D840DC	08D840DC	1	0
08D84198	08D84198	1	0
08D8419F	08D8419F	1	0
08D84254	08D84254	1	0
08D842DC	08D842DC	1	0
08D8433C	08D8433C	1	0
08D843AC	08D843AC	1	0
08D846DC	08D846DC	1	0
08D84700	08D84700	1	0
08D849F8	08D849F8	1	0
08D84C60	08D84C60	1	0
08D85B9F	08D85B9F	1	0
08D86860	08D86860	1	0
08D868C8	08D868C8	1	0
08D86C0C	08D86C0C	1	0
08D86F54	08D86F54	1	0
08D871AC	08D871AC	1	0
08D8720C	08D8720C	1	0
08D87274	08D87274	1	0
08D87370	08D87370	1	0
08D87468	08D87468	1	0
08D87514	08D87514	1	0
08D87700	08D87700	1	0
08D89ADC	08D89ADC	1	0
08D89B3C	08D89B3C	1	0
08D89BFC	08D89BFC	1	0
08D89CB8	08D89CB8	1	0
08D89D38	08D89D38	1	0
08D89D98	08D89D98	1	0
08D89DF8	08D89DF8	1	0
08D8A060	08D8A060	1	0
08D8A2C0	08D8A2C0	1	0
08D8A42C	08D8A42C	1	0
08D8BCEF	08D8BCEF	1	0
08D8D7C8	08D8D7C8	1	0
08D8D834	08D8D834	1	0
08D8DD30	08D8DD30	1	0
08D8E230	08D8E230	1	0
08D8E4D0	08D8E4D0	1	0
08D8E530	08D8E530	1	0
08D8E59C	08D8E59C	1	0
08D8E81C	08D8E81C	1	0
08D8EA98	08D8EA98	1	0
08D8EC04	08D8EC04	1	0
08D90600	08D90600	1	0
08D91870	08D91870	1	0
08D918CC	08D918CC	1	0
08D91D40	08D91D40	1	0
08D921A8	08D921A8	1	0
08D92470	08D92470	1	0
08D924D0	08D924D0	1	0
08D9252C	08D9252C	1	0
08D925EC	08D925EC	1	0
08D926A8	08D926A8	1	0
08D9273C	08D9273C	1	0
08D94499	08D94499	1	0
08D96540	08D96540	1	0
08D96598	08D96598	1	0
08D970D8	08D970D8	1	0
08D97C1C	08D97C1C	1	0
08D98108	08D98108	1	0
08D98168	08D98168	1	0
08D981C0	08D981C0	1	0
08D9825C	08D9825C	1	0
08D982F8	08D982F8	1	0
08D98384	08D98384	1	0
08D983E4	08D983E4	1	0
08D9843C	08D9843C	1	0
08D98F7C	08D98F7C	1	0
08D99AC0	08D99AC0	1	0
08D99FAC	08D99FAC	1	0
08D9A00C	08D9A00C	1	0
08D9A064	08D9A064	1	0
08D9A100	08D9A100	1	0
08D9A19C	08D9A19C	1	0
08D9A228	08D9A228	1	0
08D9D0DC	08D9D0DC	1	0
08D9D128	08D9D128	1	0
08D9D524	08D9D524	1	0
08D9D918	08D9D918	1	0
08D9DCCC	08D9DCCC	1	0
08D9DD2C	08D9DD2C	1	0
08D9DD78	08D9DD78	1	0
08D9DDF8	08D9DDF8	1	0
08D9DE78	08D9DE78	1	0
08D9DEF8	08D9DEF8	1	0
08DA08D9	08DA08D9	1	0
08DA1600	08DA1600	2	0
08DA29F0	08DA29F0	1	0
08DA2A3C	08DA2A3C	1	0
08DA2DB8	08DA2DB8	1	0
08DA3148	08DA3148	1	0
08DA3534	08DA3534	1	0
08DA55D5	08DA55D5	1	0
08DA6CA8	08DA6CA8	1	0
08DA6CF4	08DA6CF4	1	0
08DA70CC	08DA70CC	1	0
08DA74A0	08DA74A0	1	0
08DA770C	08DA770C	1	0
08DA908C	08DA908C	1	0
08DA90D8	08DA90D8	1	0
08DA92CC	08DA92CC	1	0
08DA94B8	08DA94B8	1	0
08DA9634	08DA9634	1	0
08DA9694	08DA9694	1	0
08DA96E0	08DA96E0	1	0
08DA9758	08DA9758	1	0
08DA97CC	08DA97CC	1	0
08DA982C	08DA982C	1	0
08DAAAAA	08DAAAAA	1	0
08DAAAD8	08DAAAD8	5	0
08DAABD2	08DAABD2	1	0
08DAC700	08DAC700	1	0
08DAC738	08DAC738	1	0
08DACA04	08DACA04	1	0
08DACCC8	08DACCC8	1	0
08DACFFC	08DACFFC	1	0
08DAD8DA	08DAD8DA	1	0
08DB03CB	08DB03CB	1	0
08DB13D4	08DB13D4	1	0
08DB140C	08DB140C	1	0
08DB14FE	08DB14FE	1	0
08DB1703	08DB1703	1	0
08DB1B38	08DB1B38	1	0
08DB2264	08DB2264	1	0
08DB2600	08DB2600	1	0
08DB2FB4	08DB2FB4	1	0
08DB2FEC	08DB2FEC	1	0
08DB3838	08DB3838	1	0
08DB407C	08DB407C	1	0
08DB4100	08DB4100	1	0
08DB6AE4	08DB6AE4	1	0
08DB6B38	08DB6B38	1	0
08DB7118	08DB7118	1	0
08DB76EC	08DB76EC	1	0
08DB7908	08DB7908	1	0
08DB7968	08DB7968	1	0
08DB79BC	08DB79BC	1	0
08DB7A80	08DB7A80	1	0
08DB7B40	08DB7B40	1	0
08DB7BC0	08DB7BC0	1	0
08DB9E7C	08DB9E7C	1	0
08DB9ED0	08DB9ED0	1	0
08DBA208	08DBA208	1	0
08DBA53C	08DBA53C	1	0
08DBA684	08DBA684	1	0
08DBA6E4	08DBA6E4	1	0
08DBA738	08DBA738	1	0
08DBA9C0	08DBA9C0	1	0
08DBAC48	08DBAC48	1	0
08DBAC5F	08DBAC5F	1	0
08DBAD48	08DBAD48	1	0
08DBADA8	08DBADA8	1	0
08DBADFC	08DBADFC	1	0
08DBAEAC	08DBAEAC	1	0
08DBAF5C	08DBAF5C	1	0
08DBAFE0	08DBAFE0	1	0
08DBBB88	08DBBB88	1	0
08DBBBD8	08DBBBD8	5	0
08DBC3CC	08DBC3CC	1	0
08DBDD22	08DBDD22	1	0
08DC096C	08DC096C	1	0
08DC09B0	08DC09B0	1	0
08DC10B4	08DC10B4	1	0
08DC17B8	08DC17B8	1	0
08DC1B00	08DC1B00	1	0
08DC1C54	08DC1C54	1	0
08DC5700	08DC5700	1	0
08DC60EE	08DC60EE	1	0
08DC65E0	08DC65E0	1	0
08DC6624	08DC6624	1	0
08DC6DF4	08DC6DF4	1	0
08DC75BC	08DC75BC	1	0
08DC7994	08DC7994	1	0
08DC845C	08DC845C	1	0
08DC84B8	08DC84B8	1	0
08DC864C	08DC864C	1	0
08DC87E0	08DC87E0	1	0
08DC8890	08DC8890	1	0
08DCA853	08DCA853	1	0
08DCAA1F	08DCAA1F	1	0
08DCB880	08DCB880	1	0
08DCB8B8	08DCB8B8	1	0
08DCBD70	08DCBD70	1	0
08DCBF9F	08DCBF9F	1	0
08DCC22C	08DCC22C	1	0
08DCC5A4	08DCC5A4	1	0
08DCC604	08DCC604	1	0
08DCC63C	08DCC63C	1	0
08DCCAF4	08DCCAF4	1	0
08DCCCBC	08DCCCBC	1	0
08DCCFB0	08DCCFB0	1	0
08DCD328	08DCD328	1	0
08DD04DE	08DD04DE	1	0
08DD10EB	08DD10EB	1	0
08DD1290	08DD1290	1	0
08DD12C8	08DD12C8	1	0
08DD17A8	08DD17A8	1	0
08DD1C90	08DD1C90	1	0
08DD1E06	08DD1E06	1	0
08DD1F90	08DD1F90	1	0
08DD4C9C	08DD4C9C	1	0
08DD5D34	08DD5D34	1	0
08DD5D6C	08DD5D6C	1	0
08DD636C	08DD636C	1	0
08DD6677	08DD6677	1	0
08DD6766	08DD6766	1	0
08DD6974	08DD6974	1	0
08DD6C4C	08DD6C4C	1	0
08DD6CAC	08DD6CAC	1	0
08DD6CE4	08DD6CE4	1	0
08DD6D66	08DD6D66	1	0
08DD6D78	08DD6D78	1	0
08DD6E10	08DD6E10	1	0
08DD6EC4	08DD6EC4	1	0
08DD94B8	08DD94B8	1	0
08DD94F0	08DD94F0	1	0
08DD98C4	08DD98C4	1	0
08DD9C98	08DD9C98	1	0
08DD9F08	08DD9F08	1	0
08DD9F68	08DD9F68	1	0
08DD9FA0	08DD9FA0	1	0
08DDA034	08DDA034	1	0
08DDA0CC	08DDA0CC	1	0
08DDA180	08DDA180	1	0
08DDA1E0	08DDA1E0	1	0
08DDA218	08DDA218	1	0
08DDA6F8	08DDA6F8	1	0
08DDABE0	08DDABE0	1	0
08DDAEE0	08DDAEE0	1	0
08DDAF40	08DDAF40	1	0
08DDAF78	08DDAF78	1	0
08DDB578	08DDB578	1	0
08DDB66B	08DDB66B	1	0
08DDBB80	08DDBB80	1	0
08DDBE58	08DDBE58	1	0
08DDBEB8	08DDBEB8	1	0
08DDBEF0	08DDBEF0	1	0
08DDBF84	08DDBF84	1	0
08DDC01C	08DDC01C	1	0
08DDC0D0	08DDC0D0	1	0
08DDC130	08DDC130	1	0
08DDC168	08DDC168	1	0
08DDC53C	08DDC53C	1	0
08DDC910	08DDC910	1	0
08DDCB80	08DDCB80	1	0
08DDCBE0	08DDCBE0	1	0
08DDCC18	08DDCC18	1	0
08DDCCAC	08DDCCAC	1	0
08DDCD44	08DDCD44	1	0
08DDCDF8	08DDCDF8	1	0
08DDDB66	08DDDB66	1	0
08DDDBC7	08DDDBC7	1	0
08DDDD8D	08DDDD8D	1	0
08DDDDCC	08DDDDCC	1	0
08DE0310	08DE0310	1	0
08DE42D8	08DE42D8	1	0
08DE4310	08DE4310	1	0
08DE4794	08DE4794	1	0
08DE4C1C	08DE4C1C	1	0
08DE4EA8	08DE4EA8	1	0
08DE4F08	08DE4F08	1	0
08DE4F40	08DE4F40	1	0
08DE53C4	08DE53C4	1	0
08DE584C	08DE584C	1	0
08DE5AD8	08DE5AD8	1	0
08DECEEE	08DECEEE	1	0
08DED211	08DED211	1	0
08DEEEBC	08DEEEBC	1	0
08DEF0FE	08DEF0FE	1	0
08DEFDC7	08DEFDC7	1	0
08DF03E4	08DF03E4	1	0
08DF041C	08DF041C	1	0
08DF0AE0	08DF0AE0	1	0
08DF1065	08DF1065	1	0
08DF11A8	08DF11A8	1	0
08DF13DC	08DF13DC	1	0
08DF143C	08DF143C	1	0
08DF1474	08DF1474	1	0
08DF1754	08DF1754	1	0
08DF1A34	08DF1A34	1	0
08DF1BBC	08DF1BBC	1	0
08DF1C1C	08DF1C1C	1	0
08DF1C54	08DF1C54	1	0
08DF1CF0	08DF1CF0	1	0
08DF1D8C	08DF1D8C	1	0
08DF1E1C	08DF1E1C	1	0
08DF1F77	08DF1F77	1	0
08DF33A2	08DF33A2	1	0
08DF38F5	08DF38F5	1	0
08DF5048	08DF5048	1	0
08DF5080	08DF5080	1	0
08DF53E4	08DF53E4	1	0
08DF5748	08DF5748	1	0
08DF5958	08DF5958	1	0
08DFBAA8	08DFBAA8	1	0
08DFBAE0	08DFBAE0	1	0
08DFC020	08DFC020	1	0
08DFC55C	08DFC55C	1	0
08DFC7CC	08DFC7CC	1	0
08DFD520	08DFD520	1	0
08DFEB08	08DFEB08	1	0
08DFEEFF	08DFEEFF	1	0
08DFFC11	08DFFC11	1	0
08DFFFF8	08DFFFF8	1	0
08E000CB	08E000CB	1	0
08E01055	08E01055	1	0
08E01BD4	08E01BD4	1	0
08E01C0C	08E01C0C	1	0
08E02140	08E02140	1	0
08E021EC	08E021EC	1	0
08E027C4	08E027C4	1	0
08E029E4	08E029E4	1	0
08E055F5	08E055F5	1	0
08E05C00	08E05C00	1	0
08E05C38	08E05C38	1	0
08E05E2C	08E05E2C	1	0
08E06020	08E06020	1	0
08E0618C	08E0618C	1	0
08E061EC	08E061EC	1	0
08E06224	08E06224	1	0
08E062D8	08E062D8	1	0
08E06384	08E06384	1	0
08E063E0	08E063E0	1	0
08E06440	08E06440	1	0
08E06478	08E06478	1	0
08E06A58	08E06A58	1	0
08E07030	08E07030	1	0
08E07250	08E07250	1	0
08E072B0	08E072B0	1	0
08E072E8	08E072E8	1	0
08E074DC	08E074DC	1	0
08E076D0	08E076D0	1	0
08E0783C	08E0783C	1	0
08E0CD00	08E0CD00	1	0
08E0CD38	08E0CD38	1	0
08E0D330	08E0D330	1	0
08E0D588	08E0D588	1	0
08E0D92C	08E0D92C	1	0
08E0DBE4	08E0DBE4	1	0
08E0DC44	08E0DC44	1	0
08E0DC7C	08E0DC7C	1	0
08E0DD30	08E0DD30	1	0
08E0DDDC	08E0DDDC	1	0
08E0DE38	08E0DE38	1	0
08E0ECBC	08E0ECBC	1	0
08E108E0	08E108E0	1	0
08E110A4	08E110A4	1	0
08E110DC	08E110DC	1	0
08E11470	08E11470	1	0
08E11800	08E11800	1	0
08E11A98	08E11A98	1	0
08E11AF8	08E11AF8	1	0
08E11B30	08E11B30	1	0
08E11EC4	08E11EC4	1	0
08E12254	08E12254	1	0
08E124EC	08E124EC	1	0
08E17CB0	08E17CB0	1	0
08E17CE8	08E17CE8	1	0
08E183A0	08E183A0	1	0
08E18A5C	08E18A5C	1	0
08E18EEC	08E18EEC	1	0
08E202FD	08E202FD	1	0
08E232B4	08E232B4	1	0
08E232E8	08E232E8	1	0
08E23C84	08E23C84	1	0
08E24620	08E24620	1	0
08E2499C	08E2499C	1	0
08E249FC	08E249FC	1	0
08E24A30	08E24A30	1	0
08E24C2C	08E24C2C	1	0
08E24E2C	08E24E2C	1	0
08E24EF0	08E24EF0	1	0
08E24F50	08E24F50	1	0
08E24F88	08E24F88	1	0
08E25924	08E25924	1	0
08E262C0	08E262C0	1	0
08E2663C	08E2663C	1	0
08E2669C	08E2669C	1	0
08E266D4	08E266D4	1	0
08E268D0	08E268D0	1	0
08E26AD0	08E26AD0	1	0
08E26B94	08E26B94	1	0
08E27664	08E27664	1	0
08E2769C	08E2769C	1	0
08E27801	08E27801	1	0
08E27844	08E27844	1	0
08E279F8	08E279F8	1	0
08E27B60	08E27B60	1	0
08E2DD97	08E2DD97	1	0
08E30700	08E30700	1	0
08E308E2	08E308E2	1	0
08E31037	08E31037	1	0
08E32577	08E32577	1	0
08E336B8	08E336B8	1	0
08E336F0	08E336F0	1	0
08E33A00	08E33A00	1	0
08E33D80	08E33D80	1	0
08E3441C	08E3441C	1	0
08E34640	08E34640	1	0
08E346A0	08E346A0	1	0
08E346D8	08E346D8	1	0
08E34770	08E34770	1	0
08E34D68	08E34D68	1	0
08E35404	08E35404	1	0
08E355BC	08E355BC	1	0
08E39000	08E39000	1	0
08E39F3F	08E39F3F	1	0
08E3D3DC	08E3D3DC	1	0
08E3D414	08E3D414	1	0
08E3D9C8	08E3D9C8	1	0
08E3DF7C	08E3DF7C	1	0
08E3E124	08E3E124	1	0
08E40051	08E40051	1	0
08E40170	08E40170	1	0
08E40B03	08E40B03	1	0
08E41470	08E41470	1	0
08E414AA	08E414AA	1	0
08E414C8	08E414C8	1	0
08E41844	08E41844	1	0
08E41BCC	08E41BCC	1	0
08E41C5C	08E41C5C	1	0
08E42421	08E42421	1	0
08E42BBB	08E42BBB	1	0
08E44442	08E44442	1	0
08E448FF	08E448FF	1	0
08E44903	08E44903	1	0
08E44D78	08E44D78	1	0
08E44DD0	08E44DD0	1	0
08E44F1F	08E44F1F	1	0
08E45100	08E45100	1	0
08E4543C	08E4543C	1	0
08E454D4	08E454D4	1	0
08E45ED4	08E45ED4	1	0
08E45F0C	08E45F0C	1	0
08E45FE0	08E45FE0	1	0
08E460B4	08E460B4	1	0
08E46134	08E46134	1	0
08E46194	08E46194	1	0
08E461FC	08E461FC	1	0
08E46280	08E46280	1	0
08E46308	08E46308	1	0
08E46380	08E46380	1	0
08E463D8	08E463D8	1	0
08E46410	08E46410	1	0
08E469C4	08E469C4	1	0
08E46F78	08E46F78	1	0
08E47120	08E47120	1	0
08E4E4C4	08E4E4C4	1	0
08E4EE4E	08E4EE4E	1	0
08E503E0	08E503E0	1	0
08E553B5	08E553B5	1	0
08E5AACA	08E5AACA	1	0
08E60170	08E60170	1	0
08E66668	08E66668	1	0
08E7031D	08E7031D	1	0
08E7034D	08E7034D	1	0
08E76776	08E76776	1	0
08E7EED5	08E7EED5	1	0
08E80008	08E80008	1	0
08E80088	08E80088	1	0
08E80170	08E80170	1	0
08E80868	08E80868	1	0
08E80D10	08E80D10	1	0
08E81508	08E81508	1	0
08E81808	08E81808	1	0
08E88E88	08E88E88	1	0
08E8A9EB	08E8A9EB	1	0
08E8C025	08E8C025	1	0
08E8EE8E	08E8EE8E	1	0
08E9006A	08E9006A	1	0
08E90310	08E90310	1	0
08E98845	08E98845	1	0
08EA0001	08EA0001	1	0
08EA00E9	08EA00E9	1	0
08EA0588	08EA0588	1	0
08EA0700	08EA0700	1	0
08EB06BB	08EB06BB	1	0
08EB1E00	08EB1E00	1	0
08EBB33B	08EBB33B	1	0
08EBBCBC	08EBBCBC	1	0
08EC0800	08EC0800	1	0
08EC08EB	08EC08EB	1	0
08EC0CCB	08EC0CCB	1	0
08ED0115	08ED0115	3	0
08ED2111	08ED2111	1	0
08ED406F	08ED406F	1	0
08ED5305	08ED5305	1	0
08EDDEF0	08EDDEF0	1	0
08EDEE66	08EDEE66	1	0
08EE0320	08EE0320	1	0
08EE08ED	08EE08ED	1	0
08EE0C00	08EE0C00	6	0
08EE1444	08EE1444	1	0
08EE1464	08EE1464	1	0
08EE1C28	08EE1C28	1	0
08EE1C48	08EE1C48	2	0
08EE2570	08EE2570	1	0
08EE2590	08EE2590	2	0
08EE2D38	08EE2D38	1	0
08EE2D58	08EE2D58	3	0
08EE34C4	08EE34C4	1	0
08EE34E4	08EE34E4	12	0
08EE3BAC	08EE3BAC	1	0
08EE3BCC	08EE3BCC	2	0
08EE3F62	08EE3F62	1	0
08EE4394	08EE4394	1	0
08EE43B4	08EE43B4	1	0
08EE4444	08EE4444	1	0
08EE44E4	08EE44E4	1	0
08EE4C24	08EE4C24	1	0
08EE4C44	08EE4C44	4	0
08EE4F42	08EE4F42	1	0
08EE5487	08EE5487	1	0
08EE54DC	08EE54DC	1	0
08EE54FC	08EE54FC	1	0
08EE5B30	08EE5B30	1	0
08EE5B50	08EE5B50	7	0
08EE6224	08EE6224	1	0
08EE6244	08EE6244	4	0
08EE6A18	08EE6A18	1	0
08EE6A38	08EE6A38	2	0
08EE6F55	08EE6F55	1	0
08EE7118	08EE7118	1	0
08EE7138	08EE7138	3	0
08EE7760	08EE7760	1	0
08EE7780	08EE7780	1	0
08EE7F50	08EE7F50	1	0
08EE7F70	08EE7F70	2	0
08EE8600	08EE8600	1	0
08EE8760	08EE8760	1	0
08EE8780	08EE8780	2	0
08EE9030	08EE9030	1	0
08EE9050	08EE9050	2	0
08EE90CB	08EE90CB	1	0
08EE9824	08EE9824	1	0
08EE9844	08EE9844	2	0
08EE9889	08EE9889	1	0
08EEA078	08EEA078	1	0
08EEA098	08EEA098	4	0
08EEA910	08EEA910	1	0
08EEA930	08EEA930	11	0
08EEAFF4	08EEAFF4	1	0
08EEB014	08EEB014	1	0
08EEB69C	08EEB69C	1	0
08EEB6BC	08EEB6BC	3	0
08EEBDEC	08EEBDEC	1	0
08EEBE0C	08EEBE0C	2	0
08EEBE0F	08EEBE0F	1	0
08EEC4D0	08EEC4D0	1	0
08EEC4F0	08EEC4F0	2	0
08EEC600	08EEC600	1	0
08EECC6C	08EECC6C	1	0
08EECC8C	08EECC8C	3	0
08EED410	08EED410	1	0
08EED430	08EED430	1	0
08EEDC66	08EEDC66	1	0
08EEDD38	08EEDD38	1	0
08EEDD58	08EEDD58	1	0
08EEE420	08EEE420	1	0
08EEE440	08EEE440	1	0
08EEE44E	08EEE44E	1	0
08EEE88E	08EEE88E	1	0
08EEEAB8	08EEEAB8	1	0
08EEEAD8	08EEEAD8	7	0
08EEEDCB	08EEEDCB	1	0
08EEEE1F	08EEEE1F	1	0
08EEEE22	08EEEE22	1	0
08EEEECF	08EEEECF	1	0
08EEEEEE	08EEEEEE	1	0
08EEF194	08EEF194	1	0
08EEF1B4	08EEF1B4	6	0
08EEF890	08EEF890	1	0
08EEF8B0	08EEF8B0	7	0
08EEFEEE	08EEFEEE	1	0
08EEFF6B	08EEFF6B	1	0
08EF0000	08EF0000	1	0
08EF0014	08EF0014	1	0
08EF0034	08EF0034	2	0
08EF08B8	08EF08B8	1	0
08EF08D8	08EF08D8	1	0
08EF0F84	08EF0F84	1	0
08EF0FA4	08EF0FA4	1	0
08EF15F8	08EF15F8	1	0
08EF1618	08EF1618	1	0
08EF1638	08EF1638	6	0
08EF1658	08EF1658	4	0
08EF1678	08EF1678	2	0
08EF1698	08EF1698	2	0
08EF16B8	08EF16B8	1	0
08EF16D8	08EF16D8	1	0
08EF16F8	08EF16F8	1	0
08EF1718	08EF1718	1	0
08EF1738	08EF1738	1	0
08EF1758	08EF1758	1	0
08EF1778	08EF1778	1	0
08EF1798	08EF1798	1	0
08EF17B8	08EF17B8	1	0
08EF17D8	08EF17D8	1	0
08EF17F8	08EF17F8	1	0
08EF1818	08EF1818	1	0
08EF1838	08EF1838	1	0
08EF1858	08EF1858	1	0
08EF1878	08EF1878	1	0
08EF1898	08EF1898	1	0
08EF18B8	08EF18B8	1	0
08EF18D8	08EF18D8	1	0
08EF18F8	08EF18F8	1	0
08EF1918	08EF1918	1	0
08EF1938	08EF1938	1	0
08EF1958	08EF1958	1	0
08EF1978	08EF1978	1	0
08EF1998	08EF1998	1	0
08EF19B8	08EF19B8	1	0
08EF19D8	08EF19D8	1	0
08EF19F8	08EF19F8	1	0
08EF1A18	08EF1A18	1	0
08EF1A38	08EF1A38	1	0
08EF1A58	08EF1A58	1	0
08EF1A78	08EF1A78	1	0
08EF1A98	08EF1A98	1	0
08EF1AB8	08EF1AB8	1	0
08EF1AD8	08EF1AD8	1	0
08EF1AF8	08EF1AF8	1	0
08EF1B18	08EF1B18	2	0
08EF1F26	08EF1F26	1	0
08EF2260	08EF2260	1	0
08EF2280	08EF2280	1	0
08EF22A0	08EF22A0	1	0
08EF22C0	08EF22C0	1	0
08EF22E0	08EF22E0	1	0
08EF2300	08EF2300	1	0
08EF2320	08EF2320	1	0
08EF2340	08EF2340	1	0
08EF2360	08EF2360	1	0
08EF2380	08EF2380	1	0
08EF23A0	08EF23A0	1	0
08EF23C0	08EF23C0	1	0
08EF23E0	08EF23E0	1	0
08EF2400	08EF2400	1	0
08EF2420	08EF2420	1	0
08EF2440	08EF2440	1	0
08EF2460	08EF2460	1	0
08EF2480	08EF2480	1	0
08EF24A0	08EF24A0	1	0
08EF24C0	08EF24C0	1	0
08EF2DB8	08EF2DB8	1	0
08EF2DD8	08EF2DD8	1	0
08EF2DF8	08EF2DF8	1	0
08EF2E18	08EF2E18	1	0
08EF2E38	08EF2E38	1	0
08EF2E58	08EF2E58	1	0
08EF2E78	08EF2E78	1	0
08EF2E98	08EF2E98	1	0
08EF2EB8	08EF2EB8	1	0
08EF2ED8	08EF2ED8	1	0
08EF2EF8	08EF2EF8	1	0
08EF3FF0	08EF3FF0	1	0
08EF9000	08EF9000	1	0
08EF9054	08EF9054	1	0
08EF90BC	08EF90BC	1	0
08EF9128	08EF9128	1	0
08EF9194	08EF9194	1	0
08EF9200	08EF9200	1	0
08EF9268	08EF9268	1	0
08EF92B8	08EF92B8	1	0
08EF931C	08EF931C	1	0
08EF9380	08EF9380	1	0
08EF93E4	08EF93E4	1	0
08EF9440	08EF9440	1	0
08EF949C	08EF949C	1	0
08EF94F8	08EF94F8	1	0
08EF9554	08EF9554	1	0
08EF95B0	08EF95B0	1	0
08EF9600	08EF9600	1	0
08EF9664	08EF9664	1	0
08EF96B4	08EF96B4	1	0
08EF9708	08EF9708	1	0
08EF975C	08EF975C	1	0
08EF97AC	08EF97AC	1	0
08EF9808	08EF9808	1	0
08EF9864	08EF9864	1	0
08EF98C8	08EF98C8	1	0
08EF991C	08EF991C	1	0
08EF9970	08EF9970	1	0
08EF99C4	08EF99C4	1	0
08EF9A18	08EF9A18	1	0
08EF9A68	08EF9A68	1	0
08EF9AB8	08EF9AB8	1	0
08EF9B08	08EF9B08	1	0
08EF9B58	08EF9B58	1	0
08EF9BB0	08EF9BB0	1	0
08EF9C08	08EF9C08	1	0
08EF9C48	08EF9C48	1	0
08EF9C9C	08EF9C9C	1	0
08EF9CF0	08EF9CF0	1	0
08EF9D2C	08EF9D2C	1	0
08EF9D68	08EF9D68	1	0
08EF9DD4	08EF9DD4	1	0
08EF9E28	08EF9E28	1	0
08EF9E7C	08EF9E7C	1	0
08EF9ED0	08EF9ED0	1	0
08EF9F20	08EF9F20	1	0
08EF9F84	08EF9F84	1	0
08EF9FC0	08EF9FC0	1	0
08EFA014	08EFA014	1	0
08EFA06C	08EFA06C	1	0
08EFA0C4	08EFA0C4	1	0
08EFA100	08EFA100	1	0
08EFA150	08EFA150	1	0
08EFA1A0	08EFA1A0	1	0
08EFA1F0	08EFA1F0	1	0
08EFA22C	08EFA22C	1	0
08EFA280	08EFA280	1	0
08EFA2DC	08EFA2DC	1	0
08EFA338	08EFA338	1	0
08EFA398	08EFA398	1	0
08EFA3E8	08EFA3E8	1	0
08EFA430	08EFA430	1	0
08EFA480	08EFA480	1	0
08EFA4D0	08EFA4D0	1	0
08EFA50C	08EFA50C	1	0
08EFA55C	08EFA55C	1	0
08EFA5AC	08EFA5AC	1	0
08EFA5FC	08EFA5FC	1	0
08EFA660	08EFA660	1	0
08EFA6B4	08EFA6B4	1	0
08EFA710	08EFA710	1	0
08EFA770	08EFA770	1	0
08EFA7C0	08EFA7C0	1	0
08EFA814	08EFA814	1	0
08EFA868	08EFA868	1	0
08EFA8BC	08EFA8BC	1	0
08EFA910	08EFA910	1	0
08EFA964	08EFA964	1	0
08EFA9B8	08EFA9B8	1	0
08EFAA0C	08EFAA0C	1	0
08EFAA48	08EFAA48	1	0
08EFAA98	08EFAA98	1	0
08EFAAE0	08EFAAE0	1	0
08EFAB34	08EFAB34	1	0
08EFAB8C	08EFAB8C	1	0
08EFABDC	08EFABDC	1	0
08EFAC2C	08EFAC2C	1	0
08EFAC7C	08EFAC7C	1	0
08EFACCC	08EFACCC	1	0
08EFAD08	08EFAD08	1	0
08EFAD44	08EFAD44	1	0
08EFAD80	08EFAD80	1	0
08EFADBC	08EFADBC	1	0
08EFAE10	08EFAE10	1	0
08EFAE64	08EFAE64	1	0
08EFAEAC	08EFAEAC	1	0
08EFAEE8	08EFAEE8	1	0
08EFAF4C	08EFAF4C	1	0
08EFAFB0	08EFAFB0	1	0
08EFB004	08EFB004	1	0
08EFB054	08EFB054	1	0
08EFB0A4	08EFB0A4	1	0
08EFB0E0	08EFB0E0	1	0
08EFB13C	08EFB13C	1	0
08EFB194	08EFB194	1	0
08EFB1F0	08EFB1F0	1	0
08EFB22C	08EFB22C	1	0
08EFB268	08EFB268	1	0
08EFB2A4	08EFB2A4	1	0
08EFC622	08EFC622	1	0
08EFF454	08EFF454	1	0
08F000FA	08F000FA	1	0
08F000FF	08F000FF	1	0
08F00340	08F00340	1	0
08F07BB1	08F07BB1	1	0
08F11179	08F11179	2	0
08F16211	08F16211	1	0
08F1C1CC	08F1C1CC	1	0
08F20300	08F20300	1	0
08F23444	08F23444	1	0
08F2617F	08F2617F	1	0
08F33F01	08F33F01	1	0
08F3C36E	08F3C36E	1	0
08F40097	08F40097	1	0
08F40407	08F40407	1	0
08F40D16	08F40D16	1	0
08F47873	08F47873	1	0
08F4C244	08F4C244	1	0
08F4D101	08F4D101	1	0
08F4EE2C	08F4EE2C	1	0
08F50000	08F50000	1	0
08F50001	08F50001	1	0
08F50700	08F50700	1	0
08F53F68	08F53F68	1	0
08F599A1	08F599A1	1	0
08F708F6	08F708F6	1	0
08F7210A	08F7210A	1	0
08F76603	08F76603	1	0
08F77777	08F77777	1	0
08F7E81E	08F7E81E	1	0
08F80001	08F80001	1	0
08F800EC	08F800EC	1	0
08F83333	08F83333	2	0
08F8F800	08F8F800	1	0
08F9012A	08F9012A	1	0
08F92299	08F92299	1	0
08F95503	08F95503	1	0
08F99F5E	08F99F5E	1	0
08F99FF8	08F99FF8	1	0
08FA08F9	08FA08F9	1	0
08FA1113	08FA1113	1	0
08FA4A7F	08FA4A7F	1	0
08FA7419	08FA7419	1	0
08FA8888	08FA8888	1	0
08FA9A20	08FA9A20	1	0
08FABCCB	08FABCCB	1	0
08FB0001	08FB0001	1	0
08FB1001	08FB1001	1	0
08FB13F3	08FB13F3	1	0
08FB1E23	08FB1E23	1	0
08FB20AA	08FB20AA	1	0
08FB7D01	08FB7D01	1	0
08FB886E	08FB886E	1	0
08FB933B	08FB933B	1	0
08FBBE08	08FBBE08	1	0
08FC08F8	08FC08F8	1	0
08FC1B20	08BE1B20	1	0
08FC4903	08FC4903	1	0
08FCCFC4	08FCCFC4	1	0
08FD00FC	08FD00FC	1	0
08FD05E0	08FD05E0	1	0
08FD08FC	08FD08FC	1	0
08FD1B20	08BF1B20	1	0
08FDD72D	08FDD72D	1	0
08FDEEEE	08FDEEEE	1	0
08FE0101	08FE0101	1	0
08FE0311	08FE0311	1	0
08FE1B20	081F1B20	1	0
08FE2164	08FE2164	1	0
08FE4EED	08FE4EED	1	0
08FE5408	08FE5408	1	0
08FEBD72	08FEBD72	1	0
08FF0706	08FF0706	1	0
08FF1B21	08201B21	1	0
08FF1FD2	08FF1FD2	1	0
08FF272E	08FF272E	1	0
08FF3000	08FF3000	1	0
08FF3311	08FF3311	1	0
08FF3910	08FF3910	1	0
08FF4FFE	08FF4FFE	1	0
08FF50E7	08FF50E7	1	0
08FF570F	08FF570F	1	0
08FF682A	08FF682A	1	0
08FF6CB8	08FF6CB8	1	0
08FF72F9	08FF72F9	1	0
08FF7643	08FF7643	1	0
08FF8C17	08FF8C17	1	0
08FFAA38	08FFAA38	1	0
08FFACCD	08FFACCD	1	0
08FFAF72	08FFAF72	1	0
08FFC2C2	08FFC2C2	1	0
08FFCF36	08FFCF36	1	0
08FFE369	08FFE369	1	0
08FFEAC5	08FFEAC5	1	0
08FFEDDB	08FFEDDB	1	0
08FFF133	08FFF133	1	0
08FFF432	08FFF432	1	0
08FFF84D	08FFF84D	1	0
08FFFF1D	08FFFF1D	1	0
08FFFF34	08FFFF34	1	0
08FFFFDD	08FFFFDD	1	0
08FFFFFF	08FFFFFF	1	0
09000000	09000000	2	0
09000008	09000008	3	0
09000030	09000030	1	0
09000101	09000101	1	0
09000120	09000120	1	0
09000122	09000122	1	0
09000180	09000180	1	0
09000208	09000208	1	0
09000233	09000233	1	0
09000254	09000254	1	0
09000300	09000300	1	0
09000308	09000308	1	0
09000410	09000410	1	0
09000500	09000500	1	0
09000600	09000600	1	0
09000618	09000618	1	0
09000744	09000744	1	0
09000777	09000777	1	0
09000800	09000800	27	0
09000801	09000801	9	0
09000805	09000805	1	0
09000813	09000813	1	0
09000893	09000893	1	0
09000900	09000900	1	0
090009F0	090009F0	1	0
09000A0C	09000A0C	2	0
09000B70	09000B70	1	0
09000D00	09000D00	2	0
09000EAB	09000EAB	1	0
09000F10	09000F10	1	0
09000F20	09000F20	1	0
09001008	09001008	1	0
09001100	09001100	1	0
09001129	09001129	1	0
0900115C	0900115C	1	0
090012D6	090012D6	1	0
09001340	09001340	1	0
09001500	09001500	1	0
09001600	09001600	2	0
090018D0	090018D0	1	0
09001910	09001910	1	0
09002222	09002222	1	0
09002303	09002303	2	0
09002420	09002420	1	0
090027F0	090027F0	1	0
09002877	09002877	1	0
09002A00	09002A00	1	0
09002B01	09002B01	1	0
09003000	09003000	1	0
09003222	09003222	1	0
09003322	09003322	1	0
09003323	09003323	1	0
09003501	09003501	1	0
0900359F	0900359F	1	0
09003600	09003600	3	0
090037E7	090037E7	1	0
09003806	09003806	1	0
0900380C	0900380C	1	0
09003810	09003810	1	0
09003D04	09003D04	1	0
09003FF0	09003FF0	1	0
09004108	09004108	1	0
09004304	09004304	1	0
09004409	09004409	1	0
09004999	09004999	1	0
09004A01	09004A01	1	0
09004E07	09004E07	1	0
09005040	09005040	1	0
09005300	09005300	1	0
09005301	09005301	1	0
09005370	09005370	1	0
09005381	09005381	1	0
09005400	09005400	1	0
09005540	09005540	1	0
09005596	09005596	1	0
090055A3	090055A3	1	0
09005700	09005700	1	0
090058A1	090058A1	1	0
09005F00	09005F00	1	0
09005FEE	09005FEE	1	0
09006462	09006462	1	0
09006600	09006600	1	0
0900677A	0900677A	1	0
09006A47	09006A47	1	0
09006B00	09006B00	1	0
09006B66	09006B66	1	0
09006E01	09006E01	1	0
09007409	09007409	1	0
090080A2	090080A2	1	0
09008231	09008231	1	0
09008520	09008520	1	0
09008801	09008801	1	0
09008808	09008808	1	0
09008850	09008850	1	0
09008862	09008862	1	0
09008999	09008999	1	0
09008B40	09008B40	1	0
09008BDE	09008BDE	1	0
09008E0B	09008E0B	1	0
09008E1F	09008E1F	1	0
09008E88	09008E88	1	0
09008F20	09008F20	1	0
09009027	09009027	1	0
09009030	09009030	1	0
090090BF	090090BF	1	0
090092EF	090092EF	1	0
09009801	09009801	1	0
09009889	09009889	1	0
09009B01	09009B01	1	0
0900A001	0900A001	1	0
0900A0B8	0900A0B8	1	0
0900A523	0900A523	1	0
0900A7F3	0900A7F3	1	0
0900A811	0900A811	1	0
0900A999	0900A999	1	0
0900AABA	0900AABA	1	0
0900ADBA	0900ADBA	1	0
0900AFD7	0900AFD7	1	0
0900B200	0900B200	1	0
0900B210	0900B210	1	0
0900B5AA	0900B5AA	1	0
0900B755	0900B755	1	0
0900BF00	0900BF00	1	0
0900C0BB	0900C0BB	1	0
0900CFB9	0900CFB9	1	0
0900D430	0900D430	1	0
0900D46A	0900D46A	1	0
0900D80B	0900D80B	1	0
0900DC01	0900DC01	1	0
0900DD33	0900DD33	1	0
0900E04E	0900E04E	1	0
0900E0DE	0900E0DE	1	0
0900E432	0900E432	1	0
0900E5BB	0900E5BB	1	0
0900E87A	0900E87A	1	0
0900EB10	0900EB10	1	0
0900EB22	0900EB22	1	0
0900ECBA	0900ECBA	1	0
0900EDDB	0900EDDB	1	0
0900EDEE	0900EDEE	1	0
0900EF11	0900EF11	1	0
0900FB09	0900FB09	1	0
0900FEBE	0900FEBE	1	0
09010008	09010008	1	0
0901000E	0901000E	1	0
09010088	09010088	1	0
090100B3	090100B3	1	0
09010401	09010401	1	0
0901040A	0901040A	1	0
09010800	09010800	1	0
09010801	09010801	2	0
0901081C	0901081C	1	0
090108C4	090108C4	1	0
09010AD2	09010AD2	1	0
090110F6	090110F6	1	0
09011366	09011366	1	0
09011477	09011477	1	0
09012001	09012001	1	0
09012AB7	09012AB7	1	0
09013001	09013001	1	0
09014018	09014018	1	0
09014033	09014033	1	0
090141DB	090141DB	1	0
09014A01	09014A01	1	0
09014F35	09014F35	1	0
09015001	09015001	1	0
09015266	09015266	1	0
09016005	09016005	1	0
09018001	09018001	1	0
09018706	09018706	1	0
0901873D	0901873D	1	0
0901A728	0901A728	1	0
0901A7CB	0901A7CB	1	0
0901B001	0901B001	1	0
0901BDFB	0901BDFB	1	0
0901C001	0901C001	1	0
0901D001	0901D001	1	0
0901DB39	0901DB39	1	0
0901E001	0901E001	1	0
0901EB10	0901EB10	1	0
0901ED9F	0901ED9F	1	0
0901F013	0901F013	1	0
0901FD3C	0901FD3C	1	0
09020008	09020008	1	0
09020066	09020066	1	0
09020208	09020208	1	0
09020506	09020506	1	0
09021143	09021143	1	0
09021903	09021903	2	0
09022240	09022240	1	0
0902244F	0902244F	1	0
09024412	09024412	1	0
0902487D	0902487D	1	0
09024A66	09024A66	1	0
09025904	09025904	1	0
09025B37	09025B37	1	0
09027778	09027778	1	0
0902797D	0902797D	1	0
09028899	09028899	1	0
09028C1E	09028C1E	1	0
0902ABF7	0902ABF7	1	0
0902B6FD	0902B6FD	1	0
0902BFDF	0902BFDF	1	0
0902C00A	0902C00A	1	0
0902FEFE	0902FEFE	1	0
09030008	09030008	1	0
09030021	09030021	1	0
09030022	09030022	1	0
09030027	09030027	1	0
0903002E	0903002E	1	0
0903009E	0903009E	2	0
090300BA	090300BA	1	0
090300EA	090300EA	1	0
09030213	09030213	1	0
09031080	09031080	1	0
09031099	09031099	1	0
090317FF	090317FF	1	0
09032023	09032023	1	0
09032F03	09032F03	1	0
0903307F	0903307F	1	0
090345FF	090345FF	1	0
09035FF0	09035FF0	1	0
09036966	09036966	1	0
09036988	09036988	1	0
09037780	09037780	1	0
09039A99	09039A99	1	0
0903BBFF	0903BBFF	1	0
0903C999	0903C999	1	0
0904000A	0904000A	1	0
09040030	09040030	1	0
09040101	09040101	2	0
090408A8	090408A8	1	0
09040A01	09040A01	1	0
09040A04	09040A04	6	0
090419E0	090419E0	1	0
09041C04	09041C04	1	0
090420E9	090420E9	1	0
09042B03	09042B03	1	0
09045800	09045800	1	0
0904A811	0904A811	1	0
0904E11D	0904E11D	1	0
0904E310	0904E310	1	0
0904F600	0904F600	1	0
0905111A	0905111A	1	0
09052282	09052282	1	0
09054368	09054368	1	0
0905600D	0905600D	1	0
09058B4B	09058B4B	1	0
090597D6	090597D6	1	0
09060A06	09060A06	1	0
09067096	09067096	1	0
0906773B	0906773B	1	0
0906BABB	0906BABB	1	0
09070000	09070000	1	0
09070008	09070008	1	0
09070057	09070057	1	0
090700F2	090700F2	1	0
09070900	09070900	1	0
0907100E	0907100E	1	0
09072080	09072080	1	0
0907508F	0907508F	1	0
0908012B	0908012B	1	0
09080706	09080706	1	0
09080784	09080784	1	0
0908093B	0908093B	1	0
09089920	09089920	1	0
0908BB66	0908BB66	1	0
0908EA6A	0908EA6A	1	0
09090000	09090000	1	0
090904B2	090904B2	3	0
09090908	09090908	1	0
09090918	09090918	1	0
0909093B	0909093B	9	0
09090A0A	09090A0A	1	0
09090D3B	09090D3B	1	0
0909100E	0909100E	1	0
090911AC	090911AC	1	0
09091900	09091900	1	0
09092C08	09092C08	1	0
09092F3B	09092F3B	1	0
09093B3B	09093B3B	1	0
09097C4A	09097C4A	3	0
090985EF	090985EF	1	0
0909D001	0909D001	2	0
0909E7A6	0909E7A6	1	0
090A0989	090A0989	1	0
090A150E	090A150E	1	0
090B0021	090B0021	4	0
090B00F9	090B00F9	1	0
090B0404	090B0404	1	0
090B158F	090B158F	1	0
090B7D79	090B7D79	1	0
090BA022	090BA022	1	0
090BB908	090BB908	1	0
090C0A01	090C0A01	1	0
090C0D4E	090C0D4E	1	0
090C2700	090C2700	1	0
090C334C	090C334C	1	0
090D093F	090D093F	1	0
090D1F71	090D1F71	1	0
090D4008	090D4008	1	0
090D7FF2	090D7FF2	1	0
090DA902	090DA902	1	0
090DAA7F	090DAA7F	1	0
090F0ECD	090F0ECD	1	0
090F1B20	08CF1B20	1	0
090F2003	090F2003	1	0
090F205F	090F205F	1	0
090FD607	090FD607	1	0
090FE321	090FE321	1	0
09100063	09100063	1	0
0910009C	0910009C	1	0
09100400	09100400	2	0
09100410	09100410	3	0
091004A7	091004A7	1	0
09100801	09100801	1	0
09100810	09100810	2	0
09100817	09100817	1	0
09100818	09100818	1	0
09100B10	09100B10	1	0
0910103B	0910103B	1	0
09101110	09101110	1	0
091014AC	091014AC	1	0
09101570	09101570	1	0
09101840	09101840	1	0
09101B20	08D01B20	1	0
09101D40	09101D40	1	0
09101F00	09101F00	1	0
09101F10	09101F10	1	0
09102234	09102234	1	0
09102370	09102370	1	0
09102445	09102445	1	0
09102720	09102720	1	0
09102751	09102751	1	0
09102B10	09102B10	1	0
091031F0	091031F0	2	0
09104100	09104100	1	0
09105E13	09105E13	1	0
0910614A	0910614A	1	0
09106520	09106520	1	0
09106F30	09106F30	1	0
09107121	09107121	1	0
09107310	09107310	1	0
09107819	09107819	1	0
09108014	09108014	1	0
09108510	09108510	1	0
09108B10	09108B10	2	0
09109971	09109971	1	0
0910A750	0910A750	1	0
0910C752	0910C752	1	0
0910CA88	0910CA88	1	0
0910CF5A	0910CF5A	1	0
0910DDDD	0910DDDD	1	0
0910EA23	0910EA23	1	0
0910F323	0910F323	1	0
0910FF42	0910FF42	1	0
09110008	09110008	1	0
0911003A	0911003A	1	0
09110310	09110310	1	0
09111132	09111132	1	0
09111188	09111188	1	0
09111209	09111209	1	0
091117D3	091117D3	1	0
09111B20	08D11B20	1	0
09114456	09114456	1	0
09114710	09114710	1	0
091169C7	091169C7	1	0
09116B71	09116B71	1	0
09117A9A	09117A9A	1	0
09119F51	09119F51	1	0
0911A105	0911A105	1	0
0911C116	0911C116	1	0
0911CC4A	0911CC4A	1	0
09120300	09120300	1	0
09120F00	09120F00	2	0
09121B20	08D21B20	1	0
09121F30	09121F30	1	0
09124308	09124308	1	0
0912A906	0912A906	1	0
0912FFF6	0912FFF6	1	0
09130806	09130806	1	0
09130812	09130812	1	0
09130907	09130907	1	0
09131B20	08D31B20	1	0
09137514	09137514	1	0
09140400	09140400	1	0
0914046C	0914046C	1	0
091406A8	091406A8	1	0
09140884	09140884	1	0
09141B20	08D41B20	1	0
09144A03	09144A03	1	0
091460FB	091460FB	1	0
09146147	09146147	1	0
0914668E	0914668E	1	0
0914BB3A	0914BB3A	1	0
0914C000	0914C000	1	0
0914E71D	0914E71D	1	0
09150B18	09150B18	1	0
09151B20	08D51B20	1	0
09152800	09152800	1	0
0915A032	0915A032	1	0
0916000C	0916000C	1	0
09160D38	09160D38	2	0
09161233	09161233	1	0
09166600	09166600	1	0
0916E500	0916E500	1	0
091704C0	091704C0	1	0
09171A0B	09171A0B	13	0
09171A4E	09171A4E	1	0
09178E46	09178E46	1	0
0917A009	0917A009	1	0
091807B0	091807B0	1	0
091809A8	091809A8	1	0
091809C0	091809C0	1	0
09190011	09190011	1	0
09190022	09190022	1	0
09190201	09190201	1	0
09191B20	08D91B20	1	0
091A0011	091A0011	1	0
091A005A	091A005A	1	0
091A1915	091A1915	1	0
091B0040	091B0040	1	0
091B0C34	091B0C34	1	0
091B1115	091B1115	1	0
091B119D	091B119D	1	0
091BD003	091BD003	2	0
091C0006	091C0006	1	0
091C0007	091C0007	1	0
091C0008	091C0008	2	0
091C069C	091C069C	1	0
091C10EF	091C10EF	1	0
091C1CBF	091C1CBF	1	0
091C2056	091C2056	1	0
091CC2CC	091CC2CC	1	0
091D1036	091D1036	1	0
091D1B20	08DD1B20	1	0
091E0069	091E0069	1	0
091E2E1E	091E2E1E	1	0
091F0011	091F0011	1	0
091F002F	091F002F	1	0
091F0080	091F0080	1	0
091F00FF	091F00FF	1	0
091F105F	091F105F	1	0
091F14E6	091F14E6	1	0
091F591A	091F591A	1	0
091FF003	091FF003	1	0
091FF024	091FF024	1	0
092001B2	092001B2	1	0
09200600	09200600	1	0
09200800	09200800	1	0
09200820	09200820	1	0
09200900	09200900	1	0
09200920	09200920	1	0
09201A00	09201A00	2	0
09201B20	08E01B20	1	0
09201FF0	09201FF0	3	0
09202747	09202747	1	0
09202D41	09202D41	1	0
09203302	09203302	2	0
09203340	09203340	1	0
09205163	09205163	1	0
09205A11	09205A11	1	0
09206404	09206404	1	0
09206E04	09206E04	1	0
09208D7F	09208D7F	1	0
09208E11	09208E11	1	0
09209409	09209409	1	0
0920A022	0920A022	1	0
0920C302	0920C302	1	0
0920D409	0920D409	1	0
0920E001	0920E001	1	0
0920F3A0	0920F3A0	1	0
0920FA14	0920FA14	1	0
09210F10	09210F10	1	0
09211100	09211100	1	0
09211912	09211912	1	0
09211B20	08E11B20	1	0
0921925A	0921925A	1	0
0921D801	0921D801	1	0
0921F1F1	0921F1F1	1	0
09220062	09220062	1	0
092217EC	092217EC	1	0
09221B20	08E21B20	1	0
09222213	09222213	1	0
092222A7	092222A7	2	0
09222D22	09222D22	1	0
09223221	09223221	1	0
092264E3	092264E3	1	0
09227F82	09227F82	1	0
09228009	09228009	1	0
0922B905	0922B905	1	0
09230407	09230407	1	0
09231001	09231001	1	0
09231114	09231114	1	0
09231133	09231133	1	0
092311DF	092311DF	1	0
09231B20	08E31B20	1	0
09233B30	09233B30	1	0
09235B09	09235B09	1	0
09239809	09239809	1	0
0923ADCC	0923ADCC	1	0
09240407	09240407	1	0
092406AC	092406AC	1	0
09248F10	09248F10	1	0
092505F9	092505F9	1	0
092616E4	092616E4	1	0
09261B20	08E61B20	1	0
0926B230	0926B230	1	0
0927001F	0927001F	1	0
09271B20	08E71B20	1	0
09273144	09273144	1	0
092735FF	092735FF	1	0
09281B20	08E81B20	1	0
09289B88	09289B88	1	0
09291900	09291900	1	0
092952C9	092952C9	1	0
092952D9	092952D9	4	0
09295777	09295777	1	0
0929DD95	0929DD95	1	0
092A00C7	092A00C7	1	0
092A11CF	092A11CF	1	0
092A1F00	092A1F00	1	0
092AB150	092AB150	1	0
092AB1E1	092AB1E1	1	0
092B0A94	092B0A94	1	0
092C0007	092C0007	1	0
092C0008	092C0008	1	0
092C020A	092C020A	1	0
092C06BC	092C06BC	1	0
092C08BC	092C08BC	1	0
092C0A02	092C0A02	1	0
092C0C2C	092C0C2C	1	0
092C1700	092C1700	1	0
092C21B0	092C21B0	1	0
092C2501	092C2501	1	0
092CD4FF	092CD4FF	1	0
092CFF50	092CFF50	1	0
092D25B2	092D25B2	3	0
092D3713	092D3713	1	0
092D4022	092D4022	1	0
092E1B20	08EE1B20	1	0
092EA913	092EA913	1	0
092EE912	092EE912	1	0
092F1B20	08EF1B20	1	0
092F5190	092F5190	1	0
092FA32D	092FA32D	1	0
09300110	09300110	1	0
09300206	09300206	1	0
09300254	09300254	2	0
09300473	09300473	1	0
09300520	09300520	1	0
093006C0	093006C0	1	0
09300830	09300830	1	0
09300850	09300850	1	0
09300901	09300901	1	0
09301B20	08F01B20	1	0
09302720	09302720	1	0
09305501	09305501	1	0
09306700	09306700	1	0
0930771C	0930771C	1	0
09310EE0	09310EE0	1	0
09311B20	08F11B20	1	0
09319F00	09319F00	1	0
09319F9C	09319F9C	1	0
0931EF21	0931EF21	1	0
09320034	09320034	1	0
09321B20	08F21B20	1	0
09322330	09322330	2	0
09325742	09325742	1	0
0932AA24	0932AA24	1	0
0932CB51	0932CB51	1	0
0932E334	0932E334	1	0
09330200	09330200	1	0
09330610	09330610	1	0
09330F2F	09330F2F	1	0
09331444	09331444	1	0
09331B20	08F31B20	1	0
09332730	09332730	1	0
09332C3C	09332C3C	1	0
09333137	09333137	1	0
09333401	09333401	1	0
093334FF	093334FF	1	0
0933667B	0933667B	1	0
0933A220	0933A220	1	0
0933B5AA	0933B5AA	1	0
09341B20	08F41B20	1	0
0934231F	0934231F	1	0
093427A2	093427A2	1	0
09344294	09344294	1	0
09346444	09346444	1	0
09351371	09351371	1	0
09351900	09351900	1	0
093521F7	093521F7	1	0
09356690	09356690	1	0
093608E3	093608E3	2	0
09360987	09360987	1	0
093757F5	093757F5	1	0
09378735	09378735	1	0
09378ACF	09378ACF	1	0
0937E03F	0937E03F	1	0
0938610F	0938610F	1	0
093A00BC	093A00BC	1	0
093A1DBA	093A1DBA	1	0
093A9102	093A9102	1	0
093B01AA	093B01AA	1	0
093B193A	093B193A	1	0
093C0000	093C0000	1	0
093C0108	093C0108	1	0
093C095D	093C095D	1	0
093C0A44	093C0A44	1	0
093C0F50	093C0F50	1	0
093C116F	093C116F	1	0
093C193A	093C193A	1	0
093C2080	093C2080	1	0
093C4E09	093C4E09	1	0
093C5152	093C5152	1	0
093C5F30	093C5F30	1	0
093CF509	093CF509	1	0
093CFCF3	093CFCF3	1	0
093D0000	093D0000	1	0
093D1B20	08FD1B20	1	0
093D508D	093D508D	1	0
093E0000	093E0000	1	0
093E1B20	08FE1B20	1	0
093E2A32	093E2A32	1	0
093E9307	093E9307	1	0
093F0000	093F0000	1	0
093F002D	093F002D	1	0
093F06EE	093F06EE	1	0
093F0C23	093F0C23	1	0
093F130F	093F130F	1	0
093F18E2	093F18E2	1	0
093FF3B8	093FF3B8	1	0
09400077	09400077	1	0
09400200	09400200	1	0
09400305	09400305	1	0
09400800	09400800	1	0
09400808	09400808	1	0
094009A0	094009A0	1	0
09400BA8	09400BA8	1	0
09400BB4	09400BB4	1	0
09400D00	09400D00	1	0
09401708	09401708	1	0
09402100	09402100	1	0
09403627	09403627	1	0
09403A1B	09403A1B	1	0
09405444	09405444	1	0
0940590C	0940590C	1	0
09405E3D	09405E3D	1	0
0940600C	0940600C	1	0
09406666	09406666	1	0
09406DF7	09406DF7	1	0
09408818	09408818	2	0
09408820	09408820	1	0
0940B140	0940B140	1	0
0940C920	0940C920	1	0
09411B20	09011B20	1	0
09412470	09412470	1	0
09414018	09414018	1	0
09416528	09416528	1	0
09421B20	09021B20	1	0
09424011	09424011	1	0
09426211	09426211	1	0
09426535	09426535	1	0
0942E800	0942E800	1	0
09431B20	09031B20	1	0
09432317	09432317	1	0
09432558	09432558	1	0
0943340B	0943340B	1	0
09434348	09434348	1	0
09434433	09434433	1	0
0943476E	0943476E	1	0
09435757	09435757	1	0
09435773	09435773	1	0
09440740	09440740	1	0
09441B20	09041B20	1	0
09442500	09442500	1	0
09443010	09443010	1	0
09443F89	09443F89	1	0
09444442	09444442	1	0
09444466	09444466	1	0
09444556	09444556	1	0
094463FF	094463FF	1	0
09447925	09447925	1	0
0944A87A	0944A87A	1	0
09450F0B	09450F0B	1	0
09451B20	09051B20	1	0
09454114	09454114	1	0
09454542	09454542	1	0
0945532B	0945532B	1	0
09460E08	09460E08	1	0
094619CA	094619CA	1	0
09461B20	09061B20	1	0
094709FE	094709FE	1	0
0947522C	0947522C	1	0
0947776C	0947776C	1	0
09478D07	09478D07	1	0
094815CD	094815CD	1	0
09481B20	09081B20	1	0
0948AA56	0948AA56	1	0
09491B20	09091B20	1	0
09493A24	09493A24	1	0
09494030	09494030	1	0
09496027	09496027	1	0
094979E1	094979E1	1	0
094A5444	094A5444	1	0
094AB987	094AB987	1	0
094B02B6	094B02B6	1	0
094B04C8	094B04C8	1	0
094B16B0	094B16B0	1	0
094C1B20	090C1B20	1	0
094C1DF1	094C1DF1	1	0
094C9D00	094C9D00	1	0
094D15CC	094D15CC	1	0
094D1B20	090D1B20	1	0
094D6C5D	094D6C5D	1	0
094E00A2	094E00A2	1	0
094E100F	094E100F	1	0
094E1B20	090E1B20	1	0
094F033F	094F033F	1	0
094F1A01	094F1A01	1	0
094FECCC	094FECCC	1	0
09500310	09500310	1	0
09500944	09500944	1	0
09500950	09500950	1	0
09509065	09509065	1	0
0950AC3B	0950AC3B	1	0
095105E1	095105E1	1	0
09510EA4	09510EA4	1	0
09511578	09511578	1	0
095119FC	095119FC	1	0
09511B20	09111B20	1	0
09521B20	09121B20	1	0
09522355	09522355	1	0
09525334	09525334	1	0
09526D64	09526D64	1	0
09529302	09529302	1	0
095321E3	095321E3	1	0
0953467C	0953467C	1	0
0954094B	0954094B	1	0
095409DC	095409DC	1	0
09543222	09543222	1	0
09543BE0	09543BE0	1	0
09544454	09544454	1	0
095445E0	095445E0	1	0
09547632	09547632	1	0
0955088F	0955088F	1	0
095552C6	095552C6	1	0
09555417	09555417	1	0
0955559E	0955559E	1	0
09557217	09557217	1	0
09559705	09559705	1	0
0955AC00	0955AC00	1	0
0955C8C7	0955C8C7	1	0
09560BD0	09560BD0	1	0
0956962B	0956962B	1	0
0956BDA5	0956BDA5	1	0
0956D00D	0956D00D	1	0
095701E4	095701E4	1	0
0958011D	0958011D	1	0
095808E8	095808E8	1	0
095808EC	095808EC	1	0
09580950	09580950	1	0
09581900	09581900	1	0
09583619	09583619	1	0
09590300	09590300	1	0
09590883	09590883	1	0
095A005F	095A005F	1	0
095A40CC	095A40CC	1	0
095AA883	095AA883	1	0
095AAAAA	095AAAAA	1	0
095B46D6	095B46D6	1	0
095C000B	095C000B	1	0
095C1B20	091C1B20	1	0
095CC65C	095CC65C	1	0
095D093C	095D093C	2	0
095D1B20	091D1B20	1	0
095E01CF	095E01CF	1	0
095E1B20	091E1B20	1	0
095E82E7	095E82E7	1	0
095F00B3	095F00B3	1	0
095F17CC	095F17CC	1	0
095F1B20	091F1B20	1	0
095F2772	095F2772	1	0
095F321F	095F321F	1	0
095FDDEF	095FDDEF	1	0
095FFF22	095FFF22	1	0
09600300	09600300	1	0
096023FA	096023FA	1	0
0960605F	0960605F	1	0
09609C0B	09609C0B	1	0
0960E081	0960E081	1	0
0960FFA3	0960FFA3	1	0
0961111F	0961111F	1	0
09613772	09613772	1	0
09620054	09620054	1	0
096203B7	096203B7	1	0
096210EA	096210EA	1	0
0962380A	0962380A	1	0
09630110	09630110	1	0
0963EF09	0963EF09	1	0
096414C8	096414C8	1	0
096500FC	096500FC	1	0
09655632	09655632	1	0
0965663B	0965663B	1	0
09660060	09660060	1	0
09660145	09660145	1	0
09662000	09662000	1	0
0966CA00	0966CA00	1	0
09671B20	09271B20	1	0
09672900	09672900	1	0
096766C5	096766C5	1	0
09680098	09680098	1	0
09681B20	09281B20	1	0
09683393	09683393	1	0
09692231	09692231	1	0
096B072E	096B072E	1	0
096BBBBA	096BBBBA	1	0
096CC113	096CC113	1	0
096D1A13	096D1A13	1	0
096D1B20	092D1B20	1	0
096E0F13	096E0F13	1	0
096E154D	096E154D	1	0
096E1B20	092E1B20	1	0
096F029E	096F029E	1	0
096F1B20	092F1B20	1	0
09700008	09700008	1	0
09700110	09700110	1	0
09700330	09700330	1	0
09700900	09700900	1	0
0970105A	0970105A	1	0
09701560	09701560	1	0
09703530	09703530	1	0
09710E39	09710E39	2	0
0971125A	0971125A	1	0
09721B20	09321B20	1	0
0972715F	0972715F	1	0
0973094B	0973094B	1	0
09730994	09730994	1	0
09731B20	09331B20	1	0
09746D45	09746D45	1	0
09748800	09748800	1	0
09759A05	09759A05	1	0
09760013	09760013	1	0
09760A9E	09760A9E	1	0
09764776	09764776	1	0
097668E6	097668E6	1	0
097701AB	097701AB	1	0
0977036E	0977036E	1	0
09770700	09770700	2	0
09770970	09770970	1	0
097710C1	097710C1	1	0
0977113C	0977113C	1	0
09771B20	09371B20	1	0
09771B3E	09771B3E	1	0
09771EAA	09771EAA	1	0
09773807	09773807	1	0
09774D66	09774D66	1	0
09775555	09775555	1	0
09777BBB	09777BBB	1	0
09777F09	09777F09	1	0
09777F50	09777F50	1	0
09779715	09779715	1	0
0977AA47	0977AA47	1	0
097800D7	097800D7	1	0
09781B20	09381B20	1	0
09784647	09784647	1	0
09788711	09788711	1	0
097890CC	097890CC	1	0
09790978	09790978	1	0
09794099	09794099	1	0
09796DDA	09796DDA	1	0
0979A778	0979A778	1	0
097AF201	097AF201	1	0
097D00C7	097D00C7	1	0
097D1B20	093D1B20	1	0
097D799F	097D799F	1	0
097E1B20	093E1B20	1	0
097E8111	097E8111	1	0
097F04AA	097F04AA	1	0
097F1B20	093F1B20	1	0
09800002	09800002	1	0
0980000D	0980000D	1	0
09800047	09800047	1	0
098000B5	098000B5	1	0
098004FA	098004FA	1	0
098008B0	098008B0	1	0
09800B00	09800B00	1	0
09801B20	09401B20	1	0
098044CC	098044CC	1	0
09806809	09806809	1	0
09808502	09808502	1	0
098088E4	098088E4	1	0
09808C55	09808C55	1	0
09808FFE	09808FFE	1	0
0980B528	0980B528	1	0
09811114	09811114	1	0
09820300	09820300	1	0
0982039B	0982039B	1	0
09820700	09820700	1	0
09830101	09830101	1	0
0983035D	0983035D	1	0
098336CD	098336CD	1	0
098344A5	098344A5	1	0
09840790	09840790	1	0
09840998	09840998	2	0
09841910	09841910	1	0
09841B20	09441B20	1	0
09843910	09843910	1	0
09845300	09845300	1	0
09847D00	09847D00	1	0
09847D30	09847D30	1	0
0984AA6A	0984AA6A	1	0
0984CB00	0984CB00	1	0
098540D4	098540D4	1	0
09860148	09860148	1	0
09861177	09861177	1	0
09870980	09870980	1	0
09870AC8	09870AC8	1	0
09875FD1	09875FD1	1	0
09877946	09877946	1	0
0987ED14	0987ED14	1	0
0988020E	0988020E	1	0
09880620	09880620	1	0
0988092C	0988092C	1	0
09880984	09880984	2	0
09881A0A	09881A0A	1	0
09881B20	09481B20	1	0
0988354E	0988354E	1	0
09884C20	09884C20	1	0
09885362	09885362	1	0
09886868	09886868	1	0
098876FE	098876FE	1	0
09887766	09887766	1	0
09888801	09888801	1	0
0988D803	0988D803	1	0
09890527	09890527	1	0
09890988	09890988	1	0
09891B20	09491B20	1	0
0989D004	0989D004	1	0
098A11CA	098A11CA	1	0
098A1B20	094A1B20	1	0
098A8333	098A8333	1	0
098B4FFF	098B4FFF	1	0
098C0402	098C0402	1	0
098C4748	098C4748	1	0
098CE829	098CE829	1	0
098D1A95	098D1A95	1	0
098D1B20	094D1B20	1	0
098D4410	098D4410	1	0
098D50DD	098D50DD	1	0
098D73B2	098D73B2	1	0
098DC775	098DC775	1	0
098E0BDF	098E0BDF	2	0
098E9FFF	098E9FFF	1	0
098EEEFF	098EEEFF	1	0
098F19EF	098F19EF	1	0
098F1B20	094F1B20	1	0
09900000	09900000	2	0
09900092	09900092	1	0
099009C8	099009C8	1	0
09906F30	09906F30	1	0
0990EF70	0990EF70	1	0
09911B20	09511B20	1	0
09912720	09912720	1	0
0991F907	0991F907	1	0
0992052C	0992052C	1	0
09921B20	09521B20	1	0
09922F1A	09922F1A	1	0
09929D02	09929D02	1	0
099306E2	099306E2	1	0
09931A18	09931A18	1	0
0993D317	0993D317	1	0
0994072C	0994072C	1	0
09944332	09944332	1	0
09945704	09945704	1	0
0994A466	0994A466	1	0
099509B6	099509B6	1	0
09950AC7	09950AC7	1	0
0996C000	0996C000	1	0
09970300	09970300	1	0
09970990	09970990	1	0
0997279B	0997279B	1	0
09972CE3	09972CE3	1	0
0998200B	0998200B	1	0
09988118	09988118	1	0
09988776	09988776	1	0
09990300	09990300	2	0
09990345	09990345	1	0
09990998	09990998	1	0
09991B31	09991B31	1	0
09992422	09992422	1	0
09992703	09992703	1	0
09992F13	09992F13	1	0
099973E8	099973E8	1	0
099988DD	099988DD	1	0
09999900	09999900	1	0
09999A00	09999A00	1	0
0999C006	0999C006	1	0
0999D948	0999D948	1	0
0999FF63	0999FF63	1	0
099A1B20	095A1B20	1	0
099A4520	099A4520	1	0
099AABBB	099AABBB	1	0
099B1B20	095B1B20	1	0
099B678A	099B678A	1	0
099C000E	099C000E	1	0
099C08D8	099C08D8	1	0
099C0A84	099C0A84	1	0
099C0B40	099C0B40	1	0
099C0E00	099C0E00	1	0
099C1B20	095C1B20	1	0
099C2930	099C2930	1	0
099C3950	099C3950	1	0
099CFB10	099CFB10	1	0
099D1B20	095D1B20	1	0
099DDDC6	099DDDC6	1	0
099E03F7	099E03F7	1	0
099E0DDF	099E0DDF	1	0
099E1B20	095E1B20	1	0
099E2C1C	099E2C1C	1	0
099E64F3	099E64F3	1	0
099E78E0	099E78E0	1	0
099F00DD	099F00DD	1	0
099F1B20	095F1B20	1	0
099F2BC0	099F2BC0	1	0
099FF23F	099FF23F	1	0
09A00007	09A00007	1	0
09A02D00	09A02D00	1	0
09A05D00	09A05D00	1	0
09A06D02	09A06D02	1	0
09A07C11	09A07C11	1	0
09A0A014	09A0A014	1	0
09A0AF00	09A0AF00	1	0
09A0EF00	09A0EF00	1	0
09A11B20	09611B20	1	0
09A21B20	09621B20	1	0
09A21B88	09A21B88	1	0
09A21BC0	09A21BC0	1	0
09A24403	09A24403	1	0
09A362FE	09A362FE	1	0
09A39827	09A39827	1	0
09A4063C	09A4063C	1	0
09A43303	09A43303	1	0
09A450A5	09A450A5	1	0
09A4A9D9	09A4A9D9	1	0
09A506E1	09A506E1	1	0
09A50711	09A50711	1	0
09A53F09	09A53F09	1	0
09A56006	09A56006	1	0
09A74001	09A74001	1	0
09A7631F	09A7631F	1	0
09A777A6	09A777A6	1	0
09A7A9D9	09A7A9D9	1	0
09A80006	09A80006	1	0
09A800ED	09A800ED	1	0
09A80448	09A80448	1	0
09A8068C	09A8068C	1	0
09A80806	09A80806	1	0
09A80AAC	09A80AAC	1	0
09A81272	09A81272	1	0
09A93B00	09A93B00	1	0
09A99929	09A99929	1	0
09AA118B	09AA118B	1	0
09AA1B20	096A1B20	1	0
09AA340D	09AA340D	1	0
09AA58CC	09AA58CC	1	0
09AAC704	09AAC704	1	0
09AACE20	09AACE20	1	0
09AB1B20	096B1B20	1	0
09AC1B20	096C1B20	1	0
09ACA584	09ACA584	1	0
09AD00EF	09AD00EF	1	0
09AD5696	09AD5696	1	0
09AD66A9	09AD66A9	1	0
09AE26D6	09AE26D6	1	0
09AE9778	09AE9778	1	0
09AF02DE	09AF02DE	1	0
09AF0300	09AF0300	1	0
09AF081F	09AF081F	1	0
09AF4E34	09AF4E34	1	0
09AF6603	09AF6603	1	0
09AFAAAF	09AFAAAF	1	0
09B00000	09B00000	1	0
09B00009	09B00009	1	0
09B02569	09B02569	1	0
09B03930	09B03930	1	0
09B0D803	09B0D803	1	0
09B11A98	09B11A98	1	0
09B2092D	09B2092D	1	0
09B240DB	09B240DB	1	0
09B259BC	09B259BC	1	0
09B282AA	09B282AA	1	0
09B3191F	09B3191F	1	0
09B332FD	09B332FD	1	0
09B40ECC	09B40ECC	1	0
09B45F44	09B45F44	1	0
09B505C9	09B505C9	1	0
09B51571	09B51571	1	0
09B53F01	09B53F01	1	0
09B70A15	09B70A15	2	0
09B71507	09B71507	1	0
09B71B20	09771B20	1	0
09B723BF	09B723BF	1	0
09B80590	09B80590	1	0
09B81B20	09781B20	1	0
09B888BB	09B888BB	1	0
09B8AAA8	09B8AAA8	1	0
09B8DF0B	09B8DF0B	1	0
09B91B20	09791B20	1	0
09B91FD0	09B91FD0	1	0
09BA5702	09BA5702	1	0
09BA8F0D	09BA8F0D	1	0
09BAFB02	09BAFB02	1	0
09BB1DB8	09BB1DB8	1	0
09BB433B	09BB433B	1	0
09BB44DD	09BB44DD	1	0
09BB60BA	09BB60BA	1	0
09BBA8AC	09BBA8AC	1	0
09BBA987	09BBA987	1	0
09BBBBB7	09BBBBB7	1	0
09BBBCC3	09BBBCC3	1	0
09BBBDDE	09BBBDDE	1	0
09BBDC77	09BBDC77	1	0
09BC0153	09BC0153	1	0
09BC08F4	09BC08F4	1	0
09BC2D6B	09BC2D6B	1	0
09BCAA87	09BCAA87	1	0
09BCC300	09BCC300	1	0
09BCDDBE	09BCDDBE	1	0
09BCE06B	09BCE06B	1	0
09BDDD38	09BDDD38	1	0
09BE0242	09BE0242	1	0
09BE5F03	09BE5F03	1	0
09BEAD54	09BEAD54	1	0
09BEF901	09BEF901	1	0
09BF009F	09BF009F	1	0
09BF0792	09BF0792	1	0
09BF230C	09BF230C	1	0
09BF2311	09BF2311	1	0
09BF28A9	09BF28A9	1	0
09BF9B99	09BF9B99	1	0
09C00E30	09C00E30	1	0
09C0575C	09C0575C	1	0
09C0BF12	09C0BF12	1	0
09C12FE1	09C12FE1	1	0
09C24444	09C24444	1	0
09C27800	09C27800	1	0
09C2EE11	09C2EE11	1	0
09C2EF45	09C2EF45	1	0
09C34358	09C34358	1	0
09C39220	09C39220	1	0
09C40029	09C40029	1	0
09C40077	09C40077	1	0
09C40232	09C40232	1	0
09C40600	09C40600	1	0
09C40950	09C40950	1	0
09C411D4	09C411D4	1	0
09C46A0C	09C46A0C	1	0
09C5034C	09C5034C	1	0
09C51B20	09851B20	1	0
09C5BBCC	09C5BBCC	1	0
09C60000	09C60000	2	0
09C604CF	09C604CF	1	0
09C7190F	09C7190F	1	0
09C71AEC	09C71AEC	1	0
09C74527	09C74527	1	0
09C8018C	09C8018C	1	0
09C80702	09C80702	1	0
09C80960	09C80960	1	0
09C80AB4	09C80AB4	1	0
09C8110C	09C8110C	1	0
09C9CB06	09C9CB06	1	0
09CB51DE	09CB51DE	1	0
09CB6F2B	09CB6F2B	1	0
09CB81E9	09CB81E9	1	0
09CC0127	09CC0127	1	0
09CC01CE	09CC01CE	1	0
09CC08C0	09CC08C0	1	0
09CC0A38	09CC0A38	1	0
09CC0AC0	09CC0AC0	2	0
09CC1B20	098C1B20	1	0
09CCCCC6	09CCCCC6	1	0
09CCCEEE	09CCCEEE	1	0
09CD6781	09CD6781	1	0
09CE55B8	09CE55B8	1	0
09CE6401	09CE6401	1	0
09CF0B1E	09CF0B1E	1	0
09CFF78D	09CFF78D	1	0
09D0000C	09D0000C	1	0
09D007C8	09D007C8	1	0
09D01101	09D01101	1	0
09D0ECAE	09D0ECAE	1	0
09D10000	09D10000	1	0
09D11B20	09911B20	1	0
09D1E703	09D1E703	1	0
09D31B20	09931B20	1	0
09D41B20	09941B20	1	0
09D509D6	09D509D6	1	0
09D5DD85	09D5DD85	1	0
09D703B7	09D703B7	1	0
09D70987	09D70987	2	0
09D70A18	09D70A18	1	0
09D70A26	09D70A26	1	0
09D710CC	09D710CC	1	0
09D80354	09D80354	1	0
09D80998	09D80998	1	0
09D8F300	09D8F300	1	0
09DB1793	09DB1793	1	0
09DBAA66	09DBAA66	1	0
09DBDDB5	09DBDDB5	1	0
09DC0607	09DC0607	1	0
09DCB7E1	09DCB7E1	1	0
09DCCBBC	09DCCBBC	1	0
09DCCC87	09DCCC87	1	0
09DCDCBB	09DCDCBB	1	0
09DD229B	09DD229B	1	0
09DDDDD2	09DDDDD2	1	0
09DDEC01	09DDEC01	1	0
09DDEFDE	09DDEFDE	1	0
09DE05DE	09DE05DE	1	0
09DE08DD	09DE08DD	1	0
09DE49DE	09DE49DE	1	0
09DEA222	09DEA222	1	0
09DEDFB0	09DEDFB0	1	0
09DF0710	09DF0710	1	0
09DF41A6	09DF41A6	1	0
09DF49E2	09DF49E2	1	0
09DF595F	09DF595F	1	0
09DFC0EB	09DFC0EB	1	0
09DFEAFE	09DFEAFE	1	0
09DFEF52	09DFEF52	1	0
09E009DC	09E009DC	1	0
09E02222	09E02222	1	0
09E04B01	09E04B01	1	0
09E10006	09E10006	1	0
09E10012	09E10012	1	0
09E100ED	09E100ED	1	0
09E101E8	09E101E8	1	0
09E10500	09E10500	1	0
09E111DE	09E111DE	1	0
09E14CD5	09E14CD5	1	0
09E14E00	09E14E00	1	0
09E2002E	09E2002E	1	0
09E200FA	09E200FA	1	0
09E203C3	09E203C3	1	0
09E214EC	09E214EC	1	0
09E22208	09E22208	1	0
09E22211	09E22211	1	0
09E23E00	09E23E00	1	0
09E25434	09E25434	1	0
09E29404	09E29404	1	0
09E300FF	09E300FF	1	0
09E301EF	09E301EF	1	0
09E30300	09E30300	1	0
09E310F4	09E310F4	1	0
09E31807	09E31807	1	0
09E32332	09E32332	1	0
09E329FF	09E329FF	1	0
09E33223	09E33223	1	0
09E40B98	09E40B98	1	0
09E4238C	09E4238C	1	0
09E42A4E	09E42A4E	1	0
09E43342	09E43342	1	0
09E43E0B	09E43E0B	1	0
09E44333	09E44333	1	0
09E44511	09E44511	1	0
09E447F6	09E447F6	1	0
09E48777	09E48777	1	0
09E4DF61	09E4DF61	1	0
09E4FFF4	09E4FFF4	1	0
09E52200	09E52200	1	0
09E52700	09E52700	1	0
09E5BBBE	09E5BBBE	1	0
09E5EA0B	09E5EA0B	1	0
09E604D3	09E604D3	1	0
09E63B05	09E63B05	1	0
09E700AB	09E700AB	1	0
09E703C0	09E703C0	1	0
09E74F7E	09E74F7E	1	0
09E7771F	09E7771F	1	0
09E7EEFB	09E7EEFB	1	0
09E8085B	09E8085B	1	0
09E866E1	09E866E1	1	0
09E88811	09E88811	1	0
09E8AAA8	09E8AAA8	1	0
09E8D8E0	09E8D8E0	1	0
09E8E768	09E8E768	1	0
09E9004E	09E9004E	1	0
09E90300	09E90300	1	0
09E9778E	09E9778E	1	0
09EA01D0	09EA01D0	1	0
09EA0E08	09EA0E08	1	0
09EA233E	09EA233E	1	0
09EAAA00	09EAAA00	1	0
09EABB00	09EABB00	1	0
09EAE000	09EAE000	1	0
09EAEEEE	09EAEEEE	1	0
09EB00BB	09EB00BB	1	0
09EB0132	09EB0132	1	0
09EB0300	09EB0300	1	0
09EB0ED0	09EB0ED0	2	0
09EB21AA	09EB21AA	1	0
09EB44AD	09EB44AD	1	0
09EBB500	09EBB500	1	0
09EBBDEB	09EBBDEB	1	0
09EBCE5E	09EBCE5E	1	0
09EBF731	09EBF731	1	0
09EC090F	09EC090F	1	0
09ECCB3F	09ECCB3F	1	0
09ED001C	09ED001C	1	0
09ED4400	09ED4400	1	0
09ED5555	09ED5555	1	0
09EDC211	09EDC211	1	0
09EDCCB5	09EDCCB5	1	0
09EDCCBB	09EDCCBB	1	0
09EDDC0E	09EDDC0E	1	0
09EE0585	09EE0585	1	0
09EE34E9	09EE34E9	1	0
09EE4300	09EE4300	1	0
09EE50DC	09EE50DC	1	0
09EE5555	09EE5555	1	0
09EE8E0F	09EE8E0F	1	0
09EE9900	09EE9900	1	0
09EE99EB	09EE99EB	1	0
09EE9E43	09EE9E43	1	0
09EEBF60	09EEBF60	1	0
09EECCC9	09EECCC9	1	0
09EEE433	09EEE433	1	0
09EEE434	09EEE434	1	0
09EEEEDC	09EEEEDC	1	0
09EEFE09	09EEFE09	1	0
09EF3B5D	09EF3B5D	1	0
09F00100	09F00100	1	0
09F02700	09F02700	1	0
09F04107	09F04107	1	0
09F0BB10	09F0BB10	1	0
09F10000	09F10000	1	0
09F1D402	09F1D402	1	0
09F206F4	09F206F4	1	0
09F21275	09F21275	1	0
09F2AFB8	09F2AFB8	1	0
09F30300	09F30300	1	0
09F3BD07	09F3BD07	1	0
09F409F0	09F409F0	1	0
09F48877	09F48877	1	0
09F51B20	09B61B20	1	0
09F70300	09F70300	1	0
09F70E19	09F70E19	1	0
09F8FF47	09F8FF47	1	0
09FA0009	09FA0009	1	0
09FA0080	09FA0080	1	0
09FA0340	09FA0340	1	0
09FA2ADB	09FA2ADB	1	0
09FB3423	09FB3423	1	0
09FB542F	09FB542F	1	0
09FBAAA9	09FBAAA9	1	0
09FC09F8	09FC09F8	1	0
09FDCCCD	09FDCCCD	1	0
09FDFF38	09FDFF38	1	0
09FE3B1E	09FE3B1E	1	0
09FE8967	09FE8967	1	0
09FEEEEE	09FEEEEE	1	0
09FEEF24	09FEEF24	1	0
09FF0354	09FF0354	1	0
09FF0610	09FF0610	1	0
09FF0C10	09FF0C10	1	0
09FF1457	09FF1457	1	0
09FF1B20	09C01B20	1	0
09FF2648	09FF2648	1	0
09FF3F02	09FF3F02	1	0
09FF565F	09FF565F	1	0
09FF5888	09FF5888	1	0
09FF63C5	09FF63C5	1	0
09FF6412	09FF6412	1	0
09FFA244	09FFA244	1	0
09FFA601	09FFA601	1	0
09FFBF63	09FFBF63	1	0
09FFFEDA	09FFFEDA	1	0
