# jp_addr	us_addr	size	tier	name
08000234	08000234	208	exact	ColorFadeTick
08000304	08000304	92	exact	ClearOam
08000360	08000360	72	exact	Checksum32
080003A8	080003A8	56	exact	TmFillRect
080003E0	080003E0	92	exact	TmCopyRect
0800043C	0800043C	84	exact	TmApplyTsa
08000494	08000494	156	exact	PutOamHi
08000534	08000534	12	exact	PutOamLo
08000564	08000564	188	exact	DrawGlyph
08000620	08000620	196	masked	DrawGlyphHalfStride
080006E4	080006E4	160	masked	DecodeString
08000784	08000784	240	masked	MapFloodCoreStep
08000874	08000874	428	exact	MapFloodCore
08000B60	08000B88	64	exact	NextRN
08000C0C	08000C34	24	exact	LoadRNState
08000C24	08000C4C	24	exact	StoreRNState
08000C3C	08000C64	28	exact	NextRN_100
08000C58	08000C80	32	exact	NextRN_N
08000C78	08000CA0	24	exact	Roll1RN
08000C90	08000CB8	36	exact	Roll2RN
08000CB4	08000CDC	12	exact	SetLCGRNValue
08000CC0	08000CE8	24	exact	AdvanceGetLCGRNValue
08000CF0	08000D40	36	masked	IncrementGameClock
08000DC4	08000E14	136	masked	CopyToPaletteBufferDimmed
08000E4C	08000E9C	168	masked	FlushLCDControl
08000EF4	08000F44	72	masked	BG_GetControlBuffer
08000F3C	08000F8C	22	exact	GetBackgroundTileDataOffset
08000F54	08000FA4	32	exact	GetTileIndex
08000F74	08000FC4	22	exact	BG_GetTileMapOffset
08000F8C	08000FDC	38	exact	SetBackgroundTileDataOffset
08000FB4	08001004	72	exact	SetBackgroundMapDataOffset
08000FFC	0800104C	30	exact	SetBackgroundScreenSize
0800101C	0800106C	40	exact	BG_SetColorBpp
08001044	08001094	92	exact	ApplyColorAddition_ClampMax
080010A0	080010F0	92	exact	ApplyColorAddition_ClampMin
080012B8	08001308	20	exact	SetNextVCount
080012D8	08001328	12	exact	SetMainUpdateRoutine
080013D0	08001414	10	exact	SnycKeyStatus
080013DC	08001420	32	masked	ResetKeyStatus
08001414	08001458	24	masked	AsnycKeyStatusExt
08001448	0800148C	92	masked	BG_SetPosition
080014D8	0800151C	20	masked	Hardware_StoreUnk3435
080014EC	08001530	28	exact	CopyTilemapScreen
08001650	080016C4	74	exact	Hardware_CopyViaDmaStruct
0800169C	08001710	28	exact	MaybeResetSomePal
080016B8	0800172C	136	exact	MaybeSmoothChangeSomePal
08001740	080017B4	136	exact	ColorFadeSetupRange
080017C8	0800183C	36	exact	ColorFadeSetStepRange
08001D28	08001DD8	20	masked	SetPrimaryHBlankHandler
08001D3C	08001DEC	20	masked	SetSecondaryHBlankHandler
08001D50	08001E00	108	exact	GetBackgroundFromBufferPointer
08001DBC	08001E6C	32	masked	BG_SetPriority
08001DDC	08001E8C	20	masked	BG_GetPriority
08001DF0	08001EA0	48	masked	SetBlendConfig
08001E20	08001ED0	60	masked	SetBlendTargetA
08001E5C	08001F0C	60	masked	SetBlendTargetB
08001E98	08001F48	28	masked	SetBlendBackdropA
08001EB4	08001F64	28	masked	SetBlendBackdropB
08001ED0	08001F80	18	exact	SetDefaultColorEffects
08001EFC	08001FAC	16	masked	BG_EnableSyncByMask
08001F0C	08001FBC	20	masked	BG_EnableSync
08001F20	08001FD0	16	masked	ClearBgsModified
08001F30	08001FE0	52	exact	ClearTileRigistry
08001F64	08002014	64	exact	RegisterDataMove
08001FA4	08002054	52	exact	RegisterFillTile
0800204C	080020FC	60	masked	InitOam
08002134	080021E4	104	masked	PutSpriteListToHiOam
080021A8	08002258	12	exact	GetCurrentBgmSong
080021B4	08002264	16	exact	IsBgmPlaying
080023C8	08002478	90	masked	StartOrChangeBgm
08002424	080024D4	14	exact	StartBgm
08002434	080024E4	10	exact	StartBgmExt
0800265C	0800270C	36	masked	MakeBgmOverridePersist
08002680	08002730	88	masked	StartBgmVolumeChange
0800276C	0800281C	60	exact	DelaySong_OnLoop
080027A8	08002858	56	masked	StartSongDelayed
08002820	080028D0	24	exact	Sound_SetDefaultMaxNumChannels
080028A0	08002950	26	masked	IsMusicProc2Running
080028BC	0800296C	78	exact	ChangeBgm_FadeVolume
0800290C	080029BC	44	exact	ChangeBgm_StartNewSong
08002938	080029E8	132	masked	ChangeBgm
080029BC	08002A6C	26	masked	MusicProc4Exists
080029D8	08002A88	48	exact	Sound_ForceChangeBgm
08002A08	08002AB8	16	masked	DeleteAll6CWaitMusicRelated
08002B58	08002C08	116	exact	Proc_Init
08002C30	08002CE0	46	exact	Proc_StartBlocking
08002CBC	08002D6C	24	exact	Proc_End
08002CD4	08002D84	16	exact	AllocateProcess
08002CE4	08002D94	16	exact	FreeProcess
08002CF4	08002DA4	36	exact	InsertRootProcess
08002D18	08002DC8	24	exact	InsertChildProcess
08002D30	08002DE0	72	exact	UnlinkProcess
08002DD4	08002E84	14	exact	Proc_Run
08002DEC	08002E9C	38	exact	Proc_Find
08002E14	08002EC4	46	exact	Proc_FindNonBlocked
08002E44	08002EF4	46	exact	Proc_FindWithMark
08002E74	08002F24	56	exact	Proc_Goto
08002EAC	08002F5C	8	exact	Proc_GotoScript
08002F3C	08002FEC	40	exact	Proc_BlockEachMarked
08002F64	08003014	44	exact	Proc_UnblockEachMarked
08002F90	08003040	44	exact	Proc_EndEachMarked
08002FBC	0800306C	10	exact	Delete
08002FC8	08003078	16	masked	Proc_EndEach
08002FD8	08003088	10	exact	ClearNativeCallback
08002FE4	08003094	16	masked	Proc_BreakEach
08003038	080030E8	12	exact	ProcCmd_DELETE
08003044	080030F4	14	exact	ProcCmd_SET_NAME
080030C8	0800317C	14	exact	ProcCmd_LOOP_ROUTINE
080031F8	080032AC	40	masked	ProcCmd_SLEEP
08003220	080032D4	20	exact	ProcCmd_SET_MARK
080032C8	0800337C	22	exact	ProcCmd_SET_BIT4
0800332C	080033E0	54	exact	PrintProcessNameRecursive
08003364	08003418	50	exact	PrintProcessTree
080033A0	08003454	10	exact	Proc_BlockSemaphore
080033AC	08003460	10	exact	Proc_WakeSemaphore
080033B8	0800346C	52	exact	Proc_FindAfter
080033EC	080034A0	52	exact	Proc_FindAfterWithParent
08003420	080034D4	40	exact	CountFreeProcs
08003448	080034FC	52	exact	CountProcs
0800347C	08003530	16	exact	Proc_FindBegin
0800348C	08003540	56	exact	Proc_FindNext
08003538	080035EC	36	exact	GetNextFreeIcon
0800355C	08003610	18	exact	GetIconGfxTileIndex
08003570	08003624	44	exact	GetIconGfxIndex
08003608	080036BC	80	exact	DrawIcon
08003658	0800370C	32	exact	ClearIconGfx
08003800	080038B4	20	exact	PrintEmptyStringToDBG
08003814	080038C8	24	exact	ClearSmallStringBuffer
08003868	0800391C	48	exact	StoreNumberStringOrDashesToSmallBuffer
08003898	0800394C	28	exact	PrintNumberToDBG
080038B4	08003968	76	masked	StoreNumberHexStringToSmallBuffer
08003900	080039B4	28	exact	PrintHexNumberToDBG
0800391C	080039D0	108	exact	PrintStringToDBG
08003A08	08003ABC	104	exact	UpdateDBGScroll
08003B48	08003BFC	36	exact	PrintNumberAsOBJ
08003B6C	08003C20	36	exact	PrintHexNumberAsOBJ
08003BC4	08003C94	36	masked	ResetText
08003C24	08003CF4	44	masked	SetTextFontGlyphs
08003C50	08003D20	24	masked	ResetTextFont
08003C68	08003D38	36	exact	SetTextFont
08003C8C	08003D5C	40	exact	InitText
08003CB4	08003D84	40	exact	InitTextDb
08003CDC	08003DAC	28	exact	InitTextInitInfo
08003D70	08003E40	16	exact	Text_GetChrOffset
08003D88	08003E58	8	exact	Text_Skip
08003DA0	08003E70	76	exact	PutText
08003DEC	08003EBC	32	exact	PutBlankText
08004120	080041E8	32	exact	GetTextDrawDest
08004360	08004428	20	masked	SetTextDrawNoClear
080044E0	080045D8	36	exact	InitSpriteText
080045E8	080046E0	32	exact	GetSpriteTextDrawDest
08004874	0800496C	8	exact	IsTextPrinting
080048E8	080049E0	84	exact	DrawSpecialCharGlyph_old
08004998	08004A90	60	masked	AddSpecialChar
080049D4	08004ACC	62	masked	GetSpecialCharChr
08004A14	08004B0C	60	exact	PutSpecialChar
08004A90	08004B88	12	exact	PutNumber
08004A9C	08004B94	30	exact	PutNumberOrBlank
08004AEC	08004BE4	12	exact	PutNumberSmall
08004AF8	08004BF0	42	exact	PutNumberBonus
08004C64	08004D5C	30	exact	PutTwoSpecialChar
08004D48	08004E40	120	masked	AnimUpdateAll
08004DC0	08004EB8	48	masked	AnimClearAll
08004DF0	08004EE8	96	masked	AnimCreate_unused
08004E50	08004F48	100	masked	AnimCreate
08004EB4	08004FAC	88	masked	AnimSort
08004F0C	08005004	46	masked	AnimDelete
08004F3C	08005034	10	exact	AnimDisplay
080050C8	080051C0	72	masked	AnimInsert
08005110	08005208	300	masked	AnimDisplayPrivate
0800523C	08005334	58	exact	Anim_0
080052AC	080053A4	68	masked	ClearSprites
080052F0	080053E8	64	masked	PutSprite
08005330	08005428	48	masked	PutSpriteExt
08005390	08005488	38	exact	SpriteRefresher_OnIdle
0800541C	08005514	20	masked	GetPortraitData
08005430	08005528	28	exact	ResetFaces
0800544C	08005544	44	masked	SetupFaceGfxData
08005478	08005570	36	masked	FindFreeFaceSlot
080054C4	080055BC	84	exact	Face_OnIdle
08005518	08005610	44	exact	StartFaceAuto
08005660	08005758	24	masked	EndFaceById
08005678	08005770	26	exact	SetFaceDisplayBits
08005694	0800578C	24	masked	SetFaceDisplayBitsById
080056B0	080057A8	24	masked	GetFaceDisplayBitsById
080056C8	080057C0	212	masked	FaceRefreshSprite
08005B28	08005C24	126	masked	ShouldFaceBeRaised
08005C68	08005D64	12	exact	FaceBgBlink_Init
08005E70	08005F6C	48	masked	GetGenericChibiImg
08005ED8	08005FD4	10	exact	FaceMouth_Init
0800633C	08006438	30	exact	SetFaceBlinkControl
0800635C	08006458	24	masked	SetFaceBlinkControlById
080063E0	080064DC	24	masked	SetFaceEyeControlById
0800651C	08006618	20	masked	SetFacePosition
080066EC	080067E8	36	masked	ClearTalkFaceRefs
08006974	08006A70	12	exact	StartTalk
0800699C	08006A98	16	masked	ClearAllTalkFlags
080069AC	08006AA8	20	masked	SetTalkFlag
080069CC	08006AC8	20	masked	ClearTalkFlag
080069E0	08006ADC	20	masked	CheckTalkFlag
080069F4	08006AF0	32	masked	SetTalkPrintDelay
0800785C	08007958	50	masked	GetFaceIdByXPos
08007890	0800798C	88	masked	SetTalkFaceLayer
080079AC	08007AB0	92	exact	TalkFaceMove_OnInit
08008094	08008198	16	masked	GetTalkPauseCmdDuration
08008360	08008464	124	masked	InitTalkTextWin
08008808	0800890C	38	masked	TalkHasCorrectBubble
080088B4	080089B8	12	exact	SetTalkFaceMouthMove
080088C0	080089C4	12	exact	SetTalkFaceNoMouthMove
08009140	08009250	16	exact	EventSpriteAnim_End
08009150	08009260	28	masked	AP_ClearAll
0800916C	0800927C	40	exact	AP_Create
08009194	080092A4	22	exact	AP_Delete
080091AC	080092BC	40	exact	AP_Update
08009230	08009340	240	exact	AP_ExecFrame
08009408	08009518	48	exact	AP_SwitchAnimation
08009438	08009548	32	exact	AP_SetDefinition
08009564	08009674	34	exact	AP_LoadDefinition
08009588	08009698	30	exact	AP_ExecDummyFrame
080095A8	080096B8	54	exact	AP_Init
080095E0	080096F0	38	masked	AP_Find
0800967C	0800978C	12	exact	APProc_OnEnd
08009688	08009798	26	exact	APProc_SetParameters
080096D8	080097E8	358	masked	GetRealChaperIndex
080099BC	08009A6C	22	exact	EndProcIfNotMarkedB
08009A0C	08009ABC	26	exact	GameControl_StartMainTheme
08009A28	08009AD8	20	exact	GameControl_FadeBgmVolume
08009E3C	08009EDC	16	masked	GameControl_RememberChapterId
08009E4C	08009EEC	16	masked	GameControl_RestoreChapterId
08009EB0	08009F50	18	exact	SetNextGameActionId
08009EC4	08009F64	18	exact	SetNextChapterId
08009ED8	08009F78	20	exact	HasNextChapter
08009F3C	08009FDC	28	masked	GameControl_EnableSoundEffects
08009F58	08009FF8	80	masked	GameControl_ResetPlayConfig
0800A844	0800A4E8	46	exact	Spline_PrepareSegmentControls
0800B1D4	0800AE7C	232	exact	Spline_EvalTransformChannels
0800B4C4	0800B16C	44	exact	Spline_EvalTwoChannels
0800C390	0800C0B8	16	masked	Event8A_WmShowCursor_Unsure
0800C4A4	0800C1CC	28	masked	Event93_WmEnableNode
0800C4C0	0800C1E8	28	masked	Event94_WmDisableNode
0800C7A0	0800C4C8	28	masked	Event9B_WmSetNextStoryNodeSilentNoFlag
0800C800	0800C528	50	masked	Event9D_
0800CEC0	0800CBF0	20	masked	EventC1_SKIPWM
0800CED4	0800CC04	20	masked	EventC2_WmNoFade
0800D2D0	0800D00C	54	masked	EnqueueEventCall
0800D308	0800D044	56	masked	CallNextQueuedEvent
0800D524	0800D260	36	masked	CallBattleQuoteEvent
0800D548	0800D284	32	masked	CallBattleQuoteEventInBattle
0800D568	0800D2A4	44	masked	CallTileChangeEvent
0800D594	0800D2D0	52	masked	CallChestOpeningEvent
0800D5C8	0800D304	44	masked	CallMapSupportEvent
0800D5F4	0800D330	36	masked	CallSupportViewerEvent
0800D618	0800D354	40	masked	CallRetreatPromptEvent
0800D640	0800D37C	20	masked	CallSuspendPromptEvent
0800D654	0800D390	20	masked	CallGameOverEvent
0800D7EC	0800D528	28	masked	SlotQueuePush
0800DA04	0800D77C	24	masked	Event05_SetSlot
0800DC08	0800D980	54	exact	Event09_Goto
0800DEF0	0800DC98	192	masked	Event10_ModifyEvBit
0800F704	0800F50C	28	exact	GetLoadUnitsAmount
08010AD0	0801098C	156	masked	GenerateScriptBattleHitFormEventQueue
08011258	0801116C	48	exact	PopupProc_Init
08011554	08011450	12	exact	SetPopupUnit
08011560	08011474	28	exact	NewPopup_Simple
080115C8	080114DC	72	masked	NewPopup_ItemGot_unused
08011610	08011524	20	exact	ItemGot_DisplayLePopup
080116C8	080115DC	72	masked	NewGoldNumPopup_unused
08011710	08011624	32	masked	NewNumberPopup_unused
08011780	08011694	76	masked	NewPopup_ItemStealing
080117CC	080116E0	36	masked	NewPopup_WeaponBroke
080117F0	08011704	36	masked	NewPopup_WRankIncrease
08011DB0	08011CCC	68	exact	ChangeUnitAi
08011FA4	08011EC8	20	masked	EvtBattleGenerateReal
08011FB8	08011EDC	20	masked	EvtBattleGenerateBallistaReal
08012F50	08012E98	38	exact	StringCompare
08012F78	08012EC0	26	exact	CopyString
08013050	08012F98	24	exact	GfxLoadCursor_Init
08013068	08012FB0	48	exact	GfxLoadCursor_Decompress
08013098	08012FE0	18	exact	GfxLoadCursor_Skip
08013110	08013058	60	exact	ApplyBitmap
0801314C	08013094	40	exact	ApplyBitmapLine
08013174	080130BC	72	exact	ApplyBitmapTile
080131BC	08013104	50	exact	PutAppliedBitmap
080131F0	08013138	48	exact	PutDigits
08013220	08013168	62	exact	PutNumberTilesRightAligned
08013268	080131B0	20	exact	Bmlib_IncrementCounter
0801327C	080131C4	10	exact	Bmlib_DecrementCounter
08013288	080131D0	32	exact	InitWindowScanlineBounds
08013330	08013278	296	exact	MakeCircleWindowBounds
0801350C	08013454	28	exact	SetPalFadeStClkEnd
08013528	08013470	16	exact	SetPalFadeStClkEnd1
08013538	08013480	18	exact	SetPalFadeStClkEnd2
0801354C	08013494	18	exact	SetPalFadeStClkEnd3
08013560	080134A8	12	exact	GetPalFadeStClkEnd1
0801356C	080134B4	14	exact	GetPalFadeStClkEnd2
0801357C	080134C4	14	exact	GetPalFadeStClkEnd3
0801358C	080134D4	76	exact	ArchiveCurrentPalettes
080135D8	08013520	48	exact	ArchivePalette
08013918	08013860	16	exact	SpacialSeTest_OnInit
080139A8	080138F0	28	masked	StartPalFadeToBlack
080139C4	0801390C	28	masked	StartPalFadeToWhite
08013B7C	08013AC4	22	exact	SetAllBlackPals
08013B94	08013ADC	22	exact	SetAllWhitePals
08013E20	08013D68	12	exact	StartMidFadeToBlack
08013E2C	08013D74	12	exact	StartSlowFadeToBlack
08013E38	08013D80	12	exact	StartFastFadeToBlack
08013E44	08013D8C	12	exact	StartMidFadeFromBlack
08013E50	08013D98	12	exact	StartSlowFadeFromBlack
08013E5C	08013DA4	12	exact	StartFastFadeFromBlack
08013E68	08013DB0	14	exact	StartMidLockingFadeToBlack
08013E78	08013DC0	14	exact	StartSlowLockingFadeToBlack
08013E88	08013DD0	14	exact	StartFastLockingFadeToBlack
08013E98	08013DE0	14	exact	StartMidLockingFadeFromBlack
08013EB8	08013E00	14	exact	StartFastLockingFadeFromBlack
08013EC8	08013E10	14	exact	StartSlowLockingFadeToWhite
08013EE8	08013E30	24	masked	FadeOutBlackSpeed04
08013F00	08013E48	24	masked	FadeOutBlackSpeed08
08013F18	08013E60	24	masked	FadeOutBlackSpeed10
08013F30	08013E78	24	masked	FadeOutBlackSpeed20
08013F48	08013E90	24	masked	FadeOutBlackSpeed40
08013F60	08013EA8	18	exact	FadeInBlackSpeed08NonLocking
08013F74	08013EBC	18	exact	FadeInBlackSpeed10NonLocking
08013F88	08013ED0	18	exact	FadeInBlackSpeed20NonLocking
08013F9C	08013EE4	18	exact	FadeInBlackSpeed40NonLocking
08013FB0	08013EF8	24	masked	FadeOutBlackSpeed04Locking
08013FC8	08013F10	24	masked	FadeOutBlackSpeed08Locking
08013FE0	08013F28	24	masked	FadeOutBlackSpeed10Locking
08013FF8	08013F40	24	masked	FadeOutBlackSpeed20Locking
08014010	08013F58	24	masked	FadeOutBlackSpeed40Locking
08014028	08013F70	18	exact	FadeInBlackSpeed04
0801403C	08013F84	18	exact	FadeInBlackSpeed08
08014050	08013F98	22	exact	FadeInBlackSpeed08Unk
08014068	08013FB0	18	exact	FadeInBlackSpeed10
0801407C	08013FC4	18	exact	FadeInBlackSpeed20
08014090	08013FD8	18	exact	FadeInBlackSpeed40
080140A4	08013FEC	18	exact	FadeInWhiteSpeed10Locking
080140B8	08014000	18	exact	FadeOutWhiteSpeed10Locking
080140CC	08014014	18	exact	FadeInWhiteSpeed08Locking
080140E0	08014028	18	exact	FadeInWhiteSpeed04
080140F4	0801403C	18	exact	FadeInWhiteSpeed08
08014108	08014050	24	masked	FadeOutWhiteSpeed08Locking
0801413C	08014084	18	exact	FadeOutBlackSpeed40LockingWithCallback
080141AC	080140F4	10	exact	FadeCore_Init
080144E0	080144CC	24	exact	StartPaletteAnimatorReverse
080144F8	080144E4	24	exact	StartPaletteAnimatorNormal
08014574	08014560	102	exact	PutTmRectSequential
0801492C	08014904	22	exact	Bzero
08014944	0801491C	20	exact	Memset8
08014958	08014930	20	exact	Memset16
080149EC	080149C4	44	exact	VramCopyInRaw
08014A18	080149F0	34	exact	PutTmLinear
08014A3C	08014A14	98	exact	GetTmOffsetById
08014BB0	08014B88	24	masked	PlaySeDelayed
08014C08	08014BE0	88	exact	DarkenPalette
08014C60	08014C38	26	exact	MemCpy
08014CEC	08014CC4	228	masked	HBlank_BgVerticalScroll
08014E9C	08014E74	52	masked	GetBgVerticalScrollBuffer
08014ED0	08014EA8	28	masked	FlipBgVerticalScroll
08014EEC	08014EC4	24	masked	SetBgVerticalScrollPosition
08014F04	08014EDC	24	masked	ResetBgVerticalScrollPosition
08014F1C	08014EF4	28	masked	ClearBgVerticalScrollChannelFlags
08014F38	08014F10	32	masked	SetBgVerticalScrollChannelFlag1
08014F58	08014F30	32	masked	SetBgVerticalScrollChannelFlag2
08014F78	08014F50	74	exact	VecMulMat
08014FC4	08014F9C	368	exact	MatMulMat
08015134	0801510C	32	exact	MatIdent
08015154	0801512C	50	exact	MatCopy
08015264	08015240	34	exact	VecDotVec
08015288	08015264	56	exact	VecCrossVec
080152C0	0801529C	8	exact	Vec2CrossVec2
08015384	08015360	16	masked	LockGame
08015394	08015370	16	masked	UnlockGame
08015624	08015608	120	masked	InitBmBgLayers
08015854	08015838	84	masked	HandleMoveMapCursor
080158A8	0801588C	300	masked	HandleMoveCameraWithMapCursor
080159D4	080159B8	68	masked	GetCameraAdjustedX
08015A18	080159FC	68	masked	GetCameraAdjustedY
08015A5C	08015A40	44	masked	GetCameraCenteredX
08015A88	08015A6C	44	masked	GetCameraCenteredY
08015BD8	08015BBC	24	masked	SetCursorMapPosition
08015D3C	08015D30	84	masked	StoreAdjustedCameraPositions
08016198	080163F0	46	masked	GetItemHpBonus
080161C8	08016420	46	masked	GetItemPowBonus
080161F8	08016450	46	masked	GetItemSklBonus
08016228	08016480	46	masked	GetItemSpdBonus
08016258	080164B0	46	masked	GetItemDefBonus
08016288	080164E0	46	masked	GetItemResBonus
080162B8	08016510	46	masked	GetItemLckBonus
080162E8	08016540	52	masked	MakeNewItem
0801631C	08016574	474	masked	CanUnitUseWeapon
0801654C	080167A4	90	masked	CanUnitUseStaff
08016894	08016AEC	58	masked	GetItemAfterUse
080168D0	08016B28	48	exact	GetUnitEquippedWeapon
08016900	08016B58	50	exact	GetUnitEquippedWeaponSlot
08016934	08016B8C	50	masked	IsItemCoveringRange
08016968	08016BC0	44	exact	EquipUnitItemSlot
08016994	08016BEC	156	masked	IsItemEffectiveAgainst
08016A30	08016C88	56	masked	IsUnitEffectiveAgainst
08016B04	08016D5C	56	exact	GetWeaponLevelFromExp
08016BF8	08016E50	120	masked	GetWeaponExpProgressState
08016C70	08016EC8	26	exact	IsItemDanceRing
08016C8C	08016EE4	150	masked	IsItemDisplayUsable
08016DD4	0801702C	40	exact	GetUnitItemSlot
08016DFC	08017054	44	masked	IsItemStealable
08016E28	08017080	84	masked	IsItemHammernable
08016E7C	080170D4	274	masked	GetItemReachBits
08016F90	080171E8	82	exact	GetUnitWeaponReachBits
080170A0	080172F8	130	masked	GetUnitStaffReachBits
08017220	08017478	52	masked	SetItemUnsealedForCharacter
08017254	080174AC	64	masked	IsItemUnsealedForUnit
08017294	080174EC	8	exact	GetItemIndex
080172C0	08017518	24	masked	GetItemDescId
080172D8	08017530	24	masked	GetItemUseDescId
080172F0	08017548	34	masked	GetItemType
08017314	0801756C	24	masked	GetItemAttributes
0801732C	08017584	42	masked	GetItemUses
08017358	080175B0	42	masked	GetItemMaxUses
08017384	080175DC	24	masked	GetItemMight
0801739C	080175F4	24	masked	GetItemHit
080173B4	0801760C	24	masked	GetItemWeight
080173CC	08017624	24	masked	GetItemCrit
080173E4	0801763C	46	masked	GetItemCost
08017414	0801766C	24	masked	GetItemMinRange
0801742C	08017684	28	masked	GetItemMaxRange
08017448	080176A0	24	masked	GetItemEncodedRange
08017460	080176B8	24	masked	GetItemRequiredExp
08017478	080176D0	24	masked	GetItemEffectiveness
08017490	080176E8	24	masked	GetItemStatBonuses
080174A8	08017700	36	masked	GetItemIconId
080174CC	08017724	24	masked	GetItemWeaponEffect
080174E4	0801773C	24	masked	GetItemUseEffect
080174FC	08017754	24	masked	GetItemCostPerUse
08017514	0801776C	44	masked	GetItemMaxCost
08017540	08017798	24	masked	GetItemAwardedExp
08017558	080177B0	20	masked	GetItemData
0801756C	080177C4	48	masked	InitUnits
080175E0	08017838	54	masked	GetFreeUnit
08017650	080178A8	48	masked	GetUnitFogViewRange
08017680	080178D8	28	exact	SetUnitStatus
0801769C	080178F4	14	exact	SetUnitStatusExt
080176F0	08017948	34	exact	UnitAddItem
08017714	0801796C	22	exact	UnitClearInventory
0801772C	08017984	84	exact	UnitRemoveInvalidItems
08017780	080179D8	32	exact	GetUnitItemCount
080177A0	080179F8	60	exact	UnitHasItem
080177DC	08017A34	32	exact	LoadUnits
080177FC	08017A54	56	exact	HalveUnitCombatStats
08017834	08017A8C	54	masked	CanClassWieldWeaponType
08017B54	08017E34	134	exact	UnitLoadStatsFromChracter
08017BDC	08017EBC	56	masked	FixROMUnitStructPtr
08017EDC	080181C8	212	exact	UnitCheckStatCaps
08017FB0	0801829C	58	masked	GetUnitFromCharId
08017FEC	080182D8	66	masked	GetUnitFromCharIdAndFaction
08018030	0801831C	46	exact	CanUnitRescue
08018060	0801834C	34	exact	UnitRescue
08018084	08018370	88	masked	UnitDrop
080180DC	080183C8	52	masked	UnitGive
08018670	0801895C	56	masked	SetAllUnitNotBackSprite
080186CC	080189B8	98	exact	GetUnitAid
0801876C	08018A58	36	exact	UnitHasMagicRank
08018790	08018A7C	32	exact	DeployUnitAtPosition
08018804	08018AF0	54	exact	GetUnitAidIconId
080188B4	08018BA0	56	masked	GetCombinedEnemyWeaponUsabilityBits
080189AC	08018C98	110	masked	IsPositionMagicSealed
08018A1C	08018D08	44	exact	IsUnitMagicSealed
08018A60	08018D4C	66	masked	GetUnitMovementCost
08018AA4	08018D90	32	masked	GetClassSMSId
08018C5C	08018F48	54	masked	IsUnitSlotAvailable
08018C94	08018F80	64	masked	HidePlayerUnits
08018D04	08018FF0	68	masked	CountAvailableBlueUnits
08018D48	08019034	64	masked	CountRedUnits
08018D88	08019074	64	masked	CountGreenUnits
08019018	08019340	30	exact	GetUnitLeaderCharId
08019108	08019430	20	masked	GetUnit
0801911C	08019444	30	masked	GetClassData
0801913C	08019464	30	masked	GetCharacterData
08019294	080195BC	104	masked	InitMapForMinimap
080192FC	08019624	340	masked	ApplyWaterShadowsBmMap
0801947C	080197A4	64	masked	BmMapInit
08019518	08019840	108	masked	BmMapFillEdges
0801967C	080199A4	192	masked	InitBaseTilesBmMap
080197CC	08019AF4	36	masked	GetTrueTerrainAt
080197F0	08019B18	112	masked	DisplayBmTile
08019864	08019B8C	176	masked	DisplayMovementViewTile
08019ECC	0801A1F4	76	masked	RefreshEntityBmMaps
0801A108	0801A43C	48	masked	GenerateExtendedMovementMapOnRange
0801A138	0801A46C	48	masked	GenerateExtendedMovementMap
0801A198	0801A4CC	32	masked	SetWorkingMoveCosts
0801A4D0	0801A7F4	54	exact	RevertMovementScript
0801A508	0801A82C	182	masked	UnitApplyWorkingMovementScript
0801A798	0801AABC	260	masked	MapAddInRange
0801A89C	0801ABC0	252	masked	MapSetInRange
0801C590	0801C928	24	exact	CanShowUnitStatScreen
0801D7B0	0801DB4C	88	masked	TrySwitchViewedUnit
0801D838	0801DBD4	44	exact	GetSomeFacingDirection
0801E840	0801EBE8	40	exact	PrepUnitSwapProc_OnEnd
0801EAF0	0801EE98	14	exact	PhaseIntroUnk_Init
0801F61C	0801F9C4	8	exact	ProcPopup2_Init
0801FA38	0801FDAC	14	exact	ChapterIntro_KeyListen_Init
0801FB0C	0801FE14	212	exact	PutScreenFogEffect
0801FBE0	0801FEE8	232	exact	PutScreenFogEffectOverlayed
080201A4	080204AC	56	masked	ChapterIntro_LightExplosion_Init
080204EC	080207F4	18	exact	ChapterIntro_LightBurst_Init
08020818	08020B20	16	masked	ChapterIntro_InitCameraYPos
08020AB4	08020DBC	44	masked	ChapterIntro_RevealDecalSprite_Init
08020DB8	080210C0	8	exact	ChapterIntro_SetSkipping
08020EC0	080211C8	64	exact	GameOverScreen_RandomScroll_Init
08021120	08021428	12	exact	GameOverScreen_BeginIdle
080217F4	08021AFC	8	exact	ProcDanceAnim_ResetTimer
0802257C	080225B0	30	masked	MapMenu_IsSuspendCommandAvailable
08022700	08022738	16	masked	EffectWait
080228C4	080228FC	20	masked	RescueSelection_OnSelect
08022930	08022968	36	masked	DropSelection_OnSelect
08022E1C	08022E54	14	exact	BackToAttackMenu_RestartMenu
08022FE8	08023020	32	masked	UnitActionMenu_Seize
08023120	08023158	58	masked	PlayCommandUsability
0802315C	08023194	58	masked	DanceCommandUsability
0802326C	080232A4	20	masked	RefreshMapSelect_Select
08023280	080232B8	46	masked	ItemCommandUsability
08023CC0	08023D00	20	masked	TalkSelection_OnSelect
08023D5C	08023DA0	20	masked	SupportSelection_OnSelect
08023E94	08023ED8	24	masked	PickSelection_OnSelect
080248FC	0802494C	50	masked	ExitCommandUsability
08024D3C	08024D8C	22	exact	AreUnitsAllied
08024D54	08024DA4	22	exact	IsSameAllegiance
08024D6C	08024DBC	20	masked	GetCurrentPhase
08024D80	08024DD0	24	masked	GetNonActiveFaction
08024D98	08024DE8	26	masked	GetPartyGoldAmount
08024DB4	08024E04	28	masked	SetPartyGoldAmount
08024DD0	08024E20	32	masked	AddPartyGoldAmount
080265BC	08026618	16	masked	RequestUnitSpriteSheetSync
0802662C	08026688	52	masked	ResetUnitSprites
08026660	080266BC	52	masked	ResetUnitSpritesB
080270E0	0802713C	42	exact	GetUnitDisplayedSpritePalette
0802710C	08027168	54	exact	GetUnitSpritePalette
08027310	0802736C	54	masked	AddUnitSprite
080279C4	08027A30	16	masked	ResetUnitSpriteHoverCursor
080280C4	08028130	20	exact	ShowUnitSprite
080280D8	08028144	28	exact	GetUnitSpriteHideFlag
080280F4	08028160	104	masked	TornOutChr
0802815C	080281C8	20	exact	GetUnitSupporterCount
08028170	080281DC	22	exact	GetUnitSupporterCharacter
080281D0	0802823C	38	exact	GetUnitSupportLevel
080281F8	08028264	42	exact	GetUnitTotalSupportLevel
08028224	08028290	76	masked	UnitGainSupportExp
08028270	080282DC	52	masked	UnitGainSupportLevel
080282A4	08028310	124	masked	CanUnitSupportNow
08028320	0802838C	26	exact	GetUnitSupporterInitialExp
0802833C	080283A8	56	exact	GetUnitSupporterNum
08028374	080283E0	82	exact	InitUnitsupports
080284C0	0802852C	34	masked	GetAffinityBonuses
080284E4	08028550	78	exact	ApplyAffinitySupportBonuses
08028534	080285A0	16	exact	InitSupportBonuses
08028544	080285B0	268	masked	GetUnitSupportBonuses
08028650	080286BC	22	exact	GetUnitAffinityIcon
08028720	0802878C	22	exact	HasUnitGainedSupportLevel
08029048	080290A0	24	exact	CanUnitUsePureWaterItem
08029060	080290B8	42	masked	CanUnitUseTorchItem
0802908C	080290E4	24	exact	CanUnitUseAntitoxinItem
08029108	08029160	70	exact	CanUnitUseLockpickItem
080294AC	08029504	22	exact	CanUnitUseFruitItem
080294F8	08029550	24	masked	StaffSelectOnSelect
0802A2A4	0802A318	56	masked	BattleGenerateSimulation
0802A2DC	0802A350	20	masked	BattleGenerateReal
0802A2F0	0802A364	32	masked	BattleGenerateBallistaSimulation
0802A310	0802A384	20	masked	BattleGenerateBallistaReal
0802A5D4	0802A668	56	exact	InitBattleUnitWithoutBonuses
0802A60C	0802A6A0	58	exact	SetBattleUnitTerrainBonuses
0802A648	0802A6DC	84	masked	SetBattleUnitTerrainBonusesAuto
0802AA10	0802AAA4	22	exact	ComputeBattleUnitBaseDefense
0802AB54	0802ABE4	50	exact	ComputeBattleUnitAvoidRate
0802ABC4	0802AC54	10	exact	ComputeBattleUnitDodgeRate
0802ABD0	0802AC60	48	exact	ComputeBattleUnitEffectiveHitRate
0802AC68	0802ACF8	92	exact	ComputeBattleUnitSilencerRate
0802AD00	0802AD90	60	exact	ComputeBattleUnitStatusBonuses
0802AE00	0802AE90	64	masked	ClearBattleHits
0802AE40	0802AED0	172	masked	BattleUnwind
0802AEEC	0802AF7C	20	masked	BattleGetBattleUnitOrder
0802AFF0	0802B080	18	exact	GetBattleUnitHitCount
0802B004	0802B094	54	masked	BattleCheckBraveEffect
0802B134	0802B1C4	48	masked	BattleUpdateBattleStats
0802B93C	0802B9F4	50	masked	CanBattleUnitGainLevels
0802BDE8	0802BEA0	130	exact	GenerateBattleUnitStatGainsComparatively
0802BE6C	0802BF24	260	exact	CheckBattleUnitStatCaps
0802C21C	0802C2D4	42	exact	UpdateUnitDuringBattle
0802C27C	0802C334	16	masked	ClearBmbattleStruct0
0802C28C	0802C344	34	exact	GetUnitExpLevel
0802C320	0802C3D8	50	exact	GetUnitClassKillExpBonus
0802C354	0802C40C	68	masked	GetUnitExpMultiplier
0802C428	0802C4F0	68	exact	ModifyUnitSpecialExp
0802C678	0802C740	44	exact	BattleUnitTargetCheckCanCounter
0802C6A4	0802C76C	82	exact	BattleApplyReaverEffect
0802C6F8	0802C7C0	132	masked	BattleApplyWeaponTriangleEffect
0802C77C	0802C844	128	masked	BattleInitTargetCanCounter
0802C880	0802C948	60	masked	ComputeBattleObstacleStats
0802C9A8	0802CA70	38	exact	GetSoloAnimPreconfType
0802C9D0	0802CA98	94	masked	GetBattleAnimPreconfType
0802CA34	0802CAFC	38	masked	BattlePrintDebugHitInfo
0802CDC0	0802CE88	20	masked	BattleIsTriangleAttack
0802CDD4	0802CE9C	30	exact	DidBattleUnitBreakWeapon
0802CE00	0802CEC8	130	masked	BattleGenerateHitScriptedDamage
0802D1EC	0802D2B4	16	masked	BattleHitAdvance
0802D1FC	0802D2C4	28	masked	BattleHitTerminate
0802D2F0	0802D3B8	8	exact	TradeMenu_HighlightUpdater_OnInit
0802D370	0802D438	58	exact	TradeMenu_GetAdjustedRow
0802D4C4	0802D58C	92	exact	TradeMenu_RefreshSelectableCells
0802D758	0802D820	20	exact	TradeMenu_OnInitUnselected
0802D850	0802D918	102	exact	TradeMenu_OnInitSelected
0802D9E4	0802DAAC	80	exact	TradeMenu_OnEndSelected
0802DDEC	0802DEB4	8	exact	TradeMenu_TutorialWait_OnInit
0802DFD8	0802E0A0	16	masked	SetTradeMenuTutStatus2
0802DFE8	0802E0B0	16	masked	SetTradeMenuTutStatus3
0802DFF8	0802E0C0	16	masked	SetTradeMenuTutStatus4
0802E008	0802E0D0	16	masked	SetTradeMenuTutStatus5
0802E018	0802E0E0	16	masked	SetTradeMenuTutStatus6
0802E028	0802E0F0	16	masked	SetTradeMenuTutStatus7
0802E038	0802E100	16	masked	SetTradeMenuTutStatus8
0802E048	0802E110	26	masked	AreKeysHeld
0802E100	0802E1C8	40	masked	ClearTraps
0802E128	0802E1F0	92	masked	GetTrapAt
0802E184	0802E24C	108	masked	GetTypedTrapAt
0802E1F0	0802E2B8	40	masked	AddTrap
0802E218	0802E2E0	26	exact	AddDamagingTrap
0802E234	0802E2FC	22	exact	RemoveTrap
0802E24C	0802E314	26	exact	AddFireTile
0802E268	0802E330	32	exact	AddGasTrap
0802E288	0802E350	28	exact	AddArrowTrap
0802E2A4	0802E36C	26	exact	AddMapChangeTrap
0802E2C0	0802E388	14	exact	AddTrap8
0802E2D0	0802E398	14	exact	AddTrap9
0802E368	0802E430	62	masked	ApplyEnabledMapChanges
0802E3E4	0802E4AC	72	masked	GetObstacleHpAt
0802E4C4	0802E58C	108	masked	ApplyMapChangesById
0802E530	0802E5F8	18	exact	EnableMapChange
0802E544	0802E60C	42	masked	DisableMapChange
0802E570	0802E638	40	masked	IsMapChangeEnabled
0802E598	0802E660	48	masked	UnitHideIfUnderRoof
0802E70C	0802E7D4	104	masked	ShouldSkipGasTrapDisplay
0802E8E0	0802E9A8	40	masked	CountDownTraps
0802E908	0802E9D0	46	masked	ResetCountedDownTraps
0802E990	0802EA58	56	masked	AddLightRune
0802E9F8	0802EAC0	78	masked	DecayTraps
08030088	08030138	12	exact	BMapVSync_OnEnd
08030094	08030144	12	exact	BMapVSync_OnLoop
080300A0	08030150	36	masked	BMapVSync_Start
080300C4	08030174	16	masked	BMapVSync_End
080300D4	08030184	52	masked	BMapDispSuspend
08030108	080301B8	60	masked	BMapDispResume
08030144	080301F4	74	masked	AllocWeatherParticles
08030190	08030240	24	masked	WfxNone_Init
080305C4	08030674	88	masked	WfxBlueHSync
080306A8	08030758	128	exact	WfxFlamesInitGradientPublic
0803081C	080308CC	14	exact	WfxFlames_Init
08030898	08030948	152	masked	WfxFlamesUpdateParticles
08030930	080309E0	14	exact	WfxFlames_VSync
08030940	080309F0	104	exact	WfxCloudsOffsetGraphicsEffect
08030A84	08030B34	110	masked	WfxInit
08030AF4	08030BA4	104	masked	WfxVSync
08030B5C	08030C0C	24	masked	WfxUpdate
08030B74	08030C24	28	masked	DisableMapPaletteAnimations
08030BCC	08030C7C	24	masked	SetWeather
080314BC	08031570	36	masked	GetConvoyItemCount
080314E0	08031594	56	masked	AddItemToConvoy
08031518	080315CC	24	masked	RemoveItemFromConvoy
08031610	080316C4	28	masked	InitUnitStack
08031800	080318B4	44	exact	GetUnitBestWRankType
0803182C	080318E0	44	exact	GetClassBestWRankType
08031924	080319D8	30	exact	IsWeaponMagic
08031DEC	08031EA0	44	masked	ArenaGenerateMatchupGoldValue
08031E9C	08031F50	36	exact	ArenaIsUnitAllowed
08031F14	08031FC8	36	masked	ArenaSetFallbackWeaponsMaybe
080328EC	080329A0	32	masked	BATTLE_HandleArenaDeathsMaybe
08032924	080329D8	20	masked	SetLastCoords
08032F80	0803306C	104	masked	GetDirectionOfPathBeforeIndex
08032FE8	080330D4	114	masked	GetDirectionOfPathAfterIndex
080333CC	080334BC	14	exact	PrepScreenProc_InitMapMenu
08033680	08033770	40	masked	PrepCameraPan_Init
080336A8	08033798	28	masked	PrepCameraPan_TurnDown
080336C4	080337B4	32	masked	PrepCameraPan_TurnLeft
080336E4	080337D4	28	masked	PrepCameraPan_TurnUp
08034520	08034618	40	masked	GetROMChapterStruct
0803458C	08034684	44	masked	GetChapterMapChangesPointer
080345B8	080346B0	48	masked	GetChapterEventDataPointer
0803460C	08034704	24	masked	IsDifficultMode
080348DC	080349D4	40	masked	GetUnitInfoWindowX
080354B4	080355AC	104	masked	SubtitleHelpDarkenerOnHBlank
08035538	08035630	28	masked	SubtitleHelpDarkener_FadeIn
080355C4	080356BC	76	masked	SubtitleHelp_Loop
08035D58	08035C58	18	exact	StatusHealEffect_BlendSpriteAnim_InitIn
08035D6C	08035C6C	18	exact	StatusHealEffect_BlendSpriteAnim_InitOut
080365D8	080364D8	52	masked	GetBattleForecastPanelSide
0803676C	0803666C	52	exact	BattleForecastHitCountUpdate
08036DD0	08036CD0	58	exact	DrawBattleForecastContents
08036E0C	08036D0C	64	masked	GetFactionBattleForecastFramePalette
080371C8	080370C8	68	exact	BattleForecast_OnNewBattle
0803752C	0803746C	40	masked	GetBkselHelpBoxMsg
08037B40	08037AA8	22	exact	IsBallista
08037B58	08037AC0	44	exact	GetBallistaItem
08037B84	08037AEC	34	exact	GetBallistaItemIndex
08037BA8	08037B10	36	exact	GetBallistaItemUses
08037BDC	08037B44	30	masked	GetCurrentPromotedLevelBonus
08037BFC	08037B64	70	masked	CanUnitSeize
08037C44	08037BAC	148	exact	DungeonRecordUi_InitText
08037CD8	08037C40	96	masked	InitDungeon
08037F34	08037E08	40	masked	SaveDungeonState
08037F5C	08037E30	28	masked	LoadDungeonState
08037F78	08037E4C	24	masked	SaveDungeonRecords
08037F90	08037E64	24	masked	LoadDungeonRecords
080380F8	08037FCC	360	masked	UpdateDungeonRecordStats
08038260	08038134	172	masked	UpdateDungeonEnemiesDefeated
08039314	0803929C	194	masked	GetRecordDungeonValueByUiLabel
080396E0	08039668	40	exact	DungeonRecordUi_UpdateLabelIfNewRecord
080397F0	08039778	16	masked	AiPhaseCleanup
08039AC8	08039A50	108	masked	SortAiUnitList
08039C78	08039C00	32	masked	AiClearDecision
08039C98	08039C20	68	masked	AiSetDecision
08039CDC	08039C64	72	masked	AiUpdateDecision
0803A55C	0803A4E4	276	masked	CpPerform_PerformAction
0803A794	0803A71C	106	masked	AiCompare
0803AD18	0803ACF8	30	exact	AiIsInShortList
0803AD38	0803AD18	30	exact	AiIsInByteList
0803B244	0803B224	116	masked	AiCountUnitsInRange
0803B79C	0803B794	52	masked	AiGetItemStealRank
0803BEDC	0803BF4C	54	masked	AiGetClassRank
0803C1E8	0803C258	44	exact	CharStoreAI
0803C214	0803C284	224	masked	GetAiBestSafeStaffTargetPosition
0803C44C	0803C4BC	84	masked	AiTryExecScriptA
0803C4A0	0803C510	60	masked	AiExecFallbackScriptA
0803C4DC	0803C54C	84	masked	AiTryExecScriptB
0803C530	0803C5A0	60	masked	AiExecFallbackScriptB
0803C6AC	0803C71C	112	masked	AiScriptCmd_02_ChangeAi
0803C71C	0803C78C	140	masked	AiScriptCmd_03_Goto
0803C7D8	0803C848	26	masked	AiIsUnitNonActive
0803CECC	0803CF3C	36	masked	AiScriptCmd_17_DoEscape
0803CEF0	0803CF60	84	masked	AiGetAttackPositionScore
0803D360	0803D3D0	20	masked	AiScriptCmd_1B_NoOp
0803D3D0	0803D440	14	exact	CpScript_CondTrueReadClass
0803DC54	0803DCC4	190	masked	AiSimulateBestBattleAgainstTarget
0803DD14	0803DD84	216	masked	AiSimulateBestBallistaBattleAgainstTarget
0803DF24	0803DF94	40	masked	AiGetOpponentLowHpScoreComponent
0803DFF8	0803E068	52	masked	AiGetTargetClassCombatScoreComponent
0803E02C	0803E09C	24	masked	AiGetTurnCombatScoreComponent
0803E0A4	0803E114	60	masked	AiGetDangerScoreComponent
0803E0E0	0803E150	40	masked	AiGetLowHpScoreComponent
0803E108	0803E178	114	masked	AiComputeCombatScore
0803E1CC	0803E23C	64	masked	AiGetTerrainCombatPositionScoreComponent
0803E3D8	0803E448	38	masked	AiCheckDangerAt
0803E808	0803E878	136	masked	GetEscapePointStructThingMaybe
0803E890	0803E900	58	masked	AiCanEquip
0803EB80	0803EBF0	40	exact	AiEquipBestConsideringDanger
0803EBE4	0803EC54	66	exact	AiIsWithinFlyingDistance
0803EC54	0803ECC4	44	masked	AiTryDanceOrStealAfterMove
0803EC80	0803ECF0	56	masked	AiTryActionAfterMove
0803EF70	0803EFE0	54	masked	AiIsUnitAtPositionDifferentAllegiance
0803F2C0	0803F330	28	masked	AiFunc_StoreAiCounter
0803F33C	0803F3AC	136	masked	AiTryMoveToSpecificPosition
0803F434	0803F4A4	72	masked	AiFunc_CheckUnitInBoundingBox
0803F948	0803F9C8	16	masked	AiFunc_EndDecision
08040D4C	08040DCC	56	masked	AiSetMovCostTableWithPassableWalls
08040D84	08040E04	48	masked	AiSetMovCostTableWithPassableTerrain
08040DB4	08040E34	52	masked	AiSetMovCostTableWithTwoPassableTerrains
08041010	08041090	52	masked	AiUpdateNoMoveFlag
08041530	080415B0	288	masked	SioPollingMsg
08041650	080416D0	16	exact	GetSioIndex
08041660	080416E0	56	masked	Sio_SetCommParams
08041698	08041718	384	masked	Sio_ResetSession
08041CE8	08041D68	36	masked	SioHandleIrq_Timer3
080420BC	0804213C	42	exact	Sio_CountConnectedPlayers
080420E8	08042168	42	exact	Sio_CountActivePlayers
08042114	08042194	38	masked	Sio_IsPlayerConnected
0804213C	080421BC	38	masked	Sio_IsPlayerActiveThisFrame
08042164	080421E4	82	masked	Sio_CheckLinkAlive
080421B8	08042238	50	masked	Sio_GetPendingSendCount
080421EC	0804226C	76	masked	Sio_AreAllPlayersReady
08042238	080422B8	248	masked	SioSend
080424EC	08042568	76	masked	SioSend16
08042538	080425B4	108	masked	Sio_ReadMultiFrame
080425A4	08042620	116	masked	SioQueuePendingRecvData
080428B0	0804292C	84	masked	Sio_Halt
08042904	08042980	16	masked	Sio_SetSubState
08042914	08042990	116	masked	Sio_BeginSyncPhase
08042988	08042A04	120	masked	Sio_StartLinkSession
08042A00	08042A7C	120	masked	Sio_StartLinkSessionFast
08042A78	08042AF4	20	masked	SioClearOutgoingQueue
08042D4C	08042DC8	30	exact	SioStrCpy
08042DFC	08042E78	16	masked	SetBmStLinkArenaFlag
08042E0C	08042E88	16	masked	UnsetBmStLinkArenaFlag
08042E1C	08042E98	16	masked	CheckInLinkArena
08042EC8	08042F44	20	masked	Sio_ScrollBgsParallax_Loop
08042FC0	0804303C	8	exact	MoveSioHold
080431EC	08043268	140	masked	IsKeyInputSequenceComplete
08043278	080432F4	20	masked	CheckSioKeyInputSequence2
080432A0	0804331C	62	exact	SioTeamList_Init
080432E0	0804335C	56	masked	CanBuildNewLinkArenaTeam
08043318	08043394	44	masked	AnyLinkArenaTeamExists
080434B0	0804352C	28	exact	DrawAllLinkArenaTeamNames
08043CDC	08043D5C	48	masked	AreAllLinkArenaTeamsSelected
08044200	08044280	28	exact	SioTeamList_SetTeamSpriteXOffsets
080444E4	08044550	16	masked	GetTacticianTextConf
080444F4	08044560	178	exact	Tactician_MapNameToConfIndices
08044F24	08044F84	96	masked	Tactician_PageFadeHBlankHandler
08046DBC	08046E5C	56	exact	DrawLinkArenaRankIcon
08046DF4	08046E94	36	exact	DrawLinkArenaModeIcon
0804723C	08047308	26	exact	SioResult_GetNewHSScrollTarget
08047590	0804766C	32	masked	LoadLinkArenaRuleSettings
080475B0	0804768C	64	masked	SaveLinkArenaRuleSettings
08047A0C	08047AF4	64	masked	SioMenu_Init
080486B0	0804879C	36	masked	Sio_EnableAllWOutLayers
08049694	08048884	176	masked	Sio_SortPlayersByScore
0804A094	08049298	32	masked	LinkArenaBattleMap_BackupUnitItems
0804A0B4	080492B8	32	masked	LinkArenaBattleMap_RestoreUnitItems
0804A0E4	080492E8	82	masked	LinkArenaBattleMap_AdvancePhase
0804A138	0804933C	20	masked	LinkArenaBattleMap_ClearCmdBuffer
0804A1A4	080493A8	40	masked	LinkArenaBattleMap_FindUnitSlot
0804A2D0	080494D4	28	masked	LinkArenaBattleMap_ClearUnitSlots
0804A540	08049744	68	masked	LinkArenaBattleMap_CountTeamUnits
0804A5C8	080497CC	92	masked	LinkArenaBattleMap_InitConfig
0804B87C	0804AADC	30	exact	LABattleMap_IsAttackOrSurrenderMsg
0804B954	0804ABB4	22	exact	LABattleMap_IsSelectOrCancelMsg
0804BA4C	0804ACAC	22	exact	LABattleMap_IsForecastMsg
0804C3A4	0804B604	32	masked	LAUnitDeaths_Init
0804C704	0804B964	64	exact	Sio_BoxTransitionHBlankHandler
0804C744	0804B9A4	24	exact	Sio_SwapBoxTransitionBuffers
0804C9DC	0804BC3C	72	masked	Sio_BoxTransitionOpen_End
0804CACC	0804BD2C	14	exact	Sio_StartBoxTransitionOpenDefault
0804CB78	0804BDD8	36	masked	Sio_BoxTransitionClose_End
0804CC28	0804BE88	14	exact	Sio_StartBoxTransitionCloseDefault
0804CCD0	0804BF30	28	exact	SioMuFade_RestorePal
0804CF18	0804C178	14	exact	SioWarpFx_0
0804CF78	0804C1D8	12	exact	SioWarpFx_1
0804D07C	0804C2DC	16	exact	LAButtonSprites_Loop
0804D568	0804C7C8	18	exact	SioMenuItem_SetArrowConfig
0804DB68	0804CDD0	22	exact	UpdateNameEntrySpriteDraw
0804DC5C	0804CEC4	8	exact	UpdateRuleSettingSprites
0804E184	0804D3F0	28	exact	SetUnitItemUsesToMax
0804E1A0	0804D40C	26	exact	SetUnitAllItemsUsesToMax
0804E638	0804D8A4	34	masked	SioWeaponSelectMenu_OnSelect
0804E65C	0804D8C8	20	masked	SioAttackTypeMenu_OnSelect
0804E6D0	0804D940	16	masked	SioMenu_OnBPress
0804E754	0804D9C4	60	exact	MultiBootInit
0804EB80	0804DDF0	74	exact	MultiBootSend
0804EBCC	0804DE3C	34	exact	MultiBootStartProbe
0804ECA8	0804DF24	18	exact	MultiBootCheckComplete
0804EDA8	0804E024	24	exact	MultiBootWaitCycles
0804EDC0	0804E03C	60	exact	MultiBootWaitSendDone
0804EF40	0804E1BC	344	masked	DrawUiFrame
0804F924	0804EB98	48	exact	StartOrphanMenuAdjusted
0804F954	0804EBC8	14	exact	StartMenu
0804F964	0804EBD8	12	exact	StartOrphanMenuAt
0804F970	0804EBE4	14	exact	StartOrphanMenu
0804F980	0804EBF4	64	exact	StartOrphanMenuAdjustedExt
0804F9C0	0804EC34	36	exact	StartMenuExt
0804F9E4	0804EC58	28	exact	StartOrphanMenuAtExt
0804FA00	0804EC74	36	exact	StartOrphanMenuExt
0804FA24	0804EC98	24	exact	StartMenuAt
08050174	0804F400	70	exact	GetMenuCursorPosition
0805046C	0804F6F8	28	masked	ResetMenuOverrides
08050488	0804F714	62	masked	GetForceDisabledMenuItems
080504C8	0804F754	40	masked	SetForceDisabledMenuItems
080504F0	0804F77C	46	masked	AddMenuOverride
08050604	0804F890	20	exact	HasMenuChangedItem
08050618	0804F8A4	24	masked	InitTargets
08050630	0804F8BC	84	masked	AddTarget
08050684	0804F910	72	masked	LinkTargets
080506CC	0804F958	20	exact	TargetSelection_GetRealCursorPosition
08050818	0804FAA4	18	exact	NewTargetSelection_Specialized
08050970	0804FBFC	94	masked	GetFurthestTargetDistance
080509D0	0804FC5C	164	masked	GetLinkedTargetsNear
08050A74	0804FD00	16	masked	GetLinkedTargetsFar
08050A84	0804FD10	24	exact	GetLinkedTargets
08050AA8	0804FD34	20	masked	GetTarget
08050AC8	0804FD28	12	exact	GetSelectTargetCount
08050ECC	08050158	28	masked	ekrBattlePrepareDragonIntro
08051004	08050290	32	masked	ekrBattle_1
080510D4	08050360	140	masked	ekrBattleTriggerNewRoundStart
08051160	080503EC	20	masked	ekrBattle_2
08051320	080505EC	20	masked	ekrBattleOnBattleEnd
08051624	080508F0	80	masked	ekrBattle_4
080517EC	08050AB8	80	masked	ekrBattle_6
08051EB4	08051180	16	exact	EkrGauge_Clr4C50
08051EC4	08051190	16	exact	EkrGauge_Set4C50
08051ED4	080511A0	16	exact	EkrGauge_Set4C
08051EE4	080511B0	16	exact	EkrGauge_Set50
08051EF4	080511C0	16	exact	EkrGauge_Setup44
08051F04	080511D0	20	exact	EkrGauge_Clr323A
08051F18	080511E4	20	exact	EkrGauge_Setxy323A
08051F2C	080511F8	16	exact	EkrGauge_SetInitFlag
08051F3C	08051208	16	exact	EkrGauge_ClrInitFlag
08051F4C	08051218	16	exact	EnableEkrGauge
08051F5C	08051228	16	exact	DisableEkrGauge
08051F6C	08051238	76	masked	EkrGauge_SetWtaArrowSprite
08052800	08051B08	16	exact	EkrDispUpClear4C50
08052810	08051B18	16	exact	EkrDispUpSet4C50
08052820	08051B28	16	exact	EkrDispUpSet4C
08052830	08051B38	16	exact	EkrDispUpSet50
08052840	08051B48	20	exact	EkrDispUP_SetPositionUnsync
08052854	08051B5C	20	exact	EkrDispUP_SetPositionSync
08052868	08051B70	16	exact	SyncEkrDispUP
08052878	08051B80	16	exact	UnsyncEkrDispUP
08052888	08051B90	16	exact	AsyncEkrDispUP
08052898	08051BA0	16	exact	UnAsyncEkrDispUP
08052F0C	08052214	12	exact	SetEkrBg2QuakeVec
08052F18	08052220	172	exact	EkrEfxStatusClear
08052FC4	080522CC	38	exact	CheckEkrHitDone
08052FEC	080522F4	16	exact	CheckEkrHitNow
08054198	080534AC	56	exact	EfxFarAttack_SetAnimXPositions
080553AC	080546C4	16	exact	DisableEfxHpBarColorChange
080553BC	080546D4	16	exact	EnableEfxHpBarColorChange
08055BC0	08054EF0	16	exact	DisableEfxWeaponIcon
08055BD0	08054F00	16	exact	EnableEfxWeaponIcon
08056108	08055160	12	exact	SpellFx_Begin
08056114	0805516C	12	exact	SpellFx_Finish
08056220	08055278	14	exact	StartBattleAnimHitEffectsDefault
08056230	08055288	14	exact	StartBattleAnimHitEffectsStrong
080567FC	08055860	44	exact	EfxCyclePaletteRaw
08056914	08055980	12	exact	SetEkrMiniAnimLayerFlag
08056920	0805598C	34	masked	EfxGetCamMovDuration
080569CC	08055A28	12	exact	Get0201FAC8
080569D8	08055A34	12	exact	Set0201FAC8
08056B3C	08055BB4	14	exact	EkrBattleStarting_IsBattleAnimEnabled
08056B4C	08055BC4	14	exact	EkrBattleStarting_CheckBattleAnimEnabled
08057CFC	08056D74	26	exact	CheckEkrWindowAppearUnexist
08057DE8	08056E60	26	exact	CheckEkrNamewinAppearUnexist
08057EF0	08056F68	26	exact	CheckEkrBaseAppearUnexist
08058BF4	08057DA8	296	masked	GetBanimTerrainGround
08058D1C	08057ED0	296	masked	GetBanimBackgroundIndex
08059748	08058918	34	masked	CheckBattleHasHit
0805976C	0805893C	36	masked	GetBanimSheetSelectByte
080597E4	080589B4	44	exact	GetBanimFactionPalette
0805983C	08058A0C	38	masked	GetBattleAnimRoundType
08059864	08058A34	42	masked	GetBattleAnimRoundTypeFlags
08059890	08058A60	16	masked	GetEfxHp
080598A0	08058A70	28	masked	GetEfxHpModMaybe
08059954	08058B24	62	masked	EkrCheckAttackRound
080599AC	08058B7C	26	masked	CheckBattleScripted
080599D8	08058B98	16	exact	GetEkrHit
080599E8	08058BA8	16	exact	GetEkrDmg
0805A670	080598CC	64	masked	AnimScrAdvance
0805A714	08059970	44	masked	ApplyBanimUniquePalette
0805A740	0805999C	76	masked	GetBanimPalette
0805AB5C	08059DB8	96	masked	InitBattleAnimFrame
0805AEF8	0805A154	24	exact	GetAISLayerId
0805AF10	0805A16C	24	exact	GetAnimPosition
0805B00C	0805A268	74	masked	CheckRoundCrit
0805B058	0805A2B4	28	exact	GetAnimAnotherSide
0805B0FC	0805A358	60	exact	SetAnimStateHidden
0805B138	0805A394	72	exact	SetAnimStateUnHidden
0805B324	0805A580	40	exact	EkrMainMini_AnimMarkRoundEnd
0805B34C	0805A5A8	100	masked	EkrMainMini_AnimUpdateFrameGfx
0805B6D4	0805A930	14	exact	SetMainMiniAnimId
0805B6E4	0805A940	28	exact	SetMainMiniAnimPos
0805B700	0805A95C	14	exact	SetMainMiniAnimLayer
0805B710	0805A96C	34	exact	IsMainMiniAnimRoundEnd
0805B734	0805A990	20	exact	ApplyMainMiniAnimHitEffect
0805B748	0805A9A4	26	exact	IsMainMiniAnimEnd
0805B7F0	0805AA4C	26	exact	EkrUnitMainMiniMain
0805BBE4	0805AE40	22	exact	SetBanimTerrainPos
0805C4D4	0805B724	44	exact	EfxMagicHBlank_0
0805C500	0805B750	44	exact	EfxMagicHBlank_1
0805C52C	0805B77C	64	exact	EfxMagicHBlank_2
0805C56C	0805B7BC	64	exact	EfxMagicHBlank_3
0805C5AC	0805B7FC	44	exact	EfxMagicHBlank_4
0805C6EC	0805B93C	14	exact	NewEfxRestWINH_
08068C7C	080668DC	56	exact	efxMaohFlashBG2_FillTilemapRightEdge
08069010	08066C74	36	masked	efxMaohFlash_GetSideXOffset
0806B40C	080690E4	28	exact	efxDarkGradoBG01_OnHBlank_0
0806BA2C	08069704	120	masked	efxDarkGradoGetPieceX
0806BAA4	0806977C	120	masked	efxDarkGradoGetPieceY
0806C884	0806A560	24	exact	efxCrimsonEyeOBJ_WrapAngle
0806C89C	0806A578	22	exact	efxCrimsonEyeOBJ_SetDrawPriority
0806C958	0806A634	24	masked	efxCrimsonEyeOBJ_GetOffsetX
0806C970	0806A64C	24	masked	efxCrimsonEyeOBJ_GetOffsetY
0806D3AC	0806B088	36	exact	OnHBlank_0
08070EA4	0806E8F0	20	masked	ResetClassReelSpell
08070EF0	0806E93C	12	exact	SetActiveClassReelSpell
08070EFC	0806E93C	12	exact	SetActiveClassReelSpell
08071FAC	0806F9FC	44	exact	ResetEkrDragonStatus
08071FF8	0806FA48	12	exact	GetEkrDragonStatusAttr
08072004	0806FA54	22	exact	AddEkrDragonStatusAttr
0807201C	0806FA6C	10	exact	GetEkrDragonStatusType
08072028	0806FA78	12	exact	GetEkrDragonStatusType_
08072034	0806FA84	18	exact	SetEkrDragonStatusType
08072048	0806FA98	12	exact	GetEkrDragonStatusUnk1
08072054	0806FAA4	12	exact	SetEkrDragonStatusUnk1
08072060	0806FAB0	40	exact	GetBanimDragonStatusType
08072168	0806FBB8	62	masked	EkrDragonTmCpyWithDistance
080721A8	0806FBF8	28	exact	CheckEfrDragonStatusAttrPrepared
080721C4	0806FC14	28	exact	CheckEfrDragonStatusAttrEnd
08072798	080701E8	12	exact	SetEkrDragonExit
080727A4	080701F4	14	exact	SetEkrDragonDead
080727B4	08070204	14	exact	SetEkrDragonSkipTransfer
080727C4	08070214	30	exact	CheckEkrDragonDead
080727E4	08070234	30	exact	CheckEkrDragonSkipTransfer
08072880	080702D0	44	masked	GetEkrDragonPalette
08072930	08070380	12	exact	NewEkrDragonQuakeTree3
08072CB8	08070710	176	exact	EkrDragon_BlendPalette
08073228	08070D04	120	exact	EfxTmReplacePal
080732A0	08070D7C	62	exact	FillBGRect
080732E0	08070DBC	102	exact	EfxTmAddPal
08073348	08070E24	112	masked	EfxTmModifyPal
080733B8	08070E94	46	exact	EfxTmCpyBG
0807356C	08071068	214	exact	EkrBuildGaugeBarTiles
08073644	08071140	126	masked	EkrModifyBarfx
080739D0	080714DC	62	exact	EfxSplitColor
08073AE8	080715F4	152	exact	EfxDecodeSplitedPalette
08073F70	08071A8C	12	exact	UnregisterEfxSoundSeExist
08073F7C	08071A98	12	exact	RegisterEfxSoundSeExist
08073F88	08071AA4	12	exact	CheckEfxSoundSeExist
080748B8	080723D4	42	exact	GetEfxSoundType2FromBaseCon
08074A24	08072548	38	masked	EfxCheckRetaliation
08074DAC	080728D0	60	masked	GetBanimBossBGM
08074EBC	080729E0	30	exact	EkrClasschgFinished
080759D4	080734F8	30	exact	CheckEkrLvupDone
080769D4	08074598	114	exact	EfxUpdatePartsofScroll
08076A4C	08074610	10	exact	EfxPartsofScrollMain
08076BDC	080747A4	144	masked	EfxleveluphbMain
08076C6C	08074834	64	exact	EkrLvupHBlank
08076CAC	08074874	80	masked	EfxPartsofScroll2HBlank
08077374	08074F3C	26	exact	CheckEkrTriangleInvalid
08077F54	08075B20	26	exact	CheckEkrPopupEnded
08077FAC	08075B78	304	exact	MakeBattlePopupTileMapFromTSA
08078730	08076310	30	masked	CheckBanimHensei
08079030	08076C10	36	exact	EkrDemoKingAtkRavager_Init
08079054	08076C34	32	exact	EkrDemoKingAtkRavager_OnEnd
08079328	08076F08	32	exact	EkrDemoKingBodyShake_Init
08079348	08076F28	32	exact	EkrDemoKingBodyShake_OnEnd
080797E0	080773BC	40	masked	EkrdragonDemonking_Init
08079A90	0807766C	12	exact	EkrDragonTunkFaceIdle2
0807A1D8	08077DB4	20	masked	EkrDemonkingObj_SetBgOffset
0807A288	08077E64	8	exact	EkrDemonkingObj_RevealTimerInit
0807A328	08077F04	12	exact	EkrDemonkingObj_DissolveInit
0807A3C0	08077F9C	44	masked	EkrDemonkingObj_SetTilePixel
0807A3EC	08077FC8	122	exact	CopyPalWithFade
0807A598	08078174	40	masked	EfxSelfThunderBGOnInit
0807A66C	08078248	16	exact	GetSpellAssocCharCount
0807A67C	08078258	16	exact	GetSpellAssocEfxIndex
0807A68C	08078268	16	exact	GetSpellAssocMapAnimProcScript
0807A69C	08078278	16	exact	GetSpellAssocReturnBool
0807A6AC	08078288	16	exact	GetSpellAssocFacing
0807A6BC	08078298	16	exact	GetSpellAssocFlashColor
0807A748	08078324	44	masked	GenerateMonsterClass
0807A774	08078350	186	masked	GenerateMonsterItems
0807A830	0807840C	28	masked	InitMus
0807A84C	08078428	58	exact	StartMuExt
0807A908	080784E4	8	exact	EnableMuCamera
0807A910	080784EC	8	exact	DisableMuCamera
0807A918	080784F4	48	exact	StartUiMu
0807AB5C	08078738	54	masked	MuExistsActive
0807AB94	08078770	32	exact	IsMuActive
0807ABB4	08078790	52	exact	SetMuMoveScript
0807ABE8	080787C4	54	exact	StartMuScripted
0807AC20	080787FC	18	exact	MuStepSe_Init
0807B028	08078C14	28	exact	Mu_OnStateBump
0807B044	08078C30	8	exact	Mu_OnStateUnk4
0807B04C	08078C38	30	exact	Mu_OnStateSleeping
0807B50C	080790F8	114	masked	ApplyMoveScriptToCoordinates
0807B580	0807916C	36	masked	CanStartMu
0807B5A4	08079190	60	masked	ResetMuAnims
0807B950	0807953C	28	exact	SetMuConfig
0807B96C	08079558	28	masked	GetMuImgBufById
0807B988	08079574	20	masked	GetMuImg
0807BAE8	080796D4	92	masked	MU_SetupPixelEffect
0807BBE8	080797D4	8	exact	HideMu
0807BBF0	080797DC	8	exact	ShowMu
0807BBF8	080797E4	16	exact	SetMuScreenPosition
0807BC08	080797F4	16	exact	SetMuScreenOffset
0807BCA0	0807988C	34	exact	MuRestorePalInfo_Apply
0807BDB4	080799A0	8	exact	MuCritFlash_Init
0807BDBC	080799A8	32	exact	MuCritFlash_SetFadedPalette
0807BF24	08079B10	8	exact	MuMaxWalkSpeedFunc
0807BF80	08079B6C	34	exact	SetMuPal
0807BFA4	08079B90	38	masked	GetMu
0807BFCC	08079BB8	38	exact	GetUnitMu
0807C0DC	08079CD8	104	masked	CopyEventMoveREDAs
0807C144	08079D40	52	masked	ClearEventMoveBuffer
0807C6F4	0807A300	36	masked	MuCtr_FindMovingUnit
0807C718	0807A324	52	masked	MuCtr_CheckUnitPassedStep
0807CBF0	0807A838	92	masked	MapAnim_AdvanceBattleRound
0807D2F8	0807AFD0	14	exact	ProcSummonDK_InitCounters
0807D818	0807B4D0	268	masked	SortMapAnimActorObjLayers
0807DD00	0807B9B8	62	exact	GetFacingDirection
0807DE58	0807BB10	48	exact	MapAnim_DrawBarSegment
0807E114	0807BDD0	74	masked	GetBattleInfoPalByFaction
0807E23C	0807BEF8	92	masked	MapInfoBox_PrepareForShake
0807E490	0807C14C	96	masked	ProcMAExpBar_InitDisplay
080800B4	0807DD74	10	exact	MapAnimTorch_ResetHBlank
08080F48	0807EC08	294	masked	GetManimLevelUpStatGain
08081464	0807F124	108	masked	InitManimLevelUpWindow
080814D0	0807F190	28	masked	ClearManimLevelUpWindow
08081A64	0807F724	52	masked	PutSparkGfxRotation
08081A98	0807F758	48	masked	MapAnimRotation_Init
08081B78	0807F838	30	exact	StartStarExplosionEffect
08081B98	0807F858	30	exact	StartStarImplosionEffect
08082748	08080408	68	masked	MapEventcallFx2_HBlankWobble
0808278C	0808044C	40	masked	MapanimEventcall_VsyncWaveLoop
08082EE8	08080BA8	48	masked	DemonKingSummonShake_Init
080835A0	08081260	24	masked	MapAnim_GetRoundProcScript
08083700	080813C0	56	masked	MapAnim_FreezeSubjectAnim
0808375C	0808141C	90	exact	MapAnimMoveUnitTowardsTargetExt
080837B8	08081478	90	exact	MapAnimMoveUnitAwayFromTargetExt
08083814	080814D4	96	masked	MapAnim_MoveSubjectsTowardsTarget
08083874	08081534	96	masked	MapAnim_MoveSubjectsAwayFromTarget
08083C18	080818D8	60	masked	RegisterMapHpChangeAnim
08083CE8	080819A8	32	masked	MapAnimCallSpellAssocSilence
08083D08	080819C8	32	masked	MapAnimCallSpellAssocBarrier
08083F58	08081C18	28	masked	MapAnimCallSpellAssocUnlock
08083F74	08081C34	32	masked	MapAnimCallSpellAssocBerserk
08083F94	08081C54	32	masked	MapAnimCallSpellAssocRestore
08083FB4	08081C74	32	masked	MapAnimCallSpellAssocSleep
08083FD4	08081C94	32	masked	MapAnimCallSpellAssocMonsterStone
08083FF4	08081CB4	32	masked	MapAnimCallSpellAssocRepair
08084080	08081D40	68	masked	SpellWarpStartExplosion
08084188	08081E48	10	exact	MapAnimStartSpellAssocFade
08084194	08081E54	10	exact	MapAnimSpellAssocResetPal
080841B8	08081E78	52	masked	InitScanline
08084264	08081F24	52	masked	UpdateMapAnimScanline
080842A4	08081F64	68	masked	HBlank_MapAnimWin0H
080842E8	08081FA8	84	masked	HBlank_MapAnimEffect_Unk_0
0808433C	08081FFC	84	masked	HBlank_MapAnimGradientColor
08084390	08082050	68	masked	HBlank_MapAnimBldAlpha
080843D4	08082094	68	masked	HBlank_MapAnimBldY
080846D0	08082390	16	masked	SwapScanlineBufs
080846E0	080823A0	28	exact	InitScanlineBuf
080846FC	080823BC	30	exact	SetScanlineBufWinL
0808471C	080823DC	30	exact	SetScanlineBufWinR
0808473C	080823FC	200	exact	MapAnimScanlineCore
080848F8	080825B8	48	masked	ManimShiftingSineWaveScanlineBuf_Loop
08084928	080825E8	92	masked	PrepareHorizontalBandScanlineBuf
08084984	08082644	20	masked	GetScanlineBufEntry
08084998	08082658	214	exact	MapAnimDitheredCircleScanlineCore
08084A70	08082730	52	masked	UpdateMapAnimDitheredCircleScanline
08084AA4	08082764	248	masked	PrepareFeatheredBandScanlineBuf
08084B9C	0808285C	76	masked	WorldFlushHBlank
08084BE8	080828A8	68	masked	HBlank_MapAnimBldAlphaWorld
08084C2C	080828EC	48	masked	HBlank_MapAnimBg2VOfs
08084C5C	0808291C	48	masked	PrepareInterlaceDitherScanlineBuf
08084D5C	08082A24	88	masked	HBlank_ScrollBG0
08084E0C	08082AD4	88	masked	HBlank_ScrollBG2
08084E64	08082B2C	88	masked	HBlank_ScrollBG3
08084EBC	08082B84	104	masked	HBlank_ScrollBG2WithBaseOffset
08084F24	08082BEC	100	masked	HBlank_ScrollBG1AndBG2
08085260	08082F28	48	masked	SearchNextAvailableEvent
08085290	08082F58	44	exact	EventInfoCheckTalk
080852BC	08082F84	52	masked	CheckActiveUnitArea
08085350	08083018	42	masked	CheckAnyBlueUnitArea1
0808537C	08083044	78	masked	CheckAnyBlueUnitArea2
080853CC	08083094	22	exact	CheckAnyBlueUnitArea3
080853E4	080830AC	38	masked	CheckAnyBlueUnitArea4
0808540C	080830D4	38	masked	CheckAnyBlueUnitArea5
08085434	080830FC	38	masked	CheckAnyBlueUnitArea6
0808545C	08083124	38	masked	CheckAnyBlueUnitArea7
08085B10	080837D8	30	masked	IsHardMode
08085B9C	08083864	72	masked	EvCheck02_TURN
08085C70	08083938	62	exact	EvCheck05_LOCA
08085CB0	08083978	18	exact	EvCheck06_VILL
08085CC4	0808398C	58	exact	EvCheck07_CHES
08085E80	08083B58	64	exact	EvCheck0F_
08085EC0	08083B98	64	exact	EvCheck10_
08085F00	08083BD8	52	masked	SetChapterFlag
08085F34	08083C0C	60	masked	ClearChapterFlag
08085F88	08083C60	62	masked	CheckChapterFlag
08085FC8	08083CA0	56	masked	SetPermanentFlag
08086000	08083CD8	64	masked	ClearPermanentFlag
08086040	08083D18	28	masked	ResetPermanentFlags
0808605C	08083D34	54	masked	CheckPermanentFlagFrom
08086094	08083D6C	20	masked	CheckPermanentFlag
080860A8	08083D80	20	exact	SetFlag
080860BC	08083D94	20	exact	ClearFlag
080860D0	08083DA8	24	exact	CheckFlag
0808615C	08083E34	46	masked	CheckTutorialEvent
08086884	080845B8	44	masked	RegisterEventActivation
08086A14	08084748	68	masked	GetSupportTalkEntry
08086A58	0808478C	106	exact	GetSupportTalkSong
08086ACC	08084800	88	masked	IsCharacterForceDeployed_
08086B24	08084858	40	masked	IsSethLArachelMyrrhInnes
08086E0C	08084B40	30	masked	Debug_CondAButtonNotPressed
08086E38	08084B6C	30	masked	Debug_CondAButtonPressed
08086E98	08084BCC	106	exact	Debug_DecrementUnitStats
08086FB4	08084CE8	16	exact	IsChar0AlivePlayerUnit
08086FC4	08084CF8	16	exact	IsChar0AlivePlayerUnit_02
08086FD4	08084D08	16	exact	IsChar0AlivePlayerUnit_03
08086FE4	08084D18	16	exact	IsChar0AlivePlayerUnit_04
08086FF4	08084D28	16	exact	IsChar0AlivePlayerUnit_05
08087004	08084D38	16	exact	IsChar0AlivePlayerUnit_06
08087014	08084D48	16	exact	IsChar0AlivePlayerUnit_07
08087134	08084E68	16	exact	IsChar0AlivePlayerUnit_25
08087144	08084E78	16	exact	IsChar0AlivePlayerUnit_26
08087184	08084EB8	16	exact	DoesChar0ExistAsPlayerUnit
08087220	08084F54	22	exact	AreAllEnemyUnitsDead
080874EC	08085220	24	masked	Uidebug_IsTurnNumberOver20
08087504	08085238	24	masked	Uidebug_IsTurnNumberOver25
0808751C	08085250	24	masked	Uidebug_IsTurnNumberOver30
08087534	08085268	24	masked	Uidebug_IsPlayerPhase
0808754C	08085280	24	masked	Uidebug_IsEnemyPhase
08087564	08085298	28	masked	Uidebug_IsActiveUnitMale
08087604	08085338	24	exact	Uidebug_IsAliveEnemyCountAtLeast50
080876B0	080853E4	24	masked	CheckWaitAction_unused
08087F30	08085C64	12	exact	DisplayMapClearMapAnim
08087F3C	08085C70	12	exact	DisplayCongratulationsMapAnim
08088C1C	08086960	36	exact	DrawStatBarLeftBorder
08088C40	08086984	40	exact	DrawStatBarShadow
08088C94	080869D8	48	exact	DrawStatBarUnfilledCol
08088CC4	08086A08	26	exact	DrawStatBarFilledCol
08088CE0	08086A24	26	exact	DrawStatBarCappedCol
08089D58	08087ACC	12	exact	PageSlide_OnEnd
0808A438	080881AC	22	exact	PageNumCtrl_OnInit
0808A450	080881C4	56	exact	PageNumCtrl_CheckSlide
0808ADCC	08088B40	84	exact	HbRedirect_SSItem
0808AE8C	08088C00	20	exact	HbPopulate_SSClass
0808AFC8	08088D3C	40	exact	HelpBox_OnLoop
0808B06C	08088DE0	52	masked	StartHelpBox
0808B0EC	08088E60	60	masked	StartItemHelpBox
0808B528	0808929C	36	masked	SetHelpBoxInitPosition
0808B99C	080896D8	36	masked	DrawChapterTitleStr
0808B99C	080896FC	36	masked	DrawChapterTitleStrEx
0808BA30	08089720	36	masked	DrawChapterTitleBG
0808C4F0	0808A1E0	32	masked	StartHelpBoxAtPos
0808C694	0808A384	64	exact	ApplyHelpBoxContentSize_bug
0808C840	0808A530	160	masked	ScrollBoxDialogueTilesUp
0808CAC0	0808A7B0	134	exact	ApplyBoxDialoguePosition
0808CB48	0808A838	16	exact	SetBoxDialogueSize
0808CB58	0808A848	50	exact	BoxDialogue_OnInit
0808CC84	0808A974	40	exact	MergeBoxDialogue1
0808DEDC	0808BBCC	68	masked	GetCursorQuadrant
0808DF38	0808BC2C	58	exact	GetHpBarMidTiles
0808E614	0808C314	38	masked	GetCursorScreenSideX
0808E63C	0808C33C	36	masked	GetCursorScreenSideXAlt
0808E660	0808C360	40	exact	ClearUnitMapUiStatus
0808F48C	0808D190	34	masked	IsCursorInLowerScreenHalf
0808FB88	0808D8A0	132	masked	UpdateMenuButtonPos
08090CAC	0808E9D8	24	masked	SetCgTextFlags
08090CC4	0808E9F0	44	masked	SetCgTextFlag
08090CF0	0808EA1C	32	exact	ClearCgTextFlag
08090D1C	0808EA48	32	masked	SetCgTextBlendControl
08090D48	0808EA74	24	masked	SetCgTextBlendAlpha
08090D6C	0808EA98	116	masked	CgText_OnHBlank
08091238	0808EF64	8	exact	CgText_InitBlendAmt
080916AC	0808F3D8	78	exact	CgText_AdjustBoxPosition
08091874	0808F5A0	40	exact	DoesStringContainTact
08092184	0808FEA4	106	exact	CgText_ScrollVramUp
08092604	08090324	52	exact	UnitList_RegisterEquippedIcon
080927EC	08090514	268	masked	UnitList_SetMuralWindow
08092984	080906AC	44	masked	UnitList_ResetFromStatScreen
08093458	08091180	100	exact	UnitList_Init
08094EC4	08092BE4	10	exact	SortUnitList_GetUnitSoloAnimation
080972D4	08094FF4	46	masked	CanPrepScreenSave
08097374	08095094	46	exact	Prep_GetSupportItemBitIndex
080973A4	080950C4	36	exact	Prep_CountSupportMenuItems
080975CC	080952EC	40	masked	RegisterSioPid
080975F4	08095314	64	masked	RemoveSioPid
08097634	08095354	16	exact	GetUnitFromPrepList
08097644	08095364	16	exact	RegisterPrepUnitList
08097654	08095374	16	exact	PrepGetUnitAmount
08097664	08095384	16	exact	PrepSetUnitAmount
08097740	08095460	54	exact	IsUnitInCurrentRoster
080977E4	08095504	30	masked	CanPrepScreenCheckMap
08097988	080956A8	46	exact	PrepGetLatestUnitIndex
08097BDC	080958FC	44	exact	UnitGetIndexInPrepList
08097C94	080959B4	104	exact	PrepAutoCapDeployUnits
08097EB8	08095BD8	16	exact	PrepMenuDescOnInit
08097EC8	08095BE8	12	exact	PrepMenuDescOnParse
08097ED4	08095BF4	10	exact	PrepMenuDescOnDraw
08098E88	08096BA4	20	exact	PrepSpriteDraw_Loop
08099694	080973B0	52	exact	MenuScroll_Init
08099AD0	080977EC	82	exact	PrepSallycir_ClampCursorScroll
08099B24	08097840	76	exact	SallyCir_OnHBlank
08099DA4	08097ACC	202	masked	SallyCir_RectInit
0809A02C	08097D54	20	exact	TryLockProc
0809A040	08097D68	24	exact	TryUnlockProc
0809A0E0	08097E08	48	exact	CountUnitUsableWeapons
0809A14C	08097E74	44	masked	CanUnitBeDeployedLinkArena
0809A2B4	08097FDC	56	masked	ApplyPrepWindowColorPalette
0809A5F4	0809831C	38	exact	CountSetBits
0809A61C	08098344	50	exact	GetNthSetBitMask
0809A650	08098378	36	exact	GetFirstSetBitIndex
0809A6AC	080983D4	52	exact	PrepItemScreen_OnHBlank
0809C4EC	0809A21C	20	exact	IsCoordHiddenByMinimug
0809E788	0809C4D8	10	exact	PrepItemUse_OnInit
0809F7CC	0809D530	64	exact	PrepItemSupply_OnHBlank
0809FB74	0809D8D4	64	exact	PrepItemSupply_DrawConvoyWeaponIconTiles
080A20BC	0809FE1C	60	exact	WmSell_OnHBlank
080A20F8	0809FE58	16	exact	WmSell_Init
080A2C10	080A095C	48	exact	IsDivinationOptionAvailable
080A2CCC	080A0A18	28	exact	IsDivinationBeginningAvailable
080A2CE8	080A0A34	38	masked	IsTacticianDivinationAvailable
080A2D10	080A0A5C	20	exact	IsDivinationPortrait1
080A2D28	080A0A74	30	masked	IsChapterIndexAbove0x61
080A4888	080A0AA0	30	masked	GetNextSupportScreenUnit
080A48A8	080A0AC0	20	masked	GetPreviousSupportScreenUnit
080A48BC	080A0AD4	24	masked	GetSupportScreenPartnerSupportLevel
080A48D4	080A0AEC	24	masked	GetSupportScreenPartnerClassId
080A48EC	080A0B04	28	masked	GetSupportScreenPartnerIsAlive
080A4908	080A0B20	36	masked	GetSupportScreenPartnerCharId
080A492C	080A0B44	20	masked	GetSupportScreenCharIdAt
080A4940	080A0B58	20	masked	GetSupportScreenClassIdAt
080A4D18	080A0F30	58	masked	GetTotalSupportLevel
080A4E94	080A10BC	20	exact	SupportScreen_OnInit
080A58BC	080A1AE4	136	masked	SupportSubScreen_BackupTilemaps
080A5944	080A1B6C	34	masked	GetSupportScreenPartnerCount
080A5FE8	080A221C	88	exact	SupportSubScreen_MakeDimmedObjPalette
080A76F4	08000D18	16	masked	CheckCanKeyComboReset
080A76F4	08001C68	16	masked	IsSoftwareReset
080A76F4	080A2CB0	16	masked	IsSramWorking
080A7740	080A2CFC	44	exact	Checksum16
080A7918	080A2ED4	20	masked	SramOffsetToAddr
080A792C	080A2EE8	16	masked	SramAddrToOffset
080A7AA8	080A3064	174	masked	GetSaveWriteAddr
080A7B58	080A3114	26	exact	GetSaveReadAddr
080A7D70	080A332C	26	exact	IsExtraSupportViewerEnabled
080A7D8C	080A3348	124	exact	GetRankDataValidBitMap
080A7E60	080A341C	74	exact	IsExtraBonusClaimEnabled
080A7EAC	080A3468	100	masked	GetUnitsAverageSupportValue
080A7F44	080A3500	68	exact	GetTotalGlobalSupportValue
080A81EC	080A37A8	72	exact	SGM_SetCharacterKnown
080A8234	080A37F0	66	exact	GGM_IsCharacterKnown
080A8278	080A3834	52	exact	GGM_IsAnyCharacterKnown
080A82B4	080A3870	40	exact	IsGamePlayedThrough
080A848C	080A3A48	62	exact	SaveNewRankData
080A84CC	080A3A88	192	exact	JudgeGameRankSaveData
080A881C	080A3DD8	80	masked	SaveEndgameRankings
080A8914	080A3ED0	56	exact	IsSoundRoomSongUnlocked
080A894C	080A3F08	124	exact	UnlockSoundRoomSong
080A8A70	080A402C	56	exact	ModifySaveLinkArenaStruct2A
080A8AA8	080A4064	68	exact	ModifySaveLinkArenaStruct2B
080A8CEC	080A42A8	20	exact	IsChapterStatsValid
080A8D00	080A42BC	46	exact	GetNextChapterStatsSlot
080A8D30	080A42EC	68	exact	GetCurCompleteChapters
080A8D74	080A4330	32	exact	GetNextChapterStatsEntry
080A8DF0	080A43AC	44	exact	GetGameTotalTime_unused
080A8E1C	080A43D8	44	exact	GetGameTotalTurnCount
080A8E48	080A4404	66	masked	IsChapterBelongCurGame
080A8E8C	080A4448	62	exact	GetGameTotalTime
080A8ECC	080A4488	62	exact	GetGameTotalTurnCount2
080A9320	080A48DC	18	exact	PidStatsSubFavval08
080A9334	080A48F0	20	exact	PidStatsSubFavval100
080A9348	080A4904	36	masked	PidStatsGetTotalBattleAmt
080A936C	080A4928	48	masked	PidStatsGetTotalWinAmt
080A939C	080A4958	32	masked	PidStatsGetTotalLossAmt
080A95B0	080A4B6C	34	exact	GetNewPlaythroughId
080A95D4	080A4B90	32	exact	GetGlobalCompletionCntByInfo
080A95F4	080A4BB0	32	exact	GetGlobalCompletionCount
080A9614	080A4BD0	54	exact	RegisterCompletedPlaythrough
080A9658	080A4C14	160	masked	SavePlayThroughData
080A96F8	080A4CB4	34	exact	CheckGameEndFlag
080A971C	080A4CD8	36	exact	SetGameEndFlag
080A97C4	080A4D80	32	exact	WriteLastGameSaveId
080A97E4	080A4DA0	38	exact	ReadLastGameSaveId
080A9CD4	080A52BC	32	exact	IsGameNotFirstChapter
080A9CF4	080A52DC	46	exact	IsGameSaveNotFirstChapter
080A9D24	080A530C	48	exact	IsGameSaveComplete
080AA814	080A5DFC	20	masked	ReadSuspendSavePlaySt
080AA828	080A5E10	776	exact	EncodeSuspendSavePackedUnit
080AADE8	080A63D0	16	exact	GetNextSuspendSaveId
080AB480	080A6A68	56	exact	IsMultiArenaSaveReady
080AB588	080A6B70	30	masked	GetExtraMapMapReadAddr
080AB5A8	080A6B90	34	masked	GetExtraMapMapSize
080AB5CC	080A6BB4	30	masked	GetExtraMapInfoReadAddr
080AB5EC	080A6BD4	34	masked	GetExtraMapInfoSize
080AB610	080A6BF8	36	exact	ExtraMapChecksum
080AB734	080A6D1C	8	exact	GetExtraMapEmptyString
080AB83C	080A6E24	140	exact	ReadWorldMapNodes
080AB8C8	080A6EB0	90	exact	WriteWorldMapPaths
080AB968	080A6F50	108	exact	WriteWorldMapUnits
080AB9D4	080A6FBC	118	exact	ReadWorldMapUnits
080ABA4C	080A7034	30	exact	WriteWorldMapSkirmishes
080ABA6C	080A7054	30	exact	ReadWorldMapSkirmishes
080ABC54	080A723C	28	exact	SetGlobalSaveInfoPtr
080ABCB0	080A7298	24	exact	CopyGMapSaveInfo
080ABD54	080A733C	16	exact	CopyLinkArenaStruct2
080ABD64	080A734C	20	exact	CopySoundRoomSaveData
080ABF90	080A7578	84	masked	GetMinimapConnectKindAt
080ABFE4	080A75CC	26	exact	NormalizeSeaMinimapTerrain
080AC000	080A75E8	148	masked	GetMinimapSeaKindAt
080AC094	080A767C	30	exact	NormalizeWaterMinimapTerrain
080AC0B4	080A769C	148	masked	GetMinimapWaterKindAt
080AC148	080A7730	164	masked	GetMinimapRiverKindAt
080AC1EC	080A77D4	294	masked	GetMinimapCliffKindAt
080AC314	080A78FC	66	masked	GetMinimapStairTileAt
080AC358	080A7940	46	masked	GetMinimapDoorTileAt
080AC388	080A7970	154	masked	GetMinimapBridgeKindAt
080AC424	080A7A0C	492	masked	GetMinimapTileAt
080AC610	080A7BF8	20	exact	GetMinimapTerrainCellAt
080AC674	080A7C5C	552	masked	DrawMinimapInternal
080AC8DC	080A7EC4	64	exact	Minimap_OnHBlank
080AC91C	080A7F04	24	exact	InitMinimapWindowBuffers
080ACE28	080A8410	140	exact	InitMinimapFlashPalette
080ACFFC	080A85E4	200	masked	Minimap_HandleMoveInput
080AD0C4	080A86AC	32	masked	Minimap_InitProcVars
080AD25C	080A8844	54	exact	SaveMenuGetBitfile
080AD294	080A887C	58	exact	SaveMenuGetBitfileByMask
080AD2D0	080A88B8	38	exact	BitfileToIndex
080AE0E4	080A96D0	10	exact	_ExecSaveMenuMiscOption
080AE0F0	080A96DC	16	exact	SaveMenuRegisterSlotSelected
080AECD0	080AA1EC	92	masked	SaveMenu_ResetLcdFormDifficulty
080AF1E0	080AA700	24	masked	InitSaveMenuHelpTextSt
080AF224	080AA744	36	masked	GetLeaderLevelForSaveMenu
080AF270	080AA790	28	exact	SaveMenuCopyPalette
080AFDE8	080AB314	42	exact	SaveDrawCursor_Init
080AFFD0	080AB514	30	exact	SaveDraw_SetCursorSlotMark
080B0004	080AB548	36	exact	SaveDraw_InitParticles
080B032C	080AB874	20	exact	AddMainMenuOption
080B0340	080AB888	20	exact	AddExtraMenuOption
080B054C	080ABA98	28	exact	SaveMenuHasOptions
080B09F8	080ABF44	48	exact	SaveMenuGetValidMenuAmt
080B0B2C	080AC078	12	exact	DifficultySelect_OnEnd
080B0E9C	080AC3F4	36	exact	DrawDifficultySprite_Init
080B1120	080AC680	24	exact	DifficultyMenu_StartCursorMove
080B13A4	080AC904	44	exact	UiCursorHand_Init
080B15B4	080ACB14	30	exact	UiSpinningArrows_Init
080B18DC	080ACE3C	22	exact	SysBlackBox_Init
080B1ED4	080AD434	8	exact	SysHandCursor_Init
080B2098	080AD5F8	22	exact	SysGrayBox_Init
080B24C4	080ADA24	24	exact	SysBrownBox_Init
080B2A38	080ADFBC	64	masked	BgAffinScalingHighPrecision
080B2A78	080ADFFC	72	masked	BgAffinAnchoringHighPrecision
080B2CC4	080AE248	88	masked	FadeInOut_DisableGfx
080B2F54	080AE4D8	62	exact	BmBgfx_Init
080B33B4	080AE938	44	exact	MixPalette_Loop
080B34A0	080AEA24	76	masked	GetBgXOffset
080B34EC	080AEA70	76	masked	GetBgYOffset
080B3558	080AEADC	12	exact	AppendCharacter
080B3824	080AEC04	80	exact	IsPointInTriangle
080B389C	080AEC7C	20	exact	IsSoundRoomCompleted
080B38B4	080AEC94	30	masked	CountTotalSoundRoomSongs
080B38D4	080AECB4	54	masked	CountSecretSoundRoomSongs
080B390C	080AECEC	34	exact	IsSoundRoomSongPlayable
080B3930	080AED10	84	masked	CountDisplayedSoundRoomSongs
080B3DC0	080AF1A0	56	exact	UpdateVolumeGraphBuffer
080B3E4C	080AF22C	268	masked	VolumeGraphBuffer_Loop
080B3F98	080AF378	80	exact	SoundRoom_GetScrollDirection
080B4130	080AF510	18	exact	TickCurrentSongTime
080B4E1C	080B0204	60	exact	SoundRoom_DrawVolumeGraphSprites
080B62BC	080B169C	46	masked	GetConfigUnk32DifficultyAdjusted
080B62EC	080B16CC	16	masked	GetSelectedGameOption
080B6320	080B1700	132	masked	DrawGameOptionIcon
080B6A00	080B1DE8	380	masked	GetGameOption
080B6B7C	080B1F64	548	masked	SetGameOption
080B70C4	080B24AC	20	masked	Config_SetSourceFromPrep
080B70F4	080B24DC	60	masked	ColFadeOut_Init
080B7AF8	080B2F08	36	masked	ClassIntro_DisableAllExceptBg1
080B7DDC	080B31EC	28	exact	ClassIntroIcon_LoopDisplay
080B7E6C	080B327C	48	masked	ClassIntroFlare_Init
080B7FD4	080B33E4	22	exact	ClassIntroBurst_Init
080B828C	080B36E0	96	exact	ClassInfoDisplay_HBlankHandler
080B8C80	080B40EC	28	masked	GetClassReelEntry
080B8CDC	080B4154	20	masked	Shop_GetPortraitIndex
080B8D48	080B41C0	16	exact	StartDefaultArmoryScreen
080B8D58	080B41D0	14	exact	StartArmoryScreenOrphaned
080B8D68	080B41E0	14	exact	StartArmoryScreen
080B8D78	080B41F0	14	exact	StartVendorScreenOrphaned
080B8D88	080B4200	14	exact	StartVendorScreen
080B8D98	080B4210	14	exact	StartSecretShopScreenOrphaned
080B8DA8	080B4220	14	exact	StartSecretShopScreen
080B8DB8	080B4230	14	exact	StartArmoryScreen2
080B9A3C	080B4EB4	30	exact	ClearGoldBoxTextTm2Line
080B9F08	080B5384	54	exact	DisplayShopUiArrows
080BA0B8	080B5534	70	masked	ShopTryScrollPage
080BA100	080B557C	48	exact	ShopUpdateBg2Offset
080BA130	080B55AC	88	masked	RegisterShopState
080BA21C	080B5698	16	masked	ShopSt_GetBg2Offset
080BA250	080B56CC	34	masked	IsShopPageScrolling
080BA274	080B56F0	26	masked	ShouldDisplayUpArrow
080BA290	080B570C	34	masked	ShouldDisplayDownArrow
080BA2B4	080B5730	58	masked	ArenaUi_IsBgmActive
080BA690	080B5B0C	10	exact	ArenaUi_InitWrapper
080BABF4	080B6070	88	masked	GetOverallRank
080BAC4C	080B60C8	60	masked	GetOverallRankFrom3
080BAC88	080B6104	62	exact	GetGameOverallRank
080BAD80	080B61FC	48	masked	GetOverallRankFrom2
080BB1F8	080B6720	36	masked	GetPidTitleTextId
080BB21C	080B6744	36	masked	GetPidDefeatType
080BD0D8	080B820C	48	exact	WorldMapFaceHolder_Init
080BD138	080B826C	32	exact	GetWMFaceTileXAndScroll
080BD158	080B828C	28	masked	GetWMFaceBg
080BD174	080B82A8	32	masked	GetWMFaceVramOffset
080BDA28	080B8B60	68	masked	WorldMap_IsMonsterAtUnclearedNode
080BDE9C	080B8FD4	24	masked	WorldMap_SetInitialState
080BDFDC	080B9114	62	masked	WorldMap_SetMergedNodeIcon
080BE0E0	080B9218	184	masked	WmMain_MoveCamera
080BE6A0	080B9804	10	exact	WorldMap_Loop
080BEBA0	080B9D04	16	masked	WorldMap_SetMonsterMergedState
080BF2F0	080BA458	56	exact	GMapScreen_FillBg3TileIndices
080BF4B4	080BA61C	10	exact	GMScreenVSync_Init
080BF578	080BA6DC	58	exact	GMapScreenVSync_AddCopyRequest
080BFA6C	080BAC1C	20	masked	MMS_GetGfx
080BFA94	080BAC44	20	exact	GetMapUnitMMSGfxBuffer
080BFAB4	080BAC64	18	exact	GmapUnit_Init
080BFC04	080BADD4	28	exact	GetPaletteIdForAllegience
080BFD64	080BAF34	14	exact	MapUnitC_SetPosition
080BFD74	080BAF44	18	exact	MapUnitC_GetPosition
080BFD88	080BAF58	22	exact	MapUnitC_AddToPosition
080BFDA0	080BAF70	18	exact	MapUnitC_GetAnimId
080BFDFC	080BAFCC	20	exact	MapUnitC_IsBlendEnabled
080BFE38	080BB008	14	exact	MapUnitC_GetLayer
080BFE48	080BB018	16	exact	MapUnitC_SetLayer
080BFE58	080BB028	14	exact	MapUnitC_GetFaction
080BFE68	080BB038	64	exact	MapUnitC_SetFaction
080BFEA8	080BB078	44	exact	MapUnitC_SetPalette
080BFED4	080BB0A4	58	exact	MapUnitC_SetGfxNeedsUpdate
080BFFB8	080BB188	12	exact	MapUnitC_GetInitialClass
080BFFC4	080BB194	12	exact	MapUnitC_GetDisplayedClass
080C02CC	080BB49C	36	exact	GmapUnitFade_AddUnit
080C03E0	080BB5B0	52	masked	WMLoc_GetChapterId
080C0458	080BB628	210	masked	GetNodeAtPosition
080C052C	080BB6FC	12	exact	SkipGmNodeIconDisplay
080C0538	080BB708	14	exact	UnskipGmNodeIconDisplay
080C0554	080BB724	32	exact	GmapScreen2_Init
080C0890	080BBA4C	52	masked	GetWorldMapNodeIdByOrder
080C0A38	080BBBF4	96	exact	MapRoute_RenderPathGfx
080C0D60	080BBF1C	68	exact	MapRoute_OffsetTileIndices
080C1218	080BC3D4	48	masked	GetGmPathWaypointCount
080C14B4	080BC674	54	masked	WMMenu_IsArmoryAvailable
080C14EC	080BC6AC	54	masked	WMMenu_IsVendorAvailable
080C1524	080BC6E4	70	masked	WMMenu_IsSecretShopAvailable
080C156C	080BC72C	38	masked	WMMenu_IsNodeUnclearedAvailable
080C1594	080BC754	38	masked	WMMenu_IsNodeClearedAvailable
080C16D8	080BC898	36	exact	GmPathsInit
080C16FC	080BC8BC	46	exact	AddGmPath
080C172C	080BC8EC	130	exact	RemoveGmPath
080C184C	080BCA0C	16	exact	RefreshGmNodeLinks
080C185C	080BCA1C	54	masked	GetGmSkirmishUnitAtNode
080C1894	080BCA54	60	masked	GmBuildSkirmishNodeList
080C18D0	080BCA90	40	exact	GmIsNodeInList
080C1BFC	080BCDE4	78	masked	GetGmPathBetweenNodes
080C1DC0	080BCFB4	40	masked	ResetGmStoryNode
080C1E20	080BD014	52	exact	GetNextUnclearedNode
080C2018	080BD20C	24	masked	GetGmUnitFaction
080C2090	080BD284	8	exact	GetGmPathSearchResult
080C2098	080BD28C	16	exact	GetGmPathNode
080C20A8	080BD29C	12	exact	GetGmPathLength
080C221C	080BD410	8	exact	GmMuPrim_OnInit
080C246C	080BD660	72	exact	GmMuPrim_GetFacingFromAngle
080C2E3C	080BE054	20	exact	GmMu_PauseMovement
080C2E50	080BE068	22	exact	GmMu_ResumeMovement
080C2F14	080BE12C	102	exact	GmMu_IsMoving
080C3118	080BE330	44	exact	GmMu_FinishMovement
080C37C4	080BE9D8	160	masked	PutGMapPIShopIcons
080C3BB8	080BEDCC	8	exact	GMapPI_RequestHide
080C3C88	080BEE9C	132	masked	InitGMapPIInterfaceKind
080C3D0C	080BEF20	76	exact	RedrawGMapPIForNode
080C3F6C	080BF180	16	masked	GmMoveCursor_OnEnd
080C4098	080BF2AC	36	masked	GmScrollManage_OnEnd
080C43A8	080BF5C4	24	exact	GmPalFade_Init
080C456C	080BF788	44	masked	StartGmPalFade_
080C4598	080BF7B4	40	masked	RememberBlendState
080C45C0	080BF7DC	40	masked	RestoreBlendState
080C4B64	080BFD80	30	exact	GmMuEntry_Init
080C5390	080C05AC	24	masked	GmTmConfront_InitUnitPositionA
080C53DC	080C05F8	24	masked	GmTmConfront_InitUnitPositionC
080C5668	080C089C	196	masked	GetWMCursorScreenQuadrant
080C5D7C	080C0FB0	56	masked	GmapEffectPal_OnEnd
080C69B4	080C1BF8	264	masked	WorldMapHblank
080C6B5C	080C1DA0	40	exact	GetWorldMapHblankBuffer
080C6B84	080C1DC8	16	exact	FlipWorldMapHblankBuffer
080C6B94	080C1DD8	16	exact	SetWorldMapHblankDest
080C6BA4	080C1DE8	20	exact	ClearWorldMapHblankChannelFlags
080C6BB8	080C1DFC	24	exact	SetWorldMapHblankChannelFlag0
080C6BD0	080C1E14	24	exact	SetWorldMapHblankChannelFlag1
080C837C	080C35C4	40	exact	WmText_Init
080C881C	080C3A64	38	exact	PutWmMinimapSprites
080C8B54	080C3D9C	16	exact	GMapRadar_Init
080C8C80	080C3EC8	20	exact	GMapBaseMenu_Init
080C8E28	080C4070	22	exact	GetGMapBaseMenuKind
080C8E40	080C4088	20	exact	GetGMapBaseMenuPid
080C8E54	080C409C	20	exact	SetGMapBaseMenuPid
080C8E68	080C40B0	8	exact	CreditsBlendCG_Init
080C8F9C	080C41E4	16	exact	CreditsBlendCG_OnEnd
080C949C	080C46E4	10	exact	EndingCredits_EndBlendCG
080C9958	080C4BA0	20	masked	Subtitle_LightFlareFx_End
080CA1E8	080C5430	14	exact	DrawTitleSprites_Init
080CAD78	080C5F84	48	masked	Title_ShowBg2
080CADA8	080C5FB4	52	masked	Title_ShowBg1AfterDemonKing
080CB6C8	080C677C	24	exact	CopyFirstPalDirectly
080CB6E0	080C6794	44	exact	SetFirstPalDirectly
080CB70C	080C67C0	20	exact	ClearFirstPalDirectly
080CB8BC	080C69B0	162	exact	BlendPaletteToColor
080CC0BC	080C71B0	16	exact	Proc08AA6D04Main
080CC754	080C7844	120	exact	OpAnimHBlank1
080CC7CC	080C78BC	68	exact	OpAnimHBlank2
080CD4F0	080C8554	16	masked	OpAnimScrollBg3Loop
080D1184	080CC468	48	exact	MakePromotionScreen
080D1620	080CC904	10	exact	PromoHandler_SetInitStat
080D2028	080CD330	28	exact	PromoMain_WaitSelectDone
080D2348	080CD658	16	exact	PromoMain_SetupTraineeEvent
080D236C	080CD67C	52	masked	RemovePromoTraineeEventFace
080D271C	080CDA2C	12	exact	PromoMain_SetupTraineeEvent_
080D2728	080CDA38	20	exact	PromoTraineeEventExists
080D2F44	080CE248	66	masked	PutGuideCategoryList
080D2F88	080CE28C	88	exact	ClearGuideCategoryTilemap
080D3284	080CE588	52	exact	GuideEntry_DrawInitial
080D3964	080CEC68	72	exact	SetGuidePanelTilemapPalette
080D3C44	080CEF48	140	masked	GetGuideAction
080D41B0	080CF4B8	16	exact	umul3232H32
080D41C0	080CF4C8	132	masked	SoundMain
080D41D4	080D74C8	8	exact	gUninitializedMemory
080D4244	080CF54C	932	exact	SoundMainRAM
080D45E8	080CF8F0	22	exact	SoundMainBTM
080D4600	080CF908	32	exact	RealClearChain
080D4620	080CF928	46	exact	ply_fine
080D4650	080CF958	52	masked	MPlayJumpTableCopy
080D4684	080CF98C	1822	masked	ld_r3_tp_adr_i
080D4690	080CF998	32	exact	ply_goto
080D46B0	080CF9B8	26	exact	ply_patt
080D46CC	080CF9D4	20	exact	ply_pend
080D46E0	080CF9E8	46	exact	ply_rept
080D4710	080CFA18	10	exact	ply_prio
080D471C	080CFA24	20	exact	ply_tempo
080D4730	080CFA38	18	exact	ply_keysh
080D4744	080CFA4C	46	exact	ply_voice
080D4774	080CFA7C	18	exact	ply_vol
080D4788	080CFA90	20	exact	ply_pan
080D479C	080CFAA4	20	exact	ply_bend
080D47B0	080CFAB8	18	exact	ply_bendr
080D47C4	080CFACC	10	exact	ply_lfodl
080D47D0	080CFAD8	24	exact	ply_modt
080D47E8	080CFAF0	20	exact	ply_tune
080D47FC	080CFB04	24	exact	ply_port
080D4814	080CFB1C	76	exact	m4aSoundVSync
080D4860	080CFB68	616	masked	MPlayMain
080D4AC8	080CFDD0	68	exact	TrackStop
080D4B0C	080CFE14	48	exact	ChnVolSetAsm
080D4B3C	080CFE44	512	masked	ply_note
080D4D3C	080D0044	64	exact	ply_endtie
080D4D7C	080D0084	26	exact	clear_modM
080D4DA4	080D00AC	18	exact	ply_lfos
080D4DB8	080D00C0	18	exact	ply_mod
080D4DCC	080D00D4	100	masked	MidiKeyToFreq
080D4E34	080D013C	28	exact	MPlayContinue
080D4E50	080D0158	32	exact	MPlayFadeOut
080D4E70	080D0178	120	masked	m4aSoundInit
080D4EE8	080D01F0	10	exact	m4aSoundMain
080D4EF4	080D01FC	44	masked	m4aSongNumStart
080D4F20	080D0228	76	masked	m4aSongNumStartOrChange
080D4F6C	080D0274	84	masked	m4aSongNumStartOrContinue
080D4FC0	080D02C8	52	masked	m4aSongNumStop
080D4FF4	080D02FC	52	masked	m4aSongNumContinue
080D5028	080D0330	44	masked	m4aMPlayAllStop
080D5054	080D035C	10	exact	m4aMPlayContinue
080D5060	080D0368	44	masked	m4aMPlayAllContinue
080D508C	080D0394	14	exact	m4aMPlayFadeOut
080D509C	080D03A4	32	exact	m4aMPlayFadeOutTemporarily
080D50BC	080D03C4	40	exact	m4aMPlayFadeIn
080D50E4	080D03EC	72	exact	m4aMPlayImmInit
080D512C	080D0434	280	masked	MPlayExtender
080D5270	080D0578	248	masked	SoundInit
080D540C	080D0714	152	exact	m4aSoundMode
080D54F8	080D0800	124	exact	m4aSoundVSyncOff
080D5574	080D087C	60	exact	m4aSoundVSyncOn
080D55B0	080D08B8	120	masked	MPlayOpen
080D5628	080D0930	228	exact	MPlayStart
080D570C	080D0A14	64	exact	m4aMPlayStop
080D574C	080D0A54	200	exact	FadeOutBody
080D5814	080D0B1C	180	exact	TrkVolPitSet
080D58C8	080D0BD0	168	masked	MidiKeyToCgbFreq
080D5970	080D0C78	80	exact	CgbOscOff
080D59C0	080D0CC8	104	exact	CgbModVol
080D5A28	080D0D30	1098	masked	CgbSound
080D5E74	080D117C	40	exact	m4aMPlayTempoControl
080D5E9C	080D11A4	104	exact	m4aMPlayVolumeControl
080D5F04	080D120C	116	exact	m4aMPlayPitchControl
080D5F78	080D1280	104	exact	m4aMPlayPanpotControl
080D5FE0	080D12E8	30	exact	ClearModM
080D6000	080D1308	116	exact	m4aMPlayModDepthSet
080D6074	080D137C	116	exact	m4aMPlayLFOSpeedSet
080D6274	080D157C	72	exact	ply_xwave
080D62BC	080D15C4	18	exact	ply_xtype
080D62D0	080D15D8	18	exact	ply_xatta
080D62E4	080D15EC	18	exact	ply_xdeca
080D62F8	080D1600	18	exact	ply_xsust
080D630C	080D1614	18	exact	ply_xrele
080D6320	080D1628	12	exact	ply_xiecv
080D632C	080D1634	12	exact	ply_xiecl
080D6338	080D1640	18	exact	ply_xleng
080D634C	080D1654	18	exact	ply_xswee
080D63AC	080D16B0	24	exact	SoftReset
080D6460	080D1764	74	exact	VerifySramFast_Core
080D64AC	080D17B0	156	masked	SetSramFastFunc
080D6548	080D184C	64	masked	WriteAndVerifySramFast
080D6588	080D188C	50	exact	__ashldi3
080D65F8	080D18FC	146	exact	__divsi3
080D6690	080D1994	206	exact	__modsi3
080D6760	080D1A64	112	exact	__muldi3
080D67D0	080D1AD4	120	exact	__udivsi3
080D6848	080D1B4C	192	exact	__umodsi3
080D6908	080D1C0C	94	exact	memcpy
080D6968	080D1C6C	82	exact	memset
080D69BC	080D1D3C	74	exact	strcpy
080D6A08	080D1D88	66	exact	strlen
080D6B14	080D1EA4	20	exact	vfprintf
080D7BEC	080D2FB0	172	masked	__swsetup
080D8B80	080D3F44	56	masked	std
080D8BE8	080D3FAC	116	exact	__sfp
080D8C5C	080D4020	16	masked	_cleanup_r
080D8C6C	080D4030	16	masked	_cleanup
080D8C7C	080D4040	96	masked	__sinit
080D8CDC	080D40A0	446	masked	_free_r
080D91C8	080D458C	60	masked	_setlocale_r
080D920C	080D45D0	24	masked	setlocale
080D9224	080D45E8	16	masked	localeconv
080D9234	080D45F8	220	masked	__smakebuf
080D9310	080D46D4	348	masked	malloc_extend_top
080D946C	080D4830	960	masked	_malloc_r
080D982C	080D4BF0	42	exact	_mbtowc_r
080D9858	080D4C1C	128	exact	memchr
080D98D8	080D4C9C	136	exact	memmove
080D9968	080D4D2C	86	exact	_Balloc
080D99C0	080D4D84	24	exact	_Bfree
080D9AF4	080D4EB8	88	exact	_hi0bits
080D9B4C	080D4F10	130	exact	_lo0bits
080D9BD0	080D4F94	18	exact	_i2b
080D9BE4	080D4FA8	362	exact	_multiply
080D9D50	080D5114	152	masked	_pow5mult
080D9DE8	080D51AC	158	exact	_lshift
080D9E88	080D524C	62	exact	__mcmp
080D9EC8	080D528C	240	exact	__mdiff
080D9FB8	080D537C	76	exact	_ulp
080DA004	080D53C8	188	exact	_b2d
080DA0C0	080D5484	232	exact	_d2b
080DA1A8	080D556C	80	exact	_ratio
080DA1F8	080D55BC	64	masked	_mprec_log10
080DA238	080D55FC	36	exact	isinf
080DA25C	080D5620	32	exact	isnan
080DA27C	080D5640	44	masked	_sbrk_r
080DA2A8	080D566C	52	exact	__sread
080DA2DC	080D56A0	64	exact	__swrite
080DA31C	080D56E0	62	exact	__sseek
080DA35C	080D5720	16	exact	__sclose
080DA36C	080D5730	90	exact	strcmp
080DA3C8	080D578C	30	masked	findslot
080DA3E8	080D57AC	76	masked	remap_handle
080DA434	080D57F8	112	masked	initialise_monitor_handles
080DA4A4	080D5868	18	exact	get_errno
080DA4B8	080D587C	20	exact	error
080DA4CC	080D5890	24	exact	wrap
080DA4E4	080D58A8	34	exact	_swiread
080DA508	080D58CC	72	masked	_read
080DA550	080D5914	132	masked	_swilseek
080DA5D4	080D5998	12	exact	_lseek
080DA5E0	080D59A4	34	exact	_swiwrite
080DA604	080D59C8	76	masked	_write
080DA6F0	080D5AB4	20	exact	_open
080DA704	080D5AC8	52	masked	_swiclose
080DA738	080D5AFC	12	exact	_close
080DA788	080D5B4C	60	masked	_sbrk
080DA7C4	080D5B88	10	exact	_fstat
080DA7DC	080D5BA0	44	exact	_gettimeofday
080DA808	080D5BCC	34	exact	_times
080DA82C	080D5BF0	48	masked	_write_r
080DA8B4	080D5C78	44	masked	_close_r
080DA8EC	080D5CB0	44	masked	_fstat_r
080DA918	080D5CDC	32	exact	abort
080DA940	080D5D04	48	masked	_lseek_r
080DA970	080D5D34	48	masked	_read_r
080DA9A0	080D5D64	328	exact	__pack_d
080DAAE8	080D5EAC	216	exact	__unpack_d
080DABC0	080D5F84	620	masked	_fpadd_parts
080DAE2C	080D61F0	48	exact	__adddf3
080DAE5C	080D6220	56	exact	__subdf3
080DB13C	080D6500	392	masked	__divdf3
080DB2C4	080D6688	254	exact	__fpcmp_parts_d
080DB3C4	080D6788	42	exact	__cmpdf2
080DB3F0	080D67B4	74	exact	__eqdf2
080DB43C	080D6800	74	exact	__nedf2
080DB488	080D684C	76	exact	__gtdf2
080DB4D4	080D6898	76	exact	__gedf2
080DB520	080D68E4	74	exact	__ltdf2
080DB56C	080D6930	74	exact	__ledf2
080DB5B8	080D697C	124	exact	__floatsidf
080DB634	080D69F8	114	exact	__fixdfsi
080DB6A8	080D6A6C	38	exact	__negdf2
080DB6D0	080D6A94	38	exact	__make_dp
080DB6F8	080D6ABC	68	exact	__truncdfsf2
080DB73C	080D6B00	184	exact	__pack_f
080DB7F4	080D6BB8	122	exact	__unpack_f
080DB870	080D6C34	378	masked	_fpadd_parts
080DB9EC	080D6DB0	44	exact	__addsf3
080DBA18	080D6DDC	52	exact	__subsf3
080DBBB0	080D6F74	234	masked	__divsf3
080DBC9C	080D7060	228	exact	__fpcmp_parts_f
080DBD80	080D7144	38	exact	__cmpsf2
080DBDA8	080D716C	70	exact	__eqsf2
080DBDF0	080D71B4	70	exact	__nesf2
080DBE38	080D71FC	72	exact	__gtsf2
080DBE80	080D7244	72	exact	__gesf2
080DBEC8	080D728C	70	exact	__ltsf2
080DBF10	080D72D4	70	exact	__lesf2
080DBF58	080D731C	96	exact	__floatsisf
080DBFB8	080D737C	104	exact	__fixsfsi
080DC020	080D73E4	36	exact	__negsf2
080DC044	080D7408	22	exact	__make_fp
080DC05C	080D7420	44	exact	__extendsfdf2
080DC088	080D744C	50	exact	__lshrdi3
080DC0BC	080D7480	22	exact	__negdi2
080DC15C	080D751C	640	exact	gSinLookup
080DC43C	080D77FC	240	exact	gFace_0
080DC594	080D7964	96	masked	gBmlib_0
080DC878	080D7BCC	56	exact	Vectors_DanceringFx
080DCC20	080D7EEC	96	exact	sInitialParticleConfigTemplates
080DCCC6	080D7F92	26	exact	gUnitinfowindow_0
080DCD04	080D7FD0	72	exact	gBmdifficulty_6
080DCE54	080D8178	640	exact	gAiCombatScoreCoefficientTable
080DD0D4	080D83F8	12	exact	gCpData_0
080DD0E0	080D8404	16	exact	gCpData_1
080DD0F0	080D8414	16	exact	gCpData_2
080DD100	080D8424	16	exact	gCpData_3
080DD110	080D8434	12	exact	gCpData_4
080DD11C	080D8440	16	exact	gCpData_5
080DD12C	080D8450	12	exact	gCpData_6
080DD138	080D845C	16	exact	gCpData_7
080DD148	080D846C	12	exact	gCpData_8
080DD154	080D8478	12	exact	gCpData_9
080DD160	080D8484	8	exact	gCpData_10
080DD168	080D848C	8	exact	gCpData_11
080DD178	080D849C	32	exact	gCpData_13
080DD198	080D84BC	12	exact	gCpData_14
080DD1A4	080D84C8	24	exact	gCpData_15
080DD1C0	080D84E4	8	exact	AiEscapePts_09
080DD1C8	080D84EC	8	exact	AiEscapePts_3D
080DD1D0	080D84F4	8	exact	AiEscapePts_0E
080DD1F0	080D8514	8	exact	AiEscapePts_1B
080DD200	080D8524	12	exact	AiEscapePts_31
080DD214	080D8538	260	exact	gAiItemConfigTable
080DD318	080D863C	20	exact	gCpData_16
080DD32C	080D8650	16	exact	gCpData_17
080DD368	080D868C	104	masked	sAiStaffFuncLut
080DD3D0	080D86F4	32	masked	sAiSpecialItemFuncLut
080DEC7A	080D9C9E	150	exact	SioTacticianIndexMap
080DED3D	080D9D61	13	exact	gSioMain2_1
080DED4A	080D9D6E	8	exact	Sprite_SioMain2_0
080DED52	080D9D76	8	exact	Sprite_SioMain2_1
080DED5A	080D9D7E	8	exact	Sprite_SioMain2_2
080DED62	080D9D86	8	exact	Sprite_SioMain2_3
080DED6A	080D9D8E	20	exact	Sprite_SioMain2_4
080DED7E	080D9DA2	32	exact	Sprite_SioMain2_5
080DED9E	080D9DC2	20	exact	Sprite_SioMain2_6
080DEDB2	080D9DD6	14	exact	Sprite_SioMain2_7
080DEDC8	080D9DF2	20	exact	Sprite_SioMain2_9
080DEDDC	080D9E06	8	exact	Sprite_SioMain2_10
080DEDF2	080D9E1C	40	exact	gSioPostbattle_0
080DEEB0	080D9EF0	12	exact	gSioMenu_0
080DEF04	080D9F28	16	exact	gSioPoints_0
080DEF14	080D9F38	16	exact	gSioPoints_1
080DEF24	080D9F48	80	exact	gSioPoints_2
080DEF74	080D9F98	8	exact	gSioPoints_3
080DEFC2	080D9FD6	14	exact	Sprite_LinkArenaBButton
080DEFE8	080D9FFC	32	exact	Sprite_SioMenu_EditTeams
080DF008	080DA01C	32	exact	Sprite_SioMenu_Practice
080DF028	080DA03C	32	exact	Sprite_SioMenu_LinkedBattle
080DF048	080DA05C	32	exact	Sprite_SioMenu_BattleData
080DF068	080DA07C	32	exact	Sprite_SioMenu_RuleSettings
080DF088	080DA09C	8	exact	gSioUiutils_0
080DF090	080DA0A4	14	exact	Sprite_SioMenu_2Teams
080DF09E	080DA0B2	20	exact	Sprite_SioMenu_3Teams
080DF0B2	080DA0C6	20	exact	Sprite_SioMenu_4Teams
080DF0E6	080DA0FA	8	exact	Sprite_LinkArena_PressStart
080DF10E	080DA122	8	exact	Sprite_NameEntry_CursorSmall
080DF116	080DA12A	8	exact	Sprite_NameEntry_CursorLarge
080DF11E	080DA132	8	exact	Sprite_NameEntry_PositionIndicator
080DF126	080DA13A	8	exact	Sprite_NameEntry_OKIcon
080DF12E	080DA142	8	exact	Sprite_NameEntry_DeleteIcon
080DF136	080DA14A	8	exact	Sprite_NameEntry_KatakanaIcon
080DF13E	080DA152	8	exact	Sprite_NameEntry_HiraganaIcon
080DF146	080DA15A	8	exact	Sprite_NameEntry_0
080DF14E	080DA162	8	exact	Sprite_RuleSettings_HideUnitsIcon
080DF156	080DA16A	8	exact	Sprite_RuleSettings_VictoryCondIcon
080DF15E	080DA172	8	exact	Sprite_RuleSettings_AutoWeaponIcon
080DF166	080DA17A	20	exact	Sprite_SioMenuBurst_TopLeft
080DF17A	080DA18E	20	exact	Sprite_SioMenuBurst_TopRight
080DF18E	080DA1A2	20	exact	Sprite_SioMenuBurst_BottomLeft
080DF1A2	080DA1B6	20	exact	Sprite_SioMenuBurst_BottomRight
080DF1B6	080DA1CA	64	exact	gSioUiutils_1
080DF228	080DA23C	8	exact	Sprite_LAVersus_P1
080DF230	080DA244	8	exact	Sprite_LAVersus_P2
080DF238	080DA24C	8	exact	Sprite_LAVersus_P3
080DF240	080DA254	8	exact	Sprite_LAVersus_P4
080DF248	080DA25C	14	exact	Sprite_SioUiutils_0
080DF256	080DA26A	20	exact	Sprite_SioUiutils_1
080DF26A	080DA27E	50	exact	Sprite_SioUiutils_2
080DF2E0	080DA2F4	32	exact	gUiutils_0
080DF300	080DA314	32	exact	gUiutils_1
080DF320	080DA334	32	exact	gUiutils_2
080DF340	080DA354	32	exact	gUiutils_3
080DF360	080DA374	40	exact	gUiutils_4
080DF424	080DA438	28	exact	gEfxNoDmgBgShakeOff
080DF4A6	080DA4BA	34	exact	gEfxbattle_0
080DF4C8	080DA4DC	74	exact	gEfxQuakeVecs
080DF512	080DA526	74	exact	gEfxbattle_1
080DF55C	080DA570	74	exact	gEfxQuakeVecs2
080DF5A6	080DA5BA	74	exact	gEfxbattle_2
080DF5F0	080DA604	106	exact	gEfxbattle_3
080DF65A	080DA66E	178	exact	gEfxbattle_4
080DF71E	080DA732	34	exact	gQuakeVecs_Efxbattle_1
080DF740	080DA754	18	exact	gQuakeVecs_Efxbattle_2
080DF752	080DA766	18	exact	gQuakeVecs_Efxbattle_3
080DF776	080DA78A	182	exact	gQuakeVecs_Efxbattle_5
080DF82C	080DA840	18	exact	gQuakeVecs_Efxbattle_6
080DF862	080DA876	386	exact	gQuakeVecs_Efxbattle_9
080DF9E4	080DA9F8	150	exact	gEfxbattle_5
080DFA7A	080DAA8E	306	exact	gEfxbattle_6
080DFC44	080DAC58	42	exact	gFrameLut_EfxHPBarColorChange1
080DFC6E	080DAC82	34	exact	gFrameLut_EfxHPBarColorChange2
080DFCC6	080DACDA	34	exact	gFrameLut_EfxStatusUnit
080DFCF6	080DAD0A	46	exact	gFrameLut_EfxWeaponIcon
080DFD96	080DAD86	192	exact	gEkrbattleintro_0
080DFEA6	080DAE96	10	exact	gBattleparse_1
080DFEB0	080DAEA0	10	exact	gBattleparse_2
080DFEBA	080DAEAA	10	exact	gBattleparse_3
080DFEC4	080DAEB4	10	exact	gBattleparse_4
080DFECE	080DAEBE	10	exact	gBattleparse_5
080DFED8	080DAEC8	10	exact	gBattleparse_6
080DFEEC	080DAEDC	10	exact	gBattleparse_8
080DFEF6	080DAEE6	10	exact	gBattleparse_9
080DFF00	080DAEF0	40	exact	BanimDefaultModeConfig
080DFF38	080DAF28	10	exact	BanimLeftDefaultPos
080E0044	080DB034	1284	exact	Img_ConstDataDB034_0
080E0548	080DB538	1164	exact	Img_ConstDataDB034_1
080E09D4	080DB9C4	1112	exact	Img_ConstDataDB034_2
080E0E2C	080DBE1C	1332	exact	Img_ConstDataDB034_3
080E1360	080DC350	1292	exact	Img_ConstDataDB034_4
080E1DE6	080DCD72	86	exact	FrameConfig_AnimaHitBG
080E2268	080DD1F4	94	exact	gFrameConfig_EfxmagicNosferatu_0
080E29A4	080DD930	66	exact	gEfxmagicHealstaves_5
080E29E6	080DD972	50	exact	gEfxmagicHealstaves_6
080E40B8	080DEDBC	42	exact	gFrameConfig_GleipnirBg_Sigil
080E40F6	080DEDFA	70	exact	gFrameConfig_GleipnirBg_Nebula
080E41BE	080DEEC2	18	exact	gFrameConfig_efxCrimsonEyeBGFinish1
080E421C	080DEF20	34	exact	gFrameConfig_efxCrimsonEyeBG
080E42CC	080DEFD0	62	exact	gFrameConfig_efxDarkLongMonsBG02
080E433E	080DF042	46	exact	gFrameConfig_efxGorgonBGDirt
080E437C	080DF080	26	exact	gFrameConfig_efxGorgonBGTwister
080E43DC	080DF0E0	38	exact	gFrameConfig_efxGorgonBGFinish
080E4682	080DF386	22	exact	FrameConfig_EfxMagFcastBg1
080E469E	080DF3A2	34	exact	FrameConfig_EfxMagFcastBg3
080E46C0	080DF3C4	34	exact	FrameConfig_EfxMagFcastBg4
080E47F0	080DF4F4	30	exact	FrameConf_EfxMagdhisEffectBG
080E4842	080DF546	14	exact	FrameConf_EfxChillEffectBG
080E4864	080DF568	74	exact	FrameConf_EfxChillEffectBGCOL
080E57FC	080E041C	32	exact	gConstDataBanimekrdk_1
080E581C	080E043C	444	exact	gConstDataBanimekrdk_2
080E59D8	080E05F8	2924	exact	gConstDataBanimekrdk_3
080E6544	080E1164	32	exact	Pal_ConstDataBanimekrdk_0
080E6564	080E1184	528	exact	Tsa_ConstDataBanimekrdk_0
080E67B4	080E13D4	32	exact	gAnimSpriteRotScalePosX
080E67D4	080E13F4	32	exact	gAnimSpriteRotScalePosY
080E681A	080E143A	78	exact	FrameLut_Ekrclasschg_0
080E6868	080E1488	126	exact	FrameLut_Ekrclasschg_1
080E69AC	080E15CC	16	exact	sEfxLvupPartsPos
080E6A44	080E1664	26	exact	FrameConfig_EfxLvupBG2
080E6A7A	080E169A	66	exact	FrameLut_EfxLvupBGCOL
080E6ABC	080E16DC	18	exact	FrameLut2_EfxLvupBGCOL
080E6B12	080E1732	14	exact	FrameLut_EkrTriPegagusBGLeft
080E6B20	080E1740	14	exact	FrameLut_EkrTriPegagusBGRight
080E6BA0	080E17C0	2468	exact	Img_TriPegasusKnightBG
080E7544	080E2164	2544	exact	Img_TriFalconKnightLanceBG
080E7F34	080E2B54	2560	exact	Img_TriFalconKnightSwordBG
080E8934	080E3554	276	exact	Tsa_EkrTriPegagusRightBG1
080E8A48	080E3668	292	exact	Tsa_EkrTriPegagusRightBG2
080E8B6C	080E378C	216	exact	Tsa_EkrTriPegagusRightBG3
080E8C44	080E3864	284	exact	Tsa_EkrTriPegagusLeftBG1
080E8D60	080E3980	292	exact	Tsa_EkrTriPegagusLeftBG2
080E8E84	080E3AA4	212	exact	Tsa_EkrTriPegagusLeftBG3
080E8F58	080E3B78	2488	exact	Img_TriPegasusKnightOBJ
080E9910	080E4530	2508	exact	Img_TriFalconKnightLanceOBJ
080EA2DC	080E4EFC	2472	exact	Img_TriFalconKnightSwordOBJ
080EAC84	080E58A4	800	exact	Img_TriKnightOBJ
080EAFA4	080E5BC4	980	exact	Img_TriGenerialLanceOBJ
080EB378	080E5F98	1076	exact	Img_TriGenerialAxeOBJ
080EB7AC	080E63CC	960	exact	Img_TriGenerialHandAxeOBJ
080EBB6C	080E678C	1336	exact	Img_TriKnightAtkOBJ
080EC0A4	080E6CC4	1852	exact	Img_TriGenerialLanceAtkOBJ
080EC7E0	080E7400	1932	exact	Img_TriGenerialAxeAtkOBJ
080ECF6C	080E7B8C	1808	exact	Img_TriGenerialHandAxeAtkOBJ
080ED6FE	080E831E	22	exact	BnaimFrames_DkDemonLightNormal
080ED714	080E8334	26	exact	BnaimFrames_DkDemonLightCritical
080ED72E	080E834E	30	exact	BnaimFrames_DkRavagerNormal
080ED74C	080E836C	34	exact	BnaimFrames_DkRavagerCritical
080ED76E	080E838E	26	exact	BnaimFrames_DkMiss
08155A78	08165F7C	15832	exact	ObjectType10
081711B4	081816B8	15004	exact	ObjectType5
08190010	081A0514	3884	exact	TowerOfValniTileConfiguration
08190F3C	081A1440	2944	exact	TileConfiguration10
08191ABC	081A1FC0	5792	exact	TileConfiguration9
0819315C	081A3660	3760	exact	TileConfiguration8
0819400C	081A4510	4260	exact	TileConfiguration7
081950B0	081A55B4	4176	exact	TileConfiguration6
08196100	081A6604	4208	exact	TileConfiguration5
08197170	081A7674	5720	exact	TileConfiguration4
081987C8	081A8CCC	5236	exact	TileConfiguration3
08199C3C	081AA140	5468	exact	TileConfiguration2
0819B198	081AB69C	6292	exact	TileConfiguration1
0819CA2C	081ACF30	320	exact	Ch5TownPalettePast
0819CB6C	081AD070	320	exact	AnotherShrinePalette
0819CCAC	081AD1B0	320	exact	MapPalette19
0819CDEC	081AD2F0	320	exact	LagdouRuins8Palette
0819CF2C	081AD430	320	exact	LagdouRuinsPalette
0819D06C	081AD570	320	exact	TowerOfValniMapPalette
0819D1AC	081AD6B0	320	exact	MapPalette18
0819D2EC	081AD7F0	320	exact	MapPalette17
0819D56C	081ADA70	320	exact	MapPalette15
0819D6AC	081ADBB0	320	exact	MapPalette14
0819D7EC	081ADCF0	320	exact	MapPalette13
0819D92C	081ADE30	320	exact	MapPalette12
0819DA6C	081ADF70	320	exact	MapPalette11
0819DBAC	081AE0B0	320	exact	MapPalette10
0819DCEC	081AE1F0	320	exact	MapPalette9
0819DE2C	081AE330	320	exact	MapPalette8
0819DF6C	081AE470	320	exact	MapPalette7
0819E0AC	081AE5B0	320	exact	MapPalette6
0819E1EC	081AE6F0	320	exact	MapPalette5
0819E32C	081AE970	320	exact	MapPalette3
0819E46C	081AEAB0	320	exact	MapPalette2
0819E5AC	081AEBF0	320	exact	MapPalette1
0819E9A8	081AEFEC	308	exact	AnotherPathMap
0819EBDC	081AF220	256	exact	SomeBuildingMap
0819ECDC	081AF320	276	exact	SomePathMap
0819EDF0	081AF434	232	exact	RenaisShrineMap
0819EED8	081AF51C	232	exact	GradoShrineMapPast
0819EFC0	081AF604	428	exact	GradoPrisonMap
0819F16C	081AF7B0	252	exact	GradoBordersMap
0819F268	081AF8AC	212	exact	RenvalGateMap
0819F33C	081AF980	172	exact	RenaisAudienceMap
0819F3E8	081AFA2C	284	exact	RenaisThroneMap
0819F504	081AFB48	300	exact	CaerPelynMap
0819F630	081AFC74	316	exact	RenaisCastleMap
0819F76C	081AFDB0	328	exact	GradoCastleMap
0819F8B4	081AFEF8	276	exact	Ch11EphraimMap
0819F9C8	081B000C	560	exact	Ch11EirikaMap
0819FBF8	081B023C	52	exact	DebugMap
0819FC2C	081B0270	84	exact	AnInterestingMap
0819FC80	081B02C4	264	exact	LinkArenaMap
0819FD88	081B03CC	832	exact	MelkaenCoastMap
081A00C8	081B070C	12	exact	LordsSplitMap
081A00D4	081B0718	552	exact	LagdouRuins10Map
081A02FC	081B0940	592	exact	LagdouRuins9Map
081A054C	081B0B90	432	exact	LagdouRuins8Map
081A06FC	081B0D40	588	exact	LagdouRuins7Map
081A0948	081B0F8C	524	exact	LagdouRuins6Map
081A0B54	081B1198	552	exact	LagdouRuins5Map
081A0D7C	081B13C0	512	exact	LagdouRuins4Map
081A0F7C	081B15C0	608	exact	LagdouRuins3Map
081A11DC	081B1820	620	exact	LagdouRuins2Map
081A1448	081B1A8C	580	exact	LagdouRuins1Map
081A168C	081B1CD0	624	exact	TowerOfValni8Map
081A18FC	081B1F40	556	exact	TowerOfValni7Map
081A1B28	081B216C	404	exact	TowerOfValni6Map
081A1CBC	081B2300	472	exact	TowerOfValni5Map
081A1E94	081B24D8	532	exact	TowerOfValni4Map
081A20A8	081B26EC	512	exact	TowerOfValni3Map
081A22A8	081B28EC	372	exact	TowerOfValni2Map
081A241C	081B2A60	356	exact	TowerOfValni1Map
081A2580	081B2BC4	1012	exact	Ch14EphraimMap
081A2974	081B2FB8	672	exact	Ch13EphraimMap
081A2C14	081B3258	860	exact	Ch12EphraimMap
081A2F70	081B35B4	700	exact	Ch10EphraimMap
081A322C	081B3870	664	exact	Ch9EphMap
081A34C4	081B3B08	884	exact	FinalChapterMap2
081A3838	081B3E7C	984	exact	FinalChapterMap1
081A3C10	081B4254	1016	exact	Ch20Map
081A4008	081B464C	712	exact	Ch19Map
081A42D0	081B4914	952	exact	Ch18Map
081A4688	081B4CCC	792	exact	Ch17Map
081A49A0	081B4FE4	744	exact	Ch16Map
081A4F44	081B558C	704	exact	Ch14EirikaMap
081A5204	081B584C	592	exact	Ch13EirikaMap
081A5454	081B5A9C	912	exact	Ch12EirikaMap
081A57E4	081B5E2C	912	exact	Ch10EirikaMap
081A5B74	081B61BC	708	exact	Ch9EirikaMap
081A5E38	081B6480	664	exact	Ch8Map
081A60D0	081B6718	756	exact	Ch7Map
081A63C4	081B6A0C	944	exact	Ch6Map
081A6930	081B6F78	484	exact	Ch5XMap
081A6B14	081B715C	376	exact	Ch4Map
081A6C8C	081B72D4	360	exact	Ch3Map
081A6DF4	081B743C	404	exact	Ch2Map
081A6F88	081B75D0	292	exact	Ch1Map
081A70AC	081B76F4	308	exact	PrologueMap
081A71E0	081B7828	428	exact	unit_icon_wait_Ephraim_Lord_sheet
081A738C	081B79D4	260	exact	unit_icon_wait_Eirika_Lord_sheet
081A7490	081B7AD8	508	exact	unit_icon_wait_Ephraim_Master_Lord_sheet
081A768C	081B7CD4	504	exact	unit_icon_wait_Eirika_Master_Lord_sheet
081A7884	081B7ECC	444	exact	unit_icon_wait_Cavalier_sheet
081A7A40	081B8088	464	exact	unit_icon_wait_Paladin_sheet
081A7C10	081B8258	268	exact	unit_icon_wait_Armor_Knight_sheet
081A7D1C	081B8364	416	exact	unit_icon_wait_General_sheet
081A7EBC	081B8504	316	exact	unit_icon_wait_Thief_sheet
081A7FF8	081B8640	56	exact	unit_icon_wait_Blank_sheet
081A8030	081B8678	312	exact	unit_icon_wait_Mercenary_sheet
081A8168	081B87B0	400	exact	unit_icon_wait_Mercenary_F_sheet
081A82F8	081B8940	352	exact	unit_icon_wait_Hero_sheet
081A8458	081B8AA0	316	exact	unit_icon_wait_Hero_F_sheet
081A8594	081B8BDC	276	exact	unit_icon_wait_Myrmidon_sheet
081A86A8	081B8CF0	272	exact	unit_icon_wait_Myrmidon_F_sheet
081A87B8	081B8E00	232	exact	unit_icon_wait_Swordmaster_sheet
081A88A0	081B8EE8	220	exact	unit_icon_wait_Swordmaster_F_sheet
081A897C	081B8FC4	316	exact	unit_icon_wait_Assassin_sheet
081A8AB8	081B9100	308	exact	unit_icon_wait_Assassin_F_sheet
081A8BEC	081B9234	280	exact	unit_icon_wait_Archer_sheet
081A8D04	081B934C	276	exact	unit_icon_wait_Archer_F_sheet
081A8E18	081B9460	324	exact	unit_icon_wait_Sniper_sheet
081A8F5C	081B95A4	292	exact	unit_icon_wait_Sniper_F_sheet
081A9080	081B96C8	460	exact	unit_icon_wait_Ranger_sheet
081A9634	081B9C7C	500	exact	unit_icon_wait_Wyvern_Lord_F_sheet
081A9828	081B9E70	504	exact	unit_icon_wait_Wyvern_Knight_sheet
081A9A20	081BA068	524	exact	unit_icon_wait_Wyvern_Knight_F_sheet
081A9C2C	081BA274	312	exact	unit_icon_wait_Mage_sheet
081A9D64	081BA3AC	320	exact	unit_icon_wait_Mage_F_sheet
081A9EA4	081BA4EC	348	exact	unit_icon_wait_Sage_sheet
081AA000	081BA648	352	exact	unit_icon_wait_Sage_F_sheet
081AA160	081BA7A8	436	exact	unit_icon_wait_Mage_Knight_sheet
081AA314	081BA95C	452	exact	unit_icon_wait_Mage_Knight_F_sheet
081AA4D8	081BAB20	340	exact	unit_icon_wait_Bishop_sheet
081AA62C	081BAC74	344	exact	unit_icon_wait_Bishop_F_sheet
081AA784	081BADCC	344	exact	unit_icon_wait_Shaman_sheet
081AA8DC	081BAF24	372	exact	unit_icon_wait_Druid_sheet
081AAA50	081BB098	288	exact	unit_icon_wait_Summoner_sheet
081AAB70	081BB1B8	292	exact	unit_icon_wait_Rogue_sheet
081AAC94	081BB2DC	212	exact	unit_icon_wait_Gorgonegg2_sheet
081AAD68	081BB3B0	464	exact	unit_icon_wait_Great_Knight_sheet
081AAF38	081BB580	308	exact	unit_icon_wait_Recruit_T1_sheet
081AB06C	081BB6B4	316	exact	unit_icon_wait_Journeyman_T2_sheet
081AB1A8	081BB7F0	288	exact	unit_icon_wait_Pupil_T2_sheet
081AB2C8	081BB910	680	exact	unit_icon_wait_Manakete_2_sheet
081AB570	081BBBB8	280	exact	unit_icon_wait_Manakete_Myrrh_sheet
081AB688	081BBCD0	300	exact	unit_icon_wait_Fighter_sheet
081AB7B4	081BBDFC	384	exact	unit_icon_wait_Warrior_sheet
081AB934	081BBF7C	372	exact	unit_icon_wait_Brigand_sheet
081ABAA8	081BC0F0	380	exact	unit_icon_wait_Pirate_sheet
081ABC24	081BC26C	480	exact	unit_icon_wait_Berserker_sheet
081ABE04	081BC44C	284	exact	unit_icon_wait_Monk_sheet
081ABF20	081BC568	268	exact	unit_icon_wait_Priest_sheet
081AC02C	081BC674	256	exact	unit_icon_wait_Bard_sheet
081AC12C	081BC774	420	exact	unit_icon_wait_Pegasus_Knight_sheet
081AC2D0	081BC918	428	exact	unit_icon_wait_Falcon_Knight_sheet
081AC47C	081BCAC4	292	exact	unit_icon_wait_Cleric_sheet
081AC5A0	081BCBE8	444	exact	unit_icon_wait_Troubadour_sheet
081AC75C	081BCDA4	432	exact	unit_icon_wait_Valkyrie_sheet
081AC90C	081BCF54	312	exact	unit_icon_wait_Dancer_sheet
081ACA44	081BD08C	340	exact	unit_icon_wait_Soldier_sheet
081ACB98	081BD1E0	252	exact	unit_icon_wait_Necromancer_sheet
081ACC94	081BD2DC	360	exact	unit_icon_wait_Fleet_sheet
081ACDFC	081BD444	396	exact	unit_icon_wait_Phantom_sheet
081ACF88	081BD5D0	300	exact	unit_icon_wait_Revenant_sheet
081AD0B4	081BD6FC	360	exact	unit_icon_wait_Entoumbed_sheet
081AD21C	081BD864	296	exact	unit_icon_wait_Bonewalker_sheet
081AD344	081BD98C	324	exact	unit_icon_wait_Bonewalker_Bow_sheet
081AD488	081BDAD0	320	exact	unit_icon_wait_Wight_sheet
081AD5C8	081BDC10	324	exact	unit_icon_wait_Wight_Bow_sheet
081AD70C	081BDD54	400	exact	unit_icon_wait_Bael_sheet
081AD89C	081BDEE4	356	exact	unit_icon_wait_Elder_Bael_sheet
081ADA00	081BE048	400	exact	unit_icon_wait_Cyclops_sheet
081ADB90	081BE1D8	276	exact	unit_icon_wait_Mauthedoog_sheet
081ADCA4	081BE2EC	536	exact	unit_icon_wait_Gwyllgi_sheet
081ADEBC	081BE504	528	exact	unit_icon_wait_Tarvos_sheet
081AE0CC	081BE714	628	exact	unit_icon_wait_Maelduin_sheet
081AE340	081BE988	380	exact	unit_icon_wait_Mogall_sheet
081AE4BC	081BEB04	384	exact	unit_icon_wait_Arch_Mogall_sheet
081AE63C	081BEC84	332	exact	unit_icon_wait_Gorgon_sheet
081AE788	081BEDD0	164	exact	unit_icon_wait_Gorgonegg_sheet
081AE82C	081BEE74	504	exact	unit_icon_wait_Gargoyle_sheet
081AEA24	081BF06C	560	exact	unit_icon_wait_Deathgoyle_sheet
081AEC54	081BF29C	380	exact	unit_icon_wait_Draco_Zombie_sheet
081AEDD0	081BF418	632	exact	unit_icon_wait_Demon_King_sheet
081AF370	081BF9B8	404	exact	unit_icon_wait_Blst_Killer_Used_sheet
081AF7EC	081BFE34	372	exact	unit_icon_wait_Blst_Killer_Empty_sheet
081AF960	081BFFA8	208	exact	unit_icon_wait_Civilian_M1_sheet
081AFA30	081C0078	212	exact	unit_icon_wait_Civilian_F1_sheet
081AFB04	081C014C	224	exact	unit_icon_wait_Civilian_M2_sheet
081AFBE4	081C022C	228	exact	unit_icon_wait_Civilian_F2_sheet
081AFCC8	081C0310	220	exact	unit_icon_wait_Peer_sheet
081AFDA4	081C03EC	276	exact	unit_icon_wait_Queen_sheet
081AFEB8	081C0500	216	exact	unit_icon_wait_Prince_sheet
081AFF90	081C05D8	180	exact	unit_icon_wait_Queen_2_sheet
081B0044	081C068C	304	exact	unit_icon_wait_Unk77_sheet
081B0174	081C07BC	132	exact	unit_icon_wait_Fallen_Prince_sheet
081B01F8	081C0840	244	exact	unit_icon_wait_Tent_sheet
081B02EC	081C0934	316	exact	unit_icon_wait_Pontifex_sheet
081B0428	081C0A70	140	exact	unit_icon_wait_Fallen_Peer_sheet
081B04B4	081C0AFC	32	exact	gPal_StoneShatterAnim
081B04D4	081C0B1C	3556	exact	gImg_StoneShatterAnim
081B12B8	081C1900	76	exact	gTsa_StoneShatter_0
081B1304	081C194C	76	exact	gTsa_StoneShatter_1
081B1350	081C1998	76	exact	gTsa_StoneShatter_2
081B139C	081C19E4	76	exact	gTsa_StoneShatter_3
081B13E8	081C1A30	76	exact	gTsa_StoneShatter_4
081B1434	081C1A7C	76	exact	gTsa_StoneShatter_5
081B1480	081C1AC8	76	exact	gTsa_StoneShatter_6
081B14CC	081C1B14	76	exact	gTsa_StoneShatter_7
081B1518	081C1B60	76	exact	gTsa_StoneShatter_8
081B1564	081C1BAC	76	exact	gTsa_StoneShatter_9
081B15B0	081C1BF8	76	exact	gTsa_StoneShatter_10
081B1694	081C1CDC	76	exact	gTsa_StoneShatter_13
081B16E0	081C1D28	408	exact	JapaneseTerrainNames
081F5154	0820579C	136	exact	NigtMarefxConf
081F523C	08205884	8	exact	gMapanimEventcall_0
081F5246	0820588E	26	exact	gMapanimEventcall_2
081F526C	082058B4	32	exact	gMapanimEventcall_5
081F52B0	082058F8	32	exact	gMapanimEventcall_13
081F52D0	08205918	32	exact	gMapanimEventcall_14
081F52F0	08205938	32	exact	gMapanimEventcall_15
081F5310	08205958	12	exact	gUnused_MapanimEventcall_0
081F53DC	08205A24	96	masked	sPage1TextInfo
081F55D4	08205BFC	24	exact	gLinkArenaBanList
081F56AC	08205CA4	8	exact	sConvySavePackMask1
081F56B4	08205CAC	8	exact	sConvySavePackMask2
081F56BC	08205CB4	200	exact	gInitialMultiArenaRankings
081F5C6C	08205FA0	272	masked	gWMNodeIconData
081F611C	08206450	58	exact	gWorldmapScreen2_0
081F6164	08206498	24	masked	gWorldmapCursor_0
081F6188	082064BC	24	exact	gWorldmapPath_0
081F61A0	082064D4	16	exact	gWorldmapPath_1
081F61B0	082064E4	16	exact	gWorldmapPath_2
081F61C0	082064F4	16	exact	gWorldmapPath_3
081F61D0	08206504	24	exact	gWorldmapPath_4
081F61E8	0820651C	24	exact	gWorldmapPath_5
081F6200	08206534	16	exact	gWorldmapPath_6
081F6210	08206544	32	exact	gWorldmapPath_7
081F6230	08206564	24	exact	gWorldmapPath_8
081F6248	0820657C	24	exact	gWorldmapPath_9
081F6260	08206594	24	exact	gWorldmapPath_10
081F6278	082065AC	24	exact	gWorldmapPath_11
081F6290	082065C4	24	exact	gWorldmapPath_12
081F62A8	082065DC	24	exact	gWorldmapPath_13
081F62C0	082065F4	16	exact	gWorldmapPath_14
081F62D0	08206604	40	exact	gWorldmapPath_15
081F62F8	0820662C	16	exact	gWorldmapPath_16
081F6308	0820663C	16	exact	gWorldmapPath_17
081F6318	0820664C	24	exact	gWorldmapPath_18
081F6330	08206664	16	exact	gWorldmapPath_19
081F6340	08206674	384	masked	gWMPathData
081F65C0	082068F4	8	exact	gWmSkirmish_PositionsA
081F6614	08206948	9	exact	gWMMonsterSpawnLocations
081F66A4	082069D8	11	exact	WmMonsterGenerateRatesIdx_EirikaMode
081F66AF	082069E3	11	exact	WmMonsterGenerateRatesIdx_EphraimMode
081F66BA	082069EE	90	exact	WmMonsterGenerateRates_EirikaMode
081F671D	08206A51	90	exact	WmMonsterGenerateRates_EphraimMode
081F67BC	08206AF0	96	masked	GfxSet_WmNationMap
081F683C	08206B70	20	exact	gWorldmapRadar_0
081F6C8C	08206FDC	8	exact	gEndingCredits_1
081F6C94	08206FE4	84	masked	gOpSubtitleGfxLut
081F6ED0	08207220	180	exact	gScaleTable
081F6F84	082072D4	48	exact	gFreqTable
081F6FB4	08207304	24	exact	gPcmSamplesPerVBlankTable
081F6FCC	0820731C	132	exact	gCgbScaleTable
081F7050	082073A0	24	exact	gCgbFreqTable
081F7068	082073B8	60	exact	gNoiseTable
081F70A4	082073F4	16	exact	gCgb3Vol
081F70B4	08207404	49	exact	gClockTable
08577378	085876C8	12	exact	AgbLibSramVersion
085773C4	08587710	16	exact	zeroes.13
08577480	085877D0	12	exact	p05.27
0857748C	085877DC	200	exact	__mprec_tens
08577554	085878A4	40	exact	__mprec_bigtens
0857757C	085878CC	40	exact	__mprec_tinytens
08577608	08587958	24	masked	sMusicProc1Script
08577648	08587998	64	masked	sMusicProc4Script
085776F0	08587A40	2048	exact	debug_font_4bpp
08577F34	08588284	24	masked	ProcScr_GreenTextColor
08577F4C	0858829C	512	exact	gFontgrp_3
0857814C	0858849C	512	exact	gFontgrp_4
0857834C	0858869C	512	exact	gFontgrp_5
0857854C	0858889C	512	exact	gFontgrp_6
0857874C	08588A9C	512	exact	gFontgrp_7
0857894C	08588C9C	512	exact	gFontgrp_8
08578B4C	08588E9C	512	exact	gFontgrp_9
08578D4C	0858909C	512	exact	gFontgrp_10
08578F4C	0858929C	512	exact	gFontgrp_11
0857914C	0858949C	512	exact	gFontgrp_12
0857934C	0858969C	512	exact	gFontgrp_13
0857954C	0858989C	512	exact	gFontgrp_14
0857974C	08589A9C	512	exact	gFontgrp_15
085B8CF4	08590F5C	8	exact	gObject_64x64
085B8CFC	08590F64	8	exact	gObject_8x16
085B8D04	08590F6C	8	exact	gObject_16x32
085B8D1C	08590F84	8	exact	gObject_16x8_VFlipped
085B8D24	08590F8C	8	exact	gObject_32x16
085B8D2C	08590F94	8	exact	gObject_64x32
085B8D34	08590F9C	8	exact	gObject_32x8
085B8D3C	08590FA4	8	exact	gObject_8x32
085B8D44	08590FAC	8	exact	gObject_32x8_VFlipped
085B8D4C	08590FB4	8	exact	gObject_8x16_HFlipped
085B8D54	08590FBC	8	exact	gObject_8x8_HFlipped
085B8D5C	08590FC4	8	exact	gObject_8x8_VFlipped
085B8D64	08590FCC	8	exact	gObject_8x8_HFlipped_VFlipped
085B8D6C	08590FD4	8	exact	gObject_16x16_VFlipped
085B8D84	08590FEC	32	exact	gDefaultFaceConfig
085B8DA4	0859100C	26	exact	gSprite_Face64x96
085B8DBE	08591026	26	exact	gSprite_Face64x96_Flipped
085B8DD8	08591040	38	exact	gSprite_Face96x96
085B8DFE	08591066	38	exact	gSprite_Face96x96_Flipped
085B8E24	0859108C	50	exact	gSprite_Face80x72
085B8E56	085910BE	50	exact	gSprite_Face80x72_Flipped
085B8E88	085910F0	50	exact	gSprite_Face96x72
085B8EBA	08591122	50	exact	gSprite_Face96x72_Flipped
085B8EEC	08591154	56	masked	gProcScr_E_FACE
085B8F24	0859118C	56	masked	gProcScr_E_FACE_ExtraFrame
085B8F5C	085911C4	18	exact	gFace_1
085B8F8E	085911F6	14	exact	Sprite_Face_1
085B8F9C	08591204	48	masked	gProcScr_Face_0
085B8FFC	08591264	160	masked	gProcScr_FaceBlink
085B909C	08591304	56	masked	gProcScr_Face_2
085B90D8	08591340	24	masked	gProcScr_TalkSkipListener
085B90F0	08591358	48	masked	gProcScr_Talk
085B9128	08591390	32	exact	FaceConfig_FightEvent
085B9168	085913D0	32	masked	gProcScr_TalkPause
085B9188	085913F0	40	masked	gProcScr_TalkWaitForInput
085B9208	08591470	32	masked	gProcScr_TalkShiftClearAll
085B9260	085914C8	40	masked	gProcScr_TalkShiftClear
085B9288	085914F0	48	masked	ProcScr_TalkSpriteShiftClear
085B92B8	08591520	16	exact	gTalkPauseDurations
085B92D8	08591540	48	masked	gProcScr_TalkOpen
085B9308	08591570	32	exact	gTalkFaceHPosLut
085B9328	08591590	26	exact	gSprite_TalkTextFront
085B9342	085915AA	74	exact	gSprite_TalkTextBack
085B93FC	08591664	40	masked	ProcScr_EventSpriteAnim
085B943C	085916A4	24	exact	sOamTileSizeLut
085B98A0	08591AC0	56	masked	ProcScr_StdEventEngine
085B98D8	08591AF8	48	masked	ProcScr_BattleEventEngine
085B9A24	08591C40	40	masked	ProcScr_SomeEventDeamon
085B9C3C	08591E58	88	masked	gEventscr_3
085B9D24	08591F40	36	exact	EventScr_RemoveBGIfNeeded
085B9D48	08591F64	36	exact	EventScr_Ch16A_13
085B9D6C	08591F88	20	exact	EventScr_DisplayBattleQuote
085B9D80	08591F9C	12	exact	EventScr_TriggerQueuedTileChanges
085B9D8C	08591FA8	48	exact	EventScr_OpenChest
085B9DBC	08591FD8	24	masked	EventScr_CommonPrep
085B9E3C	08592058	96	masked	EventScr_SkirmishRetreat
085B9E9C	085920B8	76	masked	EventScr_SuspendPrompt
085B9EE8	08592104	16	masked	EventScr_GameOver
085B9EF8	08592114	44	masked	EventScr_CutsceneExecEnd
085B9F24	08592140	48	exact	EventScr_CutsceneExecEnd_Sub0
085B9F54	08592170	60	exact	EventScr_CutsceneExecEnd_Sub1
085B9F90	085921AC	26	exact	Obj_EventShinningCursor
085B9FAC	085921C8	96	masked	ProcScr_Popup
085BA254	085924D8	32	masked	ProcScr_BrownTextBox
085BA2AC	08592530	56	masked	ProcScr_Popup_0
085BA2FC	08592580	80	masked	ProcScr_ShinningStonefx
085BA384	08592608	32	masked	gProcScr_StoneShatterEvent
085BA3A4	08592628	204	masked	BmBgxConf_StoneShatter
085BA470	085926F4	128	exact	item_icon_sword_slim
085BA4F0	08592774	128	exact	item_icon_sword_iron
085BA570	085927F4	128	exact	item_icon_sword_steel
085BA5F0	08592874	128	exact	item_icon_sword_silver
085BA670	085928F4	128	exact	item_icon_sword_blade_iron
085BA6F0	08592974	128	exact	item_icon_sword_blade_steel
085BA770	085929F4	128	exact	item_icon_sword_silver_blade
085BA7F0	08592A74	128	exact	item_icon_sword_venin
085BA870	08592AF4	128	exact	item_icon_sword_rapier
085BA8F0	08592B74	128	exact	item_icon_sword_mani_katti
085BA970	08592BF4	128	exact	item_icon_sword_brave
085BA9F0	08592C74	128	exact	item_icon_sword_wo_dao
085BAA70	08592CF4	128	exact	item_icon_sword_killing_edge
085BAAF0	08592D74	128	exact	item_icon_sword_armor_slayer
085BAB70	08592DF4	128	exact	item_icon_sword_wrymslayer
085BABF0	08592E74	128	exact	item_icon_sword_light_brand
085BAC70	08592EF4	128	exact	item_icon_sword_rune
085BACF0	08592F74	128	exact	item_icon_sword_lancereaver
085BAD70	08592FF4	128	exact	item_icon_sword_zanbato
085BADF0	08593074	128	exact	item_icon_lance_iron
085BAE70	085930F4	128	exact	item_icon_lance_slim
085BAEF0	08593174	128	exact	item_icon_lance_steel
085BAF70	085931F4	128	exact	item_icon_lance_silver
085BAFF0	08593274	128	exact	item_icon_lance_venin
085BB070	085932F4	128	exact	item_icon_lance_brave
085BB0F0	08593374	128	exact	item_icon_lance_killer
085BB170	085933F4	128	exact	item_icon_lance_horseslayer
085BB1F0	08593474	128	exact	item_icon_lance_javelin
085BB2F0	08593574	128	exact	item_icon_lance_axereaver
085BB370	085935F4	128	exact	item_icon_axe_iron
085BB3F0	08593674	128	exact	item_icon_axe_steel
085BB470	085936F4	128	exact	item_icon_axe_silver
085BB4F0	08593774	128	exact	item_icon_axe_venin
085BB570	085937F4	128	exact	item_icon_axe_brave
085BB5F0	08593874	128	exact	item_icon_axe_killer
085BB670	085938F4	128	exact	item_icon_axe_halberd
085BB6F0	08593974	128	exact	item_icon_axe_hammer
085BB770	085939F4	128	exact	item_icon_axe_devil
085BB7F0	08593A74	128	exact	item_icon_axe_hand
085BB870	08593AF4	128	exact	item_icon_axe_tomahawk
085BB8F0	08593B74	128	exact	item_icon_axe_swordreaver
085BB970	08593BF4	128	exact	item_icon_axe_swordslayer
085BB9F0	08593C74	128	exact	item_icon_bow_iron
085BBA70	08593CF4	128	exact	item_icon_bow_steel
085BBAF0	08593D74	128	exact	item_icon_bow_silver
085BBB70	08593DF4	128	exact	item_icon_bow_poison
085BBBF0	08593E74	128	exact	item_icon_bow_killer
085BBC70	08593EF4	128	exact	item_icon_bow_brave
085BBCF0	08593F74	128	exact	item_icon_bow_short
085BBD70	08593FF4	128	exact	item_icon_bow_long
085BBDF0	08594074	128	exact	item_icon_ballista_regular
085BBE70	085940F4	128	exact	item_icon_ballista_long
085BBEF0	08594174	128	exact	item_icon_ballista_killer
085BBF70	085941F4	128	exact	item_icon_anima_fire
085BBFF0	08594274	128	exact	item_icon_anima_thunder
085BC070	085942F4	128	exact	item_icon_anima_elfire
085BC0F0	08594374	128	exact	item_icon_anima_bolting
085BC170	085943F4	128	exact	item_icon_anima_fimbulvetr
085BC1F0	08594474	128	exact	item_icon_anima_forblaze
085BC270	085944F4	128	exact	item_icon_anima_excalibur
085BC2F0	08594574	128	exact	item_icon_light_lightning
085BC370	085945F4	128	exact	item_icon_light_shine
085BC3F0	08594674	128	exact	item_icon_light_divine
085BC470	085946F4	128	exact	item_icon_light_purge
085BC4F0	08594774	128	exact	item_icon_light_aura
085BC570	085947F4	128	exact	item_icon_light_luce
085BC5F0	08594874	128	exact	item_icon_dark_flux
085BC670	085948F4	128	exact	item_icon_dark_luna
085BC6F0	08594974	128	exact	item_icon_dark_nosferatu
085BC770	085949F4	128	exact	item_icon_dark_eclipse
085BC7F0	08594A74	128	exact	item_icon_dark_fenrir
085BC870	08594AF4	128	exact	item_icon_dark_gespenst
085BC8F0	08594B74	128	exact	item_icon_staff_heal
085BC970	08594BF4	128	exact	item_icon_staff_mend
085BC9F0	08594C74	128	exact	item_icon_staff_recover
085BCA70	08594CF4	128	exact	item_icon_staff_physic
085BCAF0	08594D74	128	exact	item_icon_staff_fortify
085BCB70	08594DF4	128	exact	item_icon_staff_restore
085BCBF0	08594E74	128	exact	item_icon_staff_silence
085BCC70	08594EF4	128	exact	item_icon_staff_sleep
085BCCF0	08594F74	128	exact	item_icon_staff_berserk
085BCD70	08594FF4	128	exact	item_icon_staff_warp
085BCDF0	08595074	128	exact	item_icon_staff_rescue
085BCE70	085950F4	128	exact	item_icon_staff_torch
085BCEF0	08595174	128	exact	item_icon_staff_hammerne
085BCF70	085951F4	128	exact	item_icon_staff_unlock
085BCFF0	08595274	128	exact	item_icon_staff_barrior
085BD070	085952F4	128	exact	item_icon_axe_dragon
085BD0F0	08595374	128	exact	item_icon_angelic_robe
085BD170	085953F4	128	exact	item_icon_energy_ring
085BD1F0	08595474	128	exact	item_icon_secret_book
085BD270	085954F4	128	exact	item_icon_speedwings
085BD2F0	08595574	128	exact	item_icon_goddess_icon
085BD370	085955F4	128	exact	item_icon_dragonshield
085BD3F0	08595674	128	exact	item_icon_talisman
085BD470	085956F4	128	exact	item_icon_swiftsole
085BD4F0	08595774	128	exact	item_icon_body_ring
085BD570	085957F4	128	exact	item_icon_hero_crest
085BD5F0	08595874	128	exact	item_icon_knights_crest
085BD670	085958F4	128	exact	item_icon_orions_bolt
085BD6F0	08595974	128	exact	item_icon_elysian_whip
085BD770	085959F4	128	exact	item_icon_guiding_ring
085BD870	08595AF4	128	exact	item_icon_door_key
085BD8F0	08595B74	128	exact	item_icon_lockpick
085BD970	08595BF4	128	exact	item_icon_vulnerary
085BD9F0	08595C74	128	exact	item_icon_elixir
085BDA70	08595CF4	128	exact	item_icon_pure_water
085BDAF0	08595D74	128	exact	item_icon_antitoxin
085BDB70	08595DF4	128	exact	item_icon_torch
085BDBF0	08595E74	128	exact	item_icon_delphi_shield
085BDC70	08595EF4	128	exact	item_icon_inventory_category_sword
085BDCF0	08595F74	128	exact	item_icon_inventory_category_lance
085BDD70	08595FF4	128	exact	item_icon_inventory_category_axe
085BDDF0	08596074	128	exact	item_icon_inventory_category_bow
085BDE70	085960F4	128	exact	item_icon_inventory_category_staff
085BDEF0	08596174	128	exact	item_icon_inventory_category_magic_anima
085BDF70	085961F4	128	exact	item_icon_inventory_category_magic_light
085BDFF0	08596274	128	exact	item_icon_inventory_category_magic_dark
085BE070	085962F4	128	exact	item_icon_sword_seiglinde
085BE0F0	08596374	128	exact	item_icon_wretched_air
085BE170	085963F4	128	exact	item_icon_affinity_fire
085BE1F0	08596474	128	exact	item_icon_affinity_thunder
085BE270	085964F4	128	exact	item_icon_affinity_wind
085BE2F0	08596574	128	exact	item_icon_affinity_ice
085BE370	085965F4	128	exact	item_icon_affinity_dark
085BE3F0	08596674	128	exact	item_icon_affinity_light
085BE470	085966F4	128	exact	item_icon_affinity_anima
085BE4F0	08596774	128	exact	item_icon_icon_horse
085BE570	085967F4	128	exact	item_icon_icon_pegasus
085BE5F0	08596874	128	exact	item_icon_icon_wyvern
085BE670	085968F4	128	exact	item_icon_member_card
085BE6F0	08596974	128	exact	item_icon_silver_card
085BE770	085969F4	128	exact	item_icon_white_gem
085BE7F0	08596A74	128	exact	item_icon_blue_gem
085BE870	08596AF4	128	exact	item_icon_red_gem
085BE8F0	08596B74	128	exact	item_icon_gold
085BEA70	08596CF4	128	exact	item_icon_mine
085BEAF0	08596D74	128	exact	item_icon_lightrune
085BEB70	08596DF4	128	exact	item_icon_iron_rune
085BEBF0	08596E74	128	exact	item_icon_fillas_might
085BEC70	08596EF4	128	exact	item_icon_ninis_grace
085BECF0	08596F74	128	exact	item_icon_thors_ire
085BED70	08596FF4	128	exact	item_icon_sets_litany
085BEDF0	08597074	128	exact	item_icon_sword_shadowkiller
085BEE70	085970F4	128	exact	item_icon_lance_brightlance
085BEEF0	08597174	128	exact	item_icon_axe_fiendcleaver
085BEF70	085971F4	128	exact	item_icon_bow_beacon
085BEFF0	08597274	128	exact	item_icon_sword_durandal
085BF070	085972F4	128	exact	item_icon_axe_armads
085BF0F0	08597374	128	exact	item_icon_light_aureola
085BF170	085973F4	128	exact	item_icon_earth_seal
085BF1F0	08597474	128	exact	item_icon_afas_drop
085BF270	085974F4	128	exact	item_icon_heaven_seal
085BF2F0	08597574	128	exact	item_icon_emblem_seal
085BF370	085975F4	128	exact	item_icon_fell_contract
085BF3F0	08597674	128	exact	item_icon_sword_sol_katti
085BF470	085976F4	128	exact	item_icon_axe_wolf_beil
085BF4F0	08597774	128	exact	item_icon_dark_ereshkigal
085BF570	085977F4	128	exact	item_icon_firestone
085BF5F0	08597874	128	exact	item_icon_sword_regal_blade
085BF670	085978F4	128	exact	item_icon_lance_rex_hasta
085BF6F0	08597974	128	exact	item_icon_axe_basilikos
085BF770	085979F4	128	exact	item_icon_bow_rienfleche
085BF7F0	08597A74	128	exact	item_icon_lance_heavy_spear
085BF870	08597AF4	128	exact	item_icon_lance_short_spear
085BF8F0	08597B74	128	exact	item_icon_ocean_seal
085BF970	08597BF4	128	exact	item_icon_sword_wind_sword
085BF9F0	08597C74	128	exact	item_icon_music_note_green
085BFA70	08597CF4	128	exact	item_icon_music_note_red
085BFC70	08597EF4	128	exact	item_icon_sword_sieglinde
085BFCF0	08597F74	128	exact	item_icon_sword_audhulma
085BFD70	08597FF4	128	exact	item_icon_sword_shamsir
085BFDF0	08598074	128	exact	item_icon_lance_reginleif
085BFE70	085980F4	128	exact	item_icon_lance_siegmund
085BFEF0	08598174	128	exact	item_icon_lance_vidofnir
085BFF70	085981F4	128	exact	item_icon_spear_dragon
085BFFF0	08598274	128	exact	item_icon_axe_garm
085C0070	085982F4	128	exact	item_icon_axe_battleaxe
085C00F0	08598374	128	exact	item_icon_axe_hatchet
085C0170	085983F4	128	exact	item_icon_bow_nidhogg
085C01F0	08598474	128	exact	item_icon_light_ivaldi
085C0270	085984F4	128	exact	item_icon_dark_gleipnir
085C02F0	08598574	128	exact	item_icon_dark_naglfar
085C0370	085985F4	128	exact	item_icon_evil_eye
085C03F0	08598674	128	exact	item_icon_crimson_eye
085C0470	085986F4	128	exact	item_icon_stone
085C04F0	08598774	128	exact	item_icon_demon_surge
085C0570	085987F4	128	exact	item_icon_shadowshot
085C05F0	08598874	128	exact	item_icon_staff_latona
085C0670	085988F4	128	exact	item_icon_dragonstone
085C06F0	08598974	128	exact	item_icon_demon_light
085C0770	085989F4	128	exact	item_icon_ravager
085C07F0	08598A74	128	exact	item_icon_nightmare
085C0870	08598AF4	128	exact	item_icon_black_gem
085C08F0	08598B74	128	exact	item_icon_gold_gem
085C0C70	08598EF4	128	exact	item_icon_sharp_claw
085C0CF0	08598F74	128	exact	item_icon_rotten_claw
085C0D70	08598FF4	128	exact	item_icon_fetid_claw
085C0DF0	08599074	128	exact	item_icon_poison_claw
085C0E70	085990F4	128	exact	item_icon_lethal_talon
085C0EF0	08599174	128	exact	item_icon_fiery_fang
085C0F70	085991F4	128	exact	item_icon_hellfang
085C0FF0	08599274	128	exact	item_icon_solar_brace
085C1070	085992F4	128	exact	item_icon_lunar_brace
085C10F0	08599374	128	exact	item_icon_master_seal
085C1170	085993F4	128	exact	item_icon_fili_shield
085C11F0	08599474	128	exact	item_icon_hoplon_guard
085C1270	085994F4	128	exact	item_icon_metiss_tome
085C12F0	08599574	128	exact	item_icon_unk
085C1470	085996F4	64	exact	item_icon_palette
085C14B0	08599734	512	exact	gGenericIcon_0
085C16B0	08599934	512	exact	gGenericIcon_1
085C18B0	08599B34	512	exact	gGenericIcon_2
085C1AB0	08599D34	512	exact	gGenericIcon_3
085C1CB0	08599F34	32	exact	gGenericIcon_4
085C1CD0	08599F54	32	exact	gGenericIcon_5
085C1CF0	08599F74	64	exact	gGenericIcon_6
085C2528	0859A0A4	48	masked	ProcScr_FadeCore
085C2600	0859A180	32	exact	Pal_AllGreen
085C2620	0859A1A0	32	exact	Pal_AllBlue
085C2640	0859A1C0	32	exact	Pal_AllYellow
085C2670	0859A1F0	584	masked	gProc_BMapMain
085C28B8	0859A438	32	exact	sDirKeysToOffsetLut
085C28D8	0859A458	26	exact	sSprite_MapCursorA
085C28F2	0859A472	26	exact	sSprite_MapCursorB
085C290C	0859A48C	26	exact	sSprite_MapCursorC
085C2926	0859A4A6	26	exact	sSprite_MapCursorStretched
085C2980	0859A500	8	exact	sSprite_SysUpArrowA
085C2988	0859A508	8	exact	sSprite_SysUpArrowB
085C2990	0859A510	8	exact	sSprite_SysUpArrowC
085C2998	0859A518	8	exact	sSprite_SysDownArrowA
085C29A0	0859A520	8	exact	sSprite_SysDownArrowB
085C29A8	0859A528	8	exact	sSprite_SysDownArrowC
085C2E58	0859A9D8	20	exact	gBmdebug_0
085C2E6C	0859A9EC	112	masked	gProcScr_Bmdebug_0
085C2F1C	0859AA9C	60	exact	gChapterIdOrderedList
085C2F58	0859AAD8	528	masked	gProcScr_PlayerPhase
085C3168	0859ACE8	32	masked	gProcScr_Playerphase_0
085C31A8	0859AD28	40	masked	sProcScr_MoveLimitViewChange
085C31D0	0859AD50	56	masked	sProcScr_MoveLimitView
085C3248	0859ADC8	56	masked	sProcScr_BMXFADE
085C3298	0859AE18	32	masked	gProcScr_ADJUSTSFROMXI
085C32B8	0859AE38	80	masked	gProcCmd_ConvoyMenu
085C3348	0859AEC8	32	exact	obj_Phasechangefx_0
085C3378	0859AEF8	72	masked	gProcScr_PhaseIntroText
085C3400	0859AF80	72	masked	ProcScr_PhaseIntro
085C3488	0859B008	64	masked	ProcScr_UnkTrapAnim
085C34C8	0859B048	40	masked	ProcScr_ArrowTrapAnim
085C34F0	0859B070	48	masked	ProcScr_ShowMapChangeAnim
085C35A0	0859B120	18	exact	gChapterIntroLightXLerpLut
085C35B2	0859B132	18	exact	gChapterIntroLightYLerpLut
085C35C4	0859B144	26	exact	Sprite_ChapterIntro_DecalBanner
085C35E0	0859B160	32	masked	ProcScr_ChapterIntro_PutDecalSprite
085C3630	0859B1B0	360	masked	gProcScr_ChapterIntro
085C37D8	0859B358	88	masked	ProcScr_GameOverScreen
085C3890	0859B410	56	masked	ProcScr_DanceringAnim
085C38C8	0859B448	68	exact	Vectors_EventWarp1
085C390C	0859B48C	68	exact	Vectors_EventWarp2
085C39E8	0859B540	32	exact	Img_EmitedStar
085C3A40	0859B560	24	masked	ProcScr_MineFx
085C3A58	0859B578	136	masked	gProcScr_ChapterIntroTitleOnly
085C3AE0	0859B600	48	masked	gProcScr_BackToUnitMenu
085C3B10	0859B630	56	masked	gProcScr_Bmmenu_0
085C3B4C	0859B66C	16	exact	gSomeSMSLookupTable_0
085C3B5C	0859B67C	192	exact	sSlotToChrLut
085C3C1C	0859B73C	128	exact	gBmudisp_0
085C3C9C	0859B7BC	8	exact	sSprite_SleepIconA
085C3CA4	0859B7C4	8	exact	sSprite_SleepIconB
085C3CAC	0859B7CC	8	exact	sSprite_SleepIconC
085C3CB4	0859B7D4	8	exact	sSprite_SleepIconD
085C3CBC	0859B7DC	8	exact	sSprite_SleepIconE
085C3CC4	0859B7E4	8	exact	sSprite_SleepIconF
085C3CCC	0859B7EC	8	exact	sSprite_SleepIconG
085C3CF0	0859B810	8	exact	sSprite_BerserkIconA
085C3D08	0859B828	8	exact	sSprite_BerserkIconD
085C3D10	0859B830	8	exact	sSprite_BerserkIconE
085C3D20	0859B840	8	exact	sSprite_BerserkIconG
085C3D30	0859B850	8	exact	sSprite_BerserkIconI
085C3D5E	0859B87E	8	exact	sSprite_SilenceIconA
085C3D66	0859B886	8	exact	sSprite_SilenceIconB
085C3D6E	0859B88E	8	exact	sSprite_SilenceIconC
085C3DC0	0859B8E0	14	exact	sSprite_PoisonIconA
085C3DCE	0859B8EE	14	exact	sSprite_PoisonIconB
085C3DDC	0859B8FC	14	exact	sSprite_PoisonIconC
085C3DEA	0859B90A	14	exact	sSprite_PoisonIconD
085C3DF8	0859B918	8	exact	sSprite_PoisonIconE
085C3E00	0859B920	8	exact	sSprite_PoisonIconF
085C3E08	0859B928	8	exact	sSprite_PoisonIconG
085C3E10	0859B930	8	exact	sSprite_PoisonIconH
085C3E48	0859B968	14	exact	sSprite_Bmudisp_0
085C3E5E	0859B97E	8	exact	sSprite_16x32_Blend
085C3E6E	0859B98E	8	exact	sSprite_16x16_Window
085C3E76	0859B996	8	exact	sSprite_16x32_Window
085C3E7E	0859B99E	8	exact	sSprite_32x32_Window
085C3E88	0859B9A8	16	exact	sSupportMaxExpLookup
085C3E98	0859B9B8	128	masked	gProcScr_SquareSelectWarp
085C3F18	0859BA38	88	masked	gProcScr_SquareSelectTorch
085C3F70	0859BA90	52	exact	sWeaponTriangleRules
085C3FBC	0859BADC	40	exact	gTradeItemDisplayTileLocation
085C3FFC	0859BB1C	184	masked	ProcScr_TradeMenu
085C411C	0859BC3C	40	masked	ProcScr_TradeMenu_TutorialEventLock
085C4144	0859BC64	68	masked	EventScr_TradeTutStart
085C4220	0859BD40	96	masked	EventScr_TradeTutDone
085C4280	0859BDA0	80	masked	gProcScr_UpdateTraps
085C42D0	0859BDF0	32	masked	ProcScr_PostWarpStaffAction
085C43F8	0859BF18	108	masked	gDebugChargeMenuItems
085C4680	0859C1A0	216	masked	gItemUseMenuItems
085C4758	0859C278	216	masked	gStealItemMenuItems
085C4830	0859C350	252	masked	gConvoyMenuItems
085C492C	0859C44C	252	masked	gSendToConvoyMenuItems
085C4B48	0859C668	252	masked	gItemMenuItems
085C4C44	0859C764	216	masked	gStaffItemSelectMenuItems
085C4D1C	0859C83C	216	masked	gItemSelectMenuItems
085C4DF4	0859C914	72	masked	gBallistaRangeMenuItems
085C4E3C	0859C95C	216	masked	gWeaponSelectMenuItems
085C5490	0859CFB0	36	masked	gDebugClearMenuDef
085C54B4	0859CFD4	36	masked	gDebugChargeMenuDef
085C54B4	0859D01C	36	masked	gDebugChuudanMenuDef
085C54D8	0859CFF8	36	masked	gDebugContinueMenuDef
085C5544	0859D064	36	masked	gMenuInfo_RepairItems
085C5568	0859D088	36	masked	gStealItemMenuDef
085C55D4	0859D0F4	36	masked	gYesNoSelectionMenuDef
085C56D0	0859D1F0	36	masked	gUnitActionMenuDef
085C5D98	0859D8B8	80	masked	sProc_BMVSync
085C5DE8	0859D908	80	masked	gProc_MapTask
085C5E38	0859D958	8	exact	sObj_RainParticle1
085C5E40	0859D960	8	exact	sObj_RainParticle2
085C5E54	0859D974	110	exact	sObj_BackgroundClouds
085C5EDC	0859D9FC	38	exact	gClassList_MeleeArena
085C5F02	0859DA22	40	exact	gClassList_MagicArena
085C5F2A	0859DA4A	9	exact	gClassList_BowArena
085C5F33	0859DA53	23	exact	gClassList_UnusedArena
085C5F4C	0859DA6C	40	masked	sProcScr_AfterDropAction
085C5F9C	0859DABC	104	masked	sProcScr_CombatAction
085C6004	0859DB24	72	masked	sProcScr_ArenaAction
085C604C	0859DB6C	50	exact	gPathArrowOAMTable
085C6668	0859E188	40	masked	gProcScr_SubtitleHelpDarkener
085C6698	0859E1B8	56	masked	gProcScr_SubtitleHelp
085C6718	0859E1F0	88	masked	gProcScr_Unused_KillAllRedUnits
085C67A8	0859E280	48	masked	sProcScr_StatusHealEffect_BlendAnim
085C67F8	0859E2D0	56	masked	sProcScr_StatusHealEffect
085C6830	0859E308	96	masked	gProcScr_TerrainHealDisplay
085C6960	0859E438	88	masked	gProcScr_StatusDecayDisplay
085C69B8	0859E490	104	masked	gProcScr_TrapDamageDisplay
085C6A48	0859E520	128	masked	gProcScr_BKSEL
085C6B74	0859E64C	160	masked	sProcScr_DisplayDungeonRecord_FromMenu
085C6C14	0859E6EC	176	masked	sProcScr_DisplayDungeonRecord_AfterDungeonClear
085C6CC4	0859E79C	44	exact	obj_0
085C6CF0	0859E7C8	12	exact	gBmdifficulty_7
085C6CFC	0859E7D4	48	exact	gBmdifficulty_8
085C6D2C	0859E804	40	masked	sProcScr_DungeonRecord_UpdateValue
085C6D54	0859E82C	12	exact	gBmdifficulty_9
085C6D60	0859E838	40	exact	gBmdifficulty_10
085C6D88	0859E860	128	masked	sProcScr_DungeonRecord_UpdateNewRecordValues
085C7290	0859ED70	64	exact	gPal_MiscUiGraphics
085C72D0	0859EDB0	60	exact	gImg_UiCursorHandTop
085C730C	0859EDEC	52	exact	gImg_UiCursorHandBottom
085C7340	0859EE20	32	exact	gPal_MapSprite
085C7360	0859EE40	32	exact	unit_icon_pal_enemy
085C7380	0859EE60	32	exact	unit_icon_pal_npc
085C73A0	0859EE80	32	exact	unit_icon_pal_after_action
085C73C0	0859EEA0	32	exact	gPal_MapSpriteArena
085C73E0	0859EEC0	32	exact	gPal_LightRune
085C7400	0859EEE0	32	exact	gPal_MapSpriteSepia
085C7420	0859EF00	32	exact	Pal_Text
085C7440	0859EF20	32	exact	Pal_TalkText
085C7460	0859EF40	32	exact	Pal_HelpBox
085C7480	0859EF60	32	exact	gPal_HelpTextBox
085C74A0	0859EF80	64	exact	gPal_YellowTextBox
085C74E0	0859EFC0	32	exact	Pal_GreenTextColors
085C7500	0859EFE0	32	exact	Pal_Text_Inverted
085C7520	0859F000	32	exact	Pal_TalkBubble_Inverted
085C7540	0859F020	984	exact	Img_PhaseChangeUnk
085C7918	0859F3F8	1588	exact	Img_PhaseChangePlayer
085C7F4C	0859FA2C	32	exact	Pal_PhaseChangePlayer
085C7F6C	0859FA4C	1564	exact	Img_PhaseChangeEnemy
085C8588	085A0068	32	exact	Pal_PhaseChangeEnemy
085C85A8	085A0088	1552	exact	Img_PhaseChangeOther
085C8BB8	085A0698	32	exact	Pal_PhaseChangeOther
085C8BF8	085A06D8	352	exact	Img_PhaseChangeSquares
085C8D58	085A0838	184	exact	gBattleForecast_0
085C8E10	085A08F0	184	exact	gBattleForecast_1
085C8EC8	085A09A8	324	exact	gTSA_BattleForecastStandard
085C900C	085A0AEC	404	exact	gTSA_BattleForecastExtended
085C91A0	085A0C80	172	exact	gBattleForecast_x2x4Gfx
085C924C	085A0D2C	32	exact	gBattleForecast_x2x4Pal
085C926C	085A0D4C	340	exact	gBattleForecast_2
085C9518	085A0FF8	676	exact	SpriteAnim_GasTrapVertical
085C97BC	085A129C	628	exact	SpriteAnim_GasTrapHorizontal
085C9A30	085A1510	1512	exact	Img_GasTrapVertical
085CA018	085A1AF8	1396	exact	Img_GasTrapHorizontal
085CA58C	085A206C	32	exact	Pal_GasTrap
085CA5AC	085A208C	32	exact	Pal_ArrowTrap
085CA5CC	085A20AC	728	exact	Img_ArrowTrap
085CAE60	085A2940	1180	exact	Img_FireTrap
085CB2FC	085A2DDC	32	exact	Pal_FireTrap
085CB31C	085A2DFC	1684	exact	SpriteAnim_FireTrap
085CB9B0	085A3490	32	exact	Pal_FireTrap2
085CB9D0	085A34B0	640	exact	Img_PikeTrap
085CBC50	085A3730	532	exact	SpriteAnim_PikeTrap
085CBE64	085A3944	32	exact	Pal_PikeTrap
085CBE84	085A3964	136	exact	gParticlesFx_0
085CBF0C	085A39EC	152	exact	gParticlesFx_1
085CBFE4	085A3AC0	64	exact	gParticlesFx_3
085CC024	085A3B00	1308	exact	gParticlesFx_4
085CC540	085A401C	32	exact	gParticlesFx_5
085CC560	085A403C	5924	exact	Img_LightRune
085CDC84	085A5760	32	exact	Pal_LightRune
085CDCA4	085A5780	736	exact	Tsa_LightRune
085CF274	085A5A60	1864	exact	Img_EventWarp
085CF9BC	085A61A8	32	exact	Pal_EventWarp
085CF9DC	085A61C8	452	exact	Tsa_EventWarp
085CFBA0	085A638C	176	exact	gParticlesFx_6
085CFC50	085A643C	64	exact	gParticlesFx_7
085CFC90	085A647C	2052	exact	Tsa_PlayerRankFog
085D0494	085A6C80	3556	exact	Img_DanceringFx
085D1278	085A7A64	572	exact	Tsa_DanceringFx
085D14B4	085A7CA0	32	exact	Pal_DanceringFx
085D1BC8	085A7CC0	372	exact	Img_MineFx
085D1DF0	085A7EE8	32	exact	Pal_EventCursorShinning
085D1ED4	085A7FCC	56	masked	gProcScr_CpDecide
085D1F0C	085A8004	32	masked	gProcScr_AiTargetCursor
085D1F2C	085A8024	128	masked	gProcScr_CpPerform
085D2298	085A8390	20	exact	gAI3HealingThresholdTable
085D22AC	085A83A4	82	exact	gAiStealPriorityItemList
085D230C	085A8404	11	exact	gCpData_32
085D2338	085A8430	32	exact	gAiScript_CpData_0
085D2358	085A8450	48	exact	AiScr_AiB_MoveToEnemyAfterOneTurn
085D2388	085A8480	48	exact	AiScr_AiB_PillageThenPursueAfterOneTurn
085D2418	085A8510	48	exact	AiScr_AiB_PillageThenPursue
085D2448	085A8540	48	exact	AiScr_AiB_PillageThenEscape
085D2478	085A8570	32	exact	gAiScript_Escape
085D2498	085A8590	64	exact	gAiScript_CpData_1
085D24D8	085A85D0	80	masked	gAiScript_CpData_2
085D2598	085A8690	112	masked	AiScr_AiB_MoveTwiceToEnemy_IgnoreChar_Unused1
085D2608	085A8700	144	masked	AiScr_AiB_MoveTwiceToEnemy_IgnoreChar_Unused2
085D2698	085A8790	32	exact	gAiScript_CpData_3
085D2798	085A8890	32	exact	gAiScript_ActionInRange_80Perc
085D27B8	085A88B0	32	exact	gAiScript_ActionInRange_50Perc
085D27F8	085A88F0	32	exact	gAiScript_ActionStanding_80Perc
085D2818	085A8910	32	exact	gAiScript_ActionStanding_50Perc
085D2838	085A8930	32	exact	gAiScript_DoNothing
085D2858	085A8950	112	masked	gAiScript_CpData_7
085D2984	085A8A7C	192	masked	gAiScript_CpData_12
085D2AA8	085A8BA0	64	masked	gAiScript_CpData_15
085D2B08	085A8C00	112	masked	gAiScript_CpData_17
085D2B78	085A8C70	112	masked	gAiScript_CpData_18
085D2C08	085A8D00	128	masked	gAiScript_CpData_20
085D2C88	085A8D80	128	masked	gAiScript_CpData_21
085D2D08	085A8E00	176	masked	gAiScript_CpData_22
085D2DB8	085A8EB0	176	masked	gAiScript_CpData_23
085D2E68	085A8F60	48	masked	gAiScript_CpData_24
085D2EB8	085A8FB0	48	masked	gAiScript_CpData_26
085D2EE8	085A8FE0	96	masked	gAiScript_CpData_27
085D2F68	085A9060	96	masked	gAiScript_AttackWallsSnags
085D30F8	085A91F0	100	exact	sFriendZoneRangeScoreLut
085D31C4	085A92BC	32	exact	sAiAdjacentPositionLut
085D3234	085A932C	40	masked	ProcScr_SIOCON
085D325C	085A9354	40	masked	ProcScr_SIOVSYNC
085D3284	085A937C	32	masked	ProcScr_SIOMAIN
085D33B4	085A94AC	360	masked	ProcScr_SioTeamList
085D351C	085A9614	192	masked	ProcScr_TacticianNameSelection
085D367C	085A9774	40	masked	ProcScr_SioPostBattle_PlayMusic
085D36A4	085A979C	200	masked	ProcScr_SIOPRA
085D3790	085A9888	792	masked	ProcScr_SIOBAT
085D3AA8	085A9BA0	408	masked	ProcScr_SIOTERM
085D3C40	085A9D38	96	masked	ProcScr_SIORESULT
085D3CA0	085A9D98	96	masked	ProcScr_SIORESULT_NewHighScore
085D3D90	085A9E88	192	masked	ProcScr_SIOMENU
085D3E50	085A9F48	80	masked	EventScr_EraseSaveInfo
085D3EA0	085A9F98	8	exact	Sprite_SioPoints_0
085D4128	085AA084	32	exact	gSioPoints_5
085D4148	085AA0A4	38	exact	gSioPoints_6
085D416E	085AA0CA	38	exact	gSioPoints_7
085D4194	085AA0F0	64	masked	ProcScr_LinkArena_PointsNumberMover
085D4200	085AA15C	80	exact	gSioBattlemap_2
085D4250	085AA1AC	80	masked	gSioBattlemap_3
085D42F0	085AA24C	32	masked	ProcScr_DrawLinkArenaFogPlaceholders
085D4310	085AA26C	72	masked	ProcScr_LASurrender_HandleUnitDeaths
085D43A0	085AA2FC	464	masked	gSioBattlemap_6
085D4570	085AA4CC	240	masked	gSioBattlemap_7
085D4660	085AA5BC	256	masked	gSioBattlemap_8
085D4760	085AA6BC	160	masked	ProcScr_SIOMAIN2
085D4800	085AA75C	88	masked	gSioBat_0
085D4910	085AA86C	48	masked	ProcScr_SIOWARP
085D4940	085AA89C	120	masked	ProcScr_SIOWARPFX
085D49B8	085AA914	64	masked	ProcScr_SioWarpFxPartial
085D4A10	085AA96C	20	exact	Sprite_LinkArena_MenuTitle
085D4A7C	085AA9D8	14	exact	Sprite_LinkArena_TeamName
085D4A8A	085AA9E6	20	exact	Sprite_SioUiutils_3
085D4A9E	085AA9FA	20	exact	Sprite_SioUiutils_4
085D4AB2	085AAA0E	56	exact	gSioUiutils_2
085D4AF4	085AAA50	14	exact	Sprite_LinkArena_NameBanner
085D4B02	085AAA5E	26	exact	gSioUiutils_4
085D4BD4	085AAB30	8	exact	Sprite_LAMenuScrollBar_UpArrow
085D4BDC	085AAB38	8	exact	Sprite_LAMenuScrollBar_DownArrow
085D4BE4	085AAB40	8	exact	Sprite_LinkArenaMenuScrollBar
085D4C0C	085AAB68	80	masked	ProcScr_LinkArenaPhaseIntro
085D4C94	085AABF0	108	masked	MenuItems_SioMenudef_0
085D4D00	085AAC5C	216	masked	MenuItems_SioMenudef_1
085D4E20	085AAD7C	36	masked	gSioMenudef_0
085D4E44	085AADA0	36	masked	gSioMenudef_1
085D4E68	085AADC4	36	masked	gSioMenudef_2
085D4E8C	085AADE8	36	masked	gSioMenudef_3
085D4EB0	085AAE0C	1356	exact	gUnkData_5
085D68B4	085AC604	984	exact	gUnkData_6
085D6C8C	085AC9DC	836	exact	Img_LinkArenaRankIcons
085D6FD0	085ACD20	476	exact	Img_LinkArenaActiveBannerFx
085D71AC	085ACEFC	464	exact	gUnkData_7
085D7C6C	085AD9CC	108	exact	Img_LinkArena_FogUnitPlaceholder
085D7CD8	085ADA38	432	exact	Img_LinkArenaPlayerBanners
085D7E88	085ADBE8	96	exact	Pal_LinkArenaMenu
085D7EE8	085ADC48	128	exact	Pal_TacticianSelObj
085D7F68	085ADCC8	224	exact	Pal_LinkArenaRankIcons
085D8068	085ADDC8	32	exact	Pal_LinkArenaPlacementRanks
085D8088	085ADDE8	32	exact	gUnkData_10
085D80A8	085ADE08	32	exact	Pal_LinkArenaActiveBannerFx
085D80C8	085ADE28	32	exact	gUnkData_11
085D80E8	085ADE48	32	exact	gUnkData_12
085D8108	085ADE68	32	exact	Pal_UnkData_0
085D8128	085ADE88	184	exact	gUnkData_13
085D81E0	085ADF40	592	exact	gUnkData_14
085D8430	085AE190	724	exact	Tsa_UnkData_0
085D8704	085AE464	788	exact	Tsa_SioResultRankings
085D8A18	085AE778	116	exact	gUnkData_15
085D92D0	085AF0F0	32	exact	gUnkData_21
085D92F0	085AF110	32	exact	gUnkData_22
085D9310	085AF130	32	exact	gUnkData_23
085D9330	085AF150	32	exact	gUnkData_24
085D9350	085AF170	5804	exact	Img_LinkArenaPostBattleBg
085DA9FC	085B081C	128	exact	Pal_LinkArenaPostBattleBg
085DAA7C	085B089C	1356	exact	Tsa_LinkArenaPostBattleBg
085DAFC8	085B0DE8	324	exact	gUnkData_25
085E06B0	085B64D0	64	masked	sProc_Menu
085E073C	085B655C	48	masked	gProcScr_TargetSelection
085E076C	085B658C	52	exact	gNearTargetLinkOrder
085E07A0	085B65C0	1524	exact	gUiFrameImage
085E0DF4	085B6C14	160	exact	gUiFramePaletteD
085E0E94	085B6CB4	2220	exact	gLegacyUiFrameAImage
085E1740	085B7560	32	exact	gLegacyUiFrameAPalette
085E1780	085B75A0	2228	exact	gLegacyUiFrameBImage
085E2034	085B7E54	32	exact	gLegacyUiFrameBPalette
085E2054	085B7E74	32	exact	gUiBarPaletteB
085E2074	085B7E94	2176	exact	gLegacyUiFrameCImage
085E28F4	085B8714	32	exact	gLegacyUiFrameCPalette
085E2914	085B8734	32	exact	gUiBarPaletteC
085E2934	085B8754	2108	exact	gLegacyUiFrameDImage
085E3170	085B8F90	32	exact	gLegacyUiFrameDPalette
085E3190	085B8FB0	64	exact	gUiBarPaletteD
085E31D0	085B8FF0	596	exact	gUnkUiFrameImage
085E3424	085B9244	128	exact	gUnkUiFramePalettes
085E34A4	085B92C4	144	exact	Img_SysGrayBox
085E35B0	085B93D0	60	exact	gEkrgauge_0
085E3604	085B9424	120	exact	gEkrgauge_2
085E367C	085B949C	84	exact	gEkrgauge_3
085E36D0	085B94F0	84	exact	gEkrgauge_4
085E373C	085B955C	24	exact	gEkrgauge_6
085E3754	085B9574	24	exact	gEkrgauge_7
085E376C	085B958C	24	exact	gEkrgauge_8
085E3784	085B95A4	24	exact	gEkrgauge_9
085E379C	085B95BC	24	exact	gEkrgauge_10
085E37B4	085B95D4	24	exact	gEkrgauge_11
085E3D04	085B9AD4	72	masked	ProcScr_ekrBattleStarting
085E3D4C	085B9B1C	80	masked	ProcScr_ekrBattleEnding
085E3F8C	085B9D5C	16	exact	BanimScr_DefaultAnim
085E4088	085B9E58	152	exact	TsaConf_BanimTmA1
085E4120	085B9EF0	152	exact	TsaConf_BanimTmA2
085E41B8	085B9F88	152	exact	TsaConf_BanimTmA3
085E4250	085BA020	152	exact	TsaConf_BanimTmA4
085E42E8	085BA0B8	552	exact	Img_NODAMGEMIS
085E4510	085BA2E0	32	exact	Pal_Efxbattle_0
085E4530	085BA300	32	exact	Pal_Efxbattle_1
085E4550	085BA320	32	exact	Pal_Efxbattle_2
085E49E4	085BA7B4	1184	exact	Img_BanimArcherMBallistaIntro
085E552C	085BB2FC	3492	exact	gEfxlvupfx_0
085E63B8	085BC188	9836	exact	Img_ArenaBattleBg
085E8A24	085BE7F4	1952	exact	Tsa_ArenaBattleBg
085E91C4	085BEF94	128	exact	Pal_ArenaBattleBg_A
085E9244	085BF014	128	exact	Pal_ArenaBattleBg_B
085E92C4	085BF094	128	exact	Pal_ArenaBattleBg_C
085E9344	085BF114	1000	exact	gEfxlvupfx_1
085E972C	085BF4FC	256	exact	gEfxlvupfx_2
085E982C	085BF5FC	268	exact	gEfxlvupfx_3
085E9938	085BF708	3032	exact	Img1_EfxLvupBG
085EA510	085C02E0	3632	exact	Img2_EfxLvupBG
085EB340	085C1110	3012	exact	Img3_EfxLvupBG
085EBF04	085C1CD4	3136	exact	Img4_EfxLvupBG
085ECB44	085C2914	3460	exact	Img5_EfxLvupBG
085ED8C8	085C3698	3332	exact	Img6_EfxLvupBG
085EE5CC	085C439C	1296	exact	Img7_EfxLvupBG
085EEADC	085C48AC	32	exact	Pal_EfxLvupBG
085EEAFC	085C48CC	352	exact	Tsa1_EfxLvupBG
085EEC5C	085C4A2C	372	exact	Tsa2_EfxLvupBG
085EEDD0	085C4BA0	404	exact	Tsa3_EfxLvupBG
085EEF64	085C4D34	436	exact	Tsa4_EfxLvupBG
085EF118	085C4EE8	472	exact	Tsa5_EfxLvupBG
085EF2F0	085C50C0	504	exact	Tsa6_EfxLvupBG
085EF4E8	085C52B8	540	exact	Tsa7_EfxLvupBG
085EF704	085C54D4	532	exact	Tsa8_EfxLvupBG
085EF918	085C56E8	304	exact	Tsa9_EfxLvupBG
085EFA48	085C5818	200	exact	Tsa10_EfxLvupBG
085EFB10	085C58E0	180	exact	Tsa11_EfxLvupBG
085EFBC4	085C5994	1728	exact	Img_EfxLvupBG2
085F0284	085C6054	128	exact	Pal_EfxLvupBG2
085F0304	085C60D4	32	exact	Pal_EfxLvupBGCOL
085F0324	085C60F4	228	exact	Tsa1_EfxLvupBG2
085F0408	085C61D8	228	exact	Tsa2_EfxLvupBG2
085F04EC	085C62BC	288	exact	Tsa3_EfxLvupBG2
085F060C	085C63DC	288	exact	Tsa4_EfxLvupBG2
085F072C	085C64FC	284	exact	Tsa5_EfxLvupBG2
085F0848	085C6618	280	exact	Tsa6_EfxLvupBG2
085F0960	085C6730	664	exact	Img_EfxLvupOBJ2
085F0BF8	085C69C8	60	exact	AnimSprite_EfxLvupOBJ2_EfxLvupOBJ_0
085F0C34	085C6A04	84	exact	AnimSprite_EfxLvupOBJ2_EfxLvupOBJ_1
085F0C88	085C6A58	108	exact	AnimSprite_EfxLvupOBJ2_EfxLvupOBJ_2
085F0CF4	085C6AC4	132	exact	AnimSprite_EfxLvupOBJ2_EfxLvupOBJ_3
085F0D78	085C6B48	132	exact	AnimSprite_EfxLvupOBJ2_EfxLvupOBJ_4
085F0DFC	085C6BCC	144	exact	AnimSprite_EfxLvupOBJ2_EfxLvupOBJ_5
085F0E8C	085C6C5C	144	exact	AnimSprite_EfxLvupOBJ2_EfxLvupOBJ_6
085F0F1C	085C6CEC	132	exact	AnimSprite_EfxLvupOBJ2_EfxLvupOBJ_7
085F0FA0	085C6D70	132	exact	AnimSprite_EfxLvupOBJ2_EfxLvupOBJ_8
085F1024	085C6DF4	144	exact	AnimSprite_EfxLvupOBJ2_EfxLvupOBJ_9
085F10B4	085C6E84	144	exact	AnimSprite_EfxLvupOBJ2_EfxLvupOBJ_10
085F1144	085C6F14	156	exact	AnimSprite_EfxLvupOBJ2_EfxLvupOBJ_11
085F11E0	085C6FB0	156	exact	AnimSprite_EfxLvupOBJ2_EfxLvupOBJ_12
085F127C	085C704C	156	exact	AnimSprite_EfxLvupOBJ2_EfxLvupOBJ_13
085F1318	085C70E8	144	exact	AnimSprite_EfxLvupOBJ2_EfxLvupOBJ_14
085F13A8	085C7178	108	exact	AnimSprite_EfxLvupOBJ2_EfxLvupOBJ_15
085F1458	085C7228	132	exact	AnimSprite_EkrMainMini_L_Far
085F14E4	085C72B4	132	exact	AnimSprite_EkrMainMini_R_Far
085F1570	085C7340	120	exact	AnimSprite_EkrMainMini_L_Close
085F15F0	085C73C0	120	exact	AnimSprite_EkrMainMini_R_Close
085F1670	085C7440	108	exact	AnimSprite_EkrMainMini_R_Close_1
085F16E4	085C74B4	36	exact	AnimSprite_NoDamage1
085F1708	085C74D8	36	exact	AnimSprite_NoDamage2
085F172C	085C74FC	36	exact	AnimSprite_NoDamage3
085F1750	085C7520	60	exact	AnimSprite_NoDamage4
085F178C	085C755C	60	exact	AnimSprite_NoDamage5
085F17C8	085C7598	60	exact	AnimSprite_NoDamage6
085F1804	085C75D4	72	exact	AnimSprite_NoDamage7
085F184C	085C761C	72	exact	AnimSprite_NoDamage8
085F1894	085C7664	72	exact	AnimSprite_NoDamage9
085F18DC	085C76AC	84	exact	AnimSprite_NoDamageA
085F1930	085C7700	84	exact	AnimSprite_NoDamageB
085F1984	085C7754	84	exact	AnimSprite_NoDamageC
085F19D8	085C77A8	96	exact	AnimSprite_NoDamageD
085F1A38	085C7808	96	exact	AnimSprite_NoDamageE
085F1A98	085C7868	96	exact	AnimSprite_NoDamageF
085F1AF8	085C78C8	108	exact	AnimSprite_NoDamage10
085F1B64	085C7934	108	exact	AnimSprite_NoDamage11
085F1BD0	085C79A0	108	exact	AnimSprite_NoDamage12
085F1C3C	085C7A0C	120	exact	AnimSprite_NoDamage13
085F1CB4	085C7A84	120	exact	AnimSprite_NoDamage14
085F1D2C	085C7AFC	120	exact	AnimSprite_NoDamage15
085F1E1C	085C7BEC	120	exact	AnimSprite_NoDamage17
085F1F0C	085C7CDC	120	exact	AnimSprite_NoDamage19
085F1F84	085C7D54	24	exact	AnimSprite_NoDamage1A
085F1F9C	085C7D6C	24	exact	AnimSprite_Miss1
085F1FB4	085C7D84	24	exact	AnimSprite_Miss2
085F1FCC	085C7D9C	24	exact	AnimSprite_Miss3
085F1FE4	085C7DB4	36	exact	AnimSprite_Miss4
085F2008	085C7DD8	36	exact	AnimSprite_Miss5
085F202C	085C7DFC	36	exact	AnimSprite_Miss6
085F2050	085C7E20	48	exact	AnimSprite_Miss7
085F2080	085C7E50	48	exact	AnimSprite_Miss8
085F20B0	085C7E80	48	exact	AnimSprite_Miss9
085F20E0	085C7EB0	60	exact	AnimSprite_MissA
085F211C	085C7EEC	60	exact	AnimSprite_MissB
085F2158	085C7F28	60	exact	AnimSprite_MissC
085F2194	085C7F64	72	exact	AnimSprite_MissD
085F21DC	085C7FAC	72	exact	AnimSprite_MissE
085F2224	085C7FF4	72	exact	AnimSprite_MissF
085F226C	085C803C	72	exact	AnimSprite_Miss10
085F22FC	085C80CC	72	exact	AnimSprite_Miss12
085F238C	085C815C	72	exact	AnimSprite_Miss14
085F24A8	085C8278	2048	exact	Img_EkrLvupNumBig
085F2CA8	085C8A78	48	exact	AnimSprite_LvupStatup_1
085F2CD8	085C8AA8	72	exact	AnimSprite_LvupStatup_2
085F2D20	085C8AF0	84	exact	AnimSprite_LvupStatup_3
085F2D74	085C8B44	84	exact	AnimSprite_LvupStatup_4
085F2DC8	085C8B98	84	exact	AnimSprite_LvupStatup_5
085F2E1C	085C8BEC	84	exact	AnimSprite_LvupStatup_6
085F2E70	085C8C40	84	exact	AnimSprite_LvupStatup_7
085F2EC4	085C8C94	84	exact	AnimSprite_LvupStatup_8
085F2F18	085C8CE8	84	exact	AnimSprite_LvupStatup_9
085F2F6C	085C8D3C	84	exact	AnimSprite_LvupStatup_10
085F2FC0	085C8D90	84	exact	AnimSprite_LvupStatup_11
085F3014	085C8DE4	36	exact	AnimSprite_LvupStatup_12
085F3038	085C8E08	48	exact	AnimSprite_LvupStatup_13
085F3068	085C8E38	48	exact	AnimSprite_LvupStatup_14
085F3098	085C8E68	48	exact	AnimSprite_LvupStatup_15
085F30C8	085C8E98	48	exact	AnimSprite_LvupStatup_16
085F30F8	085C8EC8	48	exact	AnimSprite_LvupStatup_17
085F3128	085C8EF8	48	exact	AnimSprite_LvupStatup_18
085F3158	085C8F28	48	exact	AnimSprite_LvupStatup_19
085F3188	085C8F58	48	exact	AnimSprite_LvupStatup_20
085F31B8	085C8F88	48	exact	AnimSprite_LvupStatup_21
085F31E8	085C8FB8	24	exact	AnimSprite_LvupStatup_22
085F3200	085C8FD0	24	exact	AnimSprite_LvupStatup_23
085F3218	085C8FE8	24	exact	AnimSprite_LvupStatup_24
085F3230	085C9000	24	exact	AnimSprite_LvupStatup_25
085F3248	085C9018	24	exact	AnimSprite_LvupStatup_26
085F3260	085C9030	24	exact	AnimSprite_LvupStatup_27
085F3278	085C9048	24	exact	AnimSprite_LvupStatup_28
085F3290	085C9060	24	exact	AnimSprite_LvupStatup_29
085F32A8	085C9078	24	exact	AnimSprite_LvupStatup_30
085F32C0	085C9090	24	exact	AnimSprite_LvupStatup_31
085F32D8	085C90A8	24	exact	AnimSprite_LvupStatup_32
085F32F0	085C90C0	24	exact	AnimSprite_LvupStatup_33
085F3308	085C90D8	24	exact	AnimSprite_LvupStatup_34
085F3320	085C90F0	24	exact	AnimSprite_LvupStatup_35
085F3344	085C9114	36	exact	AnimSprite_LvupStatup_37
085F3368	085C9138	36	exact	AnimSprite_LvupStatup_38
085F338C	085C915C	36	exact	AnimSprite_LvupStatup_39
085F33B0	085C9180	36	exact	AnimSprite_LvupStatup_40
085F33D4	085C91A4	36	exact	AnimSprite_LvupStatup_41
085F33F8	085C91C8	24	exact	AnimSprite_LvupStatup_42
085F3410	085C91E0	36	exact	AnimSprite_LvupStatup_43
085F3434	085C9204	36	exact	AnimSprite_LvupStatup_44
085F3458	085C9228	36	exact	AnimSprite_LvupStatup_45
085F347C	085C924C	36	exact	AnimSprite_LvupStatup_46
085F358C	085C935C	996	exact	Img_EfxSkill1
085F3970	085C9740	1016	exact	Img_EfxSkill2
085F3D68	085C9B38	1040	exact	Img_EfxSkill3
085F4178	085C9F48	1080	exact	Img_EfxSkill4
085F45B0	085CA380	1148	exact	Img_EfxSkill5
085F4A2C	085CA7FC	1272	exact	Img_EfxSkill6
085F4F24	085CACF4	1496	exact	Img_EfxSkill7
085F54FC	085CB2CC	1760	exact	Img_EfxSkill8
085F5BDC	085CB9AC	1852	exact	Img_EfxSkill9
085F6318	085CC0E8	1848	exact	Img_EfxSkillA
085F6A50	085CC820	1780	exact	Img_EfxSkillB
085F7144	085CCF14	1676	exact	Img_EfxSkillC
085F77D0	085CD5A0	1632	exact	Img_EfxSkillD
085F7E30	085CDC00	1536	exact	Img_EfxSkillE
085F8430	085CE200	1476	exact	Img_EfxSkillF
085F89F4	085CE7C4	1192	exact	Img_EfxSkill10
085F8E9C	085CEC6C	32	exact	Pal_EfxSkill1
085F8EBC	085CEC8C	32	exact	Pal_EfxSkill2
085F8EDC	085CECAC	32	exact	Pal_EfxSkill3
085F8EFC	085CECCC	32	exact	Pal_EfxSkill4
085F8F1C	085CECEC	32	exact	Pal_EfxSkill5
085F8F3C	085CED0C	32	exact	Pal_EfxSkill6
085F8F5C	085CED2C	32	exact	Pal_EfxSkill7
085F8F7C	085CED4C	32	exact	Pal_EfxSkill8
085F8F9C	085CED6C	32	exact	Pal_EfxSkill9
085F8FBC	085CED8C	32	exact	Pal_EfxSkillA
085F8FDC	085CEDAC	32	exact	Pal_EfxSkillB
085F8FFC	085CEDCC	32	exact	Pal_EfxSkillC
085F901C	085CEDEC	32	exact	Pal_EfxSkillD
085F903C	085CEE0C	32	exact	Pal_EfxSkillE
085F905C	085CEE2C	32	exact	Pal_EfxSkillF
085F907C	085CEE4C	32	exact	Pal_EfxSkill10
085F909C	085CEE6C	152	exact	Tsa_EfxSkill1
085F9134	085CEF04	160	exact	Tsa_EfxSkill2
085F91D4	085CEFA4	160	exact	Tsa_EfxSkill3
085F9274	085CF044	164	exact	Tsa_EfxSkill4
085F9318	085CF0E8	184	exact	Tsa_EfxSkill5
085F93D0	085CF1A0	196	exact	Tsa_EfxSkill6
085F9494	085CF264	216	exact	Tsa_EfxSkill7
085F956C	085CF33C	260	exact	Tsa_EfxSkill8
085F9670	085CF440	260	exact	Tsa_EfxSkill9
085F9774	085CF544	260	exact	Tsa_EfxSkillA
085F9878	085CF648	264	exact	Tsa_EfxSkillB
085F9980	085CF750	236	exact	Tsa_EfxSkillC
085F9A6C	085CF83C	224	exact	Tsa_EfxSkillD
085F9B4C	085CF91C	216	exact	Tsa_EfxSkillE
085F9C24	085CF9F4	204	exact	Tsa_EfxSkillF
085F9CF0	085CFAC0	176	exact	Tsa_EfxSkill10
085F9DA0	085CFB70	3248	exact	Img_EfxPierceCriticalEffectBG
085FAA50	085D0820	512	exact	Pal_EfxPierceCriticalEffectBG
085FAC50	085D0A20	704	exact	TsaL_EfxPierceCriticalEffectBG
085FAF10	085D0CE0	752	exact	TsaR_EfxPierceCriticalEffectBG
085FB200	085D0FD0	1184	exact	Img_EfxPierceNormalEffectBG
085FB6A0	085D1470	32	exact	Pal_EfxPierceNormalEffectBG
085FB6C0	085D1490	204	exact	Tsa1_EfxPierceNormalEffectBG
085FB78C	085D155C	268	exact	Tsa2_EfxPierceNormalEffectBG
085FB898	085D1668	296	exact	Tsa3_EfxPierceNormalEffectBG
085FB9C0	085D1790	292	exact	Tsa4_EfxPierceNormalEffectBG
085FBAE4	085D18B4	296	exact	Tsa5_EfxPierceNormalEffectBG
085FBC0C	085D19DC	288	exact	Tsa6_EfxPierceNormalEffectBG
085FBD2C	085D1AFC	256	exact	Tsa7_EfxPierceNormalEffectBG
085FBE2C	085D1BFC	224	exact	Tsa8_EfxPierceNormalEffectBG
085FBF0C	085D1CDC	196	exact	Tsa9_EfxPierceNormalEffectBG
085FC08C	085D1E5C	72	exact	AnimSprite_EkrBaseKaiten_2
085FC0D4	085D1EA4	108	exact	AnimSprite_EkrBaseKaiten_3
085FC140	085D1F10	84	exact	AnimSprite_EkrBaseKaiten_4
085FC194	085D1F64	180	exact	AnimSprite_EkrBaseKaiten_5
085FC248	085D2018	96	exact	AnimSprite_EkrBaseKaiten_6
085FC2A8	085D2078	180	exact	AnimSprite_EkrBaseKaiten_7
085FC35C	085D212C	228	exact	AnimSprite_EkrBaseKaiten_8
085FC440	085D2210	24	exact	AnimSprite_EkrBaseKaiten_9
085FC4C4	085D2294	84	exact	AnimSprite_EkrBaseKaiten_11
085FC518	085D22E8	132	exact	AnimSprite_EkrBaseKaiten_12
085FC59C	085D236C	156	exact	AnimSprite_EkrBaseKaiten_13
085FC638	085D2408	180	exact	AnimSprite_EkrBaseKaiten_14
085FC6EC	085D24BC	216	exact	AnimSprite_EkrBaseKaiten_15
085FC7C4	085D2594	240	exact	AnimSprite_EkrBaseKaiten_16
085FC8B4	085D2684	24	exact	AnimSprite_EkrBaseKaiten_17
085FC8CC	085D269C	36	exact	AnimSprite_EkrBaseKaiten_18
085FC8F0	085D26C0	48	exact	AnimSprite_EkrBaseKaiten_19
085FC920	085D26F0	108	exact	AnimSprite_EkrBaseKaiten_20
085FC98C	085D275C	108	exact	AnimSprite_EkrBaseKaiten_21
085FC9F8	085D27C8	204	exact	AnimSprite_EkrBaseKaiten_22
085FCAC4	085D2894	192	exact	AnimSprite_EkrBaseKaiten_23
085FCB84	085D2954	168	exact	AnimSprite_EkrBaseKaiten_24
085FCC2C	085D29FC	192	exact	AnimSprite_EkrBaseKaiten_25
085FCCEC	085D2ABC	48	exact	AnimSprite_EkrBaseKaiten_26
085FCD1C	085D2AEC	108	exact	AnimSprite_EkrBaseKaiten_27
085FCD88	085D2B58	108	exact	AnimSprite_EkrBaseKaiten_28
085FCDF4	085D2BC4	204	exact	AnimSprite_EkrBaseKaiten_29
085FCEC0	085D2C90	192	exact	AnimSprite_EkrBaseKaiten_30
085FCF80	085D2D50	168	exact	AnimSprite_EkrBaseKaiten_31
085FD028	085D2DF8	192	exact	AnimSprite_EkrBaseKaiten_32
085FD1D0	085D2FA0	72	exact	AnimSprite_EkrBaseKaiten_34
085FD218	085D2FE8	132	exact	AnimSprite_EkrBaseKaiten_35
085FD29C	085D306C	156	exact	AnimSprite_EkrBaseKaiten_36
085FD338	085D3108	156	exact	AnimSprite_EkrBaseKaiten_37
085FD3D4	085D31A4	156	exact	AnimSprite_EkrBaseKaiten_38
085FD470	085D3240	204	exact	AnimSprite_EkrBaseKaiten_39
085FD53C	085D330C	72	exact	AnimSprite_EkrBaseKaiten_40
085FD584	085D3354	132	exact	AnimSprite_EkrBaseKaiten_41
085FD608	085D33D8	132	exact	AnimSprite_EkrBaseKaiten_42
085FD68C	085D345C	156	exact	AnimSprite_EkrBaseKaiten_43
085FD728	085D34F8	156	exact	AnimSprite_EkrBaseKaiten_44
085FD7C4	085D3594	204	exact	AnimSprite_EkrBaseKaiten_45
085FD890	085D3660	132	exact	AnimSprite_EkrBaseKaiten_46
085FD914	085D36E4	132	exact	AnimSprite_EkrBaseKaiten_47
085FDA40	085D3810	36	exact	AnimSprite_EkrBaseKaiten_49
085FDA64	085D3834	48	exact	AnimSprite_EkrBaseKaiten_50
085FDA94	085D3864	96	exact	AnimSprite_EkrBaseKaiten_51
085FDAF4	085D38C4	144	exact	AnimSprite_EkrBaseKaiten_52
085FDB84	085D3954	168	exact	AnimSprite_EkrBaseKaiten_53
085FDC2C	085D39FC	192	exact	AnimSprite_EkrBaseKaiten_54
085FDCEC	085D3ABC	36	exact	AnimSprite_EkrBaseKaiten_55
085FDD10	085D3AE0	60	exact	AnimSprite_EkrBaseKaiten_56
085FDD4C	085D3B1C	96	exact	AnimSprite_EkrBaseKaiten_57
085FDE54	085D3C24	180	exact	AnimSprite_EkrBaseKaiten_59
085FDF08	085D3CD8	204	exact	AnimSprite_EkrBaseKaiten_60
085FDFD4	085D3DA4	36	exact	AnimSprite_EkrBaseKaiten_61
085FDFF8	085D3DC8	48	exact	AnimSprite_EkrBaseKaiten_62
085FE028	085D3DF8	96	exact	AnimSprite_EkrBaseKaiten_63
085FE088	085D3E58	168	exact	AnimSprite_EkrBaseKaiten_64
085FE130	085D3F00	180	exact	AnimSprite_EkrBaseKaiten_65
085FE1E4	085D3FB4	204	exact	AnimSprite_EkrBaseKaiten_66
085FE2B0	085D4080	36	exact	AnimSprite_EkrBaseKaiten_67
085FE2D4	085D40A4	48	exact	AnimSprite_EkrBaseKaiten_68
085FE304	085D40D4	84	exact	AnimSprite_EkrBaseKaiten_69
085FE3E8	085D41B8	168	exact	AnimSprite_EkrBaseKaiten_71
085FE550	085D4320	156	exact	AnimSprite_EkrBaseKaiten_73
085FE5EC	085D43BC	168	exact	AnimSprite_EkrBaseKaiten_74
085FE694	085D4464	168	exact	AnimSprite_EkrBaseKaiten_75
085FE73C	085D450C	156	exact	AnimSprite_EkrBaseKaiten_76
085FE910	085D46E0	60	exact	AnimSprite_EkrBaseKaiten_78
085FEA6C	085D483C	180	exact	AnimSprite_EkrBaseKaiten_81
085FEB20	085D48F0	204	exact	AnimSprite_EkrBaseKaiten_82
085FEBEC	085D49BC	60	exact	AnimSprite_EkrBaseKaiten_83
085FED30	085D4B00	168	exact	AnimSprite_EkrBaseKaiten_86
085FEE98	085D4C68	60	exact	AnimSprite_EkrBaseKaiten_88
085FEED4	085D4CA4	144	exact	AnimSprite_EkrBaseKaiten_89
085FEF64	085D4D34	156	exact	AnimSprite_EkrBaseKaiten_90
085FF608	085D5370	32	masked	ProcScr_efxIcebreathOBJ
085FFA90	085D57F8	40	masked	gProcScr_efxThunderstormOBJ
085FFAB8	085D5820	64	masked	gProcScr_efxThunderstormCOLOR
0860053C	085D62A4	56	exact	gPurgeAnimSpriteCoordinates
08600574	085D62DC	32	masked	ProcScr_efxPurgeOBJ
08600844	085D65AC	72	masked	ProcScr_efxHazymoonOBJ2
086008A4	085D660C	24	exact	gEclipseAnimSpriteCoordinates
086008BC	085D6624	32	masked	ProcScr_efxHazymoonOBJ3RND
08600B34	085D689C	32	exact	gFenrirSpriteAngles
08600E30	085D6B98	32	masked	ProcScr_efxSilenceOBJ
08600EE0	085D6C48	32	masked	ProcScr_efxSleepOBJ2
08600F00	085D6C68	72	masked	ProcScr_efxSleepSE
08601050	085D6DB8	184	masked	ProcScr_efxBerserkOBJ
0860114C	085D6EB4	32	masked	ProcScr_efxMshieldBGOBJ
0860116C	085D6ED4	32	masked	ProcScr_efxMshieldBGOBJ2
0860123C	085D6FA4	16	exact	gShineSpriteCoords
086012C8	085D7030	192	exact	gLunaBgScrollOffsets
086014A8	085D7210	48	masked	ProcScr_efxExcaliburBG
08601530	085D7298	256	exact	gExcaliburBgScrollOffsets
08602380	085D7D30	40	masked	ProcScr_efxMaohFlashWOUT
086023A8	085D7D58	32	masked	ProcScr_efxMaohFlashBGCOL
08602AD4	085D8484	48	masked	ProcScr_efxDarkGradoBG02
08602B24	085D84D4	80	exact	gEfxmagicGleipnir_0
08602B74	085D8524	80	exact	gEfxmagicGleipnir_1
08602BC4	085D8574	80	exact	gEfxmagicGleipnir_2
08602C14	085D85C4	80	exact	gEfxmagicGleipnir_3
08602C64	085D8614	80	exact	gEfxmagicGleipnir_4
08602CB4	085D8664	80	exact	gEfxmagicGleipnir_5
08602D04	085D86B4	80	exact	gEfxmagicGleipnir_6
08602E2C	085D87DC	128	exact	gEfxmagicCrimsoneye_0
08602EFC	085D88AC	180	exact	gEfxmagicCrimsoneye_1
08602FB0	085D8960	64	masked	ProcScr_efxCrimsonEyeOBJ
08603174	085D8B24	40	masked	ProcScr_EfxmagicDemonsurge_0
08603274	085D8C24	40	masked	ProcScr_EfxmagicDemonsurge_1
08603574	085D8F24	56	masked	ProcScr_efxHurtmutEff00OBJ
086035AC	085D8F5C	56	masked	ProcScr_efxHurtmutEff01OBJ
086037A4	085D9154	240	exact	gEfxmisc_0
08603B18	085D93F0	64	masked	ProcScr_efxSkillCommonBG
08603C84	085D955C	40	masked	ProcScr_efxopLive
086040C4	085D999C	40	masked	ProcScr_efxopMistyrain
08604114	085D99EC	48	masked	ProcScr_efxopEvilEye
0860429C	085D9B74	48	masked	ProcScr_efxopStone
087A8B2C	087585F8	120	masked	gEkrDracoZombiTsaSetLut
087A8BA4	08758670	104	masked	ProcScr_EkrDracoZombie
087A8C74	08758740	20	exact	gEkrdragon_0
087A8C88	08758754	72	masked	ProcScr_EkrMyrrh
087A8CD0	0875879C	640	exact	gEfxutils_0
087A8F50	08758A1C	20	exact	gEfxTileRefPals_Efxutils_0
087A8F94	08758A60	256	exact	gBanimBossBGMs
087A9094	08758B60	112	exact	gBanimSongIDs1
087A9104	08758BD0	112	exact	gBanimSongIDs2
087A9174	08758C40	112	exact	gBanimSongIDs3
087A91E4	08758CB0	112	exact	gBanimSongIDs4
087A92C4	08758D90	112	exact	gBanimSongIDs5
087A9350	08758E1C	112	exact	gBanimSongIDs6
087A93DC	08758EA8	112	exact	gBanimSongIDs7
087A9468	08758F34	112	exact	gBanimSongIDs8
087A9800	087592CC	32	exact	gEkrlvup_2
087A9860	0875932C	176	masked	ProcScr_EkrLevelup
087A9950	0875941C	64	exact	gEfxlvup_1
087A9A58	08759524	32	masked	ProcScr_efxLvupOBJ2
087A9BB8	08759684	216	exact	AnimSprite_Tri_0
087A9C90	0875975C	192	exact	AnimSprite_Tri_1
087A9D50	0875981C	192	exact	AnimSprite_Tri_2
087A9E10	087598DC	192	exact	AnimSprite_Tri_3
087A9ED0	0875999C	192	exact	AnimSprite_Tri_4
087A9F90	08759A5C	216	exact	AnimSprite_Tri_5
087AA084	08759B50	192	exact	AnimSprite_Tri_6
087AA144	08759C10	192	exact	AnimSprite_Tri_7
087AA204	08759CD0	192	exact	AnimSprite_Tri_8
087AA2C4	08759D90	216	exact	AnimSprite_Tri_9
087AA3B0	08759E7C	108	exact	AnimSprite_Tri_10
087AA440	08759F0C	108	exact	AnimSprite_Tri_12
087AA4D0	08759F9C	108	exact	AnimSprite_TriGenerial_1
087AA568	0875A034	96	exact	AnimSprite_TriGenerial_3
087AA5EC	0875A0B8	96	exact	AnimSprite_Tri_13
087AA64C	0875A118	108	exact	AnimSprite_Tri_14
087AA734	0875A200	120	exact	AnimSprite_Tri_16
087AA7AC	0875A278	132	exact	AnimSprite_TriGenerial_4
087AA8AC	0875A378	84	exact	AnimSprite_TriGenerial_6
087AA900	0875A3CC	132	exact	AnimSprite_TriGenerial_7
087AAA00	0875A4CC	60	exact	AnimSprite_TriGenerial_9
087AAA3C	0875A508	144	exact	AnimSprite_TriGenerialHandAxeAtkOBJ_0
087AAACC	0875A598	24	exact	AnimSprite_TriGenerialHandAxeAtkOBJ_1
087AAAE4	0875A5B0	144	exact	AnimSprite_TriGenerialHandAxeAtkOBJ_2
087AAB74	0875A640	132	exact	AnimSprite_TriGenerialHandAxeAtkOBJ_3
087AABF8	0875A6C4	108	exact	AnimSprite_TriGenerialHandAxeAtkOBJ_4
087AB004	0875AAD0	9444	exact	btl_bg_0_tiles
087AD4E8	0875CFB4	208	exact	btl_bg_0_palette
087AD5B8	0875D084	836	exact	btl_bg_0_map
087AD8FC	0875D3C8	4456	exact	btl_bg_1_tiles
087AEA64	0875E530	164	exact	btl_bg_1_palette
087AEB08	0875E5D4	812	exact	btl_bg_1_map
087AEE34	0875E900	3576	exact	btl_bg_2_tiles
087AFC2C	0875F6F8	236	exact	btl_bg_2_palette
087AFD18	0875F7E4	440	exact	btl_bg_2_map
087AFED0	0875F99C	5864	exact	btl_bg_3_tiles
087B15B8	08761084	308	exact	btl_bg_3_palette
087B16EC	087611B8	688	exact	btl_bg_3_map
087B199C	08761468	4328	exact	btl_bg_4_tiles
087B2A84	08762550	232	exact	btl_bg_4_palette
087B2B6C	08762638	572	exact	btl_bg_4_map
087B2DA8	08762874	4148	exact	btl_bg_5_tiles
087B3DDC	087638A8	260	exact	btl_bg_5_palette
087B3EE0	087639AC	456	exact	btl_bg_5_map
087B40A8	08763B74	6616	exact	btl_bg_6_tiles
087B5A80	0876554C	264	exact	btl_bg_6_palette
087B5B88	08765654	628	exact	btl_bg_6_map
087B5DFC	087658C8	3612	exact	btl_bg_7_tiles
087B6C18	087666E4	172	exact	btl_bg_7_palette
087B6CC4	08766790	396	exact	btl_bg_7_map
087B6E50	0876691C	4784	exact	btl_bg_8_tiles
087B8100	08767BCC	192	exact	btl_bg_8_palette
087B81C0	08767C8C	504	exact	btl_bg_8_map
087B9F98	08767E84	4228	exact	btl_bg_10_tiles
087BB01C	08768F08	260	exact	btl_bg_10_palette
087BB120	0876900C	716	exact	btl_bg_10_map
087BB3EC	087692D8	7560	exact	btl_bg_11_tiles
087BD174	0876B060	108	exact	btl_bg_11_palette
087BD1E0	0876B0CC	736	exact	btl_bg_11_map
087BD4C0	0876B3AC	4124	exact	btl_bg_12_tiles
087BE4DC	0876C3C8	140	exact	btl_bg_12_palette
087BE568	0876C454	472	exact	btl_bg_12_map
087BE740	0876C62C	3524	exact	btl_bg_13_tiles
087BF504	0876D3F0	252	exact	btl_bg_13_palette
087BF600	0876D4EC	664	exact	btl_bg_13_map
087BF898	0876D784	2844	exact	btl_bg_14_tiles
087C03B4	0876E2A0	176	exact	btl_bg_14_palette
087C0464	0876E350	476	exact	btl_bg_14_map
087C0640	0876E52C	3592	exact	btl_bg_15_tiles
087C1448	0876F334	232	exact	btl_bg_15_palette
087C1530	0876F41C	484	exact	btl_bg_15_map
087C1714	0876F600	200	exact	btl_bg_16_palette
087C17DC	0876F6C8	228	exact	btl_bg_17_palette
087C18C0	0876F7AC	280	exact	btl_bg_18_palette
087C19D8	0876F8C4	200	exact	btl_bg_19_palette
087C1AA0	0876F98C	252	exact	btl_bg_20_palette
087C1B9C	0876FA88	192	exact	btl_bg_21_palette
087C1C5C	0876FB48	280	exact	btl_bg_22_palette
087C1D74	0876FC60	108	exact	btl_bg_23_palette
087C1DE0	0876FCCC	192	exact	btl_bg_24_palette
087C1EA0	0876FD8C	240	exact	btl_bg_25_palette
087C1F90	0876FE7C	112	exact	btl_bg_26_palette
087C2000	0876FEEC	168	exact	btl_bg_27_palette
087C20A8	0876FF94	104	exact	btl_bg_28_palette
087C2110	0876FFFC	168	exact	btl_bg_29_palette
087C21B8	087700A4	108	exact	btl_bg_30_palette
087C2224	08770110	10132	exact	btl_bg_27_tiles
087C49B8	087728A4	172	exact	btl_bg_31_palette
087C4A64	08772950	876	exact	btl_bg_27_map
087C4DD0	08772CBC	5428	exact	btl_bg_32_tiles
087C6304	087741F0	80	exact	btl_bg_32_palette
087C6354	08774240	840	exact	btl_bg_32_map
087C669C	08774588	9668	exact	btl_bg_33_tiles
087C8C60	08776B4C	204	exact	btl_bg_33_palette
087C8D2C	08776C18	824	exact	btl_bg_33_map
087C9064	08776F50	196	exact	btl_bg_34_palette
087C9128	08777014	232	exact	btl_bg_35_palette
087C9210	087770FC	260	exact	btl_bg_36_palette
087C9314	08777200	232	exact	btl_bg_37_palette
087C93FC	087772E8	236	exact	btl_bg_38_palette
087C94E8	087773D4	196	exact	btl_bg_39_palette
087C95AC	08777498	168	exact	btl_bg_40_palette
087C9654	08777540	164	exact	btl_bg_41_palette
087C96F8	087775E4	264	exact	btl_bg_42_palette
087C9800	087776EC	224	exact	btl_bg_43_palette
087C98E0	087777CC	140	exact	btl_bg_44_palette
087C996C	08777858	3200	exact	btl_bg_45_tiles
087CA5EC	087784D8	320	exact	btl_bg_45_palette
087CA72C	08778618	440	exact	btl_bg_45_map
087CA8E4	087787D0	3968	exact	btl_bg_46_tiles
087CB864	08779750	232	exact	btl_bg_46_palette
087CB94C	08779838	484	exact	btl_bg_46_map
087CBB30	08779A1C	4564	exact	btl_bg_47_tiles
087CCD04	0877ABF0	264	exact	btl_bg_47_palette
087CCE0C	0877ACF8	704	exact	btl_bg_47_map
087CD0CC	0877AFB8	320	exact	btl_bg_48_palette
087CD20C	0877B0F8	304	exact	btl_bg_49_palette
087CD33C	0877B228	312	exact	btl_bg_50_palette
087CF8B8	0877B360	4812	exact	btl_bg_52_tiles
087D0B84	0877C62C	168	exact	btl_bg_52_palette
087D0C2C	0877C6D4	700	exact	btl_bg_52_map
087D0EE8	0877C990	256	exact	btl_bg_53_palette
087D0FE8	0877CA90	252	exact	btl_bg_54_palette
087D10E4	0877CB8C	10320	exact	btl_bg_59_tiles
087D3934	0877F3DC	80	exact	btl_bg_59_palette
087D3984	0877F42C	936	exact	btl_bg_59_map
087D3D2C	0877F7D4	9664	exact	btl_bg_55_tiles
087D62EC	08781D94	272	exact	btl_bg_55_palette
087D63FC	08781EA4	896	exact	btl_bg_55_map
087D677C	08782224	9768	exact	btl_bg_56_tiles
087D8DA4	0878484C	192	exact	btl_bg_56_palette
087D8E64	0878490C	780	exact	btl_bg_56_map
087D9170	08784C18	9792	exact	btl_bg_57_tiles
087DB7B0	08787258	264	exact	btl_bg_57_palette
087DB8B8	08787360	808	exact	btl_bg_57_map
087DBBE0	08787688	9896	exact	btl_bg_58_tiles
087DE288	08789D30	268	exact	btl_bg_58_palette
087DE394	08789E3C	792	exact	btl_bg_58_map
087DE6AC	0878A154	10508	exact	btl_bg_60_tiles
087E0FB8	0878CA60	200	exact	btl_bg_60_palette
087E1080	0878CB28	804	exact	btl_bg_60_map
087E13A4	0878CE4C	316	exact	btl_bg_61_palette
087E14E0	0878CF88	244	exact	btl_bg_62_palette
087E15D4	0878D07C	324	exact	btl_bg_63_palette
087E1718	0878D1C0	248	exact	btl_bg_64_palette
087E1810	0878D2B8	256	exact	btl_bg_66_palette
087E1910	0878D3B8	248	exact	btl_bg_67_palette
087E1A08	0878D4B0	80	exact	btl_bg_68_palette
087E1A78	0878D520	104	masked	ProcScr_ekrPopup
087E1AE0	0878D588	104	masked	ProcScr_ekrPopup2
087E1BA0	0878D648	14656	exact	Img_EfxDracoZombie
087E54E0	08790F88	468	exact	Tsa_EfxDracoZombieBaseLeft
087E56B4	0879115C	480	exact	Tsa_EfxDracoZombieBaseRight
087E5894	0879133C	484	exact	Tsa_EfxDracoZombie2
087E5A78	08791520	536	exact	Tsa_EfxDracoZombie3
087E5C90	08791738	528	exact	Tsa_EfxDracoZombie4
087E5EA0	08791948	500	exact	Tsa_EfxDracoZombie5
087E6094	08791B3C	544	exact	Tsa_EfxDracoZombie1
087E62B4	08791D5C	32	exact	Pal_EfxDracoZombie
087E62D4	08791D7C	32	exact	Pal_Ekrdragonfx_0
087E62F4	08791D9C	1016	exact	Img_Ekrdragonfx
087E66EC	08792194	32	exact	Pal_Ekrdragonfx_1
087E670C	087921B4	24	exact	AnimSprite_EfxClasschgObjDrop_1
087E6724	087921CC	36	exact	AnimSprite_EfxClasschgObjDrop_2
087E6748	087921F0	48	exact	AnimSprite_EfxClasschgObjDrop_3
087E6778	08792220	48	exact	AnimSprite_EfxClasschgObjDrop_4
087E67A8	08792250	48	exact	AnimSprite_EfxClasschgObjDrop_5
087E67D8	08792280	36	exact	AnimSprite_EfxClasschgObjDrop_6
087E67FC	087922A4	36	exact	AnimSprite_EfxClasschgObjDrop_7
087E6820	087922C8	36	exact	AnimSprite_EfxClasschgObjDrop_8
087E6844	087922EC	24	exact	AnimSprite_EfxClasschgObjDrop_9
087E685C	08792304	24	exact	AnimSprite_EfxClasschgObjDrop_10
087E6874	0879231C	24	exact	AnimSprite_EfxClasschgObjDrop_11
087E688C	08792334	36	exact	AnimSprite_EfxClasschgObjDrop_12
087E68B0	08792358	48	exact	AnimSprite_EfxClasschgObjDrop_13
087E68E0	08792388	60	exact	AnimSprite_EfxClasschgObjDrop_14
087E691C	087923C4	60	exact	AnimSprite_EfxClasschgObjDrop_15
087E6958	08792400	60	exact	AnimSprite_EfxClasschgObjDrop_16
087E6994	0879243C	60	exact	AnimSprite_EfxClasschgObjDrop_17
087E69D0	08792478	48	exact	AnimSprite_EfxClasschgObjDrop_18
087E6A00	087924A8	36	exact	AnimSprite_EfxClasschgObjDrop_19
087E6A24	087924CC	24	exact	AnimSprite_EfxClasschgObjDrop_20
087E6A3C	087924E4	108	exact	AnimSprite_EfxClasschgObjDrop_21
087E6AA8	08792550	108	exact	AnimSprite_EfxClasschgObjDrop_22
087E6B14	087925BC	108	exact	AnimSprite_EfxClasschgObjDrop_23
087E6B80	08792628	108	exact	AnimSprite_EfxClasschgObjDrop_24
087E6BEC	08792694	108	exact	AnimSprite_EfxClasschgObjDrop_25
087E6C58	08792700	108	exact	AnimSprite_EfxClasschgObjDrop_26
087E6CC4	0879276C	108	exact	AnimSprite_EfxClasschgObjDrop_27
087E6D30	087927D8	108	exact	AnimSprite_EfxClasschgObjDrop_28
087E6D9C	08792844	108	exact	AnimSprite_EfxClasschgObjDrop_29
087E6E08	087928B0	108	exact	AnimSprite_EfxClasschgObjDrop_30
087E6F10	087929B8	2324	exact	Img_Ekrdragonfx_0
087E7824	087932CC	32	exact	Pal_Ekrdragonfx_3
087E78DC	08793384	272	exact	Tsa_Ekrdragonfx_1
087E79EC	08793494	284	exact	Tsa_Ekrdragonfx_2
087E7B08	087935B0	272	exact	Tsa_Ekrdragonfx_3
087E7C18	087936C0	272	exact	Tsa_Ekrdragonfx_4
087E7D28	087937D0	284	exact	Tsa_Ekrdragonfx_5
087E7E44	087938EC	272	exact	Tsa_Ekrdragonfx_6
087E7F54	087939FC	3116	exact	Img_Ekrdragonfx_1
087E8B80	08794628	2992	exact	Img_Ekrdragonfx_2
087E9730	087951D8	3100	exact	Img_Ekrdragonfx_3
087EA34C	08795DF4	3072	exact	Img_Ekrdragonfx_4
087EAF4C	087969F4	1768	exact	Img_Ekrdragonfx_5
087EB634	087970DC	2536	exact	Img_Ekrdragonfx_6
087EC01C	08797AC4	2256	exact	Img_Ekrdragonfx_7
087EC8EC	08798394	2008	exact	Img_Ekrdragonfx_8
087ED0C4	08798B6C	1724	exact	Img_Ekrdragonfx_9
087ED780	08799228	1488	exact	Img_Ekrdragonfx_10
087EDD50	087997F8	32	exact	Pal_Ekrdragonfx_4
087EDD70	08799818	676	exact	Tsa_Ekrdragonfx_7
087EE014	08799ABC	680	exact	Tsa_Ekrdragonfx_8
087EE2BC	08799D64	676	exact	Tsa_Ekrdragonfx_9
087EE560	0879A008	672	exact	Tsa_Ekrdragonfx_10
087EE800	0879A2A8	412	exact	Tsa_Ekrdragonfx_11
087EE99C	0879A444	604	exact	Tsa_Ekrdragonfx_12
087EEBF8	0879A6A0	476	exact	Tsa_Ekrdragonfx_13
087EEDD4	0879A87C	364	exact	Tsa_Ekrdragonfx_14
087EEF40	0879A9E8	296	exact	Tsa_Ekrdragonfx_15
087EF068	0879AB10	248	exact	Tsa_Ekrdragonfx_16
087EF160	0879AC08	1376	exact	Img_Ekrdragonfx_11
087EF6C0	0879B168	1932	exact	Img_Ekrdragonfx_12
087EFE4C	0879B8F4	2288	exact	Img_Ekrdragonfx_13
087F073C	0879C1E4	2256	exact	Img_Ekrdragonfx_14
087F100C	0879CAB4	1860	exact	Img_Ekrdragonfx_15
087F1750	0879D1F8	2584	exact	Img_Ekrdragonfx_16
087F2168	0879DC10	2508	exact	Img_Ekrdragonfx_17
087F2B34	0879E5DC	2292	exact	Img_Ekrdragonfx_18
087F3428	0879EED0	1992	exact	Img_Ekrdragonfx_19
087F3BF0	0879F698	1700	exact	Img_Ekrdragonfx_20
087F4294	0879FD3C	1532	exact	Img_Ekrdragonfx_21
087F4890	087A0338	1492	exact	Img_Ekrdragonfx_22
087F4E64	087A090C	1388	exact	Img_Ekrdragonfx_23
087F53D0	087A0E78	1352	exact	Img_Ekrdragonfx_24
087F5918	087A13C0	1296	exact	Img_Ekrdragonfx_25
087F5E28	087A18D0	32	exact	Pal_Ekrdragonfx_5
087F5E48	087A18F0	252	exact	Tsa_Ekrdragonfx_17
087F5F44	087A19EC	380	exact	Tsa_Ekrdragonfx_18
087F60C0	087A1B68	524	exact	Tsa_Ekrdragonfx_19
087F62CC	087A1D74	552	exact	Tsa_Ekrdragonfx_20
087F64F4	087A1F9C	408	exact	Tsa_Ekrdragonfx_21
087F668C	087A2134	592	exact	Tsa_Ekrdragonfx_22
087F68DC	087A2384	512	exact	Tsa_Ekrdragonfx_23
087F6ADC	087A2584	452	exact	Tsa_Ekrdragonfx_24
087F6CA0	087A2748	352	exact	Tsa_Ekrdragonfx_25
087F6E00	087A28A8	308	exact	Tsa_Ekrdragonfx_26
087F6F34	087A29DC	268	exact	Tsa_Ekrdragonfx_27
087F7040	087A2AE8	252	exact	Tsa_Ekrdragonfx_28
087F713C	087A2BE4	232	exact	Tsa_Ekrdragonfx_29
087F7224	087A2CCC	236	exact	Tsa_Ekrdragonfx_30
087F7310	087A2DB8	232	exact	Tsa_Ekrdragonfx_31
087F73F8	087A2EA0	1376	exact	Img_Ekrdragonfx_26
087F7958	087A3400	1440	exact	Img_Ekrdragonfx_27
087F7EF8	087A39A0	1432	exact	Img_Ekrdragonfx_28
087F8490	087A3F38	1440	exact	Img_Ekrdragonfx_29
087F8A30	087A44D8	1424	exact	Img_Ekrdragonfx_30
087F8FC0	087A4A68	32	exact	Pal_Ekrdragonfx_6
087F8FE0	087A4A88	224	exact	Tsa_Ekrdragonfx_32
087F90C0	087A4B68	220	exact	Tsa_Ekrdragonfx_33
087F919C	087A4C44	232	exact	Tsa_Ekrdragonfx_34
087F9284	087A4D2C	224	exact	Tsa_Ekrdragonfx_35
087F9364	087A4E0C	224	exact	Tsa_Ekrdragonfx_36
087F9444	087A4EEC	556	exact	Img_DemonLightSprites_EyeFlash
087F9670	087A5118	32	exact	Pal_DemonLightSprites_EyeFlash
087F96A8	087A5150	48	exact	AnimSprite_Ekrdragonfx0_1
087F96D8	087A5180	36	exact	AnimSprite_Ekrdragonfx0_2
087F96FC	087A51A4	48	exact	AnimSprite_Ekrdragonfx0_3
087F972C	087A51D4	36	exact	AnimSprite_Ekrdragonfx0_4
087F9750	087A51F8	36	exact	AnimSprite_Ekrdragonfx0_5
087F9774	087A521C	24	exact	AnimSprite_Ekrdragonfx0_6
087F97BC	087A5264	24	exact	AnimSprite_Ekrdragonfx1_0
087F97D4	087A527C	48	exact	AnimSprite_Ekrdragonfx1_1
087F9804	087A52AC	36	exact	AnimSprite_Ekrdragonfx1_2
087F9828	087A52D0	48	exact	AnimSprite_Ekrdragonfx1_3
087F9858	087A5300	36	exact	AnimSprite_Ekrdragonfx1_4
087F987C	087A5324	36	exact	AnimSprite_Ekrdragonfx1_5
087F98A0	087A5348	24	exact	AnimSprite_Ekrdragonfx1_6
087F98E8	087A5390	956	exact	Img_DemonLightSprites
087F9CA4	087A574C	32	exact	Pal_DemonLightSprites
087F9CC4	087A576C	72	exact	AnimSprite_EfxMaohFlashEye_1
087F9D0C	087A57B4	72	exact	AnimSprite_EfxMaohFlashEye_2
087F9D54	087A57FC	24	exact	AnimSprite_EfxMaohFlashEye_3
087F9D6C	087A5814	24	exact	AnimSprite_EfxMaohFlashEye_4
087F9DE4	087A588C	36	exact	AnimSprite_EfxMaohFlashEye_9
087F9E08	087A58B0	36	exact	AnimSprite_EfxMaohFlashEye_10
087F9E2C	087A58D4	36	exact	AnimSprite_EfxMaohFlashEye_11
087F9E50	087A58F8	36	exact	AnimSprite_EfxMaohFlashEye_12
087F9E74	087A591C	36	exact	AnimSprite_EfxMaohFlashEye_13
087F9EE0	087A5988	72	exact	AnimSprite_EfxMaohFlashThunderObj_1
087F9F28	087A59D0	72	exact	AnimSprite_EfxMaohFlashThunderObj_2
087F9F70	087A5A18	24	exact	AnimSprite_EfxMaohFlashThunderObj_3
087F9F88	087A5A30	24	exact	AnimSprite_EfxMaohFlashThunderObj_4
087F9FDC	087A5A84	36	exact	AnimSprite_EfxMaohFlashThunderObj_8
087FA000	087A5AA8	36	exact	AnimSprite_EfxMaohFlashThunderObj_9
087FA024	087A5ACC	36	exact	AnimSprite_EfxMaohFlashThunderObj_10
087FA048	087A5AF0	36	exact	AnimSprite_EfxMaohFlashThunderObj_11
087FA06C	087A5B14	36	exact	AnimSprite_EfxMaohFlashThunderObj_12
087FA090	087A5B38	36	exact	AnimSprite_EfxMaohFlashThunderObj_13
087FA0FC	087A5BA4	760	exact	Img_DemonLightSprites_efxMaohFlashEyeFire1OBJ
087FA3F4	087A5E9C	848	exact	Img_DemonLightSprites_efxMaohFlashEyeFire2OBJ
087FA744	087A61EC	32	exact	Pal_DemonLightSprites_efxMaohFlashEyeFire
087FAB9C	087A6644	36	exact	AnimSprite_EfxMaohFlashEyeFire1Obj_5
087FB014	087A6ABC	36	exact	AnimSprite_EfxMaohFlashEyeFire1Obj_11
087FB48C	087A6F34	36	exact	AnimSprite_EfxMaohFlashEyeFire2Obj1_5
087FB908	087A73B0	36	exact	AnimSprite_EfxMaohFlashEyeFire2Obj1_11
087FB94C	087A73F4	2884	exact	Img_DemonLightBg_Close_1
087FC490	087A7F38	2876	exact	Img_DemonLightBg_Close_2
087FCFCC	087A8A74	2852	exact	Img_DemonLightBg_Close_3
087FDAF0	087A9598	2708	exact	Img_DemonLightBg_Close_4
087FE584	087AA02C	2684	exact	Img_DemonLightBg_Close_5
087FF000	087AAAA8	2736	exact	Img_DemonLightBg_Close_6
087FFAB0	087AB558	2712	exact	Img_DemonLightBg_Close_7
08800548	087ABFF0	2776	exact	Img_DemonLightBg_Close_8
08801020	087ACAC8	2692	exact	Img_DemonLightBg_Close_9
08801AA4	087AD54C	2720	exact	Img_DemonLightBg_Close_10
08802544	087ADFEC	2696	exact	Img_DemonLightBg_Close_11
08802FCC	087AEA74	2724	exact	Img_DemonLightBg_Close_12
08803A70	087AF518	2904	exact	Img_DemonLightBg_Close_13
088045C8	087B0070	2960	exact	Img_DemonLightBg_Close_14
08805158	087B0C00	2856	exact	Img_DemonLightBg_Close_15
08805C80	087B1728	2824	exact	Img_DemonLightBg_Close_16
08806988	087B2430	628	exact	Tsa_DemonLightBg_Close_1
08806BFC	087B26A4	632	exact	Tsa_DemonLightBg_Close_2
08806E74	087B291C	628	exact	Tsa_DemonLightBg_Close_3
088070E8	087B2B90	628	exact	Tsa_DemonLightBg_Close_4
088075D4	087B307C	628	exact	Tsa_DemonLightBg_Close_6
08807848	087B32F0	632	exact	Tsa_DemonLightBg_Close_7
08807AC0	087B3568	628	exact	Tsa_DemonLightBg_Close_8
08807D34	087B37DC	632	exact	Tsa_DemonLightBg_Close_9
08807FAC	087B3A54	628	exact	Tsa_DemonLightBg_Close_10
08808220	087B3CC8	632	exact	Tsa_DemonLightBg_Close_11
08808498	087B3F40	628	exact	Tsa_DemonLightBg_Close_12
0880870C	087B41B4	628	exact	Tsa_DemonLightBg_Close_13
08808980	087B4428	632	exact	Tsa_DemonLightBg_Close_14
08808BF8	087B46A0	628	exact	Tsa_DemonLightBg_Close_15
08808E6C	087B4914	628	exact	Tsa_DemonLightBg_Close_16
088090E0	087B4B88	2800	exact	Img_DemonLightBg_Close_17
08809BD0	087B5678	2848	exact	Img_DemonLightBg_Close_18
0880A6F0	087B6198	3004	exact	Img_DemonLightBg_Close_19
0880B2AC	087B6D54	3480	exact	Img_DemonLightBg_Close_20
0880C044	087B7AEC	3708	exact	Img_DemonLightBg_Close_21
0880CEC0	087B8968	3988	exact	Img_DemonLightBg_Close_22
0880DE54	087B98FC	4116	exact	Img_DemonLightBg_Close_23
0880EE68	087BA910	4500	exact	Img_DemonLightBg_Close_24
0880FFFC	087BBAA4	4660	exact	Img_DemonLightBg_Close_25
08811230	087BCCD8	4660	exact	Img_DemonLightBg_Close_26
08812464	087BDF0C	4432	exact	Img_DemonLightBg_Close_27
088135B4	087BF05C	3736	exact	Img_DemonLightBg_Close_28
0881444C	087BFEF4	2852	exact	Img_DemonLightBg_Close_29
08814F70	087C0A18	3020	exact	Img_DemonLightBg_Close_30
08815B3C	087C15E4	3364	exact	Img_DemonLightBg_Close_31
0881748C	087C2F34	624	exact	Tsa_DemonLightBg_Close_17
08817BEC	087C3694	604	exact	Tsa_DemonLightBg_Close_20
08817E48	087C38F0	584	exact	Tsa_DemonLightBg_Close_21
08818090	087C3B38	572	exact	Tsa_DemonLightBg_Close_22
088182CC	087C3D74	564	exact	Tsa_DemonLightBg_Close_23
08818500	087C3FA8	568	exact	Tsa_DemonLightBg_Close_24
08818738	087C41E0	576	exact	Tsa_DemonLightBg_Close_25
08818978	087C4420	576	exact	Tsa_DemonLightBg_Close_26
08818BB8	087C4660	588	exact	Tsa_DemonLightBg_Close_27
08818E04	087C48AC	580	exact	Tsa_DemonLightBg_Close_28
08819048	087C4AF0	432	exact	Tsa_DemonLightBg_Close_29
088191F8	087C4CA0	452	exact	Tsa_DemonLightBg_Close_30
088193BC	087C4E64	464	exact	Tsa_DemonLightBg_Close_31
0881958C	087C5034	348	exact	Tsa_DemonLightBg_Close_32
088196E8	087C5190	1364	exact	Img_DemonLightBg_0
08819C3C	087C56E4	2744	exact	Img_DemonLightBg4_Close_0
0881A6F4	087C619C	2904	exact	Img_DemonLightBg4_Close_1
0881B24C	087C6CF4	2436	exact	Img_DemonLightBg4_Close_2
0881BBD0	087C7678	2708	exact	Img_DemonLightBg4_Close_3
0881C664	087C810C	1456	exact	Img_DemonLightBg4_Close_4
0881CC14	087C86BC	1476	exact	Img_DemonLightBg4_Close_5
0881D1D8	087C8C80	1552	exact	Img_DemonLightBg4_Close_6
0881D808	087C92B0	32	exact	Pal_DemonLightBg4_Close_1
0881D828	087C92D0	32	exact	Pal_DemonLightBg4_Close_2
0881D848	087C92F0	32	exact	Pal_DemonLightBg4_Close_3
0881D868	087C9310	32	exact	Pal_DemonLightBg4_Close_4
0881D888	087C9330	32	exact	Pal_DemonLightBg4_Close_5
0881D8A8	087C9350	32	exact	Pal_DemonLightBg4_Close_6
0881D8C8	087C9370	32	exact	Pal_DemonLightBg4_Close_7
0881D8E8	087C9390	212	exact	Tsa_DemonLightBg4_Close_0
0881D9BC	087C9464	412	exact	Tsa_DemonLightBg4_Close_1
0881DB58	087C9600	536	exact	Tsa_DemonLightBg4_Close_2
0881DD70	087C9818	532	exact	Tsa_DemonLightBg4_Close_3
0881DF84	087C9A2C	448	exact	Tsa_DemonLightBg4_Close_4
0881E144	087C9BEC	264	exact	Tsa_DemonLightBg4_Close_5
0881E24C	087C9CF4	272	exact	Tsa_DemonLightBg4_Close_6
0881E35C	087C9E04	276	exact	Tsa_DemonLightBg4_Close_7
08820B54	087CC5FC	312	exact	Tsa_DemonLightBg3_Close_0
08820C8C	087CC734	324	exact	Tsa_DemonLightBg3_Close_1
08820DD0	087CC878	320	exact	Tsa_DemonLightBg3_Close_2
08821150	087CCBF8	2880	exact	Img_DemonLightBg_Far_1
08821C90	087CD738	2876	exact	Img_DemonLightBg_Far_2
088227CC	087CE274	2852	exact	Img_DemonLightBg_Far_3
088232F0	087CED98	2700	exact	Img_DemonLightBg_Far_4
08823D7C	087CF824	2676	exact	Img_DemonLightBg_Far_5
088247F0	087D0298	2724	exact	Img_DemonLightBg_Far_6
08825294	087D0D3C	2692	exact	Img_DemonLightBg_Far_7
08825D18	087D17C0	2772	exact	Img_DemonLightBg_Far_8
088267EC	087D2294	2692	exact	Img_DemonLightBg_Far_9
08827270	087D2D18	2720	exact	Img_DemonLightBg_Far_10
08827D10	087D37B8	2688	exact	Img_DemonLightBg_Far_11
08828790	087D4238	2732	exact	Img_DemonLightBg_Far_12
0882923C	087D4CE4	2896	exact	Img_DemonLightBg_Far_13
08829D8C	087D5834	2952	exact	Img_DemonLightBg_Far_14
0882A914	087D63BC	2856	exact	Img_DemonLightBg_Far_15
0882B43C	087D6EE4	2820	exact	Img_DemonLightBg_Far_16
0882C140	087D7BE8	628	exact	Tsa_DemonLightBg_Far_1
0882C3B4	087D7E5C	632	exact	Tsa_DemonLightBg_Far_2
0882C62C	087D80D4	628	exact	Tsa_DemonLightBg_Far_3
0882C8A0	087D8348	628	exact	Tsa_DemonLightBg_Far_4
0882CB14	087D85BC	632	exact	Tsa_DemonLightBg_Far_5
0882CD8C	087D8834	628	exact	Tsa_DemonLightBg_Far_6
0882D000	087D8AA8	632	exact	Tsa_DemonLightBg_Far_7
0882D278	087D8D20	628	exact	Tsa_DemonLightBg_Far_8
0882D4EC	087D8F94	632	exact	Tsa_DemonLightBg_Far_9
0882D764	087D920C	628	exact	Tsa_DemonLightBg_Far_10
0882DC50	087D96F8	628	exact	Tsa_DemonLightBg_Far_12
0882DEC4	087D996C	628	exact	Tsa_DemonLightBg_Far_13
0882E138	087D9BE0	632	exact	Tsa_DemonLightBg_Far_14
0882E3B0	087D9E58	628	exact	Tsa_DemonLightBg_Far_15
0882E624	087DA0CC	628	exact	Tsa_DemonLightBg_Far_16
0882E898	087DA340	2816	exact	Img_DemonLightBg_Far_17
0882F398	087DAE40	2848	exact	Img_DemonLightBg_Far_18
0882FEB8	087DB960	3000	exact	Img_DemonLightBg_Far_19
08830A70	087DC518	3440	exact	Img_DemonLightBg_Far_20
088317E0	087DD288	3648	exact	Img_DemonLightBg_Far_21
08832620	087DE0C8	3944	exact	Img_DemonLightBg_Far_22
08833588	087DF030	4092	exact	Img_DemonLightBg_Far_23
08834584	087E002C	4452	exact	Img_DemonLightBg_Far_24
088356E8	087E1190	4604	exact	Img_DemonLightBg_Far_25
088368E4	087E238C	4608	exact	Img_DemonLightBg_Far_26
08837AE4	087E358C	4320	exact	Img_DemonLightBg_Far_27
08838BC4	087E466C	3656	exact	Img_DemonLightBg_Far_28
08839A0C	087E54B4	2848	exact	Img_DemonLightBg_Far_29
0883A52C	087E5FD4	3004	exact	Img_DemonLightBg_Far_30
0883B0E8	087E6B90	3344	exact	Img_DemonLightBg_Far_31
0883CA24	087E84CC	624	exact	Tsa_DemonLightBg_Far_17
0883D184	087E8C2C	604	exact	Tsa_DemonLightBg_Far_20
0883D3E0	087E8E88	584	exact	Tsa_DemonLightBg_Far_21
0883D628	087E90D0	580	exact	Tsa_DemonLightBg_Far_22
0883D86C	087E9314	576	exact	Tsa_DemonLightBg_Far_23
0883DAAC	087E9554	580	exact	Tsa_DemonLightBg_Far_24
0883DCF0	087E9798	584	exact	Tsa_DemonLightBg_Far_25
0883DF38	087E99E0	584	exact	Tsa_DemonLightBg_Far_26
0883E180	087E9C28	592	exact	Tsa_DemonLightBg_Far_27
0883E3D0	087E9E78	584	exact	Tsa_DemonLightBg_Far_28
0883E618	087EA0C0	424	exact	Tsa_DemonLightBg_Far_29
0883E7C0	087EA268	436	exact	Tsa_DemonLightBg_Far_30
0883E974	087EA41C	436	exact	Tsa_DemonLightBg_Far_31
0883EB28	087EA5D0	348	exact	Tsa_DemonLightBg_Far_32
0883EC84	087EA72C	1364	exact	Img_DemonLightBg_1
0883F1D8	087EAC80	2692	exact	Img_DemonLightBg4_Far_0
0883FC5C	087EB704	2384	exact	Img_DemonLightBg4_Far_1
088405AC	087EC054	2288	exact	Img_DemonLightBg4_Far_2
08840E9C	087EC944	2412	exact	Img_DemonLightBg4_Far_3
08841808	087ED2B0	1400	exact	Img_DemonLightBg4_Far_4
08841D80	087ED828	1432	exact	Img_DemonLightBg4_Far_5
08842318	087EDDC0	1504	exact	Img_DemonLightBg4_Far_6
08842918	087EE3C0	32	exact	Pal_DemonLightBg4_Far_1
08842938	087EE3E0	32	exact	Pal_DemonLightBg4_Far_2
08842958	087EE400	32	exact	Pal_DemonLightBg4_Far_3
08842978	087EE420	32	exact	Pal_DemonLightBg4_Far_4
08842998	087EE440	32	exact	Pal_DemonLightBg4_Far_5
088429B8	087EE460	32	exact	Pal_DemonLightBg4_Far_6
088429D8	087EE480	32	exact	Pal_DemonLightBg4_Far_7
088429F8	087EE4A0	216	exact	Tsa_DemonLightBg4_Far_0
08842AD0	087EE578	408	exact	Tsa_DemonLightBg4_Far_1
08842C68	087EE710	488	exact	Tsa_DemonLightBg4_Far_2
08842E50	087EE8F8	508	exact	Tsa_DemonLightBg4_Far_3
0884304C	087EEAF4	436	exact	Tsa_DemonLightBg4_Far_4
08843200	087EECA8	260	exact	Tsa_DemonLightBg4_Far_5
08843304	087EEDAC	260	exact	Tsa_DemonLightBg4_Far_6
08843408	087EEEB0	268	exact	Tsa_DemonLightBg4_Far_7
08845D30	087F17D8	324	exact	Tsa_DemonLightBg3_Far_1
088461EC	087F1C94	2000	exact	Img_DemonLightBg_2
088469BC	087F2464	2524	exact	Img_DemonLightBg_3
08847398	087F2E40	3540	exact	Img_DemonLightBg_4
0884816C	087F3C14	32	exact	Pal_DemonLightBg_0
0884818C	087F3C34	32	exact	Pal_DemonLightBg_1
088481AC	087F3C54	32	exact	Pal_Ekrdragonfx_2
088481CC	087F3C74	236	exact	Tsa_DemonLightBg_0
088482B8	087F3D60	296	exact	Tsa_DemonLightBg_1
088483E0	087F3E88	440	exact	Tsa_DemonLightBg_2
08848598	087F4040	180	exact	AnimSprite_DemoKingTunkFace_1
0884864C	087F40F4	144	exact	AnimSprite_DemoKingTunkFace_2
088486EC	087F4194	192	exact	AnimSprite_DemoKingTunkFace_3
088487AC	087F4254	192	exact	AnimSprite_DemoKingTunkFace_4
0884887C	087F4324	112	masked	ProcScr_EkrDK
08848950	087F43F8	96	masked	ProcScr_EkrDemoKingAtkRavagerCritical
088489B0	087F4458	88	masked	ProcScr_EkrDemoKingAtkRavagerNormal
08848A08	087F44B0	48	masked	ProcScr_EkrDemoKingBodyShake
08848A70	087F4518	48	masked	ProcScr_EkrdragonDemonking_0
08848AA0	087F4548	48	masked	ProcScr_ekrDragonTunkFace
08848B28	087F45D0	456	exact	Tsa_Ekrdk_0
08848CF0	087F4798	12788	exact	Img_DemonKingBG
0884BEE4	087F798C	1084	exact	Tsa_DemonKingBG1
0884C320	087F7DC8	1032	exact	Tsa_DemonKingBG2
0884C728	087F81D0	1036	exact	Tsa_DemonKingBG3
0884CB54	087F85FC	676	exact	Img_EfxSelfThunderBG1
0884CDF8	087F88A0	1000	exact	Img_EfxSelfThunderBG2
0884D1E0	087F8C88	1220	exact	Img_EfxSelfThunderBG3
0884D6A4	087F914C	1456	exact	Img_EfxSelfThunderBG4
0884DC54	087F96FC	1524	exact	Img_EfxSelfThunderBG5
0884E248	087F9CF0	1404	exact	Img_EfxSelfThunderBG6
0884E7C4	087FA26C	1380	exact	Img_EfxSelfThunderBG7
0884ED28	087FA7D0	1240	exact	Img_EfxSelfThunderBG8
0884F200	087FACA8	1088	exact	Img_EfxSelfThunderBG9
0884F640	087FB0E8	936	exact	Img_EfxSelfThunderBG10
0884F9E8	087FB490	928	exact	Img_EfxSelfThunderBG11
0884FD88	087FB830	860	exact	Img_EfxSelfThunderBG12
088500E4	087FBB8C	856	exact	Img_EfxSelfThunderBG13
0885043C	087FBEE4	932	exact	Img_EfxSelfThunderBG14
088507E0	087FC288	872	exact	Img_EfxSelfThunderBG15
08850B48	087FC5F0	848	exact	Img_EfxSelfThunderBG16
08850E98	087FC940	300	exact	TSA1_EfxSelfThunderBG1
08850FC4	087FCA6C	332	exact	TSA1_EfxSelfThunderBG2
08851110	087FCBB8	380	exact	TSA1_EfxSelfThunderBG3
0885128C	087FCD34	388	exact	TSA1_EfxSelfThunderBG4
08851410	087FCEB8	408	exact	TSA1_EfxSelfThunderBG5
088515A8	087FD050	388	exact	TSA1_EfxSelfThunderBG6
0885172C	087FD1D4	388	exact	TSA1_EfxSelfThunderBG7
088518B0	087FD358	372	exact	TSA1_EfxSelfThunderBG8
08851A24	087FD4CC	344	exact	TSA1_EfxSelfThunderBG9
08851B7C	087FD624	324	exact	TSA1_EfxSelfThunderBG10
08851CC0	087FD768	328	exact	TSA1_EfxSelfThunderBG11
08851E08	087FD8B0	316	exact	TSA1_EfxSelfThunderBG12
08851F44	087FD9EC	312	exact	TSA1_EfxSelfThunderBG13
0885207C	087FDB24	340	exact	TSA1_EfxSelfThunderBG14
088521D0	087FDC78	336	exact	TSA1_EfxSelfThunderBG15
08852320	087FDDC8	332	exact	TSA1_EfxSelfThunderBG16
0885246C	087FDF14	296	exact	TSA2_EfxSelfThunderBG1
08852594	087FE03C	320	exact	TSA2_EfxSelfThunderBG2
088526D4	087FE17C	344	exact	TSA2_EfxSelfThunderBG3
0885282C	087FE2D4	352	exact	TSA2_EfxSelfThunderBG4
0885298C	087FE434	376	exact	TSA2_EfxSelfThunderBG5
08852B04	087FE5AC	368	exact	TSA2_EfxSelfThunderBG6
08852C74	087FE71C	380	exact	TSA2_EfxSelfThunderBG7
08852DF0	087FE898	368	exact	TSA2_EfxSelfThunderBG8
08852F60	087FEA08	344	exact	TSA2_EfxSelfThunderBG9
088530B8	087FEB60	320	exact	TSA2_EfxSelfThunderBG10
088531F8	087FECA0	328	exact	TSA2_EfxSelfThunderBG11
08853340	087FEDE8	312	exact	TSA2_EfxSelfThunderBG12
08853478	087FEF20	312	exact	TSA2_EfxSelfThunderBG13
088535B0	087FF058	340	exact	TSA2_EfxSelfThunderBG14
08853704	087FF1AC	332	exact	TSA2_EfxSelfThunderBG15
08853850	087FF2F8	336	exact	TSA2_EfxSelfThunderBG16
088539A0	087FF448	32	exact	Pal1_EfxSelfThunderBG
088539C0	087FF468	32	exact	Pal2_EfxSelfThunderBG
088539E0	087FF488	4548	exact	Img_DemoKingTunkFace
08854BA4	0880064C	4500	exact	Img_DemoKingTunkFace2
08855D68	08801810	48	masked	ProcScr_EkrdragonDemonkingobj_1
08855DB0	08801858	8	exact	gEkrdragonDemonkingobj_0
08855DB8	08801860	8	exact	gEkrdragonDemonkingobj_1
08855DF8	088018A0	340	masked	gEfxSelfThunderBGFrames
08855F4C	088019F4	162	exact	gEkrdragonDemonkingobj_array1
08855FEE	08801A96	20	exact	gEkrdragonDemonkingobj_array2
0885602C	08801AD4	64	exact	gEkrdragonDemonkingobj_array1_1
0885606C	08801B14	64	exact	gEkrdragonDemonkingobj_array2_1
088560AC	08801B54	64	exact	gEkrdragonDemonkingobj_array3
088560EC	08801B94	64	exact	gEkrdragonDemonkingobj_array4
0885616C	08801C14	872	exact	Img_Banimmisc_0
088564D4	08801F7C	120	exact	Img_EfxLeftNameBox
0885654C	08801FF4	80	exact	Img_EfxLeftItemBox
0885659C	08802044	120	exact	Img_EfxRightNameBox
08856614	088020BC	80	exact	Img_EfxRightItemBox
08856664	0880210C	180	exact	gBanimmisc_0
08856718	088021C0	180	exact	gBanimmisc_1
088567CC	08802274	212	exact	gBanimmisc_2
088568A0	08802348	224	exact	gBanimmisc_3
08856980	08802428	224	exact	gBanimmisc_4
08856A60	08802508	80	exact	gBanimmisc_5
08856AB0	08802558	128	exact	gBanimmisc_6
08856B30	088025D8	156	exact	Img_EfxSideHitDmgCrit
08856BCC	08802674	36	exact	Img_EfxWTAArrow1
08856BF0	08802698	76	exact	Img_EfxWTAArrow2
08856C3C	088026E4	416	exact	gBanimmisc_7
08856DDC	08802884	128	exact	gBanimmisc_8
08856E5C	08802904	512	exact	gBanimmisc_9
088570DC	08802B84	64	exact	gPalEfxHpBarGreen
0885711C	08802BC4	192	exact	gBanimmisc_11
088571DC	08802C84	160	exact	gPalEfxHpBarPurple
0885729C	08802D44	896	exact	Img_EkrExpBar
0885761C	088030C4	768	exact	Img_EkrExpBarChange
0885791C	088033C4	352	exact	Img_BarNumfx
08857A7C	08803524	108	exact	Tsa_EkrExpBar
08857AE8	08803590	32	exact	Pal_ExpBar
08857B08	088035B0	1080	exact	Img_LevelUpBoxFrame
08857F40	088039E8	296	exact	Tsa_LevelUpBoxFrame
08858068	08803B10	32	exact	Pal_LevelUpBoxFrame
08858088	08803B30	160	exact	Img_EkrPopup
08858128	08803BD0	224	exact	gBanimmisc_12
08858208	08803CB0	32	exact	Pal_EkrPopup
08858228	08803CD0	148	exact	Tsa_EkrPopup
0885FDE2	0880B88A	65	exact	TerrainTable_MovCost_ArmorNormal
0885FE23	0880B8CB	65	exact	TerrainTable_MovCost_FighterNormal
0885FE64	0880B90C	65	exact	TerrainTable_MovCost_BerserkerNormal
0885FEA5	0880B94D	65	exact	TerrainTable_MovCost_BrigandNormal
0885FEE6	0880B98E	65	exact	TerrainTable_MovCost_PirateNormal
0885FF68	0880BA10	65	exact	TerrainTable_MovCost_MagicNormal
0885FFEA	0880BA92	65	exact	TerrainTable_MovCost_HorseT1Normal
0886002B	0880BAD3	65	exact	TerrainTable_MovCost_HorseT2Normal
0886006C	0880BB14	65	exact	TerrainTable_MovCost_AnimalT1Normal
088600AD	0880BB55	65	exact	TerrainTable_MovCost_AnimalT2Normal
088600EE	0880BB96	65	exact	TerrainTable_MovCost_FlyNormal
0886012F	0880BBD7	65	exact	TerrainTable_MovCost_DemonKing
08860170	0880BC18	65	exact	Unk_TerrainTable_0
088609D1	0880C479	65	exact	TerrainTable_Avo_Common
08860A12	0880C4BA	65	exact	TerrainTable_Def_Common
08860B57	0880C5FF	65	exact	Unk_TerrainTable_3
08860B98	0880C640	65	exact	Unk_TerrainTable_4
08860BD9	0880C681	65	exact	Unk_TerrainTable_5
08860C5B	0880C703	65	exact	Unk_TerrainTable_7
08860C9C	0880C744	65	exact	TerrainTable_HealAmount
08860CDD	0880C785	65	exact	TerrainTable_HealsStatus
08860D1E	0880C7C6	65	exact	BanimTerrainGroundDefault
08860D5F	0880C807	65	exact	BanimTerrainGround_Tileset01
08860DA0	0880C848	65	exact	BanimTerrainGround_Tileset02
08860DE1	0880C889	65	exact	BanimTerrainGround_Tileset03
08860E22	0880C8CA	65	exact	BanimTerrainGround_Tileset04
08860E63	0880C90B	65	exact	BanimTerrainGround_Tileset05
08860EA4	0880C94C	65	exact	BanimTerrainGround_Tileset06
08860EE5	0880C98D	65	exact	BanimTerrainGround_Tileset07
08860F26	0880C9CE	65	exact	BanimTerrainGround_Tileset08
08860FA8	0880CA50	65	exact	BanimTerrainGround_Tileset0A
08860FE9	0880CA91	65	exact	BanimTerrainGround_Tileset0B
0886102A	0880CAD2	65	exact	BanimTerrainGround_Tileset0C
0886106B	0880CB13	65	exact	BanimTerrainGround_Tileset0D
088610AC	0880CB54	65	exact	BanimTerrainGround_Tileset0E
0886112E	0880CBD6	65	exact	BanimTerrainGround_Tileset10
0886116F	0880CC17	65	exact	BanimTerrainGround_Tileset11
088611B0	0880CC58	65	exact	BanimTerrainGround_Tileset12
08861232	0880CCDA	65	exact	BanimTerrainGround_Tileset14
08861273	0880CD1B	65	exact	gBanimBGLutDefault
088612B4	0880CD5C	65	exact	gBanimBGLut01
088612F5	0880CD9D	65	exact	gBanimBGLut02
08861336	0880CDDE	65	exact	gBanimBGLut03
08861377	0880CE1F	65	exact	gBanimBGLut04
088613B8	0880CE60	65	exact	gBanimBGLut05
088613F9	0880CEA1	65	exact	gBanimBGLut06
0886143A	0880CEE2	65	exact	gBanimBGLut07
088614BC	0880CF64	65	exact	gBanimBGLut09
088614FD	0880CFA5	65	exact	gBanimBGLut0A
0886153E	0880CFE6	65	exact	gBanimBGLut0B
0886157F	0880D027	65	exact	gBanimBGLut0C
088615C0	0880D068	65	exact	gBanimBGLut0D
08861601	0880D0A9	65	exact	gBanimBGLut0E
08861642	0880D0EA	65	exact	gBanimBGLut0F
08861683	0880D12B	65	exact	gBanimBGLut10
088616C4	0880D16C	65	exact	gBanimBGLut11
08861705	0880D1AD	65	exact	gBanimBGLut12
08861746	0880D1EE	65	exact	gBanimBGLut13
08861787	0880D22F	65	exact	gBanimBGLut14
08861950	0880D3F8	32	exact	portrait_Mystery_faded_palette
08861F70	0880DA18	464	exact	portrait_Mystery_faded_chibi
08863144	0880EBEC	32	exact	portrait_Demon_King_palette
08863164	0880EC0C	2476	exact	portrait_Demon_King_card
08863B10	0880F5B8	32	exact	portrait_Manakete_Zombie_palette
08863B30	0880F5D8	2172	exact	portrait_Manakete_Zombie_card
088643CC	0880FE74	1776	exact	portrait_Deathgoyle_card
08864ABC	08810564	32	exact	portrait_Gargoyle_palette
08864ADC	08810584	1752	exact	portrait_Gargoyle_card
088651D4	08810C7C	2108	exact	portrait_Gorgon_card
08865A30	088114D8	1728	exact	portrait_Arch_Mogall_card
088660F0	08811B98	32	exact	portrait_Mogall_palette
08866110	08811BB8	1684	exact	portrait_Mogall_card
088667A4	0881224C	32	exact	portrait_Maelduin_palette
088667C4	0881226C	1980	exact	portrait_Maelduin_card
08866F80	08812A28	32	exact	portrait_Tarvos_palette
08866FA0	08812A48	1988	exact	portrait_Tarvos_card
08867764	0881320C	32	exact	portrait_Gwyllgi_palette
08867784	0881322C	1872	exact	portrait_Gwyllgi_card
08867ED4	0881397C	32	exact	portrait_Mauthedoog_palette
08867EF4	0881399C	1748	exact	portrait_Mauthedoog_card
088685C8	08814070	32	exact	portrait_Cyclops_palette
088685E8	08814090	2024	exact	portrait_Cyclops_card
08868DD0	08814878	32	exact	portrait_Elder_Bael_palette
08868DF0	08814898	2268	exact	portrait_Elder_Bael_card
088696CC	08815174	32	exact	portrait_Bael_palette
088696EC	08815194	2240	exact	portrait_Bael_card
08869FAC	08815A54	32	exact	portrait_Wight_palette
08869FCC	08815A74	1672	exact	portrait_Wight_card
0886A654	088160FC	32	exact	portrait_Bonewalker_palette
0886A674	0881611C	1644	exact	portrait_Bonewalker_card
0886ACE0	08816788	32	exact	portrait_Entombed_palette
0886AD00	088167A8	1600	exact	portrait_Entombed_card
0886B340	08816DE8	32	exact	portrait_Revenant_palette
0886B360	08816E08	1584	exact	portrait_Revenant_card
0886B990	08817438	32	exact	portrait_Phantom_palette
0886B9B0	08817458	1948	exact	portrait_Phantom_card
0886C14C	08817BF4	32	exact	portrait_Ranger_palette
0886C16C	08817C14	1948	exact	portrait_Ranger_card
0886C908	088183B0	32	exact	portrait_Great_Knight_palette
0886C928	088183D0	2060	exact	portrait_Great_Knight_card
0886D134	08818BDC	32	exact	portrait_Mage_Knight_palette
0886D154	08818BFC	2088	exact	portrait_Mage_Knight_card
0886D97C	08819424	32	exact	portrait_Rogue_palette
0886D99C	08819444	1460	exact	portrait_Rogue_card
0886DF50	088199F8	32	exact	portrait_Wyvern_Knight_palette
0886DF70	08819A18	2192	exact	portrait_Wyvern_Knight_card
0886E800	0881A2A8	32	exact	portrait_Fleet_palette
0886E820	0881A2C8	1828	exact	portrait_Fleet_card
0886EF44	0881A9EC	32	exact	portrait_Hero_palette
0886EF64	0881AA0C	1552	exact	portrait_Hero_card
0886F574	0881B01C	32	exact	portrait_Mercenary_palette
0886F594	0881B03C	1496	exact	portrait_Mercenary_card
0886FB6C	0881B614	32	exact	portrait_Manakete_palette
0886FB8C	0881B634	2364	exact	portrait_Manakete_card
088704E8	0881BF90	1388	exact	portrait_Thief_card
08870A54	0881C4FC	32	exact	portrait_Berserker_palette
08870A74	0881C51C	2028	exact	portrait_Berserker_card
08871260	0881CD08	32	exact	portrait_Pirate_palette
08871280	0881CD28	2088	exact	portrait_Pirate_card
08871AA8	0881D550	32	exact	portrait_Bandit_palette
08871AC8	0881D570	1844	exact	portrait_Bandit_card
088721FC	0881DCA4	32	exact	portrait_Soldier_palette
0887221C	0881DCC4	1556	exact	portrait_Soldier_card
08872850	0881E2F8	2132	exact	portrait_Wyvern_Lord_card
088730C4	0881EB6C	2052	exact	portrait_Wyvern_Rider_card
088738C8	0881F370	32	exact	portrait_Falcon_Knight_palette
088738E8	0881F390	2316	exact	portrait_Falcon_Knight_card
088741F4	0881FC9C	32	exact	portrait_Pegasus_Knight_palette
08874214	0881FCBC	2268	exact	portrait_Pegasus_Knight_card
08874B10	088205B8	1924	exact	portrait_Nomadic_Trooper_card
08875294	08820D3C	32	exact	portrait_Nomad_palette
088752B4	08820D5C	1880	exact	portrait_Nomad_card
08875A2C	088214D4	1968	exact	portrait_Valkyrie_card
088761DC	08821C84	32	exact	portrait_Troubadour_palette
088761FC	08821CA4	1860	exact	portrait_Troubadour_card
08876960	08822408	2280	exact	portrait_Paladin_card
08877248	08822CF0	32	exact	portrait_Cavalier_palette
08877268	08822D10	2208	exact	portrait_Cavalier_card
08877B28	088235D0	1908	exact	portrait_Druid_card
0887829C	08823D44	32	exact	portrait_Shaman_palette
088782BC	08823D64	1652	exact	portrait_Shaman_card
08878930	088243D8	32	exact	portrait_Sage_palette
08878950	088243F8	1684	exact	portrait_Sage_card
08879004	08824AAC	1728	exact	portrait_Mage_card
088796C4	0882516C	32	exact	portrait_Bishop_palette
088796E4	0882518C	1676	exact	portrait_Bishop_card
08879D70	08825818	32	exact	portrait_Priest_palette
08879D90	08825838	1516	exact	portrait_Priest_card
0887A37C	08825E24	32	exact	portrait_Sniper_palette
0887A39C	08825E44	1564	exact	portrait_Sniper_card
0887A9B8	08826460	32	exact	portrait_Archer_palette
0887A9D8	08826480	1480	exact	portrait_Archer_card
0887AFC0	08826A68	2076	exact	portrait_General_card
0887B7FC	088272A4	1876	exact	portrait_Knight_card
0887BF50	088279F8	32	exact	portrait_Warrior_palette
0887BF70	08827A18	2016	exact	portrait_Warrior_card
0887C750	088281F8	32	exact	portrait_Fighter_palette
0887C770	08828218	1864	exact	portrait_Fighter_card
0887CED8	08828980	1368	exact	portrait_Swordmaster_card
0887D450	08828EF8	1480	exact	portrait_Myrmidon_card
0887DA18	088294C0	32	exact	portrait_Another_Soldier_palette
0887DA38	088294E0	32	exact	portrait_Purple_Soldier_palette
0887DA58	08829500	32	exact	portrait_Rausten_Soldier_palette
0887DA78	08829520	32	exact	portrait_Novala_Clone_palette
0887DA98	08829540	32	exact	portrait_O_Neill_Clone_2_palette
0887DAB8	08829560	32	exact	portrait_O_Neill_Clone_palette
0887DAD8	08829580	32	exact	portrait_Soldier_2_palette
0887DAF8	088295A0	32	exact	portrait_Soldier_1_palette
0887DB18	088295C0	1536	exact	portrait_Soldier_1_mouth
0887E1B0	08829C58	4100	exact	portrait_Soldier_1_tileset
0887F1B4	0882AC5C	32	exact	portrait_Frelia_Knight_palette
0887F1D4	0882AC7C	1536	exact	portrait_Frelia_Knight_mouth
0887F86C	0882B314	4100	exact	portrait_Frelia_Knight_tileset
08880870	0882C318	32	exact	portrait_Secret_Shop_palette
08880890	0882C338	1536	exact	portrait_Secret_Shop_mouth
08880E90	0882C938	4100	exact	portrait_Secret_Shop_tileset
08881E94	0882D93C	32	exact	portrait_Arena_palette
08881EB4	0882D95C	1536	exact	portrait_Arena_mouth
088824B4	0882DF5C	4100	exact	portrait_Arena_tileset
088834B8	0882EF60	32	exact	portrait_Vendor_palette
088834D8	0882EF80	1536	exact	portrait_Vendor_mouth
08883AD8	0882F580	4100	exact	portrait_Vendor_tileset
08884ADC	08830584	32	exact	portrait_Armoury_palette
08884AFC	088305A4	1536	exact	portrait_Armoury_mouth
088850FC	08830BA4	4100	exact	portrait_Armoury_tileset
08886100	08831BA8	32	exact	portrait_Anna_palette
08886120	08831BC8	1536	exact	portrait_Anna_mouth
088867B8	08832260	4100	exact	portrait_Anna_tileset
088877BC	08833264	32	exact	portrait_Villager_Girl_Young_palette
088877DC	08833284	1536	exact	portrait_Villager_Girl_Young_mouth
08887E74	0883391C	4100	exact	portrait_Villager_Girl_Young_tileset
08888E78	08834920	32	exact	portrait_Villager_Girl_Black_Hair_palette
08888E98	08834940	1536	exact	portrait_Villager_Girl_Black_Hair_mouth
08889530	08834FD8	4100	exact	portrait_Villager_Girl_Black_Hair_tileset
0888A534	08835FDC	32	exact	portrait_Villager_Girl_Brown_Hair_palette
0888A554	08835FFC	1536	exact	portrait_Villager_Girl_Brown_Hair_mouth
0888ABEC	08836694	4100	exact	portrait_Villager_Girl_Brown_Hair_tileset
0888BBF0	08837698	32	exact	portrait_Villager_Woman_palette
0888BC10	088376B8	1536	exact	portrait_Villager_Woman_mouth
0888C2A8	08837D50	4100	exact	portrait_Villager_Woman_tileset
0888D2AC	08838D54	32	exact	portrait_Villager_Old_Woman_palette
0888D2CC	08838D74	1536	exact	portrait_Villager_Old_Woman_mouth
0888D964	0883940C	4100	exact	portrait_Villager_Old_Woman_tileset
0888E968	0883A410	32	exact	portrait_Villager_Young_Boy_palette
0888E988	0883A430	1536	exact	portrait_Villager_Young_Boy_mouth
0888F020	0883AAC8	4100	exact	portrait_Villager_Young_Boy_tileset
08890024	0883BACC	32	exact	portrait_Villager_Young_Man_palette
08890044	0883BAEC	1536	exact	portrait_Villager_Young_Man_mouth
088906DC	0883C184	4100	exact	portrait_Villager_Young_Man_tileset
088916E0	0883D188	32	exact	portrait_Villager_Man_4_palette
08891700	0883D1A8	1536	exact	portrait_Villager_Man_4_mouth
08891D98	0883D840	4100	exact	portrait_Villager_Man_4_tileset
08892D9C	0883E844	32	exact	portrait_Villager_Man_3_palette
08892DBC	0883E864	1536	exact	portrait_Villager_Man_3_mouth
08893454	0883EEFC	4100	exact	portrait_Villager_Man_3_tileset
08894458	0883FF00	32	exact	portrait_Villager_Man_2_palette
08894478	0883FF20	1536	exact	portrait_Villager_Man_2_mouth
08894B10	088405B8	4100	exact	portrait_Villager_Man_2_tileset
08895B14	088415BC	32	exact	portrait_Villager_Old_Man_palette
08895B34	088415DC	1536	exact	portrait_Villager_Old_Man_mouth
088961CC	08841C74	4100	exact	portrait_Villager_Old_Man_tileset
088971D0	08842C78	32	exact	portrait_Villager_Man_1_palette
088971F0	08842C98	1536	exact	portrait_Villager_Man_1_mouth
08897888	08843330	4100	exact	portrait_Villager_Man_1_tileset
0889888C	08844334	32	exact	portrait_Ismaire_palette
088988AC	08844354	1536	exact	portrait_Ismaire_mouth
08898EAC	08844954	432	exact	portrait_Ismaire_chibi
0889905C	08844B04	4100	exact	portrait_Ismaire_tileset
0889A060	08845B08	32	exact	portrait_Saleh_Grandma_palette
0889A080	08845B28	1536	exact	portrait_Saleh_Grandma_mouth
0889A718	088461C0	4100	exact	portrait_Saleh_Grandma_tileset
0889B71C	088471C4	32	exact	portrait_Klimt_palette
0889B73C	088471E4	1536	exact	portrait_Klimt_mouth
0889BDD4	0884787C	4100	exact	portrait_Klimt_tileset
0889CDD8	08848880	32	exact	portrait_Mansel_palette
0889CDF8	088488A0	1536	exact	portrait_Mansel_mouth
0889D3F8	08848EA0	460	exact	portrait_Mansel_chibi
0889D5C4	0884906C	4100	exact	portrait_Mansel_tileset
0889E5C8	0884A070	32	exact	portrait_Hayden_palette
0889E5E8	0884A090	1536	exact	portrait_Hayden_mouth
0889EBE8	0884A690	444	exact	portrait_Hayden_chibi
0889EDA4	0884A84C	4100	exact	portrait_Hayden_tileset
0889FDA8	0884B850	32	exact	portrait_Fado_palette
0889FDC8	0884B870	1536	exact	portrait_Fado_mouth
088A03C8	0884BE70	468	exact	portrait_Fado_chibi
088A059C	0884C044	4100	exact	portrait_Fado_tileset
088A15A0	0884D048	32	exact	portrait_Lyon_flashback_palette
088A15C0	0884D068	32	exact	portrait_Vigarde_flashback_palette
088A15E0	0884D088	32	exact	portrait_Man_Unused_palette
088A1600	0884D0A8	1536	exact	portrait_Man_Unused_mouth
088A1C00	0884D6A8	464	exact	portrait_Man_Unused_chibi
088A1DD0	0884D878	4100	exact	portrait_Man_Unused_tileset
088A2DD4	0884E87C	32	exact	portrait_Bandit_1_palette
088A2DF4	0884E89C	1536	exact	portrait_Bandit_1_mouth
088A33F4	0884EE9C	456	exact	portrait_Bandit_1_chibi
088A35BC	0884F064	4100	exact	portrait_Bandit_1_tileset
088A45C0	08850068	32	exact	portrait_Glen_palette
088A45E0	08850088	1536	exact	portrait_Glen_mouth
088A4BE0	08850688	456	exact	portrait_Glen_chibi
088A4DA8	08850850	4100	exact	portrait_Glen_tileset
088A5DAC	08851854	32	exact	portrait_Lyon_evil_palette
088A5DCC	08851874	1536	exact	portrait_Lyon_evil_mouth
088A63CC	08851E74	516	exact	portrait_Lyon_evil_chibi
088A65D0	08852078	4100	exact	portrait_Lyon_evil_tileset
088A75D4	0885307C	32	exact	portrait_Morva_palette
088A75F4	0885309C	1536	exact	portrait_Morva_mouth
088A7BF4	0885369C	444	exact	portrait_Morva_chibi
088A7DB0	08853858	4100	exact	portrait_Morva_tileset
088A8DD4	0885487C	1536	exact	portrait_Riev_mouth
088A93D4	08854E7C	472	exact	portrait_Riev_chibi
088A95AC	08855054	4100	exact	portrait_Riev_tileset
088AA5D0	08856078	1536	exact	portrait_Lyon_mouth
088AABD0	08856678	516	exact	portrait_Lyon_chibi
088AADD4	0885687C	4100	exact	portrait_Lyon_tileset
088ABDD8	08857880	32	exact	portrait_Orson_palette
088ABDF8	088578A0	1536	exact	portrait_Orson_mouth
088AC3F8	08857EA0	472	exact	portrait_Orson_chibi
088AC5D0	08858078	4100	exact	portrait_Orson_tileset
088AD5D4	0885907C	32	exact	portrait_Orson_drugged_palette
088AD5F4	0885909C	1536	exact	portrait_Orson_drugged_mouth
088ADBF4	0885969C	476	exact	portrait_Orson_drugged_chibi
088ADDD0	08859878	4100	exact	portrait_Orson_drugged_tileset
088AEDD4	0885A87C	32	exact	portrait_Caellach_palette
088AEDF4	0885A89C	1536	exact	portrait_Caellach_mouth
088AF3F4	0885AE9C	476	exact	portrait_Caellach_chibi
088AF5D0	0885B078	4100	exact	portrait_Caellach_tileset
088B05D4	0885C07C	32	exact	portrait_Valter_palette
088B05F4	0885C09C	1536	exact	portrait_Valter_mouth
088B0BF4	0885C69C	500	exact	portrait_Valter_chibi
088B0DE8	0885C890	4100	exact	portrait_Valter_tileset
088B1E0C	0885D8B4	1536	exact	portrait_Vigarde_healthy_mouth
088B240C	0885DEB4	500	exact	portrait_Vigarde_healthy_chibi
088B2600	0885E0A8	4100	exact	portrait_Vigarde_healthy_tileset
088B3604	0885F0AC	32	exact	portrait_Vigarde_dead_palette
088B3624	0885F0CC	1536	exact	portrait_Vigarde_dead_mouth
088B3C24	0885F6CC	500	exact	portrait_Vigarde_dead_chibi
088B3E18	0885F8C0	4100	exact	portrait_Vigarde_dead_tileset
088B4E3C	088608E4	1536	exact	portrait_Selena_mouth
088B543C	08860EE4	480	exact	portrait_Selena_chibi
088B561C	088610C4	4100	exact	portrait_Selena_tileset
088B6620	088620C8	32	exact	portrait_Beran_palette
088B6640	088620E8	1536	exact	portrait_Beran_mouth
088B6C40	088626E8	464	exact	portrait_Beran_chibi
088B6E10	088628B8	4100	exact	portrait_Beran_tileset
088B7E14	088638BC	32	exact	portrait_Gheb_palette
088B7E34	088638DC	1536	exact	portrait_Gheb_mouth
088B8434	08863EDC	428	exact	portrait_Gheb_chibi
088B85E0	08864088	4100	exact	portrait_Gheb_tileset
088B95E4	0886508C	32	exact	portrait_Carlyle_palette
088B9604	088650AC	1536	exact	portrait_Carlyle_mouth
088B9C04	088656AC	476	exact	portrait_Carlyle_chibi
088B9DE0	08865888	4100	exact	portrait_Carlyle_tileset
088BADE4	0886688C	32	exact	portrait_Aias_palette
088BAE04	088668AC	1536	exact	portrait_Aias_mouth
088BB404	08866EAC	440	exact	portrait_Aias_chibi
088BB5BC	08867064	4100	exact	portrait_Aias_tileset
088BC5C0	08868068	32	exact	portrait_Pablo_palette
088BC5E0	08868088	1536	exact	portrait_Pablo_mouth
088BCBE0	08868688	468	exact	portrait_Pablo_chibi
088BCDB4	0886885C	4100	exact	portrait_Pablo_tileset
088BDDB8	08869860	32	exact	portrait_Binks_palette
088BDDD8	08869880	1536	exact	portrait_Binks_mouth
088BE3D8	08869E80	472	exact	portrait_Binks_chibi
088BE5B0	0886A058	4100	exact	portrait_Binks_tileset
088BF5B4	0886B05C	32	exact	portrait_Tirado_palette
088BF5D4	0886B07C	1536	exact	portrait_Tirado_mouth
088BFBD4	0886B67C	464	exact	portrait_Tirado_chibi
088BFDA4	0886B84C	4100	exact	portrait_Tirado_tileset
088C0DA8	0886C850	32	exact	portrait_Murray_palette
088C0DC8	0886C870	1536	exact	portrait_Murray_mouth
088C13C8	0886CE70	424	exact	portrait_Murray_chibi
088C1570	0886D018	4100	exact	portrait_Murray_tileset
088C2574	0886E01C	32	exact	portrait_Novala_palette
088C2594	0886E03C	1536	exact	portrait_Novala_mouth
088C2B94	0886E63C	444	exact	portrait_Novala_chibi
088C2D50	0886E7F8	4100	exact	portrait_Novala_tileset
088C3D54	0886F7FC	32	exact	portrait_Zonta_palette
088C3D74	0886F81C	1536	exact	portrait_Zonta_mouth
088C4374	0886FE1C	440	exact	portrait_Zonta_chibi
088C452C	0886FFD4	4100	exact	portrait_Zonta_tileset
088C5530	08870FD8	32	exact	portrait_Saar_palette
088C5550	08870FF8	1536	exact	portrait_Saar_mouth
088C5B50	088715F8	440	exact	portrait_Saar_chibi
088C5D08	088717B0	4100	exact	portrait_Saar_tileset
088C6D0C	088727B4	32	exact	portrait_Bazba_palette
088C6D2C	088727D4	1536	exact	portrait_Bazba_mouth
088C732C	08872DD4	436	exact	portrait_Bazba_chibi
088C74E0	08872F88	4100	exact	portrait_Bazba_tileset
088C84E4	08873F8C	32	exact	portrait_Bone_palette
088C8504	08873FAC	1536	exact	portrait_Bone_mouth
088C8B04	088745AC	488	exact	portrait_Bone_chibi
088C8CEC	08874794	4100	exact	portrait_Bone_tileset
088C9CF0	08875798	32	exact	portrait_Breguet_palette
088C9D10	088757B8	1536	exact	portrait_Breguet_mouth
088CA310	08875DB8	456	exact	portrait_Breguet_chibi
088CA4D8	08875F80	4100	exact	portrait_Breguet_tileset
088CB4DC	08876F84	32	exact	portrait_O_Neill_palette
088CB4FC	08876FA4	1536	exact	portrait_O_Neill_mouth
088CBAFC	088775A4	432	exact	portrait_O_Neill_chibi
088CBCAC	08877754	4100	exact	portrait_O_Neill_tileset
088CCCB0	08878758	32	exact	portrait_Knoll_flashback_palette
088CCCD0	08878778	32	exact	portrait_Ephraim_flashback_palette
088CCCF0	08878798	32	exact	portrait_Eirika_flashback_palette
088CCD10	088787B8	32	exact	portrait_Tana_palette
088CCD30	088787D8	1536	exact	portrait_Tana_mouth
088CD330	08878DD8	464	exact	portrait_Tana_chibi
088CD500	08878FA8	4100	exact	portrait_Tana_tileset
088CE504	08879FAC	32	exact	portrait_Syrene_palette
088CE524	08879FCC	1536	exact	portrait_Syrene_mouth
088CEB24	0887A5CC	492	exact	portrait_Syrene_chibi
088CED10	0887A7B8	4100	exact	portrait_Syrene_tileset
088CFD14	0887B7BC	32	exact	portrait_Joshua_palette
088CFD34	0887B7DC	1536	exact	portrait_Joshua_mouth
088D0334	0887BDDC	468	exact	portrait_Joshua_chibi
088D0508	0887BFB0	4100	exact	portrait_Joshua_tileset
088D150C	0887CFB4	32	exact	portrait_Knoll_palette
088D152C	0887CFD4	1536	exact	portrait_Knoll_mouth
088D1B2C	0887D5D4	468	exact	portrait_Knoll_chibi
088D1D00	0887D7A8	4100	exact	portrait_Knoll_tileset
088D2D24	0887E7CC	1536	exact	portrait_Myrrh_with_wing_mouth
088D3324	0887EDCC	488	exact	portrait_Myrrh_with_wing_chibi
088D350C	0887EFB4	4100	exact	portrait_Myrrh_with_wing_tileset
088D4530	0887FFD8	1536	exact	portrait_Myrrh_mouth
088D4B30	088805D8	476	exact	portrait_Myrrh_chibi
088D4D0C	088807B4	4100	exact	portrait_Myrrh_tileset
088D5D10	088817B8	32	exact	portrait_Duessel_palette
088D5D30	088817D8	1536	exact	portrait_Duessel_mouth
088D6330	08881DD8	456	exact	portrait_Duessel_chibi
088D64F8	08881FA0	4100	exact	portrait_Duessel_tileset
088D74FC	08882FA4	32	exact	portrait_Rennac_palette
088D751C	08882FC4	1536	exact	portrait_Rennac_mouth
088D7B1C	088835C4	428	exact	portrait_Rennac_chibi
088D7CC8	08883770	4100	exact	portrait_Rennac_tileset
088D8CCC	08884774	32	exact	portrait_Dozla_palette
088D8CEC	08884794	1536	exact	portrait_Dozla_mouth
088D92EC	08884D94	464	exact	portrait_Dozla_chibi
088D94BC	08884F64	4100	exact	portrait_Dozla_tileset
088DA4C0	08885F68	32	exact	portrait_L_Arachel_palette
088DA4E0	08885F88	1536	exact	portrait_L_Arachel_mouth
088DAAE0	08886588	464	exact	portrait_L_Arachel_chibi
088DACB0	08886758	4100	exact	portrait_L_Arachel_tileset
088DBCB4	0888775C	32	exact	portrait_Ewan_palette
088DBCD4	0888777C	1536	exact	portrait_Ewan_mouth
088DC2D4	08887D7C	460	exact	portrait_Ewan_chibi
088DC4A0	08887F48	4100	exact	portrait_Ewan_tileset
088DD4A4	08888F4C	32	exact	portrait_Saleh_palette
088DD4C4	08888F6C	1536	exact	portrait_Saleh_mouth
088DDAC4	0888956C	456	exact	portrait_Saleh_chibi
088DDC8C	08889734	4100	exact	portrait_Saleh_tileset
088DEC90	0888A738	32	exact	portrait_Marisa_palette
088DECB0	0888A758	1536	exact	portrait_Marisa_mouth
088DF2B0	0888AD58	468	exact	portrait_Marisa_chibi
088DF484	0888AF2C	4100	exact	portrait_Marisa_tileset
088E0488	0888BF30	32	exact	portrait_Tethys_palette
088E04A8	0888BF50	1536	exact	portrait_Tethys_mouth
088E0AA8	0888C550	488	exact	portrait_Tethys_chibi
088E0C90	0888C738	4100	exact	portrait_Tethys_tileset
088E1C94	0888D73C	32	exact	portrait_Gerik_palette
088E1CB4	0888D75C	1536	exact	portrait_Gerik_mouth
088E22B4	0888DD5C	456	exact	portrait_Gerik_chibi
088E247C	0888DF24	4100	exact	portrait_Gerik_tileset
088E3480	0888EF28	32	exact	portrait_Artur_palette
088E34A0	0888EF48	1536	exact	portrait_Artur_mouth
088E3AA0	0888F548	444	exact	portrait_Artur_chibi
088E3C5C	0888F704	4100	exact	portrait_Artur_tileset
088E4C60	08890708	32	exact	portrait_Amelia_palette
088E4C80	08890728	1536	exact	portrait_Amelia_mouth
088E5280	08890D28	424	exact	portrait_Amelia_chibi
088E5428	08890ED0	4100	exact	portrait_Amelia_tileset
088E642C	08891ED4	32	exact	portrait_Kyle_palette
088E644C	08891EF4	1536	exact	portrait_Kyle_mouth
088E6A4C	088924F4	436	exact	portrait_Kyle_chibi
088E6C00	088926A8	4100	exact	portrait_Kyle_tileset
088E7C04	088936AC	32	exact	portrait_Forde_palette
088E7C24	088936CC	1536	exact	portrait_Forde_mouth
088E8224	08893CCC	456	exact	portrait_Forde_chibi
088E83EC	08893E94	4100	exact	portrait_Forde_tileset
088E93F0	08894E98	32	exact	portrait_Ephraim_palette
088E9410	08894EB8	1536	exact	portrait_Ephraim_mouth
088E9A10	088954B8	436	exact	portrait_Ephraim_chibi
088E9BC4	0889566C	4100	exact	portrait_Ephraim_tileset
088EABC8	08896670	32	exact	portrait_Cormag_palette
088EABE8	08896690	1536	exact	portrait_Cormag_mouth
088EB1E8	08896C90	484	exact	portrait_Cormag_chibi
088EB3CC	08896E74	4100	exact	portrait_Cormag_tileset
088EC3D0	08897E78	32	exact	portrait_Natasha_palette
088EC3F0	08897E98	1536	exact	portrait_Natasha_mouth
088EC9F0	08898498	492	exact	portrait_Natasha_chibi
088ECBDC	08898684	4100	exact	portrait_Natasha_tileset
088EDBE0	08899688	32	exact	portrait_Lute_palette
088EDC00	088996A8	1536	exact	portrait_Lute_mouth
088EE200	08899CA8	424	exact	portrait_Lute_chibi
088EE3A8	08899E50	4100	exact	portrait_Lute_tileset
088EF3AC	0889AE54	32	exact	portrait_Innes_palette
088EF3CC	0889AE74	1536	exact	portrait_Innes_mouth
088EF9CC	0889B474	456	exact	portrait_Innes_chibi
088EFB94	0889B63C	4100	exact	portrait_Innes_tileset
088F0B98	0889C640	32	exact	portrait_Garcia_palette
088F0BB8	0889C660	1536	exact	portrait_Garcia_mouth
088F11B8	0889CC60	452	exact	portrait_Garcia_chibi
088F137C	0889CE24	4100	exact	portrait_Garcia_tileset
088F23A0	0889DE48	1536	exact	portrait_Colm_mouth
088F29A0	0889E448	448	exact	portrait_Colm_chibi
088F2B60	0889E608	4100	exact	portrait_Colm_tileset
088F3B64	0889F60C	32	exact	portrait_Neimi_palette
088F3B84	0889F62C	1536	exact	portrait_Neimi_mouth
088F4184	0889FC2C	460	exact	portrait_Neimi_chibi
088F4350	0889FDF8	4100	exact	portrait_Neimi_tileset
088F5354	088A0DFC	32	exact	portrait_Ross_palette
088F5374	088A0E1C	1536	exact	portrait_Ross_mouth
088F5974	088A141C	412	exact	portrait_Ross_chibi
088F5B10	088A15B8	4100	exact	portrait_Ross_tileset
088F6B14	088A25BC	32	exact	portrait_Vanessa_palette
088F6B34	088A25DC	1536	exact	portrait_Vanessa_mouth
088F7134	088A2BDC	432	exact	portrait_Vanessa_chibi
088F72E4	088A2D8C	4100	exact	portrait_Vanessa_tileset
088F82E8	088A3D90	32	exact	portrait_Moulder_palette
088F8308	088A3DB0	1536	exact	portrait_Moulder_mouth
088F8908	088A43B0	464	exact	portrait_Moulder_chibi
088F8AD8	088A4580	4100	exact	portrait_Moulder_tileset
088F9ADC	088A5584	32	exact	portrait_Franz_palette
088F9AFC	088A55A4	1536	exact	portrait_Franz_mouth
088FA0FC	088A5BA4	432	exact	portrait_Franz_chibi
088FA2AC	088A5D54	4100	exact	portrait_Franz_tileset
088FB2B0	088A6D58	32	exact	portrait_Gilliam_palette
088FB2D0	088A6D78	1536	exact	portrait_Gilliam_mouth
088FB8D0	088A7378	468	exact	portrait_Gilliam_chibi
088FBAA4	088A754C	4100	exact	portrait_Gilliam_tileset
088FCAA8	088A8550	32	exact	portrait_Seth_palette
088FCAC8	088A8570	1536	exact	portrait_Seth_mouth
088FD0C8	088A8B70	416	exact	portrait_Seth_chibi
088FD268	088A8D10	4100	exact	portrait_Seth_tileset
088FE26C	088A9D14	32	exact	portrait_Eirika_palette
088FE28C	088A9D34	1536	exact	portrait_Eirika_mouth
088FE88C	088AA334	492	exact	portrait_Eirika_chibi
088FEA78	088AA520	4100	exact	portrait_Eirika_tileset
088FFA7C	088AB524	32	exact	portrait_Mystery_1_palette
08902440	088ADEB0	11	exact	ItemEffectiveness_Itemuse_0
08902463	088ADED7	9	exact	ItemEffectiveness_Swordsman
0890246C	088ADEE0	17	exact	ItemEffectiveness_Horse
0890247D	088ADEF1	34	exact	ItemEffectiveness_FlierAndMonsters
0890249F	088ADF13	12	exact	ItemEffectiveness_Dragon
089024AB	088ADF1F	11	exact	ItemEffectiveness_Itemuse_1
089024B6	088ADF2A	15	exact	ItemEffectiveness_Flier
089024C5	088ADF39	26	exact	ItemEffectiveness_Monsters
089024F7	088ADF6B	10	exact	gItemUseJidList_GuidRing
08902502	088ADF76	32	exact	gItemUseJidList_MasterSeal
08902538	088ADFAC	3072	masked	gDebugPInfo
08903138	088AEBAC	24	exact	SupportData_Eirika
08903150	088AEBC4	24	exact	SupportData_Ephraim
08903168	088AEBDC	24	exact	SupportData_Seth
08903180	088AEBF4	24	exact	SupportData_Franz
08903198	088AEC0C	24	exact	SupportData_Gilliam
089031B0	088AEC24	24	exact	SupportData_Moulder
089031C8	088AEC3C	24	exact	SupportData_Vanessa
089031E0	088AEC54	24	exact	SupportData_Garcia
089031F8	088AEC6C	24	exact	SupportData_Ross
08903210	088AEC84	24	exact	SupportData_Colm
08903228	088AEC9C	24	exact	SupportData_Neimi
08903240	088AECB4	24	exact	SupportData_Artur
08903258	088AECCC	24	exact	SupportData_Lute
08903270	088AECE4	24	exact	SupportData_Natasha
08903288	088AECFC	24	exact	SupportData_Joshua
089032A0	088AED14	24	exact	SupportData_Kyle
089032B8	088AED2C	24	exact	SupportData_Forde
089032D0	088AED44	24	exact	SupportData_Tana
089032E8	088AED5C	24	exact	SupportData_Innes
08903300	088AED74	24	exact	SupportData_Gerik
08903318	088AED8C	24	exact	SupportData_Tethys
08903330	088AEDA4	24	exact	SupportData_Marisa
08903348	088AEDBC	24	exact	SupportData_Saleh
08903360	088AEDD4	24	exact	SupportData_Ewan
08903378	088AEDEC	24	exact	SupportData_LArachel
08903390	088AEE04	24	exact	SupportData_Dozla
089033A8	088AEE1C	24	exact	SupportData_Cormag
089033C0	088AEE34	24	exact	SupportData_Amelia
089033D8	088AEE4C	24	exact	SupportData_Rennac
089033F0	088AEE64	24	exact	SupportData_Duessel
08903408	088AEE7C	24	exact	SupportData_Myrrh
08903420	088AEE94	24	exact	SupportData_Knoll
08903438	088AEEAC	24	exact	SupportData_Syrene
089034F8	088AEF6C	12	exact	ItemBonus_WretchAir
08903558	088AEFCC	12	exact	ItemBonus_DivineStone
08903564	088AEFD8	12	exact	AnimConf_0
08903570	088AEFE4	12	exact	AnimConf_1
0890357C	088AEFF0	12	exact	AnimConf_2
08903588	088AEFFC	12	exact	AnimConf_3
08903594	088AF008	16	exact	AnimConf_4
089035A4	088AF018	16	exact	AnimConf_5
089035B4	088AF028	16	exact	AnimConf_6
089035C4	088AF038	16	exact	AnimConf_7
089035D4	088AF048	12	exact	AnimConf_8
089035E0	088AF054	12	exact	AnimConf_9
089035EC	088AF060	32	exact	AnimConf_10
0890360C	088AF080	32	exact	AnimConf_11
0890362C	088AF0A0	12	exact	AnimConf_12
08903694	088AF108	12	exact	AnimConf_18
089036A0	088AF114	12	exact	AnimConf_19
089036AC	088AF120	12	exact	AnimConf_20
089036B8	088AF12C	12	exact	AnimConf_21
089036C4	088AF138	12	exact	AnimConf_22
089036D0	088AF144	12	exact	AnimConf_23
089036DC	088AF150	24	exact	AnimConf_24
089036F4	088AF168	24	exact	AnimConf_25
0890370C	088AF180	24	exact	AnimConf_26
08903724	088AF198	24	exact	AnimConf_27
0890373C	088AF1B0	16	exact	AnimConf_28
0890374C	088AF1C0	16	exact	AnimConf_29
0890375C	088AF1D0	12	exact	AnimConf_30
08903768	088AF1DC	12	exact	AnimConf_31
08903774	088AF1E8	16	exact	AnimConf_32
08903784	088AF1F8	16	exact	AnimConf_33
089037AC	088AF220	20	exact	AnimConf_36
089037C0	088AF234	20	exact	AnimConf_37
089037D4	088AF248	24	exact	AnimConf_38
089037EC	088AF260	24	exact	AnimConf_39
08903804	088AF278	24	exact	AnimConf_40
0890381C	088AF290	24	exact	AnimConf_41
08903834	088AF2A8	24	exact	AnimConf_42
0890384C	088AF2C0	24	exact	AnimConf_43
08903864	088AF2D8	20	exact	AnimConf_44
08903878	088AF2EC	20	exact	AnimConf_45
0890388C	088AF300	24	exact	AnimConf_46
089038A4	088AF318	24	exact	AnimConf_47
089038EC	088AF360	12	exact	AnimConf_50
089038F8	088AF36C	32	exact	AnimConf_51
08903918	088AF38C	32	exact	AnimConf_52
0890397C	088AF3F0	12	exact	AnimConf_57
089039C0	088AF434	24	exact	AnimConf_61
089039D8	088AF44C	28	exact	AnimConf_62
089039F4	088AF468	24	exact	AnimConf_63
08903A0C	088AF480	24	exact	AnimConf_64
08903A24	088AF498	24	exact	AnimConf_65
08903A3C	088AF4B0	20	exact	AnimConf_66
08903A50	088AF4C4	12	exact	AnimConf_67
08903A68	088AF4DC	12	exact	AnimConf_69
08903A74	088AF4E8	16	exact	AnimConf_70
08903A84	088AF4F8	12	exact	AnimConf_71
08903A90	088AF504	12	exact	AnimConf_72
08903A9C	088AF510	24	exact	AnimConf_73
08903AB4	088AF528	20	exact	AnimConf_74
08903AC8	088AF53C	12	exact	AnimConf_75
08903AD4	088AF548	24	exact	AnimConf_76
08903AEC	088AF560	12	exact	AnimConf_77
08903AF8	088AF56C	12	exact	AnimConf_78
08903B04	088AF578	16	exact	AnimConf_79
08903B14	088AF588	12	exact	AnimConf_80
08903B20	088AF594	16	exact	AnimConf_81
08903B30	088AF5A4	12	exact	AnimConf_82
08903B3C	088AF5B0	12	exact	AnimConf_83
08903B6C	088AF5E0	12	exact	AnimConf_86
08903B78	088AF5EC	12	exact	AnimConf_87
08903B84	088AF5F8	24	exact	AnimConf_88
08903B9C	088AF610	28	exact	AnimConf_89
08903BB8	088AF62C	20	exact	AnimConf_90
08903BCC	088AF640	20	exact	AnimConf_91
08903BE0	088AF654	20	exact	AnimConf_92
08903BF4	088AF668	12	exact	AnimConf_93
08903C00	088AF674	12	exact	AnimConf_94
08903C0C	088AF680	12	exact	AnimConf_95
08903C18	088AF68C	24	exact	AnimConf_96
08903C80	088AF6F4	20	exact	AnimConf_Unused_LuciusUnpromoted
08903C94	088AF708	24	exact	AnimConf_Unused_LuciusPromoted
08903D18	088AF78C	28	exact	AnimConf_Unused_IsadoraPromoted
08903D34	088AF7A8	24	exact	AnimConf_Unused_NinoPromoted
08903D4C	088AF7C0	12	exact	AnimConf_Unused_LegaultUnpromoted
08903D7C	088AF7F0	12	exact	AnimConf_Unused_GuyUnpromoted
08903D88	088AF7FC	12	exact	AnimConf_Unused_GuyPromoted
08903D94	088AF808	20	exact	AnimConf_Unused_HawkeyePromoted
08903E0C	088AF880	856	masked	unit_icon_wait_table
08904164	088AFBD8	2592	masked	gSpellAssocData
08904B84	088B05F8	64	exact	gAffinityBonuses
08904BC4	088B0638	600	masked	gDebugCreditInfo
0890814C	088B3BC4	48	exact	REDAs_PrologueAlly1
0890817C	088B3BF4	8	exact	REDAs_PrologueAlly2
08908194	088B3C0C	8	exact	REDAs_PrologueEnemy3
0890819C	088B3C14	60	masked	UnitDef_Event_PrologueAlly
089081D8	088B3C50	80	masked	UnitDef_Event_PrologueEnemy
08908228	088B3CA0	24	exact	REDAs_PrologueMessager
08908240	088B3CB8	8	exact	REDAs_PrologueGradoRoyals1
08908248	088B3CC0	8	exact	REDAs_PrologueGradoRoyals2
08908270	088B3CE8	8	exact	REDA_PrologueGradoCavalry0
08908280	088B3CF8	8	exact	REDA_PrologueGradoCavalry2
08908288	088B3D00	8	exact	REDA_PrologueGradoCavalry3
08908290	088B3D08	8	exact	REDA_PrologueGradoCavalry4
08908298	088B3D10	8	exact	REDA_PrologueGradoCavalry5
089082A0	088B3D18	180	exact	UnitDef_Event_PrologueThroneRoomUnits
0890837C	088B3DF4	60	masked	UnitDef_Event_PrologueGradoRoyals
089083B8	088B3E30	100	masked	UnitDef_Event_PrologueGradoShamans
0890841C	088B3E94	140	masked	UnitDef_Event_PrologueGradoCavalry
089084A8	088B3F20	16	exact	REDA_PrologueEscapees0
089084B8	088B3F30	16	exact	REDA_PrologueEscapees2
089084C8	088B3F40	8	exact	REDA_PrologueEscapees4
089084D0	088B3F48	16	exact	REDA_PrologueValterGroup0
089084F0	088B3F68	80	masked	UnitDef_Event_PrologueEscapees
08908540	088B3FB8	80	masked	UnitDef_Event_PrologueValterGroup
089085A0	088B4018	8	exact	REDA_Ch1_0
089085A8	088B4020	8	exact	REDA_Ch1_1
089085B0	088B4028	16	exact	REDA_Ch1_2
089085C0	088B4038	8	exact	REDA_Ch1_3
089085C8	088B4040	8	exact	REDA_Ch1_4
089085D0	088B4048	8	exact	REDA_Ch1_5
089085D8	088B4050	8	exact	REDA_Ch1_6
08908608	088B4080	24	exact	REDA_Ch1_NpcCavalier
08908620	088B4098	8	exact	REDA_Ch1_NpcMercenary
08908628	088B40A0	60	masked	UnitDef_Event_Ch1Ally
08908704	088B417C	60	masked	UnitDef_Event_Ch1AllyReinforce
08908740	088B41B8	80	masked	UnitDef_Event_Ch1EnemyReinforce
08908790	088B4208	60	masked	UnitDef_Event_Ch1NPC
089087FC	088B4274	8	exact	REDA_Ch2Enemy_0_1
08908814	088B428C	8	exact	REDA_Ch2Enemy_0_4
08908834	088B42AC	8	exact	REDA_Ch2NPC_GARCIA
08908844	088B42BC	8	exact	REDA_Ch2Enemy_1_1
08908854	088B42CC	120	masked	UnitDef_Event_Ch2Ally
089088CC	088B4344	140	masked	UnitDef_Ch2Enemy_0
08908958	088B43D0	60	exact	UnitDef_LordSplitAlly
08908994	088B440C	40	masked	UnitDef_Ch2Ally
089089BC	088B4434	60	masked	UnitDef_Ch2NPC
089089F8	088B4470	60	masked	UnitDef_Ch2Enemy_1
08908A34	088B44AC	40	masked	UnitDef_Ch2Enemy_2
08908A5C	088B44D4	8	exact	REDA_Event_Ch3Ally_EIRIKA
08908A64	088B44DC	8	exact	REDA_Event_Ch3Ally_MOULDER
08908A84	088B44FC	8	exact	REDA_Event_Ch3Ally_FRANZ
08908AE4	088B455C	8	exact	REDA_Ch3Enemy_0_8
08908AEC	088B4564	8	exact	REDA_Ch3Enemy_0_9
08908AF4	088B456C	8	exact	REDA_Ch3NPC_COLM
08908AFC	088B4574	200	masked	UnitDef_Event_Ch3Ally
08908CA0	088B4718	40	masked	UnitDef_Ch3NPC
08908CD0	088B4748	8	exact	REDA_Ch3Enemy_2_CAELLACH
08908CF4	088B476C	120	exact	UnitDef_Ch3Enemy_1
08908D6C	088B47E4	80	masked	UnitDef_Ch3Enemy_2
08908DBC	088B4834	8	exact	REDA_Ch4Ally_0_EIRIKA
08908DCC	088B4844	8	exact	REDA_Ch4Ally_0_COLM
08908DFC	088B4874	24	exact	REDA_Ch4Ally_1_ARTUR
08908E34	088B48AC	8	exact	REDA_Ch4Enemy_1_3
08908E6C	088B48E4	8	exact	REDA_Ch4NPC_1_LARACHEL
08908E8C	088B4904	200	exact	UnitDef_Event_Ch4Ally
08908F54	088B49CC	180	masked	UnitDef_Ch4Ally_0
08909008	088B4A80	340	exact	UnitDef_Ch4Enemy_0
0890915C	088B4BD4	40	masked	UnitDef_Ch4Ally_1
08909184	088B4BFC	40	masked	UnitDef_Ch4Ally_2
089091AC	088B4C24	100	masked	UnitDef_Ch4Enemy_1
08909210	088B4C88	80	masked	UnitDef_Ch4Enemy_2
08909260	088B4CD8	80	masked	UnitDef_Ch4NPC_0
089092B0	088B4D28	60	exact	UnitDef_Ch4Ally_3
089092EC	088B4D64	80	masked	UnitDef_Ch4NPC_1
08909A88	088B5500	8	exact	REDA_Event_Ch5Ally_NATASHA
08909A98	088B5510	8	exact	REDA_Event_Ch5Ally_VANESSA
08909AA8	088B5520	8	exact	REDA_Event_Ch5Ally_FRANZ
08909AE0	088B5558	8	exact	REDA_Ch5Enemy_0_3
08909B08	088B5580	8	exact	REDA_Ch5Enemy_1_1
08909B38	088B55B0	8	exact	REDA_Ch5Enemy_1_7
08909B48	088B55C0	8	exact	REDA_Ch5Enemy_2_0
08909B68	088B55E0	8	exact	REDA_Ch5Enemy_4_0
08909B88	088B5600	8	exact	REDA_Ch5_0
08909B90	088B5608	8	exact	REDA_Ch5Mixed_NATASHA
08909B98	088B5610	8	exact	REDA_Ch5_1
08909BA8	088B5620	8	exact	REDA_Ch5Ally_1_EIRIKA
08909BB8	088B5630	200	masked	UnitDef_Event_Ch5Ally
08909D20	088B5798	200	masked	UnitDef_Ch5Enemy_1
08909DE8	088B5860	60	masked	UnitDef_Ch5Enemy_2
08909E24	088B589C	60	masked	UnitDef_Ch5Enemy_3
08909E60	088B58D8	60	masked	UnitDef_Ch5Enemy_4
08909EC4	088B593C	60	masked	UnitDef_Ch5Mixed
08909F00	088B5978	80	exact	UnitDef_Ch5Enemy_6
08909F50	088B59C8	40	masked	UnitDef_Ch5Ally_0
08909F78	088B59F0	60	masked	UnitDef_Ch5Ally_1
08909FBC	088B5A34	8	exact	REDA_Event_Ch5xAlly_FORDE
08909FC4	088B5A3C	8	exact	REDA_Event_Ch5xAlly_KYLE
08909FCC	088B5A44	8	exact	REDA_Event_Ch5xAlly_ORSON_CH5X
08909FEC	088B5A64	100	masked	UnitDef_Event_Ch5xAlly
0890A334	088B5DAC	80	exact	UnitDef_Ch5xEnemy_1
0890A384	088B5DFC	80	exact	UnitDef_Ch5xAlly_1
0890A404	088B5E7C	8	exact	REDA_Ch5xAlly_2_FORDE
0890A40C	088B5E84	8	exact	REDA_Ch5xAlly_2_KYLE
0890A414	088B5E8C	8	exact	REDA_Ch5xAlly_2_ORSON_CH5X
0890A41C	088B5E94	100	masked	UnitDef_Ch5xAlly_2
0890A494	088B5F0C	24	exact	REDA_Ch5xAlly_3_EPHRAIM
0890A4AC	088B5F24	24	exact	REDA_Ch5xAlly_3_FORDE
0890A4C4	088B5F3C	16	exact	REDA_Ch5xAlly_3_KYLE
0890A4F4	088B5F6C	8	exact	REDA_Ch5xEnemy_3_4
0890A4FC	088B5F74	8	exact	REDA_Ch5xEnemy_4_VALTER
0890A554	088B5FCC	220	exact	UnitDef_Ch5xEnemy_2
0890A630	088B60A8	120	masked	UnitDef_Ch5xEnemy_3
0890A6A8	088B6120	40	masked	UnitDef_Ch5xEnemy_4
0890A718	088B6190	8	exact	REDA_Ch6Enemy_0_0
0890A730	088B61A8	560	exact	UnitDef_Ch6Mixed
0890A960	088B63D8	220	exact	UnitDef_Event_Ch6Ally
0890AA3C	088B64B4	60	masked	UnitDef_Ch6Ally_0
0890B3D8	088B6E50	8	exact	REDA_Ch7_1
0890B3F0	088B6E68	8	exact	REDA_Ch7Enemy_0
0890B400	088B6E78	220	masked	UnitDef_Event_Ch7Ally
0890B67C	088B70F4	8	exact	REDA_Ch7Ally_0_SETH
0890B68C	088B7104	8	exact	REDA_Ch7Ally_1_ORSON_CH5X
0890B6D0	088B7148	40	masked	UnitDef_Ch7Ally_1
0890B710	088B7188	8	exact	REDA_Event_Ch8Ally_VANESSA
0890B718	088B7190	8	exact	REDA_Event_Ch8Ally_GILLIAM
0890B728	088B71A0	8	exact	REDA_Ch8Enemy_0_0
0890B730	088B71A8	8	exact	REDA_Ch8Enemy_0_1
0890B770	088B71E8	8	exact	REDA_Ch8Enemy_0_9
0890B778	088B71F0	8	exact	REDA_Ch8Enemy_0_10
0890B780	088B71F8	8	exact	REDA_Ch8Enemy_0_11
0890B790	088B7208	8	exact	REDA_Ch8Enemy_0_13
0890B7E0	088B7258	8	exact	REDA_Ch8Enemy_0_23
0890B7F0	088B7268	8	exact	REDA_Ch8Enemy_0_25
0890B800	088B7278	8	exact	REDA_Ch8Ally_0_EPHRAIM
0890B810	088B7288	8	exact	REDA_Ch8Ally_0_KYLE
0890B820	088B7298	8	exact	REDA_Ch8Enemy_1_1
0890B828	088B72A0	8	exact	REDA_Ch8Enemy_2_0
0890B858	088B72D0	8	exact	REDA_Ch8Enemy_3_0
0890B868	088B72E0	8	exact	REDA_Ch8_0
0890B878	088B72F0	8	exact	REDA_Ch8Enemy_4_0
0890B888	088B7300	200	masked	UnitDef_Event_Ch8Ally
0890BBD0	088B7648	80	masked	UnitDef_Ch8Enemy_1
0890BC84	088B76FC	80	masked	UnitDef_Ch8Ally_1
0890BCD4	088B774C	80	masked	UnitDef_Ch8Enemy_3
0890BD4C	088B77C4	120	masked	UnitDef_Ch8Enemy_4
0890BDC4	088B783C	60	exact	UnitDef_Ch8Ally_2
0890BE14	088B788C	40	exact	UnitDef_Ch8Ally_3
0890BE3C	088B78B4	8	exact	REDA_Ch8Enemy_5_CAELLACH
0890BE44	088B78BC	8	exact	REDA_Ch8Enemy_6_0
0890BE54	088B78CC	8	exact	REDA_Ch8Enemy_8_0
0890BE5C	088B78D4	8	exact	REDA_Ch8Enemy_8_1
0890BE64	088B78DC	8	exact	REDA_Ch8Enemy_8_2
0890BE6C	088B78E4	8	exact	REDA_Ch8Enemy_8_3
0890BE74	088B78EC	120	exact	UnitDef_Ch8NPC
0890BEEC	088B7964	40	masked	UnitDef_Ch8Enemy_5
0890BF14	088B798C	60	masked	UnitDef_Ch8Enemy_6
0890BF50	088B79C8	40	exact	UnitDef_Ch8Enemy_7
0890BF78	088B79F0	100	masked	UnitDef_Ch8Enemy_8
0890BFDC	088B7A54	200	exact	UnitDef_Ch8Mixed
0890C0E4	088B7B5C	8	exact	REDA_Ch9AEnemy_0_3
0890C0EC	088B7B64	8	exact	REDA_Ch9AEnemy_0_4
0890C13C	088B7BB4	8	exact	REDA_Ch9AMixed_0_DOZLA
0890C144	088B7BBC	8	exact	REDA_Ch9AMixed_0_RENNAC
0890C154	088B7BCC	8	exact	REDA_Ch9A_0
0890C164	088B7BDC	8	exact	REDA_Ch9A_1
0890C16C	088B7BE4	8	exact	REDA_Ch9A_2
0890C17C	088B7BF4	8	exact	REDA_Ch9AMixed_1_SETH
0890C18C	088B7C04	8	exact	REDA_Ch9A_3
0890C194	088B7C0C	240	exact	UnitDef_Event_Ch9aAlly
0890C4F0	088B7F68	40	exact	UnitDef_Ch9AEnemy_2
0890C518	088B7F90	60	exact	UnitDef_Ch9AEnemy_3
0890C554	088B7FCC	60	exact	UnitDef_Ch9AEnemy_4
0890C590	088B8008	60	exact	UnitDef_Ch9AEnemy_5
0890C5CC	088B8044	60	exact	UnitDef_Ch9AEnemy_6
0890C608	088B8080	60	exact	UnitDef_Ch9AEnemy_7
0890C644	088B80BC	100	masked	UnitDef_Ch9AEnemy_8
0890C6E4	088B815C	80	masked	UnitDef_Ch9AAlly_0
0890C734	088B81AC	120	masked	UnitDef_Ch9AMixed_0
0890C7AC	088B8224	40	masked	UnitDef_Ch9AEnemy_10
0890C7D4	088B824C	80	masked	UnitDef_Ch9AMixed_1
0890C860	088B82D8	180	exact	UnitDef_Ch9AEnemy_11
0890C91C	088B8394	160	exact	UnitDef_Ch9AAlly_2
0890C9D0	088B8448	40	masked	UnitDef_Ch9AAlly_3
0890C9F8	088B8470	8	exact	REDA_Ch10AEnemy_3_0
0890CA10	088B8488	8	exact	REDA_Ch10AEnemy_3_3
0890CA18	088B8490	8	exact	REDA_Ch10AEnemy_3_4
0890CA28	088B84A0	8	exact	REDA_Ch10AEnemy_4_1
0890CA30	088B84A8	8	exact	REDA_Ch10AEnemy_4_2
0890CA50	088B84C8	8	exact	REDA_Ch10AAlly_0_EIRIKA
0890CA58	088B84D0	8	exact	REDA_Ch10AAlly_0_SETH
0890CA98	088B8510	8	exact	REDA_Ch10AAlly_1_7
0890CAA0	088B8518	8	exact	REDA_Ch10AAlly_1_8
0890CAA8	088B8520	8	exact	REDA_Ch10AAlly_1_9
0890CAB0	088B8528	8	exact	REDA_Ch10AEnemy_6_0
0890CAB8	088B8530	8	exact	REDA_Ch10AEnemy_6_1
0890CAC0	088B8538	8	exact	REDA_Ch10AEnemy_6_2
0890CAC8	088B8540	260	exact	UnitDef_Event_Ch10aAlly
0890CF14	088B898C	80	exact	UnitDef_Ch10ANPC
0890CF64	088B89DC	60	exact	UnitDef_Ch10AEnemy_2
0890CFA0	088B8A18	120	masked	UnitDef_Ch10AEnemy_3
0890D018	088B8A90	100	masked	UnitDef_Ch10AEnemy_4
0890D0CC	088B8B44	60	masked	UnitDef_Ch10AAlly_0
0890D108	088B8B80	220	masked	UnitDef_Ch10AAlly_1
0890D1E4	088B8C5C	80	masked	UnitDef_Ch10AEnemy_6
0890DB94	088B960C	8	exact	REDA_Ch10AAlly_5_GLEN
0890DBAC	088B9624	8	exact	REDA_Ch10AAlly_7_VALTER
0890DBC8	088B9640	160	exact	UnitDef_Ch10AEnemy_10
0890DC68	088B96E0	60	masked	UnitDef_Ch10AAlly_5
0890DCCC	088B9744	40	masked	UnitDef_Ch10AAlly_7
0890DD0C	088B9784	8	exact	REDA_Ch11ANPC_DOZLA
0890DD2C	088B97A4	8	exact	REDA_Ch11AEnemy_3_0
0890DD34	088B97AC	8	exact	REDA_Ch11AEnemy_3_1
0890DD3C	088B97B4	8	exact	REDA_Ch11AEnemy_3_2
0890DE0C	088B9884	8	exact	REDA_Ch11AAlly_0_GERIK
0890E240	088B9CCC	60	masked	UnitDef_Ch11ANPC
0890E27C	088B9D08	40	exact	UnitDef_Ch11AEnemy_1
0890E2A4	088B9D30	80	masked	UnitDef_Ch11AEnemy_2
0890E394	088B9E20	140	masked	UnitDef_Ch11AAlly_0
0890E470	088B9EFC	24	exact	REDA_Ch11AAlly_1_EWAN
0890E488	088B9F14	180	masked	UnitDef_Ch11AMixed
0890E53C	088B9FC8	80	masked	UnitDef_Ch11AEnemy_5
0890E5B4	088BA040	8	exact	REDA_Event_Ch12aAlly_SETH
0890E5BC	088BA048	8	exact	REDA_Ch12AEnemy_0_0
0890E5CC	088BA058	8	exact	REDA_Ch12AEnemy_0_2
0890E5D4	088BA060	8	exact	REDA_Ch12AEnemy_0_3
0890E5DC	088BA068	8	exact	REDA_Ch12AEnemy_0_4
0890E5E4	088BA070	8	exact	REDA_Ch12AEnemy_0_5
0890E5EC	088BA078	8	exact	REDA_Ch12AEnemy_0_6
0890E5F4	088BA080	8	exact	REDA_Ch12AEnemy_0_7
0890E61C	088BA0A8	8	exact	REDA_Ch12AEnemy_3_0
0890E624	088BA0B0	8	exact	REDA_Ch12AEnemy_3_1
0890E62C	088BA0B8	8	exact	REDA_Ch12AEnemy_3_2
0890E634	088BA0C0	8	exact	REDA_Ch12AAlly_0_EWAN
0890E644	088BA0D0	8	exact	REDA_Ch12AAlly_1_INNES
0890E64C	088BA0D8	8	exact	REDA_Ch12AAlly_1_LARACHEL
0890E654	088BA0E0	8	exact	REDA_Ch12AAlly_1_SETH
0890E65C	088BA0E8	8	exact	REDA_Ch12AAlly_1_EIRIKA
0890E674	088BA100	8	exact	REDA_Ch12A_1
0890E68C	088BA118	8	exact	REDA_Ch12A_3
0890E694	088BA120	8	exact	REDA_Ch12AEnemy_4_0
0890E6BC	088BA148	8	exact	REDA_Ch12AEnemy_6_0
0890E6C4	088BA150	8	exact	REDA_Ch12AEnemy_6_1
0890E6D4	088BA160	8	exact	REDA_Ch12AEnemy_8_0
0890EA54	088BA4F4	40	exact	UnitDef_Ch12AEnemy_1
0890EA7C	088BA51C	100	masked	UnitDef_Ch12AEnemy_2
0890EAE0	088BA580	80	masked	UnitDef_Ch12AEnemy_3
0890EB30	088BA5D0	40	masked	UnitDef_Ch12AAlly_0
0890EB58	088BA5F8	120	masked	UnitDef_Ch12AAlly_1
0890EBD0	088BA670	60	masked	UnitDef_Ch12AMixed
0890EC0C	088BA6AC	140	masked	UnitDef_Ch12AEnemy_4
0890EC98	088BA738	80	masked	UnitDef_Ch12AEnemy_5
0890ECE8	088BA788	60	masked	UnitDef_Ch12AEnemy_6
0890ED24	088BA7C4	40	masked	UnitDef_Ch12AEnemy_7
0890ED88	088BA828	8	exact	REDA_Ch13AEnemy_0_AIAS
0890EDA8	088BA848	8	exact	REDA_Ch13AEnemy_3_1
0890EDB0	088BA850	8	exact	REDA_Ch13AEnemy_3_2
0890EDC8	088BA868	8	exact	REDA_Ch13AEnemy_3_5
0890EDD8	088BA878	8	exact	REDA_Ch13AEnemy_3_7
0890EE18	088BA8B8	8	exact	REDA_Ch13AAlly_0_LARACHEL
0890EE20	088BA8C0	8	exact	REDA_Ch13AAlly_0_INNES
0890EE28	088BA8C8	8	exact	REDA_Ch13AAlly_0_SETH
0890EE30	088BA8D0	8	exact	REDA_Ch13AAlly_1_0
0890EE38	088BA8D8	8	exact	REDA_Ch13AAlly_1_1
0890EE50	088BA8F0	8	exact	REDA_Ch13AAlly_1_4
0890EE68	088BA908	8	exact	REDA_Ch13AAlly_1_7
0890EE70	088BA910	8	exact	REDA_Ch13ANPC_0
0890EE78	088BA918	8	exact	REDA_Ch13ANPC_1
0890EE80	088BA920	8	exact	REDA_Ch13ANPC_2
0890EE88	088BA928	8	exact	REDA_Ch13ANPC_3
0890EE90	088BA930	8	exact	REDA_Ch13ANPC_4
0890EE98	088BA938	8	exact	REDA_Ch13ANPC_5
0890EEA0	088BA940	8	exact	REDA_Ch13ANPC_6
0890EEA8	088BA948	260	exact	UnitDef_Event_Ch13aAlly
0890F358	088BADF8	80	exact	UnitDef_Ch13AEnemy_6
0890F3E4	088BAE84	60	exact	UnitDef_Ch13AEnemy_8
0890F498	088BAF38	40	masked	UnitDef_Ch13AEnemy_11
0890F4C0	088BAF60	100	masked	UnitDef_Ch13AAlly_0
0890F524	088BAFC4	180	masked	UnitDef_Ch13AAlly_1
0890F5D8	088BB078	160	masked	UnitDef_Ch13ANPC
0890FEAC	088BB94C	16	exact	REDA_Ch13AEnemy_15_CORMAG
0890FEF8	088BB998	16	exact	REDA_Ch13AMixed_INNES
0890FF08	088BB9A8	8	exact	REDA_Ch13AMixed_MESSENGER
0890FF24	088BB9C4	120	masked	UnitDef_Ch13AMixed
0890FF9C	088BBA3C	8	exact	REDA_Ch13AEnemy_17_AIAS
0890FFB8	088BBA58	40	exact	UnitDef_Ch13AEnemy_16
0890FFE0	088BBA80	40	masked	UnitDef_Ch13AEnemy_17
08910008	088BBAA8	8	exact	REDA_Ch14AEnemy_2_0
08910020	088BBAC0	8	exact	REDA_Ch14AEnemy_4_0
08910028	088BBAC8	8	exact	REDA_Ch14AEnemy_4_1
08910030	088BBAD0	8	exact	REDA_Ch14AEnemy_4_2
08910070	088BBB10	8	exact	REDA_Ch14AEnemy_6_3
08910078	088BBB18	8	exact	REDA_Ch14AEnemy_6_4
08910088	088BBB28	8	exact	REDA_Ch14A_2
089100B0	088BBB50	8	exact	REDA_Ch14AAlly_0_EIRIKA
089100B8	088BBB58	8	exact	REDA_Ch14A_6
089100C0	088BBB60	8	exact	REDA_Ch14A_7
08910108	088BBBA8	260	exact	UnitDef_Event_Ch14aAlly
08910568	088BC008	40	exact	UnitDef_Ch14AEnemy_1
08910590	088BC030	80	masked	UnitDef_Ch14AEnemy_2
089105E0	088BC080	60	exact	UnitDef_Ch14AEnemy_3
0891061C	088BC0BC	80	masked	UnitDef_Ch14AEnemy_4
0891066C	088BC10C	40	exact	UnitDef_Ch14ANPC
08910694	088BC134	60	masked	UnitDef_Ch14AEnemy_5
089106D0	088BC170	140	masked	UnitDef_Ch14AEnemy_6
0891075C	088BC1FC	80	masked	UnitDef_Ch14AAlly_0
089107AC	088BC24C	40	masked	UnitDef_Ch14AAlly_1
089107D4	088BC274	60	masked	UnitDef_Ch14AAlly_2
08910810	088BC2B0	120	masked	UnitDef_Ch14AMixed_0
08910888	088BC328	8	exact	REDA_Ch14AAlly_3_EIRIKA
08910898	088BC338	8	exact	REDA_Ch14A_12
089108A0	088BC340	8	exact	REDA_Ch14AAlly_3_LARACHEL
089108A8	088BC348	8	exact	REDA_Ch14AAlly_3_INNES
089108B0	088BC350	100	masked	UnitDef_Ch14AAlly_3
08910928	088BC3C8	64	exact	REDA_Ch14AMixed_1_CAELLACH
08910968	088BC408	32	exact	REDA_Ch14AMixed_1_ISMAIRE
08910988	088BC428	32	exact	REDA_Ch14AMixed_1_LYON
089109BC	088BC45C	80	masked	UnitDef_Ch14AMixed_1
08910A34	088BC4D4	120	masked	UnitDef_Ch14AAlly
08910AC8	088BC568	8	exact	REDA_Ch15AAlly_1_EPHRAIM
08910AD0	088BC570	8	exact	REDA_Ch15AAlly_1_DUESSEL
08910B00	088BC5A0	8	exact	REDA_Ch15AEnemy_4_1
08910B48	088BC5E8	8	exact	REDA_Ch15AAlly_EIRIKA
08910B50	088BC5F0	8	exact	REDA_Ch15A_0
08910B58	088BC5F8	8	exact	REDA_Ch15A_1
08910B60	088BC600	8	exact	REDA_Ch15A_2
08910B68	088BC608	8	exact	REDA_Ch15AAlly_SETH
08911020	088BCAD4	80	masked	UnitDef_Ch15AAlly_1
08911110	088BCBD8	40	masked	UnitDef_Ch15AEnemy_5
08911200	088BCCC8	60	masked	UnitDef_Ch15AAlly
08911278	088BCD40	8	exact	REDA_Ch16AEnemy_2_0
08911280	088BCD48	8	exact	REDA_Ch16AEnemy_2_1
08911290	088BCD58	8	exact	REDA_Ch16AEnemy_3_0
08911298	088BCD60	8	exact	REDA_Ch16AEnemy_3_1
089112A0	088BCD68	8	exact	REDA_Ch16AEnemy_3_2
089112C0	088BCD88	8	exact	REDA_Ch16AEnemy_5_0
089112C8	088BCD90	8	exact	REDA_Ch16AAlly_0_SETH
089112E8	088BCDB0	8	exact	REDA_Ch16A_1
08911300	088BCDC8	8	exact	REDA_Ch16A_3
08911318	088BCDE0	8	exact	REDA_Ch16AAlly_3_EIRIKA
08911328	088BCDF0	8	exact	REDA_Ch16AAlly_3_SETH
08911330	088BCDF8	8	exact	REDA_Ch16A_6
08911338	088BCE00	8	exact	REDA_Ch16AAlly_4_LARACHEL
08911340	088BCE08	8	exact	REDA_Ch16AAlly_4_INNES
08911348	088BCE10	8	exact	REDA_Ch16A_7
08911350	088BCE18	8	exact	REDA_Ch16AAlly_4_MYRRH
08911368	088BCE30	8	exact	REDA_Ch16A_9
08911378	088BCE40	8	exact	REDA_Ch16A_10
08911388	088BCE50	8	exact	REDA_Ch16A_11
089116D8	088BD1B4	140	exact	UnitDef_Ch16AEnemy_1
08911764	088BD240	100	masked	UnitDef_Ch16AEnemy_2
089117DC	088BD2B8	80	masked	UnitDef_Ch16AEnemy_3
0891182C	088BD308	80	masked	UnitDef_Ch16AEnemy_4
0891187C	088BD358	40	masked	UnitDef_Ch16AEnemy_5
089118A4	088BD380	40	exact	UnitDef_Ch16AEnemy_6
089118CC	088BD3A8	40	exact	UnitDef_Ch16AEnemy_7
089118F4	088BD3D0	80	masked	UnitDef_Ch16AAlly_0
08911944	088BD420	140	masked	UnitDef_Ch16AAlly_1
089119D0	088BD4AC	80	exact	UnitDef_Ch16AAlly_2
08911A70	088BD54C	140	masked	UnitDef_Ch16AAlly_4
08911AFC	088BD5D8	32	exact	REDA_Ch16AAlly_5_EPHRAIM
08911B1C	088BD5F8	16	exact	REDA_Ch16AAlly_5_EIRIKA
08911B2C	088BD608	16	exact	REDA_Ch16AAlly_5_SETH
08911B3C	088BD618	8	exact	REDA_Ch16AAlly_5_MYRRH
08911B44	088BD620	8	exact	REDA_Ch16AAlly_5_LARACHEL
08911B4C	088BD628	8	exact	REDA_Ch16AAlly_5_INNES
08911B54	088BD630	8	exact	REDA_Ch16AAlly_5_FORDE
08911B5C	088BD638	8	exact	REDA_Ch16AAlly_5_KYLE
08911B64	088BD640	8	exact	REDA_Ch16AAlly_5_FRANZ
08911B6C	088BD648	200	masked	UnitDef_Ch16AAlly_5
08911C50	088BD72C	8	exact	REDA_Ch16A_12
08911C68	088BD744	8	exact	REDA_Ch16A_14
08911C80	088BD75C	8	exact	REDA_Ch16AMixed_0_1
08911C88	088BD764	8	exact	REDA_Ch16A_17
08911C98	088BD774	8	exact	REDA_Ch16AAlly_8_1
08911CA0	088BD77C	8	exact	REDA_Ch16A_18
08911CB0	088BD78C	8	exact	REDA_Ch16A_19
08911CC8	088BD7A4	8	exact	REDA_Ch16A_20
08911CF8	088BD7D4	8	exact	REDA_Ch16A_24
08911D10	088BD7EC	8	exact	REDA_Ch16AAlly_11_RIEV
08911D34	088BD810	60	exact	UnitDef_Ch16AAlly_6
08911D98	088BD874	60	masked	UnitDef_Ch16AMixed_0
08911DD4	088BD8B0	100	masked	UnitDef_Ch16AAlly_8
08911EFC	088BD9D8	8	exact	REDA_Ch16A_27
08911F0C	088BD9E8	8	exact	REDA_Ch16AMixed_1_1
08911F14	088BD9F0	8	exact	REDA_Ch16AMixed_1_2
08911F1C	088BD9F8	8	exact	REDA_Ch16AMixed_1_3
08911F2C	088BDA08	40	masked	UnitDef_Ch16AAlly_12
08911F68	088BDA44	100	masked	UnitDef_Ch16AMixed_1
08911FCC	088BDAA8	8	exact	REDA_Ch16AAlly_13_EPHRAIM
08911FD4	088BDAB0	8	exact	REDA_Ch16A_30
08911FDC	088BDAB8	8	exact	REDA_Ch16A_31
08911FE4	088BDAC0	8	exact	REDA_Ch16AAlly_13_EIRIKA
08911FFC	088BDAD8	8	exact	REDA_Ch16AAlly_13_SETH
08912014	088BDAF0	8	exact	REDA_Ch16A_36
0891201C	088BDAF8	80	masked	UnitDef_Ch16AAlly_13
08912080	088BDB5C	80	exact	UnitDef_Ch16AAlly_14
089120D0	088BDBAC	8	exact	REDA_Ch16AAlly_15_EPHRAIM
089120D8	088BDBB4	8	exact	REDA_Ch16A_37
089120E0	088BDBBC	8	exact	REDA_Ch16A_38
089120E8	088BDBC4	8	exact	REDA_Ch16AAlly_15_EIRIKA
08912100	088BDBDC	8	exact	REDA_Ch16AAlly_15_SETH
089121D4	088BDCB0	40	masked	UnitDef_Ch16AAlly_17
08912234	088BDD10	8	exact	REDA_Ch17A_1
0891223C	088BDD18	8	exact	REDA_Ch17ANPC_1
08912244	088BDD20	8	exact	REDA_Ch17A_2
0891224C	088BDD28	8	exact	REDA_Ch17ANPC_2
08912254	088BDD30	8	exact	REDA_Ch17ANPC_3
0891225C	088BDD38	8	exact	REDA_Ch17ANPC_4
089122A4	088BDD80	8	exact	REDA_Ch17AMixed_0_3
089122AC	088BDD88	8	exact	REDA_Ch17AMixed_0_4
089122B4	088BDD90	8	exact	REDA_Ch17AMixed_0_5
089122BC	088BDD98	8	exact	REDA_Ch17AMixed_0_6
089122C4	088BDDA0	8	exact	REDA_Ch17AMixed_0_7
089122D4	088BDDB0	8	exact	REDA_Ch17A_3
089122EC	088BDDC8	8	exact	REDA_Ch17AMixed_1_2
089122F4	088BDDD0	8	exact	REDA_Ch17AMixed_1_3
08912314	088BDDF0	8	exact	REDA_Ch17AMixed_2_3
0891231C	088BDDF8	8	exact	REDA_Ch17AMixed_2_4
08912324	088BDE00	8	exact	REDA_Ch17AMixed_2_5
08912334	088BDE10	8	exact	REDA_Ch17AAlly_1_EIRIKA
0891234C	088BDE28	8	exact	REDA_Ch17AAlly_1_MYRRH
08912354	088BDE30	8	exact	REDA_Ch17AAlly_2_EPHRAIM
0891235C	088BDE38	8	exact	REDA_Ch17AAlly_2_EIRIKA
08912364	088BDE40	8	exact	REDA_Ch17AAlly_2_INNES
0891236C	088BDE48	8	exact	REDA_Ch17AAlly_2_LARACHEL
08912374	088BDE50	8	exact	REDA_Ch17AAlly_2_MYRRH
0891237C	088BDE58	260	exact	UnitDef_Ch17AAlly_0
08912688	088BE164	120	masked	UnitDef_Ch17ANPC
08912840	088BE31C	180	masked	UnitDef_Ch17AMixed_0
089128F4	088BE3D0	100	masked	UnitDef_Ch17AMixed_1
08912958	088BE434	140	masked	UnitDef_Ch17AMixed_2
089129E4	088BE4C0	120	masked	UnitDef_Ch17AAlly_1
08912A5C	088BE538	120	masked	UnitDef_Ch17AAlly_2
08913434	088BEF10	8	exact	REDA_Ch18AMixed_FRELIAN
0891343C	088BEF18	8	exact	REDA_Ch18AMixed_EPHRAIM
08913444	088BEF20	8	exact	REDA_Ch18AMixed_EIRIKA
0891344C	088BEF28	8	exact	REDA_Ch18AMixed_MYRRH
08913454	088BEF30	8	exact	REDA_Ch18AMixed_INNES
0891345C	088BEF38	8	exact	REDA_Ch18AMixed_LARACHEL
08913464	088BEF40	8	exact	REDA_Ch18AMixed_SETH
0891348C	088BEF68	8	exact	REDA_Ch18A_2
08913494	088BEF70	8	exact	REDA_Ch18A_3
089134A4	088BEF80	8	exact	REDA_Ch18AAlly_2_INNES
089134AC	088BEF88	8	exact	REDA_Ch18AAlly_2_LARACHEL
089134B4	088BEF90	8	exact	REDA_Ch18AAlly_2_MYRRH
0891382C	088BF330	160	masked	UnitDef_Ch18AMixed
089138CC	088BF3D0	140	exact	UnitDef_Ch18AAlly_1
08913958	088BF45C	120	masked	UnitDef_Ch18AAlly_2
089146F4	088C01F8	8	exact	REDA_Ch19AAlly_1_EIRIKA
089146FC	088C0200	8	exact	REDA_Ch19A_0
08914704	088C0208	8	exact	REDA_Ch19AAlly_1_EPHRAIM
0891470C	088C0210	8	exact	REDA_Ch19A_1
08914714	088C0218	8	exact	REDA_Ch19AAlly_1_MYRRH
0891471C	088C0220	8	exact	REDA_Ch19AAlly_1_INNES
08914724	088C0228	8	exact	REDA_Ch19AAlly_2_0
0891472C	088C0230	8	exact	REDA_Ch19AAlly_3_EIRIKA
08914734	088C0238	8	exact	REDA_Ch19A_2
0891474C	088C0250	8	exact	REDA_Ch19A_3
0891478C	088C0290	360	exact	UnitDef_Ch19AAlly_0
08914B24	088C063C	180	exact	UnitDef_Ch19ANPC_1
08914DCC	088C08E4	120	masked	UnitDef_Ch19AAlly_1
08914E44	088C095C	40	masked	UnitDef_Ch19AAlly_2
08914E6C	088C0984	60	exact	UnitDef_Ch19AEnemy_9
08914EA8	088C09C0	100	masked	UnitDef_Ch19AAlly_3
08914F0C	088C0A24	40	masked	UnitDef_Ch19ANPC_2
08914F34	088C0A4C	160	exact	UnitDef_Ch19AMixed
08914FD4	088C0AEC	100	masked	UnitDef_Ch19ANPC_3
08915048	088C0B60	8	exact	REDA_Ch19AAlly_5_EPHRAIM
08915050	088C0B68	8	exact	REDA_Ch19AAlly_5_EIRIKA
08915058	088C0B70	8	exact	REDA_Ch19AAlly_5_MYRRH
08915060	088C0B78	8	exact	REDA_Ch19AAlly_5_INNES
08915068	088C0B80	8	exact	REDA_Ch19AAlly_6_LARACHEL
08915070	088C0B88	8	exact	REDA_Ch19A_6
089150B4	088C0BCC	120	masked	UnitDef_Ch19AAlly_5
08915BF8	088C1710	8	exact	REDA_Ch21AEnemy_LYON
08915C14	088C172C	40	masked	UnitDef_Ch21AEnemy
08915C5C	088C1774	8	exact	REDA_Ch21AEnemy_1_4
08915CBC	088C17D4	8	exact	REDA_Ch21AAlly_1_EIRIKA
08915CC4	088C17DC	8	exact	REDA_Ch21AAlly_1_EPHRAIM
08915CCC	088C17E4	8	exact	REDA_Ch21A_0
08915CD4	088C17EC	8	exact	REDA_Ch21AAlly_1_INNES
08915CDC	088C17F4	8	exact	REDA_Ch21AAlly_1_LARACHEL
08915CE4	088C17FC	8	exact	REDA_Ch21AAlly_1_MYRRH
08915CFC	088C1814	8	exact	REDA_Ch21A_1
08915D04	088C181C	260	exact	UnitDef_Ch21AAlly_0
089160EC	088C1C04	120	masked	UnitDef_Ch21AEnemy_1
08916164	088C1C7C	100	masked	UnitDef_Ch21AEnemy_2
089162B8	088C1DD0	120	masked	UnitDef_Ch21AAlly_1
08916330	088C1E48	140	masked	UnitDef_Ch21AMixed
089163BC	088C1ED4	8	exact	REDA_Ch21XAAlly_0_EPHRAIM
089163DC	088C1EF4	8	exact	REDA_Ch21XAAlly_2_0
089163E4	088C1EFC	8	exact	REDA_Ch21XAAlly_2_1
089163EC	088C1F04	8	exact	REDA_Ch21XAAlly_2_2
089163F4	088C1F0C	8	exact	REDA_Ch21XAAlly_2_3
0891641C	088C1F34	8	exact	REDA_Ch21XAAlly_2_8
0891642C	088C1F44	60	masked	UnitDef_Ch21XAAlly_0
08916468	088C1F80	60	masked	UnitDef_Ch21XAAlly_1
089164A4	088C1FBC	220	masked	UnitDef_Ch21XAAlly_2
089165A8	088C20C0	8	exact	REDA_Ch9BAlly_0
089165B0	088C20C8	8	exact	REDA_Ch9BAlly_1
089165B8	088C20D0	8	exact	REDA_Ch9BAlly_2
089165C0	088C20D8	8	exact	REDA_Ch9BAlly_3
089165D8	088C20F0	8	exact	REDA_Ch9BAlly_6
089165E0	088C20F8	8	exact	REDA_Ch9BAlly_7
089165E8	088C2100	8	exact	REDA_Ch9BAlly_8
089165F0	088C2108	8	exact	REDA_Ch9BAlly_9
089165F8	088C2110	8	exact	REDA_Ch9BAlly_10
08916608	088C2120	8	exact	REDA_Ch9BEnemy_1_0
08916620	088C2138	8	exact	REDA_Ch9BEnemy_1_1
08916628	088C2140	8	exact	REDA_Ch9BEnemy_1_2
08916640	088C2158	8	exact	REDA_Ch9BEnemy_1_5
08916678	088C2190	8	exact	REDA_Ch9B_7
08916680	088C2198	8	exact	REDA_Ch9B_8
08916688	088C21A0	8	exact	REDA_Ch9BMixed_0_1
089166C0	088C21D8	8	exact	REDA_Ch9B_15
089166D8	088C21F0	8	exact	REDA_Ch9BEnemy_3_2
08916710	088C2228	8	exact	REDA_Ch9B_21
08916718	088C2230	8	exact	REDA_Ch9B_22
08916720	088C2238	8	exact	REDA_Ch9BMixed_1_1
08916758	088C2270	8	exact	REDA_Ch9B_29
08916760	088C2278	8	exact	REDA_Ch9BEnemy_7_SOLDIER_83
08916768	088C2280	8	exact	REDA_Ch9B_30
08916770	088C2288	8	exact	REDA_Ch9B_31
089167B0	088C22C8	240	masked	UnitDef_Ch9BAlly
08916B84	088C269C	60	exact	UnitDef_Ch9BEnemy_2
08916BC0	088C26D8	60	masked	UnitDef_Ch9BMixed_0
08916C4C	088C2764	40	exact	UnitDef_Ch9BEnemy_4
08916C74	088C278C	60	exact	UnitDef_Ch9BEnemy_5
08916CB0	088C27C8	100	exact	UnitDef_Ch9BEnemy_6
08916D50	088C2868	40	masked	UnitDef_Ch9BEnemy_7
08916D78	088C2890	60	exact	UnitDef_Ch9BEnemy_8
08916DB4	088C28CC	80	masked	UnitDef_Ch9BMixed_2
08916E04	088C291C	8	exact	REDA_Ch9BEnemy_9_VIGARDE
08916E14	088C292C	8	exact	REDA_Ch9B_38
08916E1C	088C2934	8	exact	REDA_Ch9B_39
08916E24	088C293C	8	exact	REDA_Ch9BEnemy_9_LYON
08916E34	088C294C	8	exact	REDA_Ch9B_41
08916E3C	088C2954	8	exact	REDA_Ch9B_42
08916E4C	088C2964	8	exact	REDA_Ch9B_44
08916E68	088C2980	80	masked	UnitDef_Ch9BEnemy_9
08916EE8	088C2A00	60	exact	UnitDef_Ch9BEnemy_10
08916F24	088C2A3C	40	masked	UnitDef_Ch9BEnemy_11
08916F7C	088C2A94	8	exact	REDA_Ch10BEnemy_4_0
08916F84	088C2A9C	8	exact	REDA_Ch10BNPC_0_0
08916F8C	088C2AA4	8	exact	REDA_Ch10B_0
08916F94	088C2AAC	8	exact	REDA_Ch10B_1
08916F9C	088C2AB4	8	exact	REDA_Ch10B_2
08916FA4	088C2ABC	8	exact	REDA_Ch10B_3
08916FAC	088C2AC4	8	exact	REDA_Ch10B_4
08916FBC	088C2AD4	8	exact	REDA_Ch10B_5
08916FD4	088C2AEC	8	exact	REDA_Ch10B_7
08916FDC	088C2AF4	8	exact	REDA_Ch10B_8
08916FE4	088C2AFC	8	exact	REDA_Ch10B_9
08916FF4	088C2B0C	8	exact	REDA_Ch10B_10
08917014	088C2B2C	8	exact	REDA_Ch10BEnemy_6_1
0891701C	088C2B34	8	exact	REDA_Ch10BEnemy_7_0
0891703C	088C2B54	8	exact	REDA_Ch10BEnemy_7_4
08917044	088C2B5C	8	exact	REDA_Ch10BEnemy_7_5
0891705C	088C2B74	8	exact	REDA_Ch10BAlly_1_SELENA
08917064	088C2B7C	8	exact	REDA_Ch10BAlly_2_0
08917074	088C2B8C	8	exact	REDA_Ch10BAlly_2_2
0891707C	088C2B94	8	exact	REDA_Ch10BAlly_3_EPHRAIM
0891708C	088C2BA4	8	exact	REDA_Ch10BAlly_3_SETH
0891709C	088C2BB4	8	exact	REDA_Ch10BAlly_4_0
089170A4	088C2BBC	8	exact	REDA_Ch10BAlly_4_1
089170AC	088C2BC4	8	exact	REDA_Ch10BAlly_4_2
089170B4	088C2BCC	8	exact	REDA_Ch10BAlly_4_3
089170BC	088C2BD4	8	exact	REDA_Ch10BAlly_4_4
089170C4	088C2BDC	8	exact	REDA_Ch10BAlly_4_5
089170CC	088C2BE4	8	exact	REDA_Ch10BAlly_4_6
089170D4	088C2BEC	8	exact	REDA_Ch10BAlly_4_7
089170E4	088C2BFC	8	exact	REDA_Ch10BEnemy_10_SELENA
089170EC	088C2C04	8	exact	REDA_Ch10BEnemy_11_VALTER
089170FC	088C2C14	8	exact	REDA_Ch10B_15
08917104	088C2C1C	8	exact	REDA_Ch10B_16
08917124	088C2C3C	8	exact	REDA_Ch10B_18
0891712C	088C2C44	8	exact	REDA_Ch10BAlly_5_FRELIAN
08917134	088C2C4C	8	exact	REDA_Ch10B_19
08917240	088C2D6C	140	masked	UnitDef_Ch10BEnemy_1
08917484	088C2FB0	100	masked	UnitDef_Ch10BNPC_0
089174E8	088C3014	60	exact	UnitDef_Ch10BEnemy_5
08917524	088C3050	80	masked	UnitDef_Ch10BEnemy_6
0891763C	088C3168	100	exact	UnitDef_Ch10BNPC_1
089176A0	088C31CC	40	masked	UnitDef_Ch10BAlly_1
089176C8	088C31F4	80	masked	UnitDef_Ch10BAlly_2
08917754	088C3280	180	masked	UnitDef_Ch10BAlly_4
08917808	088C3334	40	masked	UnitDef_Ch10BEnemy_9
08917830	088C335C	40	masked	UnitDef_Ch10BEnemy_10
08917858	088C3384	40	masked	UnitDef_Ch10BEnemy_11
08917880	088C33AC	120	masked	UnitDef_Ch10BMixed_0
089178F8	088C3424	40	masked	UnitDef_Ch10BAlly_5
08918118	088C3C44	8	exact	REDA_Ch10BAlly_9_0
08918120	088C3C4C	8	exact	REDA_Ch10BAlly_9_1
08918130	088C3C5C	8	exact	REDA_Ch10BAlly_9_3
08918138	088C3C64	8	exact	REDA_Ch10BAlly_9_4
08918140	088C3C6C	8	exact	REDA_Ch10BAlly_9_5
08918170	088C3C9C	8	exact	REDA_Ch10BMixed_1_SETH
08918178	088C3CA4	8	exact	REDA_Ch10B_23
08918188	088C3CB4	160	masked	UnitDef_Ch10BAlly_9
0891823C	088C3D68	80	masked	UnitDef_Ch10BMixed_1
0891828C	088C3DB8	8	exact	REDA_Ch11BNPC_DOZLA
08918294	088C3DC0	8	exact	REDA_Ch11BNPC_LARACHEL
089182AC	088C3DD8	8	exact	REDA_Ch11BAlly_2_MYRRH
089182BC	088C3DE8	8	exact	REDA_Ch11BAlly_2_SETH
089182E4	088C3E10	8	exact	REDA_Ch11BEnemy_8_0
089182EC	088C3E18	8	exact	REDA_Ch11BEnemy_8_1
089182F4	088C3E20	8	exact	REDA_Ch11BEnemy_9_0
089182FC	088C3E28	8	exact	REDA_Ch11BEnemy_9_1
08918314	088C3E40	8	exact	REDA_Ch11BEnemy_11_0
08918324	088C3E50	240	exact	UnitDef_Ch11BAlly_0
08918414	088C3F40	220	exact	UnitDef_Ch11BEnemy_0
089184F0	088C401C	60	masked	UnitDef_Ch11BNPC
0891852C	088C4058	260	exact	UnitDef_Ch11BEnemy_1
08918630	088C415C	200	exact	UnitDef_Ch11BEnemy_2
089186F8	088C4224	60	exact	UnitDef_Ch11BEnemy_3
08918784	088C42B0	60	exact	UnitDef_Ch11BAlly_1
089187C0	088C42EC	60	masked	UnitDef_Ch11BAlly_2
089187FC	088C4328	60	exact	UnitDef_Ch11BEnemy_5
08918838	088C4364	60	masked	UnitDef_Ch11BEnemy_6
08918874	088C43A0	60	masked	UnitDef_Ch11BEnemy_7
089188C4	088C43F0	60	masked	UnitDef_Ch11BEnemy_8
08918900	088C442C	60	masked	UnitDef_Ch11BEnemy_9
08918964	088C4490	60	masked	UnitDef_Ch11BEnemy_10
089189A0	088C44CC	60	masked	UnitDef_Ch11BEnemy_11
089189F0	088C451C	140	exact	UnitDef_Ch11BEnemy_12
08918A7C	088C45A8	8	exact	REDA_Ch12BEnemy_0_0
08918A84	088C45B0	8	exact	REDA_Ch12BEnemy_0_1
08918A94	088C45C0	8	exact	REDA_Ch12BEnemy_0_3
08918A9C	088C45C8	8	exact	REDA_Ch12BEnemy_0_4
08918AAC	088C45D8	8	exact	REDA_Ch12BEnemy_0_6
08918ACC	088C45F8	8	exact	REDA_Ch12BEnemy_0_10
08918ADC	088C4608	8	exact	REDA_Ch12BEnemy_1_0
08918AEC	088C4618	8	exact	REDA_Ch12BEnemy_1_2
08918B04	088C4630	8	exact	REDA_Ch12BEnemy_1_5
08918B24	088C4650	8	exact	REDA_Ch12BEnemy_3_0
08918B44	088C4670	8	exact	REDA_Ch12BEnemy_4_2
08918B4C	088C4678	8	exact	REDA_Ch12BAlly_2_MYRRH
08918B54	088C4680	8	exact	REDA_Ch12BAlly_3_LYON
08918B5C	088C4688	8	exact	REDA_Ch12B_0
08918B64	088C4690	8	exact	REDA_Ch12B_1
08918B74	088C46A0	8	exact	REDA_Ch12BNPC_EWAN
08918B84	088C46B0	8	exact	REDA_Ch12BAlly_5_MYRRH
08918B8C	088C46B8	260	exact	UnitDef_Ch12BAlly_0
08918F88	088C4AB4	40	masked	UnitDef_Ch12BAlly_1
08918FB0	088C4ADC	140	masked	UnitDef_Ch12BEnemy_1
0891903C	088C4B68	80	masked	UnitDef_Ch12BEnemy_2
0891908C	088C4BB8	60	masked	UnitDef_Ch12BEnemy_3
08919118	088C4C44	60	exact	UnitDef_Ch12BEnemy_5
08919154	088C4C80	40	exact	UnitDef_Ch12BEnemy_6
0891917C	088C4CA8	40	exact	UnitDef_Ch12BEnemy_7
089191A4	088C4CD0	60	exact	UnitDef_Ch12BEnemy_8
089191E0	088C4D0C	80	masked	UnitDef_Ch12BAlly_2
08919258	088C4D84	60	masked	UnitDef_Ch12BNPC
08919294	088C4DC0	60	masked	UnitDef_Ch12BAlly_4
089192D0	088C4DFC	40	masked	UnitDef_Ch12BAlly_5
08919308	088C4E34	8	exact	REDA_Ch13BAlly_1_GERIK
08919318	088C4E44	8	exact	REDA_Ch13B_0
08919328	088C4E54	8	exact	REDA_Ch13BAlly_3_SETH
08919330	088C4E5C	8	exact	REDA_Ch13BAlly_3_LARACHEL
08919338	088C4E64	8	exact	REDA_Ch13BAlly_4_0
08919348	088C4E74	8	exact	REDA_Ch13BAlly_4_2
08919350	088C4E7C	8	exact	REDA_Ch13BAlly_4_3
08919370	088C4E9C	8	exact	REDA_Ch13B_2
08919380	088C4EAC	8	exact	REDA_Ch13B_3
08919748	088C5288	60	masked	UnitDef_Ch13BAlly_1
08919860	088C53A0	80	masked	UnitDef_Ch13BAlly_3
089198B0	088C53F0	180	masked	UnitDef_Ch13BAlly_4
08919964	088C54A4	40	masked	UnitDef_Ch13BAlly_5
0891998C	088C54CC	60	masked	UnitDef_Ch13BAlly_6
089199C8	088C5508	200	exact	UnitDef_Ch13BEnemy_6
0891A3B4	088C5EF4	8	exact	REDA_Ch14BEnemy_2_RENNAC
0891A3E4	088C5F24	8	exact	REDA_Ch14BEnemy_5_1
0891A3FC	088C5F3C	8	exact	REDA_Ch14BEnemy_8_0
0891A424	088C5F64	8	exact	REDA_Ch14BEnemy_9_2
0891A46C	088C5FAC	8	exact	REDA_Ch14BEnemy_14_0
0891A474	088C5FB4	8	exact	REDA_Ch14BEnemy_14_1
0891A47C	088C5FBC	260	exact	UnitDef_Ch14BAlly_0
0891A904	088C6444	40	exact	UnitDef_Ch14BAlly_1
0891A92C	088C646C	40	masked	UnitDef_Ch14BEnemy_2
0891A990	088C64D0	60	masked	UnitDef_Ch14BEnemy_4
0891A9CC	088C650C	60	masked	UnitDef_Ch14BEnemy_5
0891AA08	088C6548	60	masked	UnitDef_Ch14BEnemy_6
0891AB20	088C6660	40	masked	UnitDef_Ch14BEnemy_10
0891AB48	088C6688	80	exact	UnitDef_Ch14BMixed
0891AB98	088C66D8	160	exact	UnitDef_Ch14BAlly_2
0891AC38	088C6778	40	masked	UnitDef_Ch14BNPC
0891AC60	088C67A0	60	masked	UnitDef_Ch14BEnemy_11
0891AC9C	088C67DC	60	masked	UnitDef_Ch14BEnemy_12
0891ACD8	088C6818	60	masked	UnitDef_Ch14BEnemy_13
0891AD58	088C6898	8	exact	REDA_Ch14BAlly_3_SETH
0891AD60	088C68A0	8	exact	REDA_Ch14BAlly_3_MYRRH
0891AD68	088C68A8	8	exact	REDA_Ch14BAlly_3_DUESSEL
0891AD78	088C68B8	160	masked	UnitDef_Ch14BAlly_3
0891AE18	088C6958	8	exact	REDA_Ch14BAlly_4_EPHRAIM
0891AE28	088C6968	8	exact	REDA_Ch14BAlly_4_SETH
0891AE40	088C6980	8	exact	REDA_Ch14BAlly_6_EPHRAIM
0891AE58	088C6998	8	exact	REDA_Ch14B_1
0891AE68	088C69A8	8	exact	REDA_Ch14B_2
0891AE70	088C69B0	8	exact	REDA_Ch14BAlly_7_SETH
0891AE80	088C69C0	8	exact	REDA_Ch14BAlly_8_FRELIAN
0891AE90	088C69D0	8	exact	REDA_Ch14B_4
0891AE98	088C69D8	8	exact	REDA_Ch14BAlly_8_SETH
0891AEA0	088C69E0	8	exact	REDA_Ch14B_5
0891AEE4	088C6A24	40	exact	UnitDef_Ch14BEnemy_15
0891AF0C	088C6A4C	40	masked	UnitDef_Ch14BAlly_5
0891AF34	088C6A74	80	masked	UnitDef_Ch14BAlly_6
0891AF84	088C6AC4	100	masked	UnitDef_Ch14BAlly_7
0891AFE8	088C6B28	100	masked	UnitDef_Ch14BAlly_8
0891B064	088C6BA4	8	exact	REDA_Ch14B_7
0891B074	088C6BB4	8	exact	REDA_Ch14BAlly_12_LYON
0891B084	088C6BC4	8	exact	REDA_Ch14B_8
0891B08C	088C6BCC	8	exact	REDA_Ch14BAlly_13_EPHRAIM
0891B094	088C6BD4	8	exact	REDA_Ch14BAlly_13_SETH
0891B0C4	088C6C04	60	exact	UnitDef_Ch14BAlly_10
0891B100	088C6C40	60	masked	UnitDef_Ch14BAlly_11
0891B164	088C6CA4	80	masked	UnitDef_Ch14BAlly_13
0891B1B4	088C6CF4	8	exact	REDA_Ch15BAlly_0_0
0891B1BC	088C6CFC	8	exact	REDA_Ch15BAlly_0_1
0891B1C4	088C6D34	8	exact	REDA_Ch15BAlly_0_8
0891B1F4	088C6D3C	8	exact	REDA_Ch15BEnemy_1_0
0891B1FC	088C6D44	8	exact	REDA_Ch15BEnemy_1_1
0891B24C	088C6D94	8	exact	REDA_Ch15BEnemy_4_1
0891B294	088C6DDC	8	exact	REDA_Ch15BAlly_2_SETH
0891B718	088C7274	80	masked	UnitDef_Ch15BEnemy_1
0891B768	088C72C4	80	masked	UnitDef_Ch15BAlly_1
0891B830	088C738C	80	masked	UnitDef_Ch15BEnemy_4
0891B984	088C74E0	60	masked	UnitDef_Ch15BAlly_2
0891B9C0	088C751C	180	masked	UnitDef_Ch15BAlly_3
0891BA74	088C75D0	40	exact	UnitDef_Ch15BEnemy_7
0891BA9C	088C75F8	8	exact	REDA_Ch16BEnemy_1_0
0891BAAC	088C7608	8	exact	REDA_Ch16BEnemy_2_0
0891BABC	088C7618	8	exact	REDA_Ch16BEnemy_2_2
0891BAC4	088C7620	8	exact	REDA_Ch16BEnemy_2_3
0891BED4	088C7A44	60	masked	UnitDef_Ch16BEnemy_1
0891BF24	088C7A94	120	masked	UnitDef_Ch16BEnemy_2
0891BFD8	088C7B48	100	masked	UnitDef_Ch16BEnemy_4
0891C03C	088C7BAC	40	exact	UnitDef_Ch16BEnemy_5
0891C064	088C7BD4	40	exact	UnitDef_Ch16BEnemy_6
0891C08C	088C7BFC	120	exact	UnitDef_Ch16BEnemy_7
0891C12C	088C7C9C	260	exact	UnitDef_Ch17BAlly_0
0891CF00	088C8A70	8	exact	REDA_Ch18BAlly_2_INNES
0891CF08	088C8A78	8	exact	REDA_Ch18BAlly_2_MYRRH
0891CF20	088C8A90	8	exact	REDA_Ch18BAlly_2_LARACHEL
0891D288	088C8E20	140	exact	UnitDef_Ch18BAlly_1
0891D314	088C8EAC	120	masked	UnitDef_Ch18BAlly_2
0891E0B0	088C9C48	8	exact	REDA_Ch19BAlly_1_EIRIKA
0891E0B8	088C9C50	8	exact	REDA_Ch19B_0
0891E0C0	088C9C58	8	exact	REDA_Ch19BAlly_1_EPHRAIM
0891E0C8	088C9C60	8	exact	REDA_Ch19B_1
0891E0D0	088C9C68	8	exact	REDA_Ch19BAlly_1_JOSHUA
0891E0D8	088C9C70	8	exact	REDA_Ch19BAlly_1_INNES
0891E118	088C9CB0	360	exact	UnitDef_Ch19BAlly
0891E6A4	088CA250	120	masked	UnitDef_Ch19BAlly_1
0891E71C	088CA2C8	140	exact	UnitDef_Ch19BAlly_2
0891E7A8	088CA354	40	masked	UnitDef_Ch19BNPC
0891E7D0	088CA37C	160	exact	UnitDef_Ch19BMixed
0891E870	088CA41C	100	masked	UnitDef_Ch19BNPC_2
0891E8D4	088CA480	180	exact	UnitDef_Ch19BNPC_1
0891F464	088CB010	8	exact	REDA_Ch21BEnemy_2_2
0891F4B4	088CB060	260	exact	UnitDef_Ch21BAlly
0891F89C	088CB448	120	masked	UnitDef_Ch21BEnemy_1
0891F914	088CB4C0	100	masked	UnitDef_Ch21BEnemy_2
0891FA68	088CB614	140	masked	UnitDef_Ch21BMixed
0891FB1C	088CB6C8	180	exact	UnitDef_Tower1Ally
0891FBD0	088CB77C	360	exact	UnitDef_TowerEnemy_0
0891FD6C	088CB918	180	exact	UnitDef_Tower2Ally
08920028	088CBBD4	100	masked	UnitDef_TowerEnemy_2
0892008C	088CBC38	180	exact	UnitDef_Tower3Ally
08920378	088CBF24	180	exact	UnitDef_Tower4Ally
089205E4	088CC190	180	exact	UnitDef_Tower5Ally
089209E0	088CC58C	60	exact	UnitDef_TowerEnemy_6
08920A1C	088CC5C8	180	exact	UnitDef_Tower6Ally
08920DE4	088CC990	8	exact	REDA_TowerEnemy_9_1
08920DEC	088CC998	8	exact	REDA_TowerEnemy_10_0
08920DFC	088CC9A8	8	exact	REDA_TowerEnemy_11_0
08920E0C	088CC9B8	180	exact	UnitDef_Tower7Ally
08921154	088CCD00	60	masked	UnitDef_TowerEnemy_9
08921190	088CCD3C	60	masked	UnitDef_TowerEnemy_10
089211CC	088CCD78	60	masked	UnitDef_TowerEnemy_11
08921208	088CCDB4	180	exact	UnitDef_Tower8Ally
08921514	088CD0C0	180	exact	UnitDef_Ruin1Ally
089215C8	088CD174	820	exact	UnitDef_RuinEnemy_0
08921910	088CD4BC	60	exact	UnitDef_RuinEnemy_1
0892194C	088CD4F8	60	exact	UnitDef_RuinEnemy_2
08921988	088CD534	180	exact	UnitDef_Ruin2Ally
08921A3C	088CD5E8	1020	exact	UnitDef_RuinEnemy_3
08921E4C	088CD9F8	180	exact	UnitDef_Ruin3Ally
089222AC	088CDE58	40	exact	UnitDef_RuinEnemy_5
089222D4	088CDE80	60	exact	UnitDef_RuinEnemy_6
08922310	088CDEBC	40	exact	UnitDef_RuinEnemy_7
08922338	088CDEE4	40	exact	UnitDef_RuinEnemy_8
08922360	088CDF0C	40	exact	UnitDef_RuinEnemy_9
0892239C	088CDF48	220	exact	UnitDef_Ruin4Ally
08922478	088CE024	740	exact	UnitDef_RuinEnemy_10
08922770	088CE31C	40	exact	UnitDef_RuinEnemy_11
08922798	088CE344	40	exact	UnitDef_RuinEnemy_12
089227C0	088CE36C	200	exact	UnitDef_Ruin5Ally
08922888	088CE434	640	exact	UnitDef_RuinEnemy_13
08922B1C	088CE6C8	40	exact	UnitDef_RuinEnemy_14
08922B44	088CE6F0	40	exact	UnitDef_RuinEnemy_15
08922B6C	088CE718	40	exact	UnitDef_RuinEnemy_16
08922B94	088CE740	220	exact	UnitDef_Ruin6Ally
08922C70	088CE81C	860	exact	UnitDef_RuinEnemy_17
08922FE0	088CEB8C	60	exact	UnitDef_RuinEnemy_18
08923058	088CEC04	60	exact	UnitDef_RuinEnemy_20
089230D0	088CEC7C	8	exact	REDA_RuinEnemy_29_0
089230D8	088CEC84	240	exact	UnitDef_Ruin7Ally
0892340C	088CEFB8	40	exact	UnitDef_RuinEnemy_23
08923434	088CEFE0	60	exact	UnitDef_RuinEnemy_24
08923470	088CF01C	40	exact	UnitDef_RuinEnemy_25
08923498	088CF044	40	exact	UnitDef_RuinEnemy_26
089234C0	088CF06C	40	exact	UnitDef_RuinEnemy_27
089234E8	088CF094	40	exact	UnitDef_RuinEnemy_28
08923510	088CF0BC	40	masked	UnitDef_RuinEnemy_29
08923538	088CF0E4	40	exact	UnitDef_RuinEnemy_30
08923560	088CF10C	200	exact	UnitDef_Ruin8Ally
08923970	088CF51C	40	exact	UnitDef_RuinEnemy_32
08923998	088CF544	40	exact	UnitDef_RuinEnemy_33
089239C0	088CF56C	60	exact	UnitDef_RuinEnemy_34
089239FC	088CF5A8	40	exact	UnitDef_RuinEnemy_35
08923A24	088CF5D0	180	exact	UnitDef_Ruin9Ally
08923E5C	088CFA08	40	exact	UnitDef_RuinEnemy_37
08923E84	088CFA30	180	exact	UnitDef_Ruin10Ally
089253B0	088D0F5C	220	exact	UnitDef_MelkaenCoastMixed
0892548C	088D1038	340	exact	UnitDef_UnusedMixed_0
089255E0	088D118C	700	exact	UnitDef_UnusedAlly
0892589C	088D1448	260	exact	UnitDef_UnusedEnemy
089259A0	088D154C	260	exact	UnitDef_UnusedEnemy_1
08925AA4	088D1650	240	exact	UnitDef_UnusedMixed_1
08925B94	088D1740	100	exact	UnitDef_UnusedMixed
08925C0C	088D17B8	100	exact	UnitDef_UnusedAlly_1
08925C70	088D181C	100	exact	UnitDef_UnusedAlly_2
08925CE8	088D1894	240	exact	UnitDef_UnusedAlly_3
08925DD8	088D1984	220	exact	UnitDef_UnusedAlly_4
08925EB4	088D1A60	220	exact	UnitDef_UnusedAlly_5
08925FC4	088D1B70	8	exact	REDA_Ruin_4
08925FDC	088D1B88	8	exact	REDA_Unused_2
08925FE4	088D1B90	16	exact	REDA_Unused_3
08925FF4	088D1BA0	140	masked	UnitDef_UnusedAlly_18
08926094	088D1C40	80	exact	UnitDef_UnusedAlly_19
089260E4	088D1C90	80	exact	UnitDef_UnusedAlly_20
08926218	088D1DC4	40	exact	UnitDef_UnusedAlly_8
08926240	088D1DEC	40	exact	UnitDef_UnusedAlly_9
08926268	088D1E14	40	exact	UnitDef_UnusedAlly_10
08926290	088D1E3C	40	exact	UnitDef_UnusedAlly_11
089262B8	088D1E64	40	exact	UnitDef_UnusedAlly_12
089262E0	088D1E8C	40	exact	UnitDef_UnusedAlly_13
08926308	088D1EB4	40	exact	UnitDef_UnusedAlly_14
08926330	088D1EDC	40	exact	UnitDef_UnusedAlly_15
08926358	088D1F04	40	exact	UnitDef_UnusedAlly_16
08926380	088D1F2C	40	exact	UnitDef_UnusedAlly_17
089264AC	088D2058	8	exact	gMonsterLevelWeights
089264B4	088D2060	360	exact	gMonsterClassWeights
0892AA3C	088D61D8	256	exact	bg_House_palette
0892EDD8	088DA4A8	256	exact	bg_Caer_Pelyn_palette
089323B0	088DD8F4	1202	exact	bg_Normal_Village_map
08932864	088DDDA8	256	exact	bg_Normal_Village_palette
089361F0	088E12D4	256	exact	bg_Village_Clear_palette
089363F0	088E13D4	256	exact	bg_Village_Sunset_palette
0893E624	088E57F4	256	exact	bg_Serafew_Village_palette
0893E724	088E58F4	256	exact	bg_Serafew_Flashback_palette
08941264	088E81AC	1202	exact	bg_Port_map
08941718	088E8660	256	exact	bg_Port_palette
08944F34	088EBB7C	256	exact	bg_Ship_palette
089485C0	088EEE14	256	exact	bg_Fireplace_palette
0894BA94	088F100C	256	exact	bg_Castle_Interior_palette
0894BB94	088F110C	256	exact	bg_Castle_Night_palette
08950B0C	088F5FA8	256	exact	bg_Grado_Chamber_palette
08950C0C	088F60A8	256	exact	bg_Grado_Chamber_Flashback_palette
08954C50	088F9A4C	256	exact	bg_Throne_Normal_palette
08954D50	088F9B4C	256	exact	bg_Throne_Flashback_palette
08958030	088FB804	256	exact	bg_Castle_Bright_palette
08958130	088FB904	256	exact	bg_Castle_Dark_palette
0895B51C	088FD8D8	256	exact	bg_Gate_palette
0895FBDC	08901D54	256	exact	bg_Garden_palette
0895FCDC	08901E54	256	exact	bg_Garden_Flashback_palette
08963410	089052A0	256	exact	bg_Manse_Back_palette
08963510	089053A0	256	exact	bg_Manse_Flashback_palette
08965F54	0890792C	1202	exact	bg_Cell_map
08966408	08907DE0	256	exact	bg_Cell_palette
08968710	08909C64	1202	exact	bg_Plain_1_map
08968BC4	0890A118	256	exact	bg_Plain_1_palette
08968CC4	0890A218	256	exact	bg_Plain_1_Sunset_palette
08968FC4	0890A318	256	exact	bg_Plain_1_Fog_palette
0896B7A0	0890C7D4	1202	exact	bg_Grass_Plains_2_map
0896BC54	0890CC88	256	exact	bg_Grass_Plains_2_palette
0896DA8C	0890E7E8	1202	exact	bg_Grass_Plains_map
0896DF40	0890EC9C	256	exact	bg_Grass_Plains_palette
089715E4	08912060	1202	exact	bg_Plain_2_map
08971A98	08912514	256	exact	bg_Plain_2_palette
08971C98	08912614	256	exact	bg_Plain_2_Fog_palette
08971D98	08912714	256	exact	bg_Plain_2_Sunset_palette
08971E98	08912814	256	exact	bg_Plain_2_Night_palette
08977D10	08914CB8	1202	exact	bg_Stream_map
089781C4	0891516C	256	exact	bg_Stream_palette
0897CBF0	08919A70	256	exact	bg_Trees_palette
089820C4	0891EE88	256	exact	bg_Forest_palette
089863DC	08922E28	256	exact	bg_Town_palette
0898A360	0892659C	256	exact	bg_Castle_Back_palette
08994D84	089296C4	256	exact	bg_Interior_Black_palette
08994F84	089297C4	256	exact	bg_Interior_Brown_palette
08998E80	0892D5E4	1202	exact	bg_Fort_Sunset_map
08999334	0892DA98	256	exact	bg_Fort_Sunset_palette
0899E190	08932720	256	exact	bg_Fort_palette
089A3110	089375E8	256	exact	bg_Passage_palette
089A8714	0893C930	256	exact	bg_Burning_Castle_palette
089ADC34	0893F688	256	exact	bg_Stone_Chamber_palette
089ADD34	0893F788	256	exact	bg_Stone_Flashback_palette
089B1928	08942FEC	256	exact	bg_Renais_Chamber_palette
089B6300	0894784C	256	exact	bg_White_Chamber_palette
089B9240	0894A424	256	exact	bg_Desert_palette
089BE3A8	0894F3AC	256	exact	bg_Darkling_Woods_palette
089C2AC0	089539EC	256	exact	bg_Volcano_palette
089C7B64	08958958	256	exact	bg_Black_Temple_Outside_palette
089CC924	0895D65C	256	exact	bg_Black_Temple_Inside_palette
089CD3A4	0895D768	1202	exact	bg_Blank_map
089CDD18	0895DFA4	256	exact	gPromoJidLut
089CDE18	0895E0A4	1792	exact	gAnimCharaPalConfig
089CEC18	0895EEA4	1792	exact	gAnimCharaPalIt
089CFD18	0895F5A4	8	exact	gSummonConfig
08A0DE50	0899D6DC	2760	exact	Img_UnkData_0
08A0E918	0899E1A4	2976	exact	Img_99E1A4
08A0F4B8	0899ED44	2704	exact	Img_99ED44
08A0FF48	0899F7D4	2432	exact	Img_99F7D4
08A108C8	089A0154	1808	exact	Img_9A0154
08A10FD8	089A0864	1568	exact	Img_9A0864
08A115F8	089A0E84	460	exact	TileSet_9A0E84
08A117C4	089A1050	472	exact	TileSet_9A1050
08A1199C	089A1228	452	exact	TileSet_9A1228
08A11B60	089A13EC	456	exact	TileSet_9A13EC
08A11D28	089A15B4	408	exact	TileSet_9A15B4
08A11EC0	089A174C	392	exact	TileSet_9A174C
08A12048	089A18D4	32	exact	Pal_EventMapAnimMaskfx
08A12068	089A18F4	1404	exact	Img_Congratulations
08A125E4	089A1E70	1180	exact	Img_MapClear
08A12A80	089A230C	32	exact	Pal_Congratulations
08A12AA0	089A232C	32	exact	Pal_MapClear
08A12F68	089A28E0	64	exact	gUnkData_29
08A12FC0	089A2938	48	masked	ProcScr_MuStepSe
08A13010	089A2988	16	exact	sMoveOffsetLut
08A1313A	089A2AB2	34	exact	MuSoundScr_Zombie
08A1315C	089A2AD4	34	exact	MuSoundScr_Skeleton
08A1317E	089A2AF6	44	exact	MuSoundScr_Mogall
08A131AA	089A2B22	24	exact	MuSoundScr_Spider
08A131C2	089A2B3A	46	exact	MuSoundScr_Dog
08A131F0	089A2B68	34	exact	MuSoundScr_Gorgon
08A13212	089A2B8A	68	exact	MuSoundScr_Unused2
08A1328A	089A2C02	36	exact	MuSoundScr_Myrrh
08A132D0	089A2C48	32	masked	ProcScr_Mu
08A132F0	089A2C68	8	exact	sMuChrOffLut_Default
08A132F8	089A2C70	8	exact	sMuChrOffLut
08A13308	089A2C80	24	masked	ProcScr_MuDeathFade
08A13398	089A2D10	136	masked	ProcScr_MuCritFlash
08A13438	089A2DB0	80	masked	ProcScr_MuCtrl
08A138C0	089A3238	80	masked	ProcScr_MapAnimEggDmg
08A13950	089A32C8	208	masked	ProcScr_MapAnimSteal
08A13A20	089A3398	40	masked	ProcScr_MapAnimSummon
08A13A48	089A33C0	240	masked	ProcScr_MapAnimSumDK
08A13B38	089A34B0	88	masked	ProcScr_MapAnimDance
08A13B90	089A3508	168	masked	ProcScr_MapAnimBattle
08A13C38	089A35B0	152	masked	ProcScr_MapAnimEnd
08A13CD0	089A3648	32	exact	gMapanimInfobox_0
08A13D10	089A3688	56	masked	ProcScr_MapBattleInfoBox
08A13D48	089A36C0	56	exact	gMapanimExpbar_0
08A13D80	089A36F8	120	masked	ProcScr_MapAnimExpBar
08A13E20	089A3798	80	exact	gMapanimDebug_0
08A13E9C	089A3814	96	masked	ProcScr_MADebug
08A13EFC	089A3874	176	masked	ProcScr_MapAnimEventBattle
08A13FEC	089A3964	40	masked	ProcScr_PoisonAnim2
08A14014	089A398C	56	masked	ProcScr_MapAnimGorgonHatch
08A14068	089A39E0	56	masked	ProcScr_MapLatonafx
08A140A0	089A3A18	16	exact	MapLatonafxLocation
08A140C8	089A3A40	64	masked	ProcScr_MapLatonaShiningfx
08A14108	089A3A80	56	masked	ProcScr_NightMarefx
08A1420C	089A3B84	32	masked	ProcScr_MapanimStaffeffect_0
08A1422C	089A3BA4	56	masked	ProcScr_MapAnimEffectAnimator
08A142AC	089A3C24	72	masked	ProcScr_MapAnimTorch
08A142F4	089A3C6C	40	masked	ProcScr_MapAnimBerserk
08A1439C	089A3D14	64	masked	ProcScr_MapAnimSleep
08A143DC	089A3D54	56	masked	ProcScr_MapAnimMonsterStone
08A1443C	089A3DB4	72	masked	ProcScr_MapAnimEffect_Unk_0
08A1448C	089A3E04	64	masked	ProcScr_MapAnimSilencefx
08A144F4	089A3E6C	88	masked	ProcScr_MapAnimUnlock
08A1455C	089A3ED4	120	masked	gManimLevelUpLabelInfoList
08A145D4	089A3F4C	16	masked	ProcScr_ManimLevelUpStatGainLabel
08A145FC	089A3F74	192	masked	ProcScr_ManimLevelUp
08A146BC	089A4034	24	masked	ProcScr_MapAnimStartSpellAssocFade
08A146D4	089A404C	24	masked	ProcScr_MapAnimSpellAssocResetPal
08A14704	089A407C	48	masked	ProcScr_MapAnimSpellAssocRotationEffect
08A149D4	089A434C	72	masked	ProcScr_MapanimEventcall_0
08A14A1C	089A4394	64	masked	ProcScr_MapanimEventcall_1
08A14ABC	089A4434	88	masked	ProcScr_MapanimEventcall_2
08A14C64	089A45DC	104	masked	gMapanimEventcall_18
08A14D94	089A470C	40	masked	ProcScr_GlowingCross
08A14DEC	089A4764	184	masked	ProcScr_MapAnimDefaultItemEffect
08A14EA4	089A481C	128	masked	ProcScr_SpellAssocNightMare
08A14F24	089A489C	120	masked	ProcScr_SpellAssocLatona
08A1527C	089A4BF4	72	masked	ProcScr_SpellAssocTorch
08A152C4	089A4C3C	136	masked	ProcScr_SpellAssocUnlock
08A1534C	089A4CC4	160	masked	ProcScr_SpellAssocBerserk
08A153EC	089A4D64	160	masked	ProcScr_SpellAssocSleep
08A1548C	089A4E04	160	masked	ProcScr_SpellAssocMonsterStone
08A1552C	089A4EA4	160	masked	ProcScr_SpellAssocSilence
08A156DC	089A5054	56	masked	ProcScr_SpellAssocUnused
08A15714	089A508C	80	masked	ProcScr_PoisonDmgMapEffect
08A15764	089A50DC	72	masked	ProcScr_EggDmgMapEffect1
08A157AC	089A5124	48	masked	ProcScr_EggDmgMapEffect2
08A157DC	089A5154	56	masked	ProcScr_CritAtkMapEffect
08A15814	089A518C	136	masked	ProcScr_SpellAssocBarrier
08A1589C	089A5214	232	masked	ProcScr_SpellAssocWarp
08A1599C	089A5314	1880	exact	SpriteAnim_ManimStatGain
08A168DC	089A6254	3308	exact	ApConf_MapanimTorchAnim_0
08A1CC54	089AC5CC	456	exact	Pal_ManimLevelUpStatGainCycling
08A1D030	089AC9A8	96	exact	Pal_ManimLevelUp
08A1D090	089ACA08	656	exact	Img_ManimLevelUpStatGain
08A1D320	089ACC98	2048	exact	Img_ManimLevelUpStatGainDigits
08A1DB20	089AD498	104	exact	gMapanimLevelup_0
08A1DB88	089AD500	328	exact	Img_MapBattleInfoBox
08A1DD50	089AD6C8	76	exact	Tsa_MapBattleBoxGfx1
08A1DD9C	089AD714	56	exact	Tsa_MapBattleBoxGfx2
08A1DDD4	089AD74C	64	exact	Tsa_MapBattleBoxGfx3
08A1DE14	089AD78C	220	exact	Img_MapBattleInfoHpBar
08A1DEF0	089AD868	204	exact	Img_MapBattleInfoNum
08A1DFBC	089AD934	196	exact	Tsa_ShopWindows
08A1E080	089AD9F8	136	exact	Img_ShopGoldBox
08A1E108	089ADA80	652	exact	Img_WallBreakAnim
08A1E394	089ADD0C	64	exact	Pal_WallBreakAnim
08A1E3D4	089ADD4C	356	exact	Img_GmapSoguSprites
08A1E538	089ADEB0	852	exact	Img_PoisonAnim
08A1E88C	089AE204	32	exact	Pal_PoisonAnim
08A1E8AC	089AE224	608	exact	Img_LinkArenaWarpFx
08A1EB0C	089AE484	32	exact	Pal_LinkArenaWarpFx
08A1EB2C	089AE4A4	768	exact	gMapanimBattleinfo_0
08A1EE2C	089AE7A4	32	exact	Img_MapAnimBerserkfx_1
08A1EE4C	089AE7C4	64	exact	Pal_MapAnimBerserkfx_0
08A1EE8C	089AE804	2828	exact	Img_MapAnimAntitoxinPureWater
08A1F998	089AF310	1536	exact	gMapanimBattleinfo_1
08A1FF98	089AF910	32	exact	Pal_MapAnimPureWater
08A1FFB8	089AF930	32	exact	Pal_MapAnimAntitoxin
08A1FFD8	089AF950	372	exact	gMapanimBattleinfo_2
08A2014C	089AFAC4	504	exact	gMapanimBattleinfo_3
08A20344	089AFCBC	700	exact	gMapanimBattleinfo_4
08A20600	089AFF78	64	exact	Pal_MapAnimBerserkfx_1
08A20640	089AFFB8	64	exact	Pal_MapAnimBerserkfx_2
08A20680	089AFFF8	988	exact	gMapanimBattleinfo_5
08A20A5C	089B03D4	696	exact	Img_MapAnimTorchfx
08A20D14	089B068C	32	exact	Pal_MapAnimTorchfx
08A20D34	089B06AC	84	exact	Img_MapAnimUnlockObjfx
08A20D88	089B0700	32	exact	Pal_MapAnimUnlockObjfx
08A20DA8	089B0720	256	exact	Img_MapAnimUnlockBgfx
08A20EA8	089B0820	32	exact	Pal_MapAnimUnlockObjfx_Unk
08A20EC8	089B0840	36	exact	Tsa_MapAnimUnlockBgfx
08A20EEC	089B0864	620	exact	Tsa_MapAnim_0
08A21158	089B0AD0	3284	exact	Img_MapAnimRepairfx
08A21E2C	089B17A4	620	exact	Tsa_MapAnim_1
08A22098	089B1A10	1024	exact	ApConf_MapAnimSleep
08A22498	089B1E10	728	exact	Img_MapAnimBerserkfx
08A22770	089B20E8	32	exact	Pal_MapAnimBerserkfx
08A22F08	089B2880	3004	exact	Img_ManimBarrierBgfx
08A23AC4	089B343C	404	exact	Tsa_Mapnightmare
08A23C58	089B35D0	5676	exact	Img_NightMareMapAnimfx
08A25284	089B4BFC	32	exact	Pal_NightMareMapAnimfx
08A252A4	089B4C1C	100	exact	Tsa_NightMareMapAnimfx1
08A25308	089B4C80	104	exact	Tsa_NightMareMapAnimfx2
08A25370	089B4CE8	124	exact	Tsa_NightMareMapAnimfx3
08A253EC	089B4D64	120	exact	Tsa_NightMareMapAnimfx4
08A25464	089B4DDC	112	exact	Tsa_NightMareMapAnimfx5
08A254D4	089B4E4C	108	exact	Tsa_NightMareMapAnimfx6
08A25540	089B4EB8	116	exact	Tsa_NightMareMapAnimfx7
08A255B4	089B4F2C	120	exact	Tsa_NightMareMapAnimfx8
08A2562C	089B4FA4	120	exact	Tsa_NightMareMapAnimfx9
08A256A4	089B501C	120	exact	Tsa_NightMareMapAnimfx10
08A2571C	089B5094	132	exact	Tsa_NightMareMapAnimfx11
08A257A0	089B5118	132	exact	Tsa_NightMareMapAnimfx12
08A25824	089B519C	132	exact	Tsa_NightMareMapAnimfx13
08A258A8	089B5220	132	exact	Tsa_NightMareMapAnimfx14
08A2592C	089B52A4	108	exact	Tsa_NightMareMapAnimfx15
08A25998	089B5310	136	exact	Tsa_NightMareMapAnimfx16
08A25A20	089B5398	156	exact	Tsa_NightMareMapAnimfx17
08A25ABC	089B5434	188	exact	Tsa_NightMareMapAnimfx18
08A25B78	089B54F0	252	exact	Tsa_NightMareMapAnimfx19
08A25DA8	089B5720	444	exact	Tsa_NightMareMapAnimfx21
08A25F64	089B58DC	604	exact	Tsa_NightMareMapAnimfx22
08A262F4	089B5C6C	416	exact	Tsa_NightMareMapAnimfx24
08A26494	089B5E0C	580	exact	Tsa_NightMareMapAnimfx25
08A266D8	089B6050	292	exact	Tsa_NightMareMapAnimfx26
08A267FC	089B6174	408	exact	Tsa_NightMareMapAnimfx27
08A26994	089B630C	516	exact	Tsa_NightMareMapAnimfx28
08A26B98	089B6510	196	exact	Tsa_NightMareMapAnimfx29
08A26C5C	089B65D4	232	exact	Tsa_NightMareMapAnimfx30
08A26D44	089B66BC	332	exact	Tsa_NightMareMapAnimfx31
08A26E90	089B6808	436	exact	Tsa_NightMareMapAnimfx32
08A27044	089B69BC	228	exact	Tsa_NightMareMapAnimfx33
08A27128	089B6AA0	2356	exact	Img_MonsterStoneMapAnimfx
08A27A5C	089B73D4	32	exact	Pal_MonsterStoneMapAnimfx
08A27A7C	089B73F4	32	exact	Tsa1_MonsterStoneMapAnimfx
08A27A9C	089B7414	40	exact	Tsa2_MonsterStoneMapAnimfx
08A27AC4	089B743C	44	exact	Tsa3_MonsterStoneMapAnimfx
08A27AF0	089B7468	52	exact	Tsa4_MonsterStoneMapAnimfx
08A27B24	089B749C	56	exact	Tsa5_MonsterStoneMapAnimfx
08A27B5C	089B74D4	64	exact	Tsa6_MonsterStoneMapAnimfx
08A27B9C	089B7514	64	exact	Tsa7_MonsterStoneMapAnimfx
08A27BDC	089B7554	72	exact	Tsa8_MonsterStoneMapAnimfx
08A27C24	089B759C	60	exact	Tsa9_MonsterStoneMapAnimfx
08A27C60	089B75D8	56	exact	Tsa10_MonsterStoneMapAnimfx
08A27C98	089B7610	2740	exact	Img_GorgonHatchCloud
08A2874C	089B80C4	32	exact	Pal_GorgonHatchCloud
08A2876C	089B80E4	92	exact	Tsa_GorgonHatchCloud_A
08A287C8	089B8140	100	exact	Tsa_GorgonHatchCloud_B
08A2882C	089B81A4	112	exact	Tsa_GorgonHatchCloud_C
08A2889C	089B8214	120	exact	Tsa_GorgonHatchCloud_D
08A28914	089B828C	100	exact	Tsa_GorgonHatchCloud_E
08A28978	089B82F0	108	exact	Tsa_GorgonHatchCloud_F
08A289E4	089B835C	100	exact	Tsa_GorgonHatchCloud_G
08A28A48	089B83C0	1540	exact	gMapanimEventcall_23
08A2904C	089B89C4	1812	exact	gMapanimEventcall_24
08A29760	089B90D8	2052	exact	gMapanimEventcall_25
08A29F64	089B98DC	2228	exact	gMapanimEventcall_26
08A2A818	089BA190	2120	exact	gMapanimEventcall_27
08A2B060	089BA9D8	2288	exact	gMapanimEventcall_28
08A2B950	089BB2C8	2720	exact	gMapanimEventcall_29
08A2C3F0	089BBD68	2844	exact	gMapanimEventcall_30
08A2CF0C	089BC884	2864	exact	gMapanimEventcall_31
08A2DA3C	089BD3B4	2868	exact	gMapanimEventcall_32
08A2E570	089BDEE8	2984	exact	gMapanimEventcall_33
08A2F118	089BEA90	2924	exact	gMapanimEventcall_34
08A2FC84	089BF5FC	2408	exact	gMapanimEventcall_35
08A305EC	089BFF64	2396	exact	gMapanimEventcall_36
08A30F48	089C08C0	2256	exact	gMapanimEventcall_37
08A31818	089C1190	2584	exact	gMapanimEventcall_38
08A32230	089C1BA8	2260	exact	gMapanimEventcall_39
08A32B04	089C247C	1908	exact	gMapanimEventcall_40
08A33278	089C2BF0	1716	exact	gMapanimEventcall_41
08A3392C	089C32A4	1796	exact	gMapanimEventcall_42
08A34030	089C39A8	1344	exact	gMapanimEventcall_43
08A34570	089C3EE8	1428	exact	gMapanimEventcall_44
08A34B04	089C447C	952	exact	gMapanimEventcall_45
08A34EBC	089C4834	172	exact	gMapanimEventcall_46
08A34F68	089C48E0	124	exact	gMapanimEventcall_47
08A34FE4	089C495C	112	exact	gMapanimEventcall_48
08A35054	089C49CC	1132	exact	gMapanimEventcall_49
08A354C0	089C4E38	1264	exact	gMapanimEventcall_50
08A359B0	089C5328	844	exact	gMapanimEventcall_51
08A35CFC	089C5674	192	exact	gMapanimEventcall_52
08A35DBC	089C5734	164	exact	gMapanimEventcall_53
08A35E60	089C57D8	1944	exact	gMapanimEventcall_54
08A365F8	089C5F70	1660	exact	gMapanimEventcall_55
08A36C74	089C65EC	1132	exact	gMapanimEventcall_56
08A370E0	089C6A58	200	exact	gMapanimEventcall_57
08A371A8	089C6B20	1884	exact	gMapanimEventcall_58
08A37904	089C727C	1968	exact	gMapanimEventcall_59
08A380B4	089C7A2C	2580	exact	gMapanimEventcall_60
08A38AC8	089C8440	2436	exact	gMapanimEventcall_61
08A3944C	089C8DC4	3200	exact	gMapanimEventcall_62
08A3A0CC	089C9A44	2560	exact	gMapanimEventcall_63
08A3AACC	089CA444	1484	exact	gMapanimEventcall_64
08A3B098	089CAA10	3488	exact	gMapanimEventcall_65
08A3BE38	089CB7B0	4728	exact	gMapanimEventcall_66
08A3D0B0	089CCA28	1124	exact	gMapanimEventcall_67
08A3D514	089CCE8C	1988	exact	gMapanimEventcall_68
08A3DCD8	089CD650	2536	exact	gMapanimEventcall_69
08A3E6C0	089CE038	2908	exact	gMapanimEventcall_70
08A3F21C	089CEB94	3116	exact	gMapanimEventcall_71
08A3FE48	089CF7C0	3020	exact	gMapanimEventcall_72
08A40A14	089D038C	2684	exact	gMapanimEventcall_73
08A41490	089D0E08	2112	exact	gMapanimEventcall_74
08A41CD0	089D1648	1628	exact	gMapanimEventcall_75
08A4232C	089D1CA4	1084	exact	gMapanimEventcall_76
08A42768	089D20E0	556	exact	gMapanimEventcall_77
08A42994	089D230C	204	exact	gMapanimEventcall_78
08A42A60	089D23D8	32	exact	gMapanimEventcall_79
08A42A80	089D23F8	32	exact	gMapanimEventcall_80
08A42AA0	089D2418	32	exact	gMapanimEventcall_81
08A42AC0	089D2438	32	exact	gMapanimEventcall_82
08A42AE0	089D2458	32	exact	gMapanimEventcall_83
08A42B00	089D2478	32	exact	gMapanimEventcall_84
08A42B20	089D2498	32	exact	gMapanimEventcall_85
08A42B40	089D24B8	32	exact	gMapanimEventcall_86
08A42B60	089D24D8	32	exact	gMapanimEventcall_87
08A42B80	089D24F8	32	exact	gMapanimEventcall_88
08A42BA0	089D2518	32	exact	gMapanimEventcall_89
08A42BC0	089D2538	32	exact	gMapanimEventcall_90
08A42BE0	089D2558	32	exact	gMapanimEventcall_91
08A42C00	089D2578	32	exact	gMapanimEventcall_92
08A42C20	089D2598	32	exact	gMapanimEventcall_93
08A42C40	089D25B8	32	exact	gMapanimEventcall_94
08A42C60	089D25D8	32	exact	gMapanimEventcall_95
08A42C80	089D25F8	32	exact	gMapanimEventcall_96
08A42CA0	089D2618	32	exact	gMapanimEventcall_97
08A42CC0	089D2638	32	exact	gMapanimEventcall_98
08A42CE0	089D2658	32	exact	gMapanimEventcall_99
08A42D00	089D2678	32	exact	gMapanimEventcall_100
08A42D20	089D2698	32	exact	gMapanimEventcall_101
08A42D40	089D26B8	32	exact	gMapanimEventcall_102
08A42D60	089D26D8	32	exact	gMapanimEventcall_103
08A42D80	089D26F8	32	exact	gMapanimEventcall_104
08A42DA0	089D2718	32	exact	gMapanimEventcall_105
08A42DC0	089D2738	32	exact	gMapanimEventcall_106
08A42DE0	089D2758	32	exact	gMapanimEventcall_107
08A42E00	089D2778	32	exact	gMapanimEventcall_108
08A42E20	089D2798	32	exact	gMapanimEventcall_109
08A42E40	089D27B8	32	exact	gMapanimEventcall_110
08A42E60	089D27D8	32	exact	gMapanimEventcall_111
08A42E80	089D27F8	32	exact	gMapanimEventcall_112
08A42EA0	089D2818	32	exact	gMapanimEventcall_113
08A42EC0	089D2838	32	exact	gMapanimEventcall_114
08A42EE0	089D2858	32	exact	gMapanimEventcall_115
08A42F00	089D2878	32	exact	gMapanimEventcall_116
08A42F20	089D2898	32	exact	gMapanimEventcall_117
08A42F40	089D28B8	32	exact	gMapanimEventcall_118
08A42F60	089D28D8	32	exact	gMapanimEventcall_119
08A42F80	089D28F8	32	exact	gMapanimEventcall_120
08A42FA0	089D2918	32	exact	gMapanimEventcall_121
08A42FC0	089D2938	32	exact	gMapanimEventcall_122
08A42FE0	089D2958	32	exact	gMapanimEventcall_123
08A43000	089D2978	32	exact	gMapanimEventcall_124
08A43020	089D2998	32	exact	gMapanimEventcall_125
08A43040	089D29B8	32	exact	gMapanimEventcall_126
08A43060	089D29D8	32	exact	gMapanimEventcall_127
08A43080	089D29F8	32	exact	gMapanimEventcall_128
08A430A0	089D2A18	32	exact	gMapanimEventcall_129
08A430C0	089D2A38	32	exact	gMapanimEventcall_130
08A430E0	089D2A58	32	exact	gMapanimEventcall_131
08A43100	089D2A78	32	exact	gMapanimEventcall_132
08A43120	089D2A98	32	exact	gMapanimEventcall_133
08A43140	089D2AB8	32	exact	gMapanimEventcall_134
08A43160	089D2AD8	344	exact	gMapanimEventcall_135
08A432B8	089D2C30	400	exact	gMapanimEventcall_136
08A43448	089D2DC0	440	exact	gMapanimEventcall_137
08A43600	089D2F78	440	exact	gMapanimEventcall_138
08A437B8	089D3130	424	exact	gMapanimEventcall_139
08A43960	089D32D8	456	exact	gMapanimEventcall_140
08A43B28	089D34A0	528	exact	gMapanimEventcall_141
08A43D38	089D36B0	540	exact	gMapanimEventcall_142
08A43F54	089D38CC	520	exact	gMapanimEventcall_143
08A4415C	089D3AD4	548	exact	gMapanimEventcall_144
08A44380	089D3CF8	552	exact	gMapanimEventcall_145
08A445A8	089D3F20	560	exact	gMapanimEventcall_146
08A447D8	089D4150	476	exact	gMapanimEventcall_147
08A449B4	089D432C	468	exact	gMapanimEventcall_148
08A44B88	089D4500	452	exact	gMapanimEventcall_149
08A44D4C	089D46C4	488	exact	gMapanimEventcall_150
08A44F34	089D48AC	436	exact	gMapanimEventcall_151
08A450E8	089D4A60	412	exact	gMapanimEventcall_152
08A45284	089D4BFC	376	exact	gMapanimEventcall_153
08A453FC	089D4D74	344	exact	gMapanimEventcall_154
08A45554	089D4ECC	272	exact	gMapanimEventcall_155
08A45664	089D4FDC	292	exact	gMapanimEventcall_156
08A45788	089D5100	276	exact	gMapanimEventcall_157
08A4589C	089D5214	188	exact	gMapanimEventcall_158
08A45958	089D52D0	188	exact	gMapanimEventcall_159
08A45A14	089D538C	180	exact	gMapanimEventcall_160
08A45AC8	089D5440	256	exact	gMapanimEventcall_161
08A45BC8	089D5540	280	exact	gMapanimEventcall_162
08A45CE0	089D5658	268	exact	gMapanimEventcall_163
08A45DEC	089D5764	188	exact	gMapanimEventcall_164
08A45EA8	089D5820	192	exact	gMapanimEventcall_165
08A45F68	089D58E0	320	exact	gMapanimEventcall_166
08A460A8	089D5A20	312	exact	gMapanimEventcall_167
08A461E0	089D5B58	312	exact	gMapanimEventcall_168
08A46318	089D5C90	188	exact	gMapanimEventcall_169
08A463D4	089D5D4C	336	exact	gMapanimEventcall_170
08A46524	089D5E9C	340	exact	gMapanimEventcall_171
08A46678	089D5FF0	384	exact	gMapanimEventcall_172
08A467F8	089D6170	392	exact	gMapanimEventcall_173
08A46980	089D62F8	500	exact	gMapanimEventcall_174
08A46B74	089D64EC	484	exact	gMapanimEventcall_175
08A46D58	089D66D0	292	exact	gMapanimEventcall_176
08A46E7C	089D67F4	688	exact	gMapanimEventcall_177
08A4712C	089D6AA4	888	exact	gMapanimEventcall_178
08A474A4	089D6E1C	240	exact	gMapanimEventcall_179
08A47594	089D6F0C	320	exact	gMapanimEventcall_180
08A476D4	089D704C	400	exact	gMapanimEventcall_181
08A47864	089D71DC	472	exact	gMapanimEventcall_182
08A47A3C	089D73B4	520	exact	gMapanimEventcall_183
08A47C44	089D75BC	528	exact	gMapanimEventcall_184
08A47E54	089D77CC	488	exact	gMapanimEventcall_185
08A4803C	089D79B4	452	exact	gMapanimEventcall_186
08A48200	089D7B78	396	exact	gMapanimEventcall_187
08A4838C	089D7D04	324	exact	gMapanimEventcall_188
08A484D0	089D7E48	256	exact	gMapanimEventcall_189
08A485D0	089D7F48	200	exact	gMapanimEventcall_190
08A48698	089D8010	392	exact	gMapanimEventcall_191
08A48820	089D8198	784	exact	gMapanimEventcall_192
08A48B30	089D84A8	1128	exact	gMapanimEventcall_193
08A48F98	089D8910	2380	exact	gMapanimEventcall_194
08A498E4	089D925C	4528	exact	gMapanimEventcall_195
08A4AA94	089DA40C	3476	exact	gMapanimEventcall_196
08A4B828	089DB1A0	3648	exact	gMapanimEventcall_197
08A4C668	089DBFE0	3432	exact	gMapanimEventcall_198
08A4D3D0	089DCD48	32	exact	gMapanimEventcall_199
08A4D3F0	089DCD68	32	exact	gMapanimEventcall_200
08A4D410	089DCD88	32	exact	gMapanimEventcall_201
08A4D430	089DCDA8	32	exact	gMapanimEventcall_202
08A4D450	089DCDC8	32	exact	gMapanimEventcall_203
08A4D470	089DCDE8	32	exact	gMapanimEventcall_204
08A4D490	089DCE08	32	exact	gMapanimEventcall_205
08A4D4B0	089DCE28	32	exact	gMapanimEventcall_206
08A4D4D0	089DCE48	200	exact	gMapanimEventcall_207
08A4D598	089DCF10	236	exact	gMapanimEventcall_208
08A4D684	089DCFFC	280	exact	gMapanimEventcall_209
08A4D79C	089DD114	368	exact	gMapanimEventcall_210
08A4D90C	089DD284	612	exact	gMapanimEventcall_211
08A4DB70	089DD4E8	680	exact	gMapanimEventcall_212
08A4DE18	089DD790	728	exact	gMapanimEventcall_213
08A4E0F0	089DDA68	1060	exact	gMapanimEventcall_214
08A4E514	089DDE8C	132	exact	gMapanimEventcall_215
08A4E598	089DDF10	140	exact	gMapanimEventcall_216
08A4E624	089DDF9C	148	exact	gMapanimEventcall_217
08A4E6B8	089DE030	140	exact	gMapanimEventcall_218
08A4E744	089DE0BC	144	exact	gMapanimEventcall_219
08A4E7D4	089DE14C	128	exact	gMapanimEventcall_220
08A4E854	089DE1CC	2148	exact	gMapanimEventcall_221
08A4F0B8	089DEA30	2624	exact	gMapanimEventcall_222
08A4FAF8	089DF470	2848	exact	gMapanimEventcall_223
08A50618	089DFF90	2856	exact	gMapanimEventcall_224
08A51140	089E0AB8	2504	exact	gMapanimEventcall_225
08A51B08	089E1480	3284	exact	gMapanimEventcall_226
08A527DC	089E2154	2760	exact	gMapanimEventcall_227
08A532A4	089E2C1C	2188	exact	gMapanimEventcall_228
08A53B30	089E34A8	1760	exact	gMapanimEventcall_229
08A54210	089E3B88	1180	exact	gMapanimEventcall_230
08A546AC	089E4024	800	exact	gMapanimEventcall_231
08A549CC	089E4344	372	exact	gMapanimEventcall_232
08A54C58	089E45D0	280	exact	gMapanimEventcall_234
08A54D70	089E46E8	228	exact	gMapanimEventcall_235
08A54E54	089E47CC	244	exact	gMapanimEventcall_236
08A55060	089E49D8	276	exact	gMapanimEventcall_238
08A55174	089E4AEC	220	exact	gMapanimEventcall_239
08A55250	089E4BC8	180	exact	gMapanimEventcall_240
08A55304	089E4C7C	32	exact	gMapanimEventcall_241
08A55324	089E4C9C	32	exact	gMapanimEventcall_242
08A55344	089E4CBC	32	exact	gMapanimEventcall_243
08A55364	089E4CDC	32	exact	gMapanimEventcall_244
08A55384	089E4CFC	32	exact	gMapanimEventcall_245
08A553A4	089E4D1C	32	exact	gMapanimEventcall_246
08A553C4	089E4D3C	32	exact	gMapanimEventcall_247
08A553E4	089E4D5C	32	exact	gMapanimEventcall_248
08A55404	089E4D7C	32	exact	gMapanimEventcall_249
08A55424	089E4D9C	32	exact	gMapanimEventcall_250
08A55444	089E4DBC	32	exact	gMapanimEventcall_251
08A55464	089E4DDC	32	exact	gMapanimEventcall_252
08A55484	089E4DFC	32	exact	gMapanimEventcall_253
08A554A4	089E4E1C	32	exact	gMapanimEventcall_254
08A554C4	089E4E3C	32	exact	gMapanimEventcall_255
08A554E4	089E4E5C	32	exact	gMapanimEventcall_256
08A55504	089E4E7C	32	exact	gMapanimEventcall_257
08A55524	089E4E9C	32	exact	gMapanimEventcall_258
08A55564	089E4EDC	32	exact	gMapanimEventcall_260
08A55584	089E4EFC	32	exact	gMapanimEventcall_261
08A555A4	089E4F1C	32	exact	gMapanimEventcall_262
08A555E4	089E4F5C	32	exact	gMapanimEventcall_264
08A55604	089E4F7C	32	exact	gMapanimEventcall_265
08A55624	089E4F9C	32	exact	gMapanimEventcall_266
08A55644	089E4FBC	184	exact	gMapanimEventcall_267
08A556FC	089E5074	188	exact	gMapanimEventcall_268
08A557B8	089E5130	188	exact	gMapanimEventcall_269
08A55874	089E51EC	192	exact	gMapanimEventcall_270
08A55AA4	089E541C	484	exact	gMapanimEventcall_273
08A55C88	089E5600	532	exact	gMapanimEventcall_274
08A55E9C	089E5814	580	exact	gMapanimEventcall_275
08A560E0	089E5A58	688	exact	gMapanimEventcall_276
08A56390	089E5D08	740	exact	gMapanimEventcall_277
08A56674	089E5FEC	676	exact	gMapanimEventcall_278
08A56918	089E6290	576	exact	gMapanimEventcall_279
08A56B58	089E64D0	464	exact	gMapanimEventcall_280
08A56D28	089E66A0	360	exact	gMapanimEventcall_281
08A56E90	089E6808	284	exact	gMapanimEventcall_282
08A56FAC	089E6924	240	exact	gMapanimEventcall_283
08A5709C	089E6A14	208	exact	gMapanimEventcall_284
08A57238	089E6BB0	208	exact	gMapanimEventcall_286
08A57308	089E6C80	208	exact	gMapanimEventcall_287
08A573D8	089E6D50	204	exact	gMapanimEventcall_288
08A57570	089E6EE8	204	exact	gMapanimEventcall_290
08A5763C	089E6FB4	204	exact	gMapanimEventcall_291
08A57708	089E7080	204	exact	gMapanimEventcall_292
08A577D4	089E714C	3232	exact	gMapanimEventcall_293
08A58474	089E7DEC	32	exact	gMapanimEventcall_294
08A58494	089E7E0C	32	exact	Tsa_Mapeventcall_0
08A584B4	089E7E2C	36	exact	Tsa_Mapeventcall_1
08A584D8	089E7E50	40	exact	Tsa_Mapeventcall_2
08A58500	089E7E78	40	exact	Tsa_Mapeventcall_3
08A58528	089E7EA0	44	exact	Tsa_Mapeventcall_4
08A58554	089E7ECC	48	exact	Tsa_Mapeventcall_5
08A58584	089E7EFC	48	exact	Tsa_Mapeventcall_6
08A585B4	089E7F2C	48	exact	Tsa_Mapeventcall_7
08A585E4	089E7F5C	48	exact	Tsa_Mapeventcall_8
08A58614	089E7F8C	48	exact	Tsa_Mapeventcall_9
08A58644	089E7FBC	64	exact	Tsa_Mapeventcall_10
08A58684	089E7FFC	68	exact	Tsa_Mapeventcall_11
08A586C8	089E8040	80	exact	Tsa_Mapeventcall_12
08A58718	089E8090	92	exact	Tsa_Mapeventcall_13
08A58774	089E80EC	92	exact	Tsa_Mapeventcall_14
08A587D0	089E8148	92	exact	Tsa_Mapeventcall_15
08A5882C	089E81A4	92	exact	Tsa_Mapeventcall_16
08A58888	089E8200	56	exact	Tsa_Mapeventcall_17
08A5A35C	089E8238	168	exact	Img_TalkBubble
08A5A404	089E82E0	164	exact	Img_TalkBubbleOpening_E
08A5A4A8	089E8384	92	exact	Img_TalkBubbleOpening_D
08A5A504	089E83E0	84	exact	Img_TalkBubbleOpening_C
08A5A558	089E8434	80	exact	Img_TalkBubbleOpening_B
08A5A5A8	089E8484	80	exact	Img_TalkBubbleOpening_A
08A5A5F8	089E84D4	32	exact	Pal_TalkBubble
08A5A618	089E84F4	136	masked	gEventListCmdInfoTable
08A5A6A0	089E857C	13	exact	gFlagBitMaskLut
08A5A6B0	089E858C	52	masked	EventListScr_Prologue_Turn
08A5A6EC	089E85C8	40	masked	EventListScr_Prologue_Misc
08A5A7B0	089E868C	52	masked	EventListScr_Ch1_Turn
08A5A7E4	089E86C0	68	masked	EventListScr_Ch1_Character
08A5A828	089E8704	40	masked	EventListScr_Ch1_Location
08A5A850	089E872C	40	masked	EventListScr_Ch1_Misc
08A5A910	089E87EC	40	masked	EventListScr_Ch2_Turn
08A5A938	089E8814	36	masked	EventListScr_Ch2_Character
08A5A95C	089E8838	88	masked	EventListScr_Ch2_Location
08A5AAA8	089E8984	28	masked	EventListScr_Ch3_Turn
08A5AAC4	089E89A0	20	masked	EventListScr_Ch3_Character
08A5AAD8	089E89B4	100	exact	EventListScr_Ch3_Location
08A5ABAC	089E8A88	40	masked	EventListScr_Ch4_Turn
08A5ABD8	089E8AB4	52	masked	EventListScr_Ch4_Location
08A5AC0C	089E8AE8	40	masked	EventListScr_Ch4_Misc
08A5AC94	089E8B70	40	masked	EventListScr_Ch5_Turn
08A5ACBC	089E8B98	20	masked	EventListScr_Ch5_Character
08A5ACD0	089E8BAC	124	masked	EventListScr_Ch5_Location
08A5ADD0	089E8CAC	64	exact	EventListScr_Ch5x_Location
08A5AE94	089E8D70	28	masked	EventListScr_Ch6_Location
08A5AEB0	089E8D8C	40	masked	EventListScr_Ch6_Misc
08A5AF38	089E8E14	16	masked	EventListScr_Ch7_Turn
08A5AF4C	089E8E28	40	masked	EventListScr_Ch7_Location
08A5AFE4	089E8EC0	40	masked	EventListScr_Ch8_Turn
08A5B00C	089E8EE8	132	masked	EventListScr_Ch8_Character
08A5B090	089E8F6C	76	exact	EventListScr_Ch8_Location
08A5B0DC	089E8FB8	28	masked	EventListScr_Ch8_Misc
08A5B1C8	089E90A4	36	masked	EventListScr_Ch9a_Character
08A5B1EC	089E90C8	76	masked	EventListScr_Ch9a_Location
08A5B2B4	089E9190	52	masked	EventListScr_Ch10a_Turn
08A5B2E8	089E91C4	116	masked	EventListScr_Ch10a_Character
08A5B35C	089E9238	76	masked	EventListScr_Ch10a_Location
08A5B3A8	089E9284	28	masked	EventListScr_Ch10a_Misc
08A5B424	089E9300	52	masked	EventListScr_Ch11a_Turn
08A5B458	089E9334	36	masked	EventListScr_Ch11a_Character
08A5B47C	089E9358	76	exact	EventListScr_Ch11a_Location
08A5B4C8	089E93A4	76	masked	EventListScr_Ch11a_Misc
08A5B574	089E9450	28	masked	EventListScr_Ch12a_Turn
08A5B594	089E9470	40	masked	EventListScr_Ch12a_Location
08A5B65C	089E9538	76	masked	EventListScr_Ch13a_Turn
08A5B6A8	089E9584	52	masked	EventListScr_Ch13a_Character
08A5B75C	089E9638	64	masked	EventListScr_Ch14a_Turn
08A5B79C	089E9678	36	masked	EventListScr_Ch14a_Character
08A5B890	089E976C	52	masked	EventListScr_Ch14a_Misc
08A5B924	089E9800	76	masked	EventListScr_Ch15a_Turn
08A5B970	089E984C	196	masked	EventListScr_Ch15a_Character
08A5BA74	089E9950	160	masked	EventListScr_Ch15a_Misc
08A5BB74	089E9A50	40	masked	EventListScr_Ch16a_Turn
08A5BBA0	089E9A7C	100	exact	EventListScr_Ch16a_Location
08A5BC04	089E9AE0	40	masked	EventListScr_Ch16a_Misc
08A5C200	089EA0DC	76	masked	EventListScr_Ch21a_Misc
08A5C334	089EA210	52	masked	EventListScr_Ch9b_Turn
08A5C368	089EA244	68	masked	EventListScr_Ch9b_Character
08A5C3AC	089EA288	112	exact	EventListScr_Ch9b_Location
08A5C41C	089EA2F8	64	masked	EventListScr_Ch9b_Misc
08A5C4BC	089EA398	76	masked	EventListScr_Ch10b_Turn
08A5C508	089EA3E4	52	masked	EventListScr_Ch10b_Character
08A5C53C	089EA418	100	masked	EventListScr_Ch10b_Location
08A5C61C	089EA4F8	112	masked	EventListScr_Ch11b_Turn
08A5C68C	089EA568	36	masked	EventListScr_Ch11b_Character
08A5C730	089EA60C	76	masked	EventListScr_Ch12b_Turn
08A5C77C	089EA658	20	masked	EventListScr_Ch12b_Character
08A5C790	089EA66C	52	masked	EventListScr_Ch12b_Location
08A5C840	089EA71C	52	masked	EventListScr_Ch13b_Turn
08A5C874	089EA750	100	masked	EventListScr_Ch13b_Character
08A5C8D8	089EA7B4	52	masked	EventListScr_Ch13b_Location
08A5C90C	089EA7E8	88	masked	EventListScr_Ch13b_Misc
08A5C9C4	089EA8A0	88	masked	EventListScr_Ch14b_Turn
08A5CA1C	089EA8F8	36	masked	EventListScr_Ch14b_Character
08A5CBB8	089EAA94	40	masked	EventListScr_Ch14b_Misc
08A5CC40	089EAB1C	64	masked	EventListScr_Ch15b_Turn
08A5CC80	089EAB5C	164	masked	EventListScr_Ch15b_Character
08A5CD64	089EAC40	160	masked	EventListScr_Ch15b_Misc
08A5CE64	089EAD40	52	masked	EventListScr_Ch16b_Turn
08A5CE9C	089EAD78	100	exact	EventListScr_Ch16b_Location
08A5CF00	089EADDC	64	masked	EventListScr_Ch16b_Misc
08A5D514	089EB3F0	76	masked	EventListScr_Ch21b_Misc
08A5D650	089EB52C	28	masked	EventListScr_Tower1_Location
08A5D700	089EB5DC	40	masked	EventListScr_Tower2_Misc
08A5D790	089EB66C	16	exact	EventListScr_Tower3_Location
08A5D8A4	089EB780	16	masked	EventListScr_Tower5_Turn
08A5D8B8	089EB794	28	masked	EventListScr_Tower5_Location
08A5D958	089EB834	52	masked	EventListScr_Tower6_Location
08A5DA08	089EB8E4	40	masked	EventListScr_Tower7_Turn
08A5DA38	089EB914	88	masked	EventListScr_Tower7_Misc
08A5DAF8	089EB9D4	16	exact	EventListScr_Tower8_Location
08A5DB84	089EBA60	52	masked	EventListScr_Ruin1_Turn
08A5DBC0	089EBA9C	52	masked	EventListScr_Ruin1_Misc
08A5DC60	089EBB3C	52	masked	EventListScr_Ruin2_Misc
08A5DCF4	089EBBD0	64	masked	EventListScr_Ruin3_Turn
08A5DD38	089EBC14	100	masked	EventListScr_Ruin3_Location
08A5DE18	089EBCF4	28	masked	EventListScr_Ruin4_Turn
08A5DE38	089EBD14	28	masked	EventListScr_Ruin4_Location
08A5DED0	089EBDAC	40	masked	EventListScr_Ruin5_Turn
08A5DEFC	089EBDD8	40	masked	EventListScr_Ruin5_Location
08A5DFA0	089EBE7C	88	masked	EventListScr_Ruin6_Turn
08A5DFFC	089EBED8	16	exact	EventListScr_Ruin6_Location
08A5E088	089EBF64	100	masked	EventListScr_Ruin7_Turn
08A5E0F0	089EBFCC	16	masked	EventListScr_Ruin7_Location
08A5E100	089EBFDC	76	masked	EventListScr_Ruin7_Misc
08A5E1AC	089EC088	196	masked	EventListScr_Ruin8_Turn
08A5E274	089EC150	40	masked	EventListScr_Ruin8_Location
08A5E29C	089EC178	88	masked	EventListScr_Ruin8_Misc
08A5E36C	089EC248	64	masked	EventListScr_Ruin9_Misc
08A5E414	089EC2F0	16	masked	EventListScr_Ruin10_Location
08A5E4A8	089EC384	16	exact	EventListScr_LordSplit_Location
08A5E5B0	089EC48C	244	masked	EventListScr_Unk3B_Turn
08A5E724	089EC600	40	masked	EventListScr_DebugMap_Location
08A5E74C	089EC628	52	masked	EventListScr_DebugMap_Misc
08A5F770	089ED64C	40	exact	gForceDeploymentList
08A5F830	089ED70C	14	exact	ShopList_Tower5_0
08A5F83E	089ED71A	14	exact	ShopList_Tower5_1
08A5F84C	089ED728	10	exact	ShopList_Tower6_0
08A5F856	089ED732	20	exact	ShopList_Tower6_1
08A5F86A	089ED746	14	exact	ShopList_Tower6_2
08A5F878	089ED754	14	exact	ShopList_Ruin3_0
08A5F886	089ED762	16	exact	ShopList_Ruin3_1
08A5F896	089ED772	10	exact	ShopList_Ruin4_0
08A5F8A0	089ED77C	22	exact	ShopList_Ruin4_1
08A5F8B6	089ED792	10	exact	ShopList_Ruin5_0
08A5F8C0	089ED79C	12	exact	ShopList_Ruin5_1
08A5F8CC	089ED7A8	14	exact	ShopList_Ruin5_2
08A5F8DA	089ED7B6	8	exact	ShopList_Ruin7_0
08A5F8E2	089ED7BE	8	exact	ShopList_Ruin8_0
08A5FAEF	089ED9B7	13	exact	TrapData_Event_Ch7
08A5FB03	089ED9CB	19	exact	TrapData_Event_ch10a
08A5FB1A	089ED9E2	19	exact	TrapData_Event_Ch13a
08A5FE23	089EDCEB	13	exact	TrapData_Event_Tower8_0
08A5FE34	089EDCFC	127	exact	TrapData_Event_Ruin5_0
08A5FEB6	089EDD7E	247	exact	TrapData_Event_Ruin9_0
08A5FFB8	089EDE80	25	exact	TrapData_Event_DebugMap_6
08A60029	089EDEF1	121	exact	TrapData_Event_Ruin9_1
08A600B0	089EDF78	96	masked	ProcScr_BmGameOver
08A60110	089EDFD8	40	masked	ProcScr_ForceAsyncButtonB
08A60138	089EE000	48	masked	ProcScr_EventHorizontalQuakefx
08A601C0	089EE088	56	masked	ProcScr_WorldFlush
08A601F8	089EE0C0	28	exact	EventScr_CallOnTutorialMode
08A60214	089EE0DC	40	exact	EventScr_CallOnHardMode
08A6023C	089EE104	28	exact	EventScr_CallOnChapterNumber
08A60258	089EE120	32	exact	EventScr_CallIfCommonMode
08A60278	089EE140	68	exact	EventScr_CallWithModeCheck
08A602BC	089EE184	24	exact	EventScr_SetFlagIfPlayedThrough
08A602D4	089EE19C	28	masked	EventScr_UnTriggerIfNotUnit
08A602F0	089EE1B8	28	masked	EventScr_UnTriggerIfNotFaction
08A6030C	089EE1D4	20	exact	EventScr_EndAndResetTriggEvent
08A60320	089EE1E8	48	exact	EventScr_LoadUnitWithRestrictionCtrl
08A60350	089EE218	48	masked	EventScr_LoadUnitForDifferentMode
08A60380	089EE248	44	masked	EventScr_LoadUnitForTutorial
08A603AC	089EE274	40	masked	EventScr_LoadReinforce
08A603FC	089EE2C4	36	exact	EventScr_TextShowWithFadeIn
08A60420	089EE2E8	40	exact	EventScr_SetBackground
08A60448	089EE310	32	masked	Event_TextWithBG
08A60468	089EE330	16	exact	EventScr_ApplyActiveUnitTileChange
08A60478	089EE340	20	masked	EventScr_ApplyTileChangeForFactionIfAlly
08A6048C	089EE354	20	masked	EventScr_ApplyTileChangeForFactionIfEnemy
08A604A0	089EE368	20	masked	EventScr_ApplyTileChangeForFactionIfNPC
08A604B4	089EE37C	32	exact	EventScr_ApplyTileChangeForFaction
08A604D4	089EE39C	32	exact	EventScr_FormatFlashingCursor
08A604F4	089EE3BC	56	exact	EventScr_MoveUnitS2ToLeader
08A6052C	089EE3F4	172	exact	EventScr_FormatMoveUnit
08A605D8	089EE4A0	88	exact	EventScr_LoadUniqueAlly
08A60630	089EE4F8	36	exact	EventScr_UnitWarpIN
08A60654	089EE51C	32	exact	EventScr_UnitWarpOUT
08A60674	089EE53C	60	exact	EventScr_UnitFlushingIN
08A606B0	089EE578	68	exact	EventScr_UnitFlushingOUT
08A606F4	089EE5BC	96	exact	EventScr_StrictLoadUniqueAlly
08A60754	089EE61C	96	masked	EventScr_GiveTreasureToLuckyDog
08A607B4	089EE67C	36	exact	EventScr_ChangeAIinQueue
08A60800	089EE6C8	44	masked	EventScr_9EE6C8
08A6082C	089EE6F4	160	exact	EventScr_Tutorial_Exec0
08A608CC	089EE794	148	masked	EventScr_Tutorial_Exec1
08A60960	089EE828	36	exact	EventScr_ConfigHardModeLoadUnitHard
08A60984	089EE84C	164	exact	EventScr_9EE84C
08A60A28	089EE8F0	48	masked	EventScr_9EE8F0
08A60A58	089EE920	92	masked	EventScr_FloorClearInTower
08A60AB4	089EE97C	32	masked	EventScr_WholeTowerClear
08A60AD4	089EE99C	20	exact	Obj_EventsScriptUtils_0
08A60B18	089EE9E0	72	masked	ProcScr_EventMapAnim
08A60B60	089EEA28	48	masked	gEventsScriptUtils_0
08A60BE4	089EEAAC	84	masked	EventScr_9EEAAC
08A60C38	089EEB00	184	masked	EventScr_9EEB00
08A61198	089EF060	68	masked	EventScr_Prologue_GiveRapier
08A611DC	089EF0A4	52	masked	EventScr_Prologue_ONeillSpawn
08A61210	089EF0D8	84	masked	EventScr_Prologue_OneEnemyLeft
08A61264	089EF12C	56	masked	EventScr_Prologue_ONeillAttack
08A612F4	089EF1BC	88	exact	EventScr_Prologue_EirikaAttacked
08A613B4	089EF27C	52	masked	EventScr_Prologue_ExecTut
08A614C0	089EF388	16	masked	EventScr_Prologue_Tutorial2
08A614D0	089EF398	28	masked	EventScr_Prologue_Tutorial3
08A614EC	089EF3B4	36	masked	EventScr_Prologue_TutMessageTurn1
08A61510	089EF3D8	148	masked	EventScr_Prologue_TutMessageTurn2
08A61624	089EF4EC	32	masked	EventScr_Prologue_Tutorial5
08A61644	089EF50C	48	masked	EventScr_Prologue_Tutorial6
08A61674	089EF53C	48	masked	EventScr_Prologue_Tutorial7
08A616A4	089EF56C	60	masked	EventScr_Prologue_Tutorial8
08A616E0	089EF5A8	104	masked	EventScr_Prologue_Tutorial9
08A61748	089EF610	96	masked	EventScr_Prologue_OneillSethBattle
08A617A8	089EF670	112	masked	EventScr_Prologue_TutEirikaAttack
08A618F0	089EF7B8	16	masked	EventScr_Prologue_TutorialC
08A61900	089EF7C8	52	masked	EventScr_Prologue_TutorialD
08A61934	089EF7FC	44	masked	EventScr_Prologue_TutorialE
08A61960	089EF828	32	masked	EventScr_Prologue_9EF828
08A61B78	089EFA40	40	masked	EventScr_Ch1_Turn1Enemy
08A61BA0	089EFA68	68	masked	EventScr_Ch1_Turn_AllyReinforceArrive
08A61D04	089EFBCC	28	masked	EventScr_Ch1_Misc_Area
08A61D20	089EFBE8	60	masked	EventScr_Ch1_Turn_EnemyReinforceArrive
08A61D5C	089EFC24	32	masked	EventScr_Ch1Tut_GuideWTA
08A61D7C	089EFC44	88	masked	EventScr_Ch1Tut_EirikaVisitHouseInit
08A61E4C	089EFD14	96	masked	EventScr_Ch1Tut_EirikaVisitHouseIdle2
08A61EAC	089EFD74	52	masked	EventScr_Ch1Tut_EirikaVisitHouseEnd
08A61EE0	089EFDA8	64	masked	EventScr_Ch1Tut_GuideTerrainHeal
08A61F20	089EFDE8	64	masked	EventScr_Ch1Tut_OnBeginning
08A61F60	089EFE28	32	masked	EventScr_Ch1Tut_GuideMsg944
08A61F80	089EFE48	216	masked	EventScr_Ch1Tut_GilliamBattle
08A620D4	089EFF9C	96	masked	EventScr_Ch1Tut_TradeSelectGalliamIdle2
08A62134	089EFFFC	52	masked	EventScr_Ch1Tut_TradeSelectGalliamEnd
08A62168	089F0030	48	masked	EventScr_Ch1Tut_AfterTrade
08A62198	089F0060	48	masked	EventScr_Ch1Tut_PostTradeAndItemUseAction
08A621C8	089F0090	44	masked	EventScr_Ch1Tut_GuideMsgSeize
08A621F4	089F00BC	116	masked	EventScr_Ch1Tut_ChooseSethTurn1
08A62340	089F0208	52	masked	EventScr_Ch1Tut_AfterSethMoveToEnemy
08A62374	089F023C	52	masked	EventScr_Ch1Tut_GuideOnBKSEL
08A623A8	089F0270	20	masked	EventScr_Ch1Tut_AfterSethBattleEirikaVisit
08A62734	089F05FC	44	masked	EventScr_Ch2_Talk_EirikaRoss
08A62760	089F0628	40	masked	EventScr_Ch2_Talk_RossGarcia
08A628A8	089F0770	32	masked	EventScr_Ch2_0
08A628C8	089F0790	32	masked	EventScr_Ch2_1
08A628E8	089F07B0	32	masked	EventScr_Ch2_2
08A629B4	089F0880	96	masked	EventScr_Ch2Tutorial2
08A62A14	089F08E0	48	masked	EventScr_Ch2Tutorial3
08A62A44	089F0910	92	masked	EventScr_Ch2Tutorial4
08A62AA0	089F096C	92	masked	EventScr_Ch2Tutorial5
08A62BD4	089F0AA0	96	masked	EventScr_Ch2Tutorial9
08A62C44	089F0B10	88	masked	EventScr_Ch2Tutorial22
08A62D14	089F0BE0	96	masked	EventScr_Ch2Tutorial24
08A62DA4	089F0C70	40	masked	EventScr_Ch2Tutorial26
08A62E7C	089F0D48	96	masked	EventScr_Ch2Tutorial12
08A62EDC	089F0DA8	16	masked	EventScr_Ch2Tutorial13
08A62EEC	089F0DB8	92	masked	EventScr_Ch2Tutorial14
08A62F48	089F0E14	92	masked	EventScr_Ch2Tutorial15
08A62FCC	089F0E98	60	masked	EventScr_Ch2_6
08A63088	089F0F54	32	masked	EventScr_Ch2Tutorial19
08A630D8	089F0FA4	72	masked	EventScr_Ch2Tutorial21
08A63120	089F0FEC	60	masked	EventScr_Ch2_7
08A631D8	089F10A4	96	masked	EventScr_Ch2Tutorial28
08A63268	089F1134	32	masked	EventScr_Ch2Tutorial30
08A63288	089F1154	64	masked	EventScr_Ch2_8
08A632C8	089F1194	36	masked	EventScr_Ch2_9
08A632EC	089F11B8	72	masked	EventScr_Ch2_10
08A63480	089F134C	104	masked	EventScr_Ch3_Turn1Npc
08A6369C	089F1568	56	masked	EventScr_Ch3_Talk_NeimiColm
08A636D4	089F15A0	184	masked	EventScr_Ch3_0
08A6378C	089F1658	56	masked	EventScr_Ch3_1
08A637C4	089F1690	32	masked	EventScr_Ch3_2
08A63800	089F16CC	32	masked	EventScr_Ch3_4
08A63820	089F16EC	116	masked	EventScr_Ch3_5
08A63894	089F1760	36	masked	EventScr_Ch3_6
08A638B8	089F1784	32	masked	EventScr_Ch3_7
08A63AD0	089F199C	92	masked	EventScr_Ch4_0
08A63DB4	089F1C80	36	masked	EventScr_Ch4_8
08A63DD8	089F1CA4	32	masked	EventScr_Ch4_9
08A63DF8	089F1CC4	100	masked	EventScr_Ch4_10
08A643A4	089F2270	52	masked	EventScr_Ch5_4
08A643D8	089F22A4	72	masked	EventScr_Ch5_5
08A64450	089F231C	36	masked	EventScr_Ch5_8
08A64494	089F2360	84	masked	EventScr_Ch5_10
08A64C88	089F2B54	32	masked	EventScr_Ch6_3
08A64E30	089F2CFC	44	masked	EventScr_Ch7_0
08A657D4	089F36A0	36	masked	MenuDef_RouteSplit
08A65830	089F36FC	388	masked	EventScr_Ch8_8
08A65D68	089F3C34	388	masked	EventScr_Ch8_11
08A66884	089F4750	88	masked	EventScr_Ch10A_8
08A6692C	089F2E6C	40	masked	EventScr_Ch7_1
08A6696C	089F4838	148	masked	EventScr_Ch10A_13
08A66FF0	089F4EBC	36	masked	EventScr_Ch11A_3
08A67014	089F4EE0	60	masked	EventScr_Ch11A_4
08A67050	089F4F1C	36	masked	EventScr_Ch11A_5
08A675B8	089F5484	28	masked	EventScr_Ch12A_2
08A68418	089F62F0	84	masked	EventScr_Ch14A_8
08A68574	089F6470	20	masked	EventScr_Ch15A_1
08A68B20	089F6A34	88	masked	EventScr_Ch16a_BeginningScene
08A68F2C	089F6E40	16	masked	EventScr_Ch16A_0
08A69654	089F7570	52	masked	EventScr_Ch16A_8
08A69688	089F75A4	76	masked	EventScr_Ch16A_9
08A69AA8	089F79C4	16	masked	EventScr_Ch17A_1
08A69F20	089F7E3C	48	masked	EventScr_Ch18a_BeginningScene
08A6A75C	089F8678	16	masked	EventScr_Ch19A_1
08A6C794	089FA6B4	44	masked	EventScr_Ch9B_3
08A6C7C0	089FA6E0	52	masked	EventScr_Ch9B_4
08A6C848	089FA768	16	exact	EventScr_Ch9B_7
08A6C858	089FA778	52	masked	EventScr_Ch9B_8
08A6C88C	089FA7AC	64	masked	EventScr_Ch9B_9
08A6C8CC	089FA7EC	52	masked	EventScr_Ch9B_10
08A6D114	089FB034	40	masked	EventScr_Ch10B_11
08A6D524	089FB444	20	exact	EventScr_Ch11B_7
08A6D588	089FB4A8	44	exact	EventScr_Ch11B_10
08A6DF48	089FBE68	20	exact	EventScr_Ch13B_11
08A6E680	089FC5A0	32	masked	EventScr_Ch14B_3
08A6E740	089FC660	48	exact	EventScr_Ch14B_8
08A6E770	089FC690	52	masked	EventScr_Ch14B_9
08A6E7CC	089FC6EC	16	exact	EventScr_Ch14B_11
08A6E7DC	089FC6FC	68	masked	EventScr_Ch14B_12
08A6E9AC	089FC8F0	20	masked	EventScr_Ch15b_EndingScene
08A6EDFC	089FCD40	88	masked	EventScr_Ch16b_BeginningScene
08A6EE54	089FCD98	16	masked	EventScr_Ch16b_EndingScene
08A6EE94	089FCDD8	44	masked	EventScr_Ch16B_2
08A6EEC0	089FCE04	68	masked	EventScr_Ch16B_3
08A6EF04	089FCE48	56	masked	EventScr_Ch16B_4
08A6EF3C	089FCE80	68	masked	EventScr_Ch16B_5
08A6EF98	089FCEDC	16	masked	EventScr_Ch17b_EndingScene
08A6F0E4	089FD028	64	masked	EventScr_Ch18b_BeginningScene
08A6F498	089FD3DC	16	masked	EventScr_Ch19b_EndingScene
08A6FA2C	089FD974	68	masked	EventScr_Ch21b_BeginningScene
08A6FC9C	089FDBE4	52	masked	EventScr_Tower1_EndingScene
08A6FD48	089FDC90	52	masked	EventScr_Tower2_EndingScene
08A6FD7C	089FDCC4	52	masked	EventScr_Tower_0
08A6FE3C	089FDD84	68	masked	EventScr_Tower3_EndingScene
08A6FEF4	089FDE3C	52	masked	EventScr_Tower4_EndingScene
08A6FF9C	089FDEE4	52	masked	EventScr_Tower5_EndingScene
08A7005C	089FDFA4	68	masked	EventScr_Tower6_EndingScene
08A700A0	089FDFE8	128	masked	EventScr_Tower7_BeginningScene
08A70120	089FE068	52	masked	EventScr_Tower7_EndingScene
08A70154	089FE09C	40	masked	EventScr_Tower_3
08A7017C	089FE0C4	40	masked	EventScr_Tower_4
08A701A4	089FE0EC	44	masked	EventScr_Tower_5
08A701D0	089FE118	44	masked	EventScr_Tower_6
08A701FC	089FE144	44	masked	EventScr_Tower_7
08A702E4	089FE22C	36	masked	EventScr_Tower8_EndingScene
08A70384	089FE2CC	28	masked	EventScr_Ruin1_EndingScene
08A703D0	089FE318	48	masked	EventScr_Ruin_2
08A70474	089FE3BC	28	masked	EventScr_Ruin2_EndingScene
08A70490	089FE3D8	60	masked	EventScr_Ruin_3
08A70540	089FE488	28	masked	EventScr_Ruin3_EndingScene
08A70678	089FE5C0	28	masked	EventScr_Ruin4_EndingScene
08A70708	089FE650	44	masked	EventScr_Ruin5_EndingScene
08A707F0	089FE738	28	masked	EventScr_Ruin6_EndingScene
08A7086C	089FE7B4	128	masked	EventScr_Ruins7_BeginningScene
08A708EC	089FE834	44	masked	EventScr_Ruin7_EndingScene
08A70998	089FE8E0	52	masked	EventScr_Ruin_23
08A709EC	089FE934	52	masked	EventScr_Ruin_25
08A70A20	089FE968	32	masked	EventScr_Ruin_26
08A70A40	089FE988	52	masked	EventScr_Ruin_27
08A70A8C	089FE9D4	132	masked	EventScr_Ruins8_BeginningScene
08A70B10	089FEA58	28	masked	EventScr_Ruin8_EndingScene
08A70B4C	089FEA94	52	masked	EventScr_Ruin_30
08A70BA0	089FEAE8	52	masked	EventScr_Ruin_32
08A70BF4	089FEB3C	52	masked	EventScr_Ruin_34
08A70C28	089FEB70	44	masked	EventScr_Ruin_35
08A70C54	089FEB9C	52	masked	EventScr_Ruin_36
08A70C88	089FEBD0	112	exact	EventScr_Ruin_37
08A70CF8	089FEC40	92	exact	EventScr_Ruin_38
08A70D54	089FEC9C	148	exact	EventScr_Ruin_39
08A70DE8	089FED30	128	exact	EventScr_Ruin_40
08A70E68	089FEDB0	112	exact	EventScr_Ruin_41
08A70ED8	089FEE20	92	exact	EventScr_Ruin_42
08A70F34	089FEE7C	152	exact	EventScr_Ruin_43
08A70FCC	089FEF14	132	exact	EventScr_Ruin_44
08A71050	089FEF98	172	exact	EventScr_Ruin_45
08A710FC	089FF044	152	exact	EventScr_Ruin_46
08A71194	089FF0DC	116	exact	EventScr_Ruin_47
08A71208	089FF150	96	exact	EventScr_Ruin_48
08A712E0	089FF228	28	masked	EventScr_Ruin9_EndingScene
08A712FC	089FF244	36	masked	EventScr_Ruin_49
08A71340	089FF288	52	masked	EventScr_Ruin_51
08A713E8	089FF330	36	masked	EventScr_Ruin10_EndingScene
08A714EC	089FF434	28	masked	EventScr_MelkaenCoast_BeginningScene
08A71508	089FF450	8	exact	EventScr_MelkaenCoast_EndingScene
08A71510	089FF458	28	masked	EventScr_UnkCh3B_BeginningScene
08A71530	089FF478	8	exact	EventScr_UnkCh3B_EndingScene
08A71538	089FF480	8	exact	gAutoUdefJids
08A71540	089FF488	48	masked	EventScr_9FF488
08A71570	089FF4B8	32	masked	EventScr_DebugMap_BeginningScene
08A71590	089FF4D8	12	exact	EventScr_DebugMap_EndingScene
08A71CC4	089FFC0C	36	exact	EventScr_Ruin_59
08A71CE8	089FFC30	308	masked	EventScr_SkirmishCommonBeginning
08A71E1C	089FFD64	288	masked	EventScr_SkirmishCommonEnd
08A71F3C	089FFE84	132	masked	EventScr_Ruin_60
08A71FC0	089FFF08	12	exact	EventScr_Ruin_61
08A71FCC	089FFF14	108	masked	EventScr_Ruin_62
08A72038	089FFF80	12	exact	EventScr_Ruin_63
08A72044	089FFF8C	156	masked	EventScr_Ruin_64
08A720E0	08A00028	12	exact	EventScr_Ruin_65
08A7214C	08A00094	12	exact	EventScr_Ruin_67
08A72158	08A000A0	144	masked	EventScr_Ruin_68
08A721E8	08A00130	12	exact	EventScr_Ruin_69
08A721F4	08A0013C	100	masked	EventScr_Ruin_70
08A72258	08A001A0	12	exact	EventScr_Ruin_71
08A72264	08A001AC	168	masked	EventScr_Ruin_72
08A7230C	08A00254	12	exact	EventScr_Ruin_73
08A72318	08A00260	132	masked	EventScr_Ruin_74
08A7239C	08A002E4	12	exact	EventScr_Ruin_75
08A72408	08A00350	12	exact	EventScr_Ruin_77
08A72424	08A0036C	16	masked	EventScr_Ruin_78
08A726E4	08A0062C	84	exact	EventScr_Ruin_81
08A728D4	08A0081C	15	exact	sPageSlideOffsetLut
08A7291C	08A00864	88	masked	gProcScr_SSUnitSlide
08A72974	08A008BC	20	exact	sSprite_Page0Name
08A72988	08A008D0	14	exact	sSprite_Page1Name
08A72996	08A008DE	32	exact	sSprite_Page2Name
08A729B6	08A008FE	38	exact	sSprite_PageNameBack
08A729F0	08A00938	64	masked	gProcScr_SSPageNameCtrl
08A72A30	08A00978	80	masked	gProcScr_SSPageNumCtrl
08A72A90	08A009D8	192	masked	gProcScr_StatScreen
08A72B50	08A00A98	56	masked	gProcScr_HelpBox
08A72BC8	08A00B10	14	exact	sSprite_MetaHelp
08A72DB0	08A00CF8	28	masked	sHelpInfo_Ss0Status
08A72E58	08A00DA0	28	masked	gHelpInfo_Ss1Item0
08A72E74	08A00DBC	28	masked	sHelpInfo_Statscreen_4
08A72E90	08A00DD8	28	masked	sHelpInfo_Statscreen_5
08A72EAC	08A00DF4	28	masked	sHelpInfo_Statscreen_6
08A72EC8	08A00E10	28	masked	sHelpInfo_Statscreen_7
08A72FFC	08A00F44	28	masked	gHelpInfo_Ss2Rank0
08A73018	08A00F60	28	masked	sHelpInfo_Statscreen_18
08A73034	08A00F7C	28	masked	sHelpInfo_Statscreen_19
08A73050	08A00F98	28	masked	sHelpInfo_Statscreen_20
08A73114	08A0105C	28	masked	sHelpInfo_Statscreen_26
08A731F4	08A0113C	28	masked	sHelpInfo_Statscreen_33
08A73708	08A01650	40	masked	ProcScr_HelpBoxIntro
08A73798	08A016E0	96	masked	gProcScr_BoxDialogue
08A73818	08A01760	160	masked	ProcScr_BoxDialogueDrawTextExt
08A738B8	08A01800	24	masked	gHelpbox_3
08A738E0	08A01828	32	exact	sPlayerInterfaceConfigLut
08A73906	08A0184E	18	exact	gUnitBurstMapUiTextYTable
08A739C4	08A0190C	136	masked	gProcScr_UnitDisplay_MinimugBox
08A73A4C	08A01994	48	masked	gProcScr_UnitDisplay_Burst
08A73AFC	08A01A44	96	masked	gProcScr_PrepMap_MenuButtonDisplay
08A73B5C	08A01AA4	8	exact	Sprite_ChapterStatus_PlayCountLabel
08A73B64	08A01AAC	14	exact	Sprite_ChapterStatus_PlayerLabel
08A73B72	08A01ABA	14	exact	Sprite_ChapterStatus_EnemyLabel
08A73B80	08A01AC8	14	exact	Sprite_ChapterStatus_ObjectiveLabel
08A73B8E	08A01AD6	8	exact	Sprite_ChapterStatus_TurnLabel
08A73B96	08A01ADE	8	exact	Sprite_ChapterStatus_FundsLabel
08A73B9E	08A01AE6	50	exact	Sprite_ChapterStatus_FactionSelector
08A73BD0	08A01B18	20	exact	Sprite_ChapterStatus_ChapterBanner
08A73BE4	08A01B2C	14	exact	Sprite_ChapterStatus_PlaytimeBanner
08A73BF4	08A01B3C	24	exact	gTextInitInfo_ChapterStatus
08A73C0C	08A01B54	176	masked	gProcScr_ChapterStatusScreen
08A73CBC	08A01C04	120	masked	ProcScr_ChapterStatusScreen_FromPrep
08A73D34	08A01C7C	38	exact	Sprite_ChapterStatus_ChapterName
08A73E40	08A01D88	38	exact	gSprite_Cgtext_0
08A73E66	08A01DAE	14	exact	gSprite_Cgtext_1
08A73E74	08A01DBC	152	masked	gProcScr_CgTextMain
08A73F1C	08A01E64	96	masked	gProcScr_CgTextInterpreter
08A73F7C	08A01EC4	32	masked	gProcScr_YesNoChoice
08A73F9C	08A01EE4	32	exact	gUnkData_30
08A73FBC	08A01F04	32	exact	gUnkData_31
08A73FDC	08A01F24	460	exact	gUnkData_32
08A741A8	08A020F0	244	exact	Img_StatscreenEquipmentText
08A7429C	08A021E4	32	exact	Pal_StatscreenEquipmentText
08A742BC	08A02204	76	exact	Tsa_StatscreenEquipmentBG
08A74308	08A02250	34	exact	Tsa_StatscreenEquipedWeaponHighlight
08A7432C	08A02274	1416	exact	Img_StatscreenObjs
08A748B4	08A027FC	96	exact	gUnkData_33
08A74914	08A0285C	40	exact	gGfx_HelpTextBox
08A7493C	08A02884	40	exact	gGfx_HelpTextBox2
08A74964	08A028AC	104	exact	gGfx_HelpTextBox3
08A749CC	08A02914	108	exact	gGfx_HelpTextBox4
08A74A38	08A02980	40	exact	gGfx_HelpTextBox5
08A74A60	08A029A8	116	exact	gGfx_YellowTextBox
08A74AD4	08A02A1C	120	exact	gGfx_YellowTextBox2
08A74B4C	08A02A94	168	exact	gGfx_YellowTextBox3
08A74BF4	08A02B3C	112	exact	gGfx_YellowTextBox4
08A74C64	08A02BAC	136	exact	gGfx_YellowTextBox5
08A74CEC	08A02C34	768	exact	Img_LimitViewSquares
08A74FEC	08A02F34	96	exact	gUnkData_35
08A7504C	08A02F94	96	exact	gUnkData_36
08A750AC	08A02FF4	96	exact	gUnkData_37
08A7510C	08A03054	568	exact	gUnkData_38
08A75344	08A0328C	32	exact	gUnkData_39
08A75364	08A032AC	136	exact	gUnkData_40
08A753EC	08A03334	32	exact	gUnkData_41
08A7540C	08A03354	20	exact	gUnkData_42
08A75420	08A03368	11176	exact	Img_StatscreenBG
08A77FC8	08A05F10	1360	exact	Tsa_StatscreenBG
08A78518	08A06460	128	exact	Pal_StatscreenBG
08A78598	08A064E0	3356	exact	Img_StatscreenHalo
08A792B4	08A071FC	288	exact	Tsa_StatscreenHalo
08A793D4	08A0731C	32	exact	Pal_StatscreenHalo
08A793F4	08A0733C	528	exact	Img_ConfigUiSprites
08A79604	08A0754C	1128	exact	Img_ConfigUiIcons
08A79A6C	08A079B4	228	exact	Tsa_ConfigUiFrame
08A79B50	08A07A98	64	exact	Pal_ConfigUiSprites
08A79B90	08A07AD8	18	exact	gPal_UnkData_0
08A79BA2	08A07AEA	32	exact	gUnkData_43
08A79BC2	08A07B0A	224	exact	gUnkData_44
08A79CA2	08A07BEA	32	exact	gUnkData_45
08A79CC2	08A07C0A	78	exact	gUnkData_46
08A79D10	08A07C58	384	exact	gPal_UnkData_1
08A7B098	08A07DD8	7300	exact	Img_ChapterIntroFog
08A7CD1C	08A09A5C	32	exact	Pal_PlayerRankFog
08A7CD3C	08A09A7C	104	exact	Img_PlayerRankFog
08A7CDA4	08A09AE4	872	exact	SpriteAnim_PlayerRankFog
08A7D10C	08A09E4C	1692	exact	gGfx_UnkData_0
08A7D7A8	08A0A4E8	1296	exact	gUnkData_47
08A7DCB8	08A0A9F8	276	exact	gTsa_UnkData_0
08A7DDCC	08A0AB0C	824	exact	Img_GameOverText
08A7E124	08A0AE64	32	exact	Pal_GameOverText1
08A7E144	08A0AE84	68	exact	Tsa_GameOverFx
08A84B00	08A10FE0	252	exact	chap_title_blank
08A84B00	08A16040	252	exact	chap_title_86
08A84B00	08A1613C	252	exact	chap_title_57
08A92514	08A167C8	1444	exact	gGfx_PlayerInterfaceFontTiles
08A92AB8	08A16D6C	128	exact	gGfx_PlayerInterfaceNumbers
08A930D8	08A1738C	32	exact	gPal_PlayerInterface_Blue
08A930F8	08A173AC	32	exact	gPal_PlayerInterface_Red
08A93118	08A173CC	32	exact	gPal_PlayerInterface_Green
08A93138	08A173EC	64	exact	gTSA_UnitInfoWindow
08A93178	08A1742C	88	exact	gTSA_TerrainBox
08A931D0	08A17484	304	exact	gTSA_MinimugBox
08A93300	08A175B4	20	exact	gUnkData_50
08A93314	08A175C8	20	exact	gUnkData_51
08A93328	08A175DC	20	exact	gUnkData_52
08A9333C	08A175F0	20	exact	gUnkData_53
08A93350	08A17604	56	exact	gUnkData_54
08A93388	08A1763C	20	exact	gUnkData_55
08A9339C	08A17650	20	exact	gUnkData_56
08A933B0	08A17664	20	exact	gUnkData_57
08A933C4	08A17678	20	exact	gUnkData_58
08A933D8	08A1768C	16	exact	Tsa_TerrainMapUi_Labels
08A933E8	08A1769C	8	exact	gTSA_TerrainBox_Ballistae
08A933F0	08A176A4	16	exact	Tsa_TerrainMapUi_ObstacleLabels
08A93400	08A176B4	8	exact	Tsa_TerrainMapUi_ObstacleFullHp
08A93408	08A176BC	136	exact	gTSA_GoalBox_TwoLines
08A93490	08A17744	92	exact	gTSA_GoalBox_OneLine
08A934EC	08A177A0	288	masked	ProcScr_UnitListScreen_Field
08A9360C	08A178C0	208	masked	ProcScr_UnitListScreen_PrepMenu
08A936DC	08A17990	160	masked	ProcScr_UnitListScreen_SoloAnim
08A9377C	08A17A30	216	masked	ProcScr_UnitListScreen_WorldMap
08A9388C	08A17B40	8	exact	Sprite_Unitlistscreen_0
08A93894	08A17B48	8	exact	Sprite_Unitlistscreen_1
08A9389C	08A17B50	8	exact	Sprite_Unitlistscreen_2
08A938B0	08A17B64	8	exact	Sprite_Unitlistscreen_3
08A938B8	08A17B6C	44	exact	Sprite_Unitlistscreen_4
08A938E4	08A17B98	14	exact	Sprite_Unitlistscreen_5
08A938F2	08A17BA6	20	exact	Sprite_Unitlistscreen_6
08A93906	08A17BBA	20	exact	Sprite_Unitlistscreen_7
08A9391A	08A17BCE	20	exact	Sprite_Unitlistscreen_8
08A9392E	08A17BE2	20	exact	Sprite_Unitlistscreen_9
08A93942	08A17BF6	20	exact	Sprite_Unitlistscreen_10
08A93956	08A17C0A	20	exact	Sprite_Unitlistscreen_11
08A93F34	08A181E8	24	exact	gBgConfig_ItemUseScreen
08A93FB8	08A1826C	48	masked	ProcScr_PrepMenuDescHandler
08A941F8	08A184B4	64	masked	ProcScr_PrepPromoteDebug
08A94238	08A184F4	56	masked	ProcScr_PrepTraineePromo
08A94270	08A1852C	8	exact	gPrepMenuproc_0
08A94278	08A18534	14	exact	gPrepMenuproc_1
08A94286	08A18542	14	exact	gPrepMenuproc_2
08A94294	08A18550	14	exact	gPrepMenuproc_3
08A942A2	08A1855E	8	exact	gPrepMenuproc_4
08A942AA	08A18566	8	exact	gPrepMenuproc_5
08A942B2	08A1856E	20	exact	Sprite_PrepInformation
08A942C6	08A18582	14	exact	Sprite_PrepChapter
08A942D4	08A18590	14	exact	Sprite_PrepTower
08A942E2	08A1859E	14	exact	Sprite_PrepRuins
08A942F0	08A185AC	14	exact	Sprite_PrepExMap
08A942FE	08A185BA	8	exact	Sprite_PrepChapterNum_0
08A94306	08A185C2	8	exact	Sprite_PrepChapterNum_1
08A9430E	08A185CA	8	exact	Sprite_PrepChapterNum_2
08A94316	08A185D2	8	exact	Sprite_PrepChapterNum_3
08A9431E	08A185DA	8	exact	Sprite_PrepChapterNum_4
08A94326	08A185E2	8	exact	Sprite_PrepChapterNum_5
08A9432E	08A185EA	8	exact	Sprite_PrepChapterNum_6
08A94336	08A185F2	8	exact	Sprite_PrepChapterNum_7
08A9433E	08A185FA	8	exact	Sprite_PrepChapterNum_8
08A94346	08A18602	8	exact	Sprite_PrepChapterNum_9
08A9434E	08A1860A	8	exact	Sprite_PrepChapterNum_X
08A94388	08A18644	8	exact	Sprite_Unused_0
08A94390	08A1864C	20	exact	objs_PrepMenuproc_1
08A943A4	08A18660	26	exact	objs_PrepMenuproc_2
08A943BE	08A1867A	26	exact	objs_PrepMenuproc_3
08A943D8	08A18694	14	exact	objs_PrepMenuproc_4
08A943F8	08A186B4	40	masked	ProcScr_PrepScreenSpriteDraw
08A94430	08A186EC	88	masked	ProcScr_PrepMenu
08A94498	08A18754	8	exact	gSprite_MenuScroll_BottomDecal
08A944D0	08A1878C	8	exact	gSprite_MenuScrollSegmentG
08A944D8	08A18794	8	exact	gSprite_MenuScrollSegmentH
08A94504	08A187C0	8	exact	gSprite_MenuScrollArrowA
08A9454C	08A18808	56	masked	ProcScr_menu_scroll
08A94584	08A18840	48	masked	ProcScr_SallyCir
08A945B4	08A18870	24	exact	gUnused_PrepSallycir_0
08A945CC	08A18888	32	masked	ProcScr_ViewCounter
08A94604	08A188C0	36	exact	gPrepItemTypePageLut
08A94628	08A188E4	18	exact	gPrepShopInventory
08A9466C	08A18928	26	exact	gSprite_PrepFunds
08A946A8	08A18964	38	exact	gSprite_PrepUnitInfoBg
08A946E8	08A189A4	1144	masked	ProcScr_PrepItemScreen
08A94B60	08A18E1C	20	exact	gSprite_PrepItemscreen_0
08A94B78	08A18E34	26	exact	obj_PrepUnitselect_0
08A94B92	08A18E4E	20	exact	Sprite_PrepStartButton
08A94BA6	08A18E62	20	exact	obj_PrepUnitselect_1
08A94BBA	08A18E76	20	exact	Sprite_PrepBButton
08A94BD0	08A18E8C	400	masked	ProcScr_PrepUnitScreen
08A94D60	08A1901C	72	masked	ProcScr_PrepItemTradeScreen
08A94DA8	08A19064	320	masked	ProcScr_PrepItemUseScreen
08A94F08	08A191C4	48	masked	ProcScr_PrepItemUseJunaFruit
08A94F50	08A1920C	224	masked	ProcScr_PrepItemSupplyScreen
08A95030	08A192EC	312	masked	ProcScr_BmSupplyScreen
08A95168	08A19424	248	masked	ProcScr_PrepItemListScreen
08A9526C	08A19528	136	masked	gProcScr_PrepWMShopSell
08A952F4	08A195B0	8	exact	gSprite_PrepWmSell_0
08A952FC	08A195B8	8	exact	gSprite_PrepWmSell_1
08A95304	08A195C0	8	exact	gSprite_PrepWmSell_2
08A9530C	08A195C8	8	exact	gSprite_PrepWmSell_3
08A95314	08A195D0	8	exact	gSprite_PrepWmSell_4
08A9531C	08A195D8	8	exact	gSprite_PrepWmSell_5
08A95324	08A195E0	8	exact	gSprite_PrepWmSell_6
08A9532C	08A195E8	8	exact	gSprite_PrepWmSell_7
08A95334	08A195F0	8	exact	gSprite_PrepWmSell_8
08A9533C	08A195F8	14	exact	gPrepWmSell_0
08A95B3A	08A19726	20	exact	gSprite_SupportScreenBanner
08A95B70	08A1975C	224	masked	gProcScr_SupportScreen
08A95C50	08A1983C	20	exact	sSprite_NameAffinLv
08A95C64	08A19850	14	exact	sSprite_Uisupport_0
08A95C72	08A1985E	20	exact	sSprite_Uisupport_1
08A95C86	08A19872	14	exact	sSprite_BackButton
08A95C94	08A19880	328	masked	gProcScr_SupportUnitSubScreen
08A9645C	08A19C0C	160	exact	Img_MenuScrollBar
08A9651C	08A19CCC	952	exact	gUnkData_61
08A968D4	08A1A084	32	exact	Pal_SpinningArrow
08A968F4	08A1A0A4	408	exact	gUnkData_62
08A96A8C	08A1A23C	448	exact	gUnkData_63
08A96C4C	08A1A3FC	32	exact	gUnkData_64
08A96C6C	08A1A41C	24	exact	Tsa_UnkData_1
08A96C84	08A1A434	64	exact	Tsa_UnkData_2
08A96CC4	08A1A474	84	exact	Tsa_UnkData_3
08A97720	08A1AC88	1104	exact	gUnkData_66
08A97B70	08A1B0D8	124	exact	Img_SysBrownBox
08A97C2C	08A1B194	104	exact	AP_DrawPreparationsBanner
08A97C94	08A1B1FC	1084	exact	Img_PrepFunds
08A980F0	08A1B658	64	exact	gUnkData_67
08A98130	08A1B698	152	exact	gUnkData_68
08A981C8	08A1B730	152	exact	gUnkData_69
08A98260	08A1B7C8	240	exact	gUnkData_70
08A98350	08A1B8B8	216	exact	Tsa_PrepItemScreen
08A98428	08A1B990	92	exact	Tsa_UnkData_4
08A98484	08A1B9EC	204	exact	gUnkData_71
08A98550	08A1BAB8	44	exact	Img_PrepItemUseScreen
08A9857C	08A1BAE4	236	exact	Tsa_PrepItemUseScreen
08A98668	08A1BBD0	240	exact	gUnkData_72
08A98758	08A1BCC0	64	exact	gUnkData_73
08A98798	08A1BD00	64	exact	gUnkData_74
08A987D8	08A1BD40	32	exact	gUnkData_75
08A987F8	08A1BD60	2468	exact	gUnkData_76
08A9919C	08A1C704	212	exact	Img_SpinningArrow
08A99270	08A1C7D8	220	exact	gImg_UiSpinningArrow_Horizontal
08A9934C	08A1C8B4	1204	exact	gUnkData_77
08A99800	08A1CD68	92	exact	Img_UnkData_1
08A9985C	08A1CDC4	1220	exact	Img_UnitListBanners
08A99D20	08A1D288	448	exact	Img_UnitListBanner_Animation
08A99EE0	08A1D448	128	exact	Pal_UnkData_1
08A99F80	08A1D4E8	40	exact	Img_PrepTextShadow
08A99FA8	08A1D79C	64	exact	Pal_MapBattleInfoNum
08A9A328	08A1D7DC	116	exact	Img_PrepPopupWindow
08A9A624	08A1D8D0	688	exact	Img_PrepWindow
08A9AA9C	08A1DB80	156	exact	gUnkData_80
08A9AB38	08A1DC1C	240	exact	gTsa_SupportSubScreen
08A9CA64	08A1FB38	160	masked	gProcScr_Minimap
08A9CB04	08A1FBD8	984	exact	gGfx_MinimapTiles
08A9CEDC	08A1FFB0	32	exact	gPal_MinimapTiles
08A9CEFC	08A1FFD0	128	exact	gPal_Minimap_0
08A9CFE4	08A200B8	752	masked	ProcScr_SaveMenu
08A9D2D4	08A203A8	272	masked	gProcScr_SaveMenuPostChapter
08A9D3E8	08A204BC	96	masked	ProcScr_BonusClaimMenu
08A9D448	08A2051C	26	exact	Sprite_Savedraw_0
08A9D462	08A20536	20	exact	Sprite_Savedraw_1
08A9D476	08A2054A	38	exact	Sprite_Savedraw_2
08A9D4A4	08A20578	8	exact	Sprite_Savedraw_4
08A9D4AC	08A20580	8	exact	Sprite_Savedraw_5
08A9D4B4	08A20588	8	exact	Sprite_Savedraw_6
08A9D4BC	08A20590	14	exact	Sprite_Savedraw_7
08A9D4CA	08A2059E	8	exact	Sprite_Savedraw_8
08A9D4D2	08A205A6	8	exact	Sprite_Savedraw_9
08A9D4DA	08A205AE	8	exact	Sprite_Savedraw_10
08A9D4E2	08A205B6	8	exact	Sprite_Savedraw_11
08A9D4EA	08A205BE	8	exact	Sprite_Savedraw_12
08A9D4F2	08A205C6	8	exact	Sprite_Savedraw_13
08A9D4FA	08A205CE	8	exact	Sprite_Savedraw_14
08A9D502	08A205D6	8	exact	Sprite_Savedraw_15
08A9D50A	08A205DE	8	exact	Sprite_Savedraw_16
08A9D512	08A205E6	8	exact	Sprite_Savedraw_17
08A9D51A	08A205EE	8	exact	Sprite_Savedraw_18
08A9D522	08A205F6	8	exact	Sprite_Savedraw_19
08A9D52A	08A205FE	8	exact	Sprite_Savedraw_20
08A9D532	08A20606	8	exact	Sprite_Savedraw_21
08A9D53A	08A2060E	8	exact	Sprite_Savedraw_22
08A9D542	08A20616	8	exact	Sprite_Savedraw_23
08A9D54A	08A2061E	8	exact	Sprite_Savedraw_24
08A9D552	08A20626	8	exact	Sprite_Savedraw_25
08A9D55A	08A2062E	8	exact	Sprite_Savedraw_26
08A9D562	08A20636	8	exact	Sprite_Savedraw_27
08A9D56A	08A2063E	8	exact	Sprite_Savedraw_28
08A9D572	08A20646	8	exact	Sprite_Savedraw_29
08A9D5D4	08A206A8	48	masked	ProcScr_savedraw
08A9D7C6	08A20864	26	exact	gSprite_SavemenuData_11
08A9D856	08A208EE	20	exact	gSprite_SavemenuData_17
08A9D86A	08A20902	20	exact	gSprite_SavemenuData_18
08A9D87E	08A20916	20	exact	gSprite_SavemenuData_19
08A9D892	08A2092A	38	exact	gSprite_SavemenuData_20
08A9D8B8	08A20950	38	exact	gSprite_SavemenuData_21
08A9D8DE	08A20976	38	exact	gSprite_SavemenuData_22
08A9D964	08A209FC	12	exact	gDifficultymenu_0
08A9D978	08A20A10	136	masked	ProcScr_NewGameDifficultySelect
08A9DA16	08A20AAE	20	exact	gSprite_DifficultyMenuSelectModeText
08A9DA38	08A20AD0	20	exact	gSprite_Difficultymenu_2
08A9DA4C	08A20AE4	14	exact	gSprite_Difficultymenu_3
08A9DA5A	08A20AF2	20	exact	gSprite_Difficultymenu_4
08A9DAAC	08A20B44	8	exact	gSprite_UiCursorHand_1
08A9DAE4	08A20B7C	14	exact	gSprite_UiSpinningArrows_Horizontal
08A9DB84	08A20C1C	48	masked	ProcScr_SysHandCtrl
08A9DBCC	08A20C64	56	exact	Obj_SmallBrownNameBoxe1
08A9DC04	08A20C9C	56	exact	Obj_SmallBrownNameBoxe2
08A9DC3C	08A20CD4	56	exact	Obj_SmallBrownNameBoxe3
08A9DC74	08A20D0C	56	exact	Obj_SmallBrownNameBoxe4
08A9DCAC	08A20D44	20	exact	Obj_SmallBrownNameBoxe5
08A9DCC0	08A20D58	20	exact	Obj_SmallBrownNameBoxe6
08A9DD34	08A20DCC	48	masked	ProcScr_BmFadeOUT
08A9E2A0	08A21338	264	masked	gProcScr_SoundRoomUi
08A9E3A8	08A21440	14	exact	gSprite_SoundRoom_AButtonPlay
08A9E3B6	08A2144E	14	exact	gSprite_SoundRoom_StartButtonStop
08A9E3C4	08A2145C	14	exact	gSprite_SoundRoom_SelectButtonRandom
08A9E3D2	08A2146A	32	exact	gSprite_RandomModeBanner
08A9E3F2	08A2148A	20	exact	gSprite_MusicPlayer_SeekBar
08A9E406	08A2149E	8	exact	gSprite_MusicPlayer_SeekBarIndicator
08A9E40E	08A214A6	8	exact	gSprite_MusicPlayer_Time
08A9E416	08A214AE	8	exact	gSprite_MusicPlayer_Colon
08A9E41E	08A214B6	8	exact	gSprite_Soundroom_0
08A9E426	08A214BE	8	exact	gSprite_Soundroom_1
08A9E42E	08A214C6	8	exact	gSprite_Soundroom_2
08A9E436	08A214CE	8	exact	gSprite_Soundroom_3
08A9E43E	08A214D6	8	exact	gSprite_Soundroom_4
08A9E446	08A214DE	8	exact	gSprite_Soundroom_5
08A9E44E	08A214E6	8	exact	gSprite_Soundroom_6
08A9E456	08A214EE	8	exact	gSprite_Soundroom_7
08A9E45E	08A214F6	8	exact	gSprite_Soundroom_8
08A9E466	08A214FE	8	exact	gSprite_Soundroom_9
08A9E4B8	08A21550	24	exact	gExtramenuUnk_0
08A9E4D0	08A21568	40	masked	gExtramenuUnk_1
08A9E510	08A215A8	176	masked	gProcScr_BonusClaim
08AA2D34	08A25DCC	256	exact	Pal_SaveMenuBG
08AA2E34	08A25ECC	1204	exact	Tsa_SaveMenuBG
08AA32E8	08A26380	1368	exact	Img_MainMenuBgFog
08AA3840	08A268D8	32	exact	Pal_MainMenuBgFog
08AA3860	08A268F8	380	exact	Tsa_MainMenuBgFog
08AA52DC	08A28088	32	exact	Pal_MenuSaveMainBg_0
08AA7094	08A29418	128	exact	Pal_DifficultyMenuObjs
08AA7114	08A29498	192	exact	gMenuMainObjs_0
08AA7310	08A295B4	32	exact	Pal_MenuMainObjs_0
08AA7330	08A295D4	1204	exact	Tsa_CommGameBgScreenInShop
08AA77E4	08A29A88	5980	exact	gMenuMainObjs_2
08AA8F40	08A2B1E4	3896	exact	gMenuMainObjs_3
08AA9E78	08A2C11C	288	exact	gMenuMainObjs_4
08AAA3CC	08A2C23C	652	exact	gMenuMainObjs_5
08AAA658	08A2C4C8	224	exact	gMenuSoundroom_0
08AAA738	08A2C5A8	508	exact	gMenuSoundroom_1
08AAA934	08A2C7A4	148	exact	gMenuSoundroom_2
08AAA9C8	08A2C838	112	exact	Img_SoundRoomVolumeGraph
08AAAA38	08A2C8A8	96	exact	Pal_SoundRoomVolumeGraph
08AAAA98	08A2C908	36	exact	gMenuSoundroom_3
08AAAABC	08A2C92C	400	exact	gMenuSoundroom_4
08AADC58	08A2D32C	3724	exact	Img_PlayStatusSprites
08AAEAE4	08A2E1B8	64	exact	Pal_PlayStatusSprites
08AAEB24	08A2E1F8	28	exact	Img_ChapterStatusSelectorSprite
08AAF350	08A2E5EC	676	exact	Img_MenuStatus_0
08AAF5F4	08A2E890	96	exact	gMenuStatus_0
08AAF654	08A2E8F0	96	exact	Pal_MenuStatus_0
08AAF6B4	08A2E950	36	exact	Img_SysBlackBox
08AAF6DC	08A2E978	13	exact	gGameOptionsUiOrder
08AAF6EA	08A2E986	20	exact	gSprite_ConfigurationUiHeader
08AAF9EC	08A2EC88	32	masked	gProcScr_RedrawConfigHelpText
08AAFA0C	08A2ECA8	56	masked	gProcScr_DrawConfigUiSprites
08AAFA44	08A2ECE0	168	masked	ProcScr_Config_Field
08AAFAEC	08A2ED88	120	masked	ProcScr_Config_PrepMapMenu
08AAFB64	08A2EE00	144	masked	ProcScr_Config_WorldMap
08AAFC54	08A2EEF0	88	masked	gProcScr_opinfo
08AAFCB4	08A2EF50	112	masked	gProcScr_opinfoenter
08AAFD24	08A2EFC0	56	masked	gProcScr_opinfoview
08AAFD5C	08A2EFF8	64	masked	gProcScr_opinfoicon
08AAFD9C	08A2F038	48	masked	gProcScr_ClassIntro_FlareFX
08AAFDCC	08A2F068	32	masked	gProcScr_ClassIntro_BurstFX
08AAFDEC	08A2F088	176	masked	gProcScr_ClassInfoDisplay
08AAFE9C	08A2F138	40	masked	gProcScr_opinfogaugedraw
08AAFEC4	08A2F160	8	exact	sSprite_Opinfo_1
08AAFECC	08A2F168	8	exact	sSprite_Opinfo_2
08AAFED4	08A2F170	8	exact	sSprite_Opinfo_3
08AAFEDC	08A2F178	8	exact	sSprite_Opinfo_4
08AAFEF4	08A2F190	8	exact	sSprite_Opinfo_5
08AAFEFC	08A2F198	8	exact	sSprite_Opinfo_6
08AAFF04	08A2F1A0	8	exact	sSprite_Opinfo_7
08AAFF0C	08A2F1A8	8	exact	sSprite_Opinfo_8
08AAFF14	08A2F1B0	8	exact	sSprite_Opinfo_9
08AAFF1C	08A2F1B8	8	exact	sSprite_Opinfo_10
08AAFF24	08A2F1C0	8	exact	sSprite_Opinfo_11
08AAFF2C	08A2F1C8	8	exact	sSprite_Opinfo_12
08AAFF54	08A2F1F0	8	exact	sSprite_Opinfo_13
08AAFF72	08A2F20E	22	exact	sClassReelScr_Opinfo_1
08AAFF88	08A2F224	12	exact	sClassReelScr_Opinfo_2
08AAFF94	08A2F230	12	exact	sClassReelScr_Opinfo_3
08AAFFA0	08A2F23C	12	exact	sClassReelScr_Opinfo_4
08AAFFAC	08A2F248	22	exact	sClassReelScr_Opinfo_5
08AAFFC2	08A2F25E	12	exact	sClassReelScr_Opinfo_6
08AAFFE6	08A2F282	12	exact	sClassReelScr_Opinfo_9
08AAFFF2	08A2F28E	12	exact	sClassReelScr_Opinfo_10
08AAFFFE	08A2F29A	12	exact	sClassReelScr_Opinfo_11
08AB000A	08A2F2A6	12	exact	sClassReelScr_Opinfo_12
08AB0016	08A2F2B2	14	exact	sClassReelScr_Opinfo_13
08AB0A38	08A2FBD4	12	exact	sClassReelClassSetLut
08AB0B48	08A2FCE4	14	exact	sSprite_ClassDisplay_A
08AB0B56	08A2FCF2	26	exact	sSprite_ClassDisplay_B
08AB0B70	08A2FD0C	26	exact	sSprite_ClassDisplay_C
08AB0B8A	08A2FD26	26	exact	sSprite_ClassDisplay_D
08AB0BA4	08A2FD40	26	exact	sSprite_ClassDisplay_E
08AB0BBE	08A2FD5A	26	exact	sSprite_ClassDisplay_F
08AB0BD8	08A2FD74	26	exact	sSprite_ClassDisplay_G
08AB0BF2	08A2FD8E	26	exact	sSprite_ClassDisplay_H
08AB0C0C	08A2FDA8	26	exact	sSprite_ClassDisplay_I
08AB0C26	08A2FDEA	26	exact	sSprite_ClassDisplay_L
08AB0C40	08A2FE04	26	exact	sSprite_ClassDisplay_M
08AB0C5A	08A2FE1E	26	exact	sSprite_ClassDisplay_N
08AB0C74	08A2FE38	26	exact	sSprite_ClassDisplay_P
08AB0C8E	08A2FE52	26	exact	sSprite_ClassDisplay_R
08AB0CA8	08A2FE6C	20	exact	sSprite_ClassDisplay_S
08AB0CBC	08A2FE80	26	exact	sSprite_ClassDisplay_T
08AB0CD6	08A2FE9A	20	exact	sSprite_ClassDisplay_V
08AB0CEA	08A2FEAE	26	exact	sSprite_ClassDisplay_W
08AB0D04	08A2FEC8	20	exact	sSprite_ClassDisplay_Z
08AB0D18	08A2FEDC	8	exact	sSprite_ClassDisplay_a
08AB0D20	08A2FEE4	14	exact	sSprite_ClassDisplay_b
08AB0D2E	08A2FEF2	8	exact	sSprite_ClassDisplay_c
08AB0D36	08A2FEFA	14	exact	sSprite_ClassDisplay_d
08AB0D44	08A2FF08	8	exact	sSprite_ClassDisplay_e
08AB0D4C	08A2FF10	14	exact	sSprite_ClassDisplay_f
08AB0D5A	08A2FF1E	14	exact	sSprite_ClassDisplay_g
08AB0D68	08A2FF2C	14	exact	sSprite_ClassDisplay_h
08AB0D76	08A2FF3A	14	exact	sSprite_ClassDisplay_i
08AB0D84	08A2FF48	14	exact	sSprite_ClassDisplay_j
08AB0D92	08A2FF56	14	exact	sSprite_ClassDisplay_k
08AB0DA0	08A2FF64	14	exact	sSprite_ClassDisplay_l
08AB0DAE	08A2FF72	8	exact	sSprite_ClassDisplay_m
08AB0DB6	08A2FF7A	8	exact	sSprite_ClassDisplay_n
08AB0DBE	08A2FF82	8	exact	sSprite_ClassDisplay_o
08AB0DC6	08A2FF8A	14	exact	sSprite_ClassDisplay_p
08AB0DD4	08A2FF98	14	exact	sSprite_ClassDisplay_q
08AB0DE2	08A2FFA6	14	exact	sSprite_ClassDisplay_r
08AB0DF0	08A2FFB4	8	exact	sSprite_ClassDisplay_s
08AB0DF8	08A2FFBC	14	exact	sSprite_ClassDisplay_t
08AB0E06	08A2FFCA	8	exact	sSprite_ClassDisplay_u
08AB0E0E	08A2FFD2	8	exact	sSprite_ClassDisplay_v
08AB0E16	08A2FFDA	8	exact	sSprite_ClassDisplay_w
08AB0E1E	08A2FFE2	8	exact	sSprite_ClassDisplay_x
08AB0E26	08A2FFEA	14	exact	sSprite_ClassDisplay_y
08AB0E34	08A2FFF8	8	exact	sSprite_ClassDisplay_z
08AB0FDC	08A301B0	1488	exact	gUnkData_81
08AB15AC	08A30780	128	exact	gUnkData_82
08AB162C	08A30800	376	exact	gUnkData_83
08AB17A4	08A30978	1204	exact	gUnkData_84
08AB62B4	08A35488	1204	exact	gUnkData_86
08AB6768	08A3593C	256	exact	gUnkData_87
08AB6868	08A35A3C	1428	exact	gUnkData_88
08AB6DFC	08A35FD0	248	exact	gUnkData_89
08AB6EF4	08A360C8	32	exact	gUnkData_90
08AB6F14	08A360E8	412	exact	gUnkData_91
08AB70B0	08A36284	148	exact	gUnkData_92
08AB8044	08A372C0	64	exact	gUnkData_95
08ABC768	08A39170	16	exact	gDefaultShopInventory
08ABC790	08A39198	56	masked	gProcScr_ShopFadeIn
08ABC808	08A39210	616	masked	gProcScr_Shop
08ABCA90	08A39498	38	exact	Sprite_ShopGoldBox
08ABCAD4	08A394DC	352	masked	gProcScr_ArenaUiMain
08ABCC34	08A3963C	240	masked	gProcScr_ArenaUiResults
08ABCD44	08A3974C	28	exact	EventScr_WM_FadeCommon
08ABD390	08A39D0C	12	exact	EventScrWM_Ch1_Beginning
08ABD3C8	08A39D44	112	masked	EventScrWM_Ch2_Beginning
08ABD5A4	08A39F20	112	masked	EventScrWM_Ch3_Beginning
08ABD740	08A3A0BC	92	masked	EventScrWM_Ch4_Beginning
08ABD870	08A3A1EC	124	masked	EventScrWM_Ch5_Beginning
08ABD8EC	08A3A268	112	exact	EventScrWM_Ch5_0
08ABDB5C	08A3A4D8	92	masked	EventScrWM_Ch6_Beginning
08ABDC48	08A3A5C4	92	masked	EventScrWM_Ch7_Beginning
08ABDD34	08A3A6B0	80	exact	EventScrWM_Ch8_Beginning
08ABDD84	08A3A700	12	exact	EventScrWM_Ch8_ChapterIntro
08ABDDB4	08A3A730	188	masked	EventScrWM_Ch9a_Beginning
08ABE014	08A3A990	92	masked	EventScrWM_Ch10a_Beginning
08ABE1F0	08A3AB6C	92	masked	EventScrWM_Ch13a_Beginning
08ABE334	08A3ACB0	144	masked	EventScrWM_Ch14a_Beginning
08ABE500	08A3AE58	216	masked	EventScrWM_Ch9b_Beginning
08ABE734	08A3B08C	128	masked	EventScrWM_Ch10b_Beginning
08ABE89C	08A3B1F4	92	masked	EventScrWM_Ch13b_Beginning
08ABE984	08A3B2DC	92	masked	EventScrWM_Ch14b_Beginning
08ABEB14	08A3B464	8	exact	EventScrWM_ValniTower1_Beginning
08ABEBD8	08A3B528	100	masked	EventScrWM_Ch15a_Beginning
08ABEC3C	08A3B58C	8	exact	EventScrWM_MessedEventscr_37
08ABEC44	08A3B594	228	masked	EventScrWM_Ch16a_Beginning
08ABEDE8	08A3B738	208	masked	EventScrWM_Ch17a_Beginning
08ABEF98	08A3B8E8	92	masked	EventScrWM_Ch18a_Beginning
08ABF114	08A3BA64	92	masked	EventScrWM_Ch19a_Beginning
08ABF224	08A3BB74	280	masked	EventScrWM_Ch20a_Beginning
08ABF4F0	08A3BD74	160	masked	EventScrWM_Ch15b_Beginning
08ABF6A4	08A3BF28	204	masked	EventScrWM_Ch16b_Beginning
08ABF830	08A3C0B4	208	masked	EventScrWM_Ch17b_Beginning
08ABF9DC	08A3C260	92	masked	EventScrWM_Ch18b_Beginning
08ABFB58	08A3C3DC	92	masked	EventScrWM_Ch19b_Beginning
08ABFC68	08A3C4EC	280	masked	EventScrWM_Ch20b_Beginning
08ABFFE4	08A3C79C	196	exact	EventScrWM_MessedEventscr_52
08AC00A8	08A3C860	24	masked	EventScrWM_CastleFrelia_Beginning
08AC00F0	08A3C8A8	92	masked	EventScrWM_Ch11a_Beginning
08AC0210	08A3C9D0	92	masked	EventScrWM_Ch11b_Beginning
08AC033C	08A3CB04	25	exact	gOverallRankWeightLookup
08AC0356	08A3CB1E	12	exact	gOverallRankLookup
08AC0362	08A3CB2A	15	exact	gGamerankings_0
08AC0372	08A3CB3A	12	exact	gGamerankings_1
08AC037E	08A3CB46	10	exact	gGamerankings_2
08AC0388	08A3CB50	12	exact	gGamerankings_3
08AC0AF8	08A3D2C0	136	exact	gCharacterEndingDefeatLut
08AC0B80	08A3D348	16	exact	gSoloEndingBattleDispConf
08AC0B94	08A3D35C	176	masked	gProcScr_CharacterEndings
08AC0C44	08A3D40C	20	exact	gCharEndingSlideOffsetLut
08AC0C78	08A3D440	56	masked	gProcScr_EndingBattleDisplay_Paired
08AC0DA8	08A3D540	32	exact	Sprite_EndingDetails_0
08AC0DC8	08A3D560	14	exact	Sprite_EndingDetails_1
08AC0DD6	08A3D56E	14	exact	Sprite_EndingDetails_2
08AC0DE4	08A3D57C	14	exact	Sprite_EndingDetails_3
08AC0DF2	08A3D58A	14	exact	Sprite_EndingDetails_4
08AC0E00	08A3D598	14	exact	Sprite_EndingDetails_5
08AC0E0E	08A3D5A6	14	exact	Sprite_EndingDetails_6
08AC0E1C	08A3D5B4	14	exact	Sprite_EndingDetails_7
08AC0E2A	08A3D5C2	8	exact	gSprite_EndingDetails_0
08AC0E32	08A3D5CA	8	exact	gSprite_EndingDetails_1
08AC0E3A	08A3D5D2	8	exact	gSprite_EndingDetails_2
08AC0E42	08A3D5DA	8	exact	gSprite_EndingDetails_3
08AC0E4A	08A3D5E2	8	exact	gSprite_EndingDetails_4
08AC0E52	08A3D5EA	8	exact	gSprite_EndingDetails_5
08AC0E5A	08A3D5F2	8	exact	gSprite_EndingDetails_6
08AC0E62	08A3D5FA	8	exact	gSprite_EndingDetails_7
08AC0E6A	08A3D602	8	exact	gSprite_EndingDetails_8
08AC0E72	08A3D60A	8	exact	gSprite_EndingDetails_9
08AC0E7A	08A3D612	8	exact	gSprite_EndingDetails_10
08AC0E82	08A3D61A	8	exact	gSprite_EndingDetails_11
08AC1038	08A3D678	104	masked	gProcScr_EndingTurnRecord
08AC10A0	08A3D6E0	32	masked	ProcScr_WorldMapFaceHolder
08AC10E8	08A3D728	32	exact	gWorldmapMain_0
08AC1108	08A3D748	1472	masked	ProcScr_WorldMapMain
08AC1710	08A3DD50	56	masked	ProcScr_WorldMapWrapper
08AC1748	08A3DD88	108	exact	gWMSongTable
08AC17B4	08A3DDF4	40	masked	ProcScr_GMapScreenVSync
08AC17DC	08A3DE1C	104	exact	gUnused_WorldmapScreen_0
08AC1844	08A3DE84	72	masked	ProcScr_GMapScreen
08AC1984	08A3DFC4	136	masked	ProcScr_GMapRoute
08AC1AE4	08A3E124	36	masked	gMenu_WMGeneralMenu
08AC1BC0	08A3E200	36	masked	gMenu_WMNodeMenu
08AC1C08	08A3E248	120	masked	ProcScr_GMapMuPrim
08AC1DD2	08A3E412	54	exact	gWorldmapMapmu_7
08AC1E08	08A3E448	16	exact	gWorldmapPlayerInterface_0
08AC1E24	08A3E464	112	masked	ProcScr_GMapPlayerInterface
08AC1E94	08A3E4D4	32	masked	gWorldmapPlayerInterface_1
08AC1F54	08A3E594	80	masked	gProcScr_GmapBaseEntry
08AC1FA4	08A3E5E4	64	masked	gProcScr_GmapMuEntry1
08AC1FE4	08A3E624	136	masked	gProcScr_GmapMuEntry2
08AC20A4	08A3E6E4	168	masked	ProcScr_GmapTmConfront
08AC2278	08A3E8B8	136	masked	ProcScr_WorldmapStatusUi
08AC2300	08A3E940	8	exact	gSprite_WorldmapEffect_0
08AC2308	08A3E948	8	exact	gSprite_WorldmapEffect_1
08AC2310	08A3E950	8	exact	gSprite_WorldmapEffect_2
08AC2318	08A3E958	8	exact	gSprite_WorldmapEffect_3
08AC2328	08A3E968	8	exact	gSprite_WorldmapEffect_5
08AC2330	08A3E970	8	exact	gSprite_WorldmapEffect_6
08AC2338	08A3E978	8	exact	gSprite_WorldmapEffect_7
08AC2348	08A3E988	8	exact	gSprite_WorldmapEffect_9
08AC2350	08A3E990	8	exact	gSprite_WorldmapEffect_10
08AC2358	08A3E998	8	exact	gSprite_WorldmapEffect_11
08AC2360	08A3E9A0	96	masked	gWorldmapEffect_0
08AC23C0	08A3EA00	56	masked	gProcScr_GmapEffectPal
08AC2430	08A3EA70	56	masked	ProcScr_GmapSogu
08AC2468	08A3EAA8	72	masked	ProcScr_GmapTimeMons
08AC24B0	08A3EAF0	32	masked	ProcScr_GmapRmUpdateDirect
08AC24D0	08A3EB10	64	masked	ProcScr_GmapRmUpdateExt
08AC2510	08A3EB50	152	masked	ProcScr_GmapRM
08AC2608	08A3EC48	104	masked	ProcScr_GmapRmBorder1
08AC26D8	08A3ED18	72	masked	ProcScr_WmPlaceDot
08AC2720	08A3ED60	200	masked	ProcScr_GmapAutoMu
08AC2808	08A3EE44	40	masked	ProcScr_WorldMapTextHandler
08AC2838	08A3EE74	96	masked	ProcScr_GmapRader
08AC2898	08A3EED4	24	masked	ProcScr_WorldmapMinimapWrapper
08AC28B0	08A3EEEC	200	masked	ProcScr_GmapBaseMenu
08AC297C	08A3EFB8	18	exact	ItemList_WM_Ide_Armory
08AC29F6	08A3F032	28	exact	ItemList_WM_NarubeRiver_Armory
08AC2A14	08A3F050	30	exact	ItemList_WM_RaustenCourt_Armory
08AC2A46	08A3F082	14	exact	ItemList_WM_Serafew_Vendor
08AC2AEE	08A3F12A	24	exact	ItemList_WM_NarubeRiver_Vendor
08AC2B08	08A3F144	28	exact	ItemList_WM_RaustenCourt_Vendor
08AC2B52	08A3F18E	42	exact	ItemList_WM_GradoKeep_SecretShop
08AC2B7C	08A3F1B8	42	exact	ItemList_WM_JehannaHall_13_SecretShop
08AC2BAC	08A3F1E8	42	exact	ItemList_WM_RaustenCourt_SecretShop
08AC2BE0	08A3F21C	1204	exact	gEndingDetails_0
08AC3094	08A3F6D0	64	exact	Pal_EndingDetails_0
08AC30D4	08A3F710	64	exact	Pal_CharacterEndingMenu
08AC3114	08A3F750	2204	exact	Img_CharacterEndingMenu
08AC39B0	08A3FFEC	124	exact	Tsa_CharacterEnding_TopBorder
08AC3A2C	08A40068	124	exact	Tsa_CharacterEnding_BottomBorder
08AC4C88	08A405B4	32	exact	Pal_FinScreen
08AC4CA8	08A405D4	1020	exact	Img_FinScreen
08AC6C98	08A40AD4	64	exact	Pal_FinScreen_1
08AC6CD8	08A40B14	1204	exact	Tsa_EndingFin
08AC73E8	08A40FC8	32	exact	Pal_StaffReelEnt_EndingFin
08AC7408	08A40FE8	2888	exact	Img_StaffReelEnt_0
08AC7F50	08A41B30	3096	exact	Img_StaffReelEnt_1
08AC8B68	08A42748	2936	exact	Img_StaffReelEnt_2
08AC96E0	08A432C0	2556	exact	Img_StaffReelEnt_3
08ACA0DC	08A43CBC	5268	exact	Img_StaffReelEnt_4
08ACB570	08A45150	1228	exact	Img_StaffReelEnt_5
08ACBA3C	08A4561C	2364	exact	Img_StaffReelEnt_6
08ACCD98	08A46988	2344	exact	Img_StaffReelEnt_8
08ACD6C0	08A472B0	5268	exact	Img_StaffReelEnt_9
08ACF418	08A4AE08	648	exact	Tsa_StaffReelEnt_0
08ACF6A0	08A4B090	612	exact	Tsa_StaffReelEnt_1
08ACF904	08A4B2F4	612	exact	Tsa_StaffReelEnt_2
08ACFB68	08A4B558	560	exact	Tsa_StaffReelEnt_3
08ACFD98	08A4B788	968	exact	Tsa_StaffReelEnt_4
08AD0160	08A4BB50	372	exact	Tsa_StaffReelEnt_5
08AD02D4	08A4BCC4	508	exact	Tsa_StaffReelEnt_6
08AD06F4	08A4C0E4	548	exact	Tsa_StaffReelEnt_8
08AD0918	08A4C308	996	exact	Tsa_StaffReelEnt_9
08AD1284	08A4CF2C	416	exact	gGfx_BrownTextBox
08AD1424	08A4D0CC	32	exact	gPal_BrownTextBox
08AD1444	08A4D0EC	252	exact	SpriteAnim_BrownTextBox
08AD247C	08A4D1E8	1488	exact	cg_0_part_0_tiles
08AD2A4C	08A4D7B8	2048	exact	cg_0_part_1_tiles
08AD324C	08A4DFB8	2084	exact	cg_0_part_2_tiles
08AD3A70	08A4E7DC	2148	exact	cg_0_part_3_tiles
08AD42D4	08A4F040	2136	exact	cg_0_part_4_tiles
08AD4B2C	08A4F898	2176	exact	cg_0_part_5_tiles
08AD53AC	08A50118	2152	exact	cg_0_part_6_tiles
08AD5C14	08A50980	2160	exact	cg_0_part_7_tiles
08AD6484	08A511F0	2144	exact	cg_0_part_8_tiles
08AD6CE4	08A51A50	2056	exact	cg_0_part_9_tiles
08AD74EC	08A52258	1932	exact	cg_1_part_0_tiles
08AD7C78	08A529E4	2072	exact	cg_1_part_1_tiles
08AD8490	08A531FC	2068	exact	cg_1_part_2_tiles
08AD8CA4	08A53A10	2060	exact	cg_1_part_3_tiles
08AD94B0	08A5421C	2068	exact	cg_1_part_4_tiles
08AD9CC4	08A54A30	2116	exact	cg_1_part_5_tiles
08ADA508	08A55274	1960	exact	cg_1_part_6_tiles
08ADACB0	08A55A1C	2036	exact	cg_1_part_7_tiles
08ADB4A4	08A56210	2068	exact	cg_1_part_8_tiles
08ADBCB8	08A56A24	2012	exact	cg_1_part_9_tiles
08ADC494	08A57200	2096	exact	cg_2_part_0_tiles
08ADCCC4	08A57A30	2136	exact	cg_2_part_1_tiles
08ADD51C	08A58288	2140	exact	cg_2_part_2_tiles
08ADDD78	08A58AE4	2164	exact	cg_2_part_3_tiles
08ADE5EC	08A59358	2176	exact	cg_2_part_4_tiles
08ADEE6C	08A59BD8	2140	exact	cg_2_part_5_tiles
08ADF6C8	08A5A434	2048	exact	cg_2_part_6_tiles
08ADFEC8	08A5AC34	1884	exact	cg_2_part_7_tiles
08AE0624	08A5B390	1988	exact	cg_2_part_8_tiles
08AE0DE8	08A5BB54	2044	exact	cg_2_part_9_tiles
08AE15E4	08A5C350	2000	exact	cg_3_part_0_tiles
08AE1DB4	08A5CB20	2008	exact	cg_3_part_1_tiles
08AE258C	08A5D2F8	1912	exact	cg_3_part_2_tiles
08AE2D04	08A5DA70	2060	exact	cg_3_part_3_tiles
08AE3510	08A5E27C	2080	exact	cg_3_part_4_tiles
08AE3D30	08A5EA9C	2132	exact	cg_3_part_5_tiles
08AE4584	08A5F2F0	2096	exact	cg_3_part_6_tiles
08AE4DB4	08A5FB20	1996	exact	cg_3_part_7_tiles
08AE5580	08A602EC	2104	exact	cg_3_part_8_tiles
08AE5DB8	08A60B24	2148	exact	cg_3_part_9_tiles
08AE661C	08A61388	2108	exact	cg_4_part_0_tiles
08AE6E58	08A61BC4	2148	exact	cg_4_part_1_tiles
08AE76BC	08A62428	2148	exact	cg_4_part_2_tiles
08AE7F20	08A62C8C	2144	exact	cg_4_part_3_tiles
08AE8780	08A634EC	2168	exact	cg_4_part_4_tiles
08AE8FF8	08A63D64	2156	exact	cg_4_part_5_tiles
08AE9864	08A645D0	2076	exact	cg_4_part_6_tiles
08AEA080	08A64DEC	2096	exact	cg_4_part_7_tiles
08AEA8B0	08A6561C	2072	exact	cg_4_part_8_tiles
08AEB0C8	08A65E34	2048	exact	cg_4_part_9_tiles
08AEB8C8	08A66634	1968	exact	cg_5_part_0_tiles
08AEC078	08A66DE4	2020	exact	cg_5_part_1_tiles
08AEC85C	08A675C8	2040	exact	cg_5_part_2_tiles
08AED054	08A67DC0	2108	exact	cg_5_part_3_tiles
08AED890	08A685FC	2108	exact	cg_5_part_4_tiles
08AEE0CC	08A68E38	2140	exact	cg_5_part_5_tiles
08AEE928	08A69694	2096	exact	cg_5_part_6_tiles
08AEF158	08A69EC4	2056	exact	cg_5_part_7_tiles
08AEF960	08A6A6CC	1976	exact	cg_5_part_8_tiles
08AF0118	08A6AE84	1856	exact	cg_5_part_9_tiles
08AF0858	08A6B5C4	2068	exact	cg_6_part_0_tiles
08AF106C	08A6BDD8	2132	exact	cg_6_part_1_tiles
08AF18C0	08A6C62C	2132	exact	cg_6_part_2_tiles
08AF2114	08A6CE80	2140	exact	cg_6_part_3_tiles
08AF2970	08A6D6DC	2164	exact	cg_6_part_4_tiles
08AF31E4	08A6DF50	2172	exact	cg_6_part_5_tiles
08AF3A60	08A6E7CC	2164	exact	cg_6_part_6_tiles
08AF42D4	08A6F040	2132	exact	cg_6_part_7_tiles
08AF4B28	08A6F894	2128	exact	cg_6_part_8_tiles
08AF5378	08A700E4	2064	exact	cg_6_part_9_tiles
08AF5B88	08A708F4	1552	exact	cg_7_part_0_tiles
08AF6198	08A70F04	2012	exact	cg_7_part_1_tiles
08AF6974	08A716E0	2052	exact	cg_7_part_2_tiles
08AF7178	08A71EE4	2100	exact	cg_7_part_3_tiles
08AF79AC	08A72718	2092	exact	cg_7_part_4_tiles
08AF81D8	08A72F44	2140	exact	cg_7_part_5_tiles
08AF8A34	08A737A0	2128	exact	cg_7_part_6_tiles
08AF9284	08A73FF0	2076	exact	cg_7_part_7_tiles
08AF9AA0	08A7480C	2024	exact	cg_7_part_8_tiles
08AFA288	08A74FF4	2116	exact	cg_7_part_9_tiles
08AFAACC	08A75838	1912	exact	cg_8_part_0_tiles
08AFB244	08A75FB0	2124	exact	cg_8_part_1_tiles
08AFBA90	08A767FC	2164	exact	cg_8_part_2_tiles
08AFC304	08A77070	2152	exact	cg_8_part_3_tiles
08AFCB6C	08A778D8	2068	exact	cg_8_part_4_tiles
08AFD380	08A780EC	2112	exact	cg_8_part_5_tiles
08AFDBC0	08A7892C	2140	exact	cg_8_part_6_tiles
08AFE41C	08A79188	2148	exact	cg_8_part_7_tiles
08AFEC80	08A799EC	2092	exact	cg_8_part_8_tiles
08AFF4AC	08A7A218	2036	exact	cg_8_part_9_tiles
08AFFCA0	08A7AA0C	2024	exact	cg_9_part_0_tiles
08B00488	08A7B1F4	2104	exact	cg_9_part_1_tiles
08B00CC0	08A7BA2C	2132	exact	cg_9_part_2_tiles
08B01514	08A7C280	2128	exact	cg_9_part_3_tiles
08B01D64	08A7CAD0	2132	exact	cg_9_part_4_tiles
08B025B8	08A7D324	2124	exact	cg_9_part_5_tiles
08B02E04	08A7DB70	2160	exact	cg_9_part_6_tiles
08B03674	08A7E3E0	2140	exact	cg_9_part_7_tiles
08B03ED0	08A7EC3C	2136	exact	cg_9_part_8_tiles
08B04728	08A7F494	2120	exact	cg_9_part_9_tiles
08B04F70	08A7FCDC	1202	exact	cg_0_map
08B05424	08A80190	1202	exact	cg_1_map
08B058D8	08A80644	1202	exact	cg_2_map
08B05D8C	08A80AF8	1202	exact	cg_3_map
08B06240	08A80FAC	1202	exact	cg_4_map
08B066F4	08A81460	1202	exact	cg_5_map
08B06BA8	08A81914	1202	exact	cg_6_map
08B0705C	08A81DC8	1202	exact	cg_7_map
08B07510	08A8227C	1202	exact	cg_8_map
08B079C4	08A82730	1202	exact	cg_9_map
08B07E78	08A82BE4	192	exact	cg_0_palette
08B07F38	08A82CA4	192	exact	cg_1_palette
08B07FF8	08A82D64	192	exact	cg_2_palette
08B080B8	08A82E24	192	exact	cg_3_palette
08B08178	08A82EE4	192	exact	cg_4_palette
08B08238	08A82FA4	192	exact	cg_5_palette
08B082F8	08A83064	192	exact	cg_6_palette
08B083B8	08A83124	192	exact	cg_7_palette
08B08478	08A831E4	192	exact	cg_8_palette
08B08538	08A832A4	192	exact	cg_9_palette
08B1B1F8	08A95F64	128	exact	gWorldmapGmap_1
08B1B278	08A95FE4	128	exact	gWorldmapGmap_2
08B1B2F8	08A96064	676	exact	gWorldmapGmap_3
08B1B59C	08A96308	4360	exact	Img_GmapNodes
08B1C6A4	08A97410	1584	exact	Img_GmapCastleNodes
08B1CCF4	08A97A60	32	exact	gPal_GMapPI_ShopIcons
08B1CD14	08A97A80	76	exact	gGfx_GMapPI_ShopIcons
08B1CD60	08A97ACC	32	exact	gPal_WorldmapGmap_0
08B1E49C	08A98BF8	260	exact	gWorldmapMinimap_1
08B1E5A0	08A98CFC	92	exact	gWorldmapMinimap_2
08B1E648	08A98DB8	20	exact	gWorldmapMinimap_6
08B1E894	08A9901C	260	exact	gGfx_GMapPI_LevelNums
08B237EC	08A9DF74	1360	exact	Tsa_EventGmap
08B23D3C	08A9E4C4	128	exact	Pal_EventGmap
08B23DBC	08A9E544	120	exact	gImg_WorldmapMinimap_0
08B23E34	08A9E5BC	32	exact	gPal_WorldmapMinimap_0
08B23E54	08A9E5DC	172	exact	gTsa_WorldmapMinimap_0
08B26938	08AA114C	68	exact	Img_WorldMapPlaceDot
08B2697C	08AA1190	32	exact	Pal_WmPlaceDot_Highlight
08B269BC	08AA11D0	176	exact	gWorldmapSkirmish_0
08B2715C	08AA188C	32	exact	Pal_WorldmapMinimap
08B27200	08AA1930	32	exact	gWorldmapSkirmish_2
08B27220	08AA1950	32	exact	gWorldmapSkirmish_3
08B3B3D4	08AA2044	64	masked	ProcScr_EndingCredits_BlendCGMaybe
08B3B414	08AA2084	184	masked	ProcScr_EndingCredits
08B3B514	08AA2184	32	masked	gProcScr_Opsubtitle_0
08B3B54C	08AA21BC	480	masked	gProcScr_OpSubtitle
08B3B72C	08AA239C	32	exact	gPal_OpSubtitle
08B3EE00	08AA682C	44	exact	gTitlescreen_0
08B3EE2C	08AA6858	504	exact	gTitlescreen_1
08B3F024	08AA6A50	360	masked	gProcScr_TitleScreen
08B3F18C	08AA6BB8	66	exact	unk_AA6BB8
08B3F1DC	08AA6BFA	20	exact	Obj_OpAnimEphEirikaName
08B3F204	08AA6C0E	20	exact	Obj_Opanimfx_0
08B3F218	08AA6C22	20	exact	Obj_Opanimfx_1
08B3F22C	08AA6C36	20	exact	Obj_Opanimfx_2
08B3F240	08AA6C4A	14	exact	Obj_Opanimfx_3
08B3F24E	08AA6C58	14	exact	Obj_Opanimfx_4
08B3F25C	08AA6C66	14	exact	Obj_Opanimfx_5
08B3F26A	08AA6C74	14	exact	Obj_Opanimfx_6
08B3F280	08AA6C8A	8	exact	Obj_Opanimfx_8
08B3F290	08AA6C9A	8	exact	Obj_Opanimfx_10
08B3F690	08AA709C	32	exact	gUnkData_100
08B3F6B0	08AA70BC	32	exact	gUnkData_101
08B3F788	08AA7194	52	exact	gUnkData_107
08B3F7BC	08AA71C8	1208	masked	ProcScr_OpAnim
08B3FCF4	08AA7760	8104	exact	gGfx_TitleMainBackground_1
08B41C9C	08AA9708	6024	exact	gGfx_TitleMainBackground_2
08B43424	08AAAE90	1380	exact	gTsa_TitleMainBackground
08B43988	08AAB3F4	32	exact	gPal_TitleMainBackground
08B439A8	08AAB414	3728	exact	gGfx_TitleDragonForeground
08B44838	08AAC2A4	744	exact	gTsa_TitleDragonForeground
08B44B20	08AAC58C	32	exact	gPal_TitleDragonForeground
08B4678C	08AADB68	128	exact	gPal_PressStart
08B4680C	08AADBE8	32	exact	gPal_Titlescreen_0
08B4682C	08AADC08	2580	exact	gGfx_Titlescreen_0
08B47240	08AAE61C	688	exact	gTsa_Titlescreen_0
08B474F0	08AAE8CC	32	exact	gPal_Titlescreen_1
08B47510	08AAE8EC	4156	exact	gGfx_Titlescreen_1
08B4854C	08AAF928	972	exact	gTsa_Titlescreen_1
08B48918	08AAFCF4	32	exact	gPal_Titlescreen_2
08B48938	08AAFD14	508	exact	gGfx_Titlescreen_2
08B48B34	08AAFF10	516	exact	gTsa_Titlescreen_2
08B49B6C	08AB0B44	3404	exact	gGfx_TitleDemonKing
08B4A8B8	08AB1890	884	exact	gTsa_TitleDemonKing
08B4AC2C	08AB1C04	32	exact	gPal_TitleDemonKing
08B4AC4C	08AB1C24	1256	exact	gGfx_TitleLargeGlowingOrb
08B4B134	08AB210C	96	exact	gPal_TitleLargeGlowingOrb
08B4B194	08AB216C	76	exact	gGfx_TitleSmallLightBubbles
08B4B1E0	08AB21B8	32	exact	gPal_TitleSmallLightBubbles
08B4BBA0	08AB21D8	15288	exact	Img_OpAnimWorldMap
08B4F758	08AB5D90	1404	exact	Tsa_OpAnimWorldMap
08B4FCD4	08AB630C	32	exact	Pal_OpAnimWorldMap
08B4FCF4	08AB632C	6036	exact	Img_OpAnimWorldMapFog
08B51488	08AB7AC0	752	exact	Tsa_OpAnimWorldMapFog
08B51778	08AB7DB0	32	exact	Pal_OpAnimWorldMapFog
08B51798	08AB7DD0	2576	exact	Img_OpAnimCharacterBG
08B521A8	08AB87E0	1228	exact	Tsa_OpAnimCharacterBG
08B52674	08AB8CAC	32	exact	Pal_OpAnimCharacterBG
08B52694	08AB8CCC	1888	exact	Img_OpAnimGenericCharacterBG
08B52DF4	08AB942C	1088	exact	Tsa_OpAnimGenericCharacterBG
08B53234	08AB986C	6368	exact	gOpanimGfx_0
08B54B14	08ABB14C	3880	exact	Img_OpAnimEphraim
08B55A3C	08ABC074	440	exact	Tsa_OpAnimEphraim
08B55BF4	08ABC22C	3912	exact	Img_OpAnimEphraimBlur1
08B56B3C	08ABD174	468	exact	Tsa_OpAnimEphraimBlur1
08B56D10	08ABD348	3544	exact	Img_OpAnimEphraimBlur2
08B57AE8	08ABE120	484	exact	Tsa_OpAnimEphraimBlur2
08B57CCC	08ABE304	3180	exact	Img_OpAnimEphraimBlur3
08B58938	08ABEF70	504	exact	Tsa_OpAnimEphraimBlur3
08B58B30	08ABF168	6768	exact	Img_OpAnimEphraimClose1
08B5A5A0	08AC0BD8	3232	exact	Img_OpAnimEphraimClose2
08B5B240	08AC1878	800	exact	Tsa_OpAnimEphraimClose1
08B5B560	08AC1B98	244	exact	Tsa_OpAnimEphraimClose2
08B5B654	08AC1C8C	352	exact	Pal_OpAnimEphraimBlur
08B5B7B4	08AC1DEC	3384	exact	Img_OpAnimEirika
08B5C4EC	08AC2B24	400	exact	Tsa_OpAnimEirika
08B5C67C	08AC2CB4	3448	exact	Img_OpAnimEirikaBlur1
08B5D3F4	08AC3A2C	412	exact	Tsa_OpAnimEirikaBlur1
08B5D590	08AC3BC8	2968	exact	Img_OpAnimEirikaBlur2
08B5E128	08AC4760	456	exact	Tsa_OpAnimEirikaBlur2
08B5E2F0	08AC4928	2808	exact	Img_OpAnimEirikaBlur3
08B5EDE8	08AC5420	500	exact	Tsa_OpAnimEirikaBlur3
08B5EFDC	08AC5614	7520	exact	Img_OpAnimEirikaClose1
08B60D3C	08AC7374	6760	exact	Img_OpAnimEirikaClose2
08B627A4	08AC8DDC	1052	exact	Tsa_OpAnimEirikaClose1
08B62BC0	08AC91F8	324	exact	Tsa_OpAnimEirikaClose2
08B62D04	08AC933C	352	exact	Pal_OpAnimEirikaBlur
08B62E64	08AC949C	6868	exact	Img_OpAnimJoshua
08B64938	08ACAF70	4072	exact	Img_OpAnimJoshua2
08B65920	08ACBF58	1000	exact	Tsa_OpAnimJoshua
08B65DA8	08ACC3E0	352	exact	Pal_OpAnimJoshua
08B65F08	08ACC540	7032	exact	Img_OpAnimLArachel
08B67A80	08ACE0B8	3608	exact	Img_OpAnimLArachel2
08B68898	08ACEED0	816	exact	Tsa_OpAnimLArachel
08B68BC8	08ACF200	276	exact	Tsa_OpAnimLArachel2
08B68CDC	08ACF314	352	exact	Pal_OpAnimLArachel
08B68E3C	08ACF474	7124	exact	Img_OpAnimSeth
08B6AA10	08AD1048	4132	exact	Img_OpAnimSeth2
08B6BA34	08AD206C	768	exact	Tsa_OpAnimSeth
08B6BD34	08AD236C	328	exact	Tsa_OpAnimSeth2
08B6BE7C	08AD24B4	352	exact	Pal_OpAnimSeth
08B6BFDC	08AD2614	7208	exact	Img_OpAnimMyrrh
08B6DC04	08AD423C	3672	exact	Img_OpAnimMyrrh2
08B6EA5C	08AD5094	936	exact	Tsa_OpAnimMyrrh
08B6EEA4	08AD54DC	352	exact	Pal_OpAnimMyrrh
08B6F004	08AD563C	7360	exact	Img_OpAnimSaleh
08B70CC4	08AD72FC	4636	exact	Img_OpAnimSaleh2
08B71EE0	08AD8518	956	exact	Tsa_OpAnimSaleh
08B7229C	08AD88D4	212	exact	Tsa_OpAnimSaleh2
08B72370	08AD89A8	352	exact	Pal_OpAnimSaleh
08B724D0	08AD8B08	6164	exact	Img_OpAnimTethys
08B73CE4	08ADA31C	5352	exact	Img_OpAnimTethys2
08B751CC	08ADB804	1032	exact	Tsa_OpAnimTethys
08B755D4	08ADBC0C	268	exact	Tsa_OpAnimTethys2
08B756E0	08ADBD18	352	exact	Pal_OpAnimTethys
08B75840	08ADBE78	32	exact	Pal_OpanimGfx_0
08B75860	08ADBE98	1320	exact	Img_OpAnimFaceRennac
08B75D88	08ADC3C0	840	exact	Img_OpAnimFaceRennacShadow
08B760D0	08ADC708	32	exact	Pal_OpAnimFaceRennac
08B760F0	08ADC728	1424	exact	Img_OpAnimFaceLArachel
08B76680	08ADCCB8	920	exact	Img_OpAnimFaceLArachelShadow
08B76A18	08ADD050	32	exact	Pal_OpAnimFaceLArachel
08B76A38	08ADD070	1660	exact	Img_OpAnimFaceDozla
08B770B4	08ADD6EC	872	exact	Img_OpAnimFaceDozlaShadow
08B7741C	08ADDA54	32	exact	Pal_OpAnimFaceDozla
08B7743C	08ADDA74	1548	exact	Img_OpAnimFaceEwan
08B77A48	08ADE080	1020	exact	Img_OpAnimFaceEwanShadow
08B77E44	08ADE47C	32	exact	Pal_OpAnimFaceEwan
08B77E64	08ADE49C	1664	exact	Img_OpAnimFaceGerik
08B784E4	08ADEB1C	952	exact	Img_OpAnimFaceGerikShadow
08B7889C	08ADEED4	32	exact	Pal_OpAnimFaceGerik
08B788BC	08ADEEF4	1688	exact	Img_OpAnimFaceTethys
08B78F54	08ADF58C	1148	exact	Img_OpAnimFaceTethysShadow
08B793D0	08ADFA08	32	exact	Pal_OpAnimFaceTethys
08B793F0	08ADFA28	1724	exact	Img_OpAnimFaceMarisa
08B79AAC	08AE00E4	1008	exact	Img_OpAnimFaceMarisaShadow
08B79E9C	08AE04D4	32	exact	Pal_OpAnimFaceMarisa
08B79EBC	08AE04F4	1364	exact	Img_OpAnimFaceGarcia
08B7A410	08AE0A48	812	exact	Img_OpAnimFaceGarciaShadow
08B7A73C	08AE0D74	32	exact	Pal_OpAnimFaceGarcia
08B7A75C	08AE0D94	1320	exact	Img_OpAnimFaceRoss
08B7AC84	08AE12BC	888	exact	Img_OpAnimFaceRossShadow
08B7AFFC	08AE1634	32	exact	Pal_OpAnimFaceRoss
08B7B01C	08AE1654	1708	exact	Img_OpAnimFaceVanessa
08B7B6C8	08AE1D00	964	exact	Img_OpAnimFaceVanessaShadow
08B7BA8C	08AE20C4	32	exact	Pal_OpAnimFaceVanessa
08B7BAAC	08AE20E4	1848	exact	Img_OpAnimFaceTana
08B7C1E4	08AE281C	984	exact	Img_OpAnimFaceTanaShadow
08B7C5BC	08AE2BF4	32	exact	Pal_OpAnimFaceTana
08B7C5DC	08AE2C14	1984	exact	Img_OpAnimFaceSyrene
08B7CD9C	08AE33D4	864	exact	Img_OpAnimFaceSyreneShadow
08B7D0FC	08AE3734	32	exact	Pal_OpAnimFaceSyrene
08B7D11C	08AE3754	1792	exact	Img_OpAnimFaceGilliam
08B7D81C	08AE3E54	912	exact	Img_OpAnimFaceGilliamShadow
08B7DBAC	08AE41E4	32	exact	Pal_OpAnimFaceGilliam
08B7DBCC	08AE4204	1852	exact	Img_OpAnimFaceInnes
08B7E308	08AE4940	936	exact	Img_OpAnimFaceInnesShadow
08B7E6B0	08AE4CE8	32	exact	Pal_OpAnimFaceInnes
08B7E6D0	08AE4D08	1728	exact	Img_OpAnimFaceMoulder
08B7ED90	08AE53C8	872	exact	Img_OpAnimFaceMoulderShadow
08B7F0F8	08AE5730	32	exact	Pal_OpAnimFaceMoulder
08B7F118	08AE5750	1540	exact	Img_OpAnimFaceColm
08B7F71C	08AE5D54	860	exact	Img_OpAnimFaceColmShadow
08B7FA98	08AE60D0	1400	exact	Img_OpAnimFaceNeimi
08B80010	08AE6648	932	exact	Img_OpAnimFaceNeimiShadow
08B803B4	08AE69EC	32	exact	Pal_OpAnimFaceNeimi
08B803D4	08AE6A0C	1436	exact	Img_OpAnimFaceKnoll
08B80970	08AE6FA8	800	exact	Img_OpAnimFaceKnollShadow
08B80C90	08AE72C8	32	exact	Pal_OpAnimFaceKnoll
08B80CB0	08AE72E8	1480	exact	Img_OpAnimFaceCormag
08B81278	08AE78B0	892	exact	Img_OpAnimFaceCormagShadow
08B815F4	08AE7C2C	32	exact	Pal_OpAnimFaceCormag
08B81614	08AE7C4C	1360	exact	Img_OpAnimFaceAmelia
08B81B64	08AE819C	800	exact	Img_OpAnimFaceAmeliaShadow
08B81E84	08AE84BC	32	exact	Pal_OpAnimFaceAmelia
08B81EA4	08AE84DC	1500	exact	Img_OpAnimFaceNatasha
08B82480	08AE8AB8	716	exact	Img_OpAnimFaceNatashaShadow
08B8274C	08AE8D84	32	exact	Pal_OpAnimFaceNatasha
08B8276C	08AE8DA4	1472	exact	Img_OpAnimFaceLute
08B82D2C	08AE9364	956	exact	Img_OpAnimFaceLuteShadow
08B830E8	08AE9720	32	exact	Pal_OpAnimFaceLute
08B83108	08AE9740	1380	exact	Img_OpAnimFaceArtur
08B8366C	08AE9CA4	904	exact	Img_OpAnimFaceArturShadow
08B839F4	08AEA02C	32	exact	Pal_OpAnimFaceArtur
08B83A14	08AEA04C	1884	exact	Img_OpAnimFaceKyle
08B84170	08AEA7A8	936	exact	Img_OpAnimFaceKyleShadow
08B84518	08AEAB50	32	exact	Pal_OpAnimFaceKyle
08B84538	08AEAB70	1608	exact	Img_OpAnimFaceFranz
08B84B80	08AEB1B8	948	exact	Img_OpAnimFaceFranzShadow
08B84F34	08AEB56C	32	exact	Pal_OpAnimFaceFranz
08B84F54	08AEB58C	1888	exact	Img_OpAnimFaceForde
08B856B4	08AEBCEC	860	exact	Img_OpAnimFaceFordeShadow
08B85A10	08AEC048	32	exact	Pal_OpAnimFaceForde
08B85A30	08AEC068	1724	exact	Img_OpAnimFaceSeth
08B860EC	08AEC724	924	exact	Img_OpAnimFaceSethShadow
08B86488	08AECAC0	32	exact	Pal_OpAnimFaceSeth
08B864A8	08AECAE0	1476	exact	Img_OpAnimFaceDuessel
08B86A6C	08AED0A4	836	exact	Img_OpAnimFaceDuesselShadow
08B86DB0	08AED3E8	32	exact	Pal_OpAnimFaceDuessel
08B86DD0	08AED408	1364	exact	Img_OpAnimFaceSelena
08B87324	08AED95C	804	exact	Img_OpAnimFaceSelenaShadow
08B87668	08AEDCA0	1400	exact	Img_OpAnimFaceGlen
08B87BE0	08AEE218	844	exact	Img_OpAnimFaceGlenShadow
08B87F2C	08AEE564	32	exact	Pal_OpAnimFaceGlen
08B87F4C	08AEE584	1580	exact	Img_OpAnimFaceValter
08B88578	08AEEBB0	796	exact	Img_OpAnimFaceValterShadow
08B88894	08AEEECC	32	exact	Pal_OpAnimFaceValter
08B888B4	08AEEEEC	1684	exact	Img_OpAnimFaceRiev
08B88F48	08AEF580	768	exact	Img_OpAnimFaceRievShadow
08B89268	08AEF8A0	1320	exact	Img_OpAnimFaceCaellach
08B89790	08AEFDC8	872	exact	Img_OpAnimFaceCaellachShadow
08B89AF8	08AF0130	32	exact	Pal_OpAnimFaceCaellach
08B89B18	08AF0150	2196	exact	Img_OpAnimFaceLyon
08B8A3AC	08AF09E4	1028	exact	Img_OpAnimFaceLyonShadow
08B8A7D0	08AF0E08	2244	exact	Img_OpAnimFaceVigarde
08B8B094	08AF16CC	1020	exact	Img_OpAnimFaceVigardeShadow
08B8B4B0	08AF1AE8	48	exact	Img_OpAnimSplitLine
08B8B500	08AF1B38	1144	exact	Img_opanim_unk1
08B8B978	08AF1FB0	32	exact	Pal_opanim_unk1
08B8C43C	08AF2634	32	exact	Pal_OpAnimEphEirikaName
08B8C45C	08AF2654	2744	exact	Img_OpAnimDivlEye
08B8CF14	08AF310C	32	exact	Pal_OpAnimDivlEye
08B8CF34	08AF312C	3872	exact	Img_OpAnimShiningRing
08B8DE54	08AF404C	740	exact	Tsa_OpAnimShiningRing
08B8E138	08AF4330	1216	exact	Tsa_OpAnimShiningRingBlinking
08B8E5F8	08AF47F0	128	exact	Pal_OpAnimShiningRing
08B8E678	08AF4870	1068	exact	img_opanim1
08B8EAA4	08AF4C9C	60	exact	tsa_opanim1
08B8EAE0	08AF4CD8	1064	exact	img_opanim2
08B8EF08	08AF5100	60	exact	tsa_opanim2
08B8EF44	08AF513C	1084	exact	img_opanim3
08B8F380	08AF5578	60	exact	tsa_opanim3
08B8F3BC	08AF55B4	1080	exact	img_opanim4
08B8F7F4	08AF59EC	60	exact	tsa_opanim4
08B8F830	08AF5A28	1076	exact	img_opanim5
08B8FC64	08AF5E5C	60	exact	tsa_opanim5
08B8FCA0	08AF5E98	1076	exact	img_opanim6
08B900D4	08AF62CC	60	exact	tsa_opanim6
08B90110	08AF6308	1084	exact	img_opanim7
08B9054C	08AF6744	60	exact	tsa_opanim7
08B90588	08AF6780	1084	exact	img_opanim8
08B909C4	08AF6BBC	60	exact	tsa_opanim8
08B90A00	08AF6BF8	1084	exact	img_opanim9
08B90E3C	08AF7034	60	exact	tsa_opanim9
08B90E78	08AF7070	1084	exact	img_opanim10
08B912B4	08AF74AC	60	exact	tsa_opanim10
08B912F0	08AF74E8	1084	exact	img_opanim11
08B9172C	08AF7924	60	exact	tsa_opanim11
08B91768	08AF7960	1080	exact	img_opanim12
08B91BA0	08AF7D98	60	exact	tsa_opanim12
08B91BDC	08AF7DD4	1084	exact	img_opanim13
08B92018	08AF8210	60	exact	tsa_opanim13
08B92054	08AF824C	1084	exact	img_opanim14
08B92490	08AF8688	60	exact	tsa_opanim14
08B924CC	08AF86C4	1080	exact	img_opanim15
08B92904	08AF8AFC	60	exact	tsa_opanim15
08B92940	08AF8B38	1084	exact	img_opanim16
08B92D7C	08AF8F74	60	exact	tsa_opanim16
08B92DB8	08AF8FB0	1084	exact	img_opanim17
08B931F4	08AF93EC	60	exact	tsa_opanim17
08B93230	08AF9428	1084	exact	img_opanim18
08B9366C	08AF9864	60	exact	tsa_opanim18
08B936A8	08AF98A0	1084	exact	img_opanim19
08B93AE4	08AF9CDC	60	exact	tsa_opanim19
08B93B20	08AF9D18	1084	exact	img_opanim20
08B93F5C	08AFA154	60	exact	tsa_opanim20
08B93F98	08AFA190	1084	exact	img_opanim21
08B943D4	08AFA5CC	60	exact	tsa_opanim21
08B94410	08AFA608	1084	exact	img_opanim22
08B9484C	08AFAA44	60	exact	tsa_opanim22
08B94888	08AFAA80	1084	exact	img_opanim23
08B94CC4	08AFAEBC	60	exact	tsa_opanim23
08B94D00	08AFAEF8	1084	exact	img_opanim24
08B9513C	08AFB334	60	exact	tsa_opanim24
08B95178	08AFB370	1084	exact	img_opanim25
08B955B4	08AFB7AC	60	exact	tsa_opanim25
08B955F0	08AFB7E8	1084	exact	img_opanim26
08B95A2C	08AFBC24	60	exact	tsa_opanim26
08B95A68	08AFBC60	1080	exact	img_opanim27
08B95EA0	08AFC098	60	exact	tsa_opanim27
08B95EDC	08AFC0D4	1080	exact	img_opanim28
08B96314	08AFC50C	60	exact	tsa_opanim28
08B96350	08AFC548	1072	exact	img_opanim29
08B96780	08AFC978	60	exact	tsa_opanim29
08B967BC	08AFC9B4	1080	exact	img_opanim30
08B96BF4	08AFCDEC	60	exact	tsa_opanim30
08B96C30	08AFCE28	1080	exact	img_opanim31
08B97068	08AFD260	60	exact	tsa_opanim31
08B970A4	08AFD29C	1064	exact	img_opanim32
08B974CC	08AFD6C4	60	exact	tsa_opanim32
08B97508	08AFD700	1064	exact	img_opanim33
08B97930	08AFDB28	60	exact	tsa_opanim33
08B9796C	08AFDB64	1076	exact	img_opanim34
08B97DA0	08AFDF98	60	exact	tsa_opanim34
08B97DDC	08AFDFD4	1080	exact	img_opanim35
08B98214	08AFE40C	60	exact	tsa_opanim35
08B98250	08AFE448	1080	exact	img_opanim36
08B98688	08AFE880	60	exact	tsa_opanim36
08B986C4	08AFE8BC	1080	exact	img_opanim37
08B98AFC	08AFECF4	60	exact	tsa_opanim37
08B98B38	08AFED30	1084	exact	img_opanim38
08B98F74	08AFF16C	60	exact	tsa_opanim38
08B98FB0	08AFF1A8	1076	exact	img_opanim39
08B993E4	08AFF5DC	60	exact	tsa_opanim39
08B99420	08AFF618	1068	exact	img_opanim40
08B9984C	08AFFA44	60	exact	tsa_opanim40
08B99888	08AFFA80	1068	exact	img_opanim41
08B99CB4	08AFFEAC	60	exact	tsa_opanim41
08B99CF0	08AFFEE8	1076	exact	img_opanim42
08B9A124	08B0031C	60	exact	tsa_opanim42
08B9A160	08B00358	1084	exact	img_opanim43
08B9A59C	08B00794	60	exact	tsa_opanim43
08B9A5D8	08B007D0	1084	exact	img_opanim44
08B9AA14	08B00C0C	60	exact	tsa_opanim44
08B9AA50	08B00C48	1076	exact	img_opanim45
08B9AE84	08B0107C	60	exact	tsa_opanim45
08B9AEC0	08B010B8	1080	exact	img_opanim46
08B9B2F8	08B014F0	60	exact	tsa_opanim46
08B9B334	08B0152C	1084	exact	img_opanim47
08B9B770	08B01968	60	exact	tsa_opanim47
08B9B7AC	08B019A4	1080	exact	img_opanim48
08B9BBE4	08B01DDC	60	exact	tsa_opanim48
08B9BC20	08B01E18	1068	exact	img_opanim49
08B9C04C	08B02244	60	exact	tsa_opanim49
08B9C088	08B02280	1080	exact	img_opanim50
08B9C4C0	08B026B8	60	exact	tsa_opanim50
08B9C4FC	08B026F4	1068	exact	img_opanim51
08B9C928	08B02B20	60	exact	tsa_opanim51
08B9C964	08B02B5C	1076	exact	img_opanim52
08B9CD98	08B02F90	60	exact	tsa_opanim52
08B9CDD4	08B02FCC	1072	exact	img_opanim53
08B9D204	08B033FC	60	exact	tsa_opanim53
08B9D240	08B03438	1080	exact	img_opanim54
08B9D678	08B03870	60	exact	tsa_opanim54
08B9D6B4	08B038AC	1076	exact	img_opanim55
08B9DAE8	08B03CE0	60	exact	tsa_opanim55
08B9DB24	08B03D1C	1084	exact	img_opanim56
08B9DF60	08B04158	60	exact	tsa_opanim56
08B9DF9C	08B04194	1084	exact	img_opanim57
08B9E3D8	08B045D0	60	exact	tsa_opanim57
08B9E414	08B0460C	1084	exact	img_opanim58
08B9E850	08B04A48	60	exact	tsa_opanim58
08B9E88C	08B04A84	1072	exact	img_opanim59
08B9ECBC	08B04EB4	60	exact	tsa_opanim59
08B9ECF8	08B04EF0	1080	exact	img_opanim60
08B9F130	08B05328	60	exact	tsa_opanim60
08B9F16C	08B05364	1072	exact	img_opanim61
08B9F59C	08B05794	60	exact	tsa_opanim61
08B9F5D8	08B057D0	1068	exact	img_opanim62
08B9FA04	08B05BFC	60	exact	tsa_opanim62
08B9FA40	08B05C38	1080	exact	img_opanim63
08B9FE78	08B06070	60	exact	tsa_opanim63
08B9FEB4	08B060AC	1084	exact	img_opanim64
08BA02F0	08B064E8	60	exact	tsa_opanim64
08BA032C	08B06524	1084	exact	img_opanim65
08BA0768	08B06960	60	exact	tsa_opanim65
08BA07A4	08B0699C	1080	exact	img_opanim66
08BA0BDC	08B06DD4	60	exact	tsa_opanim66
08BA0C18	08B06E10	1076	exact	img_opanim67
08BA104C	08B07244	60	exact	tsa_opanim67
08BA1088	08B07280	1076	exact	img_opanim68
08BA14BC	08B076B4	60	exact	tsa_opanim68
08BA14F8	08B076F0	1084	exact	img_opanim69
08BA1934	08B07B2C	60	exact	tsa_opanim69
08BA1970	08B07B68	1068	exact	img_opanim70
08BA1D9C	08B07F94	60	exact	tsa_opanim70
08BA1DD8	08B07FD0	1076	exact	img_opanim71
08BA220C	08B08404	60	exact	tsa_opanim71
08BA2248	08B08440	1084	exact	img_opanim72
08BA2684	08B0887C	60	exact	tsa_opanim72
08BA26C0	08B088B8	1084	exact	img_opanim73
08BA2AFC	08B08CF4	60	exact	tsa_opanim73
08BA2B38	08B08D30	1072	exact	img_opanim74
08BA2F68	08B09160	60	exact	tsa_opanim74
08BA2FA4	08B0919C	1076	exact	img_opanim75
08BA33D8	08B095D0	60	exact	tsa_opanim75
08BA3414	08B0960C	1084	exact	img_opanim76
08BA3850	08B09A48	60	exact	tsa_opanim76
08BA388C	08B09A84	1080	exact	img_opanim77
08BA3CC4	08B09EBC	60	exact	tsa_opanim77
08BA3D00	08B09EF8	1084	exact	img_opanim78
08BA413C	08B0A334	60	exact	tsa_opanim78
08BA4178	08B0A370	1080	exact	img_opanim79
08BA45B0	08B0A7A8	60	exact	tsa_opanim79
08BA45EC	08B0A7E4	1084	exact	img_opanim80
08BA4A28	08B0AC20	60	exact	tsa_opanim80
08BA4A64	08B0AC5C	1084	exact	img_opanim81
08BA4EA0	08B0B098	60	exact	tsa_opanim81
08BA4EDC	08B0B0D4	1076	exact	img_opanim82
08BA5310	08B0B508	60	exact	tsa_opanim82
08BA534C	08B0B544	1080	exact	img_opanim83
08BA5784	08B0B97C	60	exact	tsa_opanim83
08BA57C0	08B0B9B8	1084	exact	img_opanim84
08BA5BFC	08B0BDF4	60	exact	tsa_opanim84
08BA5C38	08B0BE30	1080	exact	img_opanim85
08BA6070	08B0C268	60	exact	tsa_opanim85
08BA60AC	08B0C2A4	1080	exact	img_opanim86
08BA64E4	08B0C6DC	60	exact	tsa_opanim86
08BA6520	08B0C718	1076	exact	img_opanim87
08BA6954	08B0CB4C	60	exact	tsa_opanim87
08BA6990	08B0CB88	1080	exact	img_opanim88
08BA6DC8	08B0CFC0	60	exact	tsa_opanim88
08BA6E04	08B0CFFC	1020	exact	img_opanim89
08BA7200	08B0D3F8	60	exact	tsa_opanim89
08BA723C	08B0D434	1068	exact	img_opanim90
08BA7668	08B0D860	60	exact	tsa_opanim90
08BA76A4	08B0D89C	1036	exact	img_opanim91
08BA7AB0	08B0DCA8	60	exact	tsa_opanim91
08BA7AEC	08B0DCE4	1008	exact	img_opanim92
08BA7EDC	08B0E0D4	60	exact	tsa_opanim92
08BA7F18	08B0E110	1080	exact	img_opanim93
08BA8350	08B0E548	60	exact	tsa_opanim93
08BA838C	08B0E584	1056	exact	img_opanim94
08BA87AC	08B0E9A4	60	exact	tsa_opanim94
08BA87E8	08B0E9E0	1080	exact	img_opanim95
08BA8C20	08B0EE18	60	exact	tsa_opanim95
08BA8C5C	08B0EE54	1040	exact	img_opanim96
08BA906C	08B0F264	60	exact	tsa_opanim96
08BA90A8	08B0F2A0	1084	exact	img_opanim97
08BA94E4	08B0F6DC	60	exact	tsa_opanim97
08BA9520	08B0F718	968	exact	img_opanim98
08BA98E8	08B0FAE0	60	exact	tsa_opanim98
08BA9924	08B0FB1C	1044	exact	img_opanim99
08BA9D38	08B0FF30	60	exact	tsa_opanim99
08BA9D74	08B0FF6C	1072	exact	img_opanim100
08BAA1A4	08B1039C	60	exact	tsa_opanim100
08BAA1E0	08B103D8	256	exact	pal_OpanimGfx_0
08BAA71C	08B10CA4	3008	exact	Img_IntelligentSystems
08BAB41C	08B10ADC	456	exact	Tsa_IntelligentSystems
08BAB604	08B11864	96	exact	Pal_IntelligentSystems
08BAB664	08B12614	184	masked	ProcScr_PromoMain
08BAB71C	08B126CC	56	masked	ProcScr_PromoHandler
08BAB754	08B12704	24	exact	gClasschgHandler_0
08BAB76C	08B1271C	208	masked	ProcScr_PromoSelect
08BAB85C	08B1280C	184	masked	ProcScr_PromoSelectEvent
08BABA58	08B12A08	88	masked	ProcScr_ClassChgMenuSel
08BABAB4	08B12A64	64	masked	ProcScr_ClassChgReal
08BABAF8	08B12AA8	26	exact	gSprite_GuideBannerText
08BABB12	08B12AC2	14	exact	gSprite_SelectButtonSort
08BABB20	08B12AD0	14	exact	gSprite_BButtonBack
08BABB8C	08B12B3C	96	masked	gProcScr_GuideCategoryRedraw
08BABBEC	08B12B9C	80	masked	gProcScr_GuideEntryListRedraw_Initial
08BABC8C	08B12C3C	40	masked	gProcScr_GuideDetailsRedraw
08BABCB4	08B12C64	184	masked	ProcScr_E_Guide1
08BABD6C	08B12D1C	152	masked	ProcScr_E_Guide2
08C00008	08C00008	6432	exact	banim_data
08EE0000	08EE0000	8	exact	banim_terrain_head
08EE0008	08EE0008	2760	exact	battle_terrain_table
08EE0C00	08EE0C00	2116	exact	battle_terrain_heichi1_tileset
08EE1444	08EE1444	32	exact	battle_terrain_heichi1_pal
08EE1464	08EE1464	1988	exact	battle_terrain_arechi1_tileset
08EE1C28	08EE1C28	32	exact	battle_terrain_arechi1_pal
08EE1C48	08EE1C48	2344	exact	battle_terrain_jyoumon1_tileset
08EE2570	08EE2570	32	exact	battle_terrain_jyoumon1_pal
08EE2590	08EE2590	1960	exact	battle_terrain_bukiya1_tileset
08EE2D38	08EE2D38	32	exact	battle_terrain_bukiya1_pal
08EE2D58	08EE2D58	1900	exact	battle_terrain_gake1_tileset
08EE34C4	08EE34C4	32	exact	battle_terrain_gake1_pal
08EE34E4	08EE34E4	1736	exact	battle_terrain_gyokuza1_tileset
08EE3BAC	08EE3BAC	32	exact	battle_terrain_gyokuza1_pal
08EE3BCC	08EE3BCC	1992	exact	battle_terrain_haikyo1_tileset
08EE4394	08EE4394	32	exact	battle_terrain_haikyo1_pal
08EE43B4	08EE43B4	2160	exact	battle_terrain_hanebashi1_tileset
08EE4C24	08EE4C24	32	exact	battle_terrain_hanebashi1_pal
08EE4C44	08EE4C44	2200	exact	battle_terrain_hasi1_tileset
08EE54DC	08EE54DC	32	exact	battle_terrain_hasi1_pal
08EE54FC	08EE54FC	1588	exact	battle_terrain_sabaku1_tileset
08EE5B30	08EE5B30	32	exact	battle_terrain_sabaku1_pal
08EE5B50	08EE5B50	1748	exact	battle_terrain_kawa1_tileset
08EE6224	08EE6224	32	exact	battle_terrain_kawa1_pal
08EE6244	08EE6244	2004	exact	battle_terrain_mura1_tileset
08EE6A18	08EE6A18	32	exact	battle_terrain_mura1_pal
08EE6A38	08EE6A38	1760	exact	battle_terrain_umi1_tileset
08EE7118	08EE7118	32	exact	battle_terrain_umi1_pal
08EE7138	08EE7138	1576	exact	battle_terrain_mizuiumi1_tileset
08EE7760	08EE7760	32	exact	battle_terrain_mizuiumi1_pal
08EE7780	08EE7780	2000	exact	battle_terrain_azukarijo1_tileset
08EE7F50	08EE7F50	32	exact	battle_terrain_azukarijo1_pal
08EE7F70	08EE7F70	2032	exact	battle_terrain_douguya1_tileset
08EE8760	08EE8760	32	exact	battle_terrain_douguya1_pal
08EE8780	08EE8780	2224	exact	battle_terrain_fukaimori1_tileset
08EE9030	08EE9030	32	exact	battle_terrain_fukaimori1_pal
08EE9050	08EE9050	2004	exact	battle_terrain_michi1_tileset
08EE9824	08EE9824	32	exact	battle_terrain_michi1_pal
08EE9844	08EE9844	2100	exact	battle_terrain_minka1_tileset
08EEA078	08EEA078	32	exact	battle_terrain_minka1_pal
08EEA098	08EEA098	2168	exact	battle_terrain_mori1_tileset
08EEA910	08EEA910	32	exact	battle_terrain_mori1_pal
08EEA930	08EEA930	1732	exact	battle_terrain_siroyuka1_tileset
08EEB014	08EEB014	1672	exact	battle_terrain_sunachi1_tileset
08EEB69C	08EEB69C	32	exact	battle_terrain_sunachi1_pal
08EEB6BC	08EEB6BC	1840	exact	battle_terrain_takaiyama1_tileset
08EEBDEC	08EEBDEC	32	exact	battle_terrain_takaiyama1_pal
08EEBE0C	08EEBE0C	1732	exact	battle_terrain_toride1_tileset
08EEC4D0	08EEC4D0	32	exact	battle_terrain_toride1_pal
08EEC4F0	08EEC4F0	1916	exact	battle_terrain_tougijou1_tileset
08EECC6C	08EECC6C	32	exact	battle_terrain_tougijou1_pal
08EECC8C	08EECC8C	1924	exact	battle_terrain_yama1_tileset
08EED410	08EED410	32	exact	battle_terrain_yama1_pal
08EED430	08EED430	2312	exact	battle_terrain_mahouyuka1_tileset
08EEDD38	08EEDD38	32	exact	battle_terrain_mahouyuka1_pal
08EEDD58	08EEDD58	1736	exact	battle_terrain_kabe1_tileset
08EEE440	08EEE440	1656	exact	battle_terrain_kowaretakabe_tileset
08EEEAD8	08EEEAD8	1724	exact	battle_terrain_kowaretakabe_tileset_2
08EEF194	08EEF194	32	exact	battle_terrain_kowaretakabe_pal_2
08EEF1B4	08EEF1B4	1756	exact	battle_terrain_hasira1_tileset
08EEF8B0	08EEF8B0	1892	exact	battle_terrain_takarabako1_tileset
08EF0014	08EF0014	32	exact	battle_terrain_takarabako1_pal
08EF0034	08EF0034	2180	exact	battle_terrain_killerarechi_tileset
08EF08B8	08EF08B8	32	exact	battle_terrain_killerarechi_pal
08EF08D8	08EF08D8	1708	exact	battle_terrain_mon1_tileset
08EF0FA4	08EF0FA4	1620	exact	battle_terrain_tuusintougi1_tileset
08EF15F8	08EF15F8	32	exact	battle_terrain_tuusintougi1_pal
08EF1618	08EF1618	32	exact	battle_terrain_mura1_pal_2
08EF1658	08EF1658	32	exact	battle_terrain_gyokuza1_pal_2
08EF1678	08EF1678	32	exact	battle_terrain_takarabako1_pal_2
08EF1698	08EF1698	32	exact	battle_terrain_kowaretakabe_pal_3
08EF16B8	08EF16B8	32	exact	battle_terrain_heichi1_pal_2
08EF16D8	08EF16D8	32	exact	battle_terrain_jyoumon1_pal_2
08EF1718	08EF1718	32	exact	battle_terrain_gake1_pal_2
08EF1738	08EF1738	32	exact	battle_terrain_haikyo1_pal_2
08EF1758	08EF1758	32	exact	battle_terrain_hasi1_pal_2
08EF1798	08EF1798	32	exact	battle_terrain_mura1_pal_3
08EF17F8	08EF17F8	32	exact	battle_terrain_fukaimori1_pal_2
08EF1818	08EF1818	32	exact	battle_terrain_michi1_pal_2
08EF1838	08EF1838	32	exact	battle_terrain_minka1_pal_2
08EF1858	08EF1858	32	exact	battle_terrain_mori1_pal_2
08EF1878	08EF1878	32	exact	battle_terrain_takaiyama1_pal_2
08EF1898	08EF1898	32	exact	battle_terrain_tougijou1_pal_2
08EF18B8	08EF18B8	32	exact	battle_terrain_yama1_pal_2
08EF18D8	08EF18D8	32	exact	battle_terrain_killerarechi_pal_2
08EF18F8	08EF18F8	32	exact	battle_terrain_toride1_pal_2
08EF1918	08EF1918	32	exact	battle_terrain_kawa1_pal_3
08EF1958	08EF1958	32	exact	battle_terrain_takarabako1_pal_3
08EF1978	08EF1978	32	exact	battle_terrain_kowaretakabe_pal_4
08EF1998	08EF1998	32	exact	battle_terrain_gyokuza1_pal_3
08EF19F8	08EF19F8	32	exact	battle_terrain_heichi1_pal_3
08EF1A18	08EF1A18	32	exact	battle_terrain_kawa1_pal_4
08EF1A58	08EF1A58	32	exact	battle_terrain_takarabako1_pal_4
08EF1A78	08EF1A78	32	exact	battle_terrain_kowaretakabe_pal_5
08EF1A98	08EF1A98	32	exact	battle_terrain_gyokuza1_pal_4
08EF1AD8	08EF1AD8	32	exact	battle_terrain_heichi1_pal_4
08EF1AF8	08EF1AF8	32	exact	battle_terrain_kawa1_pal_5
08EF1B18	08EF1B18	1864	exact	battle_terrain_maruta1_tileset
08EF2260	08EF2260	32	exact	battle_terrain_maruta1_pal
08EF2280	08EF2280	32	exact	battle_terrain_hasi1_pal_3
08EF22A0	08EF22A0	32	exact	battle_terrain_mura1_pal_4
08EF22C0	08EF22C0	32	exact	battle_terrain_siroyuka1_pal_5
08EF22E0	08EF22E0	32	exact	battle_terrain_takarabako1_pal_5
08EF2300	08EF2300	32	exact	battle_terrain_kowaretakabe_pal_6
08EF2320	08EF2320	32	exact	battle_terrain_gyokuza1_pal_5
08EF2340	08EF2340	32	exact	battle_terrain_hasira1_pal_5
08EF2360	08EF2360	32	exact	battle_terrain_heichi1_pal_5
08EF2380	08EF2380	32	exact	battle_terrain_kawa1_pal_6
08EF23A0	08EF23A0	32	exact	battle_terrain_gake1_pal_3
08EF23C0	08EF23C0	32	exact	battle_terrain_siroyuka1_pal_6
08EF23E0	08EF23E0	32	exact	battle_terrain_takarabako1_pal_6
08EF2400	08EF2400	32	exact	battle_terrain_kowaretakabe_pal_7
08EF2420	08EF2420	32	exact	battle_terrain_gyokuza1_pal_6
08EF2440	08EF2440	32	exact	battle_terrain_hasira1_pal_6
08EF2460	08EF2460	32	exact	battle_terrain_heichi1_pal_6
08EF2480	08EF2480	32	exact	battle_terrain_mori1_pal_3
08EF24A0	08EF24A0	32	exact	battle_terrain_maruta1_pal_2
08EF24C0	08EF24C0	2296	exact	battle_terrain_fune1_tileset
08EF2DB8	08EF2DB8	32	exact	battle_terrain_fune1_pal
08EF2DD8	08EF2DD8	32	exact	battle_terrain_mori1_pal_4
08EF2DF8	08EF2DF8	32	exact	battle_terrain_umi1_pal_2
08EF2E18	08EF2E18	32	exact	battle_terrain_gyokuza1_pal_7
08EF2E38	08EF2E38	32	exact	battle_terrain_gyokuza1_pal_8
08EF2E58	08EF2E58	32	exact	battle_terrain_kawa1_pal_7
08EF2E78	08EF2E78	32	exact	battle_terrain_hasi1_pal_4
08EF2E98	08EF2E98	32	exact	battle_terrain_gyokuza1_pal_9
08EF2EB8	08EF2EB8	32	exact	battle_terrain_yama1_pal_3
08EF2ED8	08EF2ED8	32	exact	battle_terrain_takaiyama1_pal_3
08EF2EF8	08EF2EF8	32	exact	battle_terrain_mizuiumi1_pal_3
08EF8000	08EF8000	8	exact	banim_pal_head
08EF8008	08EF8008	1728	exact	character_battle_animation_palette_table
08EF9000	08EF9000	84	exact	banim_pal_mer
08EF9054	08EF9054	104	exact	banim_pal_ame
08EF90BC	08EF90BC	108	exact	banim_pal_gil
08EF9128	08EF9128	108	exact	banim_pal_bre
08EF9194	08EF9194	108	exact	banim_pal_saa
08EF9200	08EF9200	104	exact	banim_pal_mar
08EF9268	08EF9268	80	exact	banim_pal_com
08EF92B8	08EF92B8	100	exact	banim_pal_jho
08EF931C	08EF931C	100	exact	banim_pal_bon
08EF9380	08EF9380	100	exact	banim_pal_baz
08EF93E4	08EF93E4	92	exact	banim_pal_ass
08EF949C	08EF949C	92	exact	banim_pal_mul
08EF94F8	08EF94F8	92	exact	banim_pal_irv
08EF9554	08EF9554	92	exact	banim_pal_ewa
08EF95B0	08EF95B0	80	exact	banim_pal_gar
08EF9600	08EF9600	100	exact	banim_pal_ros
08EF9664	08EF9664	80	exact	banim_pal_xys
08EF96B4	08EF96B4	84	exact	banim_pal_doz
08EF9708	08EF9708	84	exact	banim_pal_ros_2
08EF975C	08EF975C	80	exact	banim_pal_tet
08EF97AC	08EF97AC	92	exact	banim_pal_cug
08EF9808	08EF9808	92	exact	banim_pal_cug_2
08EF9864	08EF9864	100	exact	banim_pal_gle
08EF991C	08EF991C	84	exact	banim_pal_ewa_2
08EF9970	08EF9970	84	exact	banim_pal_tur
08EF99C4	08EF99C4	84	exact	banim_pal_van
08EF9A18	08EF9A18	80	exact	banim_pal_syr
08EF9A68	08EF9A68	80	exact	banim_pal_gar_2
08EF9AB8	08EF9AB8	80	exact	banim_pal_ros_3
08EF9B08	08EF9B08	80	exact	banim_pal_one
08EF9B58	08EF9B58	88	exact	banim_pal_xys_2
08EF9BB0	08EF9BB0	88	exact	banim_pal_mer_2
08EF9C08	08EF9C08	64	exact	banim_pal_ber
08EF9C48	08EF9C48	84	exact	banim_pal_ame_2
08EF9C9C	08EF9C9C	84	exact	banim_pal_gil_2
08EF9CF0	08EF9CF0	60	exact	banim_pal_vig
08EF9D2C	08EF9D2C	60	exact	banim_pal_tir
08EF9D68	08EF9D68	108	exact	banim_pal_for
08EF9DD4	08EF9DD4	84	exact	banim_pal_fra
08EF9E28	08EF9E28	84	exact	banim_pal_gil_3
08EF9E7C	08EF9E7C	84	exact	banim_pal_kyl
08EF9ED0	08EF9ED0	80	exact	banim_pal_ame_3
08EF9F20	08EF9F20	100	exact	banim_pal_dus
08EF9F84	08EF9F84	60	exact	banim_pal_aia
08EF9FC0	08EF9FC0	84	exact	banim_pal_lut
08EFA014	08EFA014	88	exact	banim_pal_ewa_3
08EFA06C	08EFA06C	88	exact	banim_pal_xys_3
08EFA0C4	08EFA0C4	60	exact	banim_pal_zon
08EFA100	08EFA100	80	exact	banim_pal_ewa_4
08EFA150	08EFA150	80	exact	banim_pal_lar
08EFA1A0	08EFA1A0	80	exact	banim_pal_lut_2
08EFA1F0	08EFA1F0	60	exact	banim_pal_cel
08EFA22C	08EFA22C	84	exact	banim_pal_ass_2
08EFA280	08EFA280	92	exact	banim_pal_jho_2
08EFA2DC	08EFA2DC	92	exact	banim_pal_mar_2
08EFA338	08EFA338	96	exact	banim_pal_ame_4
08EFA398	08EFA398	80	exact	banim_pal_for_2
08EFA3E8	08EFA3E8	72	exact	banim_pal_set
08EFA430	08EFA430	80	exact	banim_pal_fra_2
08EFA480	08EFA480	80	exact	banim_pal_kyl_2
08EFA4D0	08EFA4D0	60	exact	banim_pal_ols
08EFA50C	08EFA50C	80	exact	banim_pal_van_2
08EFA55C	08EFA55C	80	exact	banim_pal_tur_2
08EFA5AC	08EFA5AC	80	exact	banim_pal_ros_4
08EFA5FC	08EFA5FC	100	exact	banim_pal_nat_2
08EFA660	08EFA660	84	exact	banim_pal_com_2
08EFA6B4	08EFA6B4	92	exact	banim_pal_mul_2
08EFA710	08EFA710	96	exact	banim_pal_ren
08EFA770	08EFA770	80	exact	banim_pal_lut_3
08EFA7C0	08EFA7C0	84	exact	banim_pal_ass_3
08EFA814	08EFA814	84	exact	banim_pal_ewa_5
08EFA868	08EFA868	84	exact	banim_pal_kno_2
08EFA8BC	08EFA8BC	84	exact	banim_pal_mul_3
08EFA910	08EFA910	84	exact	banim_pal_sal
08EFA964	08EFA964	84	exact	banim_pal_ewa_6
08EFAA0C	08EFAA0C	60	exact	banim_pal_nov
08EFAA48	08EFAA48	80	exact	banim_pal_ewa_7
08EFAA98	08EFAA98	72	exact	banim_pal_kno_4
08EFAAE0	08EFAAE0	84	exact	banim_pal_hea
08EFAB34	08EFAB34	88	exact	banim_pal_mer_3
08EFAB8C	08EFAB8C	80	exact	banim_pal_ame_5
08EFABDC	08EFABDC	80	exact	banim_pal_fra_3
08EFAC2C	08EFAC2C	80	exact	banim_pal_kyl_3
08EFAC7C	08EFAC7C	80	exact	banim_pal_for_3
08EFACCC	08EFACCC	60	exact	banim_pal_mur
08EFAD08	08EFAD08	60	exact	banim_pal_ish
08EFAD44	08EFAD44	60	exact	banim_pal_hey
08EFAD80	08EFAD80	60	exact	banim_pal_fad
08EFADBC	08EFADBC	84	exact	banim_pal_jho_3
08EFAE10	08EFAE10	84	exact	banim_pal_mar_3
08EFAE64	08EFAE64	72	exact	banim_pal_com_3
08EFAEAC	08EFAEAC	60	exact	banim_pal_car
08EFAEE8	08EFAEE8	100	exact	banim_pal_lar_2
08EFAF4C	08EFAF4C	100	exact	banim_pal_nat_3
08EFAFB0	08EFAFB0	84	exact	banim_pal_lar_3
08EFB004	08EFB004	80	exact	banim_pal_gar_3
08EFB054	08EFB054	80	exact	banim_pal_ros_5
08EFB0A4	08EFB0A4	60	exact	banim_pal_bin
08EFB0E0	08EFB0E0	92	exact	banim_pal_tur_3
08EFB13C	08EFB13C	88	exact	banim_pal_van_3
08EFB194	08EFB194	92	exact	banim_pal_cug_3
08EFB1F0	08EFB1F0	60	exact	banim_pal_wal
08EFB22C	08EFB22C	60	exact	banim_pal_geb
08EFB268	08EFB268	60	exact	banim_pal_pab
08EFB2A4	08EFB2A4	60	exact	banim_pal_cet
