# HINT, NOT TRUTH. Built ~2018 by a 0.8-threshold BinDiff+diaphora merge;
# owner states it is not guaranteed correct. ~99.4% agreement with the byte-match
# funcmap on the overlap, but the ~0.6% errors are non-random (transitive-stitch
# / bindiff row-shift) and stored NAMES are stale. Use the US ADDRESS as the key,
# resolve the current name from fireemblem8u, and let `make compare` validate.
# NEVER a build input.
#
# Source: laqieer/FE_GBA_Function_Library (functions.md FE8J/FE8U columns).
# Generated by scripts/ingest_funclib.py (D25). Reference-only; not read by the
# build. Columns:
#   jp_addr           JP ROM function address (0x + 8 hex), the lookup key.
#   us_addr           FE8U ROM address from the library (the trustworthy link key);
#                     `-` when the library has no US address for this JP function.
#   us_name_current   US-decomp symbol resolved LIVE from ../fireemblem8u at us_addr
#                     (nm/.map); empty if no symbol resolves there. USE THIS NAME.
#   lib_name_stale    The library's stored ~2018 name, provenance only -- DO NOT use.
#   confidence        funcmap-agree | funcmap-disagree | new-hint  (see banner).
#   source            provenance tag.
# Usage: look up a JP addr -> get the US source function to port; oracle-gated by
# `make compare`; QUARANTINE/deprioritize `funcmap-disagree` rows.
jp_addr	us_addr	us_name_current	lib_name_stale	confidence	source
0x08000000	0x08000000	Init	_start(ARM)	new-hint	FE_GBA_Function_Library
0x080000FC	0x080000FC	IrqMain	intr_main(ARM)	new-hint	FE_GBA_Function_Library
0x08000234	0x08000234	ColorFadeTick		funcmap-agree	FE_GBA_Function_Library
0x08000304	0x08000304	ClearOam	ARM_ClearOAMBuffer(ARM)	funcmap-agree	FE_GBA_Function_Library
0x08000360	0x08000360	Checksum32	ARM_ComputeChecksum32(ARM)	funcmap-agree	FE_GBA_Function_Library
0x080003A8	0x080003A8	TmFillRect	ARM_FillRect(ARM)	funcmap-agree	FE_GBA_Function_Library
0x080003E0	0x080003E0	TmCopyRect		funcmap-agree	FE_GBA_Function_Library
0x0800043C	0x0800043C	TmApplyTsa		funcmap-agree	FE_GBA_Function_Library
0x08000494	0x08000494	PutOamHi	ARM_PushToHiOAM(ARM)	funcmap-agree	FE_GBA_Function_Library
0x08000534	0x08000534	PutOamLo	ARM_PushToLoOAM(ARM)	funcmap-agree	FE_GBA_Function_Library
0x08000A20	0x08000A20	AgbMain	AgbMain	new-hint	FE_GBA_Function_Library
0x08000AE8	0x08000B10	PrintDebugBuildDateAndTime	print_build_version	new-hint	FE_GBA_Function_Library
0x08000B0C	0x08000B34	StoreIRQToIRAM	StoreIRQToIRAM	new-hint	FE_GBA_Function_Library
0x08000B50	0x08000B78	SetIRQHandler	SetIRQHandler	new-hint	FE_GBA_Function_Library
0x08000B60	0x08000B88	NextRN	NextRN	funcmap-agree	FE_GBA_Function_Library
0x08000BA0	0x08000BC8	InitRN	InitRN	new-hint	FE_GBA_Function_Library
0x08000C0C	0x08000C34	LoadRNState	LoadRNState	funcmap-agree	FE_GBA_Function_Library
0x08000C24	0x08000C4C	StoreRNState	SaveRNState	funcmap-agree	FE_GBA_Function_Library
0x08000C3C	0x08000C64	NextRN_100	NextRN_100	funcmap-agree	FE_GBA_Function_Library
0x08000C58	0x08000C80	NextRN_N	NextRN_N	funcmap-agree	FE_GBA_Function_Library
0x08000C78	0x08000CA0	Roll1RN	Roll1RN	funcmap-agree	FE_GBA_Function_Library
0x08000C90	0x08000CB8	Roll2RN	Roll2RN	funcmap-agree	FE_GBA_Function_Library
0x08000CB4	0x08000CDC	SetLCGRNValue	SetOtherRNState	funcmap-agree	FE_GBA_Function_Library
0x08000CC0	0x08000CE8	AdvanceGetLCGRNValue	GetOtherRN	funcmap-agree	FE_GBA_Function_Library
0x08000CD8	0x08000D28	GetGameClock	GetGameClock	new-hint	FE_GBA_Function_Library
0x08000CE4	0x08000D34	SetGameTime	SetGameClock	new-hint	FE_GBA_Function_Library
0x08000CF0	0x08000D40	IncrementGameClock	IncrementGameClock	funcmap-agree	FE_GBA_Function_Library
0x08000D14	0x08000D64	FormatTime		new-hint	FE_GBA_Function_Library
0x08000D68	0x08000DB8	CopyToPaletteBuffer	CopyToPaletteBuffer	new-hint	FE_GBA_Function_Library
0x08000DC4	0x08000E14	CopyToPaletteBufferDimmed		funcmap-agree	FE_GBA_Function_Library
0x08000E4C	0x08000E9C	FlushLCDControl	SyncLCDControl	funcmap-agree	FE_GBA_Function_Library
0x08000EF4	0x08000F44	BG_GetControlBuffer	GetBgControlBuffer	funcmap-agree	FE_GBA_Function_Library
0x08000F3C	0x08000F8C	GetBackgroundTileDataOffset	GetBgTileDataOffset	funcmap-agree	FE_GBA_Function_Library
0x08000F54	0x08000FA4	GetTileIndex	GetBgLocalTileIndex	funcmap-agree	FE_GBA_Function_Library
0x08000F74	0x08000FC4	BG_GetTileMapOffset		funcmap-agree	FE_GBA_Function_Library
0x08000F8C	0x08000FDC	SetBackgroundTileDataOffset	SetBgTileDataOffset	funcmap-agree	FE_GBA_Function_Library
0x08000FB4	0x08001004	SetBackgroundMapDataOffset	SetBgMapDataOffset	funcmap-agree	FE_GBA_Function_Library
0x08000FFC	0x0800104C	SetBackgroundScreenSize	SetBgScreenSize	funcmap-agree	FE_GBA_Function_Library
0x0800101C	0x0800106C	BG_SetColorBpp		funcmap-agree	FE_GBA_Function_Library
0x08001044	0x08001094	ApplyColorAddition_ClampMax	SyncPalettes_AdditiveFilter	funcmap-agree	FE_GBA_Function_Library
0x080010A0	0x080010F0	ApplyColorAddition_ClampMin	SyncPalettes_SubstractiveFilter	funcmap-agree	FE_GBA_Function_Library
0x080010FC	0x0800114C	FlushBackgrounds	SyncBgs	new-hint	FE_GBA_Function_Library
0x080011D0	0x08001220	BG_Fill	FillBgMap	new-hint	FE_GBA_Function_Library
0x080011F0	0x08001240	RegisterBlankTile	RegisterBlankTile	new-hint	FE_GBA_Function_Library
0x08001208	0x08001258	SetInterrupt_LCDVBlank	SetInterrupt_LCDVBlank	new-hint	FE_GBA_Function_Library
0x0800125C	0x080012AC	SetInterrupt_LCDVCountMatch	SetInterrupt_LCDVCountMatch	new-hint	FE_GBA_Function_Library
0x080012B8	0x08001308	SetNextVCount		funcmap-agree	FE_GBA_Function_Library
0x080012CC	0x0800131C	SetLCDVCountSetting	SetLCDVCountSetting	new-hint	FE_GBA_Function_Library
0x080012D8	0x08001328	SetMainUpdateRoutine	SetMainCallback	funcmap-agree	FE_GBA_Function_Library
0x080012E4	0x08001334	ExecMainUpdate	ExecMainCycle	new-hint	FE_GBA_Function_Library
0x080012FC	0x0800134C	_UpdateKeyStatus	UpdateKeyStatus_Private	new-hint	FE_GBA_Function_Library
0x0800139C	0x080013E0	UpdateKeyStatus	UpdateKeyStatus	new-hint	FE_GBA_Function_Library
0x080013D0	0x08001414	SnycKeyStatus		funcmap-agree	FE_GBA_Function_Library
0x080013DC	0x08001420	ResetKeyStatus	ResetKeyStatus	funcmap-agree	FE_GBA_Function_Library
0x080013FC	0x08001440	SetKeyStatus_IgnoreMask	SetKeyStatusIgnore	new-hint	FE_GBA_Function_Library
0x08001408	0x0800144C	GetKeyStatus_IgnoreMask	GetKeyStatusIgnore	new-hint	FE_GBA_Function_Library
0x08001414	0x08001458	AsnycKeyStatusExt	KeyStatusSetterProc_Set	funcmap-agree	FE_GBA_Function_Library
0x0800142C	0x08001470	AsnycKeyStatus	StartKeyStatusSetter	new-hint	FE_GBA_Function_Library
0x08001448	0x0800148C	BG_SetPosition	SetBgPosition	funcmap-agree	FE_GBA_Function_Library
0x080014A4	0x080014E8	ClearBg0Tilemap		new-hint	FE_GBA_Function_Library
0x080014D8	0x0800151C	Hardware_StoreUnk3435		funcmap-agree	FE_GBA_Function_Library
0x080014EC	0x08001530	CopyTilemapScreen		funcmap-agree	FE_GBA_Function_Library
0x08001570	0x0800159C	AddAttr2dBitMap		new-hint	FE_GBA_Function_Library
0x08001650	0x080016C4	Hardware_CopyViaDmaStruct		funcmap-agree	FE_GBA_Function_Library
0x0800169C	0x08001710	MaybeResetSomePal		funcmap-agree	FE_GBA_Function_Library
0x080016B8	0x0800172C	MaybeSmoothChangeSomePal		funcmap-agree	FE_GBA_Function_Library
0x08001740	0x080017B4	ColorFadeSetupRange		funcmap-agree	FE_GBA_Function_Library
0x080017C8	0x0800183C	ColorFadeSetStepRange		funcmap-agree	FE_GBA_Function_Library
0x080017EC	0x08001860	ColorFadeSetupFromColorToBlack		new-hint	FE_GBA_Function_Library
0x08001870	0x080018E4	ColorFadeSetupFromBlack		new-hint	FE_GBA_Function_Library
0x080018F0	0x08001964	ColorFadeSetupFromColorToWhite		new-hint	FE_GBA_Function_Library
0x08001974	0x080019E8	ColorFadeSetupFromWhite		new-hint	FE_GBA_Function_Library
0x080019F8	0x08001A6C	ColorFadeTickThumb		new-hint	FE_GBA_Function_Library
0x08001ACC	0x08001B58	SetupBackgrounds	LoadBgConfig	new-hint	FE_GBA_Function_Library
0x08001BC0	0x08001C4C	BG_GetMapBuffer	GetBgMapBuffer	new-hint	FE_GBA_Function_Library
0x08001BD0	0x08001C78	SoftResetIfKeyComboPressed		new-hint	FE_GBA_Function_Library
0x08001C00	0x08001CB0	EnterSleepMode		new-hint	FE_GBA_Function_Library
0x08001C50	0x08001D00	ExecBothHBlankHandlers		new-hint	FE_GBA_Function_Library
0x08001C78	0x08001D28	UpdateHBlankHandlerState	UpdateHBlankHandlerState	new-hint	FE_GBA_Function_Library
0x08001D28	0x08001DD8	SetPrimaryHBlankHandler	SetPrimaryHBlankCallback	funcmap-agree	FE_GBA_Function_Library
0x08001D3C	0x08001DEC	SetSecondaryHBlankHandler	SetSecondaryHBlankCallback	funcmap-agree	FE_GBA_Function_Library
0x08001D50	0x08001E00	GetBackgroundFromBufferPointer	GetBgIdFromMapBuffer	funcmap-agree	FE_GBA_Function_Library
0x08001DBC	0x08001E6C	BG_SetPriority	SetBgDepth	funcmap-agree	FE_GBA_Function_Library
0x08001DDC	0x08001E8C	BG_GetPriority	GetBgDepth	funcmap-agree	FE_GBA_Function_Library
0x08001DF0	0x08001EA0	SetBlendConfig	SetColorEffectsParameters	funcmap-agree	FE_GBA_Function_Library
0x08001E20	0x08001ED0	SetBlendTargetA	SetColorEffectsFirstTarget	funcmap-agree	FE_GBA_Function_Library
0x08001E5C	0x08001F0C	SetBlendTargetB	SetColorEffectsSecondTarget	funcmap-agree	FE_GBA_Function_Library
0x08001E98	0x08001F48	SetBlendBackdropA	SetColorEffectBackdropFirstTarget	funcmap-agree	FE_GBA_Function_Library
0x08001EB4	0x08001F64	SetBlendBackdropB	SetColorEffectBackdropSecondTarget	funcmap-agree	FE_GBA_Function_Library
0x08001ED0	0x08001F80	SetDefaultColorEffects	SetDefaultColorEffects	funcmap-agree	FE_GBA_Function_Library
0x08001EE4	0x08001F94	EnablePaletteSync	EnablePaletteSync	new-hint	FE_GBA_Function_Library
0x08001EF0	0x08001FA0	DisablePaletteSync	DisablePaletteSync	new-hint	FE_GBA_Function_Library
0x08001EFC	0x08001FAC	BG_EnableSyncByMask	EnableBgSyncByMask	funcmap-agree	FE_GBA_Function_Library
0x08001F0C	0x08001FBC	BG_EnableSync	EnableBgSyncByIndex	funcmap-agree	FE_GBA_Function_Library
0x08001F20	0x08001FD0	ClearBgsModified		funcmap-agree	FE_GBA_Function_Library
0x08001F30	0x08001FE0	ClearTileRigistry	ClearTileRegistry	funcmap-agree	FE_GBA_Function_Library
0x08001F64	0x08002014	RegisterDataMove	RegisterTileGraphics	funcmap-agree	FE_GBA_Function_Library
0x08001FA4	0x08002054	RegisterFillTile	RegisterFillTile	funcmap-agree	FE_GBA_Function_Library
0x08001FD8	0x08002088	FlushTiles	SyncRegisteredTiles	new-hint	FE_GBA_Function_Library
0x0800204C	0x080020FC	InitOam	InitOAMSplice	funcmap-agree	FE_GBA_Function_Library
0x08002088	0x08002138	SyncHiOam	SyncHiOAM	new-hint	FE_GBA_Function_Library
0x080020CC	0x0800217C	SyncLoOam	SyncLoOAM	new-hint	FE_GBA_Function_Library
0x08002100	0x080021B0	SetObjAffine	WriteOAMRotScaleData	new-hint	FE_GBA_Function_Library
0x08002134	0x080021E4	PutSpriteListToHiOam		funcmap-agree	FE_GBA_Function_Library
0x0800219C	0x0800224C	GetPrimaryOAMSize	GetLoOAMSize	new-hint	FE_GBA_Function_Library
0x080021A8	0x08002258	GetCurrentBgmSong	Sound_GetCurrentSong	funcmap-agree	FE_GBA_Function_Library
0x080021B4	0x08002264	IsBgmPlaying	Sound_IsSongPlaying	funcmap-agree	FE_GBA_Function_Library
0x080021C4	0x08002274	Sound_SetBGMVolume	Sound_SetVolume_8002274	new-hint	FE_GBA_Function_Library
0x0800223C	0x080022EC	Sound_SetSEVolume	Sound_SetSongVolume	new-hint	FE_GBA_Function_Library
0x0800226C	0x0800231C	Sound_FadeOutBGM	Sound_FadeSongOut	new-hint	FE_GBA_Function_Library
0x080022CC	0x0800237C	Sound_FadeOutBGMAlt	Sound_FadeOut_800237C	new-hint	FE_GBA_Function_Library
0x08002330	0x080023E0	Sound_FadeOutSE	Sound_FadeOut_80023E0	new-hint	FE_GBA_Function_Library
0x08002398	0x08002448	StartBgmCore	Sound_PlaySong	new-hint	FE_GBA_Function_Library
0x080023C8	0x08002478	StartOrChangeBgm	Sound_PlaySongSmoothCommon	funcmap-agree	FE_GBA_Function_Library
0x08002424	0x080024D4	StartBgm	Sound_PlaySongSmooth	funcmap-agree	FE_GBA_Function_Library
0x08002434	0x080024E4	StartBgmExt	Sound_PlaySongSmoothExt	funcmap-agree	FE_GBA_Function_Library
0x08002440	0x080024F0	MusicFi_OnLoop	Sound_SongVolumeTransitionAProc_Loop	new-hint	FE_GBA_Function_Library
0x080024C4	0x08002574	StartBgmFadeIn		new-hint	FE_GBA_Function_Library
0x08002570	0x08002620	OverrideBgm		new-hint	FE_GBA_Function_Library
0x080025C0	0x08002670	RestoreBgm		new-hint	FE_GBA_Function_Library
0x0800260C	0x080026BC	_RestoreBgm		new-hint	FE_GBA_Function_Library
0x0800265C	0x0800270C	MakeBgmOverridePersist		funcmap-agree	FE_GBA_Function_Library
0x08002680	0x08002730	StartBgmVolumeChange	StartSongVolumeTransitionB	funcmap-agree	FE_GBA_Function_Library
0x080026D8	0x08002788	MusicVc_OnLoop	Sound_SongVolumeTransitionBProc_Loop	new-hint	FE_GBA_Function_Library
0x0800276C	0x0800281C	DelaySong_OnLoop	Sound_PlaySoundDelayedProc_Loop	funcmap-agree	FE_GBA_Function_Library
0x080027A8	0x08002858	StartSongDelayed	PlaySongDelayed	funcmap-agree	FE_GBA_Function_Library
0x080027E0	0x08002890	PlaySong	Sound_PlaySongCore	new-hint	FE_GBA_Function_Library
0x08002820	0x080028D0	Sound_SetDefaultMaxNumChannels	SetSoundDefaultMaxChannels	funcmap-agree	FE_GBA_Function_Library
0x08002838	0x080028E8	Sound_SetMaxNumChannels	SetSoundMaxChannels	new-hint	FE_GBA_Function_Library
0x0800284C	0x080028FC	Sound_SetupMaxChannelsForSong	Sound_SetupMaxChannelsForSong	new-hint	FE_GBA_Function_Library
0x080028A0	0x08002950	IsMusicProc2Running		funcmap-agree	FE_GBA_Function_Library
0x080028BC	0x0800296C	ChangeBgm_FadeVolume		funcmap-agree	FE_GBA_Function_Library
0x0800290C	0x080029BC	ChangeBgm_StartNewSong		funcmap-agree	FE_GBA_Function_Library
0x08002938	0x080029E8	ChangeBgm		funcmap-agree	FE_GBA_Function_Library
0x080029BC	0x08002A6C	MusicProc4Exists		funcmap-agree	FE_GBA_Function_Library
0x080029D8	0x08002A88	Sound_ForceChangeBgm		funcmap-agree	FE_GBA_Function_Library
0x08002A08	0x08002AB8	DeleteAll6CWaitMusicRelated	CancelPlaySongDelayed	funcmap-agree	FE_GBA_Function_Library
0x08002A18	0x08002AC8	Sound_StopBgmImmediate		new-hint	FE_GBA_Function_Library
0x08002A48	0x08002AF8	StoreRoutinesToIRAM	InitRamFuncs	new-hint	FE_GBA_Function_Library
0x08002AE0	0x08002B90	DrawGlyphRam	Draw1DTileTextGlyphCore	new-hint	FE_GBA_Function_Library
0x08002AF4	0x08002BA4	CallARM_DecompText	HuffmanTextDecomp	new-hint	FE_GBA_Function_Library
0x08002B08	0x08002BB8	CallARM_PushToSecondaryOAM	PushToHiOAM	new-hint	FE_GBA_Function_Library
0x08002B1C	0x08002BCC	CallARM_PushToPrimaryOAM	PushToLoOAM	new-hint	FE_GBA_Function_Library
0x08002B30	0x08002BE0	CallARM_Func5		new-hint	FE_GBA_Function_Library
0x08002B44	0x08002BF4	CallARM_FillMovementMap	FillMovementMapCore	new-hint	FE_GBA_Function_Library
0x08002B4E	0x08002BFE			new-hint	FE_GBA_Function_Library
0x08002B58	0x08002C08	Proc_Init	InitProcSystem	funcmap-agree	FE_GBA_Function_Library
0x08002BCC	0x08002C7C	Proc_Start	StartProc	new-hint	FE_GBA_Function_Library
0x08002C30	0x08002CE0	Proc_StartBlocking	StartBlockingProc	funcmap-agree	FE_GBA_Function_Library
0x08002C60	0x08002D10	DeleteProcessRecursive	EndProc_Private	new-hint	FE_GBA_Function_Library
0x08002CBC	0x08002D6C	Proc_End	EndProc	funcmap-agree	FE_GBA_Function_Library
0x08002CD4	0x08002D84	AllocateProcess	_AllocProcState	funcmap-agree	FE_GBA_Function_Library
0x08002CE4	0x08002D94	FreeProcess	_FreeProcState	funcmap-agree	FE_GBA_Function_Library
0x08002CF4	0x08002DA4	InsertRootProcess	_InsertMainProc	funcmap-agree	FE_GBA_Function_Library
0x08002D18	0x08002DC8	InsertChildProcess	_InsertChildProc	funcmap-agree	FE_GBA_Function_Library
0x08002D30	0x08002DE0	UnlinkProcess	_IsolateProc	funcmap-agree	FE_GBA_Function_Library
0x08002D78	0x08002E28	RunProcessRecursive	ExecProc_Private	new-hint	FE_GBA_Function_Library
0x08002DD4	0x08002E84	Proc_Run	ExecProc	funcmap-agree	FE_GBA_Function_Library
0x08002DE4	0x08002E94	Proc_Break	BreakProcLoop	new-hint	FE_GBA_Function_Library
0x08002DEC	0x08002E9C	Proc_Find	FindProc	funcmap-agree	FE_GBA_Function_Library
0x08002E14	0x08002EC4	Proc_FindNonBlocked	Find6CRunning	funcmap-agree	FE_GBA_Function_Library
0x08002E44	0x08002EF4	Proc_FindWithMark	Find6CByUserval	funcmap-agree	FE_GBA_Function_Library
0x08002E74	0x08002F24	Proc_Goto	GotoProcLabel	funcmap-agree	FE_GBA_Function_Library
0x08002EAC	0x08002F5C	Proc_GotoScript	GotoProcInstruction	funcmap-agree	FE_GBA_Function_Library
0x08002EB4	0x08002F64	Proc_SetMark	MarkProc	new-hint	FE_GBA_Function_Library
0x08002EBC	0x08002F6C	Proc_SetEndCb	SetProcEndHandler	new-hint	FE_GBA_Function_Library
0x08002EC0	0x08002F70	Proc_ForAll	ForEveryProc	new-hint	FE_GBA_Function_Library
0x08002EE8	0x08002F98	Proc_ForEach	ForEachProc	new-hint	FE_GBA_Function_Library
0x08002F10	0x08002FC0	Proc_ForEachMarked	ForEach6CMarked	new-hint	FE_GBA_Function_Library
0x08002F3C	0x08002FEC	Proc_BlockEachMarked	HaltEachProcMarked	funcmap-agree	FE_GBA_Function_Library
0x08002F64	0x08003014	Proc_UnblockEachMarked	ResumeEachProcMarked	funcmap-agree	FE_GBA_Function_Library
0x08002F90	0x08003040	Proc_EndEachMarked	EndEachProcMarked	funcmap-agree	FE_GBA_Function_Library
0x08002FBC	0x0800306C	Delete	_EndProc	funcmap-agree	FE_GBA_Function_Library
0x08002FC8	0x08003078	Proc_EndEach	EndEachProc	funcmap-agree	FE_GBA_Function_Library
0x08002FD8	0x08003088	ClearNativeCallback	_BreakProcLoop	funcmap-agree	FE_GBA_Function_Library
0x08002FE4	0x08003094	Proc_BreakEach	BreakEachProcLoop	funcmap-agree	FE_GBA_Function_Library
0x08002FF4	0x080030A4	ForAllFollowingProcs	ForProcFamily	new-hint	FE_GBA_Function_Library
0x0800301C	0x080030CC	Proc_ForEachInTree		new-hint	FE_GBA_Function_Library
0x08003038	0x080030E8	ProcCmd_DELETE	ProcInst00_End	funcmap-agree	FE_GBA_Function_Library
0x08003044	0x080030F4	ProcCmd_SET_NAME	ProcInst01_SetName	funcmap-agree	FE_GBA_Function_Library
0x08003054	0x08003104	ProcCmd_CALL_ROUTINE	ProcInst02_CallRoutine	new-hint	FE_GBA_Function_Library
0x08003068	0x08003118	ProcCmd_CALL_ROUTINE_2	ProcInst16_CallRoutine2	new-hint	FE_GBA_Function_Library
0x0800309C	0x08003150	ProcCmd_WHILE_ROUTINE	ProcInst14_WhileRoutine	new-hint	FE_GBA_Function_Library
0x080030C8	0x0800317C	ProcCmd_LOOP_ROUTINE	ProcInst03_SetOnCycle	funcmap-agree	FE_GBA_Function_Library
0x080030D8	0x0800318C	ProcCmd_SET_DESTRUCTOR	ProcInst04_SetOnEnd	new-hint	FE_GBA_Function_Library
0x080030F4	0x080031A8	ProcCmd_NEW_CHILD	ProcInst05_AddChild	new-hint	FE_GBA_Function_Library
0x08003110	0x080031C4	ProcCmd_NEW_CHILD_BLOCKING	ProcInst06_AddBlockingChild	new-hint	FE_GBA_Function_Library
0x0800312C	0x080031E0	ProcCmd_NEW_MAIN_BUGGED	ProcInst07_BuggedAddGlobal	new-hint	FE_GBA_Function_Library
0x0800314C	0x08003200	ProcCmd_WHILE_EXISTS	ProcInst08_BlockUntilRunning	new-hint	FE_GBA_Function_Library
0x08003174	0x08003228	ProcCmd_END_ALL	ProcInst09_EndAllOf	new-hint	FE_GBA_Function_Library
0x08003190	0x08003244	ProcCmd_BREAK_ALL_LOOP	ProcInst0A_BreakLoopForAll	new-hint	FE_GBA_Function_Library
0x080031AC	0x08003260	ProcCmd_NOP	ProcInst0B_Nop	new-hint	FE_GBA_Function_Library
0x080031B8	0x0800326C	ProcCmd_JUMP	ProcInst0D_GotoPointer	new-hint	FE_GBA_Function_Library
0x080031C8	0x0800327C	ProcCmd_GOTO	ProcInst0C_GotoLabel	new-hint	FE_GBA_Function_Library
0x080031DC	0x0806F0FC	efxopLiveALPHA_Loop_A		new-hint	FE_GBA_Function_Library
0x080031F8	0x080032AC	ProcCmd_SLEEP	ProcInst0E_Sleep	funcmap-agree	FE_GBA_Function_Library
0x08003220	0x080032D4	ProcCmd_SET_MARK	ProcInst0F_Mark	funcmap-agree	FE_GBA_Function_Library
0x08003234	0x080032E8	ProcCmd_NOP2	ProcInst13_Nop2	new-hint	FE_GBA_Function_Library
0x08003244	0x080032F8	ProcCmd_END_IF_DUPLICATE	ProcInst11_EnsureUniqueWeak	new-hint	FE_GBA_Function_Library
0x08003284	0x08003338	ProcCmd_END_DUPLICATES	ProcInst12_EnsureUniqueStrong	new-hint	FE_GBA_Function_Library
0x080032BC	0x08003370	ProcCmd_NOP3	ProcInst15_Nop3	new-hint	FE_GBA_Function_Library
0x080032C8	0x0800337C	ProcCmd_SET_BIT4	ProcInst12_SetBit4	funcmap-agree	FE_GBA_Function_Library
0x080032E0	0x08003394	RunProcessScript	ProcInterpretCode	new-hint	FE_GBA_Function_Library
0x08003328	0x080033DC	PrintProcessName	nullsub_83	new-hint	FE_GBA_Function_Library
0x0800332C	0x080033E0	PrintProcessNameRecursive	ForEach6CDoNothing	funcmap-agree	FE_GBA_Function_Library
0x08003364	0x08003418	PrintProcessTree		funcmap-agree	FE_GBA_Function_Library
0x0800339C	0x08003450	Proc_SetRepeatCb	SetProcOnCycle	new-hint	FE_GBA_Function_Library
0x080033A0	0x08003454	Proc_BlockSemaphore		funcmap-agree	FE_GBA_Function_Library
0x080033AC	0x08003460	Proc_WakeSemaphore		funcmap-agree	FE_GBA_Function_Library
0x080033B8	0x0800346C	Proc_FindAfter		funcmap-agree	FE_GBA_Function_Library
0x080033EC	0x080034A0	Proc_FindAfterWithParent		funcmap-agree	FE_GBA_Function_Library
0x08003420	0x080034D4	CountFreeProcs		funcmap-agree	FE_GBA_Function_Library
0x08003448	0x080034FC	CountProcs		funcmap-agree	FE_GBA_Function_Library
0x0800347C	0x08003530	Proc_FindBegin		funcmap-agree	FE_GBA_Function_Library
0x0800348C	0x08003540	Proc_FindNext		funcmap-agree	FE_GBA_Function_Library
0x080034C4	0x08003578	ResetIconGraphics_	_ResetIconGraphics	new-hint	FE_GBA_Function_Library
0x080034D0	0x08003584	ResetIconGraphics	ClearIcons	new-hint	FE_GBA_Function_Library
0x08003508	0x080035BC	LoadIconPalettes	LoadIconPalettes	new-hint	FE_GBA_Function_Library
0x08003520	0x080035D4	LoadIconPalette	LoadIconPalette	new-hint	FE_GBA_Function_Library
0x08003538	0x080035EC	GetNextFreeIcon		funcmap-agree	FE_GBA_Function_Library
0x0800355C	0x08003610	GetIconGfxTileIndex	GetIconGfxTileIndex	funcmap-agree	FE_GBA_Function_Library
0x08003570	0x08003624	GetIconGfxIndex	GetIconGfxIndex	funcmap-agree	FE_GBA_Function_Library
0x0800359C	0x08003650	GetIconTileIndex	GetIconTileIndex	new-hint	FE_GBA_Function_Library
0x08003608	0x080036BC	DrawIcon	DrawIcon	funcmap-agree	FE_GBA_Function_Library
0x08003658	0x0800370C	ClearIconGfx	ClearIcon	funcmap-agree	FE_GBA_Function_Library
0x08003678	0x0800372C	LoadIconObjectGraphics	LoadIconObjectGraphics	new-hint	FE_GBA_Function_Library
0x080036D8	0x0800378C	SetupDebugFontForBG	SetupDebugFontForBG	new-hint	FE_GBA_Function_Library
0x08003750	0x08003804	PrintDebugStringToBG	DBG_BG_Print	new-hint	FE_GBA_Function_Library
0x08003798	0x0800384C	PrintDebugStringFmtToBG		new-hint	FE_GBA_Function_Library
0x080037BC	0x08003870	ClearDBG		new-hint	FE_GBA_Function_Library
0x08003800	0x080038B4	PrintEmptyStringToDBG		funcmap-agree	FE_GBA_Function_Library
0x08003814	0x080038C8	ClearSmallStringBuffer	ClearSmallStringBuffer	funcmap-agree	FE_GBA_Function_Library
0x0800382C	0x080038E0	StoreNumberStringToSmallBuffer	StoreNumberStringToSmallBuffer	new-hint	FE_GBA_Function_Library
0x08003868	0x0800391C	StoreNumberStringOrDashesToSmallBuffer	StoreNumberStringOrDashesToSmallBuffer	funcmap-agree	FE_GBA_Function_Library
0x08003898	0x0800394C	PrintNumberToDBG		funcmap-agree	FE_GBA_Function_Library
0x080038B4	0x08003968	StoreNumberHexStringToSmallBuffer	StoreNumberHexStringToSmallBuffer	funcmap-agree	FE_GBA_Function_Library
0x08003900	0x080039B4	PrintHexNumberToDBG		funcmap-agree	FE_GBA_Function_Library
0x0800391C	0x080039D0	PrintStringToDBG	PrintStringToDBG	funcmap-agree	FE_GBA_Function_Library
0x08003988	0x08003A3C	FlushDBGToBG2	FlushDBGToBG2	new-hint	FE_GBA_Function_Library
0x08003A08	0x08003ABC	UpdateDBGScroll		funcmap-agree	FE_GBA_Function_Library
0x08003A70	0x08003B24	SetupDebugFontForOBJ	SetupDebugFontForOBJ	new-hint	FE_GBA_Function_Library
0x08003AFC	0x08003BB0	PrintDebugStringAsOBJ	PrintDebugStringAsOBJ	new-hint	FE_GBA_Function_Library
0x08003B48	0x08003BFC	PrintNumberAsOBJ	PrintDebugNumberDec	funcmap-agree	FE_GBA_Function_Library
0x08003B6C	0x08003C20	PrintHexNumberAsOBJ	PrintDebugNumberHex	funcmap-agree	FE_GBA_Function_Library
0x08003BC0	-			new-hint	FE_GBA_Function_Library
0x08003BC4	0x08003C94	ResetText	Font_InitDefault	funcmap-agree	FE_GBA_Function_Library
0x08003BE8	0x08003CB8	InitTextFont	Font_InitForUI	new-hint	FE_GBA_Function_Library
0x08003C24	0x08003CF4	SetTextFontGlyphs	Font_SetGlyphSet	funcmap-agree	FE_GBA_Function_Library
0x08003C50	0x08003D20	ResetTextFont	Font_ResetAllocation	funcmap-agree	FE_GBA_Function_Library
0x08003C68	0x08003D38	SetTextFont	SetFont	funcmap-agree	FE_GBA_Function_Library
0x08003C8C	0x08003D5C	InitText	Text_InitClear	funcmap-agree	FE_GBA_Function_Library
0x08003CB4	0x08003D84	InitTextDb	Text_InitDB	funcmap-agree	FE_GBA_Function_Library
0x08003CDC	0x08003DAC	InitTextInitInfo	InitClearTextBatch	funcmap-agree	FE_GBA_Function_Library
0x08003CF8	0x08003DC8	ClearText	Text_Clear	new-hint	FE_GBA_Function_Library
0x08003D30	0x08003E00	ClearTextPart		new-hint	FE_GBA_Function_Library
0x08003D70	0x08003E40	Text_GetChrOffset		funcmap-agree	FE_GBA_Function_Library
0x08003D80	0x08003E50	Text_GetCursor	Text_GetXCursor	new-hint	FE_GBA_Function_Library
0x08003D84	0x08003E54	Text_SetCursor	Text_SetXCursor	new-hint	FE_GBA_Function_Library
0x08003D88	0x08003E58	Text_Skip	Text_Advance	funcmap-agree	FE_GBA_Function_Library
0x08003D90	0x08003E60	Text_SetColor	Text_SetColorId	new-hint	FE_GBA_Function_Library
0x08003D94	0x08003E64	Text_GetColor	Text_GetColorId	new-hint	FE_GBA_Function_Library
0x08003D98	0x08003E68	Text_SetParams	Text_SetParameters	new-hint	FE_GBA_Function_Library
0x08003DA0	0x08003E70	PutText	Text_Draw	funcmap-agree	FE_GBA_Function_Library
0x08003DEC	0x08003EBC	PutBlankText	Text_DrawBlank	funcmap-agree	FE_GBA_Function_Library
0x08003E0C	0x08003EDC	GetStringTextLen	GetStringTextWidth	new-hint	FE_GBA_Function_Library
0x08003E6C	-			new-hint	FE_GBA_Function_Library
0x08003EAC	0x08003F90	GetStringTextCenteredPos	GetStringTextCenteredPos	new-hint	FE_GBA_Function_Library
0x08003EC8	0x08003FAC	GetStringTextBox		new-hint	FE_GBA_Function_Library
0x08003F10	-		String_GetEnd	new-hint	FE_GBA_Function_Library
0x08003F28	0x08004004	Text_DrawString	Text_AppendString	new-hint	FE_GBA_Function_Library
0x08003F98	0x08004074	Text_DrawNumber	Text_AppendDecNumber	new-hint	FE_GBA_Function_Library
0x08003FEC	0x080040C0	Text_DrawNumberOrSpace		new-hint	FE_GBA_Function_Library
0x0800407C	0x08004144	Text_DrawNumberOrBlank	Text_AppendNumberOr2Dashes	new-hint	FE_GBA_Function_Library
0x080040B8	0x08004180	Text_DrawCharacter	Text_AppendChar	new-hint	FE_GBA_Function_Library
0x08004120	0x080041E8	GetTextDrawDest	Text_Get1DVRAMTarget	funcmap-agree	FE_GBA_Function_Library
0x08004140	0x08004208	GetColorLut	Get2bppTo4bppLookup	new-hint	FE_GBA_Function_Library
0x08004150	0x08004218	DrawTextGlyph	DrawGlyph1DTile	new-hint	FE_GBA_Function_Library
0x080041A0	0x08004268	DrawTextGlyphNoClear	DrawGlyph1DTileNoClear	new-hint	FE_GBA_Function_Library
0x080042E0	0x080043A8	InitSystemTextFont	Font_LoadForUI	new-hint	FE_GBA_Function_Library
0x08004320	0x080043E8	InitTalkTextFont	Font_LoadForDialogue	new-hint	FE_GBA_Function_Library
0x08004360	0x08004428	SetTextDrawNoClear	Font_SetDraw1DTileNoClear	funcmap-agree	FE_GBA_Function_Library
0x08004374	0x0800443C	PutDrawText	DrawTextInline	new-hint	FE_GBA_Function_Library
0x080043B8	0x08004480	Text_InsertDrawString	Text_InsertString	new-hint	FE_GBA_Function_Library
0x080043DC	0x080044A4	Text_InsertDrawNumberOrBlank	Text_InsertNumberOr2Dashes	new-hint	FE_GBA_Function_Library
0x08004400	0x080044C8	Text_DrawStringASCII	Text_AppendStringAscii	new-hint	FE_GBA_Function_Library
0x0800443C	0x08004504	Text_DrawCharacterAscii	Text_AppendCharAscii	new-hint	FE_GBA_Function_Library
0x08004470	0x08004568	GetStringTextLenASCII	GetStringTextWidthAscii	new-hint	FE_GBA_Function_Library
0x080044A4	0x0800459C	InitSpriteTextFont	Font_InitForObj	new-hint	FE_GBA_Function_Library
0x080044E0	0x080045D8	InitSpriteText	Text_Init2DLine	funcmap-agree	FE_GBA_Function_Library
0x08004504	0x080045FC	SpriteText_DrawBackground		new-hint	FE_GBA_Function_Library
0x08004564	0x0800465C	SpriteText_Clear	Text_Clear2DLine	new-hint	FE_GBA_Function_Library
0x080045BC	0x080046B4	SpriteText_DrawBackgroundExt	Text_Fill2DLine	new-hint	FE_GBA_Function_Library
0x080045E8	0x080046E0	GetSpriteTextDrawDest	Text_Get2DVRAMTarget	funcmap-agree	FE_GBA_Function_Library
0x08004608	0x08004700	DrawSpriteTextGlyph	DrawGlyph2DTile	new-hint	FE_GBA_Function_Library
0x080047B8	0x080048B0	TextPrint_OnLoop		new-hint	FE_GBA_Function_Library
0x0800482C	0x08004924	StartTextPrint		new-hint	FE_GBA_Function_Library
0x08004874	0x0800496C	IsTextPrinting		funcmap-agree	FE_GBA_Function_Library
0x0800488C	0x08004984	GreenText_OnLoop		new-hint	FE_GBA_Function_Library
0x080048B4	0x080049AC	StartGreenText	NewGreenTextColorManager	new-hint	FE_GBA_Function_Library
0x080048D8	0x080049D0	EndGreenText	EndGreenTextColorManager	new-hint	FE_GBA_Function_Library
0x080048E8	0x080049E0	DrawSpecialCharGlyph_old		funcmap-agree	FE_GBA_Function_Library
0x0800493C	0x08004A34	DrawSpecialCharGlyph	Text_DrawGlyphManual	new-hint	FE_GBA_Function_Library
0x08004998	0x08004A90	AddSpecialChar	Text_DrawSpecialUiChar	funcmap-agree	FE_GBA_Function_Library
0x080049D4	0x08004ACC	GetSpecialCharChr	DrawSpecialUiChar_	funcmap-agree	FE_GBA_Function_Library
0x08004A14	0x08004B0C	PutSpecialChar	DrawSpecialUiChar	funcmap-agree	FE_GBA_Function_Library
0x08004A50	0x08004B48	PutNumberExt	DrawSpecialUiDecNumber	new-hint	FE_GBA_Function_Library
0x08004A90	0x08004B88	PutNumber	DrawUiNumber	funcmap-agree	FE_GBA_Function_Library
0x08004A9C	0x08004B94	PutNumberOrBlank	DrawUiNumberOrDoubleDashes	funcmap-agree	FE_GBA_Function_Library
0x08004ABC	0x08004BB4	PutNumberTwoChr		new-hint	FE_GBA_Function_Library
0x08004AEC	0x08004BE4	PutNumberSmall	DrawUiSmallNumber	funcmap-agree	FE_GBA_Function_Library
0x08004AF8	0x08004BF0	PutNumberBonus	DrawStatScreenBonusNumber	funcmap-agree	FE_GBA_Function_Library
0x08004B24	0x08004C1C	SpecialCharTest		new-hint	FE_GBA_Function_Library
0x08004B70	0x08004C68	PutTime		new-hint	FE_GBA_Function_Library
0x08004C64	0x08004D5C	PutTwoSpecialChar		funcmap-agree	FE_GBA_Function_Library
0x08004C84	0x08004D7C	PutNumber2Digit		new-hint	FE_GBA_Function_Library
0x08004CC0	0x08004DB8	PutNumber2DigitSmall		new-hint	FE_GBA_Function_Library
0x08004D00	0x08004DF8	PutNumber2DigitExt		new-hint	FE_GBA_Function_Library
0x08004D48	0x08004E40	AnimUpdateAll	UpdateAISs	funcmap-agree	FE_GBA_Function_Library
0x08004DC0	0x08004EB8	AnimClearAll	ClearAISs	funcmap-agree	FE_GBA_Function_Library
0x08004DF0	0x08004EE8	AnimCreate_unused		funcmap-agree	FE_GBA_Function_Library
0x08004E50	0x08004F48	AnimCreate	CreateAIS	funcmap-agree	FE_GBA_Function_Library
0x08004EB4	0x08004FAC	AnimSort	SortAISs	funcmap-agree	FE_GBA_Function_Library
0x08004F0C	0x08005004	AnimDelete	DeleteAIS	funcmap-agree	FE_GBA_Function_Library
0x08004F3C	0x08005034	AnimDisplay	DisplayAIS	funcmap-agree	FE_GBA_Function_Library
0x08004F48	0x08005040	AnimInterpret	AdvanceAIS	new-hint	FE_GBA_Function_Library
0x080050C8	0x080051C0	AnimInsert	InsertAIS	funcmap-agree	FE_GBA_Function_Library
0x08005110	0x08005208	AnimDisplayPrivate	_DisplayAIS	funcmap-agree	FE_GBA_Function_Library
0x0800523C	0x08005334	Anim_0		funcmap-agree	FE_GBA_Function_Library
0x08005278	0x08005370	PutObjectAffine		new-hint	FE_GBA_Function_Library
0x080052AC	0x080053A4	ClearSprites	HiObjClear	funcmap-agree	FE_GBA_Function_Library
0x080052F0	0x080053E8	PutSprite	HiObjInsertSafe	funcmap-agree	FE_GBA_Function_Library
0x08005330	0x08005428	PutSpriteExt	HiObjInsert	funcmap-agree	FE_GBA_Function_Library
0x08005360	0x08005458	PushSpriteLayerObjects	HiObjProcess	new-hint	FE_GBA_Function_Library
0x08005390	0x08005488	SpriteRefresher_OnIdle	_HiObjProc_Loop	funcmap-agree	FE_GBA_Function_Library
0x080053B8	0x080054B0	StartSpriteRefresher	StartHiObjProc	new-hint	FE_GBA_Function_Library
0x080053FC	0x080054F4	MoveSpriteRefresher	MoveHiObjProc	new-hint	FE_GBA_Function_Library
0x0800541C	0x08005514	GetPortraitData	GetPortraitData	funcmap-agree	FE_GBA_Function_Library
0x08005430	0x08005528	ResetFaces	Face_Init	funcmap-agree	FE_GBA_Function_Library
0x0800544C	0x08005544	SetupFaceGfxData	SetFaceGfxConfig	funcmap-agree	FE_GBA_Function_Library
0x08005478	0x08005570	FindFreeFaceSlot	FindFreeFaceSlot	funcmap-agree	FE_GBA_Function_Library
0x0800549C	0x08005594	Face_OnInit	FACE_Load	new-hint	FE_GBA_Function_Library
0x080054C4	0x080055BC	Face_OnIdle	FACE_Display	funcmap-agree	FE_GBA_Function_Library
0x08005518	0x08005610	StartFaceAuto	StartFaceAuto	funcmap-agree	FE_GBA_Function_Library
0x08005544	0x0800563C	StartFace	StartFace	new-hint	FE_GBA_Function_Library
0x08005640	0x08005738	EndFace	EndFace	new-hint	FE_GBA_Function_Library
0x08005660	0x08005758	EndFaceById	EndFaceById	funcmap-agree	FE_GBA_Function_Library
0x08005678	0x08005770	SetFaceDisplayBits	SetFaceDisplayBits	funcmap-agree	FE_GBA_Function_Library
0x08005694	0x0800578C	SetFaceDisplayBitsById	SetFaceDisplayBitsById	funcmap-agree	FE_GBA_Function_Library
0x080056AC	0x080057A4	GetFaceDisplayBits	GetFaceDisplayBits	new-hint	FE_GBA_Function_Library
0x080056B0	0x080057A8	GetFaceDisplayBitsById	GetFaceDisplayBitsById	funcmap-agree	FE_GBA_Function_Library
0x080056C8	0x080057C0	FaceRefreshSprite	ApplyFaceDisplayBitChange	funcmap-agree	FE_GBA_Function_Library
0x0800579C	0x08005894	PutFaceTm		new-hint	FE_GBA_Function_Library
0x0800582C	0x08005924	UnpackFaceChibiGraphics	LoadMiniMugGraphics	new-hint	FE_GBA_Function_Library
0x08005890	0x08005988	PutFaceChibi	DrawMiniMug	new-hint	FE_GBA_Function_Library
0x080058D0	0x080059CC	UnpackFaceChibiSprGraphics		new-hint	FE_GBA_Function_Library
0x080059D8	0x08005AD4	FaceChibiSpr_OnIdle		new-hint	FE_GBA_Function_Library
0x08005A08	0x08005B04	StartFaceChibiSpr		new-hint	FE_GBA_Function_Library
0x08005A6C	0x08004974	EndTextPrinting		new-hint	FE_GBA_Function_Library
0x08005A7C	0x08005B78	PutFace80x72_Standard		new-hint	FE_GBA_Function_Library
0x08005AD0	0x08005BCC	PutFace80x72_Raised		new-hint	FE_GBA_Function_Library
0x08005B28	0x08005C24	ShouldFaceBeRaised	ShouldPortraitBeSmol	funcmap-agree	FE_GBA_Function_Library
0x08005BA8	0x08005CA4	PutFace80x72_Core		new-hint	FE_GBA_Function_Library
0x08005C68	0x08005D64	FaceBgBlink_Init		funcmap-agree	FE_GBA_Function_Library
0x08005C74	0x08005D70	FaceBgBlink_WaitLoop		new-hint	FE_GBA_Function_Library
0x08005C9C	0x08005D98	FaceBgBlink_AnimLoop		new-hint	FE_GBA_Function_Library
0x08005D9C	0x08005E98	PutFace80x72		new-hint	FE_GBA_Function_Library
0x08005DD0	0x08005ECC	EndFacePtr		new-hint	FE_GBA_Function_Library
0x08005DDC	0x08005ED8	EndFaceIn8Frames		new-hint	FE_GBA_Function_Library
0x08005DF4	0x08005EF0	StartFaceFadeIn		new-hint	FE_GBA_Function_Library
0x08005E3C	0x08005F38	StartFaceFadeOut		new-hint	FE_GBA_Function_Library
0x08005E70	0x08005F6C	GetGenericChibiImg	GetGenericMiniMugGfx	funcmap-agree	FE_GBA_Function_Library
0x08005EA0	0x08005F9C	ApplyGenericChibiPal	LoadGenericMiniMugPalette	new-hint	FE_GBA_Function_Library
0x08005ED8	0x08005FD4	FaceMouth_Init		funcmap-agree	FE_GBA_Function_Library
0x08005EE4	0x08005FE0	FaceMouth_Loop		new-hint	FE_GBA_Function_Library
0x08006038	0x08006134	FaceBlink_PutEyeSprite		new-hint	FE_GBA_Function_Library
0x08006140	0x0800623C	FaceBlink_Init		new-hint	FE_GBA_Function_Library
0x08006184	0x08006280	FaceBlink_WaitLoop		new-hint	FE_GBA_Function_Library
0x080061BC	0x080062B8	FaceBlink_AnimLoop		new-hint	FE_GBA_Function_Library
0x08006230	0x0800632C	FaceBlink_CloseEyesLoop		new-hint	FE_GBA_Function_Library
0x0800627C	0x08006378	FaceBlink_HalfCloseLoop		new-hint	FE_GBA_Function_Library
0x080062C8	0x080063C4	FaceBlink_WinkLoop		new-hint	FE_GBA_Function_Library
0x0800633C	0x08006438	SetFaceBlinkControl	SetFaceBlinkControl	funcmap-agree	FE_GBA_Function_Library
0x0800635C	0x08006458	SetFaceBlinkControlById	SetFaceBlinkControlById	funcmap-agree	FE_GBA_Function_Library
0x08006374	0x08006470	FaceBlinkProc_GenBlinkInterval	GetFaceBlinkProcUnk8006470	new-hint	FE_GBA_Function_Library
0x080063D8	0x080064D4	SetFaceEyeControl		new-hint	FE_GBA_Function_Library
0x080063E0	0x080064DC	SetFaceEyeControlById		funcmap-agree	FE_GBA_Function_Library
0x080063F8	0x080064F4	StartFace2	NewFace2	new-hint	FE_GBA_Function_Library
0x0800651C	0x08006618	SetFacePosition		funcmap-agree	FE_GBA_Function_Library
0x08006530	0x0800662C	FaceChange_LockChildProcs		new-hint	FE_GBA_Function_Library
0x08006554	0x08006650	FaceChange_LoadGfx		new-hint	FE_GBA_Function_Library
0x080065AC	0x080066A8	FaceChange_Finish		new-hint	FE_GBA_Function_Library
0x080065E4	0x080066E0	StartFaceChange		new-hint	FE_GBA_Function_Library
0x08006600	0x080066FC	DecompressFaceImg		new-hint	FE_GBA_Function_Library
0x08006620	0x0800671C	ApplyFacePalette		new-hint	FE_GBA_Function_Library
0x0800663C	0x08006738	PutFaceOnBackGround		new-hint	FE_GBA_Function_Library
0x080066EC	0x080067E8	ClearTalkFaceRefs	Dialogue_ClearFaceReferences	funcmap-agree	FE_GBA_Function_Library
0x08006710	0x0800680C	InitTalk	Dialogue_InitGfx	new-hint	FE_GBA_Function_Library
0x080067B0	0x080068AC	InitSpriteTalk	Dialogue_InitGfxObj	new-hint	FE_GBA_Function_Library
0x08006868	0x08006964	ApplyTalkTextPalette		new-hint	FE_GBA_Function_Library
0x0800687C	0x08006978	SetInitTalkTextFont	Dialogue_InitFont	new-hint	FE_GBA_Function_Library
0x08006890	0x0800698C	StartTalkExt	StartDialogue	new-hint	FE_GBA_Function_Library
0x08006934	0x08006A30	StartTalkMsg	StartDialogueFromIndex	new-hint	FE_GBA_Function_Library
0x08006954	0x08006A50	StartTalkMsgExt		new-hint	FE_GBA_Function_Library
0x08006974	0x08006A70	StartTalk	StartDialogueParentless	funcmap-agree	FE_GBA_Function_Library
0x08006980	0x08006A7C	EndTalk	EndDialogue	new-hint	FE_GBA_Function_Library
0x08006990	0x08006A8C	SetTalkLines		new-hint	FE_GBA_Function_Library
0x0800699C	0x08006A98	ClearAllTalkFlags	ClearDialogueFlags	funcmap-agree	FE_GBA_Function_Library
0x080069AC	0x08006AA8	SetTalkFlag	SetDialogueFlag	funcmap-agree	FE_GBA_Function_Library
0x080069C0	0x08006ABC	SetTalkCallback		new-hint	FE_GBA_Function_Library
0x080069CC	0x08006AC8	ClearTalkFlag	UnsetDialogueFlag	funcmap-agree	FE_GBA_Function_Library
0x080069E0	0x08006ADC	CheckTalkFlag	CheckDialogueFlag	funcmap-agree	FE_GBA_Function_Library
0x080069F4	0x08006AF0	SetTalkPrintDelay	Dialogue_SetCharacterDisplayDelay	funcmap-agree	FE_GBA_Function_Library
0x08006A14	0x08006B10	SetTalkPrintColor	Dialogue_SetDefaultTextColor	new-hint	FE_GBA_Function_Library
0x08006A50	0x08006B4C	TalkSkipListener_OnIdle	DialogueSkipInputListener_OnLoop	new-hint	FE_GBA_Function_Library
0x08006B04	0x08006C00	Talk_OnInit	DialogueMain_OnInit	new-hint	FE_GBA_Function_Library
0x08006B38	0x08006C34	Talk_OnIdle	DialogueMain_OnLoop	new-hint	FE_GBA_Function_Library
0x08006CA4	0x08006DA0	TalkPrepNextChar	DialogueMain_UpdateDisplay	new-hint	FE_GBA_Function_Library
0x08006D90	0x08006E8C	TalkSpritePrepNextChar		new-hint	FE_GBA_Function_Library
0x08006DC8	0x08006EC4	LockTalk		new-hint	FE_GBA_Function_Library
0x08006DDC	0x08006ED8	IsTalkLocked	MapEventEngineExists	new-hint	FE_GBA_Function_Library
0x08006DF4	0x08006EF0	ResumeTalk		new-hint	FE_GBA_Function_Library
0x08006E04	0x08006F00	ToggleTalkTextRed		new-hint	FE_GBA_Function_Library
0x08006E90	0x08006F8C	TalkToggleInvertedPalette		new-hint	FE_GBA_Function_Library
0x08006ED4	0x08006FD0	TalkInterpret		new-hint	FE_GBA_Function_Library
0x0800773C	0x08007838	SetActiveTalkFace	Dialogue_SetActiveFacePosition	new-hint	FE_GBA_Function_Library
0x08007748	0x08007844	SetupFaceGfxDataInBanim		new-hint	FE_GBA_Function_Library
0x08007758	0x08007854	TalkLoadFace		new-hint	FE_GBA_Function_Library
0x0800783C	0x08007938	StartTalkFace		new-hint	FE_GBA_Function_Library
0x0800785C	0x08007958	GetFaceIdByXPos		funcmap-agree	FE_GBA_Function_Library
0x08007890	0x0800798C	SetTalkFaceLayer		funcmap-agree	FE_GBA_Function_Library
0x080078E8	0x080079E4	MoveTalkFace		new-hint	FE_GBA_Function_Library
0x08007940	0x08007A3C	IsTalkFaceMoving		new-hint	FE_GBA_Function_Library
0x0800795C	0x08007A58	StartTalkFaceMove		new-hint	FE_GBA_Function_Library
0x080079AC	0x08007AB0	TalkFaceMove_OnInit		funcmap-agree	FE_GBA_Function_Library
0x08007A08	0x08007B0C	TalkFaceMove_OnIdle		new-hint	FE_GBA_Function_Library
0x08007B08	0x08007C0C	Talk_OnEnd	DialogueMain_OnEnd	new-hint	FE_GBA_Function_Library
0x08007B24	0x08007C28	TalkPause_OnIdle	DialoguePauseTimer_OnLoop	new-hint	FE_GBA_Function_Library
0x08007B48	0x08007C4C	TalkWaitForInput_OnIdle		new-hint	FE_GBA_Function_Library
0x08007BD4	0x08007CD8	StartTalkWaitForInput	NewTextBluArrowAndButtonChecker	new-hint	FE_GBA_Function_Library
0x08007C00	0x08007D04	StartTalkWaitForInputUnk		new-hint	FE_GBA_Function_Library
0x08007C34	0x08007D38	TalkShiftClearAll_OnInit		new-hint	FE_GBA_Function_Library
0x08007CA0	0x08007DA4	TalkShiftClearAll_OnIdle		new-hint	FE_GBA_Function_Library
0x08007CE4	0x08007DE8	StartTalkChoice	StartDialogueTextChoice	new-hint	FE_GBA_Function_Library
0x08007D98	0x08007E9C	TalkChoice_OnIdle	DialogueTextChoice_OnLoop	new-hint	FE_GBA_Function_Library
0x08007E98	0x08007F9C	TalkShiftClear_OnInit		new-hint	FE_GBA_Function_Library
0x08007ED8	0x08007FDC	TalkShiftClear_OnIdle		new-hint	FE_GBA_Function_Library
0x08007FCC	0x080080D0	TalkSpriteShiftClear_OnInit		new-hint	FE_GBA_Function_Library
0x08008004	0x08008108	TalkSpriteShiftClear_ClearLine		new-hint	FE_GBA_Function_Library
0x08008058	0x0800815C	TalkFlushAllLine		new-hint	FE_GBA_Function_Library
0x08008094	0x08008198	GetTalkPauseCmdDuration	GetTextPauseDurationFromControlCode	funcmap-agree	FE_GBA_Function_Library
0x080080A4	0x080081A8	ClearTalkBubble		new-hint	FE_GBA_Function_Library
0x080080E8	0x080081EC	ClearPutTalkText		new-hint	FE_GBA_Function_Library
0x0800814C	0x08008250	ClearTalkText		new-hint	FE_GBA_Function_Library
0x080081A0	0x080082A4	PutTalkBubble		new-hint	FE_GBA_Function_Library
0x080082DC	0x080083E0	StartOpenTalkBubble	NewDialogueBoxAppearingAnimator	new-hint	FE_GBA_Function_Library
0x080082F4	0x080083F8	TalkBubbleOpen_OnIdle		new-hint	FE_GBA_Function_Library
0x08008360	0x08008464	InitTalkTextWin		funcmap-agree	FE_GBA_Function_Library
0x080083DC	0x080084E0	PutTalkBubbleTail		new-hint	FE_GBA_Function_Library
0x08008564	0x08008668	PutTalkBubbleTm		new-hint	FE_GBA_Function_Library
0x080086A4	0x080087A8	TalkOpen_InitBlend		new-hint	FE_GBA_Function_Library
0x08008708	0x0800880C	TalkOpen_PutTalkBubble		new-hint	FE_GBA_Function_Library
0x0800873C	0x08008840	TalkOpen_OnIdle		new-hint	FE_GBA_Function_Library
0x080087A4	0x080088A8	StartTalkOpen		new-hint	FE_GBA_Function_Library
0x08008808	0x0800890C	TalkHasCorrectBubble		funcmap-agree	FE_GBA_Function_Library
0x08008830	0x08008934	GetTalkFaceHPos		new-hint	FE_GBA_Function_Library
0x0800885C	0x08008960	SetTalkFaceDisp		new-hint	FE_GBA_Function_Library
0x080088B4	0x080089B8	SetTalkFaceMouthMove		funcmap-agree	FE_GBA_Function_Library
0x080088C0	0x080089C4	SetTalkFaceNoMouthMove		funcmap-agree	FE_GBA_Function_Library
0x080088CC	0x080089D0	IsTalkActive	DialogueExists	new-hint	FE_GBA_Function_Library
0x080088E4	0x080089E8	FaceExists	FaceExists	new-hint	FE_GBA_Function_Library
0x080088FC	0x08008A00	GetTalkChoiceResult	GetLastDialoguePromptResult	new-hint	FE_GBA_Function_Library
0x08008908	0x08008A0C	SetTalkChoiceResult		new-hint	FE_GBA_Function_Library
0x08008914	0x08008A18	SetTalkNumber		new-hint	FE_GBA_Function_Library
0x08008920	0x08008A24	SetTalkUnkStr		new-hint	FE_GBA_Function_Library
0x08008938	0x08008A3C	PrintStringToTexts		new-hint	FE_GBA_Function_Library
0x080089A4	0x08008AA8	TalkPutSpriteText_OnIdle		new-hint	FE_GBA_Function_Library
0x08008A20	0x08008B24	ClearPrimaryHBlank		new-hint	FE_GBA_Function_Library
0x08008A2C	0x08008B30	TalkPutSpriteText_OnEnd		new-hint	FE_GBA_Function_Library
0x08008A40	0x08008B44	GetStrTalkLen	GetStringTextWidthWithDialogueCodes	new-hint	FE_GBA_Function_Library
0x08008E08	0x08008F18	GetZero	GetZero	new-hint	FE_GBA_Function_Library
0x08008E10	0x08008F20	TalkBgSync	DialogueEnableBgSyncByMask	new-hint	FE_GBA_Function_Library
0x08008E2C	0x08008F3C	SpriteTextScroll_BlockWhileActive		new-hint	FE_GBA_Function_Library
0x08008E44	0x08008F54	SpriteTextScroll_OnEnd		new-hint	FE_GBA_Function_Library
0x08008E54	0x08008F64	StartSpriteTextScroll		new-hint	FE_GBA_Function_Library
0x08008EA4	0x08008FB4	SpriteTextScroll_OnIdle		new-hint	FE_GBA_Function_Library
0x08008F28	0x08009038	Nop_Scene_0	nullsub_15	new-hint	FE_GBA_Function_Library
0x08008F2C	0x0800903C	ScreenFlash_Init		new-hint	FE_GBA_Function_Library
0x08008F3C	0x0800904C	ScreenFlash_FadeIn		new-hint	FE_GBA_Function_Library
0x08008FF0	0x08009100	ScreenFlash_FadeOut		new-hint	FE_GBA_Function_Library
0x0800904C	0x0800915C	StartScreenFlashing		new-hint	FE_GBA_Function_Library
0x08009088	0x08009198	EventSpriteAnim_Init		new-hint	FE_GBA_Function_Library
0x080090F0	0x08009200	EventSpriteAnim_Loop		new-hint	FE_GBA_Function_Library
0x08009140	0x08009250	EventSpriteAnim_End		funcmap-agree	FE_GBA_Function_Library
0x08009150	0x08009260	AP_ClearAll	AP_ClearAll	funcmap-agree	FE_GBA_Function_Library
0x0800916C	0x0800927C	AP_Create	AP_Create	funcmap-agree	FE_GBA_Function_Library
0x08009194	0x080092A4	AP_Delete	AP_Delete	funcmap-agree	FE_GBA_Function_Library
0x080091AC	0x080092BC	AP_Update	AP_Update	funcmap-agree	FE_GBA_Function_Library
0x080091D4	0x080092E4	AP_Display	_AP_RegisterGraphics	new-hint	FE_GBA_Function_Library
0x08009230	0x08009340	AP_ExecFrame	_AP_Exec	funcmap-agree	FE_GBA_Function_Library
0x08009320	0x08009430	AP_QueueObjRotScale	_AP_QueueRotScaleData	new-hint	FE_GBA_Function_Library
0x08009408	0x08009518	AP_SwitchAnimation	AP_SwitchAnimation	funcmap-agree	FE_GBA_Function_Library
0x08009438	0x08009548	AP_SetDefinition	AP_SetDefinition	funcmap-agree	FE_GBA_Function_Library
0x08009458	0x08009568	AP_QueueObjGraphics	_AP_QueueTileGfx	new-hint	FE_GBA_Function_Library
0x08009564	0x08009674	AP_LoadDefinition	_AP_Load	funcmap-agree	FE_GBA_Function_Library
0x08009588	0x08009698	AP_ExecDummyFrame	_AP_ExecOneFrame	funcmap-agree	FE_GBA_Function_Library
0x080095A8	0x080096B8	AP_Init	_AP_Init	funcmap-agree	FE_GBA_Function_Library
0x080095E0	0x080096F0	AP_Find	_AP_Alloc	funcmap-agree	FE_GBA_Function_Library
0x08009608	0x08009718	APProc_Create	APProc_Create	new-hint	FE_GBA_Function_Library
0x08009650	0x08009760	APProc_OnUpdate	_APProc_OnUpdate	new-hint	FE_GBA_Function_Library
0x0800967C	0x0800978C	APProc_OnEnd	_APProc_OnDelete	funcmap-agree	FE_GBA_Function_Library
0x08009688	0x08009798	APProc_SetParameters	APProc_SetParameters	funcmap-agree	FE_GBA_Function_Library
0x080096A4	0x080097B4	APProc_Delete	APProc_Delete	new-hint	FE_GBA_Function_Library
0x080096B0	0x080097C0	APProc_DeleteAll	APProc_DeleteAll	new-hint	FE_GBA_Function_Library
0x080096C0	0x080097D0	APProc_Exists	APProc_Exists	new-hint	FE_GBA_Function_Library
0x080096D8	0x080097E8	GetRealChaperIndex		funcmap-agree	FE_GBA_Function_Library
0x08009840	0x08009950	GetTitleClassReelSet		new-hint	FE_GBA_Function_Library
0x080098D4	0x080099E4	GamceControl_StartClassReel		new-hint	FE_GBA_Function_Library
0x080098F0	0x08009A00	GameControl_CallEraseSaveEventWithKeyCombo	GameControl_HandleSelectRightL	new-hint	FE_GBA_Function_Library
0x08009914	0x08009A24	GameControl_CallEraseMural		new-hint	FE_GBA_Function_Library
0x08009950	-			new-hint	FE_GBA_Function_Library
0x080099BC	0x08009A6C	EndProcIfNotMarkedB	Delete6CIfNotMarkedB	funcmap-agree	FE_GBA_Function_Library
0x080099D4	0x08009A84	GameControl_ClearPaletteAndReset		new-hint	FE_GBA_Function_Library
0x08009A0C	0x08009ABC	GameControl_StartMainTheme		funcmap-agree	FE_GBA_Function_Library
0x08009A28	0x08009AD8	GameControl_FadeBgmVolume		funcmap-agree	FE_GBA_Function_Library
0x08009A3C	0x08009AEC	GameControl_PostIntro		new-hint	FE_GBA_Function_Library
0x08009AB4	0x08009B64	GameControl_PostClassReel		new-hint	FE_GBA_Function_Library
0x08009B7C	0x08009C1C	GameControl_GotoTitleIfAction5		new-hint	FE_GBA_Function_Library
0x08009B94	-			new-hint	FE_GBA_Function_Library
0x08009BA0	0x08009C40	GameControl_GotoChapterSwitchIfClassReel		new-hint	FE_GBA_Function_Library
0x08009BBC	0x08009C5C	GameControl_InitTutorialGame		new-hint	FE_GBA_Function_Library
0x08009C04	0x08009CA4	GameCtrlStartExtraMap		new-hint	FE_GBA_Function_Library
0x08009C20	0x08009CC0	GameControl_InvalidateSuspendSave		new-hint	FE_GBA_Function_Library
0x08009C40	0x08009CE0	GameControl_PostChapterSwitch		new-hint	FE_GBA_Function_Library
0x08009C7C	0x08009D1C	GameCtrl_CheckNewGameAndBranch		new-hint	FE_GBA_Function_Library
0x08009CA4	0x08009D44	GameCtrl_CheckGameCompleteAndBranch		new-hint	FE_GBA_Function_Library
0x08009CF8	0x08009D98	GameControl_ChapterSwitch		new-hint	FE_GBA_Function_Library
0x08009D40	0x08009DE0	GameControl_CallPostChapterSaveMenu	CallActualSaveMenu	new-hint	FE_GBA_Function_Library
0x08009D60	0x08009E00	GameCtrlStartIntroMonologue		new-hint	FE_GBA_Function_Library
0x08009DB4	0x08009E54	GameControl_StartRuinEvent		new-hint	FE_GBA_Function_Library
0x08009DF8	0x08009E98	CallGameEndingEvent		new-hint	FE_GBA_Function_Library
0x08009E3C	0x08009EDC	GameControl_RememberChapterId	GameControl_GetChapterIdToProc	funcmap-agree	FE_GBA_Function_Library
0x08009E4C	0x08009EEC	GameControl_RestoreChapterId	GameControl_GetChapterIdFromProc	funcmap-agree	FE_GBA_Function_Library
0x08009E5C	0x08009EFC	_SetGameEndFlag		new-hint	FE_GBA_Function_Library
0x08009E68	0x08009F08	StartGame	NewGameControl	new-hint	FE_GBA_Function_Library
0x08009EA0	0x08009F40	GetGameControl	GetGameControl	new-hint	FE_GBA_Function_Library
0x08009EB0	0x08009F50	SetNextGameActionId	SetNextGameActionId	funcmap-agree	FE_GBA_Function_Library
0x08009EC4	0x08009F64	SetNextChapterId	SetNextChapterId	funcmap-agree	FE_GBA_Function_Library
0x08009ED8	0x08009F78	HasNextChapter		funcmap-agree	FE_GBA_Function_Library
0x08009EEC	0x08009F8C	RestartGameAndGoto8	RestartGameAndGoto8	new-hint	FE_GBA_Function_Library
0x08009F10	0x08009FB0	RestartGameAndGoto12	RestartGameAndGoto12	new-hint	FE_GBA_Function_Library
0x08009F34	0x08009FD4	RestartGameAndGoto7	nullsub_RestartGameAndGoto7	new-hint	FE_GBA_Function_Library
0x08009F38	0x08009FD8	Nop_Gamecontrol_0	nullsub_9	new-hint	FE_GBA_Function_Library
0x08009F3C	0x08009FDC	GameControl_EnableSoundEffects	GameControl_EnableSoundEffects	funcmap-agree	FE_GBA_Function_Library
0x08009F58	0x08009FF8	GameControl_ResetPlayConfig		funcmap-agree	FE_GBA_Function_Library
0x08009FA8	0x0800A240	GetStringFromIndex	String_GetFromIndex	new-hint	FE_GBA_Function_Library
0x08009FE4	-			new-hint	FE_GBA_Function_Library
0x0800A004	0x0800A2A4	StringInsertSpecialPrefixByCtrl	String_ExpandNames	new-hint	FE_GBA_Function_Library
0x0800A118	0x0800A3B8	StrInsertTact	String_ExpandTactName	new-hint	FE_GBA_Function_Library
0x0800A788	0x0800A42C	Spline_Ease		new-hint	FE_GBA_Function_Library
0x0800A844	0x0800A4E8	Spline_PrepareSegmentControls		funcmap-agree	FE_GBA_Function_Library
0x0800A874	0x0800A518	Spline_ComputeRightTangents		new-hint	FE_GBA_Function_Library
0x0800A9DC	0x0800A680	Spline_ComputeLeftTangents		new-hint	FE_GBA_Function_Library
0x0800AB34	0x0800A7D8	Spline_BuildCubicCoeffs		new-hint	FE_GBA_Function_Library
0x0800AC34	0x0800A8D8	Spline_FindSegment		new-hint	FE_GBA_Function_Library
0x0800ACA8	0x0800A950	Spline_Eval		new-hint	FE_GBA_Function_Library
0x0800AEB0	0x0800AB58	Spline_QuaternionToMatrix4x4		new-hint	FE_GBA_Function_Library
0x0800B044	0x0800ACEC	Spline_QuaternionToMatrix3x3		new-hint	FE_GBA_Function_Library
0x0800B1D4	0x0800AE7C	Spline_EvalTransformChannels		funcmap-agree	FE_GBA_Function_Library
0x0800B2BC	0x0800AF64	Spline_EvalIndirect		new-hint	FE_GBA_Function_Library
0x0800B4C4	0x0800B16C	Spline_EvalTwoChannels		funcmap-agree	FE_GBA_Function_Library
0x0800B4F0	0x0800B198	Spline_SetupSegment3		new-hint	FE_GBA_Function_Library
0x0800B6C0	0x0800B388	Spline_SetupSegment4		new-hint	FE_GBA_Function_Library
0x0800B88C	0x0800B574	Spline_SetupSegment3B		new-hint	FE_GBA_Function_Library
0x0800BA5C	0x0800B764	Spline_SetupChannels		new-hint	FE_GBA_Function_Library
0x0800BAD0	0x0800B7E0	_DivArm1		new-hint	FE_GBA_Function_Library
0x0800BB3C	0x0800B84C	_DivArm2		new-hint	FE_GBA_Function_Library
0x0800BC00	0x0800B910	CopyBgImage		new-hint	FE_GBA_Function_Library
0x0800BC44	0x0800B954	CopyBgTiles		new-hint	FE_GBA_Function_Library
0x0800BC84	0x0800B994	CopyBgPalette		new-hint	FE_GBA_Function_Library
0x0800BCA8	0x0800B9B8	BgChangeChr		new-hint	FE_GBA_Function_Library
0x0800BCF4	0x0800BA04	BackupPalette		new-hint	FE_GBA_Function_Library
0x0800BD24	0x0800BA34	RestorePalette		new-hint	FE_GBA_Function_Library
0x0800BD4C	0x0800BA5C	SetSomeRealCamPos	SetSomeRealCamPos	new-hint	FE_GBA_Function_Library
0x0800BD98	0x0800BAA8	EventSetFogVisionExt		new-hint	FE_GBA_Function_Library
0x0800BDE8	0x0800BAF8	TriggerMapChanges	TriggerMapChanges	new-hint	FE_GBA_Function_Library
0x0800BE34	0x0800BB48	UntriggerMapChange	UntriggerMapChange	new-hint	FE_GBA_Function_Library
0x0800BE84	0x0800BB98	ResetBkselPalette		new-hint	FE_GBA_Function_Library
0x0800BEA0	0x0800BBB4	GetAllyUnitCount		new-hint	FE_GBA_Function_Library
0x0800BED0	0x0800BBE4	GetNpcUnitCount		new-hint	FE_GBA_Function_Library
0x0800BF08	0x0800BC1C	HideAllUnits	HideAllUnits	new-hint	FE_GBA_Function_Library
0x0800BF3C	0x0800BC50	GetUnitStructFromEventParameter	GetUnitStructFromEventParameter	new-hint	FE_GBA_Function_Library
0x0800BFC8	0x0800BCDC	ChangeUnitSpritePalette		new-hint	FE_GBA_Function_Library
0x0800C0B8	0x0800BDCC	Event80_WmSkip_Unsure	Event80_	new-hint	FE_GBA_Function_Library
0x0800C0D4	0x0800BDE8	Event81_WmFadeOut	Event81_	new-hint	FE_GBA_Function_Library
0x0800C118	0x0800BE2C	Event82_WmEnd	Event82_EndWM	new-hint	FE_GBA_Function_Library
0x0800C124	0x0800BE38	Event83_WmSetCamera	Event83_WM_SETCAM	new-hint	FE_GBA_Function_Library
0x0800C13C	0x0800BE4C	Event84_WmSetCameraOntoNode	Event84_WM_SETCAMONLOC	new-hint	FE_GBA_Function_Library
0x0800C17C	0x0800BE8C	Event85_WmSetCameraOntoUnit	Event85_WM_SETCAMONSPRITE	new-hint	FE_GBA_Function_Library
0x0800C1C4	0x0800BED4	Event86_WmScrollCamera	Event86_WM_MOVECAM	new-hint	FE_GBA_Function_Library
0x0800C224	0x0800BF38	Event87_WmScrollCameraOntoNode	Event87_	new-hint	FE_GBA_Function_Library
0x0800C2B8	0x0800BFD8	Event88_WmScrollCameraOntoUnit	Event88_	new-hint	FE_GBA_Function_Library
0x0800C35C	0x0800C084	Event89_WmScrollWait	Event89_	new-hint	FE_GBA_Function_Library
0x0800C390	0x0800C0B8	Event8A_WmShowCursor_Unsure	Event8A_	funcmap-agree	FE_GBA_Function_Library
0x0800C3A0	0x0800C0C8	Event8B_WmHideCursor_Unsure	Event8B_	new-hint	FE_GBA_Function_Library
0x0800C3C8	0x0800C0F0	Event8D_WmNop	Event8D_	new-hint	FE_GBA_Function_Library
0x0800C3E0	0x0800C108	Event8E_WmNop	Event8E_	new-hint	FE_GBA_Function_Library
0x0800C3F8	0x0800C120	Event8F_WmNop	Event8F_	new-hint	FE_GBA_Function_Library
0x0800C410	0x0800C138	Event90_WmAddPathDisplayed	Event90_WM_DRAWPATH	new-hint	FE_GBA_Function_Library
0x0800C43C	0x0800C164	Event91_WmAddPath	Event91_WM_DRAWPATH_Silent	new-hint	FE_GBA_Function_Library
0x0800C470	0x0800C198	Event92_WmRemovePath	Event92_REMOVEPATH	new-hint	FE_GBA_Function_Library
0x0800C4A4	0x0800C1CC	Event93_WmEnableNode	Event93_	funcmap-agree	FE_GBA_Function_Library
0x0800C4C0	0x0800C1E8	Event94_WmDisableNode	Event94_	funcmap-agree	FE_GBA_Function_Library
0x0800C4DC	0x0800C204	Event95_WmEnableNodeDisplayed	Event95_	new-hint	FE_GBA_Function_Library
0x0800C52C	0x0800C254	Event96_WmEnablePathTargetDisplayed	Event96_	new-hint	FE_GBA_Function_Library
0x0800C5B4	0x0800C2DC	Event97_WmInitNextStoryNode	Event97_	new-hint	FE_GBA_Function_Library
0x0800C644	0x0800C36C	Event98_WmSetNextStoryNodePath	Event98_	new-hint	FE_GBA_Function_Library
0x0800C70C	0x0800C434	Event99_GmNodeDisplayWait	Event99_	new-hint	FE_GBA_Function_Library
0x0800C740	0x0800C468	Event9A_WmSetStoryNodeSilent	Event9A_	new-hint	FE_GBA_Function_Library
0x0800C7A0	0x0800C4C8	Event9B_WmSetNextStoryNodeSilentNoFlag	Event9B_	funcmap-agree	FE_GBA_Function_Library
0x0800C7BC	0x0800C4E4	Event9C_	Event9C_	new-hint	FE_GBA_Function_Library
0x0800C800	0x0800C528	Event9D_	Event9D_	funcmap-agree	FE_GBA_Function_Library
0x0800C834	0x0800C55C	Event9E_WmSetClassUnit	Event9E_PUTSPRITE	new-hint	FE_GBA_Function_Library
0x0800C84C	0x0800C574	Event9F_WmSetCharUnit	Event9F_	new-hint	FE_GBA_Function_Library
0x0800C864	0x0800C58C	EventA0_WmRemoveUnit	EventA0_REMSPRITE	new-hint	FE_GBA_Function_Library
0x0800C874	0x0800C59C	EventA1_WmShowUnit	EventA1_	new-hint	FE_GBA_Function_Library
0x0800C884	0x0800C5AC	EventA2_WmHideUnit	EventA2_	new-hint	FE_GBA_Function_Library
0x0800C894	0x0800C5BC	EventA3_WmShowUnitFaded	EventA3_	new-hint	FE_GBA_Function_Library
0x0800C8D0	0x0800C5F8	EventA4_WmHideUnitFaded	EventA4_	new-hint	FE_GBA_Function_Library
0x0800C90C	0x0800C634	EventA5_WmUnitFadeWait	EventA5_	new-hint	FE_GBA_Function_Library
0x0800C934	0x0800C65C	EventA6_WmUnitSetOnNode	EventA6_	new-hint	FE_GBA_Function_Library
0x0800C994	0x0800C6C0	EventA8_WmUnitMoveFree	EventA8_	new-hint	FE_GBA_Function_Library
0x0800CA34	0x0800C754	EventA9_WmUnitMovePaths	EventA9_	new-hint	FE_GBA_Function_Library
0x0800CA94	0x0800C7B4	EventAA_WmUnitPauseMove	EventAA_	new-hint	FE_GBA_Function_Library
0x0800CAC4	0x0800C7E4	EventAB_WmUnitResumeMove	EventAB_	new-hint	FE_GBA_Function_Library
0x0800CAF4	0x0800C814	EventAC_WmUnitMoveWait	EventAC_	new-hint	FE_GBA_Function_Library
0x0800CB38	0x0800C85C	EventAD_WmFadeToDarker	EventAD_	new-hint	FE_GBA_Function_Library
0x0800CB60	0x0800C884	EventAE_WmFadeToDarkerWait	EventAE_	new-hint	FE_GBA_Function_Library
0x0800CB8C	0x0800C8B0	EventAF_WmShowTextBox	EventAF_	new-hint	FE_GBA_Function_Library
0x0800CBB0	0x0800C8D4	EventB0_WmHideTextBox_Bugged	EventB0_	new-hint	FE_GBA_Function_Library
0x0800CBD4	0x0800C8F8	EventB1_WmTextBoxWait	EventB1_	new-hint	FE_GBA_Function_Library
0x0800CC00	0x0800C924	EventB2_WmFancyFade	EventB2_	new-hint	FE_GBA_Function_Library
0x0800CC14	0x0800C938	EventB3_WmFancyFadeWait	EventB3_	new-hint	FE_GBA_Function_Library
0x0800CC2C	0x0800C950	EventB4_WmDisplayBigMap	EventB4_	new-hint	FE_GBA_Function_Library
0x0800CC5C	0x0800C980	EventB5_WmHideBigMap	EventB5_	new-hint	FE_GBA_Function_Library
0x0800CC7C	0x0800C9A0	EventB6_WmMoveBigMap	EventB6_	new-hint	FE_GBA_Function_Library
0x0800CCC4	0x0800C9F0	EventB7_WmBigMapWait	EventB7_	new-hint	FE_GBA_Function_Library
0x0800CCEC	0x0800CA18	EventB8_WmShowBigMapHighlight	EventB8_	new-hint	FE_GBA_Function_Library
0x0800CD0C	0x0800CA38	EventB9_WmRemoveHighlightNationPart1	EventB9_	new-hint	FE_GBA_Function_Library
0x0800CD34	0x0800CA60	EventBA_WmRemoveHighlightNationPart2	EventBA_	new-hint	FE_GBA_Function_Library
0x0800CD70	0x0800CA9C	EventBB_	EventBB_	new-hint	FE_GBA_Function_Library
0x0800CDB0	0x0800CADC	EventBC_MarkPoint	EventBC_	new-hint	FE_GBA_Function_Library
0x0800CE18	0x0800CB48	EventBD_	EventBD_	new-hint	FE_GBA_Function_Library
0x0800CE40	0x0800CB70	EventBE_	EventBE_	new-hint	FE_GBA_Function_Library
0x0800CE7C	0x0800CBAC	EventBF_	EventBF_	new-hint	FE_GBA_Function_Library
0x0800CEA8	0x0800CBD8	EventC0_	EventC0_	new-hint	FE_GBA_Function_Library
0x0800CEC0	0x0800CBF0	EventC1_SKIPWM	EventC1_SKIPWM	funcmap-agree	FE_GBA_Function_Library
0x0800CED4	0x0800CC04	EventC2_WmNoFade	EventC2_	funcmap-agree	FE_GBA_Function_Library
0x0800CEE8	0x0800CC18	EventC3_SpawnLord	EventC3_	new-hint	FE_GBA_Function_Library
0x0800CF2C	0x0800CC5C	EventCE_	EventCE_	new-hint	FE_GBA_Function_Library
0x0800CF44	0x0800CC74	EventCF_	EventCF_	new-hint	FE_GBA_Function_Library
0x0800CF5C	0x0800CC8C	EventC4_WmShowPortrait	EventC4_	new-hint	FE_GBA_Function_Library
0x0800CFB4	0x0800CCF0	EventC5_WmClearPortrait	EventC5_	new-hint	FE_GBA_Function_Library
0x0800D004	0x0800CD40	EventFaceDeamonDelete		new-hint	FE_GBA_Function_Library
0x0800D014	0x0800CD50	EventC6_WmDisplayText	EventC6_	new-hint	FE_GBA_Function_Library
0x0800D04C	0x0800CD88	EventC7_	EventC7_	new-hint	FE_GBA_Function_Library
0x0800D06C	0x0800CDA8	EventC8_	EventC8_	new-hint	FE_GBA_Function_Library
0x0800D08C	0x0800CDC8	EventC9_RemoveWmText	EventC9_	new-hint	FE_GBA_Function_Library
0x0800D0BC	0x0800CDF8	EventCC_	EventCC_	new-hint	FE_GBA_Function_Library
0x0800D0EC	0x0800CE28	EventCD_	EventCD_	new-hint	FE_GBA_Function_Library
0x0800D104	0x0800CE40	_FreezeMenu	_MarkSomethingInMenu	new-hint	FE_GBA_Function_Library
0x0800D110	0x0800CE4C	EventEngine_OnUpdate	EventEngine_Loop	new-hint	FE_GBA_Function_Library
0x0800D220	0x0800CF5C	EventEngine_OnEnd	EventEngine_Destructor	new-hint	FE_GBA_Function_Library
0x0800D2D0	0x0800D00C	EnqueueEventCall	EqueueEventEngineCall	funcmap-agree	FE_GBA_Function_Library
0x0800D308	0x0800D044	CallNextQueuedEvent	HandleNextEventEngineCall	funcmap-agree	FE_GBA_Function_Library
0x0800D340	0x0800D07C	CallEvent	CallMapEventEngine	new-hint	FE_GBA_Function_Library
0x0800D374	0x0800D0B0	EventEngine_Create	StartMapEventEngine	new-hint	FE_GBA_Function_Library
0x0800D404	0x0800D140	EventEngine_CreateBattle	StartBattleEventEngine	new-hint	FE_GBA_Function_Library
0x0800D45C	0x0800D198	EventEngineExists	MapEventEngineExists	new-hint	FE_GBA_Function_Library
0x0800D474	0x0800D1B0	BattleEventEngineExists	BattleEventEngineExists	new-hint	FE_GBA_Function_Library
0x0800D48C	0x0800D1C8	DeleteEventEngines	DeleteEventEngines	new-hint	FE_GBA_Function_Library
0x0800D4BC	0x0800D1F8	SetEventSlotC	SetEventSlotC	new-hint	FE_GBA_Function_Library
0x0800D4CC	0x0800D208	IsActiveEventTextTypeOnMap		new-hint	FE_GBA_Function_Library
0x0800D524	0x0800D260	CallBattleQuoteEvent		funcmap-agree	FE_GBA_Function_Library
0x0800D548	0x0800D284	CallBattleQuoteEventInBattle	CallBattleQuoteTextEvents	funcmap-agree	FE_GBA_Function_Library
0x0800D568	0x0800D2A4	CallTileChangeEvent		funcmap-agree	FE_GBA_Function_Library
0x0800D594	0x0800D2D0	CallChestOpeningEvent	CallSomeOtherEvents	funcmap-agree	FE_GBA_Function_Library
0x0800D5C8	0x0800D304	CallMapSupportEvent		funcmap-agree	FE_GBA_Function_Library
0x0800D5F4	0x0800D330	CallSupportViewerEvent		funcmap-agree	FE_GBA_Function_Library
0x0800D618	0x0800D354	CallRetreatPromptEvent		funcmap-agree	FE_GBA_Function_Library
0x0800D640	0x0800D37C	CallSuspendPromptEvent		funcmap-agree	FE_GBA_Function_Library
0x0800D654	0x0800D390	CallGameOverEvent	StartGameOverEvent	funcmap-agree	FE_GBA_Function_Library
0x0800D668	0x0800D3A4	EventEngine_CanStartSkip	EventEngine_CanSkipMaybe	new-hint	FE_GBA_Function_Library
0x0800D6A8	0x0800D3E4	SetDialogueSkipEvBit	SetDialogueSkipEvBit	new-hint	FE_GBA_Function_Library
0x0800D6D8	0x0800D414	EventEngine_StartSkip	EventEngine_EnableSkip	new-hint	FE_GBA_Function_Library
0x0800D74C	0x0800D488	EventEngine_BlankTalkDisplay		new-hint	FE_GBA_Function_Library
0x0800D760	0x0800D49C	SetEventTriggerState		new-hint	FE_GBA_Function_Library
0x0800D77C	0x0800D4B8	GetEventTriggerState	CheckEventId_	new-hint	FE_GBA_Function_Library
0x0800D798	0x0800D4D4	MergeGenericProc		new-hint	FE_GBA_Function_Library
0x0800D7EC	0x0800D528	SlotQueuePush	SlotQueuePush	funcmap-agree	FE_GBA_Function_Library
0x0800D808	0x0800D544	SlotQueuePop	SlotQueuePop	new-hint	FE_GBA_Function_Library
0x0800D844	0x0800D588	SetEventSlotCounter	SetEventCounter	new-hint	FE_GBA_Function_Library
0x0800D850	0x0800D594	GetEventSlotCounter	GetEventCounter	new-hint	FE_GBA_Function_Library
0x0800D860	0x0800D5A4	Event01_End	Event01_End	new-hint	FE_GBA_Function_Library
0x0800D914	0x0800D670	Event02_EvBitAndIdMod	Event02_EvBitAndIdMod	new-hint	FE_GBA_Function_Library
0x0800D97C	0x0800D6E4	Event03_CheckEvBitOrId	Event03_CheckEvBitOrId	new-hint	FE_GBA_Function_Library
0x0800D9DC	0x0800D754	Event04_CheckRandom	Event04_CheckRandom	new-hint	FE_GBA_Function_Library
0x0800DA04	0x0800D77C	Event05_SetSlot	Event05_SetSlot	funcmap-agree	FE_GBA_Function_Library
0x0800DA1C	0x0800D794	Event06_SlotOperation	Event06_SlotOperation	new-hint	FE_GBA_Function_Library
0x0800DBA0	0x0800D918	Event07_SlotQueueOperations	Event07_QueueOperation	new-hint	FE_GBA_Function_Library
0x0800DC08	0x0800D980	Event09_Goto	Event09_Goto	funcmap-agree	FE_GBA_Function_Library
0x0800DC40	0x0800D9B8	Event0A_Call	Event0A_Call	new-hint	FE_GBA_Function_Library
0x0800DC94	0x0800DA2C	Event0B_EnqueueCall	Event0B_EnqueueCall	new-hint	FE_GBA_Function_Library
0x0800DCE0	0x0800DA78	Event0C_Branch	Event0C_Branch	new-hint	FE_GBA_Function_Library
0x0800DD68	0x0800DB00	Event0D_AsmCall	Event0D_AsmCall	new-hint	FE_GBA_Function_Library
0x0800DD9C	0x0800DB38	Event0E_STAL	Event0E_STAL	new-hint	FE_GBA_Function_Library
0x0800DE3C	0x0800DBE0	Event0F_CounterOps	Event0F_CounterOperation	new-hint	FE_GBA_Function_Library
0x0800DEF0	0x0800DC98	Event10_ModifyEvBit	Event10_ModifyEvBit	funcmap-agree	FE_GBA_Function_Library
0x0800DFB0	0x0800DD58	Event11_SetIgnoredKeys	Event11_SetIgnoredKeys	new-hint	FE_GBA_Function_Library
0x0800DFCC	0x0800DD74	Event12_StartBGM	Event12_	new-hint	FE_GBA_Function_Library
0x0800E004	0x0800DDB0	Event13_BgmFadeIn	Event13_	new-hint	FE_GBA_Function_Library
0x0800E064	0x0800DE14	Event14_BgmOverideRestore	Event14_	new-hint	FE_GBA_Function_Library
0x0800E0BC	0x0800DE74	Event15_BgmVolume	Event15_	new-hint	FE_GBA_Function_Library
0x0800E160	0x0800DF20	Event17_Fade	Event17_Fade	new-hint	FE_GBA_Function_Library
0x0800E1FC	0x0800DFBC	Event18_ColorFade	Event18_	new-hint	FE_GBA_Function_Library
0x0800E2C8	0x0800E070	Event19_Checks	Event19_	new-hint	FE_GBA_Function_Library
0x0800E3E0	0x0800E188	Event1A_TEXTSTART	Event1A_TEXTSTART	new-hint	FE_GBA_Function_Library
0x0800E468	0x0800E210	EventText_StartTalkMsg		new-hint	FE_GBA_Function_Library
0x0800E4E8	0x0800E290	EventText_StartCgTextMsg		new-hint	FE_GBA_Function_Library
0x0800E5CC	0x0800E3C8	Event1B_TEXTSHOW	Event1B_TEXTSHOW	new-hint	FE_GBA_Function_Library
0x0800E730	0x0800E51C	Event1D_TalkContinue	Event1C_TEXTCONT	new-hint	FE_GBA_Function_Library
0x0800E774	0x0800E560	Event1D_WaitForLockTalk	Event1D_TEXTEND	new-hint	FE_GBA_Function_Library
0x0800E854	0x0800E640	EndEventFaces		new-hint	FE_GBA_Function_Library
0x0800E8AC	0x0800E698	_WhileFace6CExists	_WhileFace6CExists	new-hint	FE_GBA_Function_Library
0x0800E8C8	0x0800E6B4	Event1E_	Event1E_	new-hint	FE_GBA_Function_Library
0x0800E98C	0x0800E77C	Event1F_	Event1F_	new-hint	FE_GBA_Function_Library
0x0800E9D4	0x0800E7C4	Event20_	Event20_	new-hint	FE_GBA_Function_Library
0x0800E9E0	0x0800E7D0	EventShowTextBgDirect		new-hint	FE_GBA_Function_Library
0x0800EADC	0x0800E8CC	Event21_TextBg	Event21_TextBGStuff	new-hint	FE_GBA_Function_Library
0x0800EC98	0x0800EA84	ConvoBackgroundFade_Init		new-hint	FE_GBA_Function_Library
0x0800EDC4	0x0800EBB0	ConvoBackgroundFade_CopyBg3ToBg2		new-hint	FE_GBA_Function_Library
0x0800EE14	0x0800EC00	ConvoBackgroundFade_CopyBg2ToBg3		new-hint	FE_GBA_Function_Library
0x0800EE64	0x0800EC50	ConvoBackgroundFade_LoadBg2		new-hint	FE_GBA_Function_Library
0x0800EF64	0x0800ED50	ConvoBackgroundFade_LoadBg3		new-hint	FE_GBA_Function_Library
0x0800F068	0x0800EE54	ConvoBackgroundFade_RestoreMap		new-hint	FE_GBA_Function_Library
0x0800F0FC	0x0800EEE8	ConvoBackgroundFade_Loop		new-hint	FE_GBA_Function_Library
0x0800F15C	0x0800EF48	ConvoBackgroundFade_End		new-hint	FE_GBA_Function_Library
0x0800F2DC	0x0800F0C8	Event22_ClearScreen	Event22_CLEAN	new-hint	FE_GBA_Function_Library
0x0800F338	0x0800F124	Event23_DisaleMapDisp	Event23_BlockGameGraphics	new-hint	FE_GBA_Function_Library
0x0800F364	0x0800F150	Event24_EnableMapDisp	Event24_UnblockGameGraphics	new-hint	FE_GBA_Function_Library
0x0800F390	0x0800F17C	Event25_ChangeMap	Event25_LOMA	new-hint	FE_GBA_Function_Library
0x0800F41C	0x0800F20C	Event26_CameraControl	Event26_CameraControlMaybe	new-hint	FE_GBA_Function_Library
0x0800F4D0	0x0800F2D4	Event27_MapChange	Event27_MapChange	new-hint	FE_GBA_Function_Library
0x0800F5EC	0x0800F3EC	Event28_ChangeWeather	Event28_ChangeWeather	new-hint	FE_GBA_Function_Library
0x0800F5FC	0x0800F3FC	Event29_SetFogVision	Event29_SetFogVision	new-hint	FE_GBA_Function_Library
0x0800F62C	0x0800F42C	Event2A_MoveToChapter	Event2A_MoveToChapter	new-hint	FE_GBA_Function_Library
0x0800F704	0x0800F50C	GetLoadUnitsAmount	UNIT_GetListSize	funcmap-agree	FE_GBA_Function_Library
0x0800F720	0x0800F528	ShouldUNITBeLoaded	UNIT_ShouldBeLoaded	new-hint	FE_GBA_Function_Library
0x0800F86C	0x0800F698	EventLoadUnitSliently	UNITs_LoadInstant_800F698	new-hint	FE_GBA_Function_Library
0x0800F8D4	0x0800F704	LoadUnit_0	UNIT_Load_800F704	new-hint	FE_GBA_Function_Library
0x0800FA64	0x0800F8A8	LoadUnit_MoveToPosition		new-hint	FE_GBA_Function_Library
0x0800FAD0	0x0800F914	GetUnitDefinitionFormEventScr	UNIT_Filter	new-hint	FE_GBA_Function_Library
0x0800FCA0	0x0800FB18	Event2B_ConfigLoadUnit	Event2B_	new-hint	FE_GBA_Function_Library
0x0800FD04	0x0800FB84	Event2C_LoadUnits	Event2C_LoadUnits	new-hint	FE_GBA_Function_Library
0x0800FE0C	0x0800FC90	TryPrepareEventUnitMovement	TryPrepareEventUnitMovement	new-hint	FE_GBA_Function_Library
0x0800FE54	0x0800FCD8	ModifyMoveUnitFlag	GetSomeEventEngineMoveRelatedBitfield	new-hint	FE_GBA_Function_Library
0x0800FE88	0x0800FD0C	Event2D_ChangeSpritePal	Event2D_	new-hint	FE_GBA_Function_Library
0x0800FEA4	0x0800FD28	Event2E_CheckAt	Event2E_CheckAt	new-hint	FE_GBA_Function_Library
0x0800FF08	0x0800FD8C	Event2F_MoveUnit	Event2F_MoveUnit	new-hint	FE_GBA_Function_Library
0x08010088	0x0800FF24	Event30_ENUN	Event30_ENUN	new-hint	FE_GBA_Function_Library
0x080100CC	0x0800FF68	Event31_DisplayEffectRange	Event31_DisplayEffectRange	new-hint	FE_GBA_Function_Library
0x0801015C	0x0800FFF8	Event32_SpawnSingleUnit	Event32_SpawnSingleUnit	new-hint	FE_GBA_Function_Library
0x08010270	0x08010110	Event33_CheckUnitVarious	Event33_CheckUnitVarious	new-hint	FE_GBA_Function_Library
0x080103F4	0x08010298	Event34_MessWithUnitState	Event34_MessWithUnitState	new-hint	FE_GBA_Function_Library
0x0801060C	0x080104B0	Event35_UnitClassChanging	Event35_UnitClassChanging	new-hint	FE_GBA_Function_Library
0x080106FC	0x080105A4	Event37_GiveItem	Event37_GiveItem	new-hint	FE_GBA_Function_Library
0x08010770	0x08010618	Event38_ChangeActiveUnit	Event38_ChangeActiveUnit	new-hint	FE_GBA_Function_Library
0x0801079C	0x08010644	Event39_ChangeAiScript	Event39_CHAI	new-hint	FE_GBA_Function_Library
0x08010834	0x080106E4	Event3A_DisplayPopup	Event3A_	new-hint	FE_GBA_Function_Library
0x08010890	0x08010748	EventDisplayCursor_Loop		new-hint	FE_GBA_Function_Library
0x080108E4	0x0801079C	Event3B_DisplayCursor	Event3B_	new-hint	FE_GBA_Function_Library
0x08010994	0x08010850	Event3C_MoveCursor	Event3C_	new-hint	FE_GBA_Function_Library
0x080109F0	0x080108AC	Event3D_MenuOverride	Event3D_	new-hint	FE_GBA_Function_Library
0x08010AAC	0x08010968	Event3E_PrepScreenCall	Event3E_PrepScreenCall	new-hint	FE_GBA_Function_Library
0x08010AD0	0x0801098C	GenerateScriptBattleHitFormEventQueue		funcmap-agree	FE_GBA_Function_Library
0x08010B6C	0x08010A28	ScriptBattleDeamon		new-hint	FE_GBA_Function_Library
0x08010B9C	0x08010A58	Event3F_ScriptBattle	Event3F_	new-hint	FE_GBA_Function_Library
0x08010C84	0x08010B48	WaitEventPromoteDone		new-hint	FE_GBA_Function_Library
0x08010D24	0x08010BEC	Event41_Warp	Event41_	new-hint	FE_GBA_Function_Library
0x08010D9C	0x08010C70	Event42_EarthQuake	Event42_	new-hint	FE_GBA_Function_Library
0x08010E1C	-			new-hint	FE_GBA_Function_Library
0x08010E38	0x08010CF0	Event43_SummonUnit	Event43_	new-hint	FE_GBA_Function_Library
0x08010E70	0x08010D28	Event44_BreakingSacredStone	Event44_	new-hint	FE_GBA_Function_Library
0x08010EA4	0x08010D5C	Event45_GlowingCross	Event45_	new-hint	FE_GBA_Function_Library
0x08010F08	0x08010DC0	ReputConvoBg_unused		new-hint	FE_GBA_Function_Library
0x08010F98	0x08010E50	ResetDialogueScreen		new-hint	FE_GBA_Function_Library
0x08010FB4	0x08010E6C	EventShinningCursorAdvance		new-hint	FE_GBA_Function_Library
0x08011030	0x08010EE8	ShinningEventCursor		new-hint	FE_GBA_Function_Library
0x08011080	0x08010F38	ParsePopupInstAndGetLen	PopupProc_GetInnerLength	new-hint	FE_GBA_Function_Library
0x08011184	0x0801106C	GeneratePopupText	GenSomeLongPopupText	new-hint	FE_GBA_Function_Library
0x08011258	0x0801116C	PopupProc_Init		funcmap-agree	FE_GBA_Function_Library
0x08011288	0x0801119C	PopupProc_PrepareGfx	PopupProc_InitGfx	new-hint	FE_GBA_Function_Library
0x080112E0	0x080111F4	PopupProc_MaybeSetVolume		new-hint	FE_GBA_Function_Library
0x080112FC	0x08011210	PopupProc_PlaySound	PopupProc_PlaySound	new-hint	FE_GBA_Function_Library
0x08011324	0x08011238	PopupProc_MaybeResetVolume		new-hint	FE_GBA_Function_Library
0x08011340	0x08011254	PopupIconUpdateProc_Loop	PopupIconUpdaterLoop	new-hint	FE_GBA_Function_Library
0x0801135C	0x08011270	PopupProc_GfxDraw	PopupProc_Display	new-hint	FE_GBA_Function_Library
0x080114AC	0x080113C0	PopupProc_WaitForPress	PopupProc_WaitForPress	new-hint	FE_GBA_Function_Library
0x080114E4	0x080113F8	PopupProc_GfxClear	LongPopup_Clear	new-hint	FE_GBA_Function_Library
0x0801153C	0x08011450	SetPopupUnit	SetPopupUnit	new-hint	FE_GBA_Function_Library
0x08011548	0x0801145C	SetPopupItem	SetPopupItem	new-hint	FE_GBA_Function_Library
0x08011554	0x08011468	SetPopupNumber	SetPopupNumber	funcmap-disagree	FE_GBA_Function_Library
0x08011560	0x08011474	NewPopup_Simple	Popup_Create	funcmap-agree	FE_GBA_Function_Library
0x0801157C	0x08011490	NewPopupCore	Popup_CreateExt	new-hint	FE_GBA_Function_Library
0x080115C8	0x080114DC	NewPopup_ItemGot_unused	NewGotItemPopup	funcmap-agree	FE_GBA_Function_Library
0x08011610	0x08011524	ItemGot_DisplayLePopup	ItemGot_DisplayLePopup	funcmap-agree	FE_GBA_Function_Library
0x08011624	0x08011538	ItemGot_GotLeItem	ItemGot_GotLeItem	new-hint	FE_GBA_Function_Library
0x08011640	0x08011554	NewPopup_ItemGot	NewItemGot	new-hint	FE_GBA_Function_Library
0x08011688	0x0801159C	NewPopup_GeneralItemGot	NewGeneralItemGot	new-hint	FE_GBA_Function_Library
0x080116C8	0x080115DC	NewGoldNumPopup_unused		funcmap-agree	FE_GBA_Function_Library
0x08011710	0x08011624	NewNumberPopup_unused		funcmap-agree	FE_GBA_Function_Library
0x08011730	0x08011644	NewPopup_GoldGot	NewGoldGotPopup	new-hint	FE_GBA_Function_Library
0x08011780	0x08011694	NewPopup_ItemStealing	CreateItemStealingPopup	funcmap-agree	FE_GBA_Function_Library
0x080117CC	0x080116E0	NewPopup_WeaponBroke	NewPopup_WeaponBroke	funcmap-agree	FE_GBA_Function_Library
0x080117F0	0x08011704	NewPopup_WRankIncrease	NewPopup_WRankIncrease	funcmap-agree	FE_GBA_Function_Library
0x08011814	0x08011728	NewPopup_NewAlly	CreateNewUnitPopup	new-hint	FE_GBA_Function_Library
0x0801183C	0x08011750	NewPopup_VerySimple		new-hint	FE_GBA_Function_Library
0x08011870	0x08011784	BrownTextBox_Loop		new-hint	FE_GBA_Function_Library
0x08011B08	0x08011A1C	BrownTextBox_SetBlendFlag		new-hint	FE_GBA_Function_Library
0x08011B2C	0x08011AF4	BrownTextBox_FadeOutInit		new-hint	FE_GBA_Function_Library
0x08011B84	0x08011AA0	BrownTextBox_FadeInLoop		new-hint	FE_GBA_Function_Library
0x08011BD8	0x08011A48	BrownTextBox_FadeInInit		new-hint	FE_GBA_Function_Library
0x08011C30	0x08011B4C	BrownTextBox_FadeOutLoop		new-hint	FE_GBA_Function_Library
0x08011C74	0x08011B90	BrownTextBox_FadeOutEnd		new-hint	FE_GBA_Function_Library
0x08011C88	0x08011BA4	StartBrownTextBoxCore		new-hint	FE_GBA_Function_Library
0x08011D78	0x08011C94	StartBrownTextBox		new-hint	FE_GBA_Function_Library
0x08011DB0	0x08011CCC	ChangeUnitAi	ChangeUnitAIThing	funcmap-agree	FE_GBA_Function_Library
0x08011DF4	0x08011D10	ChangeAiForCharacter		new-hint	FE_GBA_Function_Library
0x08011E44	0x08011D60	ChangeAiForPositions		new-hint	FE_GBA_Function_Library
0x08011ED0	0x08011DF4	EvtBattleGenerateRealInternal		new-hint	FE_GBA_Function_Library
0x08011FA4	0x08011EC8	EvtBattleGenerateReal		funcmap-agree	FE_GBA_Function_Library
0x08011FB8	0x08011EDC	EvtBattleGenerateBallistaReal		funcmap-agree	FE_GBA_Function_Library
0x08011FCC	0x08011EF0	StartScriptBattleAnim		new-hint	FE_GBA_Function_Library
0x08012038	0x08011F5C	StartEventBattle		new-hint	FE_GBA_Function_Library
0x080122A4	0x080121D4	EventBattleReloadBmStatus		new-hint	FE_GBA_Function_Library
0x08012340	0x08012270	EventPromoteUnitExt		new-hint	FE_GBA_Function_Library
0x080123F4	0x08012324	RestoreScreenAfterPromotion		new-hint	FE_GBA_Function_Library
0x08012414	0x08012344	GetChapterAllyUnitCount	GetChapterAllyUnitCount	new-hint	FE_GBA_Function_Library
0x08012430	0x08012360	InitPlayerUnitPositionsForPrepScreen	InitPlayerUnitPositionsForPrepScreen	new-hint	FE_GBA_Function_Library
0x080124DC	0x0801240C	SyncUnitDeploymentState		new-hint	FE_GBA_Function_Library
0x0801254C	0x0801247C	AssignUnitToFreeDeploySlot		new-hint	FE_GBA_Function_Library
0x0801263C	0x08012578	GetNextDeployedPlayerUnitId		new-hint	FE_GBA_Function_Library
0x08012684	0x080125C0	BuildDeployedUnitDefinitionList		new-hint	FE_GBA_Function_Library
0x08012700	0x0801263C	StoreUnitWordStructs	StoreUnitWordStructs	new-hint	FE_GBA_Function_Library
0x0801273C	0x08012678	LoadUnitWordStructs	LoadUnitWordStructs	new-hint	FE_GBA_Function_Library
0x08012780	0x080126BC	EventFadefx_Loop		new-hint	FE_GBA_Function_Library
0x08012888	0x080127C4	EventStartFade		new-hint	FE_GBA_Function_Library
0x080128E8	0x08012824	EventEndFade		new-hint	FE_GBA_Function_Library
0x08012954	0x08012890	NewEventFadefx		new-hint	FE_GBA_Function_Library
0x08012A14	0x08012950	StartEventWarpAnim_ret		new-hint	FE_GBA_Function_Library
0x08012A38	0x08012974	EventWarpAnimExists_ret		new-hint	FE_GBA_Function_Library
0x08012A48	0x08012984	Eventfx_SetScreenConfig		new-hint	FE_GBA_Function_Library
0x08012AF0	0x08012A2C	ShinningStonefx_InitGfx		new-hint	FE_GBA_Function_Library
0x08012B28	0x08012A64	ShinningStonefx_CreateSpriteAnim		new-hint	FE_GBA_Function_Library
0x08012B84	0x08012AC0	ShinningStonefx_Delay		new-hint	FE_GBA_Function_Library
0x08012BDC	0x08012B84	CheckBoomFogFxExists		new-hint	FE_GBA_Function_Library
0x08012BF4	0x08012B3C	NewBoomFogFx		new-hint	FE_GBA_Function_Library
0x08012C3C	0x080342FC	IsPrepMapActive	BBExists	new-hint	FE_GBA_Function_Library
0x08012C54	0x08012B9C	EventEarthQuakeMain		new-hint	FE_GBA_Function_Library
0x08012CEC	0x08012C34	StartEventEarthQuake		new-hint	FE_GBA_Function_Library
0x08012D40	0x08012C88	EndEventEarthQuake		new-hint	FE_GBA_Function_Library
0x08012D9C	0x08012CE4	StoneShatterEvent_OnEnd		new-hint	FE_GBA_Function_Library
0x08012DB4	0x08012CFC	StartStoneShatterAnim		new-hint	FE_GBA_Function_Library
0x08012E84	0x08012DCC	Interpolate		new-hint	FE_GBA_Function_Library
0x08012F50	0x08012E98	StringCompare		funcmap-agree	FE_GBA_Function_Library
0x08012F78	0x08012EC0	CopyString	String_CopyTo	funcmap-agree	FE_GBA_Function_Library
0x08012F94	0x08012EDC	UnpackRaw	CopyNoCompData	new-hint	FE_GBA_Function_Library
0x08012FD8	0x08012F20	DecompressViaGenericBuf		new-hint	FE_GBA_Function_Library
0x08013008	0x08012F50	Decompress	Decompress	new-hint	FE_GBA_Function_Library
0x08013048	0x08012F90	GetDataSize	GetNoCompDataSize	new-hint	FE_GBA_Function_Library
0x08013050	0x08012F98	GfxLoadCursor_Init		funcmap-agree	FE_GBA_Function_Library
0x08013068	0x08012FB0	GfxLoadCursor_Decompress		funcmap-agree	FE_GBA_Function_Library
0x08013098	0x08012FE0	GfxLoadCursor_Skip		funcmap-agree	FE_GBA_Function_Library
0x080130AC	0x08012FF4	Register2dChrMove	RegisterObjectTileGraphics	new-hint	FE_GBA_Function_Library
0x080130D8	0x08013020	Copy2dChr	CopyTileGfxForObj	new-hint	FE_GBA_Function_Library
0x08013110	0x08013058	ApplyBitmap		funcmap-agree	FE_GBA_Function_Library
0x0801314C	0x08013094	ApplyBitmapLine		funcmap-agree	FE_GBA_Function_Library
0x08013174	0x080130BC	ApplyBitmapTile		funcmap-agree	FE_GBA_Function_Library
0x080131BC	0x08013104	PutAppliedBitmap		funcmap-agree	FE_GBA_Function_Library
0x080131F0	0x08013138	PutDigits		funcmap-agree	FE_GBA_Function_Library
0x08013220	0x08013168	PutNumberTilesRightAligned		funcmap-agree	FE_GBA_Function_Library
0x08013260	0x080131A8	Bmlib_SetCounter		new-hint	FE_GBA_Function_Library
0x08013268	0x080131B0	Bmlib_IncrementCounter		funcmap-agree	FE_GBA_Function_Library
0x0801327C	0x080131C4	Bmlib_DecrementCounter		funcmap-agree	FE_GBA_Function_Library
0x08013288	0x080131D0	InitWindowScanlineBounds		funcmap-agree	FE_GBA_Function_Library
0x080132A8	0x080131F0	RasterizeWindowEdge		new-hint	FE_GBA_Function_Library
0x08013330	0x08013278	MakeCircleWindowBounds		funcmap-agree	FE_GBA_Function_Library
0x08013458	0x080133A0	DarkenPals		new-hint	FE_GBA_Function_Library
0x080134E4	0x0801342C	Bmlib_DeadRecursiveStub		new-hint	FE_GBA_Function_Library
0x08013504	0x0801344C	GetPalFadeSt	GetPaletteFadeBuffer	new-hint	FE_GBA_Function_Library
0x0801350C	0x08013454	SetPalFadeStClkEnd		funcmap-agree	FE_GBA_Function_Library
0x08013528	0x08013470	SetPalFadeStClkEnd1	SetSomethingInPaletteBB_2A	funcmap-agree	FE_GBA_Function_Library
0x08013538	0x08013480	SetPalFadeStClkEnd2	SetSomethingInPaletteBB_5A	funcmap-agree	FE_GBA_Function_Library
0x0801354C	0x08013494	SetPalFadeStClkEnd3	SetSomethingInPaletteBB_8A	funcmap-agree	FE_GBA_Function_Library
0x08013560	0x080134A8	GetPalFadeStClkEnd1	GetSomethingInPaletteBB_2A	funcmap-agree	FE_GBA_Function_Library
0x0801356C	0x080134B4	GetPalFadeStClkEnd2	GetSomethingInPaletteBB_5A	funcmap-agree	FE_GBA_Function_Library
0x0801357C	0x080134C4	GetPalFadeStClkEnd3	GetSomethingInPaletteBB_8A	funcmap-agree	FE_GBA_Function_Library
0x0801358C	0x080134D4	ArchiveCurrentPalettes	ArchiveCurrentPalettes	funcmap-agree	FE_GBA_Function_Library
0x080135D8	0x08013520	ArchivePalette	ArchivePalette	funcmap-agree	FE_GBA_Function_Library
0x08013608	0x08013550	WriteFadedPaletteFromArchive	WriteFadedPaletteFromArchive	new-hint	FE_GBA_Function_Library
0x0801384C	0x08013794	MapPaletteBrightnessFade_Loop		new-hint	FE_GBA_Function_Library
0x080138B8	0x08013800	StartMapPaletteBrightnessFade		new-hint	FE_GBA_Function_Library
0x080138FC	0x08013844	MapPaletteBrightnessFadeExists		new-hint	FE_GBA_Function_Library
0x08013918	0x08013860	SpacialSeTest_OnInit		funcmap-agree	FE_GBA_Function_Library
0x08013928	0x08013870	SpacialSeTest_OnLoop		new-hint	FE_GBA_Function_Library
0x08013990	0x080138D8	StartSpacialSeTest		new-hint	FE_GBA_Function_Library
0x080139A8	0x080138F0	StartPalFadeToBlack		funcmap-agree	FE_GBA_Function_Library
0x080139C4	0x0801390C	StartPalFadeToWhite		funcmap-agree	FE_GBA_Function_Library
0x080139E0	0x08013928	StartPalFade		new-hint	FE_GBA_Function_Library
0x08013A50	0x08013998	SetPalFadeStop		new-hint	FE_GBA_Function_Library
0x08013A54	0x0801399C	PalFade_OnLoop		new-hint	FE_GBA_Function_Library
0x08013B3C	0x08013A84	SetBlackPal		new-hint	FE_GBA_Function_Library
0x08013B5C	0x08013AA4	SetWhitePal		new-hint	FE_GBA_Function_Library
0x08013B7C	0x08013AC4	SetAllBlackPals		funcmap-agree	FE_GBA_Function_Library
0x08013B94	0x08013ADC	SetAllWhitePals		funcmap-agree	FE_GBA_Function_Library
0x08013BAC	0x08013AF4	FadeToBlack_OnInit		new-hint	FE_GBA_Function_Library
0x08013C14	0x08013B5C	FadeToCommon_OnLoop		new-hint	FE_GBA_Function_Library
0x08013C58	0x08013BA0	FadeFromBlack_OnInit		new-hint	FE_GBA_Function_Library
0x08013CD0	0x08013C18	FadeFromCommon_OnLoop		new-hint	FE_GBA_Function_Library
0x08013D10	0x08013C58	FadeToWhite_OnInit		new-hint	FE_GBA_Function_Library
0x08013D28	0x08013C70	FadeFromWhite_OnInit		new-hint	FE_GBA_Function_Library
0x08013D40	0x08013C88	FadeExists	IsFadeActive	new-hint	FE_GBA_Function_Library
0x08013D88	0x08013CD0	StartFadeToBlack	StartFadeInBlack	new-hint	FE_GBA_Function_Library
0x08013DA4	0x08013CEC	StartFadeFromBlack	StartFadeOutBlack	new-hint	FE_GBA_Function_Library
0x08013DC0	0x08013D08	StartLockingFadeToBlack	StartBlockingFadeInBlack	new-hint	FE_GBA_Function_Library
0x08013DD8	0x08013D20	StartLockingFadeFromBlack	StartBlockingFadeOutBlack	new-hint	FE_GBA_Function_Library
0x08013DF0	0x08013D38	StartLockingFadeToWhite	StartBlockingFadeInWhite	new-hint	FE_GBA_Function_Library
0x08013E08	0x08013D50	StartLockingFadeFromWhite	StartBlockingFadeOutWhite	new-hint	FE_GBA_Function_Library
0x08013E20	0x08013D68	StartMidFadeToBlack	StartFadeInBlackMedium	funcmap-agree	FE_GBA_Function_Library
0x08013E2C	0x08013D74	StartSlowFadeToBlack	StartFadeInBlackSlow	funcmap-agree	FE_GBA_Function_Library
0x08013E38	0x08013D80	StartFastFadeToBlack	StartFadeInBlackFast	funcmap-agree	FE_GBA_Function_Library
0x08013E44	0x08013D8C	StartMidFadeFromBlack	StartFadeOutBlackMedium	funcmap-agree	FE_GBA_Function_Library
0x08013E50	0x08013D98	StartSlowFadeFromBlack		funcmap-agree	FE_GBA_Function_Library
0x08013E5C	0x08013DA4	StartFastFadeFromBlack	StartFadeOutBlackFast	funcmap-agree	FE_GBA_Function_Library
0x08013E68	0x08013DB0	StartMidLockingFadeToBlack		funcmap-agree	FE_GBA_Function_Library
0x08013E78	0x08013DC0	StartSlowLockingFadeToBlack	StartBlockingFadeInBlackSlow	funcmap-agree	FE_GBA_Function_Library
0x08013E88	0x08013DD0	StartFastLockingFadeToBlack		funcmap-agree	FE_GBA_Function_Library
0x08013E98	0x08013DE0	StartMidLockingFadeFromBlack		funcmap-agree	FE_GBA_Function_Library
0x08013EA8	0x08013DF0	StartSlowLockingFadeFromBlack		new-hint	FE_GBA_Function_Library
0x08013EB8	0x08013E00	StartFastLockingFadeFromBlack		funcmap-agree	FE_GBA_Function_Library
0x08013EC8	0x08013E10	StartSlowLockingFadeToWhite		funcmap-agree	FE_GBA_Function_Library
0x08013ED8	0x08013E20	StartSlowLockingFadeFromWhite		new-hint	FE_GBA_Function_Library
0x08013EE8	0x08013E30	FadeOutBlackSpeed04		funcmap-agree	FE_GBA_Function_Library
0x08013F00	0x08013E48	FadeOutBlackSpeed08		funcmap-agree	FE_GBA_Function_Library
0x08013F18	0x08013E60	FadeOutBlackSpeed10		funcmap-agree	FE_GBA_Function_Library
0x08013F30	0x08013E78	FadeOutBlackSpeed20		funcmap-agree	FE_GBA_Function_Library
0x08013F48	0x08013E90	FadeOutBlackSpeed40		funcmap-agree	FE_GBA_Function_Library
0x08013F60	0x08013EA8	FadeInBlackSpeed08NonLocking		funcmap-agree	FE_GBA_Function_Library
0x08013F74	0x08013EBC	FadeInBlackSpeed10NonLocking		funcmap-agree	FE_GBA_Function_Library
0x08013F88	0x08013ED0	FadeInBlackSpeed20NonLocking		funcmap-agree	FE_GBA_Function_Library
0x08013F9C	0x08013EE4	FadeInBlackSpeed40NonLocking		funcmap-agree	FE_GBA_Function_Library
0x08013FB0	0x08013EF8	FadeOutBlackSpeed04Locking		funcmap-agree	FE_GBA_Function_Library
0x08013FC8	0x08013F10	FadeOutBlackSpeed08Locking		funcmap-agree	FE_GBA_Function_Library
0x08013FE0	0x08013F28	FadeOutBlackSpeed10Locking		funcmap-agree	FE_GBA_Function_Library
0x08013FF8	0x08013F40	FadeOutBlackSpeed20Locking		funcmap-agree	FE_GBA_Function_Library
0x08014010	0x08013F58	FadeOutBlackSpeed40Locking		funcmap-agree	FE_GBA_Function_Library
0x08014028	0x08013F70	FadeInBlackSpeed04		funcmap-agree	FE_GBA_Function_Library
0x0801403C	0x08013F84	FadeInBlackSpeed08		funcmap-agree	FE_GBA_Function_Library
0x08014050	0x08013F98	FadeInBlackSpeed08Unk		funcmap-agree	FE_GBA_Function_Library
0x08014068	0x08013FB0	FadeInBlackSpeed10		funcmap-agree	FE_GBA_Function_Library
0x0801407C	0x08013FC4	FadeInBlackSpeed20		funcmap-agree	FE_GBA_Function_Library
0x08014090	0x08013FD8	FadeInBlackSpeed40		funcmap-agree	FE_GBA_Function_Library
0x080140A4	0x08013FEC	FadeInWhiteSpeed10Locking		funcmap-agree	FE_GBA_Function_Library
0x080140B8	0x08014000	FadeOutWhiteSpeed10Locking		funcmap-agree	FE_GBA_Function_Library
0x080140CC	0x08014014	FadeInWhiteSpeed08Locking		funcmap-agree	FE_GBA_Function_Library
0x080140E0	0x08014028	FadeInWhiteSpeed04		funcmap-agree	FE_GBA_Function_Library
0x080140F4	0x0801403C	FadeInWhiteSpeed08		funcmap-agree	FE_GBA_Function_Library
0x08014108	0x08014050	FadeOutWhiteSpeed08Locking		funcmap-agree	FE_GBA_Function_Library
0x08014120	0x08014068	WaitForFade	WaitForFade	new-hint	FE_GBA_Function_Library
0x0801413C	0x08014084	FadeOutBlackSpeed40LockingWithCallback		funcmap-agree	FE_GBA_Function_Library
0x08014150	0x08014098	StartFadeCore		new-hint	FE_GBA_Function_Library
0x0801419C	0x08013988	EndPalFade		new-hint	FE_GBA_Function_Library
0x080141AC	0x080140F4	FadeCore_Init		funcmap-agree	FE_GBA_Function_Library
0x080141B8	0x08014100	FadeCore_Loop		new-hint	FE_GBA_Function_Library
0x080141DC	0x08014124	FadeCore_Tick		new-hint	FE_GBA_Function_Library
0x08014228	0x08014170	FadeCore_StopObjPalFade		new-hint	FE_GBA_Function_Library
0x0801423C	0x08014184	StopFadeComponents		new-hint	FE_GBA_Function_Library
0x0801424C	0x08014194	ClearFadeCoreCallback		new-hint	FE_GBA_Function_Library
0x08014268	0x080141B0	ForceScreenToBlack		new-hint	FE_GBA_Function_Library
0x080142C4	0x08009E28	GameControl_SetupBackdropBlend		new-hint	FE_GBA_Function_Library
0x080142F0	0x08014238	StartTemporaryLock	StartBlockingTimer	new-hint	FE_GBA_Function_Library
0x0801430C	0x08014254	TemporaryLock_OnLoop	Timer_Countdown	new-hint	FE_GBA_Function_Library
0x08014328	0x08014270	NumberToStringSJis		new-hint	FE_GBA_Function_Library
0x080143EC	0x080143D8	PutStringCentered	SomeDrawTextCentered	new-hint	FE_GBA_Function_Library
0x08014450	0x0801443C	PutString	SomeDrawTextInlineAutoWidth	new-hint	FE_GBA_Function_Library
0x08014494	0x08014480	DeleteAllPaletteAnimator	DeleteAllPaletteAnimator	new-hint	FE_GBA_Function_Library
0x080144A4	0x08014490	StartPaletteAnimatorExt	StartPaletteAnimator	new-hint	FE_GBA_Function_Library
0x080144E0	0x080144CC	StartPaletteAnimatorReverse		funcmap-agree	FE_GBA_Function_Library
0x080144F8	0x080144E4	StartPaletteAnimatorNormal	StartPaletteAnimator_	funcmap-agree	FE_GBA_Function_Library
0x08014510	0x080144FC	PaletteAnimator_Loop		new-hint	FE_GBA_Function_Library
0x08014574	0x08014560	PutTmRectSequential		funcmap-agree	FE_GBA_Function_Library
0x080145DC	0x080145C8	PutTmRectFlippable		new-hint	FE_GBA_Function_Library
0x080146B4	0x080146A0	PutTmAnimFrame		new-hint	FE_GBA_Function_Library
0x08014760	0x0801474C	PutTmAnimFrameFromTsa		new-hint	FE_GBA_Function_Library
0x080148A4	0x0801487C	CallDelayed_OnLoop	FutureCall2_Loop	new-hint	FE_GBA_Function_Library
0x080148C8	0x080148A0	CallDelayedArg_OnLoop	FutureCall_Loop	new-hint	FE_GBA_Function_Library
0x080148F0	0x080148C8	CallDelayed	SetupFutureCall2	new-hint	FE_GBA_Function_Library
0x0801490C	0x080148E4	CallDelayedArg	SetupFutureCall	new-hint	FE_GBA_Function_Library
0x0801492C	0x08014904	Bzero		funcmap-agree	FE_GBA_Function_Library
0x08014944	0x0801491C	Memset8		funcmap-agree	FE_GBA_Function_Library
0x08014958	0x08014930	Memset16		funcmap-agree	FE_GBA_Function_Library
0x0801496C	0x08014944	StartPartialGameLock		new-hint	FE_GBA_Function_Library
0x08014990	0x08014968	PartialGameLock_OnLoop		new-hint	FE_GBA_Function_Library
0x080149B4	0x0801498C	VramCopy		new-hint	FE_GBA_Function_Library
0x080149EC	0x080149C4	VramCopyInRaw		funcmap-agree	FE_GBA_Function_Library
0x08014A18	0x080149F0	PutTmLinear		funcmap-agree	FE_GBA_Function_Library
0x08014A3C	0x08014A14	GetTmOffsetById		funcmap-agree	FE_GBA_Function_Library
0x08014AA0	0x08014A78	ClearBlankBgTiles		new-hint	FE_GBA_Function_Library
0x08014B28	0x08014B00	Screen2Pan	RerangeSomething	new-hint	FE_GBA_Function_Library
0x08014B50	0x08014B28	PlaySeSpacial	PlaySpacialSoundMaybe	new-hint	FE_GBA_Function_Library
0x08014BB0	0x08014B88	PlaySeDelayed		funcmap-agree	FE_GBA_Function_Library
0x08014BC8	0x08014BA0	PlaySeFunc		new-hint	FE_GBA_Function_Library
0x08014BE8	0x08014BC0	_StartBgm		new-hint	FE_GBA_Function_Library
0x08014BF8	0x08014BD0	_FadeBgmOut		new-hint	FE_GBA_Function_Library
0x08014C08	0x08014BE0	DarkenPalette		funcmap-agree	FE_GBA_Function_Library
0x08014C60	0x08014C38	MemCpy		funcmap-agree	FE_GBA_Function_Library
0x08014C7C	0x08014C54	PutDrawTextCentered		new-hint	FE_GBA_Function_Library
0x08014CCC	0x08014CA4	GetEasedProgress		new-hint	FE_GBA_Function_Library
0x08014CEC	0x08014CC4	HBlank_BgVerticalScroll		funcmap-agree	FE_GBA_Function_Library
0x08014DD0	0x08014DA8	StartBgVerticalScroll		new-hint	FE_GBA_Function_Library
0x08014E64	0x08014E3C	EndBgVerticalScroll		new-hint	FE_GBA_Function_Library
0x08014E9C	0x08014E74	GetBgVerticalScrollBuffer		funcmap-agree	FE_GBA_Function_Library
0x08014ED0	0x08014EA8	FlipBgVerticalScroll		funcmap-agree	FE_GBA_Function_Library
0x08014EEC	0x08014EC4	SetBgVerticalScrollPosition		funcmap-agree	FE_GBA_Function_Library
0x08014F04	0x08014EDC	ResetBgVerticalScrollPosition		funcmap-agree	FE_GBA_Function_Library
0x08014F1C	0x08014EF4	ClearBgVerticalScrollChannelFlags		funcmap-agree	FE_GBA_Function_Library
0x08014F38	0x08014F10	SetBgVerticalScrollChannelFlag1		funcmap-agree	FE_GBA_Function_Library
0x08014F58	0x08014F30	SetBgVerticalScrollChannelFlag2		funcmap-agree	FE_GBA_Function_Library
0x08014F78	0x08014F50	VecMulMat		funcmap-agree	FE_GBA_Function_Library
0x08014FC4	0x08014F9C	MatMulMat		funcmap-agree	FE_GBA_Function_Library
0x08015134	0x0801510C	MatIdent		funcmap-agree	FE_GBA_Function_Library
0x08015154	0x0801512C	MatCopy		funcmap-agree	FE_GBA_Function_Library
0x08015264	0x08015240	VecDotVec		funcmap-agree	FE_GBA_Function_Library
0x08015288	0x08015264	VecCrossVec		funcmap-agree	FE_GBA_Function_Library
0x080152C0	0x0801529C	Vec2CrossVec2		funcmap-agree	FE_GBA_Function_Library
0x080152C8	0x080152A4	OnVBlank	OnVBlankMain	new-hint	FE_GBA_Function_Library
0x08015318	0x080152F4	OnMain	OnGameLoopMain	new-hint	FE_GBA_Function_Library
0x08015384	0x08015360	LockGame	LockGameLogic	funcmap-agree	FE_GBA_Function_Library
0x08015394	0x08015370	UnlockGame	UnlockGameLogic	funcmap-agree	FE_GBA_Function_Library
0x080153A4	0x08015380	GetGameLock	GetGameLogicLock	new-hint	FE_GBA_Function_Library
0x080153B0	0x0801538C	SwitchPhases	SwitchGameplayPhase	new-hint	FE_GBA_Function_Library
0x080153F8	0x080153D4	CallBeginningEvents	MapMain_CallBeginningEvent	new-hint	FE_GBA_Function_Library
0x08015434	0x08015410	BmMain_ChangePhase	MapMain_SwitchPhases	new-hint	FE_GBA_Function_Library
0x08015458	0x08015434	BmMain_CheckBeginPhaseEvent	MapMain_ThisProbablyUsedToBeEventRelatedInEarlierGames	new-hint	FE_GBA_Function_Library
0x08015474	0x08015450	BmMain_StartPhase	MapMain_StartPhaseController	new-hint	FE_GBA_Function_Library
0x080154C8	0x080154A4	BmMain_ResumePlayerPhase	MapMain_StartPlayerPhaseAndApplyAction	new-hint	FE_GBA_Function_Library
0x080154EC	0x080154C8	BmMain_UpdateTraps	MapMain_UpdateTraps	new-hint	FE_GBA_Function_Library
0x08015518	0x080154F4	BmMain_SuspendBeforePhase	MapMain_Suspend	new-hint	FE_GBA_Function_Library
0x08015530	0x0801550C	BmMain_StartIntroFx	MapMain_StartIntroFx	new-hint	FE_GBA_Function_Library
0x08015568	0x08015544	UndeployEveryone	MapMain_DeployEveryone	new-hint	FE_GBA_Function_Library
0x080155E0	0x080155C4	BmMain_BeginNextChapter	MapMain_ChapterSwitch	new-hint	FE_GBA_Function_Library
0x08015624	0x08015608	InitBmBgLayers	SetupBackgroundForWeatherMaybe	funcmap-agree	FE_GBA_Function_Library
0x0801569C	0x08015680	LoadObjUIGfx	LoadObjUIGfx	new-hint	FE_GBA_Function_Library
0x080156D8	0x080156BC	ApplySystemObjectsPalettes		new-hint	FE_GBA_Function_Library
0x080156F0	0x080156D4	LoadGameCoreGfxLegacyFrame		new-hint	FE_GBA_Function_Library
0x08015710	0x080156F4	ReadGameSaveCoreGfx	LoadGameCoreGfx	new-hint	FE_GBA_Function_Library
0x08015730	0x08015714	HandleMapCursorInput	HandleCursorMovement	new-hint	FE_GBA_Function_Library
0x08015854	0x08015838	HandleMoveMapCursor	MoveCameraByStepMaybe	funcmap-agree	FE_GBA_Function_Library
0x080158A8	0x0801588C	HandleMoveCameraWithMapCursor		funcmap-agree	FE_GBA_Function_Library
0x080159D4	0x080159B8	GetCameraAdjustedX	GetSomeAdjustedCameraX	funcmap-agree	FE_GBA_Function_Library
0x08015A18	0x080159FC	GetCameraAdjustedY	GetSomeAdjustedCameraY	funcmap-agree	FE_GBA_Function_Library
0x08015A5C	0x08015A40	GetCameraCenteredX		funcmap-agree	FE_GBA_Function_Library
0x08015A88	0x08015A6C	GetCameraCenteredY		funcmap-agree	FE_GBA_Function_Library
0x08015AB4	0x08015A98	PutMapCursor	DisplayCursor	new-hint	FE_GBA_Function_Library
0x08015BA4	0x08015B88	DisplayBmTextShadow		new-hint	FE_GBA_Function_Library
0x08015BD8	0x08015BBC	SetCursorMapPosition	SetCursorMapPosition	funcmap-agree	FE_GBA_Function_Library
0x08015BF0	0x08015BD4	UpdateStatArrowSprites		new-hint	FE_GBA_Function_Library
0x08015C38	0x08015C1C	CamMove_OnInit	Init6C_GENS	new-hint	FE_GBA_Function_Library
0x08015CBC	0x08015CB0	CamMove_OnLoop	Loop6C_GENS	new-hint	FE_GBA_Function_Library
0x08015D3C	0x08015D30	StoreAdjustedCameraPositions	StoreAdjustedCameraPositions	funcmap-agree	FE_GBA_Function_Library
0x08015D90	0x08015D84	EnsureCameraCenteredOnPosition		new-hint	FE_GBA_Function_Library
0x08015E18	0x08015E0C	EnsureCameraOntoPosition	EnsureCameraOntoPosition	new-hint	FE_GBA_Function_Library
0x08015EA8	0x08015E9C	IsCameraNotWatchingPosition	ShouldMoveCameraPosSomething	new-hint	FE_GBA_Function_Library
0x08015EE8	0x08015EDC	CameraMove_0		new-hint	FE_GBA_Function_Library
0x08015F4C	0x08015F40	UnkMapCursor_OnLoop		new-hint	FE_GBA_Function_Library
0x08015F9C	0x08015F90	StartMapCursorSlide		new-hint	FE_GBA_Function_Library
0x08015FD4	0x08015FC8	GetCurrentMapMusicIndex	GetCurrentMapMusicIndex	new-hint	FE_GBA_Function_Library
0x080160DC	0x080160D0	StartMapSongBgm	UpdatePlayMapMusic	new-hint	FE_GBA_Function_Library
0x080160EC	0x080160E0	CamMoveLinear_OnLoop		new-hint	FE_GBA_Function_Library
0x0801614C	0x08016140	StartCamMoveLinear		new-hint	FE_GBA_Function_Library
0x08016198	0x080163F0	GetItemHpBonus	GetItemHealthBonus	funcmap-agree	FE_GBA_Function_Library
0x080161C8	0x08016420	GetItemPowBonus	GetItemPowerBonus	funcmap-agree	FE_GBA_Function_Library
0x080161F8	0x08016450	GetItemSklBonus	GetItemSkillBonus	funcmap-agree	FE_GBA_Function_Library
0x08016228	0x08016480	GetItemSpdBonus	GetItemSpeedBonus	funcmap-agree	FE_GBA_Function_Library
0x08016258	0x080164B0	GetItemDefBonus	GetItemDefenseBonus	funcmap-agree	FE_GBA_Function_Library
0x08016288	0x080164E0	GetItemResBonus	GetItemResistanceBonus	funcmap-agree	FE_GBA_Function_Library
0x080162B8	0x08016510	GetItemLckBonus	GetItemLuckBonus	funcmap-agree	FE_GBA_Function_Library
0x080162E8	0x08016540	MakeNewItem	MakeItem	funcmap-agree	FE_GBA_Function_Library
0x0801631C	0x08016574	CanUnitUseWeapon	CanUnitWieldWeapon	funcmap-agree	FE_GBA_Function_Library
0x080164F8	0x08016750	CanUnitUseWeaponNow	CanUnitUseWeapon	new-hint	FE_GBA_Function_Library
0x0801654C	0x080167A4	CanUnitUseStaff	CanUnitWieldStaff	funcmap-agree	FE_GBA_Function_Library
0x080165A8	0x08016800	CanUnitUseStaffNow	CanUnitUseStaff	new-hint	FE_GBA_Function_Library
0x080165F0	0x08016848	DrawItemMenuLine	DrawItemMenuCommand	new-hint	FE_GBA_Function_Library
0x08016688	0x080168E0	DrawItemMenuLineLong		new-hint	FE_GBA_Function_Library
0x08016750	0x080169A8	DrawItemMenuLineNoColor	DrawTextAndIconForItem	new-hint	FE_GBA_Function_Library
0x080167D4	0x08016A2C	DrawItemStatScreenLine		new-hint	FE_GBA_Function_Library
0x08016894	0x08016AEC	GetItemAfterUse	GetItemAfterUse	funcmap-agree	FE_GBA_Function_Library
0x080168D0	0x08016B28	GetUnitEquippedWeapon	GetUnitEquippedItem	funcmap-agree	FE_GBA_Function_Library
0x08016900	0x08016B58	GetUnitEquippedWeaponSlot	GetUnitEquippedItemSlot	funcmap-agree	FE_GBA_Function_Library
0x08016934	0x08016B8C	IsItemCoveringRange	IsItemCoveringRange	funcmap-agree	FE_GBA_Function_Library
0x08016968	0x08016BC0	EquipUnitItemSlot	EquipUnitItemSlot	funcmap-agree	FE_GBA_Function_Library
0x08016994	0x08016BEC	IsItemEffectiveAgainst	IsWeaponEffectiveAgainst	funcmap-agree	FE_GBA_Function_Library
0x08016A30	0x08016C88	IsUnitEffectiveAgainst	IsSlayerApplied	funcmap-agree	FE_GBA_Function_Library
0x08016A68	0x08016CC0	GetItemDisplayRangeString	GetItemRangeString	new-hint	FE_GBA_Function_Library
0x08016B04	0x08016D5C	GetWeaponLevelFromExp	GetWRankLevel	funcmap-agree	FE_GBA_Function_Library
0x08016B3C	0x08016D94	GetItemDisplayRankString	GetItemWRankLevelString	new-hint	FE_GBA_Function_Library
0x08016BA0	0x08016DF8	GetDisplayRankStringFromExp	GetWRankText	new-hint	FE_GBA_Function_Library
0x08016BC8	0x08016E20	GetWeaponTypeDisplayString	GetWTypeString	new-hint	FE_GBA_Function_Library
0x08016BF8	0x08016E50	GetWeaponExpProgressState	GetWRankBarData	funcmap-agree	FE_GBA_Function_Library
0x08016C70	0x08016EC8	IsItemDanceRing	IsItemDanceRing	funcmap-agree	FE_GBA_Function_Library
0x08016C8C	0x08016EE4	IsItemDisplayUsable	IsItemUsable	funcmap-agree	FE_GBA_Function_Library
0x08016D24	0x08016F7C	CanUnitUse_unused	CanUnitUse	new-hint	FE_GBA_Function_Library
0x08016D60	0x08016FB8	GetUnitItemHealAmount	GetItemHealAmount	new-hint	FE_GBA_Function_Library
0x08016DD4	0x0801702C	GetUnitItemSlot	GetUnitItemSlot	funcmap-agree	FE_GBA_Function_Library
0x08016DFC	0x08017054	IsItemStealable	IsItemStealable	funcmap-agree	FE_GBA_Function_Library
0x08016E28	0x08017080	IsItemHammernable	IsItemHammernable	funcmap-agree	FE_GBA_Function_Library
0x08016E7C	0x080170D4	GetItemReachBits	GetWeaponRangeMask	funcmap-agree	FE_GBA_Function_Library
0x08016F90	0x080171E8	GetUnitWeaponReachBits	GetUnitRangeMask	funcmap-agree	FE_GBA_Function_Library
0x08016FE4	0x0801723C	GetUnitItemUseReachBits	GetUnitStaffRangeMask_0	new-hint	FE_GBA_Function_Library
0x080170A0	0x080172F8	GetUnitStaffReachBits	GetUnitStaffRangeMask	funcmap-agree	FE_GBA_Function_Library
0x08017124	0x0801737C	GetConvoyItemCostSum	GetConvoyTotalGoldValue	new-hint	FE_GBA_Function_Library
0x08017178	0x080173D0	GetUnitItemCostSum	GetUnitsTotalHeldGoldValue	new-hint	FE_GBA_Function_Library
0x080171F8	0x08017450	GetPartyTotalGoldValue	GetPartyTotalGoldValue	new-hint	FE_GBA_Function_Library
0x08017220	0x08017478	SetItemUnsealedForCharacter		funcmap-agree	FE_GBA_Function_Library
0x08017254	0x080174AC	IsItemUnsealedForUnit		funcmap-agree	FE_GBA_Function_Library
0x08017294	0x080174EC	GetItemIndex	GetItemIndex	funcmap-agree	FE_GBA_Function_Library
0x0801729C	0x080174F4	GetItemName	GetItemNameString	new-hint	FE_GBA_Function_Library
0x080172C0	0x08017518	GetItemDescId	GetItemDescStringIndex	funcmap-agree	FE_GBA_Function_Library
0x080172D8	0x08017530	GetItemUseDescId	GetItemUseDescTextIndex	funcmap-agree	FE_GBA_Function_Library
0x080172F0	0x08017548	GetItemType	GetItemWType	funcmap-agree	FE_GBA_Function_Library
0x08017314	0x0801756C	GetItemAttributes	GetItemAttributes	funcmap-agree	FE_GBA_Function_Library
0x0801732C	0x08017584	GetItemUses	GetItemUses	funcmap-agree	FE_GBA_Function_Library
0x08017358	0x080175B0	GetItemMaxUses	GetItemMaxUses	funcmap-agree	FE_GBA_Function_Library
0x08017384	0x080175DC	GetItemMight	GetItemMight	funcmap-agree	FE_GBA_Function_Library
0x0801739C	0x080175F4	GetItemHit	GetItemHit	funcmap-agree	FE_GBA_Function_Library
0x080173B4	0x0801760C	GetItemWeight	GetItemWeight	funcmap-agree	FE_GBA_Function_Library
0x080173CC	0x08017624	GetItemCrit	GetItemCrit	funcmap-agree	FE_GBA_Function_Library
0x080173E4	0x0801763C	GetItemCost	GetItemCost	funcmap-agree	FE_GBA_Function_Library
0x08017414	0x0801766C	GetItemMinRange	GetItemMinRange	funcmap-agree	FE_GBA_Function_Library
0x0801742C	0x08017684	GetItemMaxRange	GetItemMaxRange	funcmap-agree	FE_GBA_Function_Library
0x08017448	0x080176A0	GetItemEncodedRange	GetItemRange	funcmap-agree	FE_GBA_Function_Library
0x08017460	0x080176B8	GetItemRequiredExp	GetItemWRank	funcmap-agree	FE_GBA_Function_Library
0x08017478	0x080176D0	GetItemEffectiveness	GetItemEffectivenessPtr	funcmap-agree	FE_GBA_Function_Library
0x08017490	0x080176E8	GetItemStatBonuses	GetItemStatBonuses	funcmap-agree	FE_GBA_Function_Library
0x080174A8	0x08017700	GetItemIconId	GetItemIconId	funcmap-agree	FE_GBA_Function_Library
0x080174CC	0x08017724	GetItemWeaponEffect	GetItemWeaponEffect	funcmap-agree	FE_GBA_Function_Library
0x080174E4	0x0801773C	GetItemUseEffect	GetItemUseEffect	funcmap-agree	FE_GBA_Function_Library
0x080174FC	0x08017754	GetItemCostPerUse	GetItemCostPerUse	funcmap-agree	FE_GBA_Function_Library
0x08017514	0x0801776C	GetItemMaxCost	GetItemMaxCost	funcmap-agree	FE_GBA_Function_Library
0x08017540	0x08017798	GetItemAwardedExp	GetItemWExp	funcmap-agree	FE_GBA_Function_Library
0x08017558	0x080177B0	GetItemData	GetItemData	funcmap-agree	FE_GBA_Function_Library
0x0801756C	0x080177C4	InitUnits	ClearUnits	funcmap-agree	FE_GBA_Function_Library
0x0801759C	0x080177F4	ClearUnit	ClearUnit	new-hint	FE_GBA_Function_Library
0x080175C4	0x0801781C	CopyUnit	CopyUnit	new-hint	FE_GBA_Function_Library
0x080175E0	0x08017838	GetFreeUnit	GetNextFreeUnit	funcmap-agree	FE_GBA_Function_Library
0x08017618	0x08017870	GetFreeBlueUnit	GetNextFreePlayerUnit	new-hint	FE_GBA_Function_Library
0x08017650	0x080178A8	GetUnitFogViewRange	GetUnitFogViewRange	funcmap-agree	FE_GBA_Function_Library
0x08017680	0x080178D8	SetUnitStatus	SetUnitNewStatus	funcmap-agree	FE_GBA_Function_Library
0x0801769C	0x080178F4	SetUnitStatusExt	SetUnitStatus	funcmap-agree	FE_GBA_Function_Library
0x080176AC	0x08017904	GetUnitSMSId	GetUnitSMSIndex	new-hint	FE_GBA_Function_Library
0x080176F0	0x08017948	UnitAddItem	UnitAddItem	funcmap-agree	FE_GBA_Function_Library
0x08017714	0x0801796C	UnitClearInventory	ClearUnitInventory	funcmap-agree	FE_GBA_Function_Library
0x0801772C	0x08017984	UnitRemoveInvalidItems	RemoveUnitBlankItems	funcmap-agree	FE_GBA_Function_Library
0x08017780	0x080179D8	GetUnitItemCount	GetUnitItemCount	funcmap-agree	FE_GBA_Function_Library
0x080177A0	0x080179F8	UnitHasItem	UnitHasItem	funcmap-agree	FE_GBA_Function_Library
0x080177DC	0x08017A34	LoadUnits	LoadUnits	funcmap-agree	FE_GBA_Function_Library
0x080177FC	0x08017A54	HalveUnitCombatStats		funcmap-agree	FE_GBA_Function_Library
0x08017834	0x08017A8C	CanClassWieldWeaponType	HasClassWRank	funcmap-agree	FE_GBA_Function_Library
0x0801786C	0x08017AC4	LoadUnit	LoadUnit	new-hint	FE_GBA_Function_Library
0x08017A5C	0x08017D3C	UnitInitFromDefinition	PopulateUnitFromDefinition	new-hint	FE_GBA_Function_Library
0x08017B18	0x08017DF8	UnitLoadItemsFromDefinition	CharFillInventoryFromCode	new-hint	FE_GBA_Function_Library
0x08017B54	0x08017E34	UnitLoadStatsFromChracter	LoadUnitStats	funcmap-agree	FE_GBA_Function_Library
0x08017BDC	0x08017EBC	FixROMUnitStructPtr	FixROMUnitStructPtr	funcmap-agree	FE_GBA_Function_Library
0x08017C14	0x08017EF4	UnitLoadSupports	InitUnitSupports	new-hint	FE_GBA_Function_Library
0x08017C40	0x08017F20	UnitAutolevelWExp	AutolevelUnitWeaponRanks	new-hint	FE_GBA_Function_Library
0x08017CE4	0x08017FC4	UnitAutolevelCore	IncreaseUnitStatsByLevelCount	new-hint	FE_GBA_Function_Library
0x08017D84	0x08018064	UnitAutolevelPenalty	RecomputeUnitStatsForLevelPenalty	new-hint	FE_GBA_Function_Library
0x08017DE8	0x080180CC	UnitApplyBonusLevels	ApplyBonusLevels	new-hint	FE_GBA_Function_Library
0x08017E3C	0x08018120	UnitAutolevel	AutolevelUnit	new-hint	FE_GBA_Function_Library
0x08017E7C	0x08018160	UnitAutolevelRealistic	AutolevelRealistic	new-hint	FE_GBA_Function_Library
0x08017EDC	0x080181C8	UnitCheckStatCaps	EnsureNoUnitStatCapOverflow	funcmap-agree	FE_GBA_Function_Library
0x08017FB0	0x0801829C	GetUnitFromCharId	GetUnitByCharId	funcmap-agree	FE_GBA_Function_Library
0x08017FEC	0x080182D8	GetUnitFromCharIdAndFaction	GetUnitByCharIdAndAllegiance	funcmap-agree	FE_GBA_Function_Library
0x08018030	0x0801831C	CanUnitRescue	CanUnitRescue	funcmap-agree	FE_GBA_Function_Library
0x08018060	0x0801834C	UnitRescue	UnitRescue	funcmap-agree	FE_GBA_Function_Library
0x08018084	0x08018370	UnitDrop	UnitDrop	funcmap-agree	FE_GBA_Function_Library
0x080180DC	0x080183C8	UnitGive	UnitGive	funcmap-agree	FE_GBA_Function_Library
0x08018110	0x080183FC	UnitKill	UnitKill	new-hint	FE_GBA_Function_Library
0x08018144	0x08018430	UnitChangeFaction	ChangeUnitAllegiance	new-hint	FE_GBA_Function_Library
0x080181B0	0x0801849C	UnitFinalizeMovement	ApplyUnitMovement	new-hint	FE_GBA_Function_Library
0x080181F4	0x080184E0	UnitGetDeathDropLocation	GetUnitDropLocation	new-hint	FE_GBA_Function_Library
0x08018370	0x0801865C	UnitBeginAction	SetupActiveUnit	new-hint	FE_GBA_Function_Library
0x080183E8	0x080186D4	UnitBeginCantoAction	SetActiveUnit	new-hint	FE_GBA_Function_Library
0x08018454	0x08018740	MoveActiveUnit	MoveActiveUnit	new-hint	FE_GBA_Function_Library
0x080184D4	0x080187C0	ClearActiveFactionGrayedStates	CleanupUnitStatesForPhaseSwitch	new-hint	FE_GBA_Function_Library
0x0801856C	0x08018858	TickActiveFactionTurn	MapMain_UpdateUnitStatus	new-hint	FE_GBA_Function_Library
0x08018670	0x0801895C	SetAllUnitNotBackSprite	SetAllUnitNotBackSprite	funcmap-agree	FE_GBA_Function_Library
0x080186A8	0x08018994	UnitUpdateUsedItem	UnitDecreaseItemUse	new-hint	FE_GBA_Function_Library
0x080186CC	0x080189B8	GetUnitAid	GetUnitAid	funcmap-agree	FE_GBA_Function_Library
0x08018730	0x08018A1C	GetUnitMagBy2Range	GetUnitMagBy2Range	new-hint	FE_GBA_Function_Library
0x0801876C	0x08018A58	UnitHasMagicRank	UnitHasMagicRank	funcmap-agree	FE_GBA_Function_Library
0x08018790	0x08018A7C	DeployUnitAtPosition		funcmap-agree	FE_GBA_Function_Library
0x080187B0	0x08018A9C	GetUnitKeyItemSlotForTerrain		new-hint	FE_GBA_Function_Library
0x08018804	0x08018AF0	GetUnitAidIconId		funcmap-agree	FE_GBA_Function_Library
0x0801883C	0x08018B28	GetUnitWeaponUsabilityBits	GetUnitUseFlags	new-hint	FE_GBA_Function_Library
0x080188B4	0x08018BA0	GetCombinedEnemyWeaponUsabilityBits	GetRedTeamUseFlags	funcmap-agree	FE_GBA_Function_Library
0x080188EC	0x08018BD8	CanUnitMove	CanActiveUnitMove	new-hint	FE_GBA_Function_Library
0x080189AC	0x08018C98	IsPositionMagicSealed	IsPositionMagicSealed	funcmap-agree	FE_GBA_Function_Library
0x08018A1C	0x08018D08	IsUnitMagicSealed	CanUnitNotUseMagic	funcmap-agree	FE_GBA_Function_Library
0x08018A48	0x08018D34	GetUnitLastItem	GetUnitLastItem	new-hint	FE_GBA_Function_Library
0x08018A60	0x08018D4C	GetUnitMovementCost	GetUnitMovCostTable	funcmap-agree	FE_GBA_Function_Library
0x08018AA4	0x08018D90	GetClassSMSId	GetClassStandingMapSpriteId	funcmap-agree	FE_GBA_Function_Library
0x08018AC4	0x08018DB0	UpdatePrevDeployStates	MapMain_UpdatePrevDeployStates	new-hint	FE_GBA_Function_Library
0x08018B44	0x08018E30	LoadUnitPrepScreenPositions	LoadUnitPrepScreenPositions	new-hint	FE_GBA_Function_Library
0x08018BCC	0x08018EB8	ClearTemporaryUnits		new-hint	FE_GBA_Function_Library
0x08018C5C	0x08018F48	IsUnitSlotAvailable	IsUnitSlotAvailable	funcmap-agree	FE_GBA_Function_Library
0x08018C94	0x08018F80	HidePlayerUnits		funcmap-agree	FE_GBA_Function_Library
0x08018CD4	0x08018FC0	ClearNonPlayerUnits		new-hint	FE_GBA_Function_Library
0x08018D04	0x08018FF0	CountAvailableBlueUnits	GetDeployedPlayerUnitCount	funcmap-agree	FE_GBA_Function_Library
0x08018D48	0x08019034	CountRedUnits		funcmap-agree	FE_GBA_Function_Library
0x08018D88	0x08019074	CountGreenUnits		funcmap-agree	FE_GBA_Function_Library
0x08018DC8	0x080190B4	ClearCutsceneUnits	ClearCutsceneUnits	new-hint	FE_GBA_Function_Library
0x08018E1C	0x08019108	RefreshAllies		new-hint	FE_GBA_Function_Library
0x08018E64	0x08019150	GetUnitCurrentHp	GetUnitCurrentHP	new-hint	FE_GBA_Function_Library
0x08018EA4	0x08019190	GetUnitMaxHp	GetUnitMaxHP	new-hint	FE_GBA_Function_Library
0x08018EC4	0x080191B0	GetUnitPower	GetUnitPower	new-hint	FE_GBA_Function_Library
0x08018EE4	0x080191D0	GetUnitSkill	GetUnitSkill	new-hint	FE_GBA_Function_Library
0x08018F24	0x08019210	GetUnitSpeed	GetUnitSpeed	new-hint	FE_GBA_Function_Library
0x08018F64	0x08019250	GetUnitDefense	GetUnitDefense	new-hint	FE_GBA_Function_Library
0x08018F84	0x08019270	GetUnitResistance	GetUnitResistance	new-hint	FE_GBA_Function_Library
0x08018FAC	0x08019298	GetUnitLuck	GetUnitLuck	new-hint	FE_GBA_Function_Library
0x08018FCC	-			new-hint	FE_GBA_Function_Library
0x08018FEC	0x080192F4	GetUnitMiniPortraitId	GetUnitMiniPortraitId	new-hint	FE_GBA_Function_Library
0x08019018	0x08019340	GetUnitLeaderCharId	GetUnitLeader	funcmap-agree	FE_GBA_Function_Library
0x08019038	0x08019360	SetUnitLeaderCharId		new-hint	FE_GBA_Function_Library
0x08019040	0x08019368	SetUnitHp	SetUnitHP	new-hint	FE_GBA_Function_Library
0x0801907C	0x080193A4	AddUnitHp	UnitTryHeal	new-hint	FE_GBA_Function_Library
0x080190C0	0x080193E8	GetUnitRescueName	GetUnitRescuingNameString	new-hint	FE_GBA_Function_Library
0x080190EC	0x08019414	GetUnitStatusName	GetUnitStatusString	new-hint	FE_GBA_Function_Library
0x08019108	0x08019430	GetUnit	GetUnit	funcmap-agree	FE_GBA_Function_Library
0x0801911C	0x08019444	GetClassData	GetClassData	funcmap-agree	FE_GBA_Function_Library
0x0801913C	0x08019464	GetCharacterData	GetCharacterData	funcmap-agree	FE_GBA_Function_Library
0x0801915C	0x08019484	UnitRemoveItem	RemoveUnitItem	new-hint	FE_GBA_Function_Library
0x08019174	0x0801949C	CanUnitCrossTerrain	CanUnitCrossTerrain	new-hint	FE_GBA_Function_Library
0x08019194	0x080194BC	InitChapterMap	InitChapterMap	new-hint	FE_GBA_Function_Library
0x08019294	0x080195BC	InitMapForMinimap		funcmap-agree	FE_GBA_Function_Library
0x080192FC	0x08019624	ApplyWaterShadowsBmMap		funcmap-agree	FE_GBA_Function_Library
0x08019450	0x08019778	RefreshChapterMap		new-hint	FE_GBA_Function_Library
0x0801947C	0x080197A4	BmMapInit	SetupMapRowPointers	funcmap-agree	FE_GBA_Function_Library
0x080194BC	0x080197E4	BmMapFill	ClearMapWith	new-hint	FE_GBA_Function_Library
0x08019518	0x08019840	BmMapFillEdges		funcmap-agree	FE_GBA_Function_Library
0x08019584	0x080198AC	UnpackChapterMap	LoadChapterMap	new-hint	FE_GBA_Function_Library
0x080195E4	0x0801990C	UnpackChapterMapGraphics	LoadChapterMapGfx	new-hint	FE_GBA_Function_Library
0x0801964C	0x08019974	UnpackChapterMapPalette		new-hint	FE_GBA_Function_Library
0x0801967C	0x080199A4	InitBaseTilesBmMap	SyncTilesFromMapBuffer	funcmap-agree	FE_GBA_Function_Library
0x0801973C	0x08019A64	RefreshTerrainBmMap	RefreshTerrainMap	new-hint	FE_GBA_Function_Library
0x080197CC	0x08019AF4	GetTrueTerrainAt	GetSomeTerrainToChangeAtSomePosition	funcmap-agree	FE_GBA_Function_Library
0x080197F0	0x08019B18	DisplayBmTile	UpdateGameTileGfx	funcmap-agree	FE_GBA_Function_Library
0x08019860	0x08019B88	Nop_Bmmap_0	nullsub_84	new-hint	FE_GBA_Function_Library
0x08019864	0x08019B8C	DisplayMovementViewTile		funcmap-agree	FE_GBA_Function_Library
0x08019914	0x08019C3C	RenderBmMap	DrawTileGraphics	new-hint	FE_GBA_Function_Library
0x08019994	0x08019CBC	RenderBmMapOnBg2	InitMapChangeGraphics	new-hint	FE_GBA_Function_Library
0x08019A00	0x08019D28	UpdateBmMapDisplay		new-hint	FE_GBA_Function_Library
0x08019AE0	0x08019E08	RenderBmMapColumn		new-hint	FE_GBA_Function_Library
0x08019BAC	0x08019ED4	RenderBmMapLine		new-hint	FE_GBA_Function_Library
0x08019C78	0x08019FA0	RefreshUnitsOnBmMap	RefreshUnitMapAndVision	new-hint	FE_GBA_Function_Library
0x08019E4C	0x0801A174	RefreshTorchlightsOnBmMap	RefreshTrapFogVision	new-hint	FE_GBA_Function_Library
0x08019E78	0x0801A1A0	RefreshMinesOnBmMap	RefreshTrapHiddenStates	new-hint	FE_GBA_Function_Library
0x08019ECC	0x0801A1F4	RefreshEntityBmMaps	RefreshEntityMaps	funcmap-agree	FE_GBA_Function_Library
0x08019F18	-			new-hint	FE_GBA_Function_Library
0x08019F28	0x0801A258	GetTerrainHealAmount	GetTerrainHealAmount	new-hint	FE_GBA_Function_Library
0x08019F38	0x0801A268	GetTerrainHealsStatus	GetTerrainSomething	new-hint	FE_GBA_Function_Library
0x08019F48	0x0801A278	BlankTilesetConfigTiles		new-hint	FE_GBA_Function_Library
0x08019FBC	0x0801A2EC	RevertMapChange	RevertMapChangesById	new-hint	FE_GBA_Function_Library
0x0801A05C	0x0801A38C	GenerateUnitMovementMap	FillMovementMapForUnit	new-hint	FE_GBA_Function_Library
0x0801A0D4	0x0801A408	GenerateUnitExtendedMovementMap	MapMovementFillMovementFromUnit	new-hint	FE_GBA_Function_Library
0x0801A108	0x0801A43C	GenerateExtendedMovementMapOnRange	MapRangeFillMovementFromPosition	funcmap-agree	FE_GBA_Function_Library
0x0801A138	0x0801A46C	GenerateExtendedMovementMap	MapMovementFillMovementFromPosition	funcmap-agree	FE_GBA_Function_Library
0x0801A168	0x0801A49C	GenerateMovementMapOnWorkingMap	MapFillMovementFromUnitAt	new-hint	FE_GBA_Function_Library
0x0801A198	0x0801A4CC	SetWorkingMoveCosts	SetMovCostTable	funcmap-agree	FE_GBA_Function_Library
0x0801A1B8	0x0801A4EC	GenerateMovementMap	MapFillMovement	new-hint	FE_GBA_Function_Library
0x0801A23C	0x0801A570	MapFloodCoreStepThumb		new-hint	FE_GBA_Function_Library
0x0801A304	0x0801A640	GenerateBestMovementScript	GenerateMovementInstructionsToPoint	new-hint	FE_GBA_Function_Library
0x0801A4D0	0x0801A7F4	RevertMovementScript		funcmap-agree	FE_GBA_Function_Library
0x0801A508	0x0801A82C	UnitApplyWorkingMovementScript	ProcessUnitMovement	funcmap-agree	FE_GBA_Function_Library
0x0801A5C0	0x0801A8E4	MarkMovementMapEdges	MapMovementMarkMovementEdges	new-hint	FE_GBA_Function_Library
0x0801A6AC	0x0801A9D0	MarkWorkingMapEdges	MapMarkMovementEdges	new-hint	FE_GBA_Function_Library
0x0801A798	0x0801AABC	MapAddInRange	MapAddInRange	funcmap-agree	FE_GBA_Function_Library
0x0801A89C	0x0801ABC0	MapSetInRange	MapSetInRange	funcmap-agree	FE_GBA_Function_Library
0x0801A998	0x0801ACBC	GenerateUnitCompleteAttackRange	FillMapAttackRangeForUnit	new-hint	FE_GBA_Function_Library
0x0801B13C	0x0801B460	GenerateUnitStandingReachRange	FillRangeMapByRangeMask	new-hint	FE_GBA_Function_Library
0x0801B2F4	0x0801B618	GenerateUnitCompleteStaffRange	FillMapStaffRangeForUnit	new-hint	FE_GBA_Function_Library
0x0801B4E8	0x0801B810	GenerateDangerZoneRange	FillRangeMapForDangerZone	new-hint	FE_GBA_Function_Library
0x0801B620	0x0801B950	GenerateMagicSealMap	MapSetInMagicSealedRange	new-hint	FE_GBA_Function_Library
0x0801B668	0x0801B998	SetWorkingBmMap	SetSubjectMap	new-hint	FE_GBA_Function_Library
0x0801B6B0	0x0801B9E4	GetWorkingMoveCosts	GetCurrentMovCostTable	new-hint	FE_GBA_Function_Library
0x0801B6B8	0x0801B9EC	Return2or3BySecondParity		new-hint	FE_GBA_Function_Library
0x0801B6E8	0x0801BA1C	Return3or2BySecondParity		new-hint	FE_GBA_Function_Library
0x0801B724	0x080618D8	efxLiveALPHA_Loop_A		new-hint	FE_GBA_Function_Library
0x0801B744	0x0801BA78	SetNewKeyStatusWith16		new-hint	FE_GBA_Function_Library
0x0801B754	0x0801BA88	DebugPrintWithProc		new-hint	FE_GBA_Function_Library
0x0801B7B8	0x0801BAEC	DebugPrint		new-hint	FE_GBA_Function_Library
0x0801B7E8	0x0801BB1C	StartDebugMenu		new-hint	FE_GBA_Function_Library
0x0801B80C	0x0801BB40	DebugMenu_MapIdle	DebugMenu_MapIdle	new-hint	FE_GBA_Function_Library
0x0801B820	0x0801BB54	DebugMenu_MapEffect	DebugMenu_MapEffect	new-hint	FE_GBA_Function_Library
0x0801B864	0x0801BB98	DebugMenu_BgmDraw		new-hint	FE_GBA_Function_Library
0x0801B8E8	0x0801BC1C	DebugMenu_BgmIdle		new-hint	FE_GBA_Function_Library
0x0801B998	0x0801BCCC	EndMenuAndClear		new-hint	FE_GBA_Function_Library
0x0801BA20	0x0801BD58	DebugMapMenu_DisplayInfoIdle	DebugMapMenu_DisplayInfoIdle	new-hint	FE_GBA_Function_Library
0x0801BA6C	-			new-hint	FE_GBA_Function_Library
0x0801BAEC	0x0801BE28	DebugMenu_WeatherIdle	DebugMenu_WeatherIdle	new-hint	FE_GBA_Function_Library
0x0801BB98	-			new-hint	FE_GBA_Function_Library
0x0801BBFC	0x0801BF6C	DebugMenu_ClearIdle	DebugMenu_ClearIdle	new-hint	FE_GBA_Function_Library
0x0801BCA8	0x0801C018	DebugMenu_ErasedEffect	DebugMenu_ErasedEffect	new-hint	FE_GBA_Function_Library
0x0801BCC0	0x0801C030	DebugClearMenu_ClearFile		new-hint	FE_GBA_Function_Library
0x0801BCEC	0x0801C05C	DebugMenuInit		new-hint	FE_GBA_Function_Library
0x0801BD20	0x0801C090	DEBUGONLY_Startup	DEBUGONLY_Startup	new-hint	FE_GBA_Function_Library
0x0801BD8C	0x0801C0FC	DebugContinueMenuInit		new-hint	FE_GBA_Function_Library
0x0801BE28	0x0801C198	DebugContinueMenuEnd		new-hint	FE_GBA_Function_Library
0x0801BE6C	0x0801C1DC	StartupDebugMenu_WorldMapEffect	UNUSED_StartupDebugMenu_WorldMapEffect	new-hint	FE_GBA_Function_Library
0x0801BEB4	0x0801C224	StartupDebugMenu_ChapterSelectIdle	UNUSED_StartupDebugMenu_ChapterSelectIdle	new-hint	FE_GBA_Function_Library
0x0801BED8	0x0801C248	StartupDebugMenu_ChapterSelectEffect	UNUSED_StartupDebugMenu_ChapterSelectEffect	new-hint	FE_GBA_Function_Library
0x0801BF60	0x0801C2D0	DebugMenu_OpenChuudanMenuEffect		new-hint	FE_GBA_Function_Library
0x0801BF74	0x0801C2E4	DebugMenu_OpenChargeMenuEffect		new-hint	FE_GBA_Function_Library
0x0801BF88	0x0801C2F8	DebugMenu_SaveMenuEffect		new-hint	FE_GBA_Function_Library
0x0801BF9C	0x0801C30C	DebugChuudanMenu_ManualSave		new-hint	FE_GBA_Function_Library
0x0801BFB8	0x0801C328	DebugContinueMenu_IsManualContinueAvailable		new-hint	FE_GBA_Function_Library
0x0801BFD0	0x0801C340	DebugContinueMenu_ManualContinue		new-hint	FE_GBA_Function_Library
0x0801C000	0x0801C370	DebugContinueMenu_InitializeFile	StartupDebugMenu_InitializeFileEffect	new-hint	FE_GBA_Function_Library
0x0801C02C	0x0801C39C	DebugContinueMenu_IsContinueChapterAvailable		new-hint	FE_GBA_Function_Library
0x0801C044	0x0801C3B4	DebugContinueMenu_ContinueChapter		new-hint	FE_GBA_Function_Library
0x0801C064	-			new-hint	FE_GBA_Function_Library
0x0801C0D4	0x0801C448	DebugMenu_FogIdle	DebugMenu_FogIdle	new-hint	FE_GBA_Function_Library
0x0801C130	0x0801C4B4	DebugContinueMenu_ReleaseEntry	StartupDebugMenu_ReleaseEntryEffect	new-hint	FE_GBA_Function_Library
0x0801C13C	0x0801C4C0	DebugMenu_GNightEffect	DebugMenu_GNightEffect	new-hint	FE_GBA_Function_Library
0x0801C14C	-			new-hint	FE_GBA_Function_Library
0x0801C1F0	0x0801C588	DebugChargeMenu_Idle	DebugChargeMenu_Idle	new-hint	FE_GBA_Function_Library
0x0801C2B8	0x0801C650	Debug_GetChapterId		new-hint	FE_GBA_Function_Library
0x0801C2C4	0x0801C65C	DebugMenuMapIdleCore		new-hint	FE_GBA_Function_Library
0x0801C4FC	0x0801C894	PlayerPhase_Suspend	PlayerPhase_Suspend	new-hint	FE_GBA_Function_Library
0x0801C514	0x0801C8AC	HandlePlayerCursorMovement	HandlePlayerCursorMovement	new-hint	FE_GBA_Function_Library
0x0801C590	0x0801C928	CanShowUnitStatScreen	CanShowUnitStatScreen	funcmap-agree	FE_GBA_Function_Library
0x0801C5A8	0x0801C940	PlayerPhase_MainIdle	PlayerPhase_MainIdle	new-hint	FE_GBA_Function_Library
0x0801C7D8	0x0801CB70	DisplayUnitEffectRange	DisplayUnitEffectRange	new-hint	FE_GBA_Function_Library
0x0801C884	0x0801CC1C	PlayerPhase_InitUnitMovementSelect	PlayerPhase_InitUnitMovementSelect	new-hint	FE_GBA_Function_Library
0x0801C8E4	0x0801CC7C	DisplayActiveUnitEffectRange	DisplayActiveUnitEffectRange	new-hint	FE_GBA_Function_Library
0x0801C91C	0x0801CCB4	PlayerPhase_DisplayDangerZone	PlayerPhase_DisplayDangerZone	new-hint	FE_GBA_Function_Library
0x0801C984	0x0801CD1C	PlayerPhase_RangeDisplayIdle	PlayerPhase_RangeDisplayIdle	new-hint	FE_GBA_Function_Library
0x0801CC58	0x0801CFF0	PlayerPhase_CancelAction	PlayerPhase_CancelAction	new-hint	FE_GBA_Function_Library
0x0801CC70	0x0801D008	PlayerPhase_BackToMove	PlayerPhase_BackToMove	new-hint	FE_GBA_Function_Library
0x0801CCEC	0x0801D084	PlayerPhase_PrepareAction	PlayerPhase_PreAction	new-hint	FE_GBA_Function_Library
0x0801CEA8	0x0801D244	TryMakeCantoUnit	TryMakeCantoUnit	new-hint	FE_GBA_Function_Library
0x0801CF64	0x0801D300	RunPotentialWaitEvents	MaybeRunPostActionEvents	new-hint	FE_GBA_Function_Library
0x0801CF80	0x0801D31C	EnsureCameraOntoActiveUnitPosition	EnsureCameraOntoActiveUnitPosition	new-hint	FE_GBA_Function_Library
0x0801CFA8	0x0801D344	PlayerPhase_FinishAction		new-hint	FE_GBA_Function_Library
0x0801D068	0x0801D404	PlayerPhase_CommitActiveUnitMove		new-hint	FE_GBA_Function_Library
0x0801D098	0x0801D434	PlayerPhase_OpenUnitActionMenu		new-hint	FE_GBA_Function_Library
0x0801D0D4	0x0801D470	PlayerPhase_ApplyUnitMovement	PlayerPhase_ApplyUnitMovement	new-hint	FE_GBA_Function_Library
0x0801D180	0x0801D51C	GetPlayerSelectKind	GetUnitSelectionValueThing	new-hint	FE_GBA_Function_Library
0x0801D20C	0x0801D5A8	CanMoveActiveUnitTo	CanMoveActiveUnitTo	new-hint	FE_GBA_Function_Library
0x0801D288	0x0801D624	PlayerPhase_DisplayUnitMovement	PlayerPhase_DisplayUnitMovement	new-hint	FE_GBA_Function_Library
0x0801D2B0	0x0801D64C	PlayerPhase_WaitForUnitMovement	PlayerPhase_WaitForUnitMovement	new-hint	FE_GBA_Function_Library
0x0801D2CC	0x0801D668	PlayerPhase_ResumeRangeDisplay	PlayerPhase_ResumeRangeDisplay	new-hint	FE_GBA_Function_Library
0x0801D360	0x0801D6FC	PlayerPhase_ReReadGameSaveGfx	PlayerPhase_ReloadGameGfx	new-hint	FE_GBA_Function_Library
0x0801D370	0x0801D70C	MakeMoveunitForActiveUnit	MakeMoveunitForActiveUnit	new-hint	FE_GBA_Function_Library
0x0801D3C0	0x0801D75C	ClearActiveUnit	ClearActiveUnit	new-hint	FE_GBA_Function_Library
0x0801D44C	0x0801D7E8	PlayPhaseForcePressAButtonInRangeDisp	ASMC_801D7E8	new-hint	FE_GBA_Function_Library
0x0801D47C	0x0801D818	PlayerPhase_RangeDisplayIdle_ForceAPress	PlayerPhase_RangeDisplayIdle_ForceAPress	new-hint	FE_GBA_Function_Library
0x0801D498	0x0801D834	PlayPhaseForceActiveUnitCanto		new-hint	FE_GBA_Function_Library
0x0801D500	0x0801D89C	MoveLimitViewChange_OnInit	Load6CRangeDisplaySquareGfx	new-hint	FE_GBA_Function_Library
0x0801D550	0x0801D8EC	MoveLimitViewChange_OnLoop	Loop6C_MLVCHC	new-hint	FE_GBA_Function_Library
0x0801D590	0x0801D92C	MoveLimitView_OnInit	Setup6CRangeDisplayGfx	new-hint	FE_GBA_Function_Library
0x0801D640	0x0801D9DC	MoveLimitView_OnLoop	Loop6C_MoveLimitView	new-hint	FE_GBA_Function_Library
0x0801D6C4	0x0801DA60	MoveLimitView_OnEnd	DestructMoveLimitView	new-hint	FE_GBA_Function_Library
0x0801D6FC	0x0801DA98	DisplayMoveRangeGraphics	DisplayMoveRangeGraphics	new-hint	FE_GBA_Function_Library
0x0801D730	0x0801DACC	HideMoveRangeGraphics	HideMoveRangeGraphics	new-hint	FE_GBA_Function_Library
0x0801D740	0x0801DADC	TrySetCursorOn		new-hint	FE_GBA_Function_Library
0x0801D7B0	0x0801DB4C	TrySwitchViewedUnit		funcmap-agree	FE_GBA_Function_Library
0x0801D808	0x0801DBA4	PlayerPhase_HandleAutoEnd	PlayerPhase_HandleAutoEnd	new-hint	FE_GBA_Function_Library
0x0801D838	0x0801DBD4	GetSomeFacingDirection	GetSomeFacingDirection	funcmap-agree	FE_GBA_Function_Library
0x0801D864	0x0801DC00	Make6CMOVEUNITForUnitBeingRescued	NewMoveUnitForUnitBeingRescued	new-hint	FE_GBA_Function_Library
0x0801D8A0	0x0801DC3C	Loop6C_KOIDO	Loop6C_KOIDO	new-hint	FE_GBA_Function_Library
0x0801D8E0	0x0801DC7C	Make6CKOIDO	Make6CKOIDO	new-hint	FE_GBA_Function_Library
0x0801D934	0x0801DCD0	Make6CKOIDOAMM	Make6CKOIDOAMM	new-hint	FE_GBA_Function_Library
0x0801D980	0x0801DD1C	bmxfade_init		new-hint	FE_GBA_Function_Library
0x0801D9B8	0x0801DD54	bmxfade_loop		new-hint	FE_GBA_Function_Library
0x0801DA0C	0x0801DDA8	Destruct6CBMXFADE	Destruct6CBMXFADE	new-hint	FE_GBA_Function_Library
0x0801DA28	0x0801DDC4	NewBMXFADE	StartBMXFADE	new-hint	FE_GBA_Function_Library
0x0801DA50	0x0801DDF0	MakeNew6CBMXFADE2	StartBlockingBMXFADE	new-hint	FE_GBA_Function_Library
0x0801DA74	0x0801DE18	DoesBMXFADEExist	BMXFADEExists	new-hint	FE_GBA_Function_Library
0x0801DA8C	0x0801DE30	GetPlayerStartCursorPosition	GetPlayerStartCursorPosition	new-hint	FE_GBA_Function_Library
0x0801DAE4	0x0801DE88	GetEnemyStartCursorPosition	GetEnemyStartCursorPosition	new-hint	FE_GBA_Function_Library
0x0801DB4C	0x0801DEF0	ProcFun_ResetCursorPosition		new-hint	FE_GBA_Function_Library
0x0801DBC0	0x0801DF64	ADJUSTFROMXI_MoveCameraOnSomeUnit	ADJUSTFROMXI_MoveCameraOnSomeUnit	new-hint	FE_GBA_Function_Library
0x0801DBF0	0x0801DF94	ConvoyMenuProc_StarMenu		new-hint	FE_GBA_Function_Library
0x0801DC38	0x0801DFDC	ConvoyMenuProc_MenuEnd		new-hint	FE_GBA_Function_Library
0x0801DC64	0x0801E008	ConvoyMenuProc_MaybeStartSelectConvoyItem		new-hint	FE_GBA_Function_Library
0x0801DC74	0x0801E018	ConvoyMenuProc_SendToConvoyReal		new-hint	FE_GBA_Function_Library
0x0801DC88	0x0801E02C	ConvoyMenuProc_SetupActiveUnit		new-hint	FE_GBA_Function_Library
0x0801DCA4	0x0801E048	ConvoyMenuProc_ExecBootlegPopup		new-hint	FE_GBA_Function_Library
0x0801DCF4	0x0801E098	HandleNewItemGetFromDrop	HandleNewItemGetFromDrop	new-hint	FE_GBA_Function_Library
0x0801DD94	0x0801E138	SendToConvoyMenu_Draw	SendToConvoyMenu_Draw	new-hint	FE_GBA_Function_Library
0x0801DDA0	0x0801E144	MenuCommand_DrawExtraItem	MenuCommand_DrawExtraItem	new-hint	FE_GBA_Function_Library
0x0801DDE4	0x0801E188	SendToConvoyMenu_NormalEffect	SendToConvoyMenu_NormalEffect	new-hint	FE_GBA_Function_Library
0x0801DE38	0x0801E1DC	MenuCommand_SendItemToConvoy		new-hint	FE_GBA_Function_Library
0x0801DE58	0x0801E1FC	SendToConvoyMenu_Selected		new-hint	FE_GBA_Function_Library
0x0801DEAC	0x0801E250	SendToConvoyMenu_Selected2		new-hint	FE_GBA_Function_Library
0x0801DEF0	0x0801E294	SendToConvoyMenu_Idle		new-hint	FE_GBA_Function_Library
0x0801DF3C	0x0801E2E0	UpdateMapViewWithFog		new-hint	FE_GBA_Function_Library
0x0801DF78	0x0801E31C	FastUpdateMapViewWithFog		new-hint	FE_GBA_Function_Library
0x0801DFA8	0x0801E34C	FillWarpRangeMap	FillWarpRangeMap	new-hint	FE_GBA_Function_Library
0x0801E150	0x0801E4F4	MenuItemPanelProcIdle		new-hint	FE_GBA_Function_Library
0x0801E2E0	0x0801E684	ForceMenuItemPanel	ForceMenuItemPanel	new-hint	FE_GBA_Function_Library
0x0801E3A4	0x0801E748	UpdateMenuItemPanel	UpdateMenuItemPanel	new-hint	FE_GBA_Function_Library
0x0801E6AC	0x0801EA54	EndMenuItemPanel	EndMenuItemPanel	new-hint	FE_GBA_Function_Library
0x0801E6BC	0x0801EA64	PrepUnitSwapProc_Init		new-hint	FE_GBA_Function_Library
0x0801E740	0x0801EAE8	PrepUnitSwapProc_MainLoop		new-hint	FE_GBA_Function_Library
0x0801E840	0x0801EBE8	PrepUnitSwapProc_OnEnd		funcmap-agree	FE_GBA_Function_Library
0x0801E868	0x0801EC10	StartPrepUnitSwap	StartUnitSwapAnimation	new-hint	FE_GBA_Function_Library
0x0801E8A0	0x0801EC48	PrepUnitSwapProcExits	UnitSwapAnimationExists	new-hint	FE_GBA_Function_Library
0x0801E8BC	0x0801EC64	PhaseIntroVMatchHi		new-hint	FE_GBA_Function_Library
0x0801E900	0x0801ECA8	PhaseIntroVMatchMid		new-hint	FE_GBA_Function_Library
0x0801E944	0x0801ECEC	PhaseIntroVMatchLo		new-hint	FE_GBA_Function_Library
0x0801E988	0x0801ED30	PhaseIntroText_PutText		new-hint	FE_GBA_Function_Library
0x0801E9B0	0x0801ED58	PhaseIntroInitText		new-hint	FE_GBA_Function_Library
0x0801E9EC	0x0801ED94	PhaseIntroText_InLoop		new-hint	FE_GBA_Function_Library
0x0801EA60	0x0801EE08	PhaseIntroText_OutLoop		new-hint	FE_GBA_Function_Library
0x0801EAD8	0x0801EE80	PhaseIntroClearText		new-hint	FE_GBA_Function_Library
0x0801EAF0	0x0801EE98	PhaseIntroUnk_Init		funcmap-agree	FE_GBA_Function_Library
0x0801EB00	0x0801EEA8	PhaseIntroUnk_Loop		new-hint	FE_GBA_Function_Library
0x0801EC40	0x08008FAC	SpriteTextScroll_OnInit		new-hint	FE_GBA_Function_Library
0x0801EC48	0x0801EFF0	PhaseIntroSquares_InLoop		new-hint	FE_GBA_Function_Library
0x0801ED1C	0x0801F0C4	PhaseIntroSquares_OutLoop		new-hint	FE_GBA_Function_Library
0x0801EDF0	0x0801EFE8	PhaseIntroSquares_Init		new-hint	FE_GBA_Function_Library
0x0801EDF8	0x0801F1A0	PhaseIntroBlendBox_InLoop		new-hint	FE_GBA_Function_Library
0x0801EE80	0x0801F228	PhaseIntroBlendBox_OutLoop		new-hint	FE_GBA_Function_Library
0x0801EF04	0x0801F2AC	PhaseIntro_EndIfNoUnits		new-hint	FE_GBA_Function_Library
0x0801EF24	0x0801F2CC	PhaseIntro_InitGraphics	LoadPhaseIntroGraphics	new-hint	FE_GBA_Function_Library
0x0801F000	0x0801F3A8	PhaseIntro_InitDisp		new-hint	FE_GBA_Function_Library
0x0801F0E8	0x0801F490	PhaseIntro_WaitForEnd		new-hint	FE_GBA_Function_Library
0x0801F164	0x0801F50C	ChangeActiveUnitFacing	ChangeActiveUnitFacing	new-hint	FE_GBA_Function_Library
0x0801F198	0x0801F540	GasTrapSpriteAnim_Init	GasTrapEffectGfx_Setup	new-hint	FE_GBA_Function_Library
0x0801F258	0x0801F600	StartGasTrapAnim	StartGasTrapEffectGfxMaybe	new-hint	FE_GBA_Function_Library
0x0801F288	0x0801F630	FireTrapSpriteAnim_Init	MineFireEffectGfx_Setup	new-hint	FE_GBA_Function_Library
0x0801F2E4	0x0801F68C	StartFireTrapAnim	NewFireTrapEffectGfx	new-hint	FE_GBA_Function_Library
0x0801F314	0x0801F6BC	StartFireTrapAnim2	NewMineTrapEffectGfx	new-hint	FE_GBA_Function_Library
0x0801F344	0x0801F6EC	ProcUnkTrapAnimFunc		new-hint	FE_GBA_Function_Library
0x0801F3D8	0x0801F780	StartUnkTrapAnim		new-hint	FE_GBA_Function_Library
0x0801F430	0x0801F7D8	ArrowTrapSpriteAnim_Init		new-hint	FE_GBA_Function_Library
0x0801F49C	0x0801F844	StartArrowTrapAnim	StartLightArrowTrapGfx	new-hint	FE_GBA_Function_Library
0x0801F4B8	0x0801F860	ProcShowMapChange_MoveCamera		new-hint	FE_GBA_Function_Library
0x0801F4E4	0x0801F88C	ProcShowMapChange_UpdateGame		new-hint	FE_GBA_Function_Library
0x0801F520	0x0801F8C8	StartShowMapChangeAnim		new-hint	FE_GBA_Function_Library
0x0801F55C	0x0801F904	PikeTrapSpriteAnim_Init		new-hint	FE_GBA_Function_Library
0x0801F5D0	0x0801F978	StartPikeTrapAnim		new-hint	FE_GBA_Function_Library
0x0801F61C	0x0801F198	PhaseIntroBlendBox_Init		funcmap-disagree	FE_GBA_Function_Library
0x0801F624	0x0801F9CC	ProcPopup2_Loop		new-hint	FE_GBA_Function_Library
0x0801F654	0x0801F9FC	NewPopup2_PlanA		new-hint	FE_GBA_Function_Library
0x0801F6E4	0x0801FA8C	NewPopup2_PlanB		new-hint	FE_GBA_Function_Library
0x0801F804	-			new-hint	FE_GBA_Function_Library
0x0801F940	0x0801FBAC	NewPopup2_PlanC		new-hint	FE_GBA_Function_Library
0x0801FA0C	-			new-hint	FE_GBA_Function_Library
0x0801FA1C	0x0801FD90	ChapterIntro_Bg2Scroll_Loop	BgMoverProc_Update	new-hint	FE_GBA_Function_Library
0x0801FA38	0x0801FDAC	ChapterIntro_KeyListen_Init		funcmap-agree	FE_GBA_Function_Library
0x0801FA48	0x0801FDBC	ChapterIntro_KeyListen_Loop		new-hint	FE_GBA_Function_Library
0x0801FAA0	-			new-hint	FE_GBA_Function_Library
0x0801FB0C	0x0801FE14	PutScreenFogEffect		funcmap-agree	FE_GBA_Function_Library
0x0801FBE0	0x0801FEE8	PutScreenFogEffectOverlayed		funcmap-agree	FE_GBA_Function_Library
0x0801FCC8	0x0801F9C4	ProcPopup2_Init		new-hint	FE_GBA_Function_Library
0x0801FCD0	0x0801FFD8	ChapterIntro_Bg1And3Scroll_Loop		new-hint	FE_GBA_Function_Library
0x0801FD08	0x08020010	ChapterIntro_0		new-hint	FE_GBA_Function_Library
0x0801FD94	0x0802009C	ChapterIntro_SetBG_0		new-hint	FE_GBA_Function_Library
0x0801FDE8	0x080200F0	ChapterIntro_Init		new-hint	FE_GBA_Function_Library
0x0801FFB4	0x080202BC	ChapterIntro_TwinLights_InitAndPlaySe		new-hint	FE_GBA_Function_Library
0x0801FFF0	0x080202F8	ChapterIntro_TwinLights_Loop		new-hint	FE_GBA_Function_Library
0x080201A4	0x080204AC	ChapterIntro_LightExplosion_Init		funcmap-agree	FE_GBA_Function_Library
0x080201DC	0x080204E4	PutOppositeLightExplosionSprites		new-hint	FE_GBA_Function_Library
0x08020270	0x08020578	ChapterIntro_LightExplosion_Loop		new-hint	FE_GBA_Function_Library
0x08020470	0x08020778	ChapterIntro_DrawChapterTitle		new-hint	FE_GBA_Function_Library
0x080204C0	0x080207C8	ChapterIntro_PutDecalSprite_Loop		new-hint	FE_GBA_Function_Library
0x080204EC	0x080207F4	ChapterIntro_LightBurst_Init		funcmap-agree	FE_GBA_Function_Library
0x08020500	0x08020808	ChapterIntro_LightBurst_Loop		new-hint	FE_GBA_Function_Library
0x080205F0	0x080208F8	ChapterIntro_InitBLDCNT		new-hint	FE_GBA_Function_Library
0x0802063C	0x08020944	ChapterIntro_InitFogGfx		new-hint	FE_GBA_Function_Library
0x080206D0	0x080209D8	ChapterIntro_BlendFogAlpha_Loop		new-hint	FE_GBA_Function_Library
0x08020738	0x08020A40	ChapterIntro_1		new-hint	FE_GBA_Function_Library
0x08020784	0x08020A8C	ChapterIntro_2		new-hint	FE_GBA_Function_Library
0x080207F0	0x08020AF8	ChapterIntro_3		new-hint	FE_GBA_Function_Library
0x08020818	0x08020B20	ChapterIntro_InitCameraYPos		funcmap-agree	FE_GBA_Function_Library
0x08020828	0x08020B30	ChapterIntro_InitMapDisplay		new-hint	FE_GBA_Function_Library
0x08020924	0x08020C2C	ChapterIntro_BeginFadeToMap		new-hint	FE_GBA_Function_Library
0x0802099C	0x08020CA4	ChapterIntro_LoopFadeToMap		new-hint	FE_GBA_Function_Library
0x08020AB4	0x08020DBC	ChapterIntro_RevealDecalSprite_Init		funcmap-agree	FE_GBA_Function_Library
0x08020AE0	0x08020DE8	ChapterIntro_RevealDecalSprite_Loop		new-hint	FE_GBA_Function_Library
0x08020B40	0x08020E48	ChapterIntro_BeginFadeOut		new-hint	FE_GBA_Function_Library
0x08020BA4	0x08020EAC	ChapterIntro_LoopFadeOut		new-hint	FE_GBA_Function_Library
0x08020BF8	0x08020F00	ChapterIntro_BeginFastFadeToMap		new-hint	FE_GBA_Function_Library
0x08020CF0	0x08020FF8	ChapterIntro_LoopFastFadeToMap		new-hint	FE_GBA_Function_Library
0x08020D88	0x08021090	ChapterIntro_TickTimerMaybe		new-hint	FE_GBA_Function_Library
0x08020DB8	0x0801FFD0	ChapterIntro_Bg1And3Scroll_Init		funcmap-disagree	FE_GBA_Function_Library
0x08020DC0	0x080210C8	ChapterIntro_End		new-hint	FE_GBA_Function_Library
0x08020E80	0x08021188	ChapterIntro_4		new-hint	FE_GBA_Function_Library
0x08020EC0	0x080211C8	GameOverScreen_RandomScroll_Init		funcmap-agree	FE_GBA_Function_Library
0x08020F00	0x08021208	GameOverScreen_RandomScroll_Loop		new-hint	FE_GBA_Function_Library
0x08020F74	0x0802127C	GameOverScreenHBlank		new-hint	FE_GBA_Function_Library
0x08020FB8	0x080212C0	GameOverScreen_Init		new-hint	FE_GBA_Function_Library
0x080210EC	0x080213F4	GameOverScreen_LoopFadeIn		new-hint	FE_GBA_Function_Library
0x08021120	0x08021428	GameOverScreen_BeginIdle		funcmap-agree	FE_GBA_Function_Library
0x0802112C	0x08021434	GameOverScreen_LoopIdle		new-hint	FE_GBA_Function_Library
0x08021168	0x08021470	GameOverScreen_BeginFadeOut		new-hint	FE_GBA_Function_Library
0x080211A0	0x080214A8	GameOverScreen_LoopFadeOut		new-hint	FE_GBA_Function_Library
0x080211CC	0x080214D4	GameOverScreen_End		new-hint	FE_GBA_Function_Library
0x08021210	0x0807F878	StartMapEventcallFx0		new-hint	FE_GBA_Function_Library
0x08021234	0x0802153C	ProcLightRuneAnim_Init		new-hint	FE_GBA_Function_Library
0x08021360	0x08021668	ProcBmFx_CommonEnd		new-hint	FE_GBA_Function_Library
0x0802137C	0x08021684	StartLightRuneAnim	BeginLightRuneMapAnim	new-hint	FE_GBA_Function_Library
0x080213C8	0x080216D0	ProcLightRuneAnim2_Init		new-hint	FE_GBA_Function_Library
0x0802147C	0x080215F0	ProcLightRuneAnim_Loop		new-hint	FE_GBA_Function_Library
0x080214F4	0x080217FC	ProcLightRuneAnim2_End		new-hint	FE_GBA_Function_Library
0x08021510	0x08021818	StartLightRuneAnim2		new-hint	FE_GBA_Function_Library
0x0802155C	0x08021864	ProcLightRuneAnim3_Init		new-hint	FE_GBA_Function_Library
0x08021610	0x08021784	ProcLightRuneAnim2_Loop		new-hint	FE_GBA_Function_Library
0x08021688	0x08021990	ProcLightRuneAnim3_End		new-hint	FE_GBA_Function_Library
0x080216A4	0x080219AC	StartLightRuneAnim3		new-hint	FE_GBA_Function_Library
0x0802178C	0x08021A94	ProcDanceAnim_Loop		new-hint	FE_GBA_Function_Library
0x080217F4	0x080210C0	ChapterIntro_SetSkipping		funcmap-disagree	FE_GBA_Function_Library
0x080217FC	0x08021B04	ProcDanceAnim_Loop_Blend		new-hint	FE_GBA_Function_Library
0x08021828	0x08021B30	StartDanceringAnim		new-hint	FE_GBA_Function_Library
0x08021894	0x08021B9C	ProcEventWrapAnim_Init		new-hint	FE_GBA_Function_Library
0x08021960	0x08021C68	ProcEventWrapAnim_Loop		new-hint	FE_GBA_Function_Library
0x080219FC	0x08021D04	ProcEventWrapAnim_End		new-hint	FE_GBA_Function_Library
0x08021AE4	0x08021DF8	EventWarpAnimExists		new-hint	FE_GBA_Function_Library
0x08021AFC	0x080219F8	ProcDanceAnim_Init		new-hint	FE_GBA_Function_Library
0x08021B98	0x08021918	ProcLightRuneAnim3_Loop		new-hint	FE_GBA_Function_Library
0x08021C10	0x08081008	SummonUnitGfx_End		new-hint	FE_GBA_Function_Library
0x08021C28	-			new-hint	FE_GBA_Function_Library
0x08021C70	0x08021E10	ProcWhiteCircleFx_Loop		new-hint	FE_GBA_Function_Library
0x08021D2C	0x08021ECC	ProcWhiteCircleFx_End		new-hint	FE_GBA_Function_Library
0x08021D68	0x08021F08	StartCircularFadeAnim		new-hint	FE_GBA_Function_Library
0x08021E18	0x08021FB8	ProcEmitSingleStar_Init		new-hint	FE_GBA_Function_Library
0x08021E4C	0x08021FEC	ProcEmitSingleStar_Loop		new-hint	FE_GBA_Function_Library
0x08021EC0	0x08022060	Calcs_Interpolate		new-hint	FE_GBA_Function_Library
0x08021F08	0x080220A8	LetsEmitStars		new-hint	FE_GBA_Function_Library
0x08022060	0x08022200	StarsBlinking		new-hint	FE_GBA_Function_Library
0x080220B0	0x08022250	StartEmitStarsAnim		new-hint	FE_GBA_Function_Library
0x08022118	0x080222B8	ClearEmitedStars		new-hint	FE_GBA_Function_Library
0x08022130	0x080140E4	FadeCoreEndEach		new-hint	FE_GBA_Function_Library
0x08022140	-			new-hint	FE_GBA_Function_Library
0x08022178	-			new-hint	FE_GBA_Function_Library
0x080221D8	-			new-hint	FE_GBA_Function_Library
0x080222AC	0x080222E0	ProcMineFxFunc		new-hint	FE_GBA_Function_Library
0x080222CC	0x08022300	StartMineAnim	BeginMineMapAnim	new-hint	FE_GBA_Function_Library
0x08022348	0x0802237C	ChapterIntroTitle_InitBgImg		new-hint	FE_GBA_Function_Library
0x080224B8	0x080224EC	ChapterIntroTitle_ResetBg		new-hint	FE_GBA_Function_Library
0x080224F4	0x08022528	ChapterIntroTitle_End		new-hint	FE_GBA_Function_Library
0x0802257C	0x080225B0	MapMenu_IsSuspendCommandAvailable		funcmap-agree	FE_GBA_Function_Library
0x0802259C	0x080225D0	MapMenu_SuspendCommand		new-hint	FE_GBA_Function_Library
0x080225C4	0x080225F8	CommandEffectEndPlayerPhase	MapMenuCommnd_EndEffect	new-hint	FE_GBA_Function_Library
0x080225D8	0x0802260C	MapMenu_UnitCommand	MapMenuCommand_UnitEffect	new-hint	FE_GBA_Function_Library
0x08022608	0x0802263C	MapMenu_IsStatusCommandAvailable		new-hint	FE_GBA_Function_Library
0x0802261C	0x08022650	MapMenu_StatusCommand	MapMenuCommnd_StatusEffect	new-hint	FE_GBA_Function_Library
0x0802262C	0x08022660	MapMenu_IsGuideCommandAvailable		new-hint	FE_GBA_Function_Library
0x08022644	0x08022678	MapMenu_GuideCommandDraw		new-hint	FE_GBA_Function_Library
0x080226AC	0x0801C63C	DebugMenu_StartNameEntryEffect		new-hint	FE_GBA_Function_Library
0x080226C0	0x080226F8	MapMenu_DangerZone_UnusedEffect	MapMenuCommand_DangerZoneUnusedEffect	new-hint	FE_GBA_Function_Library
0x080226EC	0x08022724	MapMenu_SuspendCommandEffect		new-hint	FE_GBA_Function_Library
0x08022700	0x08022738	EffectWait	EffectWait	funcmap-agree	FE_GBA_Function_Library
0x08022710	0x08022748	GenericSelection_BackToUM	GenericSelection_BackToUM	new-hint	FE_GBA_Function_Library
0x0802276C	0x080227A4	BackToUnitMenu_CamWatch		new-hint	FE_GBA_Function_Library
0x080227D0	0x08022808	BackToUnitMenu_RestartMenu		new-hint	FE_GBA_Function_Library
0x080227F4	0x0802282C	GenericSelection_BackToUM_CamWait	GenericSelection_BackToUM_CamWait	new-hint	FE_GBA_Function_Library
0x08022828	0x08022860	ItemMenu_ButtonBPressed		new-hint	FE_GBA_Function_Library
0x0802286C	0x080228A4	RescueUsability	RescueUsability	new-hint	FE_GBA_Function_Library
0x080228A4	0x080228DC	RescueEffect	RescueEffect	new-hint	FE_GBA_Function_Library
0x080228C4	0x080228FC	RescueSelection_OnSelect	RescueSelection_OnSelect	funcmap-agree	FE_GBA_Function_Library
0x080228D8	0x08022910	DropUsability	DropUsability	new-hint	FE_GBA_Function_Library
0x08022910	0x08022948	DropEffect	DropEffect	new-hint	FE_GBA_Function_Library
0x08022930	0x08022968	DropSelection_OnSelect	DropSelection_OnSelect	funcmap-agree	FE_GBA_Function_Library
0x08022954	0x0802298C	TakeUsability	TakeUsability	new-hint	FE_GBA_Function_Library
0x0802299C	0x080229D4	TakeEffect	TakeEffect	new-hint	FE_GBA_Function_Library
0x080229BC	0x080229F4	GiveUsability	GiveUsability	new-hint	FE_GBA_Function_Library
0x08022A04	0x08022A3C	GiveEffect	GiveEffect	new-hint	FE_GBA_Function_Library
0x08022A24	0x08022A5C	MakeUnitRescueTransferGraphics	MakeUnitRescueTransferGraphics	new-hint	FE_GBA_Function_Library
0x08022A58	0x08022A90	TakeSelection_OnSelect	TakeSelection_OnSelect	new-hint	FE_GBA_Function_Library
0x08022AA8	0x08022AE0	GiveSelection_OnSelect	GiveSelection_OnSelect	new-hint	FE_GBA_Function_Library
0x08022AF8	0x08022B30	UnitActionMenu_Attack		new-hint	FE_GBA_Function_Library
0x08022B54	0x08022B8C	StartUnitBallistaSelect		new-hint	FE_GBA_Function_Library
0x08022BA0	0x08022BD8	StartUnitWeaponSelect		new-hint	FE_GBA_Function_Library
0x08022BF8	0x08022C30	DisplayUnitStandingAttackRange	DisplayUnitStandingAttackRange	new-hint	FE_GBA_Function_Library
0x08022C60	0x08022C98	HideMoveRangeGraphicsWrapper	HideMoveRangeGraphicsWrapper	new-hint	FE_GBA_Function_Library
0x08022C6C	0x08022CA4	WeaponSelectMenu_IsAvailable		new-hint	FE_GBA_Function_Library
0x08022CB8	0x08022CF0	WeaponSelectMenu_Selected		new-hint	FE_GBA_Function_Library
0x08022CFC	0x08022D34	WeaponSelectMenu_Draw		new-hint	FE_GBA_Function_Library
0x08022D4C	0x08022D84	WeaponSelectMenu_SwitchIn		new-hint	FE_GBA_Function_Library
0x08022DA0	0x08022DD8	BallistaRangeMenu_SwitchOut		new-hint	FE_GBA_Function_Library
0x08022DB8	0x08022DF0	AttackMapSelect_Select		new-hint	FE_GBA_Function_Library
0x08022E00	0x08022E38	BackToAttackMenu_CamWatch		new-hint	FE_GBA_Function_Library
0x08022E1C	0x08022E54	BackToAttackMenu_RestartMenu		funcmap-agree	FE_GBA_Function_Library
0x08022E2C	0x08022E64	AttackMapSelect_Cancel		new-hint	FE_GBA_Function_Library
0x08022E54	0x08022E8C	AttackMapSelect_SwitchIn		new-hint	FE_GBA_Function_Library
0x08022ED8	0x08022F10	AttackMapSelect_End		new-hint	FE_GBA_Function_Library
0x08022EFC	0x08022F34	ItemSubMenu_IsTradeAvailable		new-hint	FE_GBA_Function_Library
0x08022F50	0x08022F88	TradeCommandEffect		new-hint	FE_GBA_Function_Library
0x08022F74	0x08022FAC	TradeSelection_OnSelect		new-hint	FE_GBA_Function_Library
0x08022FA4	0x08022FDC	UnitActionMenu_CanSeize		new-hint	FE_GBA_Function_Library
0x08022FE8	0x08023020	UnitActionMenu_Seize		funcmap-agree	FE_GBA_Function_Library
0x08023008	0x08023040	VisitCommandUsability		new-hint	FE_GBA_Function_Library
0x08023088	0x080230C0	VisitCommandEffect		new-hint	FE_GBA_Function_Library
0x080230B8	0x080230F0	PlayDanceCommandUsabilityCommon		new-hint	FE_GBA_Function_Library
0x08023120	0x08023158	PlayCommandUsability		funcmap-agree	FE_GBA_Function_Library
0x0802315C	0x08023194	DanceCommandUsability	DanceCommandUsability	funcmap-agree	FE_GBA_Function_Library
0x08023198	0x080231D0	PlayCommandEffect		new-hint	FE_GBA_Function_Library
0x0802326C	0x080232A4	RefreshMapSelect_Select		funcmap-agree	FE_GBA_Function_Library
0x08023280	0x080232B8	ItemCommandUsability		funcmap-agree	FE_GBA_Function_Library
0x080232B0	0x080232E8	ItemCommandEffect	ItemCommandEffect	new-hint	FE_GBA_Function_Library
0x08023318	0x08023350	ItemSelectMenu_TextDraw	ItemSelectMenu_TextDraw	new-hint	FE_GBA_Function_Library
0x0802339C	0x080233D8	ItemSelectMenu_Usability	ItemSelectMenu_Usability	new-hint	FE_GBA_Function_Library
0x080233EC	0x08023428	ItemSelectMenu_Effect	ItemSelectMenu_Effect	new-hint	FE_GBA_Function_Library
0x0802345C	0x08023498	Menu_SwitchIn		new-hint	FE_GBA_Function_Library
0x08023470	0x080234AC	ItemSubMenu_InitFontAndSaveBg		new-hint	FE_GBA_Function_Library
0x080234B4	0x080234F0	ItemSubMenuEnd		new-hint	FE_GBA_Function_Library
0x080234C0	0x080234FC	MenuCommand_SelectNo		new-hint	FE_GBA_Function_Library
0x080234FC	0x08023538	ItemSelectMenu_Teardown		new-hint	FE_GBA_Function_Library
0x08023514	0x08023550	ItemSubMenu_RestartItemSelect		new-hint	FE_GBA_Function_Library
0x0802356C	0x080235A8	ItemSubMenu_RestartItemSelectAfterDiscard		new-hint	FE_GBA_Function_Library
0x08023640	0x0802367C	ItemSubMenu_IsUseAvailable		new-hint	FE_GBA_Function_Library
0x080236B8	0x080236F4	ItemSubMenu_IsEquipAvailable		new-hint	FE_GBA_Function_Library
0x08023700	0x0802373C	ItemSubMenu_IsDiscardAvailable		new-hint	FE_GBA_Function_Library
0x08023734	0x08023770	ItemSubMenu_UseItem		new-hint	FE_GBA_Function_Library
0x080237BC	0x080237F8	ItemSubMenu_EquipItem		new-hint	FE_GBA_Function_Library
0x080237FC	0x08023838	ItemSubMenu_TradeItem		new-hint	FE_GBA_Function_Library
0x08023830	0x0802386C	ItemSubMenu_DiscardItem		new-hint	FE_GBA_Function_Library
0x080238A4	0x080238E0	MenuCommand_SelectYes		new-hint	FE_GBA_Function_Library
0x080238DC	0x08023918	BallistaRangeMenu_BallistaUsability		new-hint	FE_GBA_Function_Library
0x08023914	0x08023950	BallistaRangeMenu_Draw		new-hint	FE_GBA_Function_Library
0x08023964	0x080239A0	BallistaRangeMenu_Select		new-hint	FE_GBA_Function_Library
0x08023990	0x080239CC	FillBallistaRange	FillBallistaRange	new-hint	FE_GBA_Function_Library
0x08023A18	0x08023A54	StaffCommandUsability	StaffCommandUsability	new-hint	FE_GBA_Function_Library
0x08023A90	0x08023ACC	StaffCommandEffect	StaffCommandEffect	new-hint	FE_GBA_Function_Library
0x08023B00	0x08023B3C	StaffCommandRange		new-hint	FE_GBA_Function_Library
0x08023B48	0x08023B84	HideMoveRangeGraphicsWrapper2		new-hint	FE_GBA_Function_Library
0x08023B54	0x08023B90	StaffItemSelect_Usability	StaffItemSelect_Usability	new-hint	FE_GBA_Function_Library
0x08023B8C	0x08023BC8	StaffItemSelect_Effect	StaffItemSelect_Effect	new-hint	FE_GBA_Function_Library
0x08023BCC	0x08023C08	StaffItemSelect_TextDraw	StaffItemSelect_TextDraw	new-hint	FE_GBA_Function_Library
0x08023BD8	0x08023C14	StaffItemSelect_OnHover	StaffItemSelect_OnHover	new-hint	FE_GBA_Function_Library
0x08023C2C	0x08023C68	StaffItemSelect_SwitchOut		new-hint	FE_GBA_Function_Library
0x08023C44	0x08023C80	TalkCommandUsability		new-hint	FE_GBA_Function_Library
0x08023C88	0x08023CC4	TalkCommandEffect		new-hint	FE_GBA_Function_Library
0x08023CC0	0x08023D00	TalkSelection_OnSelect		funcmap-agree	FE_GBA_Function_Library
0x08023CD4	0x08023D14	SupportCommandUsability		new-hint	FE_GBA_Function_Library
0x08023D24	0x08023D64	SupportCommandEffect		new-hint	FE_GBA_Function_Library
0x08023D5C	0x08023DA0	SupportSelection_OnSelect		funcmap-agree	FE_GBA_Function_Library
0x08023D70	0x08023DB4	DoorCommandUsability		new-hint	FE_GBA_Function_Library
0x08023DB0	0x08023DF4	DoorCommandEffect		new-hint	FE_GBA_Function_Library
0x08023DD8	0x08023E1C	ChestCommandUsability		new-hint	FE_GBA_Function_Library
0x08023E14	0x08023E58	ChestCommandEffect		new-hint	FE_GBA_Function_Library
0x08023E38	0x08023E7C	PickCommandUsability	PickCommandUsability	new-hint	FE_GBA_Function_Library
0x08023E70	0x08023EB4	PickCommandEffect		new-hint	FE_GBA_Function_Library
0x08023E94	0x08023ED8	PickSelection_OnSelect		funcmap-agree	FE_GBA_Function_Library
0x08023EAC	0x08023EF0	IsAdjacentForSupply		new-hint	FE_GBA_Function_Library
0x08023F20	0x08023F64	SupplyUsability	SupplyUsability	new-hint	FE_GBA_Function_Library
0x08023F74	0x08023FB8	SupplyCommandEffect		new-hint	FE_GBA_Function_Library
0x08023F94	0x08023FD8	ArmoryCommandUsability		new-hint	FE_GBA_Function_Library
0x08023FD0	0x08024014	ArmoryCommandEffect		new-hint	FE_GBA_Function_Library
0x08023FF0	0x08024034	VendorCommandUsability		new-hint	FE_GBA_Function_Library
0x0802402C	0x08024070	VendorCommandEffect		new-hint	FE_GBA_Function_Library
0x0802404C	0x08024090	SecretShopCommandUsability		new-hint	FE_GBA_Function_Library
0x08024088	0x080240CC	SecretShopCommandEffect		new-hint	FE_GBA_Function_Library
0x080240A8	0x080240EC	ArenaCommandUsability	ArenaCommandUsability	new-hint	FE_GBA_Function_Library
0x08024100	0x08024144	ArenaCommandEffect	ArenaCommandEffect	new-hint	FE_GBA_Function_Library
0x08024148	0x0802418C	StealCommandUsability	StealCommandUsability	new-hint	FE_GBA_Function_Library
0x08024198	0x080241DC	StealCommandEffect	StealCommandEffect	new-hint	FE_GBA_Function_Library
0x080241D4	0x08024768	TradeTargetSelection_OnInit	TradeTargetSelection_OnInit	new-hint	FE_GBA_Function_Library
0x080241F4	0x0802423C	StealMapSelect_SwitchIn		new-hint	FE_GBA_Function_Library
0x08024218	0x08024260	StealMapSelect_Select		new-hint	FE_GBA_Function_Library
0x080242BC	0x08024304	StealItemMenuCommand_Usability	StealItemMenuCommand_Usability	new-hint	FE_GBA_Function_Library
0x08024300	0x08024348	StealItemMenuCommand_Draw	StealItemMenuCommand_Draw	new-hint	FE_GBA_Function_Library
0x08024354	0x0802439C	StealItemMenuCommand_Effect	StealItemMenuCommand_Effect	new-hint	FE_GBA_Function_Library
0x08024390	0x080243D8	SummonCommandUsability		new-hint	FE_GBA_Function_Library
0x08024468	0x080244B8	SummonCommandEffect		new-hint	FE_GBA_Function_Library
0x080244AC	0x080244FC	YobimaCommandUsability		new-hint	FE_GBA_Function_Library
0x080244F8	0x08024548	YobimaCommandEffect		new-hint	FE_GBA_Function_Library
0x08024514	0x080244D8	SummonSelection_OnSelect		new-hint	FE_GBA_Function_Library
0x08024538	0x08024588	ConvoyMenu_HelpBox		new-hint	FE_GBA_Function_Library
0x08024590	0x080245E0	ItemMenu_HelpBox		new-hint	FE_GBA_Function_Library
0x080245C8	0x08024618	BallistaRangeMenuHelpBox		new-hint	FE_GBA_Function_Library
0x080245FC	0x0802464C	HealMapSelect_Init		new-hint	FE_GBA_Function_Library
0x08024608	-			new-hint	FE_GBA_Function_Library
0x0802462C	0x080247B0	TalkSupportSelection_OnInit		new-hint	FE_GBA_Function_Library
0x0802464C	0x0802469C	RescueSelection_OnChange	RescueSelection_OnChange	new-hint	FE_GBA_Function_Library
0x08024690	0x0802421C	StealMapSelect_Init	StealTargetSelection_OnInit	new-hint	FE_GBA_Function_Library
0x080246B0	0x08024700	GiveSelection_OnChange		new-hint	FE_GBA_Function_Library
0x080246D4	0x080247F4	RefreshMapSelect_Init		new-hint	FE_GBA_Function_Library
0x080246F4	0x08024744	TakeSelection_OnChange		new-hint	FE_GBA_Function_Library
0x08024718	0x0802467C	RescueSelection_OnConstruction	RescueSelection_OnConstruction	new-hint	FE_GBA_Function_Library
0x08024738	0x08024788	TradeSelection_OnChange		new-hint	FE_GBA_Function_Library
0x08024760	0x080246E0	GiveSelection_OnInit		new-hint	FE_GBA_Function_Library
0x08024780	0x080247D0	TalkSupportSelection_OnChange		new-hint	FE_GBA_Function_Library
0x080247A4	0x08024724	TakeSelection_OnInit		new-hint	FE_GBA_Function_Library
0x080247C4	0x08024814	RefreshMapSelect_SwitchIn		new-hint	FE_GBA_Function_Library
0x080247E8	0x08024838	WarpUnitMapSelect_Init		new-hint	FE_GBA_Function_Library
0x080247F4	0x08024658	HealMapSelect_SwitchIn		new-hint	FE_GBA_Function_Library
0x08024874	0x080248C4	RideCommandUsability	RideCommandUsability	new-hint	FE_GBA_Function_Library
0x080248D0	0x08024920	RideCommandEffect	RideCommandEffect	new-hint	FE_GBA_Function_Library
0x080248FC	0x0802494C	ExitCommandUsability		funcmap-agree	FE_GBA_Function_Library
0x08024930	0x08024980	ExitCommandEffect		new-hint	FE_GBA_Function_Library
0x0802495C	0x080249AC	AttackCommandUsability	AttackCommandUsability	new-hint	FE_GBA_Function_Library
0x080249D8	0x08024A28	AttackBallistaCommandUsability	AttackBallistaCommandUsability	new-hint	FE_GBA_Function_Library
0x08024A38	0x08024A88	ItemMenu_Is1stCommandAvailable		new-hint	FE_GBA_Function_Library
0x08024A5C	0x08024AAC	ItemMenu_Draw1stCommand		new-hint	FE_GBA_Function_Library
0x08024AA0	0x08024AF0	ItemMenu_Select1stCommand		new-hint	FE_GBA_Function_Library
0x08024ACC	0x08024B1C	ItemMenu_AreOtherCommandsAvailable		new-hint	FE_GBA_Function_Library
0x08024B04	0x08024B54	ItemMenu_DrawOtherCommands		new-hint	FE_GBA_Function_Library
0x08024B4C	0x08024B9C	ItemMenu_SelectOtherCommands		new-hint	FE_GBA_Function_Library
0x08024B80	0x08024BD0	ItemMenu_SwitchIn		new-hint	FE_GBA_Function_Library
0x08024BA8	0x08024BF8	ItemMenuHelpBox		new-hint	FE_GBA_Function_Library
0x08024BF0	0x08024C40	MapMenu_IsRecordsCommandAvailable		new-hint	FE_GBA_Function_Library
0x08024C6C	0x08024CBC	MapMenu_RecordsCommand		new-hint	FE_GBA_Function_Library
0x08024C7C	0x08024CCC	MapMenu_IsRetreatCommandAvailable		new-hint	FE_GBA_Function_Library
0x08024C90	0x08024CE0	MapMenu_RetreatCommand		new-hint	FE_GBA_Function_Library
0x08024C9C	0x08024CEC	GetPhaseAbleUnitCount	GetPhaseAbleUnitCount	new-hint	FE_GBA_Function_Library
0x08024D00	0x08024D50	CountUnitsInState		new-hint	FE_GBA_Function_Library
0x08024D3C	0x08024D8C	AreUnitsAllied	AreAllegiancesAllied	funcmap-agree	FE_GBA_Function_Library
0x08024D54	0x08024DA4	IsSameAllegiance	AreAllegiancesEqual	funcmap-agree	FE_GBA_Function_Library
0x08024D6C	0x08024DBC	GetCurrentPhase	GetCurrentPhase	funcmap-agree	FE_GBA_Function_Library
0x08024D80	0x08024DD0	GetNonActiveFaction	IsNotEnemyPhaseMaybe	funcmap-agree	FE_GBA_Function_Library
0x08024D98	0x08024DE8	GetPartyGoldAmount	GetPartyGoldAmount	funcmap-agree	FE_GBA_Function_Library
0x08024DB4	0x08024E04	SetPartyGoldAmount	SetPartyGoldAmount	funcmap-agree	FE_GBA_Function_Library
0x08024DD0	0x08024E20	AddPartyGoldAmount	AddPartyGoldAmount	funcmap-agree	FE_GBA_Function_Library
0x08024DF0	0x08024E40	ForEachUnitInMovement	ForEachUnitInRange	new-hint	FE_GBA_Function_Library
0x08024E5C	0x08024EAC	ForEachUnitInRange	ForEachUnitInRange	new-hint	FE_GBA_Function_Library
0x08024EC8	0x08024F18	ForEachPosInRange	ForEachPosInRange	new-hint	FE_GBA_Function_Library
0x08024F20	0x08024F70	ForEachAdjacentUnit	ForEachAdjacentUnit	new-hint	FE_GBA_Function_Library
0x08024F54	0x08024FA4	ForEachAdjacentPosition	ForEachAdjacentPosition	new-hint	FE_GBA_Function_Library
0x08024F88	0x08024FD8	ForEachPosAtSinglePosition		new-hint	FE_GBA_Function_Library
0x08024FE8	0x08025038	ForEachPosIn12Range	ForEachPosIn12Range	new-hint	FE_GBA_Function_Library
0x0802501C	0x0802506C	ForEachUnitInMagBy2Range	ForEachUnitInMagBy2Range	new-hint	FE_GBA_Function_Library
0x0802506C	0x080250BC	TryAddTrapsToTargetList	TryAddTrapsToTargetList	new-hint	FE_GBA_Function_Library
0x0802512C	0x0802517C	AddUnitToTargetListIfNotAllied	AddUnitToTargetListIfNotAllied	new-hint	FE_GBA_Function_Library
0x08025164	0x080251B4	MakeTargetListForWeapon	MakeTargetListForWeapon	new-hint	FE_GBA_Function_Library
0x080251CC	0x0802521C	TryAddUnitToTradeTargetList	TryAddUnitToTradeTargetList	new-hint	FE_GBA_Function_Library
0x08025280	0x080252D0	MakeTradeTargetList	MakeTradeTargetList	new-hint	FE_GBA_Function_Library
0x080252F4	0x08025344	TryAddUnitToRescueTargetList	TryAddUnitToRescueTargetList	new-hint	FE_GBA_Function_Library
0x08025364	0x080253B4	MakeRescueTargetList	MakeRescueTargetList	new-hint	FE_GBA_Function_Library
0x08025398	0x080253E8	TryAddToDropTargetList	TryAddToDropTargetList	new-hint	FE_GBA_Function_Library
0x080253F0	0x08025440	MakeDropTargetList	MakeDropTargetList	new-hint	FE_GBA_Function_Library
0x08025424	0x08025474	TryAddRescuedUnitToTakeTargetList	TryAddRescuedUnitToTakeTargetList	new-hint	FE_GBA_Function_Library
0x08025490	0x080254E0	MakeTakeTargetList	MakeTakeTargetList	new-hint	FE_GBA_Function_Library
0x080254C4	0x08025514	TryAddUnitToGiveTargetList		new-hint	FE_GBA_Function_Library
0x08025544	0x08025594	MakeGiveTargetList		new-hint	FE_GBA_Function_Library
0x08025578	0x080255C8	TryAddUnitToTalkTargetList		new-hint	FE_GBA_Function_Library
0x080255C0	0x08025610	MakeTalkTargetList		new-hint	FE_GBA_Function_Library
0x080255F4	0x08025644	MakeTargetListForSupport	MakeTargetListForSupport	new-hint	FE_GBA_Function_Library
0x080256A0	0x080256F0	AddUnitToTargetListIfAllied	AddUnitToTargetListIfAllied	new-hint	FE_GBA_Function_Library
0x080256D8	0x08025728	FillBallistaRangeMaybe	FillBallistaRangeMaybe	new-hint	FE_GBA_Function_Library
0x08025744	0x08025794	TryAddClosedDoorToTargetList	TryAddClosedDoorToTargetList	new-hint	FE_GBA_Function_Library
0x08025784	0x080257D4	TryAddBridgeToTargetList	TryAddBridgeToTargetList	new-hint	FE_GBA_Function_Library
0x080257C4	0x08025814	MakeTargetListForDoorAndBridges	MakeTargetListForDoorAndBridges	new-hint	FE_GBA_Function_Library
0x08025814	0x08025864	TryAddDoorOrBridgeToTargetList		new-hint	FE_GBA_Function_Library
0x08025854	0x080258A4	MakeTargetListForPick	MakeTargetListForPick	new-hint	FE_GBA_Function_Library
0x080258B4	0x08025904	MakeTerrainHealTargetList	MakeTerrainHealTargetList	new-hint	FE_GBA_Function_Library
0x0802599C	0x080259EC	MakePoisonDamageTargetList	MakePoisonDamageTargetList	new-hint	FE_GBA_Function_Library
0x08025A14	0x08025A64	MakeGorgonEggHatchTargetList	MakeGorgonEggHatchTargetList	new-hint	FE_GBA_Function_Library
0x08025ABC	0x08025B18	TryAddUnitToRefreshTargetList		new-hint	FE_GBA_Function_Library
0x08025B10	0x08025B6C	MakeTargetListForRefresh		new-hint	FE_GBA_Function_Library
0x08025B44	0x08025BA0	AddAsTarget_IfCanStealFrom	AddAsTarget_IfCanStealFrom	new-hint	FE_GBA_Function_Library
0x08025BA4	0x08025C00	MakeTargetListForSteal	MakeTargetListForSteal	new-hint	FE_GBA_Function_Library
0x08025BD8	0x08025C34	AddAsTarget_IfPositionCleanForSummon	AddAsTarget_IfPositionCleanForSummon	new-hint	FE_GBA_Function_Library
0x08025C48	0x08025CA4	MakeTargetListForSummon	ListSummonTargets	new-hint	FE_GBA_Function_Library
0x08025C7C	0x08025CD8	AddPosToTargetListIfCleanForSummon		new-hint	FE_GBA_Function_Library
0x08025CEC	0x08025D48	MakeSummonTargetListSouth		new-hint	FE_GBA_Function_Library
0x08025D24	0x08025D80	MakeSummonTargetListWest		new-hint	FE_GBA_Function_Library
0x08025D5C	0x08025DB8	MakeSummonTargetListEast		new-hint	FE_GBA_Function_Library
0x08025D94	0x08025DF0	MakeSummonTargetListNorth		new-hint	FE_GBA_Function_Library
0x08025DCC	0x08025E28	TryAddUnitToHealTargetList	TryAddUnitToHealTargetList	new-hint	FE_GBA_Function_Library
0x08025E20	0x08025E7C	MakeTargetListForAdjacentHeal	MakeTargetListForAdjacentHeal	new-hint	FE_GBA_Function_Library
0x08025E54	0x08025EB0	MakeTargetListForRangedHeal	MakeTargetListForRangedHeal	new-hint	FE_GBA_Function_Library
0x08025EA0	0x08025EFC	AddToTargetListIfNotAllied	AddToTargetListIfNotAllied	new-hint	FE_GBA_Function_Library
0x08025EE8	0x08025F44	MakeTargetListForFuckingNightmare	MakeTargetListForFuckingNightmare	new-hint	FE_GBA_Function_Library
0x08025F3C	0x08025F98	TryAddUnitToRestoreTargetList	TryAddUnitToRestoreTargetList	new-hint	FE_GBA_Function_Library
0x08025F8C	0x08025FE8	MakeTargetListForRestore	MakeTargetListForRestore	new-hint	FE_GBA_Function_Library
0x08025FC0	0x0802601C	TryAddUnitToBarrierTargetList	TryAddUnitToBarrierTargetList	new-hint	FE_GBA_Function_Library
0x08026010	0x0802606C	MakeTargetListForBarrier	MakeTargetListForBarrier	new-hint	FE_GBA_Function_Library
0x08026044	0x080260A0	TryAddUnitToRescueStaffTargetList	TryAddUnitToRescueStaffTargetList	new-hint	FE_GBA_Function_Library
0x0802607C	0x080260D8	MakeTargetListForRescueStaff	MakeTargetListForRescueStaff	new-hint	FE_GBA_Function_Library
0x080260A4	0x08026100	TryAddUnitToSilenceTargetList	TryAddUnitToSilenceTargetList	new-hint	FE_GBA_Function_Library
0x080260F0	0x0802614C	TryAddUnitToSleepTargetList	TryAddUnitToSleepTargetList	new-hint	FE_GBA_Function_Library
0x0802613C	0x08026198	TryAddUnitToBerserkTargetList	TryAddUnitToBerzerkTargetList	new-hint	FE_GBA_Function_Library
0x08026188	0x080261E4	MakeTargetListForSilence	MakeTargetListForSilence	new-hint	FE_GBA_Function_Library
0x080261B0	0x0802620C	MakeTargetListForSleep	MakeTargetListForSleep	new-hint	FE_GBA_Function_Library
0x080261D8	0x08026234	MakeTargetListForBerserk	MakeTargetListForBerserk	new-hint	FE_GBA_Function_Library
0x08026200	0x0802625C	TryAddUnitToWarpTargetList	TryAddUnitToWarpTargetList	new-hint	FE_GBA_Function_Library
0x08026238	0x08026294	MakeTargetListForWarp	MakeTargetListForWarp	new-hint	FE_GBA_Function_Library
0x0802626C	0x080262C8	MakeTargetListForUnlock	MakeTargetListForUnlock	new-hint	FE_GBA_Function_Library
0x080262A0	0x080262FC	TryAddUnitToHammerneTargetList	TryAddUnitToHammerneTargetList	new-hint	FE_GBA_Function_Library
0x080262F8	0x08026354	MakeTargetListForHammerne	MakeTargetListForHammerne	new-hint	FE_GBA_Function_Library
0x0802632C	0x08026388	MakeTargetListForLatona	MakeTargetListForLatona	new-hint	FE_GBA_Function_Library
0x080263B8	0x08026414	PidStatsRecordTargetListDeaths		new-hint	FE_GBA_Function_Library
0x08026410	0x0802646C	TryAddToMineTargetList		new-hint	FE_GBA_Function_Library
0x08026494	0x080264F0	MakeTargetListForMine	MakeTargetListForMine	new-hint	FE_GBA_Function_Library
0x080264C8	0x08026524	TryAddToLightRuneTargetList		new-hint	FE_GBA_Function_Library
0x08026524	0x08026580	MakeTargetListForLightRune	MakeTargetListForLightRune	new-hint	FE_GBA_Function_Library
0x08026558	0x080265B4	TryAddUnitToDanceRingTargetList	TryAddUnitToDanceRingTargetList	new-hint	FE_GBA_Function_Library
0x08026588	0x080265E4	MakeTargetListForDanceRing	MakeTargetListForDanceRing	new-hint	FE_GBA_Function_Library
0x080265BC	0x08026618	RequestUnitSpriteSheetSync		funcmap-agree	FE_GBA_Function_Library
0x080265CC	0x08026628	ApplyUnitSpritePalettes	LoadMapSpritePalettes	new-hint	FE_GBA_Function_Library
0x08026614	0x08026670	ApplyUnitSpriteSepiaPalette		new-hint	FE_GBA_Function_Library
0x0802662C	0x08026688	ResetUnitSprites	SMS_Init	funcmap-agree	FE_GBA_Function_Library
0x08026660	0x080266BC	ResetUnitSpritesB		funcmap-agree	FE_GBA_Function_Library
0x08026694	0x080266F0	StartUiSMS	SMS_80266F0	new-hint	FE_GBA_Function_Library
0x08026720	0x0802677C	StartWorldMapSMS	SMS_SomethingGmapUnit	new-hint	FE_GBA_Function_Library
0x080267A0	0x080267FC	UseUnitSprite	SMS_RegisterUsage	new-hint	FE_GBA_Function_Library
0x0802686C	0x080268C8	ApplyUnitSpriteImage16x16	SomethingSMS_16x16_0	new-hint	FE_GBA_Function_Library
0x08026900	0x0802695C	ApplyUnitSpriteUiImage16x16	SomethingSMS_16x16	new-hint	FE_GBA_Function_Library
0x080269DC	0x08026A38	ApplyUnitSpriteImage16x32	SomethingSMS_16x32	new-hint	FE_GBA_Function_Library
0x08026ACC	0x08026B28	ApplyUnitSpriteImage32x32	SomethingSMS_32x32	new-hint	FE_GBA_Function_Library
0x08026BC0	0x08026C1C	TornOutUnitSprite		new-hint	FE_GBA_Function_Library
0x08026ED0	0x08026F2C	SyncUnitSpriteSheet	SMS_SyncDirect	new-hint	FE_GBA_Function_Library
0x08026F38	0x08026F94	ForceSyncUnitSpriteSheet	SMS_SyncIndirect	new-hint	FE_GBA_Function_Library
0x08026F98	0x08026FF4	SetStandingMuFacingFast		new-hint	FE_GBA_Function_Library
0x0802700C	0x08027068	SetStandingMuFacing		new-hint	FE_GBA_Function_Library
0x08027080	0x080270DC	SetStandingMuFacingWM		new-hint	FE_GBA_Function_Library
0x080270E0	0x0802713C	GetUnitDisplayedSpritePalette	GetUnitBattleMapSpritePaletteIndex	funcmap-agree	FE_GBA_Function_Library
0x0802710C	0x08027168	GetUnitSpritePalette	GetUnitMapSpritePaletteIndex	funcmap-agree	FE_GBA_Function_Library
0x08027144	0x080271A0	RefreshUnitSprites	SMS_UpdateFromGameData	new-hint	FE_GBA_Function_Library
0x08027310	0x0802736C	AddUnitSprite	SMS_GetNewInfoStruct	funcmap-agree	FE_GBA_Function_Library
0x08027348	0x080273A4	PutUnitSpritesOam	SMS_DisplayAllFromInfoStructs	new-hint	FE_GBA_Function_Library
0x080274D4	0x08027530	PutChapterMarkedTileIconOam	DisplayChapterTileMarker	new-hint	FE_GBA_Function_Library
0x0802758C	0x080275E8	PutUnitSpriteIconsOam	DisplayUnitAdditionalBlinkingIcons	new-hint	FE_GBA_Function_Library
0x080279C4	0x08027A30	ResetUnitSpriteHoverCursor		funcmap-agree	FE_GBA_Function_Library
0x080279D4	0x08027A40	ResetUnitSpriteHover	ResetMapSpriteHoverTimer	new-hint	FE_GBA_Function_Library
0x080279E0	0x08027A4C	UnitSpriteHoverUpdate	HandleMapSpriteCursorHover	new-hint	FE_GBA_Function_Library
0x08027AA0	0x08027B0C	IsUnitSpriteHoverEnabledAt		new-hint	FE_GBA_Function_Library
0x08027AF4	0x08027B60	PutUnitSprite		new-hint	FE_GBA_Function_Library
0x08027BDC	0x08027C48	PutUnitSpriteForClassId		new-hint	FE_GBA_Function_Library
0x08027C90	0x08027CFC	PutWindowUnitSpriteForClassId		new-hint	FE_GBA_Function_Library
0x08027D48	0x08027DB4	PutStandingMuSprite		new-hint	FE_GBA_Function_Library
0x08027DE0	0x08027E4C	PutUiUnitSprite		new-hint	FE_GBA_Function_Library
0x08027EBC	0x08027F28	SMS_DisplayOne	SMS_DisplayOne	new-hint	FE_GBA_Function_Library
0x08027FA8	0x08028014	PutBlendWindowUnitSprite		new-hint	FE_GBA_Function_Library
0x08028094	0x08028100	ClearUnitSpriteList		new-hint	FE_GBA_Function_Library
0x080280A0	0x0802810C	HideUnitSprite	HideUnitSMS	new-hint	FE_GBA_Function_Library
0x080280C4	0x08028130	ShowUnitSprite	ShowUnitSMS	funcmap-agree	FE_GBA_Function_Library
0x080280D8	0x08028144	GetUnitSpriteHideFlag	GetUnitStandingSpriteDataFlagThing	funcmap-agree	FE_GBA_Function_Library
0x080280F4	0x08028160	TornOutChr		funcmap-agree	FE_GBA_Function_Library
0x0802815C	0x080281C8	GetUnitSupporterCount	GetROMUnitSupportCount	funcmap-agree	FE_GBA_Function_Library
0x08028170	0x080281DC	GetUnitSupporterCharacter	GetROMUnitSupportingId	funcmap-agree	FE_GBA_Function_Library
0x08028188	0x080281F4	GetUnitSupporterUnit	GetUnitSupportingUnit	new-hint	FE_GBA_Function_Library
0x080281D0	0x0802823C	GetUnitSupportLevel	GetSupportLevelBySupportIndex	funcmap-agree	FE_GBA_Function_Library
0x080281F8	0x08028264	GetUnitTotalSupportLevel	GetUnitTotalSupportLevels	funcmap-agree	FE_GBA_Function_Library
0x08028224	0x08028290	UnitGainSupportExp	AddSupportPoints	funcmap-agree	FE_GBA_Function_Library
0x08028270	0x080282DC	UnitGainSupportLevel		funcmap-agree	FE_GBA_Function_Library
0x080282A4	0x08028310	CanUnitSupportNow	CanUnitSupportCommandWith	funcmap-agree	FE_GBA_Function_Library
0x08028320	0x0802838C	GetUnitSupporterInitialExp	GetUnitStartingSupportValue	funcmap-agree	FE_GBA_Function_Library
0x0802833C	0x080283A8	GetUnitSupporterNum	GetSupportDataIdForOtherUnit	funcmap-agree	FE_GBA_Function_Library
0x08028374	0x080283E0	InitUnitsupports	ClearUnitSupports	funcmap-agree	FE_GBA_Function_Library
0x080283C8	0x08028434	ProcessTurnSupportExp	ProcessSupportGains	new-hint	FE_GBA_Function_Library
0x080284C0	0x0802852C	GetAffinityBonuses	GetSupportBonusEntryPtr	funcmap-agree	FE_GBA_Function_Library
0x080284E4	0x08028550	ApplyAffinitySupportBonuses	StoreAddedAffinityBonusesForSupportLevel	funcmap-agree	FE_GBA_Function_Library
0x08028534	0x080285A0	InitSupportBonuses		funcmap-agree	FE_GBA_Function_Library
0x08028544	0x080285B0	GetUnitSupportBonuses	GetUnitSupportBonuses	funcmap-agree	FE_GBA_Function_Library
0x08028650	0x080286BC	GetUnitAffinityIcon		funcmap-agree	FE_GBA_Function_Library
0x08028668	0x080286D4	GetCharacterAffinityIcon		new-hint	FE_GBA_Function_Library
0x08028680	0x080286EC	GetSupportLevelUiChar		new-hint	FE_GBA_Function_Library
0x080286A4	0x08028710	GetAffinityName		new-hint	FE_GBA_Function_Library
0x080286D0	0x0802873C	SetSupportLevelGained		new-hint	FE_GBA_Function_Library
0x08028720	0x0802878C	HasUnitGainedSupportLevel	CanUnitsStillSupportThisChapter	funcmap-agree	FE_GBA_Function_Library
0x08028738	0x080287A4	HaveCharactersMaxSupport		new-hint	FE_GBA_Function_Library
0x08028768	0x080287D4	SwapUnitStats	SwapUnitStats	new-hint	FE_GBA_Function_Library
0x0802881C	0x08028870	CanUnitUseItem	CanUnitUseItem	new-hint	FE_GBA_Function_Library
0x08028BB8	0x08028C0C	GetItemCantUseMsgid		new-hint	FE_GBA_Function_Library
0x08028E0C	0x08028E60	DoItemUse	ItemEffect_Call	new-hint	FE_GBA_Function_Library
0x08029010	0x08029068	HasSelectTarget	IsGeneratedTargetListEmpty	new-hint	FE_GBA_Function_Library
0x08029024	0x0802907C	CanUnitUseHealItem	CanUseHealingItem	new-hint	FE_GBA_Function_Library
0x08029048	0x080290A0	CanUnitUsePureWaterItem	CanUsePureWater	funcmap-agree	FE_GBA_Function_Library
0x08029060	0x080290B8	CanUnitUseTorchItem	CanUseTorch	funcmap-agree	FE_GBA_Function_Library
0x0802908C	0x080290E4	CanUnitUseAntitoxinItem	CanUseAntidote	funcmap-agree	FE_GBA_Function_Library
0x080290A4	0x080290FC	CanUnitUseChestKeyItem	CanUseChestKey	new-hint	FE_GBA_Function_Library
0x080290E0	0x08029138	CanUnitUseDoorKeyItem	CanUseDoorKey	new-hint	FE_GBA_Function_Library
0x080290F4	0x0802914C	CanUnitOpenBridge	CanOpenBridge	new-hint	FE_GBA_Function_Library
0x08029108	0x08029160	CanUnitUseLockpickItem	CanUseLockpick	funcmap-agree	FE_GBA_Function_Library
0x08029150	0x080291A8	CanUnitUsePromotionItem	CanUsePromotionItem	new-hint	FE_GBA_Function_Library
0x080293B4	0x0802940C	CanUnitUseStatGainItem	CanUseStatBooster	new-hint	FE_GBA_Function_Library
0x080294AC	0x08029504	CanUnitUseFruitItem	CanUseJunaFruit	funcmap-agree	FE_GBA_Function_Library
0x080294C4	0x0802951C	SetStaffUseAction	EndItemEffectSelectionThing	new-hint	FE_GBA_Function_Library
0x080294EC	0x08029544	SetItemUseAction		new-hint	FE_GBA_Function_Library
0x080294F8	0x08029550	StaffSelectOnSelect	GenericStaffSelection_OnSelect	funcmap-agree	FE_GBA_Function_Library
0x08029510	0x08029568	DoUseRescueStaff	PrepareTargetSelectionForRescueStaff	new-hint	FE_GBA_Function_Library
0x08029550	0x080295A8	DoUseSpecialDance	SetupTargetSelectionForGenericStaff	new-hint	FE_GBA_Function_Library
0x08029590	0x080295E8	WarpSelect_OnInit	WarpTargetPosSelect_Init	new-hint	FE_GBA_Function_Library
0x08029644	0x0802969C	WarpSelect_OnIdle	WarpTargetPosSelect_Loop	new-hint	FE_GBA_Function_Library
0x08029770	0x080297D0	WarpSelect_OnConfirm	WarpTargetPosSelect_Confirm	new-hint	FE_GBA_Function_Library
0x080297AC	0x0802980C	WarpSelect_OnCancel	WarpTargetPosSelect_Cancel	new-hint	FE_GBA_Function_Library
0x080297E0	0x08029840	WarpSelect_OnEnd	WarpTargetPosSelect_Destruct	new-hint	FE_GBA_Function_Library
0x080297F4	0x08029854	WarpOnSelectTarget	WarpTargetSelection_OnSelect	new-hint	FE_GBA_Function_Library
0x0802981C	0x0802987C	DoUseWarpStaff	SetupWarpTargetSelection	new-hint	FE_GBA_Function_Library
0x08029874	0x080298D4	OnSelectPutTrap		new-hint	FE_GBA_Function_Library
0x08029890	0x080298F0	DoUsePutTrap	PrepareTargetSelectionForMineAndLightRune	new-hint	FE_GBA_Function_Library
0x080298E4	-			new-hint	FE_GBA_Function_Library
0x08029944	0x080299B8	DoUseRepairStaff	SetupHammerneUseSelection	new-hint	FE_GBA_Function_Library
0x08029994	0x08029A08	RepairSelectOnChange	HammerneTargetSelection_OnChange	new-hint	FE_GBA_Function_Library
0x080299B8	0x08029A2C	RepairSelectOnInit	HammerneTargetSelection_OnInit	new-hint	FE_GBA_Function_Library
0x080299C4	0x08029A38	RepairMenuItemOnChange		new-hint	FE_GBA_Function_Library
0x080299D8	0x08029A4C	RepairMenuItemIsAvailable		new-hint	FE_GBA_Function_Library
0x08029A10	0x08029A84	RepairMenuItemDraw		new-hint	FE_GBA_Function_Library
0x08029A6C	0x08029AE0	RepairMenuItemSelect		new-hint	FE_GBA_Function_Library
0x08029B18	0x08029B8C	DoUseHealStaff	PrepareTargetSelectionForHeal	new-hint	FE_GBA_Function_Library
0x08029B54	0x08029BC8	DoUseRestoreStaff	PrepareTargetSelectionForRestoreStaff	new-hint	FE_GBA_Function_Library
0x08029B90	0x08029C04	RestoreMapSelect_Init		new-hint	FE_GBA_Function_Library
0x08029B9C	0x08029C10	RestoreMapSelect_SwitchIn		new-hint	FE_GBA_Function_Library
0x08029BC0	0x08029C34	DoUseBarrierStaff		new-hint	FE_GBA_Function_Library
0x08029BFC	0x08029C70	BarrierMapSelect_Init		new-hint	FE_GBA_Function_Library
0x08029C08	0x08029C7C	BarrierMapSelect_SwitchIn		new-hint	FE_GBA_Function_Library
0x08029C2C	0x08029CA0	DoUseAttackStaff	PrepareTargetSelectionForOffensiveStaff	new-hint	FE_GBA_Function_Library
0x08029C68	0x08029CDC	AttackStaffMapSelect_Init		new-hint	FE_GBA_Function_Library
0x08029C74	0x08029CE8	AttackStaffMapSelect_SwitchIn		new-hint	FE_GBA_Function_Library
0x08029CB4	0x08029D28	SubtitleMapSelect_End	GenericSelection_DeleteBBAndBG	new-hint	FE_GBA_Function_Library
0x08029CC4	0x08029D38	CanAssassinPlaceTrapHere		new-hint	FE_GBA_Function_Library
0x08029CF8	0x08029D6C	StartRescueStaffSelection		new-hint	FE_GBA_Function_Library
0x08029D24	0x08029D98	TorchSelect_OnInit	TorchTargetPosSelect_Init	new-hint	FE_GBA_Function_Library
0x08029D7C	0x08029DF0	TorchSelect_OnIdle	TorchTargetSelection_Loop	new-hint	FE_GBA_Function_Library
0x08029E64	0x08029ED8	DoUseTorchStaff	NewTorchStaffSelection	new-hint	FE_GBA_Function_Library
0x08029E8C	0x08029F00	CanUnitUseItemPrepScreen	CanUnitUseItemPrepScreen	new-hint	FE_GBA_Function_Library
0x0802A094	0x0802A108	DoesUnitHoldItemCC		new-hint	FE_GBA_Function_Library
0x0802A0C8	0x0802A13C	BattleGenerateSimulationInternal		new-hint	FE_GBA_Function_Library
0x0802A198	0x0802A20C	BattleGenerateRealInternal		new-hint	FE_GBA_Function_Library
0x0802A280	0x0802A2F4	BattleApplyGameStateUpdates	BATTLE_SyncMapFromBattle	new-hint	FE_GBA_Function_Library
0x0802A2A4	0x0802A318	BattleGenerateSimulation	SimulateBattle	funcmap-agree	FE_GBA_Function_Library
0x0802A2DC	0x0802A350	BattleGenerateReal		funcmap-agree	FE_GBA_Function_Library
0x0802A2F0	0x0802A364	BattleGenerateBallistaSimulation	SimulateBattleBallista	funcmap-agree	FE_GBA_Function_Library
0x0802A310	0x0802A384	BattleGenerateBallistaReal		funcmap-agree	FE_GBA_Function_Library
0x0802A324	0x0802A398	BattleGenerate		new-hint	FE_GBA_Function_Library
0x0802A38C	0x0802A400	BattleGenerateUiStats	SetupBattleStructFromUnitAndWeapon	new-hint	FE_GBA_Function_Library
0x0802A490	0x0802A52C	BattleRoll1RN	RollRNIfBattleStarted	new-hint	FE_GBA_Function_Library
0x0802A4C0	0x0802A558	BattleRoll2RN	Roll2RNIfBattleStarted	new-hint	FE_GBA_Function_Library
0x0802A4F0	0x0802A584	InitBattleUnit	InitBattleUnitFromUnit	new-hint	FE_GBA_Function_Library
0x0802A5D4	0x0802A668	InitBattleUnitWithoutBonuses	CopyUnitToBattleStructRawStats	funcmap-agree	FE_GBA_Function_Library
0x0802A60C	0x0802A6A0	SetBattleUnitTerrainBonuses	WriteBattleStructTerrainBonuses	funcmap-agree	FE_GBA_Function_Library
0x0802A648	0x0802A6DC	SetBattleUnitTerrainBonusesAuto	BattleSetupTerrainData	funcmap-agree	FE_GBA_Function_Library
0x0802A69C	0x0802A730	SetBattleUnitWeapon	SetupBattleWeaponData	new-hint	FE_GBA_Function_Library
0x0802A884	0x0802A918	SetBattleUnitWeaponBallista	SetupBattleBallistaWeaponData	new-hint	FE_GBA_Function_Library
0x0802A8C8	0x0802A95C	ComputeBattleUnitStats	FillPreBattleStats	new-hint	FE_GBA_Function_Library
0x0802A914	0x0802A9A8	ComputeBattleUnitEffectiveStats	FillBattleStats	new-hint	FE_GBA_Function_Library
0x0802A93C	0x0802A9D0	ComputeBattleUnitSupportBonuses	BattleApplyMiscBonuses	new-hint	FE_GBA_Function_Library
0x0802A9B0	0x0802AA44	ComputeBattleUnitDefense	BattleLoadDefense	new-hint	FE_GBA_Function_Library
0x0802AA10	0x0802AAA4	ComputeBattleUnitBaseDefense	LoadRawDefense	funcmap-agree	FE_GBA_Function_Library
0x0802AA28	0x0802AABC	ComputeBattleUnitAttack	BattleLoadAttack	new-hint	FE_GBA_Function_Library
0x0802AAE4	0x0802AB74	ComputeBattleUnitSpeed	BattleLoadAS	new-hint	FE_GBA_Function_Library
0x0802AB1C	0x0802ABAC	ComputeBattleUnitHitRate	BattleLoadHit	new-hint	FE_GBA_Function_Library
0x0802AB54	0x0802ABE4	ComputeBattleUnitAvoidRate	BattleLoadAvoid	funcmap-agree	FE_GBA_Function_Library
0x0802AB88	0x0802AC18	ComputeBattleUnitCritRate	BattleLoadCrit	new-hint	FE_GBA_Function_Library
0x0802ABC4	0x0802AC54	ComputeBattleUnitDodgeRate	BattleLoadDodge	funcmap-agree	FE_GBA_Function_Library
0x0802ABD0	0x0802AC60	ComputeBattleUnitEffectiveHitRate	ComputeHit	funcmap-agree	FE_GBA_Function_Library
0x0802AC00	0x0802AC90	ComputeBattleUnitEffectiveCritRate	ComputeCrit	new-hint	FE_GBA_Function_Library
0x0802AC68	0x0802ACF8	ComputeBattleUnitSilencerRate	ComputeLethalityChance	funcmap-agree	FE_GBA_Function_Library
0x0802ACC4	0x0802AD54	ComputeBattleUnitWeaponRankBonuses	BattleApplySRankBonuses	new-hint	FE_GBA_Function_Library
0x0802AD00	0x0802AD90	ComputeBattleUnitStatusBonuses	BattleComputeBuffStatus	funcmap-agree	FE_GBA_Function_Library
0x0802AD3C	0x0802ADCC	ComputeBattleUnitSpecialWeaponStats	ComputeSpecialWeapons	new-hint	FE_GBA_Function_Library
0x0802AE00	0x0802AE90	ClearBattleHits	ClearRounds	funcmap-agree	FE_GBA_Function_Library
0x0802AE40	0x0802AED0	BattleUnwind	MakeBattle	funcmap-agree	FE_GBA_Function_Library
0x0802AEEC	0x0802AF7C	BattleGetBattleUnitOrder	GetBattleUnitPointers	funcmap-agree	FE_GBA_Function_Library
0x0802AF00	0x0802AF90	BattleGetFollowUpOrder	BattleCheckDoubling	new-hint	FE_GBA_Function_Library
0x0802AF88	0x0802B018	BattleGenerateRoundHits	MakeBattleRound	new-hint	FE_GBA_Function_Library
0x0802AFF0	0x0802B080	GetBattleUnitHitCount	GetBattleHitCount	funcmap-agree	FE_GBA_Function_Library
0x0802B004	0x0802B094	BattleCheckBraveEffect	BattleCheckBrave	funcmap-agree	FE_GBA_Function_Library
0x0802B03C	0x0802B0CC	BattleCheckTriangleAttack	CheckForTriangleAttack	new-hint	FE_GBA_Function_Library
0x0802B134	0x0802B1C4	BattleUpdateBattleStats	UpdateBattleStats	funcmap-agree	FE_GBA_Function_Library
0x0802B164	0x0802B1F4	BattleCheckSureShot	RollForSureShot	new-hint	FE_GBA_Function_Library
0x0802B1E8	0x0802B278	BattleCheckPierce	RollForPierce	new-hint	FE_GBA_Function_Library
0x0802B258	0x0802B2E8	BattleCheckGreatShield	RollForGreatShield	new-hint	FE_GBA_Function_Library
0x0802B328	0x0802B3D0	BattleCheckPetrify	NullifyBattleDamageIfUsingStone	new-hint	FE_GBA_Function_Library
0x0802B344	0x0802B3EC	BattleGenerateHitAttributes	GenerateCurrentRoundData	new-hint	FE_GBA_Function_Library
0x0802B4CC	0x0802B578	BattleGenerateHitTriangleAttack	UpdateBattleTriangleAttackData	new-hint	FE_GBA_Function_Library
0x0802B554	0x0802B600	BattleGenerateHitEffects	CurrentRound_ComputeWeaponEffects	new-hint	FE_GBA_Function_Library
0x0802B784	0x0802B83C	BattleGenerateHit	MakeNextBattleHitRound	new-hint	FE_GBA_Function_Library
0x0802B874	0x0802B92C	BattleApplyExpGains		new-hint	FE_GBA_Function_Library
0x0802B8E8	0x0802B9A0	GetStatIncrease	GetStatIncrease	new-hint	FE_GBA_Function_Library
0x0802B90C	0x0802B9C4	GetAutoleveledStatIncrease	GetAutoleveledStat	new-hint	FE_GBA_Function_Library
0x0802B93C	0x0802B9F4	CanBattleUnitGainLevels	CanUnitNotLevelUp	funcmap-agree	FE_GBA_Function_Library
0x0802B970	0x0802BA28	CheckBattleUnitLevelUp	CheckForLevelUp	new-hint	FE_GBA_Function_Library
0x0802BB48	0x0802BC00	ApplyUnitDefaultPromotion		new-hint	FE_GBA_Function_Library
0x0802BC98	0x0802BD50	ApplyUnitPromotion		new-hint	FE_GBA_Function_Library
0x0802BDE8	0x0802BEA0	GenerateBattleUnitStatGainsComparatively		funcmap-agree	FE_GBA_Function_Library
0x0802BE6C	0x0802BF24	CheckBattleUnitStatCaps	CheckForLevelUpCaps	funcmap-agree	FE_GBA_Function_Library
0x0802BF70	0x0802C028	BattleApplyUnitUpdates	SaveUnitsFromBattle	new-hint	FE_GBA_Function_Library
0x0802BFFC	0x0802C0B4	GetBattleUnitUpdatedWeaponExp	GetBattleNewWExp	new-hint	FE_GBA_Function_Library
0x0802C0F8	0x0802C1B0	HasBattleUnitGainedWeaponLevel	BattleUnit_DidWRankGoUp	new-hint	FE_GBA_Function_Library
0x0802C134	0x0802C1EC	UpdateUnitFromBattle	UpdateUnitFromBattleUnit	new-hint	FE_GBA_Function_Library
0x0802C21C	0x0802C2D4	UpdateUnitDuringBattle		funcmap-agree	FE_GBA_Function_Library
0x0802C248	0x0802C300	BattleApplyBallistaUpdates	UpdateBallistaUsesFromBattle	new-hint	FE_GBA_Function_Library
0x0802C27C	0x0802C334	ClearBmbattleStruct0	NullSomeStuff	funcmap-agree	FE_GBA_Function_Library
0x0802C28C	0x0802C344	GetUnitExpLevel	GetUnitEffectiveLevel	funcmap-agree	FE_GBA_Function_Library
0x0802C2B0	0x0802C368	GetUnitRoundExp		new-hint	FE_GBA_Function_Library
0x0802C2E0	0x0802C398	GetUnitPowerLevel	GetUnitEffectivePowerLevel	new-hint	FE_GBA_Function_Library
0x0802C320	0x0802C3D8	GetUnitClassKillExpBonus		funcmap-agree	FE_GBA_Function_Library
0x0802C354	0x0802C40C	GetUnitExpMultiplier		funcmap-agree	FE_GBA_Function_Library
0x0802C398	0x0802C450	GetUnitKillExpBonus		new-hint	FE_GBA_Function_Library
0x0802C428	0x0802C4F0	ModifyUnitSpecialExp		funcmap-agree	FE_GBA_Function_Library
0x0802C46C	0x0802C534	GetBattleUnitExpGain	ComputeExpFromBattle	new-hint	FE_GBA_Function_Library
0x0802C4F0	0x0802C5B8	BattleApplyItemExpGains	HandleItemExpGain	new-hint	FE_GBA_Function_Library
0x0802C570	0x0802C638	GetBattleUnitStaffExp	GetBattleUnitStaffExp	new-hint	FE_GBA_Function_Library
0x0802C5D8	0x0802C6A0	BattleApplyMiscActionExpGains	ActiveBattleUnitAdd10Exp	new-hint	FE_GBA_Function_Library
0x0802C624	0x0802C6EC	BattleUnitTargetSetEquippedWeapon	SetupBattleUnitEquippedWeapon	new-hint	FE_GBA_Function_Library
0x0802C678	0x0802C740	BattleUnitTargetCheckCanCounter		funcmap-agree	FE_GBA_Function_Library
0x0802C6A4	0x0802C76C	BattleApplyReaverEffect	BattleReverseWTriangeEffect	funcmap-agree	FE_GBA_Function_Library
0x0802C6F8	0x0802C7C0	BattleApplyWeaponTriangleEffect	BattleApplyWeaponTriangle	funcmap-agree	FE_GBA_Function_Library
0x0802C77C	0x0802C844	BattleInitTargetCanCounter	DoSomeBattleWeaponStuff	funcmap-agree	FE_GBA_Function_Library
0x0802C7FC	0x0802C8C4	InitObstacleBattleUnit	MakeSnagBattleTarget	new-hint	FE_GBA_Function_Library
0x0802C880	0x0802C948	ComputeBattleObstacleStats	FillSnagBattleStats	funcmap-agree	FE_GBA_Function_Library
0x0802C8BC	0x0802C984	UpdateObstacleFromBattle	SaveSnagWallFromBattle	new-hint	FE_GBA_Function_Library
0x0802C94C	0x0802CA14	BeginBattleAnimations	BeginBattleAnimations	new-hint	FE_GBA_Function_Library
0x0802C9A8	0x0802CA70	GetSoloAnimPreconfType		funcmap-agree	FE_GBA_Function_Library
0x0802C9D0	0x0802CA98	GetBattleAnimPreconfType		funcmap-agree	FE_GBA_Function_Library
0x0802CA30	0x0802CAF8	BattlePrintDebugUnitInfo	nullsub_11	new-hint	FE_GBA_Function_Library
0x0802CA34	0x0802CAFC	BattlePrintDebugHitInfo		funcmap-agree	FE_GBA_Function_Library
0x0802CA5C	0x0802CB24	BattleInitItemEffect	SetupSubjectBattleUnitForStaff	new-hint	FE_GBA_Function_Library
0x0802CB00	0x0802CBC8	BattleInitItemEffectTarget	SetupTargetBattleUnitForStaff	new-hint	FE_GBA_Function_Library
0x0802CB54	0x0802CC1C	UpdateActorFromBattle	UpdateActiveUnitFromBattle	new-hint	FE_GBA_Function_Library
0x0802CB70	0x0802CC38	BattleApplyMiscAction	FinishUp10ExpBattle	new-hint	FE_GBA_Function_Library
0x0802CB8C	0x0802CC54	BattleApplyItemEffect	FinishUpItemBattle	new-hint	FE_GBA_Function_Library
0x0802CC14	0x0802CCDC	GetOffensiveStaffAccuracy	GetStaffAccuracy	new-hint	FE_GBA_Function_Library
0x0802CC9C	0x0802CD64	BattleGenerateArena		new-hint	FE_GBA_Function_Library
0x0802CDC0	0x0802CE88	BattleIsTriangleAttack	IsCurrentBattleTriangleAttack	funcmap-agree	FE_GBA_Function_Library
0x0802CDD4	0x0802CE9C	DidBattleUnitBreakWeapon	BattleUnit_DidWeaponBreak	funcmap-agree	FE_GBA_Function_Library
0x0802CDF4	0x0802CEBC	SetScriptedBattle		new-hint	FE_GBA_Function_Library
0x0802CE00	0x0802CEC8	BattleGenerateHitScriptedDamage	CurrentRound_ComputeDamage	funcmap-agree	FE_GBA_Function_Library
0x0802CE84	0x0802CF4C	BattleUnwindScripted		new-hint	FE_GBA_Function_Library
0x0802CFF4	0x0802D0BC	UnitLevelUp		new-hint	FE_GBA_Function_Library
0x0802D1EC	0x0802D2B4	BattleHitAdvance		funcmap-agree	FE_GBA_Function_Library
0x0802D1FC	0x0802D2C4	BattleHitTerminate		funcmap-agree	FE_GBA_Function_Library
0x0802D218	0x0802D2E0	TradeMenu_InitUnitNameDisplay	TradeMenu_802D2E0	new-hint	FE_GBA_Function_Library
0x0802D2F0	0x0802D3B8	TradeMenu_HighlightUpdater_OnInit		funcmap-agree	FE_GBA_Function_Library
0x0802D2F8	0x0802D3C0	TradeMenu_HighlightUpdater_OnLoop		new-hint	FE_GBA_Function_Library
0x0802D370	0x0802D438	TradeMenu_GetAdjustedRow		funcmap-agree	FE_GBA_Function_Library
0x0802D3AC	0x0802D474	TradeMenu_InitItemText	TradeMenu_InitTextHandles	new-hint	FE_GBA_Function_Library
0x0802D3E0	0x0802D4A8	TradeMenu_RefreshItemText	TradeMenu_RefreshItemText	new-hint	FE_GBA_Function_Library
0x0802D4C4	0x0802D58C	TradeMenu_RefreshSelectableCells		funcmap-agree	FE_GBA_Function_Library
0x0802D520	0x0802D5E8	TradeMenu_UpdateSelection		new-hint	FE_GBA_Function_Library
0x0802D664	0x0802D72C	TradeMenu_ApplyItemSwap		new-hint	FE_GBA_Function_Library
0x0802D6CC	0x0802D794	TradeMenu_InitItemDisplay	TradeMenu_InitGraphics	new-hint	FE_GBA_Function_Library
0x0802D758	0x0802D820	TradeMenu_OnInitUnselected	TradeMenu_802D820	funcmap-agree	FE_GBA_Function_Library
0x0802D76C	0x0802D834	TradeMenu_OnLoopUnselected	TradeMenu_802D834	new-hint	FE_GBA_Function_Library
0x0802D850	0x0802D918	TradeMenu_OnInitSelected	TradeMenu_802D918	funcmap-agree	FE_GBA_Function_Library
0x0802D8B8	0x0802D980	TradeMenu_OnLoopSelected	TradeMenu_802D980	new-hint	FE_GBA_Function_Library
0x0802D9E4	0x0802DAAC	TradeMenu_OnEndSelected	TradeMenu_802DAAC	funcmap-agree	FE_GBA_Function_Library
0x0802DA34	0x0802DAFC	TradeMenu_LoadForcedInitialHover	TradeMenu_802DAFC	new-hint	FE_GBA_Function_Library
0x0802DA80	0x0802DB48	TradeMenu_ClearDisplay	TradeMenu_802DB48	new-hint	FE_GBA_Function_Library
0x0802DA94	0x0802DB5C	TradeMenu_HelpBox_OnInit		new-hint	FE_GBA_Function_Library
0x0802DB3C	0x0802DC04	TradeMenu_HelpBox_OnLoop		new-hint	FE_GBA_Function_Library
0x0802DC10	0x0802DCD8	TradeMenu_HelpBox_OnEnd		new-hint	FE_GBA_Function_Library
0x0802DCA4	0x0802DD6C	StartTradeMenu	StartTradeMenu	new-hint	FE_GBA_Function_Library
0x0802DD08	0x0802DDD0	TradeMenu_TutorialHandCursor_Update		new-hint	FE_GBA_Function_Library
0x0802DD40	0x0802DE08	TradeMenu_DoubleTutorialHandCursor_Update		new-hint	FE_GBA_Function_Library
0x0802DDA4	0x0802DE6C	StartTradeMenuTutorialHandCursor		new-hint	FE_GBA_Function_Library
0x0802DDB8	0x0802DE80	StartDoubleTradeMenuTutorialHandCursor		new-hint	FE_GBA_Function_Library
0x0802DDCC	0x080222D0	EndEmitStars		new-hint	FE_GBA_Function_Library
0x0802DDDC	0x0802DE94	EndTradeMenuTutorialHandCursor		new-hint	FE_GBA_Function_Library
0x0802DDEC	0x08021AFC	ProcDanceAnim_ResetTimer		funcmap-disagree	FE_GBA_Function_Library
0x0802DDF4	0x0802DEBC	TradeMenu_TutorialWait_OnLoop		new-hint	FE_GBA_Function_Library
0x0802DE14	0x0802DEDC	TradeMenuHandSTAL		new-hint	FE_GBA_Function_Library
0x0802DE40	0x0802DF08	TradeMenu_UpdateTutorial		new-hint	FE_GBA_Function_Library
0x0802DFD8	0x0802E0A0	SetTradeMenuTutStatus2		funcmap-agree	FE_GBA_Function_Library
0x0802DFE8	0x0802E0B0	SetTradeMenuTutStatus3		funcmap-agree	FE_GBA_Function_Library
0x0802DFF8	0x0802E0C0	SetTradeMenuTutStatus4		funcmap-agree	FE_GBA_Function_Library
0x0802E008	0x0802E0D0	SetTradeMenuTutStatus5		funcmap-agree	FE_GBA_Function_Library
0x0802E018	0x0802E0E0	SetTradeMenuTutStatus6		funcmap-agree	FE_GBA_Function_Library
0x0802E028	0x0802E0F0	SetTradeMenuTutStatus7		funcmap-agree	FE_GBA_Function_Library
0x0802E038	0x0802E100	SetTradeMenuTutStatus8		funcmap-agree	FE_GBA_Function_Library
0x0802E048	0x0802E110	AreKeysHeld		funcmap-agree	FE_GBA_Function_Library
0x0802E064	0x0802E12C	TradeMenu_StartTutorialEventLock		new-hint	FE_GBA_Function_Library
0x0802E078	0x0802E140	CallTradeTutEventStart	TradeMenu_802E140	new-hint	FE_GBA_Function_Library
0x0802E0A0	0x0802E168	CallTradeTutEventSlectItem		new-hint	FE_GBA_Function_Library
0x0802E0C0	0x0802E188	CallTradeTutEventPressAtoGetItem		new-hint	FE_GBA_Function_Library
0x0802E0E0	0x0802E1A8	CallTradeTutEventDone		new-hint	FE_GBA_Function_Library
0x0802E100	0x0802E1C8	ClearTraps	ResetTraps	funcmap-agree	FE_GBA_Function_Library
0x0802E128	0x0802E1F0	GetTrapAt	GetTrapAt	funcmap-agree	FE_GBA_Function_Library
0x0802E184	0x0802E24C	GetTypedTrapAt	GetSpecificTrapAt	funcmap-agree	FE_GBA_Function_Library
0x0802E1F0	0x0802E2B8	AddTrap	AddTrap	funcmap-agree	FE_GBA_Function_Library
0x0802E218	0x0802E2E0	AddDamagingTrap	AddTrapExt	funcmap-agree	FE_GBA_Function_Library
0x0802E234	0x0802E2FC	RemoveTrap	RemoveTrap	funcmap-agree	FE_GBA_Function_Library
0x0802E24C	0x0802E314	AddFireTile	AddFireTrap	funcmap-agree	FE_GBA_Function_Library
0x0802E268	0x0802E330	AddGasTrap	AddGasTrap	funcmap-agree	FE_GBA_Function_Library
0x0802E288	0x0802E350	AddArrowTrap	AddArrowTrap	funcmap-agree	FE_GBA_Function_Library
0x0802E2A4	0x0802E36C	AddMapChangeTrap		funcmap-agree	FE_GBA_Function_Library
0x0802E2C0	0x0802E388	AddTrap8	AddTrap8	funcmap-agree	FE_GBA_Function_Library
0x0802E2D0	0x0802E398	AddTrap9	AddTrap9	funcmap-agree	FE_GBA_Function_Library
0x0802E2E0	0x0802E3A8	InitMapObstacles	AddSnagsAndWalls	new-hint	FE_GBA_Function_Library
0x0802E368	0x0802E430	ApplyEnabledMapChanges	ApplyTrapMapChanges	funcmap-agree	FE_GBA_Function_Library
0x0802E3A8	0x0802E470	RefreshAllLightRunes	UpdateAllLightRunes	new-hint	FE_GBA_Function_Library
0x0802E3E4	0x0802E4AC	GetObstacleHpAt	GetTrapExt1At	funcmap-agree	FE_GBA_Function_Library
0x0802E42C	0x0802E4F4	GetMapChange	GetMapChangesPointerById	new-hint	FE_GBA_Function_Library
0x0802E468	0x0802E530	GetMapChangeIdAt	GetMapChangesIdAt	new-hint	FE_GBA_Function_Library
0x0802E4C4	0x0802E58C	ApplyMapChangesById	ApplyMapChangesById	funcmap-agree	FE_GBA_Function_Library
0x0802E530	0x0802E5F8	EnableMapChange	AddMapChange	funcmap-agree	FE_GBA_Function_Library
0x0802E544	0x0802E60C	DisableMapChange	RemoveMapChange	funcmap-agree	FE_GBA_Function_Library
0x0802E570	0x0802E638	IsMapChangeEnabled	AreMapChangeTriggered	funcmap-agree	FE_GBA_Function_Library
0x0802E598	0x0802E660	UnitHideIfUnderRoof	HideIfUnderRoof	funcmap-agree	FE_GBA_Function_Library
0x0802E5C8	0x0802E690	UpdateRoofedUnits	UpdateUnitsUnderRoof	new-hint	FE_GBA_Function_Library
0x0802E628	0x0802E6F0	GenerateFireTileTrapTargets	AddToTargetListFromPos	new-hint	FE_GBA_Function_Library
0x0802E648	0x0802E710	GenerateArrowTrapTargets	AddArrowTrapTargetsToTargetList	new-hint	FE_GBA_Function_Library
0x0802E68C	0x0802E754	GenerateGasTrapTargets		new-hint	FE_GBA_Function_Library
0x0802E70C	0x0802E7D4	ShouldSkipGasTrapDisplay		funcmap-agree	FE_GBA_Function_Library
0x0802E774	0x0802E83C	GenerateTrapDamageTargets	MakeTargetListForTurnTrapDamage	new-hint	FE_GBA_Function_Library
0x0802E7E0	0x0802E8A8	GenerateDisplayedTrapDamageTargets		new-hint	FE_GBA_Function_Library
0x0802E8E0	0x0802E9A8	CountDownTraps	CountDownTraps	funcmap-agree	FE_GBA_Function_Library
0x0802E908	0x0802E9D0	ResetCountedDownTraps	ResetCounterForCountedDownTraps	funcmap-agree	FE_GBA_Function_Library
0x0802E938	0x0802EA00	RefreshEntityBmMapsAsRed		new-hint	FE_GBA_Function_Library
0x0802E954	0x0802EA1C	RecordTrapDamageDefeats		new-hint	FE_GBA_Function_Library
0x0802E960	0x0802EA28	PostTrapExecFlag		new-hint	FE_GBA_Function_Library
0x0802E990	0x0802EA58	AddLightRune	AddLightRune	funcmap-agree	FE_GBA_Function_Library
0x0802E9C8	0x0802EA90	RemoveLightRune	RemoveLightRune	new-hint	FE_GBA_Function_Library
0x0802E9F8	0x0802EAC0	DecayTraps	HandleTrapDecay	funcmap-agree	FE_GBA_Function_Library
0x0802EA48	0x0802EB10	DisableAllLightRunes	BattleSomethingTrapChangeTerrain	new-hint	FE_GBA_Function_Library
0x0802EA88	0x0802EB50	EnableAllLightRunes	NullAllLightRunesTerrain	new-hint	FE_GBA_Function_Library
0x0802EAC4	0x0802EB8C	GetTrap	GetTrap	new-hint	FE_GBA_Function_Library
0x0802EAD0	0x0802EB98	ExecStandardHeal	ExecStandardHeal	new-hint	FE_GBA_Function_Library
0x0802EB58	0x0802EC20	ExecRestore	ExecRestore	new-hint	FE_GBA_Function_Library
0x0802EBC4	0x0802EC8C	ExecBarrierStaff		new-hint	FE_GBA_Function_Library
0x0802EC08	0x0802ECD0	GetRescueStaffeePosition	GetRescueStaffeePosition	new-hint	FE_GBA_Function_Library
0x0802EE30	0x0802EEF8	ExecRescueStaff	ExecRescueStaff	new-hint	FE_GBA_Function_Library
0x0802EEA8	0x0802EF70	PostWarpStaff_ExecTrap		new-hint	FE_GBA_Function_Library
0x0802EEB8	0x0802EF80	PostWarpStaff_RefreshMap		new-hint	FE_GBA_Function_Library
0x0802EEE4	0x0802EFAC	ExecWarpStaff	ExecWarpStaff	new-hint	FE_GBA_Function_Library
0x0802EF48	0x0802F010	ExecStatusStaff	ExecStatusStaff	new-hint	FE_GBA_Function_Library
0x0802F08C	0x0802F154	ExecFortify	ExecFortify	new-hint	FE_GBA_Function_Library
0x0802F104	0x0802F1D8	ExecNightmare		new-hint	FE_GBA_Function_Library
0x0802F134	0x0802F208	ApplyNightmareEffect		new-hint	FE_GBA_Function_Library
0x0802F1A0	0x0802F274	ExecUnlockStaff	ExecUnlock	new-hint	FE_GBA_Function_Library
0x0802F1E0	0x0802F2B4	ExecHammerne	ExecHammerne	new-hint	FE_GBA_Function_Library
0x0802F238	0x0802F30C	ExecLatona	ExecLatona	new-hint	FE_GBA_Function_Library
0x0802F2A0	0x0802F380	ExecVulneraryItem	ExecSomeSelfHeal	new-hint	FE_GBA_Function_Library
0x0802F304	0x0802F3E4	ExecElixirItem		new-hint	FE_GBA_Function_Library
0x0802F370	0x0802F450	ExecPureWaterItem		new-hint	FE_GBA_Function_Library
0x0802F3AC	0x0802F48C	ExecTorchItem		new-hint	FE_GBA_Function_Library
0x0802F3F0	0x0802F4D0	ExecAntitoxinItem		new-hint	FE_GBA_Function_Library
0x0802F430	0x0802F510	ExecKeyItem		new-hint	FE_GBA_Function_Library
0x0802F4B8	0x0802F598	ExecUnitDefaultPromotion		new-hint	FE_GBA_Function_Library
0x0802F584	0x0802F664	ExecUnitPromotion		new-hint	FE_GBA_Function_Library
0x0802F65C	0x0802F73C	ExecPromotionToClass1		new-hint	FE_GBA_Function_Library
0x0802F680	0x0802F760	ExecUnitDefaultPromotionAndHide		new-hint	FE_GBA_Function_Library
0x0802F728	0x0802F808	ApplyStatBoostItem	ApplyStatBoosterAndGetMessageId	new-hint	FE_GBA_Function_Library
0x0802F860	0x0802F914	ExecStatBoostItem	ExecStatBooster	new-hint	FE_GBA_Function_Library
0x0802F8C4	0x0802F978	ApplyJunaFruitItem		new-hint	FE_GBA_Function_Library
0x0802F92C	0x0802F9E0	ExecJunaFruitItem		new-hint	FE_GBA_Function_Library
0x0802F99C	0x0802FA4C	ExecMine	ExecItemMine	new-hint	FE_GBA_Function_Library
0x0802F9E0	0x0802FA90	ExecLightRune		new-hint	FE_GBA_Function_Library
0x0802FA20	0x0802FAD0	ExecLightRuneSummon		new-hint	FE_GBA_Function_Library
0x0802FAD8	0x0802FB88	ExecTorchStaff	ExecTorchStaff	new-hint	FE_GBA_Function_Library
0x0802FB0C	0x0802FBBC	ExecDanceRing		new-hint	FE_GBA_Function_Library
0x0802FB98	0x0802FC48	ActionStaffDoorChestUseItem	ActionStaffDoorChestUseItem	new-hint	FE_GBA_Function_Library
0x0802FF04	0x0802FFB4	ActionPick	ActionPick	new-hint	FE_GBA_Function_Library
0x0802FF6C	0x0803001C	AfterItemUse_SetTargetStatus		new-hint	FE_GBA_Function_Library
0x0802FFA0	0x08030050	ExecNightmareStaffEffect		new-hint	FE_GBA_Function_Library
0x0802FFAC	0x0803005C	BMapVSync_UpdateMapImgAnimations		new-hint	FE_GBA_Function_Library
0x0802FFF4	0x080300A4	BMapVSync_UpdateMapPalAnimations		new-hint	FE_GBA_Function_Library
0x08030044	0x080300F4	BMapVSync_InitMapAnimations	SetupGameVBlankProc_TileAnimations	new-hint	FE_GBA_Function_Library
0x08030088	0x08030138	BMapVSync_OnEnd	GameVBlankProc_Destructor	funcmap-agree	FE_GBA_Function_Library
0x08030094	0x08030144	BMapVSync_OnLoop	GameVBlankProc_Loop	funcmap-agree	FE_GBA_Function_Library
0x080300A0	0x08030150	BMapVSync_Start	StartGameVBlankProc	funcmap-agree	FE_GBA_Function_Library
0x080300C4	0x08030174	BMapVSync_End	EndGameVBlankProc	funcmap-agree	FE_GBA_Function_Library
0x080300D4	0x08030184	BMapDispSuspend	LockGameGraphicsLogic	funcmap-agree	FE_GBA_Function_Library
0x08030108	0x080301B8	BMapDispResume	UnlockGameGraphicsLogic	funcmap-agree	FE_GBA_Function_Library
0x08030144	0x080301F4	AllocWeatherParticles	SetupOAMSpliceForWeather	funcmap-agree	FE_GBA_Function_Library
0x08030190	0x08030240	WfxNone_Init		funcmap-agree	FE_GBA_Function_Library
0x080301A8	0x08030258	WfxSnow_Init		new-hint	FE_GBA_Function_Library
0x08030220	0x080302D0	WfxSnow_VSync		new-hint	FE_GBA_Function_Library
0x080302E0	0x08030390	WfxRain_Init		new-hint	FE_GBA_Function_Library
0x08030344	0x080303F4	WfxRain_VSync		new-hint	FE_GBA_Function_Library
0x080303C4	0x08030474	WfxSandStorm_Init		new-hint	FE_GBA_Function_Library
0x08030434	0x080304E4	WfxSandStorm_VSync		new-hint	FE_GBA_Function_Library
0x08030490	0x08030540	WfxSnowStorm_Init		new-hint	FE_GBA_Function_Library
0x0803054C	0x080305FC	WfxSnowStorm_VSync		new-hint	FE_GBA_Function_Library
0x080305C4	0x08030674	WfxBlueHSync		funcmap-agree	FE_GBA_Function_Library
0x0803061C	0x080306CC	WfxBlue_Init		new-hint	FE_GBA_Function_Library
0x08030660	0x08030710	WfxBlue_VSync	nullsub_12	new-hint	FE_GBA_Function_Library
0x08030664	0x08030714	WfxFlamesHSync		new-hint	FE_GBA_Function_Library
0x080306A8	0x08030758	WfxFlamesInitGradientPublic		funcmap-agree	FE_GBA_Function_Library
0x08030728	0x080307D8	WfxFlamesInitGradient		new-hint	FE_GBA_Function_Library
0x080307B8	0x08030868	WfxFlamesInitParticles		new-hint	FE_GBA_Function_Library
0x0803081C	0x080308CC	WfxFlames_Init		funcmap-agree	FE_GBA_Function_Library
0x0803082C	0x080308DC	WfxFlamesUpdateGradient		new-hint	FE_GBA_Function_Library
0x08030898	0x08030948	WfxFlamesUpdateParticles		funcmap-agree	FE_GBA_Function_Library
0x08030930	0x080309E0	WfxFlames_VSync		funcmap-agree	FE_GBA_Function_Library
0x08030940	0x080309F0	WfxCloudsOffsetGraphicsEffect		funcmap-agree	FE_GBA_Function_Library
0x080309A8	0x08030A58	WfxClouds_Init		new-hint	FE_GBA_Function_Library
0x080309D4	0x08030A84	WfxClouds_VSync		new-hint	FE_GBA_Function_Library
0x08030A50	0x08030B00	WfxClouds_Update		new-hint	FE_GBA_Function_Library
0x08030A84	0x08030B34	WfxInit	SetupWeatherGraphics_Maybe	funcmap-agree	FE_GBA_Function_Library
0x08030AF4	0x08030BA4	WfxVSync	UpdateWeatherGraphics	funcmap-agree	FE_GBA_Function_Library
0x08030B5C	0x08030C0C	WfxUpdate		funcmap-agree	FE_GBA_Function_Library
0x08030B74	0x08030C24	DisableMapPaletteAnimations		funcmap-agree	FE_GBA_Function_Library
0x08030B90	0x08030C40	ResetMapPaletteAnimations		new-hint	FE_GBA_Function_Library
0x08030BCC	0x08030C7C	SetWeather	SetupWeather	funcmap-agree	FE_GBA_Function_Library
0x08030BE4	0x08030C94	GetTextDisplaySpeed	GetTextSpeed	new-hint	FE_GBA_Function_Library
0x08030C10	0x08030CC0	IsFirstPlaythrough		new-hint	FE_GBA_Function_Library
0x08030C44	0x08030CF4	InitPlayConfig	InitClearChapterState	new-hint	FE_GBA_Function_Library
0x08030D24	0x08030DD8	ClearBattleMapState	ResetGameState	new-hint	FE_GBA_Function_Library
0x08030D50	0x08030E04	StartBattleMap	StartChapter	new-hint	FE_GBA_Function_Library
0x08030E94	0x08030F48	RestartBattleMap		new-hint	FE_GBA_Function_Library
0x08030F30	0x08030FE4	GameCtrl_StartResumedGame	GameControl_8030FE4	new-hint	FE_GBA_Function_Library
0x08031044	0x080310F8	RefreshBMapDisplay_FromBattle		new-hint	FE_GBA_Function_Library
0x080310A0	0x08031154	BMapDispResume_FromBattleDelayed		new-hint	FE_GBA_Function_Library
0x080310C4	0x08031178	InitMoreBMapGraphics	LoadGameCoreGfx2	new-hint	FE_GBA_Function_Library
0x080310F4	0x080311A8	RefreshBMapGraphics	ReloadGameCoreGraphics	new-hint	FE_GBA_Function_Library
0x08031108	0x080311BC	StartBMapMain	StartMapMain	new-hint	FE_GBA_Function_Library
0x0803113C	0x080311F0	EndBMapMain	EndBMAPMAIN	new-hint	FE_GBA_Function_Library
0x08031160	0x08031214	ChapterChangeUnitCleanup	ChapterEndUnitCleanup	new-hint	FE_GBA_Function_Library
0x0803124C	0x08031300	MapMain_ResumeFromPhaseIdle	MapMain_ResumeFromPhaseIdle	new-hint	FE_GBA_Function_Library
0x08031288	0x0803133C	MapMain_ResumeFromAction	MapMain_ResumeFromAction	new-hint	FE_GBA_Function_Library
0x08031308	0x080313BC	MapMain_ResumeFromBskPhase	MapMain_ResumeFromBerserkPhase	new-hint	FE_GBA_Function_Library
0x08031344	0x080313F8	MapMain_ResumeFromArenaFight	MapMain_ResumeFromArena	new-hint	FE_GBA_Function_Library
0x080313C0	0x08031474	MapMain_ResumeFromPhaseChange	MapMain_ResumeFromPhaseSwitch	new-hint	FE_GBA_Function_Library
0x080313FC	0x080314B0	GameCtrl_DeclareCompletedChapter		new-hint	FE_GBA_Function_Library
0x08031420	0x080314D4	GameCtrl_SavePlayThroughData		new-hint	FE_GBA_Function_Library
0x08031430	0x080314E4	GetTacticianName	GetTacticianNameString	new-hint	FE_GBA_Function_Library
0x08031438	0x080314EC	SetTacticianName	SetTacticianName	new-hint	FE_GBA_Function_Library
0x0803144C	0x08031500	GetConvoyItemArray	GetConvoyItemArray	new-hint	FE_GBA_Function_Library
0x08031454	0x08031508	ClearSupplyItems	ClearConvoyItems	new-hint	FE_GBA_Function_Library
0x08031478	0x0803152C	ShrinkConvoyItemList	ShrinkConvoyItemList	new-hint	FE_GBA_Function_Library
0x080314BC	0x08031570	GetConvoyItemCount	GetConvoyItemCount	funcmap-agree	FE_GBA_Function_Library
0x080314E0	0x08031594	AddItemToConvoy	AddItemToConvoy	funcmap-agree	FE_GBA_Function_Library
0x08031518	0x080315CC	RemoveItemFromConvoy		funcmap-agree	FE_GBA_Function_Library
0x08031530	0x080315E4	GetConvoyItemSlot	GetConvoyItemSlot	new-hint	FE_GBA_Function_Library
0x08031568	0x0803161C	HasConvoyAccess	HasConvoyAccess	new-hint	FE_GBA_Function_Library
0x080315AC	0x08031660	ChapterHasMerchant		new-hint	FE_GBA_Function_Library
0x080315D4	0x08031688	GetSupplyUnit		new-hint	FE_GBA_Function_Library
0x08031610	0x080316C4	InitUnitStack	InitUnitStack	funcmap-agree	FE_GBA_Function_Library
0x0803162C	0x080316E0	PushUnit	PushUnit	new-hint	FE_GBA_Function_Library
0x08031660	0x08031714	LoadPlayerUnitsFromUnitStack	LoadPlayerUnitsFromUnitStack	new-hint	FE_GBA_Function_Library
0x080316A0	0x08031754	LoadPlayerUnitsFromUnitStack2	LoadPlayerUnitsFromUnitStack2	new-hint	FE_GBA_Function_Library
0x080316E0	0x08031794	ArenaBeginInternal	PrepareArenaStruct	new-hint	FE_GBA_Function_Library
0x080317C0	0x08031874	ArenaBegin	PrepareArena	new-hint	FE_GBA_Function_Library
0x080317DC	0x08031890	ArenaResume	PrepareArena2	new-hint	FE_GBA_Function_Library
0x08031800	0x080318B4	GetUnitBestWRankType	GetUnitBestWRankType	funcmap-agree	FE_GBA_Function_Library
0x0803182C	0x080318E0	GetClassBestWRankType	GetClassBestWRankType	funcmap-agree	FE_GBA_Function_Library
0x08031858	0x0803190C	ArenaGenerateOpposingClassId		new-hint	FE_GBA_Function_Library
0x08031924	0x080319D8	IsWeaponMagic	IsWeaponMagic	funcmap-agree	FE_GBA_Function_Library
0x08031944	0x080319F8	ArenaGetOpposingLevel	GetNearLevel	new-hint	FE_GBA_Function_Library
0x08031960	0x08031A14	ArenaGetPowerRanking	GetUnitArenaWeight	new-hint	FE_GBA_Function_Library
0x080319D0	0x08031A84	ArenaGenerateOpponentUnit	LoadArenaOpponentStruct	new-hint	FE_GBA_Function_Library
0x08031ABC	0x08031B70	ArenaGenerateBaseWeapons	LoadArenaWeapons	new-hint	FE_GBA_Function_Library
0x08031B0C	0x08031BC0	ArenaGetUpgradedWeapon	GetArenaBetterItem	new-hint	FE_GBA_Function_Library
0x08031B5C	0x08031C10	ArenaAdjustOpponentDamage	PrepareBalancedArenaFight	new-hint	FE_GBA_Function_Library
0x08031CA4	0x08031D58	ArenaAdjustOpponentPowerRanking	AdjustArenaOpponentPower	new-hint	FE_GBA_Function_Library
0x08031DEC	0x08031EA0	ArenaGenerateMatchupGoldValue		funcmap-agree	FE_GBA_Function_Library
0x08031E18	0x08031ECC	ArenaGetMatchupGoldValue		new-hint	FE_GBA_Function_Library
0x08031E24	0x08031ED8	ArenaGetResult		new-hint	FE_GBA_Function_Library
0x08031E30	0x08031EE4	ArenaSetResult		new-hint	FE_GBA_Function_Library
0x08031E3C	0x08031EF0	ArenaContinueBattle		new-hint	FE_GBA_Function_Library
0x08031E9C	0x08031F50	ArenaIsUnitAllowed	CouldUnitUseAnyWeapon	funcmap-agree	FE_GBA_Function_Library
0x08031EC0	0x08031F74	ArenaSetFallbackWeaponForUnit		new-hint	FE_GBA_Function_Library
0x08031F14	0x08031FC8	ArenaSetFallbackWeaponsMaybe		funcmap-agree	FE_GBA_Function_Library
0x08031F38	0x08031FEC	StoreRNStateToActionStruct	StoreRNStateToActionStruct	new-hint	FE_GBA_Function_Library
0x08031F48	0x08031FFC	LoadRNStateFromActionStruct	LoadRNStateFromActionStruct	new-hint	FE_GBA_Function_Library
0x08031F58	0x0803200C	ApplyUnitAction	ApplyUnitAction	new-hint	FE_GBA_Function_Library
0x080320B0	0x08032164	ActionRescue	ActionRescue	new-hint	FE_GBA_Function_Library
0x08032104	0x080321B8	AfterDrop_CheckTrapAfterDropMaybe		new-hint	FE_GBA_Function_Library
0x08032114	0x080321C8	AfterDrop_RefreshMapAndSprites		new-hint	FE_GBA_Function_Library
0x0803212C	0x080321E0	ActionDrop	ActionDrop	new-hint	FE_GBA_Function_Library
0x080321BC	0x08032270	ActionVisitAndSeize	ActionVisitAndSieze	new-hint	FE_GBA_Function_Library
0x080321E8	0x0803229C	ActionCombat	ActionCombat	new-hint	FE_GBA_Function_Library
0x08032290	0x08032344	ActionArena	ActionArena	new-hint	FE_GBA_Function_Library
0x080322A4	0x08032358	ActionDance	ActionDance	new-hint	FE_GBA_Function_Library
0x080322F4	0x080323A8	ActionTalk	ActionTalk	new-hint	FE_GBA_Function_Library
0x08032320	0x080323D4	ActionSupport	ActionSupport	new-hint	FE_GBA_Function_Library
0x080323C8	0x0803247C	ActionSteal	ActionSteal	new-hint	FE_GBA_Function_Library
0x080324A0	0x08032554	ActionSummon	ActionSummon	new-hint	FE_GBA_Function_Library
0x080324CC	0x08032580	ActionSummonDK	ActionSummonDK	new-hint	FE_GBA_Function_Library
0x080324F8	0x080325AC	DeathDropSpriteAnim_Loop	SpriteJumpAnimation_Loop	new-hint	FE_GBA_Function_Library
0x080325A4	0x08032658	DeathDropSpriteAnim_ExecAnyTrap	SpriteJumpAnimation_ExecAnyTrap	new-hint	FE_GBA_Function_Library
0x080325B0	0x08032664	DeathDropSpriteAnim_End	SpriteJumpAnimation_Cleanup	new-hint	FE_GBA_Function_Library
0x080325C0	0x08032674	DropRescueOnDeath	DropRescuedUnitIfDead	new-hint	FE_GBA_Function_Library
0x08032674	0x08032728	KillUnitOnCombatDeath	KillUnitIfDefeatedBy	new-hint	FE_GBA_Function_Library
0x0803269C	0x08032750	KillUnitOnArenaDeathMaybe	KillUnitIfNoHealth	new-hint	FE_GBA_Function_Library
0x080326C0	0x08032774	BATTLE_GOTO1_IfNobodyIsDead	BATTLE_GOTO1_IfNobodyIsDead	new-hint	FE_GBA_Function_Library
0x08032700	0x080327B4	DidUnitDie	DidUnitDie	new-hint	FE_GBA_Function_Library
0x08032714	0x080327C8	BATTLE_PostCombatDeathFades	BATTLE_ProbablyMakesTheDeadUnitDissapear	new-hint	FE_GBA_Function_Library
0x080327AC	0x08032860	BATTLE_DeleteLinkedMOVEUNIT	BATTLE_DeleteLinkedMOVEUNIT	new-hint	FE_GBA_Function_Library
0x080327B8	0x0803286C	BATTLE_HandleCombatDeaths	BATTLE_HandleUnitDeaths	new-hint	FE_GBA_Function_Library
0x080327FC	0x080328B0	RestoreMapSongBgm		new-hint	FE_GBA_Function_Library
0x0803281C	0x080328D0	BATTLE_HandleItemDrop	BATTLE_HandleItemDrop	new-hint	FE_GBA_Function_Library
0x080328C0	0x08032974	Arena_KeepTargetAlive		new-hint	FE_GBA_Function_Library
0x080328EC	0x080329A0	BATTLE_HandleArenaDeathsMaybe	BATTLE_HandleActiveUnitDeath	funcmap-agree	FE_GBA_Function_Library
0x0803290C	0x080329C0	StoreScriptBattleHits		new-hint	FE_GBA_Function_Library
0x08032924	0x080329D8	SetLastCoords	MoveCursor_SetLastCursorPosition	funcmap-agree	FE_GBA_Function_Library
0x08032938	0x080329EC	CutOffPathLength	MoveCursor_CutPath	new-hint	FE_GBA_Function_Library
0x08032A54	0x08032B18	GetPointAlongPath	MoveCursor_GetPointIndexForPosition	new-hint	FE_GBA_Function_Library
0x08032AB8	0x08032B88	GetPathFromMovementScript	MoveCursor_AppendFromMoveBuffer	new-hint	FE_GBA_Function_Library
0x08032BB0	0x08032C88	GetMovementScriptFromPath		new-hint	FE_GBA_Function_Library
0x08032C4C	0x08032D30	GenerateMovementMapForActiveUnit	MoveCursor_FillMovementMapForEndPoint	new-hint	FE_GBA_Function_Library
0x08032C90	0x08032D74	ResetPathArrow	MoveCursor_RecomputePath	new-hint	FE_GBA_Function_Library
0x08032D40	0x08032E28	PathArrowDisp_Init		new-hint	FE_GBA_Function_Library
0x08032DCC	0x08032EB4	UpdatePathArrowWithCursor		new-hint	FE_GBA_Function_Library
0x08032F80	0x0803306C	GetDirectionOfPathBeforeIndex		funcmap-agree	FE_GBA_Function_Library
0x08032FE8	0x080330D4	GetDirectionOfPathAfterIndex		funcmap-agree	FE_GBA_Function_Library
0x0803305C	0x08033148	PointInCameraBounds		new-hint	FE_GBA_Function_Library
0x0803309C	0x0803318C	DrawPathArrow		new-hint	FE_GBA_Function_Library
0x08033158	0x08033248	DrawUpdatedPathArrow		new-hint	FE_GBA_Function_Library
0x08033168	0x08033258	GetPlayerLeaderPid	GetPlayerLeaderUnitId	new-hint	FE_GBA_Function_Library
0x080331E0	0x080332D0	Prep_ShowDeployableTiles		new-hint	FE_GBA_Function_Library
0x0803325C	0x0803334C	EndPrepScreenMenu_		new-hint	FE_GBA_Function_Library
0x08033268	0x08033358	PrepMapMenu_OnViewMap		new-hint	FE_GBA_Function_Library
0x0803327C	0x0803336C	PrepMapMenu_OnFormation		new-hint	FE_GBA_Function_Library
0x080332B4	0x080333A4	PrepMapMenu_OnStartPress		new-hint	FE_GBA_Function_Library
0x080332D4	0x080333C4	PrepMapMenu_OnBPress		new-hint	FE_GBA_Function_Library
0x080332E4	0x080333D4	SALLYCURSOR_DeploySupplyUnit		new-hint	FE_GBA_Function_Library
0x0803332C	0x0803341C	PrepMapMenu_OnOptions		new-hint	FE_GBA_Function_Library
0x0803333C	0x0803342C	SALLYCURSOR_RemoveSupplyUnit		new-hint	FE_GBA_Function_Library
0x08033368	0x08033458	PrepMapMenu_OnSave		new-hint	FE_GBA_Function_Library
0x08033378	0x08033468	PrepMapMenu_OnDebug_Unused		new-hint	FE_GBA_Function_Library
0x0803339C	0x0803348C	PrepScreenProc_SetCameraOnSupply		new-hint	FE_GBA_Function_Library
0x080333CC	0x080334BC	PrepScreenProc_InitMapMenu		funcmap-agree	FE_GBA_Function_Library
0x080333DC	0x080334CC	PrepScreenProc_DimMapImmediate		new-hint	FE_GBA_Function_Library
0x080333F8	0x080334E8	PrepScreenProc_StartBrightenMap		new-hint	FE_GBA_Function_Library
0x08033424	0x08033514	PrepScreenProc_StartDimMap		new-hint	FE_GBA_Function_Library
0x08033458	0x08033548	PrepHelpPrompt_Init		new-hint	FE_GBA_Function_Library
0x08033484	0x08033574	PrepHelpPrompt_Loop		new-hint	FE_GBA_Function_Library
0x08033530	0x08033620	StartPrepHelpPrompt		new-hint	FE_GBA_Function_Library
0x08033544	0x08033634	PrepMapMenu_OnEnd		new-hint	FE_GBA_Function_Library
0x08033558	0x08033648	PrepScreenProc_StartMapMenu		new-hint	FE_GBA_Function_Library
0x0803365C	0x0803374C	CanCharacterBePrepMoved	CanCharacterBePrepMoved	new-hint	FE_GBA_Function_Library
0x08033680	0x08033770	PrepCameraPan_Init		funcmap-agree	FE_GBA_Function_Library
0x080336A8	0x08033798	PrepCameraPan_TurnDown		funcmap-agree	FE_GBA_Function_Library
0x080336C4	0x080337B4	PrepCameraPan_TurnLeft		funcmap-agree	FE_GBA_Function_Library
0x080336E4	0x080337D4	PrepCameraPan_TurnUp		funcmap-agree	FE_GBA_Function_Library
0x08033700	0x080337F0	PrepCameraPan_Loop		new-hint	FE_GBA_Function_Library
0x08033780	0x08033870	InitPrepScreenUnitsAndCamera	InitPrepScreenUnitsAndCamera	new-hint	FE_GBA_Function_Library
0x080337D0	0x080338C0	InitPrepScreenCursorPosition		new-hint	FE_GBA_Function_Library
0x08033850	0x08033940	PrepScreenProc_SetupMapIdle		new-hint	FE_GBA_Function_Library
0x08033888	0x08033978	PrepScreenProc_MapIdle		new-hint	FE_GBA_Function_Library
0x08033B08	0x08033BF8	PrepMapMenu_ReturnToAtMenu		new-hint	FE_GBA_Function_Library
0x08033B20	0x08033C10	PrepScreen_StartUnitSwap	SALLYCURSOR6C_StartUnitSwap	new-hint	FE_GBA_Function_Library
0x08033B9C	0x08033C90	PrepScreen_UnitSwapIdle		new-hint	FE_GBA_Function_Library
0x08033CE0	0x08033DD8	PrepScreenProc_RecenterOnActiveUnit		new-hint	FE_GBA_Function_Library
0x08033D10	0x08033E08	PrepScreen_StartUnitSwapAnim		new-hint	FE_GBA_Function_Library
0x08033D94	0x08033E8C	InitMapChangeGraphicsIfFog		new-hint	FE_GBA_Function_Library
0x08033DAC	0x08033EA4	DisplayMapChangeIfFog		new-hint	FE_GBA_Function_Library
0x08033DC8	0x08033EC0	PrepScreenProc_StartConfigMenu		new-hint	FE_GBA_Function_Library
0x08033DDC	0x08033ED4	PrepScreenProc_StartShopScreen	CallCursorShop	new-hint	FE_GBA_Function_Library
0x08033E3C	0x08033F34	PrepScreenProc_MapMovementLoop		new-hint	FE_GBA_Function_Library
0x08033F80	0x08034078	PrepScreenProc_Cleanup		new-hint	FE_GBA_Function_Library
0x08033F98	0x08034090	PrepScreenProc_RefreshAfterStatScreen		new-hint	FE_GBA_Function_Library
0x08034014	0x0803410C	StartPrepSaveScreen		new-hint	FE_GBA_Function_Library
0x08034070	0x08034168	PrepScreenProc_RestoreBgmAfterSave		new-hint	FE_GBA_Function_Library
0x0803409C	0x08034194	PrepScreenProc_UpdateBgm		new-hint	FE_GBA_Function_Library
0x080340D8	0x080341D0	PrepScreenProc_LockGame	PrepScreenProc_LockGame	new-hint	FE_GBA_Function_Library
0x08034108	0x08034200	PrepScreenProc_HideEverythingAndUnlockGame	PrepScreenProc_HideEverythingAndUnlockGame	new-hint	FE_GBA_Function_Library
0x0803411C	0x08034214	ShrinkPlayerUnits	ShrinkPlayerUnitList	new-hint	FE_GBA_Function_Library
0x08034180	0x08034278	EndPrepScreen	EndPrepScreen	new-hint	FE_GBA_Function_Library
0x08034204	0x08035758	IsSubtitleHelpActive	IsBottomHelpTextActive	new-hint	FE_GBA_Function_Library
0x0803421C	0x08034314	CanUnitUseVisit	CanUnitUseVisit	new-hint	FE_GBA_Function_Library
0x080342B0	0x080343A8	CanUnitUseSeize	CanUnitUseSeize	new-hint	FE_GBA_Function_Library
0x08034330	0x08034428	CanUnitUseAttack	CanUnitUseAttack	new-hint	FE_GBA_Function_Library
0x08034378	0x08034470	CanActiveUnitUseRescue	CanActiveUnitUseRescue	new-hint	FE_GBA_Function_Library
0x08034394	0x0803448C	CanActiveUnitUseTrade	CanActiveUnitUseTrade	new-hint	FE_GBA_Function_Library
0x080343B0	0x080344A8	GetUnitCommandUseFlags	GetUnitCommandUseFlags	new-hint	FE_GBA_Function_Library
0x080343F0	0x080344E8	GetActiveUnitCommandUseFlags		new-hint	FE_GBA_Function_Library
0x0803441C	0x08034514	GetActiveUnitCommandUseFlagsStationary		new-hint	FE_GBA_Function_Library
0x08034458	0x08034550	MakeEnemyThreatTargetList		new-hint	FE_GBA_Function_Library
0x08034520	0x08034618	GetROMChapterStruct	GetChapterDefinition	funcmap-agree	FE_GBA_Function_Library
0x08034548	0x08034640	GetChapterMapPointer	GetChapterMapPointer	new-hint	FE_GBA_Function_Library
0x0803458C	0x08034684	GetChapterMapChangesPointer	GetChapterMapChangesPointer	funcmap-agree	FE_GBA_Function_Library
0x080345B8	0x080346B0	GetChapterEventDataPointer	GetChapterEventDataPointer	funcmap-agree	FE_GBA_Function_Library
0x080345E8	0x080346E0	GetChapterTitleName		new-hint	FE_GBA_Function_Library
0x0803460C	0x08034704	IsDifficultMode	IsDifficultMode	funcmap-agree	FE_GBA_Function_Library
0x08034624	0x0803471C	UnitInfoWindow_OnLoop		new-hint	FE_GBA_Function_Library
0x080346B0	0x080347A8	NewUnitInfoWindow	NewUnitInfoWindow	new-hint	FE_GBA_Function_Library
0x080346DC	0x080347D4	UnitInfoWindow_PositionUnitName	UnitInfoWindow_PositionUnitName	new-hint	FE_GBA_Function_Library
0x08034744	0x0803483C	UnitInfoWindow_DrawBase	UnitInfoWindow_DrawBase	new-hint	FE_GBA_Function_Library
0x080348DC	0x080349D4	GetUnitInfoWindowX	GetUnitInfoWindowX	funcmap-agree	FE_GBA_Function_Library
0x08034964	0x08034A5C	DrawUnitConText		new-hint	FE_GBA_Function_Library
0x080349E4	0x08034ADC	PutUnitAidIconForTextAt		new-hint	FE_GBA_Function_Library
0x08034A18	0x08034B10	DrawUnitStatusText		new-hint	FE_GBA_Function_Library
0x08034AEC	0x08034BE4	DrawAccuracyText		new-hint	FE_GBA_Function_Library
0x08034B20	0x08034C18	StartUnitInventoryInfoWindow	NewUnitInfoWindow_WithAllLines	new-hint	FE_GBA_Function_Library
0x08034B44	0x08034C3C	RefreshUnitInventoryInfoWindow		new-hint	FE_GBA_Function_Library
0x08034C54	0x08034D48	RefreshUnitStealInventoryInfoWindow		new-hint	FE_GBA_Function_Library
0x08034D64	0x08034E5C	RefreshHammerneUnitInfoWindow	DrawHammerneUnitInfoWindow	new-hint	FE_GBA_Function_Library
0x08034EA4	0x08034F9C	StartUnitHpInfoWindow		new-hint	FE_GBA_Function_Library
0x08034EB8	0x08034FB0	RefreshUnitHpInfoWindow		new-hint	FE_GBA_Function_Library
0x08034F04	0x08034FFC	StartUnitHpStatusInfoWindow		new-hint	FE_GBA_Function_Library
0x08034F24	0x0803501C	RefreshUnitHpStatusInfoWindow		new-hint	FE_GBA_Function_Library
0x08034F98	0x08035090	StartUnitResChangeInfoWindow		new-hint	FE_GBA_Function_Library
0x08034FAC	0x080350A4	RefreshUnitResChangeInfoWindow		new-hint	FE_GBA_Function_Library
0x08035004	0x080350FC	StartUnitStaffOffenseInfoWindow		new-hint	FE_GBA_Function_Library
0x08035024	0x0803511C	RefreshUnitStaffOffenseInfoWindow		new-hint	FE_GBA_Function_Library
0x080350A4	0x0803519C	StartUnitRescueInfoWindowsCore		new-hint	FE_GBA_Function_Library
0x080350D4	0x080351CC	RefreshUnitTakeRescueInfoWindows		new-hint	FE_GBA_Function_Library
0x0803510C	0x08035204	RefreshUnitRescueInfoWindows	SetupUnitRescueWindow	new-hint	FE_GBA_Function_Library
0x080351C4	0x080352BC	RefreshUnitTakeInfoWindows		new-hint	FE_GBA_Function_Library
0x08035288	0x08035380	StartUnitGiveInfoWindows		new-hint	FE_GBA_Function_Library
0x080352C0	0x080353B8	RefreshUnitGiveInfoWindows		new-hint	FE_GBA_Function_Library
0x08035384	0x0803547C	PutSubtitleHelpText		new-hint	FE_GBA_Function_Library
0x080353E8	0x080354E0	InitSubtitleHelpText		new-hint	FE_GBA_Function_Library
0x080354B4	0x080355AC	SubtitleHelpDarkenerOnHBlank		funcmap-agree	FE_GBA_Function_Library
0x0803551C	0x08035614	SubtitleHelpDarkener_Init		new-hint	FE_GBA_Function_Library
0x08035538	0x08035630	SubtitleHelpDarkener_FadeIn		funcmap-agree	FE_GBA_Function_Library
0x08035554	0x0803564C	SubtitleHelpDarkener_FadeOut		new-hint	FE_GBA_Function_Library
0x08035580	0x08035678	SubtitleHelp_Init		new-hint	FE_GBA_Function_Library
0x080355A0	0x08035698	SubtitleHelp_OnEnd		new-hint	FE_GBA_Function_Library
0x080355C4	0x080356BC	SubtitleHelp_Loop		funcmap-agree	FE_GBA_Function_Library
0x08035610	0x08035708	StartSubtitleHelp	StartBottomHelpText	new-hint	FE_GBA_Function_Library
0x08035650	-			new-hint	FE_GBA_Function_Library
0x080356C8	-			new-hint	FE_GBA_Function_Library
0x080357BC	-			new-hint	FE_GBA_Function_Library
0x0803581C	-			new-hint	FE_GBA_Function_Library
0x08035848	0x08035748	EndSubtitleHelp	EndBottomHelpText	new-hint	FE_GBA_Function_Library
0x08035858	0x08096698	PrepScreenTraineePromotionManagerExists	PrepScreenTraineePromotionManagerExists	new-hint	FE_GBA_Function_Library
0x08035870	0x08035770	ChangeSubtitleHelp		new-hint	FE_GBA_Function_Library
0x080358A8	0x080357A8	ApplyHazardHealing		new-hint	FE_GBA_Function_Library
0x080358E4	0x080357E4	RenderMapForFogFadeIfUnitDied		new-hint	FE_GBA_Function_Library
0x08035904	0x08035804	BeginUnitHealAnim		new-hint	FE_GBA_Function_Library
0x0803594C	0x0803584C	BeginUnitPoisonDamageAnim		new-hint	FE_GBA_Function_Library
0x080359C0	0x080358C0	BeginGorgonEggHatchDamageAnim		new-hint	FE_GBA_Function_Library
0x08035A2C	0x0803592C	BeginUnitCritDamageAnim	ExecSelfDamage	new-hint	FE_GBA_Function_Library
0x08035AB4	0x080359B4	KillAllRedUnits_Init		new-hint	FE_GBA_Function_Library
0x08035B0C	0x08035A0C	KillAllRedUnits_Loop		new-hint	FE_GBA_Function_Library
0x08035BA4	0x08035AA4	StatusHealEffect_OverlayBg_Init		new-hint	FE_GBA_Function_Library
0x08035C0C	0x08035B0C	StatusHealEffect_OverlayBg_Loop		new-hint	FE_GBA_Function_Library
0x08035C44	0x08035B44	StatusHealEffect_BlendedSprite_Init		new-hint	FE_GBA_Function_Library
0x08035CEC	0x08035BEC	StatusHealEffect_BlendedSprite_Loop		new-hint	FE_GBA_Function_Library
0x08035D44	0x08035C44	StatusHealEffect_BlendedSprite_Finish		new-hint	FE_GBA_Function_Library
0x08035D58	0x08035C58	StatusHealEffect_BlendSpriteAnim_InitIn		funcmap-agree	FE_GBA_Function_Library
0x08035D6C	0x08035C6C	StatusHealEffect_BlendSpriteAnim_InitOut		funcmap-agree	FE_GBA_Function_Library
0x08035D80	0x08035C80	StatusHealEffect_BlendSpriteAnim_Loop		new-hint	FE_GBA_Function_Library
0x08035DB8	0x08035CB8	StatusHealEffect_PalSpriteAnim_Init		new-hint	FE_GBA_Function_Library
0x08035E14	0x08035D14	StatusHealEffect_PalSpriteAnim_SetOutlineIntensity		new-hint	FE_GBA_Function_Library
0x08035E44	0x08035D44	StatusHealEffect_PalSpriteAnim_LoopIn		new-hint	FE_GBA_Function_Library
0x08035E70	0x08035D70	StatusHealEffect_PalSpriteAnim_LoopOut		new-hint	FE_GBA_Function_Library
0x08035E9C	0x08035D9C	StatusHealEffect_Finish		new-hint	FE_GBA_Function_Library
0x08035EDC	0x08035DDC	StartStatusHealEffect		new-hint	FE_GBA_Function_Library
0x08035F20	0x08035E20	TerrainHealDisplay_Init		new-hint	FE_GBA_Function_Library
0x08035F50	0x08035E50	MassEffectDisplay_Check		new-hint	FE_GBA_Function_Library
0x08035FD8	0x08035ED8	MassEffectDisplay_Watch		new-hint	FE_GBA_Function_Library
0x08035FFC	0x08035EFC	TerrainHealDisplay_Display		new-hint	FE_GBA_Function_Library
0x08036040	0x08035F40	FinishDamageDisplay		new-hint	FE_GBA_Function_Library
0x0803606C	0x08035F6C	TerrainHealDisplay_Next		new-hint	FE_GBA_Function_Library
0x080360B8	0x08035FB8	PoisonDamageDisplay_Init		new-hint	FE_GBA_Function_Library
0x080360F0	0x08035FF0	PoisonDamageDisplay_Display		new-hint	FE_GBA_Function_Library
0x0803611C	0x0803601C	PoisonDamageDisplay_Next		new-hint	FE_GBA_Function_Library
0x0803618C	0x0803608C	SetClassToHatchingGorgonEgg		new-hint	FE_GBA_Function_Library
0x080361B8	0x080360B8	GorgonEggHatchDisplay_Init		new-hint	FE_GBA_Function_Library
0x080361E8	0x080360E8	GorgonEggHatchDisplay_Display		new-hint	FE_GBA_Function_Library
0x0803621C	0x0803611C	GorgonEggHatchDisplay_Next		new-hint	FE_GBA_Function_Library
0x08036288	0x08036188	StatusDecayDisplay_Init		new-hint	FE_GBA_Function_Library
0x080362AC	0x080361AC	StatusDecayDisplay_Display		new-hint	FE_GBA_Function_Library
0x0803633C	0x0803623C	StatusDecayDisplay_Next		new-hint	FE_GBA_Function_Library
0x0803639C	0x0802DEB4	TradeMenu_TutorialWait_OnInit		new-hint	FE_GBA_Function_Library
0x080363A4	0x080362A4	TrapDamageDisplay_Check		new-hint	FE_GBA_Function_Library
0x08036434	0x08036334	TrapDamageDisplay_Watch		new-hint	FE_GBA_Function_Library
0x08036464	0x08036364	TrapDamageDisplay_Display		new-hint	FE_GBA_Function_Library
0x08036574	0x08036474	TrapDamageDisplay_Next		new-hint	FE_GBA_Function_Library
0x080365D8	0x080364D8	GetBattleForecastPanelSide		funcmap-agree	FE_GBA_Function_Library
0x0803660C	0x0803650C	InitBattleForecastIconPaletteBuffer		new-hint	FE_GBA_Function_Library
0x08036694	0x08036594	InitBattleForecastLabels	BattleForecase_SetupLabelText	new-hint	FE_GBA_Function_Library
0x080366E4	0x080365E4	PutBattleForecastUnitName	DrawUnitNameForBattleForecast	new-hint	FE_GBA_Function_Library
0x08036728	0x08036628	PutBattleForecastItemName		new-hint	FE_GBA_Function_Library
0x0803676C	0x0803666C	BattleForecastHitCountUpdate	AddWeaponStatsAfterRound	funcmap-agree	FE_GBA_Function_Library
0x080367A0	0x080366A0	InitBattleForecastBattleStats	BKSEL_SetupHitAndSuchStats	new-hint	FE_GBA_Function_Library
0x08036918	0x08036818	DrawBattleForecastContentsStandard	BKSEL_DrawStandard	new-hint	FE_GBA_Function_Library
0x08036B70	0x08036A70	DrawBattleForecastContentsExtended	BKSEL_DrawDetailed	new-hint	FE_GBA_Function_Library
0x08036DD0	0x08036CD0	DrawBattleForecastContents	BKSEL_Draw	funcmap-agree	FE_GBA_Function_Library
0x08036E0C	0x08036D0C	GetFactionBattleForecastFramePalette		funcmap-agree	FE_GBA_Function_Library
0x08036E4C	0x08036D4C	InitBattleForecastFramePalettes		new-hint	FE_GBA_Function_Library
0x08036E9C	0x08036D9C	BattleForecast_Init	BKSEL_InitGfx	new-hint	FE_GBA_Function_Library
0x08036F1C	0x08036E1C	BattleForecast_OnEnd	BKSEL_Destructor	new-hint	FE_GBA_Function_Library
0x08036F2C	0x08036E2C	PutBattleForecastTilemaps	BKSEL_Display	new-hint	FE_GBA_Function_Library
0x08036FA8	0x08036EA8	PutBattleForecastWeaponTriangleArrows		new-hint	FE_GBA_Function_Library
0x0803704C	0x08036F4C	PutBattleForecastMultipliers		new-hint	FE_GBA_Function_Library
0x080370E8	0x08036FE8	UpdateBattleForecastEffectivenessPalettes		new-hint	FE_GBA_Function_Library
0x0803715C	0x0803705C	BattleForecast_LoopDisplay		new-hint	FE_GBA_Function_Library
0x080371C8	0x080370C8	BattleForecast_OnNewBattle		funcmap-agree	FE_GBA_Function_Library
0x0803720C	0x0803710C	BattleForecast_LoopSlideIn		new-hint	FE_GBA_Function_Library
0x080372F0	0x080371F0	BattleForecast_LoopSlideOut		new-hint	FE_GBA_Function_Library
0x080373D4	0x080372D4	MapEventEngineExists_	MapEventEngineExists_	new-hint	FE_GBA_Function_Library
0x080373E4	0x0803730C	NewBattleForecast	StartBattleForecast	new-hint	FE_GBA_Function_Library
0x0803744C	0x0803738C	UpdateBattleForecastContents		new-hint	FE_GBA_Function_Library
0x08037474	0x080373B4	CloseBattleForecast		new-hint	FE_GBA_Function_Library
0x080374B0	0x080373F0	StartBattleForecastHelpBox		new-hint	FE_GBA_Function_Library
0x0803752C	0x0803746C	GetBkselHelpBoxMsg		funcmap-agree	FE_GBA_Function_Library
0x08037554	0x08037494	HbPopulate_BkselWTriEffA		new-hint	FE_GBA_Function_Library
0x08037584	0x08037494	HbPopulate_BkselWTriEffA		new-hint	FE_GBA_Function_Library
0x080375B4	0x080374F4	RegisterTrapDeathBWL	MineFireTrap_DoSomeBWLStuffWhenKill	new-hint	FE_GBA_Function_Library
0x080375D0	0x08037510	ExecFireTileTrapAnim1	FireTrap_StartGfx	new-hint	FE_GBA_Function_Library
0x080375E8	0x08037528	ExecFireTileTrapAnim2	MineTrap_StartGfx	new-hint	FE_GBA_Function_Library
0x08037600	0x08037540	ApplyTrapDamageAnim	MineFireTrap_8037540	new-hint	FE_GBA_Function_Library
0x08037660	0x080375A0	ApplyTrapDamageReal	MineFireTrap_80375A0	new-hint	FE_GBA_Function_Library
0x080376A8	0x080375E8	GetPickTrapType	GetTriggeredTrapType	new-hint	FE_GBA_Function_Library
0x08037720	0x08037660	ExecTrap	ExecTrap	new-hint	FE_GBA_Function_Library
0x0803780C	-			new-hint	FE_GBA_Function_Library
0x08037864	0x080377CC	ExecTrapAfterWarp	ExecTrapForActionTarget	new-hint	FE_GBA_Function_Library
0x08037888	0x080377F0	ExecTrapAfterDropAction		new-hint	FE_GBA_Function_Library
0x080378C8	0x08037830	ExecTrapAfterDeathDrop	ExecTrap_QuietMaybe	new-hint	FE_GBA_Function_Library
0x080378D8	0x08037840	LoadTrapData	LoadTrapData	new-hint	FE_GBA_Function_Library
0x080379A8	0x08037910	LoadChapterTraps	LoadChapterBallistae	new-hint	FE_GBA_Function_Library
0x080379C0	0x08037928	AddGorgonEggTrap	AddGorgonEggTrap	new-hint	FE_GBA_Function_Library
0x080379F4	0x0803795C	GetRiddenBallistaAt	GetNonEmptyBallistaAt	new-hint	FE_GBA_Function_Library
0x08037A24	0x0803798C	GetBallistaItemAt	GetBallistaItemAt	new-hint	FE_GBA_Function_Library
0x08037A6C	0x080379D4	GetSomeBallistaItemAt	GetSomeBallistaItemAt	new-hint	FE_GBA_Function_Library
0x08037A9C	0x08037A04	AddBallista	AddBallista	new-hint	FE_GBA_Function_Library
0x08037ACC	0x08037A34	RideBallista	RideBallista	new-hint	FE_GBA_Function_Library
0x08037B04	0x08037A6C	TryRemoveUnitFromBallista	TryRemoveUnitFromBallista	new-hint	FE_GBA_Function_Library
0x08037B40	0x08037AA8	IsBallista	IsBallista	funcmap-agree	FE_GBA_Function_Library
0x08037B58	0x08037AC0	GetBallistaItem		funcmap-agree	FE_GBA_Function_Library
0x08037B84	0x08037AEC	GetBallistaItemIndex		funcmap-agree	FE_GBA_Function_Library
0x08037BA8	0x08037B10	GetBallistaItemUses	GetBallistaItemUses	funcmap-agree	FE_GBA_Function_Library
0x08037BDC	0x08037B44	GetCurrentPromotedLevelBonus	GetCurrentPromotedLevelBonus	funcmap-agree	FE_GBA_Function_Library
0x08037BFC	0x08037B64	CanUnitSeize	CanUnitSeize	funcmap-agree	FE_GBA_Function_Library
0x08037C44	0x08037BAC	DungeonRecordUi_InitText		funcmap-agree	FE_GBA_Function_Library
0x08037CD8	0x08037C40	InitDungeon		funcmap-agree	FE_GBA_Function_Library
0x08037D38	0x08037CA0	UnlockPostgameAllyByEnemyCount		new-hint	FE_GBA_Function_Library
0x08037D90	0x08037CF8	UnlockPostgameAllyByClearCount		new-hint	FE_GBA_Function_Library
0x08037DF0	0x08037D58	StartRetreatProcessing		new-hint	FE_GBA_Function_Library
0x08037F34	0x08037E08	SaveDungeonState		funcmap-agree	FE_GBA_Function_Library
0x08037F5C	0x08037E30	LoadDungeonState		funcmap-agree	FE_GBA_Function_Library
0x08037F78	0x08037E4C	SaveDungeonRecords		funcmap-agree	FE_GBA_Function_Library
0x08037F90	0x08037E64	LoadDungeonRecords		funcmap-agree	FE_GBA_Function_Library
0x08037FA8	0x08037E7C	UpdateDungeonMapTime		new-hint	FE_GBA_Function_Library
0x08037FDC	0x08037EB0	UpdateDungeonStats		new-hint	FE_GBA_Function_Library
0x080380F8	0x08037FCC	UpdateDungeonRecordStats		funcmap-agree	FE_GBA_Function_Library
0x08038260	0x08038134	UpdateDungeonEnemiesDefeated		funcmap-agree	FE_GBA_Function_Library
0x0803830C	0x080381E0	StartDungeonRecordProcFromMenu		new-hint	FE_GBA_Function_Library
0x08038320	0x0800D1E4	BlockProcForEventEngine		new-hint	FE_GBA_Function_Library
0x08038334	0x08038208	PushGlobalTimer	PushGlobalTimer	new-hint	FE_GBA_Function_Library
0x08038348	0x0803821C	PopGlobalTimer	PopGlobalTimer	new-hint	FE_GBA_Function_Library
0x0803835C	0x08038230	DungeonRecordUi_StartBgm		new-hint	FE_GBA_Function_Library
0x0803836C	0x08038240	SetupDungeonRecordUi		new-hint	FE_GBA_Function_Library
0x08038574	0x08038448	DrawDungeonRecordUiLabels		new-hint	FE_GBA_Function_Library
0x080385E8	0x080384BC	DrawNumberText		new-hint	FE_GBA_Function_Library
0x080386AC	0x08038588	DrawNumberText_WithReset		new-hint	FE_GBA_Function_Library
0x08038788	0x08038668	DungeonRecordUi_ClearTexts		new-hint	FE_GBA_Function_Library
0x080389CC	0x08038900	DrawTimeText_WithReset		new-hint	FE_GBA_Function_Library
0x08038C1C	0x08038BA4	DrawDungeonRecordUiText		new-hint	FE_GBA_Function_Library
0x08038EB0	0x08038E38	DungeonRecordUi_UpdateRunningTime		new-hint	FE_GBA_Function_Library
0x08038F20	0x08038EA8	DungeonRecordUi_KeyListenerUpdatesTime		new-hint	FE_GBA_Function_Library
0x08038F48	0x080529F0	EfxAvoidMain		new-hint	FE_GBA_Function_Library
0x08038F68	0x08038EF0	EndDungeonRecordUi		new-hint	FE_GBA_Function_Library
0x08038FF0	0x08038F78	DungeonRecordUi_CopyDigitsToObjVram		new-hint	FE_GBA_Function_Library
0x08039094	0x0803901C	DungeonRecordUi_UpdateValueAnim_Init		new-hint	FE_GBA_Function_Library
0x0803914C	0x080390D4	DungeonRecordUi_UpdateValueAnim_Loop		new-hint	FE_GBA_Function_Library
0x08039248	0x080391D0	DungeonRecordUi_SpawnUpdateValueProc		new-hint	FE_GBA_Function_Library
0x08039278	0x08039200	GetCurrentDungeonValueByUiLabel		new-hint	FE_GBA_Function_Library
0x08039314	0x0803929C	GetRecordDungeonValueByUiLabel		funcmap-agree	FE_GBA_Function_Library
0x080393D8	0x08039360	DungeonRecordUi_IsNewRecordForLabel		new-hint	FE_GBA_Function_Library
0x080394B4	0x0803943C	DungeonRecordUi_ClearCountAnim_Init		new-hint	FE_GBA_Function_Library
0x08039504	0x0803948C	DungeonRecordUi_ClearCountClearText		new-hint	FE_GBA_Function_Library
0x08039520	0x080394A8	DungeonRecordUi_ClearCountAnim_Loop		new-hint	FE_GBA_Function_Library
0x080395CC	0x08039554	DungeonRecordUi_EnemiesDefeatedTally_Init		new-hint	FE_GBA_Function_Library
0x08039604	0x0803958C	DungeonRecordUi_UpdateEnemiesDefeatedCount		new-hint	FE_GBA_Function_Library
0x080396B4	0x0803963C	DungeonRecordUi_StopTallySound		new-hint	FE_GBA_Function_Library
0x080396E0	0x08039668	DungeonRecordUi_UpdateLabelIfNewRecord		funcmap-agree	FE_GBA_Function_Library
0x08039708	0x08039690	DungeonRecordUi_GotoNextLabel		new-hint	FE_GBA_Function_Library
0x08039724	0x080396AC	AiPhaseInit	CpPhase_Init	new-hint	FE_GBA_Function_Library
0x08039790	0x08039718	AiPhaseBerserkInit	BskPhase_Init	new-hint	FE_GBA_Function_Library
0x080397F0	0x08039778	AiPhaseCleanup	CpPhase_Cleanup	funcmap-agree	FE_GBA_Function_Library
0x08039800	0x08039788	CpOrderMain	CpOrder_Main	new-hint	FE_GBA_Function_Library
0x08039828	0x080397B0	CpOrderBerserkInit	BskOrder_Init	new-hint	FE_GBA_Function_Library
0x080398D0	0x08039858	CpOrderFunc_BeginDecide	CpOrder_BuildUnitList	new-hint	FE_GBA_Function_Library
0x08039910	0x08039898	GetUnitBattleAiPriority	GetUnitAiAttackPriority	new-hint	FE_GBA_Function_Library
0x080399B0	0x08039938	GetUnitAiPriority	GetUnitAiPriority	new-hint	FE_GBA_Function_Library
0x08039A28	0x080399B0	BuildAiUnitList	MakeAiUnitQueue	new-hint	FE_GBA_Function_Library
0x08039AC8	0x08039A50	SortAiUnitList	SortAiUnitQueue	funcmap-agree	FE_GBA_Function_Library
0x08039B34	0x08009A60	GameControl_Null_0	GameControl_8009A60_Null	new-hint	FE_GBA_Function_Library
0x08039B40	0x08039AC8	CpDecide_Suspend	CpDecide_Suspend	new-hint	FE_GBA_Function_Library
0x08039B78	0x08039B00	CpDecide_Main	CpDecide_Main	new-hint	FE_GBA_Function_Library
0x08039C78	0x08039C00	AiClearDecision	ClearAiDecision	funcmap-agree	FE_GBA_Function_Library
0x08039C98	0x08039C20	AiSetDecision	AiSetDecision	funcmap-agree	FE_GBA_Function_Library
0x08039CDC	0x08039C64	AiUpdateDecision	AiUpdateDecision	funcmap-agree	FE_GBA_Function_Library
0x08039D24	0x08039CAC	AiDecideMain	AiMasterDecisionMaker	new-hint	FE_GBA_Function_Library
0x08039D88	0x08039D10	DecideHealOrEscape	AiDecisionMaker_HealEscape	new-hint	FE_GBA_Function_Library
0x08039E3C	0x08039DC4	DecideSpecialItems	AiDecisionMaker_SpecialItems	new-hint	FE_GBA_Function_Library
0x08039E58	0x08039DE0	DecideScriptA	AiDecisionMaker_AiScript1	new-hint	FE_GBA_Function_Library
0x08039EA4	0x08039E2C	DecideScriptB	AiDecisionMaker_AiScript2	new-hint	FE_GBA_Function_Library
0x08039F00	0x08039E88	AiTargetCursor_Main	AiTargetCursor_Main	new-hint	FE_GBA_Function_Library
0x08039F44	0x08039ECC	StartAiTargetCursor	StartAiTargetCursor	new-hint	FE_GBA_Function_Library
0x08039F6C	0x08039EF4	CpPerform_UpdateMapMusic	CpPerform_UpdateMapMusic	new-hint	FE_GBA_Function_Library
0x08039F84	0x08039F0C	CpPerform_MoveCameraOntoUnit	CpPerform_MoveCameraOntoUnit	new-hint	FE_GBA_Function_Library
0x0803A024	0x08039FAC	CpPerform_BeginUnitMovement	CpPerform_BeginUnitMovement	new-hint	FE_GBA_Function_Library
0x0803A09C	0x0803A024	AiRefreshMap	AiRefreshMap	new-hint	FE_GBA_Function_Library
0x0803A0F4	0x0803A07C	AiStartCombatAction	CpPerform_PerformCombat	new-hint	FE_GBA_Function_Library
0x0803A16C	0x0803A0F4	AiStartEscapeAction	CpPerform_PerformEscape	new-hint	FE_GBA_Function_Library
0x0803A1AC	0x0803A134	AiStartStealAction	CpPerform_PerformSteal	new-hint	FE_GBA_Function_Library
0x0803A1F4	0x0803A17C	AiPillageAction	CpPerform_LootWait	new-hint	FE_GBA_Function_Library
0x0803A27C	0x0803A204	AiStaffAction	CpPerform_StaffWait	new-hint	FE_GBA_Function_Library
0x0803A2B4	0x0803A23C	AiUseItemAction	CpPerform_ChestWait	new-hint	FE_GBA_Function_Library
0x0803A2EC	0x0803A274	AiTalkAction	CpPerform_TalkWait	new-hint	FE_GBA_Function_Library
0x0803A330	0x0803A2B8	AiRideBallistaAction	CpPerform_RideBallistaWait	new-hint	FE_GBA_Function_Library
0x0803A358	0x0803A2E0	AiExitBallistaAction	CpPerform_ExitBallistaWait	new-hint	FE_GBA_Function_Library
0x0803A380	0x0803A308	AiDKNightmareAction	CpPerform_PerformSomeOtherCombat	new-hint	FE_GBA_Function_Library
0x0803A3D0	0x0803A358	AiDKSummonAction	CpPerform_PerformDkSummon	new-hint	FE_GBA_Function_Library
0x0803A408	0x0803A390	AiPickAction	CpPerform_PickWait	new-hint	FE_GBA_Function_Library
0x0803A440	0x0803A3C8	CpPerform_MoveCameraOntoTarget	CpPerform_MoveCameraOntoTarget	new-hint	FE_GBA_Function_Library
0x0803A55C	0x0803A4E4	CpPerform_PerformAction	CpPerform_PerformAction	funcmap-agree	FE_GBA_Function_Library
0x0803A670	0x0803A5F8	CpPerform_WaitAction	CpPerform_WaitAction	new-hint	FE_GBA_Function_Library
0x0803A6B4	0x0803A63C	CpPerform_Cleanup		new-hint	FE_GBA_Function_Library
0x0803A6F0	0x0803A678	AiEscapeAction	CpPerform_EscapeWait	new-hint	FE_GBA_Function_Library
0x0803A714	0x0803A69C	AiWaitAndClearScreenAction	CpPerform_StealWait	new-hint	FE_GBA_Function_Library
0x0803A748	0x0803A6D0	CpPerform_EquipBest		new-hint	FE_GBA_Function_Library
0x0803A794	0x0803A71C	AiCompare	AiScriptCompare	funcmap-agree	FE_GBA_Function_Library
0x0803A800	0x0803A788	AiFindTargetInReachByCharId	AiFindPositionOfCharacter	new-hint	FE_GBA_Function_Library
0x0803A8F0	0x0803A878	AiFindTargetInReachByClassId	AiFindClosestPositionWithUnitOfClass	new-hint	FE_GBA_Function_Library
0x0803A99C	0x0803A924	AiFindTargetInReachByFunc	AiGetClosestUnitPosition	new-hint	FE_GBA_Function_Library
0x0803AA9C	0x0803AA40	AiFindTargetInReachNeglectWallByFunc		new-hint	FE_GBA_Function_Library
0x0803AB9C	0x0803AB5C	AiRandomMove		new-hint	FE_GBA_Function_Library
0x0803AC5C	0x0803AC3C	AiReachesByBirdsEyeDistance	CouldStationaryUnitBeInRangeHeuristic	new-hint	FE_GBA_Function_Library
0x0803ACB0	0x0803AC90	AiCouldReachByBirdsEyeDistance	CouldUnitBeInRangeHeuristic	new-hint	FE_GBA_Function_Library
0x0803AD18	0x0803ACF8	AiIsInShortList		funcmap-agree	FE_GBA_Function_Library
0x0803AD38	0x0803AD18	AiIsInByteList	IsTerrainIdInList	funcmap-agree	FE_GBA_Function_Library
0x0803AD58	0x0803AD38	AiFindClosestTerrainPosition	AiFindClosestTileInRangeWithListedTerrain	new-hint	FE_GBA_Function_Library
0x0803AE5C	0x0803AE3C	AiGetPositionRange	GetPositionRangeWeight	new-hint	FE_GBA_Function_Library
0x0803AEB4	0x0803AE94	AiFindClosestTerrainAdjacentPosition		new-hint	FE_GBA_Function_Library
0x0803AFFC	0x0803AFDC	AiFindClosestUnlockPosition	AiSomethingCheckPick	new-hint	FE_GBA_Function_Library
0x0803B244	0x0803B224	AiCountUnitsInRange		funcmap-agree	FE_GBA_Function_Library
0x0803B2B8	0x0803B298	AiCountEnemyUnitsInRange		new-hint	FE_GBA_Function_Library
0x0803B334	0x0803B314	AiCountAlliedUnitsInRange		new-hint	FE_GBA_Function_Library
0x0803B3B0	0x0803B390	AiCountNearbyUnits		new-hint	FE_GBA_Function_Library
0x0803B434	0x0803B41C	AiCountNearbyEnemyUnits	AiAreEnemiesWithin3Tiles	new-hint	FE_GBA_Function_Library
0x0803B4C8	0x0803B4B8	AiCountNearbyAlliedUnits		new-hint	FE_GBA_Function_Library
0x0803B560	0x0803B558	FillMovementAndRangeMapForItem	FillMovementAndRangeMapForItem	new-hint	FE_GBA_Function_Library
0x0803B600	0x0803B5F8	AiMakeMoveRangeUnitPowerMaps		new-hint	FE_GBA_Function_Library
0x0803B680	0x0803B678	AiMakeMoveRangeItemRangeMaps		new-hint	FE_GBA_Function_Library
0x0803B720	0x0803B718	AiFindBestAdjacentPositionByFunc	GetLesserWeightedAdjacentPosition	new-hint	FE_GBA_Function_Library
0x0803B79C	0x0803B794	AiGetItemStealRank	GetItemAiStealPriority	funcmap-agree	FE_GBA_Function_Library
0x0803B7D0	0x0803B7C8	AiGetUnitStealItemSlot	AiGetBestItemSlotIndexToSteal	new-hint	FE_GBA_Function_Library
0x0803B810	0x0803B808	AiFindSafestReachableLocation	AiFindUnitSafestTileToMoveTo	new-hint	FE_GBA_Function_Library
0x0803B904	0x0803B8FC	AiFindPillageLocation	AiGetLootingParameters	new-hint	FE_GBA_Function_Library
0x0803B99C	0x0803B994	AiGetChestUnlockItemSlot	AiGetActiveUniChestKeyItemSlot	new-hint	FE_GBA_Function_Library
0x0803BA10	0x0803BA08	AiTryMoveTowards	AiTryMoveTowards	new-hint	FE_GBA_Function_Library
0x0803BBC0	0x0803BBF4	AiTryMoveTowardsNeglectWall	SetAiActionMoveBest	new-hint	FE_GBA_Function_Library
0x0803BD70	0x0803BDE0	AiGetUnitClosestValidPosition	FindClosestBestPosition	new-hint	FE_GBA_Function_Library
0x0803BEDC	0x0803BF4C	AiGetClassRank		funcmap-agree	FE_GBA_Function_Library
0x0803BF14	0x0803BF84	AiUnitWithCharIdExists	AiIsCharacterOnMap	new-hint	FE_GBA_Function_Library
0x0803BF60	0x0803BFD0	AiIsWithinRectDistance	AiArePointsWithinDistance	new-hint	FE_GBA_Function_Library
0x0803BFA4	0x0803C014	AiLocationIsPillageTarget	AiIsPositionLootable	new-hint	FE_GBA_Function_Library
0x0803BFF4	0x0803C064	SetupUnitInventoryAIFlags	GenBlueUnitAiStats	new-hint	FE_GBA_Function_Library
0x0803C0B0	0x0803C120	SetupUnitStatusStaffAIFlags	SetupUnitStatusStaffAIFlags	new-hint	FE_GBA_Function_Library
0x0803C0F8	0x0803C168	SetupUnitHealStaffAIFlags	SetupUnitHealStaffAIFlags	new-hint	FE_GBA_Function_Library
0x0803C144	0x0803C1B4	SaveNumberOfAlliedUnitsIn0To8Range	UpdateNumberOfAlliedUnitsWithin8Tiles	new-hint	FE_GBA_Function_Library
0x0803C1E8	0x0803C258	CharStoreAI	SetUnitAiFromDefinition	funcmap-agree	FE_GBA_Function_Library
0x0803C214	0x0803C284	GetAiBestSafeStaffTargetPosition		funcmap-agree	FE_GBA_Function_Library
0x0803C2F4	0x0803C364	AiCountCurrentPhaseFlaggedUnits		new-hint	FE_GBA_Function_Library
0x0803C340	0x0803C3B0	AiCountAlliedFlaggedUnitsInRange		new-hint	FE_GBA_Function_Library
0x0803C3DC	0x0803C44C	AiCanUnitUseAnyStaff		new-hint	FE_GBA_Function_Library
0x0803C420	0x0803C490	AiGenerateUnitMovementMapRespectStay	AiFillMovementMapForUnit	new-hint	FE_GBA_Function_Library
0x0803C44C	0x0803C4BC	AiTryExecScriptA	AiExecAi1	funcmap-agree	FE_GBA_Function_Library
0x0803C4A0	0x0803C510	AiExecFallbackScriptA	AiExecFallbackAi1	funcmap-agree	FE_GBA_Function_Library
0x0803C4DC	0x0803C54C	AiTryExecScriptB	AiExecAi2	funcmap-agree	FE_GBA_Function_Library
0x0803C530	0x0803C5A0	AiExecFallbackScriptB	AiExecFallbackAi2	funcmap-agree	FE_GBA_Function_Library
0x0803C56C	0x0803C5DC	AiScript_Exec	AiScript_Exec	new-hint	FE_GBA_Function_Library
0x0803C5D8	0x0803C648	AiScriptCmd_00_ConditionalGoto	AiScriptCmd_00_ConditionalGoto	new-hint	FE_GBA_Function_Library
0x0803C67C	0x0803C6EC	AiScriptCmd_01_FunctionCall	AiScriptCmd_01_FunctionCall	new-hint	FE_GBA_Function_Library
0x0803C6AC	0x0803C71C	AiScriptCmd_02_ChangeAi	AiScriptCmd_02_ChangeAi	funcmap-agree	FE_GBA_Function_Library
0x0803C71C	0x0803C78C	AiScriptCmd_03_Goto	AiScriptCmd_03_Goto	funcmap-agree	FE_GBA_Function_Library
0x0803C7A8	0x0803C818	AiIsUnitEnemy	IsUnitEnemyWithActiveUnit	new-hint	FE_GBA_Function_Library
0x0803C7D8	0x0803C848	AiIsUnitNonActive	IsUnitNotActiveUnit	funcmap-agree	FE_GBA_Function_Library
0x0803C7F4	0x0803C864	AiIsUnitEnemyAndNotInScrList	IsUnitEnemyAndNotInTheAiInstList	new-hint	FE_GBA_Function_Library
0x0803C83C	0x0803C8AC	AiIsUnitEnemyOrInScrList	IsUnitEnemyOrInTheAiInstList	new-hint	FE_GBA_Function_Library
0x0803C884	0x0803C8F4	AiIsUnitEnemyAndScrCharId	AiIsUnitScriptCharAndEnemyWithActiveUnit	new-hint	FE_GBA_Function_Library
0x0803C8C4	0x0803C934	AiIsUnitEnemyAndScrClassId	AiIsUnitScriptClassAndEnemyWithActiveUnit	new-hint	FE_GBA_Function_Library
0x0803C904	0x0803C974	AiScriptCmd_04_ActionOnSelectedCharacter	AiScriptCmd_04_ActionOnSelectedCharacter	new-hint	FE_GBA_Function_Library
0x0803C99C	0x0803CA0C	AiScriptCmd_05_DoStandardAction	AiScriptCmd_05_DoStandardAction	new-hint	FE_GBA_Function_Library
0x0803CA0C	0x0803CA7C	AiScriptCmd_06_DoNothing	AiScriptCmd_06_DoNothing	new-hint	FE_GBA_Function_Library
0x0803CA14	0x0803CA84	AiScriptCmd_07_DoStandardActionNoMove	AiScriptCmd_07_DoStandardActionNoMove	new-hint	FE_GBA_Function_Library
0x0803CA74	0x0803CAE4	AiScriptCmd_08_DoStandardActionAgainstClass	AiScriptCmd_08_DoStandardActionAgainstClass	new-hint	FE_GBA_Function_Library
0x0803CAC4	0x0803CB34	AiScriptCmd_09_DoStaffAction	AiScriptCmd_09_DoStaffAction	new-hint	FE_GBA_Function_Library
0x0803CAE0	0x0803CB50	AiScriptCmd_0A_DoStaffAction	AiScriptCmd_0A_DoStaffAction	new-hint	FE_GBA_Function_Library
0x0803CAFC	0x0803CB6C	AiScriptCmd_0B_DoStaffAction	AiScriptCmd_0B_DoStaffAction	new-hint	FE_GBA_Function_Library
0x0803CB18	0x0803CB88	AiScriptCmd_0C_MoveTowardsSetPoint	AiScriptCmd_0C_MoveTowardsSetPoint	new-hint	FE_GBA_Function_Library
0x0803CB64	0x0803CBD4	AiScriptCmd_0D_MoveTowardsCharacterUntilInRange	AiScriptCmd_0D_MoveTowardsCharacterUntilInRange	new-hint	FE_GBA_Function_Library
0x0803CC20	0x0803CC90	AiScriptCmd_0E_DoNothing	AiScriptCmd_0E_DoNothing	new-hint	FE_GBA_Function_Library
0x0803CC28	0x0803CC98	AiScriptCmd_0F_MoveTowardsUnitWithClass	AiScriptCmd_0F_MoveTowardsUnitWithClass	new-hint	FE_GBA_Function_Library
0x0803CC6C	0x0803CCDC	AiScriptCmd_10_DoLooting	AiScriptCmd_10_DoLooting	new-hint	FE_GBA_Function_Library
0x0803CD64	0x0803CDD4	AiScriptCmd_11_MoveTowardsSafety	AiScriptCmd_11_MoveTowardsSafety	new-hint	FE_GBA_Function_Library
0x0803CDA8	0x0803CE18	AiScriptCmd_12_MoveTowardsEnemy	AiScriptCmd_12_MoveTowardsEnemy	new-hint	FE_GBA_Function_Library
0x0803CE28	0x0803CE98	AiScriptCmd_13	AiScriptCmd_13	new-hint	FE_GBA_Function_Library
0x0803CEA8	0x0803CF18	AiScriptCmd_14_DoNothing	AiScriptCmd_14_DoNothing	new-hint	FE_GBA_Function_Library
0x0803CEB0	0x0803CF20	AiScriptCmd_15_DoNothing	AiScriptCmd_15_DoNothing	new-hint	FE_GBA_Function_Library
0x0803CEB8	0x0803CF28	AiScriptCmd_16_RandomMovement	AiScriptCmd_16	new-hint	FE_GBA_Function_Library
0x0803CECC	0x0803CF3C	AiScriptCmd_17_DoEscape	AiScriptCmd_17_DoEscape	funcmap-agree	FE_GBA_Function_Library
0x0803CEF0	0x0803CF60	AiGetAttackPositionScore		funcmap-agree	FE_GBA_Function_Library
0x0803CF44	0x0803CFB4	AiFindBestAttackPositionAgainstTarget		new-hint	FE_GBA_Function_Library
0x0803D0B4	0x0803D124	AiFindClosestReachableTerrainPosition		new-hint	FE_GBA_Function_Library
0x0803D1B8	0x0803D228	AiScriptCmd_18_TryAttackSnagWall	AiScriptCmd_18	new-hint	FE_GBA_Function_Library
0x0803D268	0x0803D2D8	AiScriptCmd_19_MoveTowardsTerrain	AiScriptCmd_19_MoveTowardsTerrain	new-hint	FE_GBA_Function_Library
0x0803D2E4	0x0803D354	AiScriptCmd_1A_MoveTowardsTerrain	AiScriptCmd_1A_MoveTowardsTerrain	new-hint	FE_GBA_Function_Library
0x0803D360	0x0803D3D0	AiScriptCmd_1B_NoOp	AiScriptCmd_1B_NoOp	funcmap-agree	FE_GBA_Function_Library
0x0803D374	0x0803D3E4	AiDoBerserkAction	AiDoBerserkAction	new-hint	FE_GBA_Function_Library
0x0803D394	0x0803D404	AiDoBerserkMove	AiDoBerserkMove	new-hint	FE_GBA_Function_Library
0x0803D3D0	0x0803D440	CpScript_CondTrueReadClass		funcmap-agree	FE_GBA_Function_Library
0x0803D3E0	0x0803D450	AiAttemptOffensiveAction	AiTryDoOffensiveAction	new-hint	FE_GBA_Function_Library
0x0803D648	0x0803D6B8	AiAttemptCombatWithinMovement		new-hint	FE_GBA_Function_Library
0x0803D810	0x0803D880	AiFillReversedAttackRangeMap	AiFillUnitStandingRangeWithWeapon	new-hint	FE_GBA_Function_Library
0x0803D864	0x0803D8D4	AiFloodMovementAndRange		new-hint	FE_GBA_Function_Library
0x0803D928	0x0803D998	AiAttemptBallistaCombat		new-hint	FE_GBA_Function_Library
0x0803DA98	0x0803DB08	AiAttemptStealAction_GetMovementAt	GetEffectiveTileMovCost	new-hint	FE_GBA_Function_Library
0x0803DAF0	0x0803DB60	AiAttemptStealActionWithinMovement	AiTryDoSteal	new-hint	FE_GBA_Function_Library
0x0803DC54	0x0803DCC4	AiSimulateBestBattleAgainstTarget	AiTrySimulateBattle	funcmap-agree	FE_GBA_Function_Library
0x0803DD14	0x0803DD84	AiSimulateBestBallistaBattleAgainstTarget		funcmap-agree	FE_GBA_Function_Library
0x0803DDEC	0x0803DE5C	AiGetCombatPositionScore	AiGetTileWeightForAttack	new-hint	FE_GBA_Function_Library
0x0803DE54	0x0803DEC4	AiIsBadFight	ShouldAiNotBattle	new-hint	FE_GBA_Function_Library
0x0803DE58	0x0803DEC8	AiSimulateBattleAgainstTargetAtPosition	AiSimulateBattle	new-hint	FE_GBA_Function_Library
0x0803DEC4	0x0803DF34	AiGetDamageDealtCombatScoreComponent	AiBattleGetDamageDealtWeight	new-hint	FE_GBA_Function_Library
0x0803DF24	0x0803DF94	AiGetOpponentLowHpScoreComponent	AiBattleGetTargetHpWeight	funcmap-agree	FE_GBA_Function_Library
0x0803DF4C	0x0803DFBC	AiGetFriendZoneCombatScoreComponent	AiBattleGetAlliesAroundWeight	new-hint	FE_GBA_Function_Library
0x0803DFF8	0x0803E068	AiGetTargetClassCombatScoreComponent	AiBattleGetWeight_803E068	funcmap-agree	FE_GBA_Function_Library
0x0803E02C	0x0803E09C	AiGetTurnCombatScoreComponent	AiBattleGetTurnNumberWeight	funcmap-agree	FE_GBA_Function_Library
0x0803E044	0x0803E0B4	AiGetDamageTakenScoreComponent	AiBattleGetDamageTakenWeight	new-hint	FE_GBA_Function_Library
0x0803E0A4	0x0803E114	AiGetDangerScoreComponent	AiBattleGetTileDangerWeight	funcmap-agree	FE_GBA_Function_Library
0x0803E0E0	0x0803E150	AiGetLowHpScoreComponent	AiBattleGetSubjectHpWeight	funcmap-agree	FE_GBA_Function_Library
0x0803E108	0x0803E178	AiComputeCombatScore	ComputeAiAttackWeight	funcmap-agree	FE_GBA_Function_Library
0x0803E17C	0x0803E1EC	AiGetInRangeCombatPositionScoreComponent	AiGetUnitReachWeightWithEquippedWeapon	new-hint	FE_GBA_Function_Library
0x0803E1CC	0x0803E23C	AiGetTerrainCombatPositionScoreComponent	AiGetPositionTerrainSafetyWeight	funcmap-agree	FE_GBA_Function_Library
0x0803E20C	0x0803E27C	AiGetFriendZoneCombatPositionScoreComponent	AiGetPositionUnitSafetyWeight	new-hint	FE_GBA_Function_Library
0x0803E284	0x0803E2F4	AiInitDangerMap	SetupAiDangerMap	new-hint	FE_GBA_Function_Library
0x0803E2B0	0x0803E320	AiFillDangerMap	FillAiDangerMap	new-hint	FE_GBA_Function_Library
0x0803E3D8	0x0803E448	AiCheckDangerAt	IsAiTileSafe	funcmap-agree	FE_GBA_Function_Library
0x0803E400	0x0803E470	AiTryGetNearestHealPoint		new-hint	FE_GBA_Function_Library
0x0803E5D0	0x0803E640	UpdateAllPhaseHealingAIStatus	AiUpdateAllUnitHealAi	new-hint	FE_GBA_Function_Library
0x0803E628	0x0803E698	AiUpdateGetUnitIsHealing	AiUnitUpdateGetHealMode	new-hint	FE_GBA_Function_Library
0x0803E6A8	0x0803E718	AiTryHealSelf	AiUnitTryHealSelf	new-hint	FE_GBA_Function_Library
0x0803E760	0x0803E7D0	AiTryMoveTowardsEscape	AiUnitTryMoveTowardsEscapePoint	new-hint	FE_GBA_Function_Library
0x0803E808	0x0803E878	GetEscapePointStructThingMaybe	AiUnitGetClosestEscapePointData	funcmap-agree	FE_GBA_Function_Library
0x0803E890	0x0803E900	AiCanEquip		funcmap-agree	FE_GBA_Function_Library
0x0803E8CC	0x0803E93C	AiEquipGetFlags		new-hint	FE_GBA_Function_Library
0x0803E9E8	0x0803EA58	AiEquipGetDanger		new-hint	FE_GBA_Function_Library
0x0803EB34	0x0803EBA4	AiEquipBestMatch		new-hint	FE_GBA_Function_Library
0x0803EB80	0x0803EBF0	AiEquipBestConsideringDanger		funcmap-agree	FE_GBA_Function_Library
0x0803EBA8	0x0803EC18	AiMarkStaffCapabilityFlags		new-hint	FE_GBA_Function_Library
0x0803EBE4	0x0803EC54	AiIsWithinFlyingDistance		funcmap-agree	FE_GBA_Function_Library
0x0803EC28	0x0803EC98	StoreItemAndGetUnitAttack	GetUnitAttackAndWeapon	new-hint	FE_GBA_Function_Library
0x0803EC54	0x0803ECC4	AiTryDanceOrStealAfterMove		funcmap-agree	FE_GBA_Function_Library
0x0803EC80	0x0803ECF0	AiTryActionAfterMove		funcmap-agree	FE_GBA_Function_Library
0x0803ECB8	0x0803ED28	AiTryDoDanceAdjacent	AiTryDoDanceAdjacent	new-hint	FE_GBA_Function_Library
0x0803EDDC	0x0803EE4C	AiTryDoStealAdjacent	AiTryDoStealAdjacent	new-hint	FE_GBA_Function_Library
0x0803EE40	0x0803EEB0	AiTryDoCombatInRangeFromPosition		new-hint	FE_GBA_Function_Library
0x0803EF70	0x0803EFE0	AiIsUnitAtPositionDifferentAllegiance	AiIsUnitAtPositionDifferentAllegiance	funcmap-agree	FE_GBA_Function_Library
0x0803EFA8	0x0803F018	AiFunc_CountEnemiesInRange		new-hint	FE_GBA_Function_Library
0x0803F0EC	0x0803F15C	AiTryAttackFromConfiguredPosition		new-hint	FE_GBA_Function_Library
0x0803F2C0	0x0803F330	AiFunc_StoreAiCounter		funcmap-agree	FE_GBA_Function_Library
0x0803F2DC	0x0803F34C	AiFunc_RestartDecisionState		new-hint	FE_GBA_Function_Library
0x0803F30C	0x0803F37C	AiFunc_RestartDecisionStateDuplicate		new-hint	FE_GBA_Function_Library
0x0803F33C	0x0803F3AC	AiTryMoveToSpecificPosition		funcmap-agree	FE_GBA_Function_Library
0x0803F3C4	0x0803F434	AiCountEnemyInRangeOrTryMoveToSpecificPosition		new-hint	FE_GBA_Function_Library
0x0803F434	0x0803F4A4	AiFunc_CheckUnitInBoundingBox		funcmap-agree	FE_GBA_Function_Library
0x0803F47C	0x0803F4EC	AiDecideTalkBetweenChars		new-hint	FE_GBA_Function_Library
0x0803F4AC	0x0803F51C	AiFunc_FindLeaderCombatTarget		new-hint	FE_GBA_Function_Library
0x0803F570	0x0803F5E0	AiIsUnitEnemyWithStoredCharId		new-hint	FE_GBA_Function_Library
0x0803F5AC	0x0803F61C	AiFunc_AttackUnitWithCharId		new-hint	FE_GBA_Function_Library
0x0803F610	0x0803F680	AiIsUnitEnemyWithStoredUnitId		new-hint	FE_GBA_Function_Library
0x0803F648	0x0803F6B8	AiIsUnitEnemyInDirectionOfTarget		new-hint	FE_GBA_Function_Library
0x0803F6BC	0x0803F72C	AiFunc_AttackStoredTargetOrMoveToward		new-hint	FE_GBA_Function_Library
0x0803F720	0x0803F790	AiFunc_TryHealStaffByChance		new-hint	FE_GBA_Function_Library
0x0803F76C	0x0803F7DC	AiFunc_TrySpecialItemsByChance		new-hint	FE_GBA_Function_Library
0x0803F7BC	0x0803F82C	AiBallistaRideExit		new-hint	FE_GBA_Function_Library
0x0803F928	0x0803F9A8	AiFunc_MoveTowardsInputPosition		new-hint	FE_GBA_Function_Library
0x0803F948	0x0803F9C8	AiFunc_EndDecision		funcmap-agree	FE_GBA_Function_Library
0x0803F958	0x0803F9D8	GetAiStaffFuncIndex	AiGetStaffAiIndex	new-hint	FE_GBA_Function_Library
0x0803F9C0	0x0803FA40	AiTryDoStaff	AiTryDoStaff	new-hint	FE_GBA_Function_Library
0x0803FA68	0x0803FAE8	GetAiSafestAccessibleAdjacentPosition	GetAiSafestAccessibleAdjacentPosition	new-hint	FE_GBA_Function_Library
0x0803FB38	0x0803FBB8	AiStaffHealMendRecover		new-hint	FE_GBA_Function_Library
0x0803FCB0	0x0803FD30	AiStaffPhysicRescue		new-hint	FE_GBA_Function_Library
0x0803FE80	0x0803FF00	AiStaffFortify		new-hint	FE_GBA_Function_Library
0x0803FF8C	0x0804000C	AiStaffWarp		new-hint	FE_GBA_Function_Library
0x080400E4	0x08040164	AiStaffRestore		new-hint	FE_GBA_Function_Library
0x08040228	0x080402A8	AiUnitHasUsableWeaponOrStaff		new-hint	FE_GBA_Function_Library
0x08040280	0x08040300	GetAiSilenceEffectivenessScore		new-hint	FE_GBA_Function_Library
0x080402D4	0x08040354	AiStaffSilence		new-hint	FE_GBA_Function_Library
0x08040460	0x080404E0	AiStaffSleepBerserk		new-hint	FE_GBA_Function_Library
0x080405E8	0x08040668	GetAiWarpDestinationNearThreatenedAlly		new-hint	FE_GBA_Function_Library
0x08040770	0x080407F0	GetSpecialItemFuncIndex		new-hint	FE_GBA_Function_Library
0x080407C4	0x08040844	AiTryDoSpecialItems	AiTryDoSpecialItems	new-hint	FE_GBA_Function_Library
0x0804085C	0x080408DC	AiSpecialItemDoorKey		new-hint	FE_GBA_Function_Library
0x080408F4	0x08040974	AiSpecialItemLockpick		new-hint	FE_GBA_Function_Library
0x080409F8	0x08040A78	AiSpecialItemAntitoxin		new-hint	FE_GBA_Function_Library
0x08040A60	0x08040AE0	AiGetRangeValueAt		new-hint	FE_GBA_Function_Library
0x08040AB8	0x08040B38	AiFindReachableDoorPosition		new-hint	FE_GBA_Function_Library
0x08040B0C	0x08040B8C	AiFindClosestChestPosition		new-hint	FE_GBA_Function_Library
0x08040B34	0x08040BB4	AiFindReachableUnlockPosition	AiSomethingGetPick	new-hint	FE_GBA_Function_Library
0x08040BDC	0x08040C5C	AiTryDoRogueSpecialItems	AiTrySomethingPick	new-hint	FE_GBA_Function_Library
0x08040D4C	0x08040DCC	AiSetMovCostTableWithPassableWalls	AiSetMovCostTableWithPassableWalls	funcmap-agree	FE_GBA_Function_Library
0x08040D84	0x08040E04	AiSetMovCostTableWithPassableTerrain	AiSetMovCostTableWithTerrainSetAsPassable	funcmap-agree	FE_GBA_Function_Library
0x08040DB4	0x08040E34	AiSetMovCostTableWithTwoPassableTerrains		funcmap-agree	FE_GBA_Function_Library
0x08040DE8	0x08040E68	InitAiMoveMapForUnit	InitAiMoveMapForUnit	new-hint	FE_GBA_Function_Library
0x08040E18	0x08040E98	GenerateUnitExtendedMovementMapOnRange		new-hint	FE_GBA_Function_Library
0x08040E48	0x08040EC8	GenerateUnitExtendedMovementMapNeglectWall		new-hint	FE_GBA_Function_Library
0x08040E78	0x08040EF8	GenerateExtendedMovementMapNeglectWall		new-hint	FE_GBA_Function_Library
0x08040EA8	0x08040F28	GenerateExtendedMovementMapOnRangeNeglectWall	AiMapRangeFillMovementWithPassableWalls	new-hint	FE_GBA_Function_Library
0x08040ED4	0x08040F54	GenerateUnitExtendedMovementMapOnRangeNeglectWall		new-hint	FE_GBA_Function_Library
0x08040F08	0x08040F88	GenerateUnitExtendedMovementMapOnRangeNeglectDoor	InitAiRangeMoveMapForUnitWithDoorsPassable	new-hint	FE_GBA_Function_Library
0x08040F3C	0x08040FBC	GenerateExtendedMovementMapOnRangeNeglectDoor		new-hint	FE_GBA_Function_Library
0x08040F6C	0x08040FEC	GenerateUnitExtendedMovementMapOnRangeNeglectWallSnag		new-hint	FE_GBA_Function_Library
0x08040FA0	0x08041020	GenerateExtendedMovementMapOnRangeNeglectWallSnag		new-hint	FE_GBA_Function_Library
0x08040FD4	0x08041054	GenerateUnitMovementMapOnRange		new-hint	FE_GBA_Function_Library
0x08041010	0x08041090	AiUpdateNoMoveFlag		funcmap-agree	FE_GBA_Function_Library
0x08041044	0x080410C4	GenerateUnitExtendedMovementMapOnRangeAt		new-hint	FE_GBA_Function_Library
0x08041078	0x080410F8	AiDetermineNightmareEffectiveness		new-hint	FE_GBA_Function_Library
0x08041178	0x080411F8	AiTryUseNightmareStaff		new-hint	FE_GBA_Function_Library
0x0804134C	0x080413CC	AiDecideNightmareStaff		new-hint	FE_GBA_Function_Library
0x08041384	0x08041404	AiTryDKSummon		new-hint	FE_GBA_Function_Library
0x08041504	0x08041584	AiDecideDKSummon		new-hint	FE_GBA_Function_Library
0x08041530	0x080415B0	SioPollingMsg		funcmap-agree	FE_GBA_Function_Library
0x08041650	0x080416D0	GetSioIndex		funcmap-agree	FE_GBA_Function_Library
0x08041660	0x080416E0	Sio_SetCommParams		funcmap-agree	FE_GBA_Function_Library
0x08041698	0x08041718	Sio_ResetSession		funcmap-agree	FE_GBA_Function_Library
0x08041818	0x08041898	Sio_ResetState		new-hint	FE_GBA_Function_Library
0x08041880	0x08041900	SioRegisterIrq		new-hint	FE_GBA_Function_Library
0x080418FC	0x0804197C	SioReleaseIrq		new-hint	FE_GBA_Function_Library
0x0804195C	0x080419DC	SioHandleIrq_Serial	OnSerialCommunication	new-hint	FE_GBA_Function_Library
0x08041B9C	0x08041C1C	SioVsync_Loop	SioVSync_8041C1C	new-hint	FE_GBA_Function_Library
0x08041CE8	0x08041D68	SioHandleIrq_Timer3	SioReady	funcmap-agree	FE_GBA_Function_Library
0x08041D0C	0x08041D8C	Sio_PlayRemoteSoundEffect		new-hint	FE_GBA_Function_Library
0x08041D44	0x08041DC4	SioMain_Loop	SioMain_8041DC4	new-hint	FE_GBA_Function_Library
0x080420BC	0x0804213C	Sio_CountConnectedPlayers		funcmap-agree	FE_GBA_Function_Library
0x080420E8	0x08042168	Sio_CountActivePlayers		funcmap-agree	FE_GBA_Function_Library
0x08042114	0x08042194	Sio_IsPlayerConnected		funcmap-agree	FE_GBA_Function_Library
0x0804213C	0x080421BC	Sio_IsPlayerActiveThisFrame		funcmap-agree	FE_GBA_Function_Library
0x08042164	0x080421E4	Sio_CheckLinkAlive		funcmap-agree	FE_GBA_Function_Library
0x080421B8	0x08042238	Sio_GetPendingSendCount		funcmap-agree	FE_GBA_Function_Library
0x080421EC	0x0804226C	Sio_AreAllPlayersReady		funcmap-agree	FE_GBA_Function_Library
0x08042238	0x080422B8	SioSend		funcmap-agree	FE_GBA_Function_Library
0x08042330	0x080423B0	Sio_ReadPacket		new-hint	FE_GBA_Function_Library
0x080424EC	0x08042568	SioSend16		funcmap-agree	FE_GBA_Function_Library
0x08042538	0x080425B4	Sio_ReadMultiFrame		funcmap-agree	FE_GBA_Function_Library
0x080425A4	0x08042620	SioQueuePendingRecvData		funcmap-agree	FE_GBA_Function_Library
0x08042618	0x08042694	Sio_PeekPendingSendData		new-hint	FE_GBA_Function_Library
0x08042678	0x080426F4	SioEmitData		new-hint	FE_GBA_Function_Library
0x08042720	0x0804279C	SioReceiveData		new-hint	FE_GBA_Function_Library
0x080428B0	0x0804292C	Sio_Halt		funcmap-agree	FE_GBA_Function_Library
0x08042904	0x08042980	Sio_SetSubState		funcmap-agree	FE_GBA_Function_Library
0x08042914	0x08042990	Sio_BeginSyncPhase		funcmap-agree	FE_GBA_Function_Library
0x08042988	0x08042A04	Sio_StartLinkSession		funcmap-agree	FE_GBA_Function_Library
0x08042A00	0x08042A7C	Sio_StartLinkSessionFast		funcmap-agree	FE_GBA_Function_Library
0x08042A78	0x08042AF4	SioClearOutgoingQueue		funcmap-agree	FE_GBA_Function_Library
0x08042A8C	0x08042B08	SioBigSend_Init		new-hint	FE_GBA_Function_Library
0x08042AEC	0x08042B68	SioBigSend_Loop		new-hint	FE_GBA_Function_Library
0x08042B5C	0x08042BD8	SioBigReceive_Init		new-hint	FE_GBA_Function_Library
0x08042B84	0x08042C00	SioBigReceive_RecvHeader		new-hint	FE_GBA_Function_Library
0x08042BC8	0x08042C44	SioBigReceive_Loop		new-hint	FE_GBA_Function_Library
0x08042C74	0x08042CF0	StartSioBigSend		new-hint	FE_GBA_Function_Library
0x08042CF4	0x08042D70	StartSioBigReceive		new-hint	FE_GBA_Function_Library
0x08042D20	0x08042D9C	IsSioBigTransferActive		new-hint	FE_GBA_Function_Library
0x08042D4C	0x08042DC8	SioStrCpy		funcmap-agree	FE_GBA_Function_Library
0x08042D6C	0x08042DE8	SioDrawNumber		new-hint	FE_GBA_Function_Library
0x08042D90	0x08042E0C	SioInit	SioCon_8042E0C	new-hint	FE_GBA_Function_Library
0x08042DB0	0x08042E2C	SioPollingMsgAndAck	SioCon_8042E2C	new-hint	FE_GBA_Function_Library
0x08042DFC	0x08042E78	SetBmStLinkArenaFlag	SetGameLinkArenaBit	funcmap-agree	FE_GBA_Function_Library
0x08042E0C	0x08042E88	UnsetBmStLinkArenaFlag	ClearGameLinkArenaBit	funcmap-agree	FE_GBA_Function_Library
0x08042E1C	0x08042E98	CheckInLinkArena	CheckGameLinkArenaBit	funcmap-agree	FE_GBA_Function_Library
0x08042E2C	0x08042EA8	LinkArena_ResetUnk04		new-hint	FE_GBA_Function_Library
0x08042E38	0x08042EB4	Sio_LoadingBlendPulse_Init		new-hint	FE_GBA_Function_Library
0x08042E74	0x08042EF0	Sio_LoadingBlendPulse_Loop		new-hint	FE_GBA_Function_Library
0x08042EC8	0x08042F44	Sio_ScrollBgsParallax_Loop		funcmap-agree	FE_GBA_Function_Library
0x08042EDC	0x08042F58	Sio_SyncBarrier_Loop		new-hint	FE_GBA_Function_Library
0x08042F08	0x08042F84	Sio_Msg89Barrier_Init		new-hint	FE_GBA_Function_Library
0x08042F1C	0x08042F98	Sio_Msg89Barrier_Loop		new-hint	FE_GBA_Function_Library
0x08042F64	0x08042FE0	SioHold_Loop		new-hint	FE_GBA_Function_Library
0x08042F80	0x08042FFC	StartSioHold		new-hint	FE_GBA_Function_Library
0x08042FB0	0x0804302C	EndSioHold		new-hint	FE_GBA_Function_Library
0x08042FC0	0x0804303C	MoveSioHold		funcmap-agree	FE_GBA_Function_Library
0x08042FC8	0x08043044	ClearSioBG		new-hint	FE_GBA_Function_Library
0x08043020	0x0804309C	ClearSioBGFull		new-hint	FE_GBA_Function_Library
0x08043084	0x08043100	PutSioText		new-hint	FE_GBA_Function_Library
0x080430E8	0x08043164	InitSioTexts		new-hint	FE_GBA_Function_Library
0x08043138	0x080431B4	GiveUnitDefaultWeapons		new-hint	FE_GBA_Function_Library
0x08043190	0x0804320C	SioPlaySoundEffect	SioPlaySomeIndexedSfx	new-hint	FE_GBA_Function_Library
0x080431C8	0x08043244	SetSioSaveConfigFlag3		new-hint	FE_GBA_Function_Library
0x080431EC	0x08043268	IsKeyInputSequenceComplete		funcmap-agree	FE_GBA_Function_Library
0x08043278	0x080432F4	CheckSioKeyInputSequence2		funcmap-agree	FE_GBA_Function_Library
0x0804328C	0x08043308	StartLinkArenaTeamList		new-hint	FE_GBA_Function_Library
0x080432A0	0x0804331C	SioTeamList_Init		funcmap-agree	FE_GBA_Function_Library
0x080432E0	0x0804335C	CanBuildNewLinkArenaTeam		funcmap-agree	FE_GBA_Function_Library
0x08043318	0x08043394	AnyLinkArenaTeamExists		funcmap-agree	FE_GBA_Function_Library
0x08043344	0x080433C0	LoadLinkArenaTeamList		new-hint	FE_GBA_Function_Library
0x08043438	0x080434B4	DrawLinkArenaTeamName		new-hint	FE_GBA_Function_Library
0x080434B0	0x0804352C	DrawAllLinkArenaTeamNames		funcmap-agree	FE_GBA_Function_Library
0x080434CC	0x08043548	UpdateLinkArenaTeamNamePalettes		new-hint	FE_GBA_Function_Library
0x08043574	0x080435F0	SioTeamList_EraseTeam		new-hint	FE_GBA_Function_Library
0x08043644	0x080436C0	SioTeamList_SwapTeams		new-hint	FE_GBA_Function_Library
0x08043744	0x080437C0	DrawLinkArenaTeamListMenu		new-hint	FE_GBA_Function_Library
0x08043840	0x080438C0	GetLATeamListHelpTextId		new-hint	FE_GBA_Function_Library
0x08043884	0x08043904	SioTeamList_SetupGfx		new-hint	FE_GBA_Function_Library
0x08043A88	0x08043B08	SioTeamList_Main_HandleDPadInput		new-hint	FE_GBA_Function_Library
0x08043AEC	0x08043B6C	SioTeamList_Loop_MainKeyHandler		new-hint	FE_GBA_Function_Library
0x08043C74	0x08043CF4	SioTeamList_StartUnitList		new-hint	FE_GBA_Function_Library
0x08043CBC	0x08012B24	CheckShinningStonefxExists		new-hint	FE_GBA_Function_Library
0x08043CDC	0x08043D5C	AreAllLinkArenaTeamsSelected		funcmap-agree	FE_GBA_Function_Library
0x08043D0C	0x08043D8C	SioTeamList_0		new-hint	FE_GBA_Function_Library
0x08044200	0x08044280	SioTeamList_SetTeamSpriteXOffsets		funcmap-agree	FE_GBA_Function_Library
0x0804421C	0x08044324	SioTeamList_2		new-hint	FE_GBA_Function_Library
0x080442A8	0x0804429C	SioTeamList_1		new-hint	FE_GBA_Function_Library
0x08044340	0x080443B0	SioTeamList_StartEraseTeamSubMenu		new-hint	FE_GBA_Function_Library
0x080443C4	0x08044430	SioTeamList_EraseTeam_KeyHandler		new-hint	FE_GBA_Function_Library
0x080444C4	0x08044530	SioTeamList_LoadTeam_Dummy		new-hint	FE_GBA_Function_Library
0x080444E4	0x08044550	GetTacticianTextConf		funcmap-agree	FE_GBA_Function_Library
0x080444F4	0x08044560	Tactician_MapNameToConfIndices		funcmap-agree	FE_GBA_Function_Library
0x080445A8	0x08044614	Tactician_DrawCharGrid		new-hint	FE_GBA_Function_Library
0x08044694	0x08044700	TacticianDrawCharacters	NameSelect_DrawNameText	new-hint	FE_GBA_Function_Library
0x080446E4	0x08044750	StrLen		new-hint	FE_GBA_Function_Library
0x080446FC	0x08044768	Tactician_InitScreen	NameSelect_8044768	new-hint	FE_GBA_Function_Library
0x0804490C	0x08044968	SioUpdateTeam		new-hint	FE_GBA_Function_Library
0x080449D4	0x08044A40	TacticianTryAppendChar		new-hint	FE_GBA_Function_Library
0x08044A6C	0x08044AD4	TacticianTryDeleteChar		new-hint	FE_GBA_Function_Library
0x08044AC8	0x08044B2C	SaveTactician		new-hint	FE_GBA_Function_Library
0x08044B14	0x08044B78	Tactician_TryChangeLastCharVariant		new-hint	FE_GBA_Function_Library
0x08044BF0	0x08044C54	Tactician_LoopCore	NameSelect_8044C54	new-hint	FE_GBA_Function_Library
0x08044E74	0x08044ED8	Tactician_Loop	NameSelect_8044ED8	new-hint	FE_GBA_Function_Library
0x08044F24	0x08044F84	Tactician_PageFadeHBlankHandler	OnNameSelectHBlank	funcmap-agree	FE_GBA_Function_Library
0x08044F84	0x08044FE4	Tactician_PageFade_Init	NameSelect_8044FE4	new-hint	FE_GBA_Function_Library
0x08044F9C	0x08044FFC	Tactician_PageFadeOut_Loop	NameSelect_8044FFC	new-hint	FE_GBA_Function_Library
0x08044FDC	0x0804503C	Tactician_SwapPage	NameSelect_804503C	new-hint	FE_GBA_Function_Library
0x08045008	0x08045068	Tactician_PageFadeIn_Loop	NameSelect_8045068	new-hint	FE_GBA_Function_Library
0x080450A8	0x08045108	NameSelect_ConfirmLoop	NameSelect_8045108	new-hint	FE_GBA_Function_Library
0x08045190	0x080451F0	Tactician_OnEnd	NameSelect_80451F0	new-hint	FE_GBA_Function_Library
0x080451A8	0x08045208	SioPostBattleSprites_Init		new-hint	FE_GBA_Function_Library
0x080451D4	0x08045234	SioPostBattleSprites_Loop_DrawSlideIn		new-hint	FE_GBA_Function_Library
0x0804532C	0x0804538C	SioPostBattleSprites_Loop_DrawStatic		new-hint	FE_GBA_Function_Library
0x08045434	0x08045494	StartDrawLinkArenaRankSprites		new-hint	FE_GBA_Function_Library
0x08045484	0x080454E4	SioPostBattle_DrawRankingRowBar		new-hint	FE_GBA_Function_Library
0x0804550C	0x0804556C	SioPostBattle_DrawRankingText		new-hint	FE_GBA_Function_Library
0x080455B0	0x08045610	SioPostBattle_StartMusicProc		new-hint	FE_GBA_Function_Library
0x080455E0	0x08045640	SioPostBattle_Init		new-hint	FE_GBA_Function_Library
0x08045798	0x080457F8	SioPostBattle_Loop_Main		new-hint	FE_GBA_Function_Library
0x0804583C	0x0804589C	SioPostBattle_AwaitAPress		new-hint	FE_GBA_Function_Library
0x08045888	0x080458E8	SioPostBattleMusic_PlayFanfare		new-hint	FE_GBA_Function_Library
0x080458C0	0x08045920	SioPostBattleMusic_PlayStandardBgm		new-hint	FE_GBA_Function_Library
0x080458D0	0x08045930	InsertMultiArenaRanking		new-hint	FE_GBA_Function_Library
0x08045A04	0x08045A64	SioBat_RegisterHighScore		new-hint	FE_GBA_Function_Library
0x08045A94	0x08045AF4	SioBat_LoadAllTeamUnits		new-hint	FE_GBA_Function_Library
0x08045BB4	-			new-hint	FE_GBA_Function_Library
0x08045BC8	0x08045C28	SioMain2_WaitEndAndRoute		new-hint	FE_GBA_Function_Library
0x08045C08	0x08045C68	SioBat_StartTalkText		new-hint	FE_GBA_Function_Library
0x08045C5C	0x08045CBC	EndSioProcs		new-hint	FE_GBA_Function_Library
0x08045C80	0x08045CE0	SioBat_ReleaseIrq		new-hint	FE_GBA_Function_Library
0x08045C8C	0x08045CEC	LinkArena_UpdatePlayerStatusText		new-hint	FE_GBA_Function_Library
0x08045D60	0x08045DC0	SioBat_InitSetupScreen		new-hint	FE_GBA_Function_Library
0x08045EA4	0x08045F00	StartSioProcs		new-hint	FE_GBA_Function_Library
0x08045EEC	0x08045F48	SioBat_SetupLoop		new-hint	FE_GBA_Function_Library
0x08046114	0x0804619C	SioBat_WaitSetupAck		new-hint	FE_GBA_Function_Library
0x080461B0	0x08046234	SioBat_DecideFirstMover		new-hint	FE_GBA_Function_Library
0x08046250	0x080462D4	SioBat_ReceiveFirstMover		new-hint	FE_GBA_Function_Library
0x08046324	0x080463A8	SioBat_FirstMoverRoulette		new-hint	FE_GBA_Function_Library
0x080463D8	0x0804645C	SioBat_PlayFirstMoverSound		new-hint	FE_GBA_Function_Library
0x080463F4	0x08046478	SioBat_PrepareTeamUnit		new-hint	FE_GBA_Function_Library
0x0804642C	0x080464B0	SioBat_InitTeamTransfer		new-hint	FE_GBA_Function_Library
0x080464FC	0x08046580	SioBat_TeamTransferLoop		new-hint	FE_GBA_Function_Library
0x08046680	0x08046704	SioBat_WaitTeamTransferDone		new-hint	FE_GBA_Function_Library
0x08046798	0x08046838	DrawLinkArenaRuleScreen		new-hint	FE_GBA_Function_Library
0x0804690C	0x080469AC	EnableSioLinkTimeoutCheck		new-hint	FE_GBA_Function_Library
0x08046918	0x080469AC	EnableSioLinkTimeoutCheck		new-hint	FE_GBA_Function_Library
0x08046924	0x080469C4	LinkArenaTeamBuild_Init		new-hint	FE_GBA_Function_Library
0x08046BC4	0x08046C64	MoveMenuCursorSkippingInvalid		new-hint	FE_GBA_Function_Library
0x08046C50	0x08046CF0	LinkArenaTeamBuild_Loop		new-hint	FE_GBA_Function_Library
0x08046CCC	0x08046D6C	LinkArenaTeamBuild_LoadSelectedSave		new-hint	FE_GBA_Function_Library
0x08046D14	0x08046DB4	LinkArenaTeamBuild_GotoExitIfNoCursor		new-hint	FE_GBA_Function_Library
0x08046D30	0x08046DD0	LinkArenaTeamBuild_GotoIfNoSelection		new-hint	FE_GBA_Function_Library
0x08046D4C	0x08046DEC	LinkArenaTeamBuild_WaitAtMenu		new-hint	FE_GBA_Function_Library
0x08046D6C	0x08046E0C	LinkArenaTeamBuild_OnTacticianDone		new-hint	FE_GBA_Function_Library
0x08046DAC	0x08046E4C	LinkArenaTeamBuild_ResetBg1Position		new-hint	FE_GBA_Function_Library
0x08046DBC	0x08046E5C	DrawLinkArenaRankIcon		funcmap-agree	FE_GBA_Function_Library
0x08046DF4	0x08046E94	DrawLinkArenaModeIcon		funcmap-agree	FE_GBA_Function_Library
0x08046EAC	0x08046F68	DrawLinkArenaRankings		new-hint	FE_GBA_Function_Library
0x08046F4C	0x08047008	SioResult_Init		new-hint	FE_GBA_Function_Library
0x08047140	0x0804720C	SioResult_Loop_Main		new-hint	FE_GBA_Function_Library
0x0804723C	0x08047308	SioResult_GetNewHSScrollTarget		funcmap-agree	FE_GBA_Function_Library
0x08047258	0x08047324	SioResult_NewHS_Init		new-hint	FE_GBA_Function_Library
0x08047494	0x08047570	SioResult_NewHS_LoopScroll		new-hint	FE_GBA_Function_Library
0x08047550	0x0804762C	SioResult_NewHS_AwaitAPress		new-hint	FE_GBA_Function_Library
0x08047578	0x08047654	StartSioResultNewHighScore		new-hint	FE_GBA_Function_Library
0x08047590	0x0804766C	LoadLinkArenaRuleSettings		funcmap-agree	FE_GBA_Function_Library
0x080475B0	0x0804768C	SaveLinkArenaRuleSettings		funcmap-agree	FE_GBA_Function_Library
0x080475F0	0x080476CC	SioRuleSettings_DrawRuleOptions		new-hint	FE_GBA_Function_Library
0x080476A4	0x08047780	SioRuleSettings_Init		new-hint	FE_GBA_Function_Library
0x08047848	0x08047928	SioRuleSettings_Loop_Main		new-hint	FE_GBA_Function_Library
0x08047970	0x08047A54	SioMenu_GetItemHelpText		new-hint	FE_GBA_Function_Library
0x080479D0	0x08047AB8	CheckSomethingSaveRelated	CheckSomethingSaveRelated	new-hint	FE_GBA_Function_Library
0x08047A0C	0x08047AF4	SioMenu_Init	SioMenu_8047AF4	funcmap-agree	FE_GBA_Function_Library
0x08047A4C	0x08047B34	SioMenu_LoadGraphics	SioMenu_8047B34	new-hint	FE_GBA_Function_Library
0x08047B78	0x08047C60	SioMenu_0	SioMenu_8047C60	new-hint	FE_GBA_Function_Library
0x08047C08	0x08047CF0	SioMenu_AnimateItemsSpreadFromSelection	SioMenu_8047CF0	new-hint	FE_GBA_Function_Library
0x08047CA0	0x08047D88	SioMenu_RestartGraphicsMaybe	SioMenu_8047D88	new-hint	FE_GBA_Function_Library
0x08047E10	0x08047EF8	SioMenu_HandleDPadInput		new-hint	FE_GBA_Function_Library
0x08047F10	0x08047FF8	SioMenu_Loop_HandleKeyInput	SioMenu_8047FF8	new-hint	FE_GBA_Function_Library
0x08047FCC	0x080480B4	SioMenu_1	SioMenu_80480B4	new-hint	FE_GBA_Function_Library
0x08048080	0x08048168	SioMenu_End	SioMenu_8048168	new-hint	FE_GBA_Function_Library
0x080480F8	0x080481E0	StartLinkArenaMainMenu		new-hint	FE_GBA_Function_Library
0x08048178	0x08048260	StartTacticianNameEntry	StartNameSelect	new-hint	FE_GBA_Function_Library
0x08048198	0x08048280	StartTacticianNameSelect		new-hint	FE_GBA_Function_Library
0x080481F8	0x080482E0	XMapTransfer_0		new-hint	FE_GBA_Function_Library
0x08048310	0x080483F8	XMapTransfer_1		new-hint	FE_GBA_Function_Library
0x08048330	0x08048418	XMapTransfer_2		new-hint	FE_GBA_Function_Library
0x08048378	0x08048460	XMapTransfer_3		new-hint	FE_GBA_Function_Library
0x0804843C	0x08048594	DrawXMapReceiveProgress		new-hint	FE_GBA_Function_Library
0x080484AC	0x08048524	DrawXMapSendProgress		new-hint	FE_GBA_Function_Library
0x0804851C	0x08048604	StartXMapTransfer		new-hint	FE_GBA_Function_Library
0x08048594	0x0804867C	XMapTransfer_AwaitCompletion		new-hint	FE_GBA_Function_Library
0x080485EC	0x080486D4	Sio_InitAckMask		new-hint	FE_GBA_Function_Library
0x08048600	0x080486E8	Sio_SyncWaitAllAck		new-hint	FE_GBA_Function_Library
0x080486B0	0x0804879C	Sio_EnableAllWOutLayers		funcmap-agree	FE_GBA_Function_Library
0x080486D4	0x080487C0	EndSioMenuForXMapTransfer		new-hint	FE_GBA_Function_Library
0x08048730	0x0804881C	EndSioSessionAndLoadSuspend		new-hint	FE_GBA_Function_Library
0x0804874C	0x08048838	EraseSaveData		new-hint	FE_GBA_Function_Library
0x08048764	0x08048850	CallEraseSaveEvent		new-hint	FE_GBA_Function_Library
0x08048778	0x08048864	SioPointsSprite_Loop		new-hint	FE_GBA_Function_Library
0x08048798	-			new-hint	FE_GBA_Function_Library
0x080487D8	-			new-hint	FE_GBA_Function_Library
0x080489C8	-			new-hint	FE_GBA_Function_Library
0x08048AC4	-			new-hint	FE_GBA_Function_Library
0x08048B10	-			new-hint	FE_GBA_Function_Library
0x08048BAC	-			new-hint	FE_GBA_Function_Library
0x08048BDC	0x08033608	PrepScreenProc_ApplyBrownBoxPalette		new-hint	FE_GBA_Function_Library
0x08048BF0	-			new-hint	FE_GBA_Function_Library
0x08048C08	-			new-hint	FE_GBA_Function_Library
0x08048C7C	-			new-hint	FE_GBA_Function_Library
0x08048CD8	-			new-hint	FE_GBA_Function_Library
0x08048DC0	-			new-hint	FE_GBA_Function_Library
0x08048F24	-			new-hint	FE_GBA_Function_Library
0x08048FC0	-			new-hint	FE_GBA_Function_Library
0x080490C8	-			new-hint	FE_GBA_Function_Library
0x080491B8	-			new-hint	FE_GBA_Function_Library
0x08049274	-			new-hint	FE_GBA_Function_Library
0x08049364	-			new-hint	FE_GBA_Function_Library
0x0804944C	0x080381F4	RecordDisplayAfterTowerCleared		new-hint	FE_GBA_Function_Library
0x08049460	-			new-hint	FE_GBA_Function_Library
0x080494B0	-			new-hint	FE_GBA_Function_Library
0x080494C8	-			new-hint	FE_GBA_Function_Library
0x080494FC	-			new-hint	FE_GBA_Function_Library
0x08049638	0x08052DB8	EfxStatusCHGMain		new-hint	FE_GBA_Function_Library
0x08049658	0x08039ABC	CpOrderFunc_End	CpOrder_End	new-hint	FE_GBA_Function_Library
0x08049664	-			new-hint	FE_GBA_Function_Library
0x08049694	0x08048884	Sio_SortPlayersByScore		funcmap-agree	FE_GBA_Function_Library
0x08049744	0x08048934	DrawLinkArenaPointsBox		new-hint	FE_GBA_Function_Library
0x08049798	0x08048988	LAPointsBox_LoadBoxes		new-hint	FE_GBA_Function_Library
0x0804987C	0x08048A6C	StartLinkArenaPointsBox		new-hint	FE_GBA_Function_Library
0x080498A4	0x08048A94	EndLinkArenaPointsBox		new-hint	FE_GBA_Function_Library
0x080498B8	0x08048AA8	PointsNumberMover_Init		new-hint	FE_GBA_Function_Library
0x08049988	0x08048B78	PointsNumberMover_LoopNumberEmerge		new-hint	FE_GBA_Function_Library
0x08049AC8	0x08048CB8	PointsNumberMover_LoopMoveToPointsBox		new-hint	FE_GBA_Function_Library
0x08049B2C	0x08048D1C	DrawLinkArenaScoreNumber		new-hint	FE_GBA_Function_Library
0x08049B74	0x08048D64	PointsNumberMover_InitScoreChange		new-hint	FE_GBA_Function_Library
0x08049BE0	0x08048DD0	PointsNumberMover_TickScore		new-hint	FE_GBA_Function_Library
0x08049C7C	0x08048E6C	PointsNumberMover_AwaitEnd		new-hint	FE_GBA_Function_Library
0x08049C94	0x08048E84	PointsSpriteText_Init		new-hint	FE_GBA_Function_Library
0x08049CC0	0x08048EB8	PointsSpriteText_LoopIn		new-hint	FE_GBA_Function_Library
0x08049DDC	0x08048FD4	PointsSpriteText_LoopOut		new-hint	FE_GBA_Function_Library
0x08049EF4	0x080490EC	StartLinkArenaPointsNumberMovers		new-hint	FE_GBA_Function_Library
0x0804A040	0x08049238	StartLinkArenaShowPointsAnimated		new-hint	FE_GBA_Function_Library
0x0804A070	-			new-hint	FE_GBA_Function_Library
0x0804A094	0x08049298	LinkArenaBattleMap_BackupUnitItems		funcmap-agree	FE_GBA_Function_Library
0x0804A0B4	0x080492B8	LinkArenaBattleMap_RestoreUnitItems		funcmap-agree	FE_GBA_Function_Library
0x0804A0D4	0x080492D8	LinkArenaBattleMap_RefreshMapAndSprites		new-hint	FE_GBA_Function_Library
0x0804A0E4	0x080492E8	LinkArenaBattleMap_AdvancePhase		funcmap-agree	FE_GBA_Function_Library
0x0804A138	0x0804933C	LinkArenaBattleMap_ClearCmdBuffer		funcmap-agree	FE_GBA_Function_Library
0x0804A14C	0x08049350	LinkArenaBattleMap_SendCommand		new-hint	FE_GBA_Function_Library
0x0804A1A4	0x080493A8	LinkArenaBattleMap_FindUnitSlot		funcmap-agree	FE_GBA_Function_Library
0x0804A1CC	0x080493D0	LinkArenaBattleMap_StartUnitMoveOut		new-hint	FE_GBA_Function_Library
0x0804A2D0	0x080494D4	LinkArenaBattleMap_ClearUnitSlots		funcmap-agree	FE_GBA_Function_Library
0x0804A2EC	0x080494F0	LinkArenaBattleMap_InitUnitSlots		new-hint	FE_GBA_Function_Library
0x0804A390	0x08049594	LinkArenaBattleMap_RebuildUnitMap		new-hint	FE_GBA_Function_Library
0x0804A3F0	0x080495F4	LinkArenaBattleMap_RefreshUnitSlots		new-hint	FE_GBA_Function_Library
0x0804A4A0	0x080496A4	LinkArenaBattleMap_InitChapter		new-hint	FE_GBA_Function_Library
0x0804A508	0x0804970C	LinkArenaBattleMap_InitMap		new-hint	FE_GBA_Function_Library
0x0804A540	0x08049744	LinkArenaBattleMap_CountTeamUnits		funcmap-agree	FE_GBA_Function_Library
0x0804A584	0x08049788	LoadLinkArenaFogPlaceholder		new-hint	FE_GBA_Function_Library
0x0804A59C	0x080497A0	LinkArenaBattleMap_InitDisplay		new-hint	FE_GBA_Function_Library
0x0804A5C8	0x080497CC	LinkArenaBattleMap_InitConfig		funcmap-agree	FE_GBA_Function_Library
0x0804A624	0x08049828	LinkArenaBattleMap_Init		new-hint	FE_GBA_Function_Library
0x0804A6F0	0x080498F4	LinkArenaBattleMap_StartSelectedUnitMu		new-hint	FE_GBA_Function_Library
0x0804A73C	0x0801BA58	Loop6C_WaitForSelectPress	Loop6C_WaitForSelectPress	new-hint	FE_GBA_Function_Library
0x0804A760	0x08049964	LABattleMap_StartFactionTurn		new-hint	FE_GBA_Function_Library
0x0804A7CC	0x080499D0	LABattleMap_BeginTurn		new-hint	FE_GBA_Function_Library
0x0804A85C	0x08049A60	LinkArena_GetPlayerRanking		new-hint	FE_GBA_Function_Library
0x0804A900	0x08049B04	LABattleMap_End		new-hint	FE_GBA_Function_Library
0x0804A920	0x08049B24	LABattleMap_MoveSelectCursor		new-hint	FE_GBA_Function_Library
0x0804AA0C	0x08049C18	LABattleMap_UpdateCursorMu		new-hint	FE_GBA_Function_Library
0x0804AA88	0x08049C94	UnitHasUsableWeapon		new-hint	FE_GBA_Function_Library
0x0804AAC8	0x08049CD4	LABattleMap_CheckNoDamageStall_Loop		new-hint	FE_GBA_Function_Library
0x0804AB00	0x08049D0C	LABattleMap_WaitSioSendDrain_Loop		new-hint	FE_GBA_Function_Library
0x0804AB18	0x08049D24	LABattleMap_SelectAttacker_Loop		new-hint	FE_GBA_Function_Library
0x0804AD2C	0x08049F38	LABattleMap_StartPointsBox		new-hint	FE_GBA_Function_Library
0x0804AD38	0x08049F44	LABattleMap_SelectTarget_Loop		new-hint	FE_GBA_Function_Library
0x0804AEFC	0x0804A108	LABattleMap_ForecastMenu_Init		new-hint	FE_GBA_Function_Library
0x0804AF4C	0x0804A158	LABattleMap_ForecastMenu_Loop		new-hint	FE_GBA_Function_Library
0x0804AF8C	0x0804A1D0	LABattleMap_DetermineAttackRange		new-hint	FE_GBA_Function_Library
0x0804B054	0x0804A298	LABattleMap_GenerateForecast		new-hint	FE_GBA_Function_Library
0x0804B164	0x0804A3A8	LABattleMap_ForecastConfirm_Loop		new-hint	FE_GBA_Function_Library
0x0804B1CC	0x0804A430	LABattleMap_StartForecast		new-hint	FE_GBA_Function_Library
0x0804B1E8	0x0804A44C	LABattleMap_ConfirmTarget		new-hint	FE_GBA_Function_Library
0x0804B2B8	0x0804A51C	LABattleMap_StartCombatantWarpFx		new-hint	FE_GBA_Function_Library
0x0804B340	0x0804A5A4	LABattleMap_PrepareCombatantSprites		new-hint	FE_GBA_Function_Library
0x0804B3B0	0x0804A614	LABattleMap_StartCombat		new-hint	FE_GBA_Function_Library
0x0804B440	0x0804A6A4	LABattleMap_ApplyCombatResults		new-hint	FE_GBA_Function_Library
0x0804B55C	0x0804A7C0	LABattleMap_WarpCombatantsToRoster		new-hint	FE_GBA_Function_Library
0x0804B6B4	0x0804A914	LABattleMap_EliminateTeamsWithoutAttackers		new-hint	FE_GBA_Function_Library
0x0804B744	0x0804A9A4	LABattleMap_RecordEliminationAndAdvance		new-hint	FE_GBA_Function_Library
0x0804B828	0x0804AA88	LABattleMap_RefreshAfterCombat		new-hint	FE_GBA_Function_Library
0x0804B844	0x0804AAA4	LABattleMap_PollSurrenderInput		new-hint	FE_GBA_Function_Library
0x0804B87C	0x0804AADC	LABattleMap_IsAttackOrSurrenderMsg		funcmap-agree	FE_GBA_Function_Library
0x0804B89C	0x0804AAFC	LABattleMap_ReceiveAttackDeclaration		new-hint	FE_GBA_Function_Library
0x0804B954	0x0804ABB4	LABattleMap_IsSelectOrCancelMsg		funcmap-agree	FE_GBA_Function_Library
0x0804B96C	0x0804ABCC	LABattleMap_ReceiveTargetSelection		new-hint	FE_GBA_Function_Library
0x0804BA08	0x0804AC68	LABattleMap_StartMuAndSavePosition		new-hint	FE_GBA_Function_Library
0x0804BA4C	0x0804ACAC	LABattleMap_IsForecastMsg		funcmap-agree	FE_GBA_Function_Library
0x0804BA64	0x0804ACC4	LABattleMap_ReceiveForecastResponse		new-hint	FE_GBA_Function_Library
0x0804BB40	0x0804ADA0	GetUnitBestWeaponPower		new-hint	FE_GBA_Function_Library
0x0804BBA8	0x0804AE08	LABattleMap_GetTeamCombatScore		new-hint	FE_GBA_Function_Library
0x0804BC1C	0x0804AE7C	LABattleMap_PollSurrenderHeld		new-hint	FE_GBA_Function_Library
0x0804BC64	0x0804AEC4	LABattleMap_AiPickWeakestTeam		new-hint	FE_GBA_Function_Library
0x0804BCCC	0x0804AF2C	ITEMRANGEDONE_Stub_0	ITEMRANGEDONE_sub_804AF2C	new-hint	FE_GBA_Function_Library
0x0804BCFC	0x0804AF5C	LABattleMap_AiPickBestAttack		new-hint	FE_GBA_Function_Library
0x0804BF30	0x0804B190	LABattleMap_Ai_StartTargetCursor		new-hint	FE_GBA_Function_Library
0x0804BF60	0x0804B1C0	LABattleMap_Ai_PrepareCombatants		new-hint	FE_GBA_Function_Library
0x0804BFF0	0x0804B250	LABattleMap_Ai_WaitCombatantMu		new-hint	FE_GBA_Function_Library
0x0804C018	0x0804B278	LinkArenaFogSprite_Loop		new-hint	FE_GBA_Function_Library
0x0804C12C	0x0804B38C	StartLinkArenaFogPlaceholders		new-hint	FE_GBA_Function_Library
0x0804C140	0x0804B3A0	EndLinkArenaFogPlaceholders		new-hint	FE_GBA_Function_Library
0x0804C150	0x0804B3B0	LABattleMap_StartStatScreen		new-hint	FE_GBA_Function_Library
0x0804C170	0x0804B3D0	LABattleMap_HandleSurrenderPrompt		new-hint	FE_GBA_Function_Library
0x0804C1A8	0x0804B408	LABattleMap_HandleNoDamagePrompt		new-hint	FE_GBA_Function_Library
0x0804C1DC	0x0804B43C	LABattleMap_Ai_HandleSurrender		new-hint	FE_GBA_Function_Library
0x0804C220	0x0804B480	LABattleMap_RecordSurrenderRanking		new-hint	FE_GBA_Function_Library
0x0804C2B8	0x0804B518	LABattleMap_SetQuitEndState		new-hint	FE_GBA_Function_Library
0x0804C2F4	0x0804B554	LABattleMap_Remote_RecordSurrenderRanking		new-hint	FE_GBA_Function_Library
0x0804C380	0x0804B5E0	LABattleMap_Remote_SetQuitEndState		new-hint	FE_GBA_Function_Library
0x0804C3A4	0x0804B604	LAUnitDeaths_Init		funcmap-agree	FE_GBA_Function_Library
0x0804C3C4	0x0804B624	LAUnitDeaths_FindNextAndStart		new-hint	FE_GBA_Function_Library
0x0804C44C	0x0804B6AC	LAUnitDeaths_EndMu		new-hint	FE_GBA_Function_Library
0x0804C458	0x0804B6B8	LAUnitDeaths_OnEnd		new-hint	FE_GBA_Function_Library
0x0804C46C	0x0804B6CC	LinkArena_StoreTalkChoice		new-hint	FE_GBA_Function_Library
0x0804C494	0x0804B6F4	LABattleMap_StartSurrenderPrompt		new-hint	FE_GBA_Function_Library
0x0804C4A8	0x0804B708	LABattleMap_StartNoDamagePrompt		new-hint	FE_GBA_Function_Library
0x0804C4BC	0x0804B71C	LABattleMap_StartBonusPointsHelp		new-hint	FE_GBA_Function_Library
0x0804C50C	0x0804B76C	LABattleMap_AwardBonusPoints		new-hint	FE_GBA_Function_Library
0x0804C584	0x0804B7E4	LABattleMap_SkipIfSingleConsoleMode		new-hint	FE_GBA_Function_Library
0x0804C5A0	0x0804B800	LABattle_BeginAnims	BeginLinkArenaBattle	new-hint	FE_GBA_Function_Library
0x0804C5F0	0x0804B850	LABattle_StartDeathFades		new-hint	FE_GBA_Function_Library
0x0804C670	0x0804B8D0	LABattle_MarkDeadCombatants		new-hint	FE_GBA_Function_Library
0x0804C6C0	0x0804B920	Set_UnkData_0		new-hint	FE_GBA_Function_Library
0x0804C6CC	0x0804B92C	Clear_UnkData_0		new-hint	FE_GBA_Function_Library
0x0804C6D8	0x0804B938	Sio_DisableWindowAndBlend		new-hint	FE_GBA_Function_Library
0x0804C704	0x0804B964	Sio_BoxTransitionHBlankHandler		funcmap-agree	FE_GBA_Function_Library
0x0804C744	0x0804B9A4	Sio_SwapBoxTransitionBuffers		funcmap-agree	FE_GBA_Function_Library
0x0804C75C	0x0804B9BC	Sio_EndBoxTransitionHBlank		new-hint	FE_GBA_Function_Library
0x0804C784	0x0804B9E4	Sio_RasterRotatedBoxToWinBuf		new-hint	FE_GBA_Function_Library
0x0804C8F4	0x0804BB54	Sio_BoxTransition_Init		new-hint	FE_GBA_Function_Library
0x0804C940	0x0804BBA0	Sio_BoxTransitionOpen_Loop		new-hint	FE_GBA_Function_Library
0x0804C9DC	0x0804BC3C	Sio_BoxTransitionOpen_End		funcmap-agree	FE_GBA_Function_Library
0x0804CA24	0x0804BC84	Sio_StartBoxTransitionOpen		new-hint	FE_GBA_Function_Library
0x0804CACC	0x0804BD2C	Sio_StartBoxTransitionOpenDefault		funcmap-agree	FE_GBA_Function_Library
0x0804CADC	0x0804BD3C	Sio_BoxTransitionClose_Loop		new-hint	FE_GBA_Function_Library
0x0804CB78	0x0804BDD8	Sio_BoxTransitionClose_End		funcmap-agree	FE_GBA_Function_Library
0x0804CB9C	0x0804BDFC	Sio_StartBoxTransitionClose		new-hint	FE_GBA_Function_Library
0x0804CC28	0x0804BE88	Sio_StartBoxTransitionCloseDefault		funcmap-agree	FE_GBA_Function_Library
0x0804CC58	0x0804BE98	Sio_WaitBoxTransitionOpen		new-hint	FE_GBA_Function_Library
0x0804CC78	0x0804BED8	StartSioMuFadeFromColor		new-hint	FE_GBA_Function_Library
0x0804CCD0	0x0804BF30	SioMuFade_RestorePal		funcmap-agree	FE_GBA_Function_Library
0x0804CCEC	0x0804BF4C	StartLinkArenaMUDeathFade		new-hint	FE_GBA_Function_Library
0x0804CD4C	0x0804BFAC	StartSioMuFadeToColor		new-hint	FE_GBA_Function_Library
0x0804CD98	0x0804BFF8	StartSioMuFadeRestore		new-hint	FE_GBA_Function_Library
0x0804CDCC	0x0804C02C	SioWarp_Init		new-hint	FE_GBA_Function_Library
0x0804CE18	0x0804C078	SioWarp_Loop		new-hint	FE_GBA_Function_Library
0x0804CECC	0x0804C12C	SioWarp_End		new-hint	FE_GBA_Function_Library
0x0804CEE8	0x0804C148	SioWarpFx_StartSioWarp		new-hint	FE_GBA_Function_Library
0x0804CF18	0x0804C178	SioWarpFx_0		funcmap-agree	FE_GBA_Function_Library
0x0804CF28	0x0804C188	SioWarpFx_HideMoveUnit		new-hint	FE_GBA_Function_Library
0x0804CF34	0x0804C194	SioWarpFx_SetMUPosition		new-hint	FE_GBA_Function_Library
0x0804CF58	0x0804C1B8	SioWarpFx_ShowMoveUnit		new-hint	FE_GBA_Function_Library
0x0804CF78	0x0804C1D8	SioWarpFx_1		funcmap-agree	FE_GBA_Function_Library
0x0804CF84	0x0804C1E4	SioWarpFx_AwaitSioWarp		new-hint	FE_GBA_Function_Library
0x0804CFA8	0x0804C208	StartSioWarpFx		new-hint	FE_GBA_Function_Library
0x0804D000	0x0804C260	StartSioWarpFxPartial		new-hint	FE_GBA_Function_Library
0x0804D058	0x0804C2B8	PutLinkArenaButtonSpriteAt		new-hint	FE_GBA_Function_Library
0x0804D07C	0x0804C2DC	LAButtonSprites_Loop		funcmap-agree	FE_GBA_Function_Library
0x0804D08C	0x0804C2EC	StartLinkArenaButtonSpriteDraw		new-hint	FE_GBA_Function_Library
0x0804D0BC	0x0804C31C	EndLinkArenaButtonSpriteDraw	SetMoveUnitMoveManual_Unique	new-hint	FE_GBA_Function_Library
0x0804D0DC	0x0804C33C	InitSioBG		new-hint	FE_GBA_Function_Library
0x0804D140	0x0804C3A0	Nop_SioUiutils_1	nullsub_16	new-hint	FE_GBA_Function_Library
0x0804D144	0x0804C3A4	Nop_SioUiutils_2	nullsub_14	new-hint	FE_GBA_Function_Library
0x0804D148	0x0804C3A8	Nop_SioUiutils_0	nullsub_13	new-hint	FE_GBA_Function_Library
0x0804D14C	0x0804C3AC	CopyLinkArenaTileRows		new-hint	FE_GBA_Function_Library
0x0804D18C	0x0804C3EC	LATitleBanner_Init		new-hint	FE_GBA_Function_Library
0x0804D21C	0x0804C47C	LATitleBanner_Loop		new-hint	FE_GBA_Function_Library
0x0804D23C	0x0804C49C	StartLinkArenaTitleBanner		new-hint	FE_GBA_Function_Library
0x0804D298	0x0804C4F8	EndLinkArenaTitleBanner		new-hint	FE_GBA_Function_Library
0x0804D2A8	0x0804C508	SetLinkArenaUiBlendAndWindowOff		new-hint	FE_GBA_Function_Library
0x0804D2F8	0x0804C558	SetLinkArenaUiBlend		new-hint	FE_GBA_Function_Library
0x0804D330	0x0804C590	ResetLinkArenaUiBlend		new-hint	FE_GBA_Function_Library
0x0804D344	0x0804C5A4	UpdateSioMenuSelectedGlow		new-hint	FE_GBA_Function_Library
0x0804D398	0x0804C5F8	SioMenuItem_Loop		new-hint	FE_GBA_Function_Library
0x0804D4F8	0x0804C758	StartSioMenuItem		new-hint	FE_GBA_Function_Library
0x0804D568	0x0804C7C8	SioMenuItem_SetArrowConfig		funcmap-agree	FE_GBA_Function_Library
0x0804D57C	0x0804C7DC	SioMenuItem_SetPosition		new-hint	FE_GBA_Function_Library
0x0804D584	0x0804C7E4	UpdateLinkArenaSideMenuGlow		new-hint	FE_GBA_Function_Library
0x0804D5DC	0x0804C83C	UpdateLinkArenaNameBannerGlow		new-hint	FE_GBA_Function_Library
0x0804D634	0x0804C894	SioTeamMenuSpriteDraw_Loop		new-hint	FE_GBA_Function_Library
0x0804D88C	0x0804CAEC	StartSioTeamMenuSpriteDraw		new-hint	FE_GBA_Function_Library
0x0804D934	0x0804CB94	LATeamSpriteDraw_Loop		new-hint	FE_GBA_Function_Library
0x0804D9B4	0x0804CC14	PutLinkArenaTeamSprites		new-hint	FE_GBA_Function_Library
0x0804D9FC	0x0804CC5C	ScrollMultiArenaTeamSprites		new-hint	FE_GBA_Function_Library
0x0804DA18	0x0804CC78	UpdateNameEntrySpriteGlow		new-hint	FE_GBA_Function_Library
0x0804DA6C	0x0804CCCC	NameEntrySpriteDraw_Loop		new-hint	FE_GBA_Function_Library
0x0804DB28	0x0804CD90	StartNameEntrySpriteDraw		new-hint	FE_GBA_Function_Library
0x0804DB68	0x0804CDD0	UpdateNameEntrySpriteDraw		funcmap-agree	FE_GBA_Function_Library
0x0804DB80	0x0804CDE8	RuleSettingSprites_Interactive_Loop		new-hint	FE_GBA_Function_Library
0x0804DBF4	0x0804CE5C	RuleSettingSprites_Static_Loop		new-hint	FE_GBA_Function_Library
0x0804DC24	0x0804CE8C	StartRuleSettingSpriteDrawInteractive		new-hint	FE_GBA_Function_Library
0x0804DC48	0x0804CEB0	StartRuleSettingSpriteDrawStatic		new-hint	FE_GBA_Function_Library
0x0804DC5C	0x0804CEC4	UpdateRuleSettingSprites		funcmap-agree	FE_GBA_Function_Library
0x0804DC64	0x0804CECC	UpdateSioMenuBurstGlow		new-hint	FE_GBA_Function_Library
0x0804DC9C	0x0804CF04	SioMenuBurstFx_Loop		new-hint	FE_GBA_Function_Library
0x0804DD50	0x0804CFB8	StartSioMenuBurstFx		new-hint	FE_GBA_Function_Library
0x0804DD78	0x0804CFE0	LinkArenaMenuScroll_Init		new-hint	FE_GBA_Function_Library
0x0804DDB4	0x0804D01C	LinkArenaMenuScroll_Loop		new-hint	FE_GBA_Function_Library
0x0804DF78	0x0804D1E0	StartLinkArenaMenuScrollBar		new-hint	FE_GBA_Function_Library
0x0804DFE4	0x0804D24C	UpdateLinkArenaMenuScrollBar		new-hint	FE_GBA_Function_Library
0x0804E110	0x0804D37C	LAPhaseIntro_End		new-hint	FE_GBA_Function_Library
0x0804E170	0x0804D3DC	LAPhaseIntro_StartBgm		new-hint	FE_GBA_Function_Library
0x0804E184	0x0804D3F0	SetUnitItemUsesToMax		funcmap-agree	FE_GBA_Function_Library
0x0804E1A0	0x0804D40C	SetUnitAllItemsUsesToMax		funcmap-agree	FE_GBA_Function_Library
0x0804E1BC	0x0804D428	UpdateLinkArenaVersusBannerGlow		new-hint	FE_GBA_Function_Library
0x0804E210	0x0804D47C	LAVersusSpriteDraw_Loop		new-hint	FE_GBA_Function_Library
0x0804E3F8	0x0804D664	StartLinkArenaVersusSpriteDraw		new-hint	FE_GBA_Function_Library
0x0804E448	0x0804D6B4	EndLinkArenaVersusSpriteDraw		new-hint	FE_GBA_Function_Library
0x0804E458	0x0804D6C4	GetLinkArenaVersusSpriteDraw		new-hint	FE_GBA_Function_Library
0x0804E468	0x0804D6D4	UpdateLinkArenaActiveBannerBgGlow		new-hint	FE_GBA_Function_Library
0x0804E4B8	0x0804D724	UpdateLinkArenaActiveBannerObjGlow		new-hint	FE_GBA_Function_Library
0x0804E544	0x0804D7B0	LinkArenaResultBanner_Loop		new-hint	FE_GBA_Function_Library
0x0804E570	0x0804D7DC	StartLinkArenaResultBanner		new-hint	FE_GBA_Function_Library
0x0804E5A0	0x0804D80C	LoadLinkArenaChoiceBoxGfx		new-hint	FE_GBA_Function_Library
0x0804E5C8	0x0804D834	PutLinkArenaChoiceBannerSprite		new-hint	FE_GBA_Function_Library
0x0804E5EC	0x0804D858	SioWeaponSelectMenu_Usability		new-hint	FE_GBA_Function_Library
0x0804E638	0x0804D8A4	SioWeaponSelectMenu_OnSelect		funcmap-agree	FE_GBA_Function_Library
0x0804E65C	0x0804D8C8	SioAttackTypeMenu_OnSelect		funcmap-agree	FE_GBA_Function_Library
0x0804E670	0x0804D8DC	SioWeaponSelectMenu_Draw		new-hint	FE_GBA_Function_Library
0x0804E6D0	0x0804D940	SioMenu_OnBPress		funcmap-agree	FE_GBA_Function_Library
0x0804E6E0	0x0804D950	SioMenu_OnRPress		new-hint	FE_GBA_Function_Library
0x0804E754	0x0804D9C4	MultiBootInit		funcmap-agree	FE_GBA_Function_Library
0x0804E790	0x0804DA00	MultiBootMain		new-hint	FE_GBA_Function_Library
0x0804EB80	0x0804DDF0	MultiBootSend		funcmap-agree	FE_GBA_Function_Library
0x0804EBCC	0x0804DE3C	MultiBootStartProbe		funcmap-agree	FE_GBA_Function_Library
0x0804EBF0	0x0804DE60	MultiBootStartMaster		new-hint	FE_GBA_Function_Library
0x0804ECA8	0x0804DF24	MultiBootCheckComplete		funcmap-agree	FE_GBA_Function_Library
0x0804ECBC	0x0804DF38	MultiBootHandShake		new-hint	FE_GBA_Function_Library
0x0804EDA8	0x0804E024	MultiBootWaitCycles		funcmap-agree	FE_GBA_Function_Library
0x0804EDC0	0x0804E03C	MultiBootWaitSendDone		funcmap-agree	FE_GBA_Function_Library
0x0804EDFC	0x0804E078	UnpackLegacyUiFramePalette	LoadOldUIPal	new-hint	FE_GBA_Function_Library
0x0804EE2C	0x0804E0A8	UnpackUiFramePalette	LoadNewUIPal	new-hint	FE_GBA_Function_Library
0x0804EE5C	0x0804E0D8	UnpackLegacyUiFrameImage	LoadOldUIImage	new-hint	FE_GBA_Function_Library
0x0804EE8C	0x0804E108	UnpackUiFrameImage	LoadNewUIImage	new-hint	FE_GBA_Function_Library
0x0804EEBC	0x0804E138	UnpackUiBarPalette	LoadNewUIPal	new-hint	FE_GBA_Function_Library
0x0804EEEC	0x0804E168	UnpackUiFrameBuffered		new-hint	FE_GBA_Function_Library
0x0804EF40	0x0804E1BC	DrawUiFrame	WriteUIWindowTileMap	funcmap-agree	FE_GBA_Function_Library
0x0804F098	0x0804E314	ClearUiFrame	ClearTileMapRect	new-hint	FE_GBA_Function_Library
0x0804F0EC	0x0804E368	DrawUiFrame2	MakeUIWindowTileMap_BG0BG1	new-hint	FE_GBA_Function_Library
0x0804F528	0x0804E79C	DisplayUiHand	UpdateHandCursor	new-hint	FE_GBA_Function_Library
0x0804F598	0x0804E80C	DisplayUiHand_unused		new-hint	FE_GBA_Function_Library
0x0804F5D4	0x0804E848	DisplayFrozenUiHand		new-hint	FE_GBA_Function_Library
0x0804F5F8	0x0804E86C	GetUiHandPrevDisplayX		new-hint	FE_GBA_Function_Library
0x0804F604	0x0804E878	GetUiHandPrevDisplayY		new-hint	FE_GBA_Function_Library
0x0804F610	0x0804E884	ClearBg0Bg1	ClearBG0BG1	new-hint	FE_GBA_Function_Library
0x0804F634	0x0804E8A8	DrawUiItemHover		new-hint	FE_GBA_Function_Library
0x0804F698	0x0804E90C	ClearUiItemHover		new-hint	FE_GBA_Function_Library
0x0804F718	0x0804E98C	DrawUiItemHoverExt	DrawMenuItemHighlight	new-hint	FE_GBA_Function_Library
0x0804F794	0x0804EA08	ClearUiItemHoverExt	ClearMenuItemHighlight	new-hint	FE_GBA_Function_Library
0x0804F818	0x0804EA8C	UnpackUnkUiFrame		new-hint	FE_GBA_Function_Library
0x0804F844	0x0804EAB8	DisplayUiHandExt		new-hint	FE_GBA_Function_Library
0x0804F8B8	0x0804EB2C	DisplayFrozenUiHandExt		new-hint	FE_GBA_Function_Library
0x0804F8E0	0x0804EB54	LoadLegacyUiFrameGraphics	LoadOldUIGfx	new-hint	FE_GBA_Function_Library
0x0804F8F4	0x0804EB68	LoadUiFrameGraphics	LoadNewUIGraphics	new-hint	FE_GBA_Function_Library
0x0804F908	0x0804EB7C	LoadUiFrameGraphicsTo		new-hint	FE_GBA_Function_Library
0x0804F924	0x0804EB98	StartOrphanMenuAdjusted	StartMenuAdjusted	funcmap-agree	FE_GBA_Function_Library
0x0804F954	0x0804EBC8	StartMenu	StartMenuChild	funcmap-agree	FE_GBA_Function_Library
0x0804F964	0x0804EBD8	StartOrphanMenuAt		funcmap-agree	FE_GBA_Function_Library
0x0804F970	0x0804EBE4	StartOrphanMenu	StartMenu	funcmap-agree	FE_GBA_Function_Library
0x0804F980	0x0804EBF4	StartOrphanMenuAdjustedExt		funcmap-agree	FE_GBA_Function_Library
0x0804F9C0	0x0804EC34	StartMenuExt	StartMenuExt2	funcmap-agree	FE_GBA_Function_Library
0x0804F9E4	0x0804EC58	StartOrphanMenuAtExt		funcmap-agree	FE_GBA_Function_Library
0x0804FA00	0x0804EC74	StartOrphanMenuExt		funcmap-agree	FE_GBA_Function_Library
0x0804FA24	0x0804EC98	StartMenuAt	StartMenuAt	funcmap-agree	FE_GBA_Function_Library
0x0804FA3C	0x0804ECB0	StartMenuCore	StartMenuExt	new-hint	FE_GBA_Function_Library
0x0804FC34	0x0804EEA8	EndMenu	EndMenu	new-hint	FE_GBA_Function_Library
0x0804FCAC	0x0804EF20	EndAllMenus	EndAllMenus	new-hint	FE_GBA_Function_Library
0x0804FCC4	0x0804EF38	Menu_OnInit	Menu_CallDefinedConstructors	new-hint	FE_GBA_Function_Library
0x0804FCFC	0x0804EF70	RedrawMenu	Menu_Draw	new-hint	FE_GBA_Function_Library
0x0804FE54	0x0804F0E0	DrawMenuItemHover	Menu_DrawHoverThing	new-hint	FE_GBA_Function_Library
0x0804FED8	0x0804F164	Menu_OnIdle	Menu_Idle	new-hint	FE_GBA_Function_Library
0x08050008	0x0804F294	ProcessMenuDpadInput	Menu_HandleDirectionInputs	new-hint	FE_GBA_Function_Library
0x080500E8	0x0804F374	ProcessMenuSelectInput	Menu_HandleSelectInputs	new-hint	FE_GBA_Function_Library
0x08050174	0x0804F400	GetMenuCursorPosition	Menu_GetCursorGfxCurrentPosition	funcmap-agree	FE_GBA_Function_Library
0x080501CC	0x0804F458	MenuStdHelpBox		new-hint	FE_GBA_Function_Library
0x080501E8	0x0804F474	Menu_AutoHelpBox_OnInit	Menu_HelpBoxInit	new-hint	FE_GBA_Function_Library
0x08050214	0x0804F4A0	Menu_AutoHelpBox_OnLoop	Menu_HelpBoxIdle	new-hint	FE_GBA_Function_Library
0x08050294	0x0804F520	MenuAutoHelpBoxSelect	MenuCallHelp	new-hint	FE_GBA_Function_Library
0x080502A4	0x0804F530	Menu_FrozenHelpBox_OnLoop	Menu_TextBoxIdle	new-hint	FE_GBA_Function_Library
0x080502F4	0x0804F580	MenuFrozenHelpBox	MenuCallHelpBox	new-hint	FE_GBA_Function_Library
0x08050328	0x0804F5B4	Menu_Frozen_OnLoop	Menu_804F5B4	new-hint	FE_GBA_Function_Library
0x08050370	0x0804F5FC	MenuFrozen		new-hint	FE_GBA_Function_Library
0x08050380	0x0804F60C	FreezeMenu	MarkSomethingInMenu	new-hint	FE_GBA_Function_Library
0x080503A0	0x0804F62C	ResumeMenu	UnMarkSomethingInMenu	new-hint	FE_GBA_Function_Library
0x080503C0	0x0804F64C	StartSemiCenteredOrphanMenu	StartMenu_AndDoSomethingCommands	new-hint	FE_GBA_Function_Library
0x08050418	0x0804F6A4	ApplyMenuCursorVScroll	Menu_UpdateMovingCursorGfxPosition	new-hint	FE_GBA_Function_Library
0x0805046C	0x0804F6F8	ResetMenuOverrides	ClearMenuRelatedList	funcmap-agree	FE_GBA_Function_Library
0x08050488	0x0804F714	GetForceDisabledMenuItems		funcmap-agree	FE_GBA_Function_Library
0x080504C8	0x0804F754	SetForceDisabledMenuItems		funcmap-agree	FE_GBA_Function_Library
0x080504F0	0x0804F77C	AddMenuOverride		funcmap-agree	FE_GBA_Function_Library
0x08050520	0x0804F7AC	OverriddenMenuAvailability		new-hint	FE_GBA_Function_Library
0x0805055C	0x0804F7E8	OverriddenMenuSelected		new-hint	FE_GBA_Function_Library
0x080505A0	0x0804F82C	SyncMenuBgs		new-hint	FE_GBA_Function_Library
0x080505C0	0x0804F84C	ClearMenuBgs		new-hint	FE_GBA_Function_Library
0x08050604	0x0804F890	HasMenuChangedItem		funcmap-agree	FE_GBA_Function_Library
0x08050618	0x0804F8A4	InitTargets	InitTargets	funcmap-agree	FE_GBA_Function_Library
0x08050630	0x0804F8BC	AddTarget	AddTarget	funcmap-agree	FE_GBA_Function_Library
0x08050684	0x0804F910	LinkTargets	LinkTargets	funcmap-agree	FE_GBA_Function_Library
0x080506CC	0x0804F958	TargetSelection_GetRealCursorPosition	TargetSelection_GetRealCursorPosition	funcmap-agree	FE_GBA_Function_Library
0x080506E0	0x0804F96C	TargetSelection_Loop	TargetSelection_Loop	new-hint	FE_GBA_Function_Library
0x080507B0	0x0804FA3C	NewTargetSelection	StartTargetSelection	new-hint	FE_GBA_Function_Library
0x08050818	0x0804FAA4	NewTargetSelection_Specialized	StartTargetSelectionExt	funcmap-agree	FE_GBA_Function_Library
0x0805082C	0x0804FAB8	EndTargetSelection	EndTargetSelection	new-hint	FE_GBA_Function_Library
0x08050860	0x0804FAEC	TargetSelection_HandleMoveInput	TargetSelection_HandleMoveInput	new-hint	FE_GBA_Function_Library
0x080508D8	0x0804FB64	TargetSelection_HandleSelectInput	TargetSelection_HandleSelectInput	new-hint	FE_GBA_Function_Library
0x08050930	0x0804FBBC	TargetSelection_Freeze		new-hint	FE_GBA_Function_Library
0x08050950	0x0804FBDC	TargetSelection_Unfreeze		new-hint	FE_GBA_Function_Library
0x08050970	0x0804FBFC	GetFurthestTargetDistance	GetFarthestTargetIndex	funcmap-agree	FE_GBA_Function_Library
0x080509D0	0x0804FC5C	GetLinkedTargetsNear	LinkTargetsOrdered	funcmap-agree	FE_GBA_Function_Library
0x08050A74	0x0804FD00	GetLinkedTargetsFar	GetLinkedTargetList	funcmap-agree	FE_GBA_Function_Library
0x08050A84	0x0804FD10	GetLinkedTargets	GetFirstTargetPointer	funcmap-agree	FE_GBA_Function_Library
0x08050A9C	0x0804FD28	GetSelectTargetCount	GetTargetListSize	new-hint	FE_GBA_Function_Library
0x08050AA8	0x0804FD34	GetTarget	GetTarget	funcmap-agree	FE_GBA_Function_Library
0x08050ABC	0x0804FD48	SetBanimLinkArenaFlag		new-hint	FE_GBA_Function_Library
0x08050AC8	0x0804FD54	GetBanimLinkArenaFlag	.gcc2_compiled._5	funcmap-disagree	FE_GBA_Function_Library
0x08050AD4	0x0804FD60	NewEkrBattleDeamon	StartEkrBattleDeamon	new-hint	FE_GBA_Function_Library
0x08050B00	0x0804FD8C	EndEkrBattleDeamon	EndEkrBattleDeamon	new-hint	FE_GBA_Function_Library
0x08050B14	0x0804FDA0	IsBattleDeamonActive	IsBattleDeamonActive	new-hint	FE_GBA_Function_Library
0x08050B30	0x0804FDBC	ekrBattleDeamon_Destructor	EkrBattleDeamon_OnEnd	new-hint	FE_GBA_Function_Library
0x08050B48	0x0804FDD4	NewEkrBattle	StartEkrBattle	new-hint	FE_GBA_Function_Library
0x08050BB4	0x0804FE40	InBattleMainRoutine	InBattleMainRoutine	new-hint	FE_GBA_Function_Library
0x08050C58	0x0804FEE4	MainUpdateEkrBattle	GameLoop_Battle	new-hint	FE_GBA_Function_Library
0x08050CD8	0x0804FF64	ekrBattle_Init	ekrBattle_Init	new-hint	FE_GBA_Function_Library
0x08050D74	0x08050000	ekrBattleMain	ekrBattle_8050000	new-hint	FE_GBA_Function_Library
0x08050DC8	0x08050054	ekrBattle_HandlePreEventMaybe	EkrBattle_BattleQuoteInit	new-hint	FE_GBA_Function_Library
0x08050E64	0x080500F0	ekrBattleWaitPreEvent	EkrBattle_BattleQuoteWait	new-hint	FE_GBA_Function_Library
0x08050EA8	0x08050134	ekrBattle_0	ekrBattle_8050134	new-hint	FE_GBA_Function_Library
0x08050ECC	0x08050158	ekrBattlePrepareDragonIntro	ekrBattle_8050158	funcmap-agree	FE_GBA_Function_Library
0x08050EE8	0x08050174	ekrBattleExecDragonIntro	ekrBattle_8050174	new-hint	FE_GBA_Function_Library
0x08050F98	0x08050224	ekrBattleWaitDragonIntro	ekrBattle_8050224	new-hint	FE_GBA_Function_Library
0x08050FB8	0x08050244	ekrBattlePostEkrDragonIntro	ekrBattle_8050244	new-hint	FE_GBA_Function_Library
0x08051004	0x08050290	ekrBattle_1	ekrBattle_WaitForFrame8	funcmap-agree	FE_GBA_Function_Library
0x08051024	0x080502B0	ekrBattleSetFlashingEffect	ekrBattle_StartUIPaletteAnimations	new-hint	FE_GBA_Function_Library
0x08051078	0x08050304	ekrBattleExecTriangleAtk	ekrBattle_8050304	new-hint	FE_GBA_Function_Library
0x080510AC	0x08050338	ekrBattleWaitTriangleIdle	ekrBattle_WaitForTriangleAttackAnim	new-hint	FE_GBA_Function_Library
0x080510D4	0x08050360	ekrBattleTriggerNewRoundStart	ekrBattle_InitMainAnimations	funcmap-agree	FE_GBA_Function_Library
0x08051160	0x080503EC	ekrBattle_2	ekrBattle_80503EC	funcmap-agree	FE_GBA_Function_Library
0x08051174	0x08050400	ekrBattle_StartPromotion	ekrBattle_StartMainAnimations	new-hint	FE_GBA_Function_Library
0x080511B4	0x08050440	ekrBattle_WaitPromotionIdle	ekrBattle_WaitForClassChange	new-hint	FE_GBA_Function_Library
0x080511E0	0x0805046C	ekrBattleInRoundIdle	ekrBattle_WaitForRoundAnimations	new-hint	FE_GBA_Function_Library
0x08051320	0x080505EC	ekrBattleOnBattleEnd	ekrBattle_80505EC	funcmap-agree	FE_GBA_Function_Library
0x08051334	0x08050600	ekrBattle_3	ekrBattle_8050600	new-hint	FE_GBA_Function_Library
0x080513B8	0x08050684	ekrBattle_WaitForPostBattleAct	ekrBattle_8050684	new-hint	FE_GBA_Function_Library
0x080513FC	0x080506C8	ekrBattleExecExpGain	ekrBattle_80506C8	new-hint	FE_GBA_Function_Library
0x08051624	0x080508F0	ekrBattle_4	ekrBattle_80508F0	funcmap-agree	FE_GBA_Function_Library
0x08051674	0x08050940	ekrBattle_5	ekrBattle_8050940	new-hint	FE_GBA_Function_Library
0x080516DC	0x080509A8	ekrBattleWaitExpBarIdle	ekrBattle_80509A8	new-hint	FE_GBA_Function_Library
0x080517B8	0x08050A84	ekrBattlePostExpBarIdle	ekrBattle_8050A84	new-hint	FE_GBA_Function_Library
0x080517EC	0x08050AB8	ekrBattle_6	ekrBattle_8050AB8	funcmap-agree	FE_GBA_Function_Library
0x0805183C	0x08050B08	ekrBattleLvupHanlder	ekrBattle_8050B08	new-hint	FE_GBA_Function_Library
0x08051968	0x08050C34	ekrBattle_ExecEkrLvup	ekrBattle_CheckForLevelup_8050C34	new-hint	FE_GBA_Function_Library
0x080519A0	0x08050C6C	ekrBattle_WaitEkrLvupIdle	ekrBattle_WaitForLevelup_8050C6C	new-hint	FE_GBA_Function_Library
0x080519C4	0x08050C90	ekrNewEkrPopup	ekrBattle_MakePopups	new-hint	FE_GBA_Function_Library
0x080519DC	0x08050CA8	ekrBattle_WaitForPopup	ekrBattle_WaitForPopup	new-hint	FE_GBA_Function_Library
0x08051A00	0x08050CCC	ekrBattle_PostPopup	ekrBattle_8050CCC	new-hint	FE_GBA_Function_Library
0x08051A2C	0x08050CF8	ekrBattle_TriggerDragonStatusFinished	ekrBattle_8050CF8	new-hint	FE_GBA_Function_Library
0x08051ABC	0x08050D88	ekrBattle_WaitEkrDragonEndIdle	ekrBattle_8050D88	new-hint	FE_GBA_Function_Library
0x08051ADC	0x08050DA8	ekrBattle_PostDragonStatusEffect	ekrBattle_8050DA8	new-hint	FE_GBA_Function_Library
0x08051B18	0x08050DE4	NewEkrLvlupFan	NewEkrLvlupFan	new-hint	FE_GBA_Function_Library
0x08051B34	0x08050E00	EkrLvupFanMain		new-hint	FE_GBA_Function_Library
0x08051B74	0x08050E40	EkrGauge_BuildHpBarGfx		new-hint	FE_GBA_Function_Library
0x08051BC4	0x08050E90	ModDec		new-hint	FE_GBA_Function_Library
0x08051C2C	0x08050EF8	NewEkrGauge	StartEkrGauge	new-hint	FE_GBA_Function_Library
0x08051EA0	0x0805116C	EndEkrGauge	EndEkrGauge	new-hint	FE_GBA_Function_Library
0x08051EB4	0x08051180	EkrGauge_Clr4C50	EkrGauge_8051180	funcmap-agree	FE_GBA_Function_Library
0x08051EC4	0x08051190	EkrGauge_Set4C50	EkrGauge_8051190	funcmap-agree	FE_GBA_Function_Library
0x08051ED4	0x080511A0	EkrGauge_Set4C	EkrGauge_80511A0	funcmap-agree	FE_GBA_Function_Library
0x08051EE4	0x080511B0	EkrGauge_Set50	EkrGauge_80511B0	funcmap-agree	FE_GBA_Function_Library
0x08051EF4	0x080511C0	EkrGauge_Setup44	EkrGauge_80511C0	funcmap-agree	FE_GBA_Function_Library
0x08051F04	0x080511D0	EkrGauge_Clr323A	EkrGauge_80511D0	funcmap-agree	FE_GBA_Function_Library
0x08051F18	0x080511E4	EkrGauge_Setxy323A	EkrGauge_80511E4	funcmap-agree	FE_GBA_Function_Library
0x08051F2C	0x080511F8	EkrGauge_SetInitFlag	EkrGauge_80511F8	funcmap-agree	FE_GBA_Function_Library
0x08051F3C	0x08051208	EkrGauge_ClrInitFlag	EkrGauge_8051208	funcmap-agree	FE_GBA_Function_Library
0x08051F4C	0x08051218	EnableEkrGauge	EkrGauge_8051218	funcmap-agree	FE_GBA_Function_Library
0x08051F5C	0x08051228	DisableEkrGauge	EkrGauge_8051228	funcmap-agree	FE_GBA_Function_Library
0x08051F6C	0x08051238	EkrGauge_SetWtaArrowSprite		funcmap-agree	FE_GBA_Function_Library
0x08051FB8	0x08051284	ekrGaugeMain	ekrGauge_Loop	new-hint	FE_GBA_Function_Library
0x080527BC	0x08051AC4	NewEkrDispUP	StartEkrDispUP	new-hint	FE_GBA_Function_Library
0x080527EC	0x08051AF4	EndEkrDispUP		new-hint	FE_GBA_Function_Library
0x08052800	0x08051B08	EkrDispUpClear4C50		funcmap-agree	FE_GBA_Function_Library
0x08052810	0x08051B18	EkrDispUpSet4C50		funcmap-agree	FE_GBA_Function_Library
0x08052820	0x08051B28	EkrDispUpSet4C		funcmap-agree	FE_GBA_Function_Library
0x08052830	0x08051B38	EkrDispUpSet50		funcmap-agree	FE_GBA_Function_Library
0x08052840	0x08051B48	EkrDispUP_SetPositionUnsync	EkrDispUP_8051B48	funcmap-agree	FE_GBA_Function_Library
0x08052854	0x08051B5C	EkrDispUP_SetPositionSync		funcmap-agree	FE_GBA_Function_Library
0x08052868	0x08051B70	SyncEkrDispUP		funcmap-agree	FE_GBA_Function_Library
0x08052878	0x08051B80	UnsyncEkrDispUP		funcmap-agree	FE_GBA_Function_Library
0x08052888	0x08051B90	AsyncEkrDispUP		funcmap-agree	FE_GBA_Function_Library
0x08052898	0x08051BA0	UnAsyncEkrDispUP		funcmap-agree	FE_GBA_Function_Library
0x080528A8	0x08051BB0	ekrDispUPMain	ekrDispUP_Loop	new-hint	FE_GBA_Function_Library
0x080529BC	0x08051CC4	EfxClearScreenFx		new-hint	FE_GBA_Function_Library
0x08052AF8	0x08051E00	EfxInitTerrainBg		new-hint	FE_GBA_Function_Library
0x08052C14	0x08051F1C	EfxPrepareScreenFx		new-hint	FE_GBA_Function_Library
0x08052E7C	0x08052184	GetBanimInitPosReal		new-hint	FE_GBA_Function_Library
0x08052F0C	0x08052214	SetEkrBg2QuakeVec		funcmap-agree	FE_GBA_Function_Library
0x08052F18	0x08052220	EkrEfxStatusClear		funcmap-agree	FE_GBA_Function_Library
0x08052FC4	0x080522CC	CheckEkrHitDone		funcmap-agree	FE_GBA_Function_Library
0x08052FEC	0x080522F4	CheckEkrHitNow		funcmap-agree	FE_GBA_Function_Library
0x08052FFC	0x08052304	NewEfxHpBar	StartEfxHpBar	new-hint	FE_GBA_Function_Library
0x080530E0	0x080523EC	EfxHpBar_DeclineToDeath		new-hint	FE_GBA_Function_Library
0x080531F8	0x08052504	EfxHpBar_MoveCameraOnEnd		new-hint	FE_GBA_Function_Library
0x08053298	0x080525A4	EfxHpBar_WaitCameraMove		new-hint	FE_GBA_Function_Library
0x080532DC	0x080525E8	NewEfxHpBarResire	StartEfxHpBarResire	new-hint	FE_GBA_Function_Library
0x080533B8	0x080526C8	EfxHpBarResire_WaitOnCurrentSide		new-hint	FE_GBA_Function_Library
0x08053478	0x08052788	EfxHpBarResire_SetAnotherSide		new-hint	FE_GBA_Function_Library
0x0805351C	0x0805282C	EfxHpBarResire_DeclineToDeath		new-hint	FE_GBA_Function_Library
0x08053668	0x08052978	NewEfxAvoid	StartEfxAvoid	new-hint	FE_GBA_Function_Library
0x080536E0	0x08038ED0	DungeonRecordUi_KeyListener		new-hint	FE_GBA_Function_Library
0x080536FC	0x08052A0C	NewEfxHpBarLive	StartEfxHpBarLive	new-hint	FE_GBA_Function_Library
0x080537D4	0x08052AE4	EfxHPBarLiveMain		new-hint	FE_GBA_Function_Library
0x08053888	0x08052B98	NewEfxNoDamage	StartEfxNoDamage	new-hint	FE_GBA_Function_Library
0x08053914	0x08052C24	EfxNoDamageMain		new-hint	FE_GBA_Function_Library
0x0805396C	0x08052C7C	NewEfxNoDamageYure		new-hint	FE_GBA_Function_Library
0x08053990	0x08052CA0	EfxNoDamageYureMain		new-hint	FE_GBA_Function_Library
0x08053A7C	0x08052D8C	NewEfxStatusCHG	StartEfxStatusCHG	new-hint	FE_GBA_Function_Library
0x08053AA8	0x08049940	LinkArenaBattleMap_WaitLButton	BattlePopup_Wait16Frames	new-hint	FE_GBA_Function_Library
0x08053AC4	0x08052DD4	NewEfxDeadEvent	StartEfxDeadEVTENT	new-hint	FE_GBA_Function_Library
0x08053AEC	0x08052DFC	efxDeadEvent_Loop_A		new-hint	FE_GBA_Function_Library
0x08053B6C	0x08052E7C	efxDeadEvent_Loop_B		new-hint	FE_GBA_Function_Library
0x08053B9C	0x08052EAC	efxDeadEvent_Loop_C		new-hint	FE_GBA_Function_Library
0x08053C14	0x08052F24	efxDeadEvent_Loop_D		new-hint	FE_GBA_Function_Library
0x08053C74	0x08052F84	efxDeadEvent_Loop_E		new-hint	FE_GBA_Function_Library
0x08053C9C	0x08052FAC	NewEfxDead	StartEfxDead	new-hint	FE_GBA_Function_Library
0x08053CDC	0x08052FEC	efxDead_Loop_A		new-hint	FE_GBA_Function_Library
0x08053D70	0x08053080	efxDead_Loop_B		new-hint	FE_GBA_Function_Library
0x08053E10	0x08053120	NewEfxDeadPika	StartEfxDeadPika	new-hint	FE_GBA_Function_Library
0x08053E34	0x08053144	EfxDeadPikaMain		new-hint	FE_GBA_Function_Library
0x08053E94	0x080531A4	NewEfxDeadAlpha		new-hint	FE_GBA_Function_Library
0x08053EFC	0x0805320C	EfxDeadAlphaMain		new-hint	FE_GBA_Function_Library
0x08053F7C	0x0805328C	NewEfxDeadDragonAlpha		new-hint	FE_GBA_Function_Library
0x08054058	0x08053368	EfxDeadDragonAlphaMain		new-hint	FE_GBA_Function_Library
0x080540C0	0x080533D0	NewEfxFarAttackWithDistance	MoveBattleCameraOnto	new-hint	FE_GBA_Function_Library
0x08054198	0x080534AC	EfxFarAttack_SetAnimXPositions		funcmap-agree	FE_GBA_Function_Library
0x080541D0	0x080534E4	efxFarAttack_Init		new-hint	FE_GBA_Function_Library
0x08054200	0x08053514	efxFarAttack_ScrollIn		new-hint	FE_GBA_Function_Library
0x08054270	0x08053584	efxFarAttack_ScrollOut		new-hint	FE_GBA_Function_Library
0x08054304	0x08053618	EfxUpdateBg2Scroll		new-hint	FE_GBA_Function_Library
0x08054364	0x08053678	NewEfxQuakePure		new-hint	FE_GBA_Function_Library
0x080543A4	0x080536B8	efxQuakePure_Loop		new-hint	FE_GBA_Function_Library
0x0805441C	0x08053730	NewEfxQuake	StartEfxQuake	new-hint	FE_GBA_Function_Library
0x08054518	0x0805382C	efxQuake_Loop		new-hint	FE_GBA_Function_Library
0x080546C8	0x080539DC	NewEfxHitQuake	StartEfxHitQuake	new-hint	FE_GBA_Function_Library
0x080548A4	0x08053BBC	efxHitQuake_Loop		new-hint	FE_GBA_Function_Library
0x08054BF8	0x08053F10	NewEfxFlashBgWhite	StartEfxFlashBG	new-hint	FE_GBA_Function_Library
0x08054C34	0x08053F4C	NewEfxFlashBgRed		new-hint	FE_GBA_Function_Library
0x08054C74	0x08053F8C	NewEfxFlashBgBlack		new-hint	FE_GBA_Function_Library
0x08054CAC	0x08053FC4	NewEfxFlashBgDirectly		new-hint	FE_GBA_Function_Library
0x08054CCC	0x08053FE4	EfxFlashBgMain		new-hint	FE_GBA_Function_Library
0x08054D18	0x08054030	NewEfxWhiteOUT		new-hint	FE_GBA_Function_Library
0x08054D3C	0x08054360	EfxBlackInMain1		new-hint	FE_GBA_Function_Library
0x08054D98	0x080543BC	EfxBlackInMain2		new-hint	FE_GBA_Function_Library
0x08054E1C	0x08054134	NewEfxWhiteIN		new-hint	FE_GBA_Function_Library
0x08054E40	0x08054054	EfxWhiteOutMain1		new-hint	FE_GBA_Function_Library
0x08054E9C	0x080540B0	EfxWhiteOutMain2		new-hint	FE_GBA_Function_Library
0x08054F0C	0x0805401C	EfxFlashRestorePalSync		new-hint	FE_GBA_Function_Library
0x08054F20	0x08054238	NewEfxBlackOUT		new-hint	FE_GBA_Function_Library
0x08054F44	0x08054158	EfxWhiteInMain1		new-hint	FE_GBA_Function_Library
0x08054FA0	0x080541B4	EfxWhiteInMain2		new-hint	FE_GBA_Function_Library
0x08055010	0x08054120	EfxWhiteOutRestorePalSync		new-hint	FE_GBA_Function_Library
0x08055024	0x0805433C	NewEfxBlackIN		new-hint	FE_GBA_Function_Library
0x08055048	0x0805425C	EfxBlackOutMain1		new-hint	FE_GBA_Function_Library
0x080550A4	0x080542B8	EfxBlackOutMain2		new-hint	FE_GBA_Function_Library
0x08055114	0x08054224	EfxWhiteInRestorePalSync		new-hint	FE_GBA_Function_Library
0x08055128	0x08054440	NewEfxFlashHPBar	StartEfxFlashHPBar	new-hint	FE_GBA_Function_Library
0x08055160	0x08054478	EfxFlashHPBarDelay		new-hint	FE_GBA_Function_Library
0x08055180	0x08054498	EfxFlashHPBarMain1		new-hint	FE_GBA_Function_Library
0x08055214	0x0805452C	EfxFlashHPBarRestorePal		new-hint	FE_GBA_Function_Library
0x080552A8	0x080545C0	NewEfxHpBarColorChange	StartEfxHPBarColorChange	new-hint	FE_GBA_Function_Library
0x08055398	0x080546B0	EndEfxHPBarColorChange	EndEfxHPBarColorChange	new-hint	FE_GBA_Function_Library
0x080553AC	0x080546C4	DisableEfxHpBarColorChange		funcmap-agree	FE_GBA_Function_Library
0x080553BC	0x080546D4	EnableEfxHpBarColorChange		funcmap-agree	FE_GBA_Function_Library
0x080553CC	0x080546E4	EfxHPBarColorChangeMain		new-hint	FE_GBA_Function_Library
0x080554C4	0x080547DC	NewEfxFlashUnit	StartEfxFlashUnit	new-hint	FE_GBA_Function_Library
0x08055500	0x08054818	EfxFlashUnitMain		new-hint	FE_GBA_Function_Library
0x08055570	0x08054888	EfxFlashUnitRestorePal		new-hint	FE_GBA_Function_Library
0x080555C8	0x080548E0	NewEfxFlashUnitEffectEnd		new-hint	FE_GBA_Function_Library
0x08055618	0x08054930	EfxFlashUnitEffectMain		new-hint	FE_GBA_Function_Library
0x080556A4	0x080549BC	EfxFlashUnitEffectRestorePal		new-hint	FE_GBA_Function_Library
0x08055704	0x08054A1C	NewEfxStatusUnit	StartEfxStatusUnit	new-hint	FE_GBA_Function_Library
0x08055800	0x08054B18	EndEfxStatusUnits		new-hint	FE_GBA_Function_Library
0x0805583C	0x08054B64	DisableEfxStatusUnits		new-hint	FE_GBA_Function_Library
0x0805585C	0x08054B84	EnableEfxStatusUnits		new-hint	FE_GBA_Function_Library
0x0805587C	0x08054BA4	SetUnitEfxDebuff		new-hint	FE_GBA_Function_Library
0x080558AC	0x08054BD4	GetUnitEfxDebuff		new-hint	FE_GBA_Function_Library
0x080558C8	0x08054BF0	EfxStatusUnitFlashing		new-hint	FE_GBA_Function_Library
0x0805596C	0x08054C94	EfxStatusUnitMain		new-hint	FE_GBA_Function_Library
0x08055B24	0x08054E4C	EfxStatusUnitEnd		new-hint	FE_GBA_Function_Library
0x08055BA4	0x08054ED4	EndProcEfxWeaponIcon	EndEfxWeaponIcon	new-hint	FE_GBA_Function_Library
0x08055BC0	0x08054EF0	DisableEfxWeaponIcon	PauseEfxWeaponIcon	funcmap-agree	FE_GBA_Function_Library
0x08055BD0	0x08054F00	EnableEfxWeaponIcon	ResumeEfxWeaponIcon	funcmap-agree	FE_GBA_Function_Library
0x08055BE0	0x08054F10	efxWeaponIcon_Loop	EfxWeaponIcon_OnLoop	new-hint	FE_GBA_Function_Library
0x08055C48	0x08054F78	efxWeaponIcon_OnEnd	EfxWeaponIcon_OnEnd	new-hint	FE_GBA_Function_Library
0x08055C78	0x08054FA8	NewEfxSpellCast	StartEfxSpellCast	new-hint	FE_GBA_Function_Library
0x08055CD0	0x08055000	RegisterEfxSpellCastEnd	StartEndEfxSpellCast	new-hint	FE_GBA_Function_Library
0x08055CEC	-			new-hint	FE_GBA_Function_Library
0x08055D08	0x08055038	efxSpellCast_Loop_A		new-hint	FE_GBA_Function_Library
0x08055D6C	0x0805509C	efxSpellCast_Loop_B		new-hint	FE_GBA_Function_Library
0x08055DAC	0x080550DC	efxSpellCast_Loop_C		new-hint	FE_GBA_Function_Library
0x08055E2C	-			new-hint	FE_GBA_Function_Library
0x08055E64	-			new-hint	FE_GBA_Function_Library
0x08055E80	-			new-hint	FE_GBA_Function_Library
0x08055E9C	0x0805501C	EndEfxSpellCast		new-hint	FE_GBA_Function_Library
0x08055EB8	-			new-hint	FE_GBA_Function_Library
0x08055F40	-			new-hint	FE_GBA_Function_Library
0x08055F90	-			new-hint	FE_GBA_Function_Library
0x0805601C	-			new-hint	FE_GBA_Function_Library
0x08056078	-			new-hint	FE_GBA_Function_Library
0x08056108	0x08055160	SpellFx_Begin	SpellFx_Begin	funcmap-agree	FE_GBA_Function_Library
0x08056114	0x0805516C	SpellFx_Finish	SpellFx_Finish	funcmap-agree	FE_GBA_Function_Library
0x08056120	0x08055178	SpellFx_ClearBG1Position	SpellFx_ClearBG1Position	new-hint	FE_GBA_Function_Library
0x08056130	0x08055188	SpellFx_ClearBG1	SpellFx_ClearBG1	new-hint	FE_GBA_Function_Library
0x08056158	0x080551B0	SpellFx_SetSomeColorEffect	SpellFx_SetSomeColorEffect	new-hint	FE_GBA_Function_Library
0x08056214	0x0805526C	SetDefaultColorEffects_	SpellFx_ClearColorEffects	new-hint	FE_GBA_Function_Library
0x08056220	0x08055278	StartBattleAnimHitEffectsDefault	StartBattleAnimHitEffectsDefault	funcmap-agree	FE_GBA_Function_Library
0x08056230	0x08055288	StartBattleAnimHitEffectsStrong		funcmap-agree	FE_GBA_Function_Library
0x08056240	0x08055298	StartBattleAnimHitEffects	StartBattleAnimHitEffects	new-hint	FE_GBA_Function_Library
0x080563C0	0x08055424	StartBattleAnimResireHitEffects	StartBattleAnimResireHitEffects	new-hint	FE_GBA_Function_Library
0x080564B4	0x08055518	StartBattleAnimStatusChgHitEffects		new-hint	FE_GBA_Function_Library
0x080564F0	0x08055554	EfxCreateFrontAnim		new-hint	FE_GBA_Function_Library
0x0805654C	0x080555B0	EfxCreateBackAnim		new-hint	FE_GBA_Function_Library
0x080565A8	0x0805560C	SpellFx_WriteBgMapRaw		new-hint	FE_GBA_Function_Library
0x0805660C	0x08055670	SpellFx_WriteBgMap	SpellFx_WriteBgMap	new-hint	FE_GBA_Function_Library
0x0805668C	0x080556F0	SpellFx_WriteBgMapUnused		new-hint	FE_GBA_Function_Library
0x08056708	0x0805576C	SpellFx_WriteBgMapExt		new-hint	FE_GBA_Function_Library
0x08056774	0x080557D8	SpellFx_RegisterObjGfx	SpellFx_RegisterObjGfx	new-hint	FE_GBA_Function_Library
0x0805679C	0x08055800	SpellFx_RegisterObjPal	SpellFx_RegisterObjPal	new-hint	FE_GBA_Function_Library
0x080567B8	0x0805581C	SpellFx_RegisterBgGfx	SpellFx_RegisterBgGfx	new-hint	FE_GBA_Function_Library
0x080567E0	0x08055844	SpellFx_RegisterBgPal	SpellFx_RegisterBgPal	new-hint	FE_GBA_Function_Library
0x080567FC	0x08055860	EfxCyclePaletteRaw		funcmap-agree	FE_GBA_Function_Library
0x08056828	0x0805588C	EfxCyclePalette		new-hint	FE_GBA_Function_Library
0x08056858	0x080558BC	EfxCyclePaletteHi		new-hint	FE_GBA_Function_Library
0x08056890	0x080558F4	EfxAdvanceFrameLut	SpellFx_InterpretBgAnimScript	new-hint	FE_GBA_Function_Library
0x08056914	0x08055980	SetEkrMiniAnimLayerFlag		funcmap-agree	FE_GBA_Function_Library
0x08056920	0x0805598C	EfxGetCamMovDuration	GetSpellAnimationStartFrame	funcmap-agree	FE_GBA_Function_Library
0x08056944	0x080559B0	EfxTmFillA		new-hint	FE_GBA_Function_Library
0x08056964	0x080559D0	EfxTmFill		new-hint	FE_GBA_Function_Library
0x080569CC	0x08055A28	Get0201FAC8	.gcc2_compiled._6	funcmap-agree	FE_GBA_Function_Library
0x080569D8	0x08055A34	Set0201FAC8		funcmap-agree	FE_GBA_Function_Library
0x080569E4	0x08055A40	NewEfxspdquake		new-hint	FE_GBA_Function_Library
0x08056A08	0x08055A64	efxSPDQuake_Loop		new-hint	FE_GBA_Function_Library
0x08056AC0	0x08055B38	efxSPDQuake_Loop2		new-hint	FE_GBA_Function_Library
0x08056B3C	0x08055BB4	EkrBattleStarting_IsBattleAnimEnabled		funcmap-agree	FE_GBA_Function_Library
0x08056B4C	0x08055BC4	EkrBattleStarting_CheckBattleAnimEnabled		funcmap-agree	FE_GBA_Function_Library
0x08056B5C	0x08055BD4	BeginAnimsOnBattleAnimations	BeginAnimsOnBattleAnimations	new-hint	FE_GBA_Function_Library
0x08056BC0	0x08055C38	EkrMainEndExec		new-hint	FE_GBA_Function_Library
0x08056BF0	0x08055C68	MainUpdate_0	MainUpdate_8055C68	new-hint	FE_GBA_Function_Library
0x08056C64	0x08055CDC	NewEkrBattleStarting	StartEkrBattleStarting	new-hint	FE_GBA_Function_Library
0x08056C78	0x08055CF0	ekrBaStart_InitScreen	ekrBattleStarting_8055CF0	new-hint	FE_GBA_Function_Library
0x08056D7C	0x08055DF4	ekrBaStart_SreenFailIn	ekrBattleStarting_8055DF4	new-hint	FE_GBA_Function_Library
0x08056E88	0x08055F00	ekrBaStart_InitBattleScreen	ekrBattleStarting_8055F00	new-hint	FE_GBA_Function_Library
0x08056F28	0x08055FA0	ekrBaStart_ExecEkrBattle6C	ekrBattleStarting_8055FA0	new-hint	FE_GBA_Function_Library
0x08056F70	0x08055FE8	ekrBaStart_0	ekrBattleStarting_8055FE8	new-hint	FE_GBA_Function_Library
0x08056FAC	0x08056024	ekrBaStart_1	ekrBattleStarting_8056024	new-hint	FE_GBA_Function_Library
0x08057000	0x08056078	ekrBaStart_2	ekrBattleStarting_8056078	new-hint	FE_GBA_Function_Library
0x08057060	0x080560D8	NewEkrbattleending		new-hint	FE_GBA_Function_Library
0x08057078	0x080560F0	ekrBattleEnding_0	ekrBattleEnding_80560F0	new-hint	FE_GBA_Function_Library
0x080570F8	0x08056170	ekrBattleEnding_1	ekrBattleEnding_8056170	new-hint	FE_GBA_Function_Library
0x08057150	0x080561C8	ekrBattleEnding_2	ekrBattleEnding_80561C8	new-hint	FE_GBA_Function_Library
0x080571B0	0x08056228	ekrBattleEnding_3	ekrBattleEnding_8056228	new-hint	FE_GBA_Function_Library
0x08057210	0x08056288	ekrBattleEnding_4	ekrBattleEnding_8056288	new-hint	FE_GBA_Function_Library
0x08057298	0x08056310	ekrBattleEnding_5	ekrBattleEnding_8056310	new-hint	FE_GBA_Function_Library
0x08057318	0x08056390	ekrBattleEnding_6	ekrBattleEnding_8056390	new-hint	FE_GBA_Function_Library
0x0805740C	0x08056484	ekrBattleEnding_7	ekrBattleEnding_8056484	new-hint	FE_GBA_Function_Library
0x08057424	0x0805649C	NewEkrBaseKaiten	loadBaseKaiten	new-hint	FE_GBA_Function_Library
0x080577EC	0x08056864	EkrBaseKaitenMain		new-hint	FE_GBA_Function_Library
0x08057888	0x08056900	NewEkrUnitKakudai	loadUnitKakudai	new-hint	FE_GBA_Function_Library
0x080578FC	0x08056974	UnitKakudaiPrepareAnimScript	UnitKakudai1	new-hint	FE_GBA_Function_Library
0x08057AF4	0x08056B70	UnitKakudaiMain	UnitKakudai2	new-hint	FE_GBA_Function_Library
0x08057CA0	0x08056D18	UnitKakudaiEndNop		new-hint	FE_GBA_Function_Library
0x08057CAC	0x08056D24	NewEkrWindowAppear	StartEkrWindowAppear	new-hint	FE_GBA_Function_Library
0x08057CFC	0x08056D74	CheckEkrWindowAppearUnexist		funcmap-agree	FE_GBA_Function_Library
0x08057D18	0x08056D90	EkrWindowAppearMain	EkrWindowAppear_Loop	new-hint	FE_GBA_Function_Library
0x08057D98	0x08056E10	NewEkrNamewinAppear	StartEkrNamewinAppear	new-hint	FE_GBA_Function_Library
0x08057DE8	0x08056E60	CheckEkrNamewinAppearUnexist	HasEkrNamewinAppearEnded	funcmap-agree	FE_GBA_Function_Library
0x08057E04	0x08056E7C	EkrNamewinAppearDelay		new-hint	FE_GBA_Function_Library
0x08057E2C	0x08056EA4	EkrNamewinAppearMain		new-hint	FE_GBA_Function_Library
0x08057EA8	0x08056F20	NewEkrBaseAppear	loadBaseAppear	new-hint	FE_GBA_Function_Library
0x08057EF0	0x08056F68	CheckEkrBaseAppearUnexist		funcmap-agree	FE_GBA_Function_Library
0x08057F0C	0x08056F84	EkrBaseAppearMain		new-hint	FE_GBA_Function_Library
0x08057F80	0x08056FF8	PrepareBattleGraphicsMaybe	PrepareBattleGraphicsMaybe	new-hint	FE_GBA_Function_Library
0x08058AF8	0x08057CAC	GetBattleAnimationId_WithUnique		new-hint	FE_GBA_Function_Library
0x08058BF4	0x08057DA8	GetBanimTerrainGround		funcmap-agree	FE_GBA_Function_Library
0x08058D1C	0x08057ED0	GetBanimBackgroundIndex		funcmap-agree	FE_GBA_Function_Library
0x08058E44	0x08057FF8	GetSpellAnimId	GetSpellAnimId	new-hint	FE_GBA_Function_Library
0x08058FE8	0x080581A0	UnsetMapStaffAnim		new-hint	FE_GBA_Function_Library
0x08059034	0x080581EC	ParseBattleHitToBanimCmd		new-hint	FE_GBA_Function_Library
0x08059678	0x08058848	GetBattleAnimationId	GetBattleAnimationId	new-hint	FE_GBA_Function_Library
0x08059748	0x08058918	CheckBattleHasHit		funcmap-agree	FE_GBA_Function_Library
0x0805976C	0x0805893C	GetBanimSheetSelectByte		funcmap-agree	FE_GBA_Function_Library
0x08059790	0x08058960	FilterBattleAnimCharacterPalette	SomethingFilterBattleAnimId	new-hint	FE_GBA_Function_Library
0x080597E4	0x080589B4	GetBanimFactionPalette	GetAllegienceId	funcmap-agree	FE_GBA_Function_Library
0x08059810	0x080589E0	EkrPrepareBanimfx	transformateBattleAnimation	new-hint	FE_GBA_Function_Library
0x0805983C	0x08058A0C	GetBattleAnimRoundType	GetBattleAnimRoundType	funcmap-agree	FE_GBA_Function_Library
0x08059864	0x08058A34	GetBattleAnimRoundTypeFlags	GetBattleAnimRoundTypeFlags	funcmap-agree	FE_GBA_Function_Library
0x08059890	0x08058A60	GetEfxHp	GetSomeBattleAnimHpValue	funcmap-agree	FE_GBA_Function_Library
0x080598A0	0x08058A70	GetEfxHpModMaybe		funcmap-agree	FE_GBA_Function_Library
0x080598BC	0x08058A8C	IsItemDisplayedInBattle	IsItemDisplayedInBattle	new-hint	FE_GBA_Function_Library
0x080598F8	0x08058AC8	IsWeaponLegency		new-hint	FE_GBA_Function_Library
0x08059938	0x08058B08	EkrCheckWeaponSieglindeSiegmund		new-hint	FE_GBA_Function_Library
0x08059954	0x08058B24	EkrCheckAttackRound		funcmap-agree	FE_GBA_Function_Library
0x08059994	0x08058B64	SetBattleScripted		new-hint	FE_GBA_Function_Library
0x080599A0	0x08058B70	SetBattleUnscripted		new-hint	FE_GBA_Function_Library
0x080599AC	0x08058B7C	CheckBattleScripted		funcmap-agree	FE_GBA_Function_Library
0x080599C8	0x08058B98	GetEkrHit		new-hint	FE_GBA_Function_Library
0x080599D8	0x08058BA8	GetEkrDmg		funcmap-disagree	FE_GBA_Function_Library
0x080599E8	0x08058BB8	GetEkrCrit		funcmap-disagree	FE_GBA_Function_Library
0x080599F8	0x08058BC8	BattleAIS_ExecCommands	BattleAIS_ExecCommands	new-hint	FE_GBA_Function_Library
0x0805A670	0x080598CC	AnimScrAdvance		funcmap-agree	FE_GBA_Function_Library
0x0805A6B0	0x0805990C	NewEkrChienCHR	StartEkrChienCHR	new-hint	FE_GBA_Function_Library
0x0805A6C8	0x08059924	EkrChienCHRMain	EkrChienCHR_OnLoop	new-hint	FE_GBA_Function_Library
0x0805A6E0	0x0805993C	RegisterAISSheetGraphics	RegisterAISSheetGraphics	new-hint	FE_GBA_Function_Library
0x0805A714	0x08059970	ApplyBanimUniquePalette		funcmap-agree	FE_GBA_Function_Library
0x0805A740	0x0805999C	GetBanimPalette	getAnimationIDForPaletteGroup	funcmap-agree	FE_GBA_Function_Library
0x0805A78C	0x080599E8	UpdateBanimFrame		new-hint	FE_GBA_Function_Library
0x0805AACC	0x08059D28	InitMainAnims	initBothAIS	new-hint	FE_GBA_Function_Library
0x0805AB5C	0x08059DB8	InitBattleAnimFrame	BattleAnimationAISInit	funcmap-agree	FE_GBA_Function_Library
0x0805ABBC	0x08059E18	InitLeftAnim	InitLeftAIS	new-hint	FE_GBA_Function_Library
0x0805AD00	0x08059F5C	InitRightAnim	InitRightAIS	new-hint	FE_GBA_Function_Library
0x0805AE20	0x0805A07C	SwitchAISFrameDataFromBARoundType	SwitchAISFrameDataFromBARoundType	new-hint	FE_GBA_Function_Library
0x0805AEF8	0x0805A154	GetAISLayerId	GetAISLayerId	funcmap-agree	FE_GBA_Function_Library
0x0805AF10	0x0805A16C	GetAnimPosition	GetAISSubjectId	funcmap-agree	FE_GBA_Function_Library
0x0805AF28	0x0805A184	CheckRoundMiss	IsBatteRoundTypeAMiss	new-hint	FE_GBA_Function_Library
0x0805AF74	0x0805A1D0	CheckRound1		new-hint	FE_GBA_Function_Library
0x0805AFC0	0x0805A21C	CheckRound2		new-hint	FE_GBA_Function_Library
0x0805B00C	0x0805A268	CheckRoundCrit	checkIfCritical	funcmap-agree	FE_GBA_Function_Library
0x0805B058	0x0805A2B4	GetAnimAnotherSide	GetOpponentFrontAIS	funcmap-agree	FE_GBA_Function_Library
0x0805B074	0x0805A2D0	GetAnimRoundType		new-hint	FE_GBA_Function_Library
0x0805B094	0x0805A2F0	GetAnimNextRoundType	GetAISNextBattleAnimRoundType	new-hint	FE_GBA_Function_Library
0x0805B0B4	0x0805A310	GetAnimRoundTypeAnotherSide	GetAISCurrentRoundType	new-hint	FE_GBA_Function_Library
0x0805B0D8	0x0805A334	GetAnimNextRoundTypeAnotherSide		new-hint	FE_GBA_Function_Library
0x0805B0FC	0x0805A358	SetAnimStateHidden		funcmap-agree	FE_GBA_Function_Library
0x0805B138	0x0805A394	SetAnimStateUnHidden		funcmap-agree	FE_GBA_Function_Library
0x0805B180	0x0805A3DC	EkrUnitMainMini_UpdateAnim		new-hint	FE_GBA_Function_Library
0x0805B324	0x0805A580	EkrMainMini_AnimMarkRoundEnd		funcmap-agree	FE_GBA_Function_Library
0x0805B34C	0x0805A5A8	EkrMainMini_AnimUpdateFrameGfx		funcmap-agree	FE_GBA_Function_Library
0x0805B3B0	0x0805A60C	InitMainMiniAnim	DemoBattleAnimationInit	new-hint	FE_GBA_Function_Library
0x0805B558	0x0805A7B4	RestartMainMiniAnim		new-hint	FE_GBA_Function_Library
0x0805B6D4	0x0805A930	SetMainMiniAnimId		funcmap-agree	FE_GBA_Function_Library
0x0805B6E4	0x0805A940	SetMainMiniAnimPos		funcmap-agree	FE_GBA_Function_Library
0x0805B700	0x0805A95C	SetMainMiniAnimLayer		funcmap-agree	FE_GBA_Function_Library
0x0805B710	0x0805A96C	IsMainMiniAnimRoundEnd		funcmap-agree	FE_GBA_Function_Library
0x0805B734	0x0805A990	ApplyMainMiniAnimHitEffect		funcmap-agree	FE_GBA_Function_Library
0x0805B748	0x0805A9A4	IsMainMiniAnimEnd		funcmap-agree	FE_GBA_Function_Library
0x0805B764	0x0805A9C0	NewEfxAnimeDrvProc	StartEkrAnimeDrvProc	new-hint	FE_GBA_Function_Library
0x0805B784	0x0805A9E0	EndEfxAnimeDrvProc	EndEkrAnimeDrvProc	new-hint	FE_GBA_Function_Library
0x0805B798	0x0805A9F4	ExecAllAIS	ExecAllAIS	new-hint	FE_GBA_Function_Library
0x0805B7A4	0x0805AA00	NewEkrUnitMainMini	StartEkrUnitMainMini	new-hint	FE_GBA_Function_Library
0x0805B7CC	0x0805AA28	EndEkrUnitMainMini		new-hint	FE_GBA_Function_Library
0x0805B7F0	0x0805AA4C	EkrUnitMainMiniMain	EkrUnitMainMini_OnLoop	funcmap-agree	FE_GBA_Function_Library
0x0805B80C	0x0805AA68	InitBanimTerrain		new-hint	FE_GBA_Function_Library
0x0805BBB8	0x0805AE14	EndBanimTerrain		new-hint	FE_GBA_Function_Library
0x0805BBE4	0x0805AE40	SetBanimTerrainPos		funcmap-agree	FE_GBA_Function_Library
0x0805BBFC	0x0805AE58	RegisterBanimTerrainTm		new-hint	FE_GBA_Function_Library
0x0805BD44	0x0805AFA0	RegisterBanimTerrainTmByPos		new-hint	FE_GBA_Function_Library
0x0805BDC0	0x0805B01C	SetBanimArenaFlag	SetBattleAnimArenaFlag	new-hint	FE_GBA_Function_Library
0x0805BDCC	0x0805B028	GetBattleAnimArenaFlag	GetBattleAnimArenaFlag	new-hint	FE_GBA_Function_Library
0x0805BDD8	0x0805B034	EkrArenaBgScroll		new-hint	FE_GBA_Function_Library
0x0805BE20	0x0805B07C	PlayDeathSoundForArena	PlayBattleCroudSfxIfArena	new-hint	FE_GBA_Function_Library
0x0805BE38	0x0805B094	StopArenaBattleMusic	RunBattleForecastTutorialEvent	new-hint	FE_GBA_Function_Library
0x0805BE4C	0x0805B0A8	BeginAnimsOnBattle_Arena	BeginAnimsOnBattle_Arena	new-hint	FE_GBA_Function_Library
0x0805BE70	0x0805B0CC	ExecBattleAnimArenaExit		new-hint	FE_GBA_Function_Library
0x0805BE94	0x0805B0F0	NewEkrTogiInitPROC	NewEkrTogiInitPROC	new-hint	FE_GBA_Function_Library
0x0805BEA8	0x0805B104	ekrTogiInit_Init		new-hint	FE_GBA_Function_Library
0x0805BF30	0x0805B18C	ekrTogiInit_LoadGfx		new-hint	FE_GBA_Function_Library
0x0805BFA4	0x0805B200	ekrTogiInit_Loop		new-hint	FE_GBA_Function_Library
0x0805C008	0x0805B264	ekrTogiInit_End		new-hint	FE_GBA_Function_Library
0x0805C01C	0x0805B278	NewEkrTogiEndPROC	NewEkrTogiEndPROC	new-hint	FE_GBA_Function_Library
0x0805C034	0x0805B290	ekrTogiEnd_Init		new-hint	FE_GBA_Function_Library
0x0805C060	0x0805B2BC	ekrTogiEnd_Loop		new-hint	FE_GBA_Function_Library
0x0805C0C4	0x08076514	EkrHenseiEnd_End		new-hint	FE_GBA_Function_Library
0x0805C0F0	0x0805B34C	NewEkrTogiColor	NewEkrTogiColor	new-hint	FE_GBA_Function_Library
0x0805C124	0x0805B380	EndEkrTogiColor	EndEkrTogiColor	new-hint	FE_GBA_Function_Library
0x0805C138	0x0805B394	ekrTogiColor_Loop		new-hint	FE_GBA_Function_Library
0x0805C170	0x0805B3CC	StartSpellAnimation	StartSpellAnimation	new-hint	FE_GBA_Function_Library
0x0805C1A4	0x0805B400	NewefxRestRST	loadResireRST5	new-hint	FE_GBA_Function_Library
0x0805C1E8	0x0805B444	efxRestRST_OnEnd		new-hint	FE_GBA_Function_Library
0x0805C1F8	0x0805B454	efxRestRSTMain		new-hint	FE_GBA_Function_Library
0x0805C28C	0x0805B4E8	NewEfxTwobaiRST		new-hint	FE_GBA_Function_Library
0x0805C2D8	0x0805B534	EfxTwobaiRSTMain		new-hint	FE_GBA_Function_Library
0x0805C2F8	0x0805B554	NewDummvRST		new-hint	FE_GBA_Function_Library
0x0805C328	0x0805B444	efxRestRST_OnEnd		new-hint	FE_GBA_Function_Library
0x0805C338	0x0805B594	DummvRSTMain		new-hint	FE_GBA_Function_Library
0x0805C384	0x0805B5E0	NewEfxRestWIN		new-hint	FE_GBA_Function_Library
0x0805C414	0x0805B670	EfxRestWINMain		new-hint	FE_GBA_Function_Library
0x0805C4D4	0x0805B724	EfxMagicHBlank_0		funcmap-agree	FE_GBA_Function_Library
0x0805C500	0x0805B750	EfxMagicHBlank_1		funcmap-agree	FE_GBA_Function_Library
0x0805C52C	0x0805B77C	EfxMagicHBlank_2		funcmap-agree	FE_GBA_Function_Library
0x0805C56C	0x0805B7BC	EfxMagicHBlank_3		funcmap-agree	FE_GBA_Function_Library
0x0805C5AC	0x0805B7FC	EfxMagicHBlank_4		funcmap-agree	FE_GBA_Function_Library
0x0805C5D8	0x0805B828	NewEfxRestWINH	loadRestWINH	new-hint	FE_GBA_Function_Library
0x0805C6EC	0x0805B93C	NewEfxRestWINH_	loadRestWINH1	funcmap-agree	FE_GBA_Function_Library
0x0805C6FC	0x0805B94C	EfxRestWINH_Wait		new-hint	FE_GBA_Function_Library
0x0805C708	0x0805B958	EfxRestWINHMain		new-hint	FE_GBA_Function_Library
0x0805C7CC	0x0805BA1C	NewEfxALPHA	loadALPHA	new-hint	FE_GBA_Function_Library
0x0805C814	0x0805BA64	EfxALPHAMain		new-hint	FE_GBA_Function_Library
0x0805C8D4	-			new-hint	FE_GBA_Function_Library
0x0805C934	0x0805BB84	EfxCircleWINMain		new-hint	FE_GBA_Function_Library
0x0805CA20	0x0805BC80	StartSpellThing_MagicQuake	StartSpellThing_MagicQuake	new-hint	FE_GBA_Function_Library
0x0805CA64	0x0805BCC4	Loop6C_efxMagicQUAKE	Loop6C_efxMagicQUAKE	new-hint	FE_GBA_Function_Library
0x0805CC2C	0x0805BE90	StartSpellAnimDummy	StartSpellAnimDummy	new-hint	FE_GBA_Function_Library
0x0805CC50	0x0805BEB4	EfxDummymagicMain	Loop6C_efxDummymagic	new-hint	FE_GBA_Function_Library
0x0805CCA4	0x08068B80	StartSpellAnimGleipnir		new-hint	FE_GBA_Function_Library
0x0805CCDC	0x0805BF40	EfxTeonoMain	Teono	new-hint	FE_GBA_Function_Library
0x0805CD78	0x0805BFDC	NewEfxTeonoOBJ		new-hint	FE_GBA_Function_Library
0x0805CE1C	0x0805C080	EfxTeonoObjMain		new-hint	FE_GBA_Function_Library
0x0805CE78	0x0805C0DC	EfxTeonoObjEnd		new-hint	FE_GBA_Function_Library
0x0805CEA0	0x0805C104	NewEfxTeonoOBJ2		new-hint	FE_GBA_Function_Library
0x0805CF24	0x0805C188	EfxTeonoObj2Main		new-hint	FE_GBA_Function_Library
0x0805CF64	-			new-hint	FE_GBA_Function_Library
0x0805CFA8	0x0805B584	DummvRST_OnEnd		new-hint	FE_GBA_Function_Library
0x0805CFB8	0x0805C21C	EfxTeonoSeMain		new-hint	FE_GBA_Function_Library
0x0805D000	0x0805C264	StartSpellAnimArrow	StartSpellAnimArrow	new-hint	FE_GBA_Function_Library
0x0805D038	0x0805C29C	EfxArrowMain	Arrow	new-hint	FE_GBA_Function_Library
0x0805D0F4	0x0805C358	NewEfxArrowOBJ	loadArrowOBJ	new-hint	FE_GBA_Function_Library
0x0805D15C	0x0805C904	EfxTeyariObjMain		new-hint	FE_GBA_Function_Library
0x0805D18C	0x0805C674	StartSpellAnimJavelinWyvernLord		new-hint	FE_GBA_Function_Library
0x0805D1E8	0x0805C6D0	StartSpellAnimJavelinGenerial	spellTeyari2	new-hint	FE_GBA_Function_Library
0x0805D244	0x0805C72C	StartSpellAnimJavelinUnk		new-hint	FE_GBA_Function_Library
0x0805D2A0	0x0805C788	StartSpellAnimJavelinPaladinF	spellTeyari4	new-hint	FE_GBA_Function_Library
0x0805D2FC	0x0805C3F0	StartSpellAnimJavelin	StartSpellAnimJavelin	new-hint	FE_GBA_Function_Library
0x0805D358	0x0805C44C	StartSpellAnimJavelinCavalier	spellTeyari6	new-hint	FE_GBA_Function_Library
0x0805D3B4	0x0805C4A8	StartSpellAnimJavelinSoldier	spellTeyari7	new-hint	FE_GBA_Function_Library
0x0805D410	0x0805C504	StartSpellAnimJavelinPaladin	spellTeyari8	new-hint	FE_GBA_Function_Library
0x0805D46C	0x0805C560	StartSpellAnimJavelinPegasusKnight	spellTeyari1	new-hint	FE_GBA_Function_Library
0x0805D4C8	0x0805C5BC	StartSpellAnimJavelinFalcon	spellTeyari3	new-hint	FE_GBA_Function_Library
0x0805D524	0x0805C618	StartSpellAnimJavelinWyvernRider	spellTeyari11	new-hint	FE_GBA_Function_Library
0x0805D580	0x0805C7E4	EfxTeyariMain		new-hint	FE_GBA_Function_Library
0x0805D628	0x0805C88C	NewEfxTeyariOBJ		new-hint	FE_GBA_Function_Library
0x0805D6A0	0x08060254	efxDivineOBJ_Loop	ArrowOBJ	new-hint	FE_GBA_Function_Library
0x0805D6D0	-		spellSong	new-hint	FE_GBA_Function_Library
0x0805D708	0x0805C96C	efxSong_Loop_Main		new-hint	FE_GBA_Function_Library
0x0805D800	0x0805CA64	StartSubSpell_efxSongBG		new-hint	FE_GBA_Function_Library
0x0805D860	-			new-hint	FE_GBA_Function_Library
0x0805D8DC	0x0805CB40	StartSubSpell_efxSongOBJ		new-hint	FE_GBA_Function_Library
0x0805D944	0x0805CBA8	efxSongOBJ_Loop		new-hint	FE_GBA_Function_Library
0x0805D978	0x0805BF08	StartSpellAnimHandAxe	StartSpellAnimHandAxe	new-hint	FE_GBA_Function_Library
0x0805D9B0	0x0805CC14	efxDance_Loop_Main		new-hint	FE_GBA_Function_Library
0x0805DAA8	0x0805CD0C	StartSpellAnimBallista	spellShooter	new-hint	FE_GBA_Function_Library
0x0805DAF8	0x0805CD5C	efxShooter_Loop_Main	shooter	new-hint	FE_GBA_Function_Library
0x0805DBB8	0x0805CE1C	StartSubSpell_efxShooterOBJ		new-hint	FE_GBA_Function_Library
0x0805DC30	0x0805C3C0	EfxArrowObjMain		new-hint	FE_GBA_Function_Library
0x0805DC9C	-			new-hint	FE_GBA_Function_Library
0x0805DD38	-			new-hint	FE_GBA_Function_Library
0x0805DDF8	-			new-hint	FE_GBA_Function_Library
0x0805DE30	0x080C1F18	StartGmapRmUpdateExt		new-hint	FE_GBA_Function_Library
0x0805DE74	-			new-hint	FE_GBA_Function_Library
0x0805DF40	0x0805D2EC	StartSubSpell_efxFirebreathBGCOL		new-hint	FE_GBA_Function_Library
0x0805DF7C	0x0805D680	efxDarkbreathBGCOL_Loop	Loop6C_efxIvaldiBG3	new-hint	FE_GBA_Function_Library
0x0805E004	0x0805CF04	efxHurtmut_Loop_Main		new-hint	FE_GBA_Function_Library
0x0805E0C0	0x0805CFC0	StartSubSpell_efxHurtmutOBJ		new-hint	FE_GBA_Function_Library
0x0805E130	-			new-hint	FE_GBA_Function_Library
0x0805E164	0x0805C264	StartSpellAnimArrow		new-hint	FE_GBA_Function_Library
0x0805E19C	0x0805D09C	efxFirebreath_Loop_Main		new-hint	FE_GBA_Function_Library
0x0805E24C	0x0805D14C	StartSubSpell_efxFirebreathOBJ		new-hint	FE_GBA_Function_Library
0x0805E2FC	0x0805D1FC	efxFirebreathOBJ_Loop		new-hint	FE_GBA_Function_Library
0x0805E360	0x0805D260	StartSubSpell_efxFirebreathBG		new-hint	FE_GBA_Function_Library
0x0805E3B4	-			new-hint	FE_GBA_Function_Library
0x0805E3EC	0x0805D2EC	StartSubSpell_efxFirebreathBGCOL		new-hint	FE_GBA_Function_Library
0x0805E428	0x0805D328	efxFirebreathBGCOL_Loop	Loop6C_efxIvaldiBG1	new-hint	FE_GBA_Function_Library
0x0805E4C4	0x0805D3C4	efxIcebreath_Loop_Main		new-hint	FE_GBA_Function_Library
0x0805E544	0x0805D444	StartSubSpell_efxIcebreathOBJ		new-hint	FE_GBA_Function_Library
0x0805E5B8	0x0805D4B8	efxIcebreathOBJ_OnEnd		new-hint	FE_GBA_Function_Library
0x0805E5D0	0x0805C934	StartSpellAnimSong	StartSpellAnimSong	new-hint	FE_GBA_Function_Library
0x0805E608	0x0805D508	efxDarkbreath_Loop_Main	Loop6C_efxDarkbreath	new-hint	FE_GBA_Function_Library
0x0805E69C	0x0805D59C	StartSubSpell_efxDarkbreathBG		new-hint	FE_GBA_Function_Library
0x0805E6EC	0x0805D5EC	efxDarkbreathBG_Loop		new-hint	FE_GBA_Function_Library
0x0805E744	0x0805D644	StartSubSpell_efxDarkbreathBGCOL		new-hint	FE_GBA_Function_Library
0x0805E780	0x0805D9F8	EfxThunderBGCOL_Loop	EfxThunderBGCOL_Main	new-hint	FE_GBA_Function_Library
0x0805E7CC	0x0805D6CC	StartSubSpell_efxDarkbreathOBJ		new-hint	FE_GBA_Function_Library
0x0805E874	0x0805D774	efxDarkbreathOBJ_Loop		new-hint	FE_GBA_Function_Library
0x0805E8D8	0x0805CEC8	StartSpellAnimBindingBlade		new-hint	FE_GBA_Function_Library
0x0805E914	0x0805D814	Loop6C_efxThunder	EfxThunder_Main	new-hint	FE_GBA_Function_Library
0x0805E9B4	0x0805D8B4	NewEfxThunderBG	StartEfxThunderBG	new-hint	FE_GBA_Function_Library
0x0805EA38	0x0805D938	EfxThunderBGMain	EfxThunderBG_Main	new-hint	FE_GBA_Function_Library
0x0805EABC	0x0805D9BC	NewEfxThunderBGCOL	StartEfxThunderBGCOL	new-hint	FE_GBA_Function_Library
0x0805EAF8	0x0805D680	efxDarkbreathBGCOL_Loop	Loop6C_efxFireBG	new-hint	FE_GBA_Function_Library
0x0805EB44	0x0805DA44	NewEfxThunderOBJ	StartEfxThunderOBJ	new-hint	FE_GBA_Function_Library
0x0805EBA4	0x0805CE94	efxShooterOBJ_Loop		new-hint	FE_GBA_Function_Library
0x0805EBD4	0x0805DAD4	StartSpellAnimFire	StartSpellAnimFire	new-hint	FE_GBA_Function_Library
0x0805EC18	0x0805DB18	StartSpellAnimElfire	StartSpellAnimElfire	new-hint	FE_GBA_Function_Library
0x0805EC5C	0x0805DB5C	Loop6C_efxFire	EfxFire_Main	new-hint	FE_GBA_Function_Library
0x0805ED64	0x0805DC64	NewEfxFireBG	loadFireBG	new-hint	FE_GBA_Function_Library
0x0805EDC4	0x0806E0D0	EfxChillEffectBGMain	Loop6C_efxIvaldiBG2	new-hint	FE_GBA_Function_Library
0x0805EE1C	0x0805DD1C	NewEfxFireOBJ	loadFireOBJ	new-hint	FE_GBA_Function_Library
0x0805EEA8	0x0805DDA8	EfxFireOBJ_Loop		new-hint	FE_GBA_Function_Library
0x0805EEF0	0x0805DDF0	StartSubSpell_efxFireHITBG	StartSubSpell_efxFireHITBG	new-hint	FE_GBA_Function_Library
0x0805EF74	0x0805DE74	EfxFireHitBG_Loop		new-hint	FE_GBA_Function_Library
0x0805EFD8	0x0805DED8	StartSubSpell_efxElfireBG	StartSubSpell_efxElfireBG	new-hint	FE_GBA_Function_Library
0x0805F070	0x0805DF70	EfxElfireBG_Loop		new-hint	FE_GBA_Function_Library
0x0805F0A4	0x0805DFA4	StartSubSpell_efxElfireBGCOL	StartSubSpell_efxElfireBGCOL	new-hint	FE_GBA_Function_Library
0x0805F0E8	0x08065384	efxOuraBGCOL_Loop		new-hint	FE_GBA_Function_Library
0x0805F130	0x0805E030	StartSubSpell_efxElfireOBJ	StartSubSpell_efxElfireOBJ	new-hint	FE_GBA_Function_Library
0x0805F1B4	0x0805DAA4	EfxThunderOBJMain	EfxThunderOBJ_Main	new-hint	FE_GBA_Function_Library
0x0805F220	0x0805E120	efxFimbulvetr_Loop_Main	Fimbulvetr	new-hint	FE_GBA_Function_Library
0x0805F330	0x0805E230	StartSubSpell_efxFimbulvetrBGTR	loadFimbulvetrBGTR	new-hint	FE_GBA_Function_Library
0x0805F3B4	0x0805E2B4	efxFimbulvetrBGTR_Loop		new-hint	FE_GBA_Function_Library
0x0805F418	0x0805E318	StartSubSpell_efxFimbulvetrBG	loadFimbulvetrBG	new-hint	FE_GBA_Function_Library
0x0805F49C	0x0805E39C	efxFimbulvetrBG_Loop		new-hint	FE_GBA_Function_Library
0x0805F530	0x0805E430	StartSubSpell_efxFimbulvetrOBJ	loadFimbulvetrOBJ	new-hint	FE_GBA_Function_Library
0x0805F594	0x0805E0B4	EfxElfireObj_Loop		new-hint	FE_GBA_Function_Library
0x0805F5C4	0x0805E4C4	StartSubSpell_efxFimbulvetrOBJ2	loadFimbulvetrOBJ2	new-hint	FE_GBA_Function_Library
0x0805F610	0x0805E510	efxFimbulvetrOBJ2_Loop		new-hint	FE_GBA_Function_Library
0x0805F63C	0x0805E53C	StartSubSpell_efxFimbulvetrOBJ2Fall	loadFimbulvetrOBJ2Fall	new-hint	FE_GBA_Function_Library
0x0805F794	0x0805E694	efxFimbulvetrOBJ2Fall_Loop		new-hint	FE_GBA_Function_Library
0x0805F854	0x0805F8B4	StartSpellAnimLightning		new-hint	FE_GBA_Function_Library
0x0805F890	0x0805E790	efxThunderstorm_Loop_Main		new-hint	FE_GBA_Function_Library
0x0805F950	0x0805E850	StartSubSpell_efxThunderstormBG		new-hint	FE_GBA_Function_Library
0x0805F9A4	0x0805E8A4	efxThunderstormBG_Loop		new-hint	FE_GBA_Function_Library
0x0805FA00	0x0805E900	StartSubSpell_efxThunderstormOBJ		new-hint	FE_GBA_Function_Library
0x0805FA24	0x0805E924	efxThunderstormOBJ_Loop		new-hint	FE_GBA_Function_Library
0x0805FA68	0x0805E968	efxThunderstormOBJ_End		new-hint	FE_GBA_Function_Library
0x0805FA8C	0x0805E98C	StartSubSpell_efxThunderstormCOLOR		new-hint	FE_GBA_Function_Library
0x0805FAB0	0x0805E9B0	efxThunderstormColor_Loop_A		new-hint	FE_GBA_Function_Library
0x0805FAE4	0x0805E9E4	efxThunderstormColor_Loop_B		new-hint	FE_GBA_Function_Library
0x0805FB4C	0x0805EA4C	efxThunderstormColor_Loop_C		new-hint	FE_GBA_Function_Library
0x0805FBAC	0x0805EAAC	StartSubSpell_efxThunderstormDARK		new-hint	FE_GBA_Function_Library
0x0805FBF0	0x0805EAF0	efxThunderstormDark_Loop_A		new-hint	FE_GBA_Function_Library
0x0805FC54	0x0805EB54	efxThunderstormDark_Loop_B		new-hint	FE_GBA_Function_Library
0x0805FC98	0x0805D388	StartSpellAnimIceBreath	StartSpellAnimIceBreath	new-hint	FE_GBA_Function_Library
0x0805FCD4	0x0805EBD4	efxAlacalibur_Loop_Main		new-hint	FE_GBA_Function_Library
0x0805FDD4	0x0805ECD4	StartSubSpell_efxAlacaliburBG		new-hint	FE_GBA_Function_Library
0x0805FE44	0x0805ED44	efxAlacaliburBG_Loop		new-hint	FE_GBA_Function_Library
0x0805FE98	0x0805ED98	StartSubSpell_efxAlacaliburBGCOL		new-hint	FE_GBA_Function_Library
0x0805FEDC	0x08061854	efxLiveBGCOL_Loop		new-hint	FE_GBA_Function_Library
0x0805FF24	0x0805EE24	StartSubSpell_efxAlacaliburOBJ		new-hint	FE_GBA_Function_Library
0x0805FFAC	0x0805EEAC	efxAlacaliburOBJ_Loop		new-hint	FE_GBA_Function_Library
0x0805FFD8	0x0805D7D8	StartSpellAnimThunder	StartSpellAnimThunder	new-hint	FE_GBA_Function_Library
0x08060014	0x0805EF14	efxMistyRain_Loop_Main		new-hint	FE_GBA_Function_Library
0x08060104	0x0805F004	StartSubSpell_efxMistyrainBG		new-hint	FE_GBA_Function_Library
0x080601B0	0x0805F0B0	StartSubSpell_efxMistyrainBG2		new-hint	FE_GBA_Function_Library
0x08060240	0x0805F140	efxMistyRainBg_Loop		new-hint	FE_GBA_Function_Library
0x080602A4	0x0805F1A4	StartSubSpell_efxMistyRainOBJ		new-hint	FE_GBA_Function_Library
0x080602E8	0x0805F1E8	StartSubSpell_efxMistyrainOBJ2		new-hint	FE_GBA_Function_Library
0x08060334	0x0805F234	efxMistyRainObj_OnEnd		new-hint	FE_GBA_Function_Library
0x0806034C	0x0805F24C	efxMistyRainObj_0		new-hint	FE_GBA_Function_Library
0x08060388	0x0805F288	efxMistyRainObj_1		new-hint	FE_GBA_Function_Library
0x080603C4	0x0805F2C4	efxMistyRainObj_2		new-hint	FE_GBA_Function_Library
0x08060400	-			new-hint	FE_GBA_Function_Library
0x0806042C	0x0805F32C	efxMistyRainObj2_1		new-hint	FE_GBA_Function_Library
0x08060454	0x0805E0E4	StartSpellAnimFimbulvetr	StartSpellAnimFimbulvetr	new-hint	FE_GBA_Function_Library
0x08060490	0x0805F390	efxResire_Loop_Main	EfxResire_Main	new-hint	FE_GBA_Function_Library
0x080605B0	0x0805F4B0	StartSubSpell_efxResireBG	loadResireBG	new-hint	FE_GBA_Function_Library
0x0806063C	0x0805F53C	StartSubSpell_efxResireBG2	loadResireBG2	new-hint	FE_GBA_Function_Library
0x080606DC	0x0805F5DC	efxResireBG_Loop_A		new-hint	FE_GBA_Function_Library
0x08060760	0x0805F660	efxResireBG_Loop_B		new-hint	FE_GBA_Function_Library
0x080607FC	0x0805F6FC	efxResireBG_Loop_C		new-hint	FE_GBA_Function_Library
0x0806086C	0x0805F76C	efxResireBG_Loop_D		new-hint	FE_GBA_Function_Library
0x080608D4	0x0805F7D4	efxResireBG2_Loop		new-hint	FE_GBA_Function_Library
0x08060938	0x0805F838	StartSubSpell_efxResireRST	loadResireRST3	new-hint	FE_GBA_Function_Library
0x08060968	0x080642BC	efxLunaRST_Loop		new-hint	FE_GBA_Function_Library
0x080609B4	0x0805E754	StartSpellAnimBolting	spellLightning	new-hint	FE_GBA_Function_Library
0x080609F0	0x0805F8F0	efxLightning_Loop_Main		new-hint	FE_GBA_Function_Library
0x08060AA8	0x0805F9A8	StartSubSpell_efxLightningBG		new-hint	FE_GBA_Function_Library
0x08060B28	0x0805FA28	efxLightningBG_Loop		new-hint	FE_GBA_Function_Library
0x08060BE0	0x0805FAE0	StartSpellAnimPurge	StartSpellAnimPurge	new-hint	FE_GBA_Function_Library
0x08060C24	0x0805FB24	efxPurge_PlayAlternatingSFX		new-hint	FE_GBA_Function_Library
0x08060C60	0x0805FB60	efxPurge_Loop_Main		new-hint	FE_GBA_Function_Library
0x08060D90	0x0805FC90	StartSubSpell_efxPurgeBG		new-hint	FE_GBA_Function_Library
0x08060DE0	0x0805FCE0	efxPurgeBG_Loop		new-hint	FE_GBA_Function_Library
0x08060E5C	0x0805FD5C	StartSubSpell_efxPurgeOBJRND		new-hint	FE_GBA_Function_Library
0x08060E90	0x0805FD90	efxPurgeOBJRND_Loop		new-hint	FE_GBA_Function_Library
0x08060EFC	0x0805FDFC	StartSubSpell_efxPurgeOBJ		new-hint	FE_GBA_Function_Library
0x08060F68	0x0805FE68	efxPurgeOBJ_OnEnd		new-hint	FE_GBA_Function_Library
0x08060F84	0x0805EB98	StartSpellAnimAircalibur	spellForblaze	new-hint	FE_GBA_Function_Library
0x08060FC0	0x0805FEC0	efxDivine_Loop_Main	DivineSfxLoop	new-hint	FE_GBA_Function_Library
0x080610B0	0x0805FFB0	StartSubSpell_efxDivineBG		new-hint	FE_GBA_Function_Library
0x08061134	0x08060034	StartSubSpell_efxDivineBG_2		new-hint	FE_GBA_Function_Library
0x080611B8	0x080600B8	StartSubSpell_efxDivineBG_3		new-hint	FE_GBA_Function_Library
0x0806123C	0x0806013C	efxDivineBG_Loop		new-hint	FE_GBA_Function_Library
0x080612E0	0x080601E0	StartSubSpell_efxDivineOBJ		new-hint	FE_GBA_Function_Library
0x08061354	0x0805E494	efxFimbulvetrOBJ_Loop		new-hint	FE_GBA_Function_Library
0x0806138C	0x0805EED8	StartSpellAnimFlux	spellDevine	new-hint	FE_GBA_Function_Library
0x080613C8	0x080602C8	efxHazymoon_Loop_Main	Hazymoon	new-hint	FE_GBA_Function_Library
0x08061540	0x08060440	StartSubSpell_efxHazymoonBG_A		new-hint	FE_GBA_Function_Library
0x080615B0	0x080604B0	StartSubSpell_efxHazymoonBG_B	loadHazymoonBG2	new-hint	FE_GBA_Function_Library
0x08061614	0x08060514	StartSubSpell_efxHazymoonBG_C	loadHazymoonBG3	new-hint	FE_GBA_Function_Library
0x0806166C	0x0805CAC4	efxSongBG_Loop		new-hint	FE_GBA_Function_Library
0x080616E8	0x080605E8	StartSubSpell_efxHazymoonOBJ2	loadHazymoonOBJ2	new-hint	FE_GBA_Function_Library
0x08061764	0x08060664	efxHazymoonOBJ2_OnEnd		new-hint	FE_GBA_Function_Library
0x0806177C	0x08060734	efxHazymoonOBJ2_Loop_C		new-hint	FE_GBA_Function_Library
0x080617D8	0x0806067C	efxHazymoonOBJ2_Loop_A		new-hint	FE_GBA_Function_Library
0x08061834	0x080606D8	efxHazymoonOBJ2_Loop_B		new-hint	FE_GBA_Function_Library
0x08061890	0x08060790	StartSubSpell_efxHazymoonOBJ3	loadHazymoonOBJ3	new-hint	FE_GBA_Function_Library
0x080618D8	0x080607D8	efxHazymoonOBJ3_Loop		new-hint	FE_GBA_Function_Library
0x08061938	0x08060838	StartSubSpell_efxHazymoonOBJ3RND		new-hint	FE_GBA_Function_Library
0x0806198C	0x0806088C	efxHazymoonOBJ3RND_OnEnd		new-hint	FE_GBA_Function_Library
0x080619A4	0x0805F354	StartSpellAnimNosferatu	StartSpellAnimNosferatu	new-hint	FE_GBA_Function_Library
0x080619E0	0x080608E0	efxFenrir_Loop_Main		new-hint	FE_GBA_Function_Library
0x08061B9C	0x08060A9C	StartSubSpell_efxFenrirBG		new-hint	FE_GBA_Function_Library
0x08061C2C	-			new-hint	FE_GBA_Function_Library
0x08061C48	0x08060B48	efxFenrirBG_Loop		new-hint	FE_GBA_Function_Library
0x08061C7C	0x08060B7C	StartSubSpell_efxFenrirBGCOL		new-hint	FE_GBA_Function_Library
0x08061CC4	0x0805C20C	EfxTeonoSeCallBack		new-hint	FE_GBA_Function_Library
0x08061CD4	0x08063EF8	efxLunaBGCOL_Loop		new-hint	FE_GBA_Function_Library
0x08061D18	0x08060C18	StartSubSpell_efxFenrirOBJ		new-hint	FE_GBA_Function_Library
0x08061D78	0x0805D030	efxHurtmutOBJ_Loop		new-hint	FE_GBA_Function_Library
0x08061DAC	0x08060CAC	StartSubSpell_efxFenrirBG2_A		new-hint	FE_GBA_Function_Library
0x08061E3C	0x08060D3C	StartSubSpell_efxFenrirBG2_B		new-hint	FE_GBA_Function_Library
0x08061EC4	0x08060DC4	efxFenrirBG2_Loop		new-hint	FE_GBA_Function_Library
0x08061F90	0x08060E90	StartSubSpell_efxFenrirOBJ2		new-hint	FE_GBA_Function_Library
0x08061FE6	0x08060ED8	efxFenrirOBJ2_Loop		new-hint	FE_GBA_Function_Library
0x08062024	0x08060F24	StartSubSpell_efxFenrirOBJ2Chiri		new-hint	FE_GBA_Function_Library
0x080620A4	0x08060FA4	efxFenrirOBJ2Chiri_Loop		new-hint	FE_GBA_Function_Library
0x08062124	-		spellLive	new-hint	FE_GBA_Function_Library
0x0806214C	0x0806104C	efxLive_Loop_Main		new-hint	FE_GBA_Function_Library
0x08062258	0x08061024	StartSpellAnimHeal	StartSpellAnimHeal	new-hint	FE_GBA_Function_Library
0x08062280	0x08061180	efxRelive_Loop_Main		new-hint	FE_GBA_Function_Library
0x080623BC	0x08061158	StartSpellAnimMend	StartSpellAnimMend	new-hint	FE_GBA_Function_Library
0x080623E4	0x080612E4	efxRecover_Loop_Main		new-hint	FE_GBA_Function_Library
0x08062520	0x080612BC	StartSpellAnimRecover	StartSpellAnimRecover	new-hint	FE_GBA_Function_Library
0x08062548	0x08061448	efxReblow_Loop_Main		new-hint	FE_GBA_Function_Library
0x08062694	0x08061594	StartSubSpell_efxLiveBG_A		new-hint	FE_GBA_Function_Library
0x08062750	0x08061650	StartSubSpell_efxLiveBG_B		new-hint	FE_GBA_Function_Library
0x08062804	0x08061704	efxLiveBG_Loop		new-hint	FE_GBA_Function_Library
0x08062874	0x08061774	StartSubSpell_efxLiveBGCOL_A		new-hint	FE_GBA_Function_Library
0x080628E4	0x080617E4	StartSubSpell_efxLiveBGCOL_B		new-hint	FE_GBA_Function_Library
0x08062954	0x08064B48	efxExcaliburBGCOL3_Loop		new-hint	FE_GBA_Function_Library
0x0806299C	0x0806189C	StartSubSpell_efxLiveALPHA		new-hint	FE_GBA_Function_Library
0x080629D8	0x08003290	UpdateSleep	_ProcSleepCallback	new-hint	FE_GBA_Function_Library
0x080629F4	0x080618F4	efxLiveALPHA_Loop_B		new-hint	FE_GBA_Function_Library
0x08062A6C	0x0806196C	StartSubSpell_efxLiveOBJ		new-hint	FE_GBA_Function_Library
0x08062ACC	0x080619CC	StartSubSpell_efxReserveOBJ		new-hint	FE_GBA_Function_Library
0x08062B30	0x0805D2B4	efxFirebreathBG_Loop		new-hint	FE_GBA_Function_Library
0x08062B64	0x08061A64	efxReserveOBJ_Loop_A		new-hint	FE_GBA_Function_Library
0x08062B98	0x08060C78	efxFenrirOBJ_Loop		new-hint	FE_GBA_Function_Library
0x08062BCC	0x08061ACC	StartSubSpell_efxReblowOBJ		new-hint	FE_GBA_Function_Library
0x08062C14	0x08061B14	efxReblowOBJ_Loop_A		new-hint	FE_GBA_Function_Library
0x08062CE4	0x08061A30	efxLiveOBJ_Loop		new-hint	FE_GBA_Function_Library
0x08062D18	0x08061C18	StartSpellAnimFortify	spellFortify	new-hint	FE_GBA_Function_Library
0x08062D48	0x08061C48	StartSpellAnimLatona	spellGreenFortify	new-hint	FE_GBA_Function_Library
0x08062D78	0x08061C78	efxReserve_Loop_Main		new-hint	FE_GBA_Function_Library
0x08062E28	0x08061D28	StartSubSpell_efxReserveBG		new-hint	FE_GBA_Function_Library
0x08062E78	0x08061D78	efxReserveBG_Loop		new-hint	FE_GBA_Function_Library
0x08062EF8	0x08061DF8	StartSubSpell_efxReserveBGCOL		new-hint	FE_GBA_Function_Library
0x08062F44	0x0805DFE8	EfxElfireBGCOL_Loop		new-hint	FE_GBA_Function_Library
0x08062F8C	0x08061E8C	StartSubSpell_efxReserveBG2		new-hint	FE_GBA_Function_Library
0x08063078	0x08061F78	efxReserveBG2_Loop		new-hint	FE_GBA_Function_Library
0x08063158	0x08062058	StartSubSpell_efxReserveBGCOL2		new-hint	FE_GBA_Function_Library
0x080631A4	0x0805EDDC	efxAlacaliburBGCOL_Loop		new-hint	FE_GBA_Function_Library
0x080631EC	0x0805FE84	StartSpellAnimDivine	StartSpellAnimDivine	new-hint	FE_GBA_Function_Library
0x08063228	0x08062128	efxRest_Loop_Main		new-hint	FE_GBA_Function_Library
0x080633A0	0x080622A0	StartSubSpell_efxRestBG		new-hint	FE_GBA_Function_Library
0x080633F4	0x080622F4	efxRestBG_Loop		new-hint	FE_GBA_Function_Library
0x08063458	0x08062358	StartSubSpell_efxRestOBJ		new-hint	FE_GBA_Function_Library
0x080634D0	0x08060BC4	efxFenrirBGCOL_OnEnd		new-hint	FE_GBA_Function_Library
0x080634E0	0x0806028C	StartSpellAnimEclipse	spellFenrir	new-hint	FE_GBA_Function_Library
0x0806351C	0x0806241C	efxSilence_Loop_Main		new-hint	FE_GBA_Function_Library
0x08063624	0x08062524	StartSubSpell_efxSilenceBG		new-hint	FE_GBA_Function_Library
0x080636B0	0x0805D5EC	efxDarkbreathBG_Loop	Loop6C_efxNaglfarBG2	new-hint	FE_GBA_Function_Library
0x08063708	0x08062608	StartSubSpell_efxSilenceOBJ		new-hint	FE_GBA_Function_Library
0x08063760	0x08062660	efxSilenceOBJ_OnEnd		new-hint	FE_GBA_Function_Library
0x08063778	0x080608A4	StartSpellAnimFenrir	StartSpellAnimFenrir	new-hint	FE_GBA_Function_Library
0x080637B4	0x080626B4	efxSleep_Loop_Main		new-hint	FE_GBA_Function_Library
0x080638B4	0x080627B4	StartSubSpell_efxSleepBG		new-hint	FE_GBA_Function_Library
0x08063940	0x0805DCC4	Loop6C_efxFireBG	Loop6C_efxFireBG	new-hint	FE_GBA_Function_Library
0x08063998	0x08062898	StartSubSpell_efxSleepOBJ		new-hint	FE_GBA_Function_Library
0x080639F0	0x080628F0	StartSubSpell_efxSleepOBJ2		new-hint	FE_GBA_Function_Library
0x08063A34	0x080623D0	efxRestOBJ_Loop		new-hint	FE_GBA_Function_Library
0x08063A44	0x08062944	StartSubSpell_efxSleepSE		new-hint	FE_GBA_Function_Library
0x08063A68	0x08062968	efxSleepSE_PlaySE		new-hint	FE_GBA_Function_Library
0x08063A88	0x08062934	efxSleepOBJ_OnEnd		new-hint	FE_GBA_Function_Library
0x08063A98	0x08063480	StartSpellAnimShine	StartSpellAnimShine	new-hint	FE_GBA_Function_Library
0x08063AD4	0x080629D4	efxHammarne_Loop_Main		new-hint	FE_GBA_Function_Library
0x08063BF4	0x08062AF4	StartSubSpell_efxHammarneBG		new-hint	FE_GBA_Function_Library
0x08063C48	0x08062B48	efxHammarneBG_Loop		new-hint	FE_GBA_Function_Library
0x08063CAC	0x08062BAC	StartSubSpell_efxHammarneOBJ		new-hint	FE_GBA_Function_Library
0x08063D04	0x08062988	efxSleepSE_OnEnd		new-hint	FE_GBA_Function_Library
0x08063D14	0x080620EC	StartSpellAnimRestore	spellHammarne	new-hint	FE_GBA_Function_Library
0x08063D50	0x08062C50	efxBerserk_Loop_Main		new-hint	FE_GBA_Function_Library
0x08063E30	0x08062D30	StartSubSpell_efxBerserkBG		new-hint	FE_GBA_Function_Library
0x08063F44	0x08062E44	efxBerserkBG_Loop		new-hint	FE_GBA_Function_Library
0x08063FAC	0x08062EAC	StartSubSpell_efxBerserkCLONE		new-hint	FE_GBA_Function_Library
0x08063FD8	0x08073240	EfxClasschgCloneMain		new-hint	FE_GBA_Function_Library
0x0806403C	0x08062C04	efxHammarneOBJ_OnEnd		new-hint	FE_GBA_Function_Library
0x0806404C	0x08062F4C	StartSubSpell_efxBerserkOBJ		new-hint	FE_GBA_Function_Library
0x080640A4	-			new-hint	FE_GBA_Function_Library
0x080640BC	0x08062FBC	efxBerserkOBJ_Loop_A		new-hint	FE_GBA_Function_Library
0x080640F8	0x08062FF8	efxBerserkOBJ_Loop_C		new-hint	FE_GBA_Function_Library
0x08064134	0x08063034	efxBerserkOBJ_Loop_E		new-hint	FE_GBA_Function_Library
0x08064170	0x08063070	efxBerserkOBJ_Loop_G		new-hint	FE_GBA_Function_Library
0x080641AC	0x080630AC	efxBerserkOBJ_Loop_I		new-hint	FE_GBA_Function_Library
0x080641E8	0x080630E8	efxBerserkOBJ_Loop_B		new-hint	FE_GBA_Function_Library
0x08064224	0x08063124	efxBerserkOBJ_Loop_D		new-hint	FE_GBA_Function_Library
0x08064260	0x08063160	efxBerserkOBJ_Loop_F		new-hint	FE_GBA_Function_Library
0x0806429C	0x0806319C	efxBerserkOBJ_Loop_H		new-hint	FE_GBA_Function_Library
0x080642D8	0x080631D8	efxBerserkOBJ_Loop_J		new-hint	FE_GBA_Function_Library
0x08064314	0x080623E0	StartSpellAnimSilence	StartSpellAnimSilence	new-hint	FE_GBA_Function_Library
0x08064350	0x08063250	efxMshield_Loop_Main		new-hint	FE_GBA_Function_Library
0x0806441C	0x0806331C	StartSubSpell_efxMshieldBG		new-hint	FE_GBA_Function_Library
0x08064478	0x080625B0	efxSilenceBG_Loop		new-hint	FE_GBA_Function_Library
0x080644D0	0x080633D0	StartSubSpell_efxMshieldBGOBJ		new-hint	FE_GBA_Function_Library
0x08064528	0x08063428	StartSubSpell_efxMshieldBGOBJ2		new-hint	FE_GBA_Function_Library
0x08064568	0x08063468	efxMshieldBGOBJ_OnEnd		new-hint	FE_GBA_Function_Library
0x08064580	0x08062678	StartSpellAnimSleep	StartSpellAnimSleep	new-hint	FE_GBA_Function_Library
0x080645BC	0x080634BC	efxShine_Loop_Main		new-hint	FE_GBA_Function_Library
0x08064690	0x08063590	StartSubSpell_efxShineBG		new-hint	FE_GBA_Function_Library
0x080646E8	0x080635E8	efxShineBG_Loop		new-hint	FE_GBA_Function_Library
0x0806474C	0x0806364C	StartSubSpell_efxShineBG2		new-hint	FE_GBA_Function_Library
0x080647D8	0x080636D8	efxShineBG2_Loop		new-hint	FE_GBA_Function_Library
0x0806486C	0x0806376C	StartSubSpell_efxShineBGCOL		new-hint	FE_GBA_Function_Library
0x080648B0	0x0806499C	efxExcaliburBGCOL2_Loop		new-hint	FE_GBA_Function_Library
0x080648F8	0x080637F8	StartSubSpell_efxShineOBJRND		new-hint	FE_GBA_Function_Library
0x08064940	0x08063840	efxShineOBJRND_Loop		new-hint	FE_GBA_Function_Library
0x080649F0	0x080638F0	StartSubSpell_efxShineOBJ		new-hint	FE_GBA_Function_Library
0x08064A48	0x08063948	efxShineOBJ_Loop		new-hint	FE_GBA_Function_Library
0x08064A74	0x08062998	StartSpellAnimHammerne	StartSpellAnimHammerne	new-hint	FE_GBA_Function_Library
0x08064AB0	0x080639B0	efxLuna_Loop_Main		new-hint	FE_GBA_Function_Library
0x08064C6C	0x08063B6C	StartSubSpell_efxLunaBG		new-hint	FE_GBA_Function_Library
0x08064CC8	0x08062840	efxSleepBG_Loop		new-hint	FE_GBA_Function_Library
0x08064D20	0x08063C20	StartSubSpell_efxLunaSCR		new-hint	FE_GBA_Function_Library
0x08064DFC	0x08063CFC	StartSubSpell_efxLunaSCR2		new-hint	FE_GBA_Function_Library
0x08064E1C	0x0806DB54	EfxSRankWeaponEffectSCR2Main		new-hint	FE_GBA_Function_Library
0x08064E64	0x08063D64	StartSubSpell_efxLunaBG2		new-hint	FE_GBA_Function_Library
0x08064F58	-			new-hint	FE_GBA_Function_Library
0x08064F74	0x08063E74	efxLunaBG2_Loop		new-hint	FE_GBA_Function_Library
0x08064FA0	0x08063EA0	StartSubSpell_efxLunaBGCOL		new-hint	FE_GBA_Function_Library
0x08064FE8	0x08062F3C	efxBerserkCLONE_OnEnd		new-hint	FE_GBA_Function_Library
0x08064FF8	0x08060BD4	efxFenrirBGCOL_Loop		new-hint	FE_GBA_Function_Library
0x0806503C	0x08063F3C	StartSubSpell_efxLunaBG3		new-hint	FE_GBA_Function_Library
0x080650C0	0x08063FC0	efxLunaBG3_Loop		new-hint	FE_GBA_Function_Library
0x08065124	0x08064024	StartSubSpell_efxLunaOBJ		new-hint	FE_GBA_Function_Library
0x08065160	0x08064060	efxLunaOBJ_Loop_A		new-hint	FE_GBA_Function_Library
0x080651D0	0x080640D0	efxLunaOBJ_Loop_B		new-hint	FE_GBA_Function_Library
0x08065278	0x0806416C	efxLunaOBJ_Loop_C		new-hint	FE_GBA_Function_Library
0x080652FC	0x080641F0	efxLunaOBJ_Loop_D		new-hint	FE_GBA_Function_Library
0x08065398	0x0806428C	StartSubSpell_efxLunaRST		new-hint	FE_GBA_Function_Library
0x080653C8	0x0805F868	efxResireRST_Loop		new-hint	FE_GBA_Function_Library
0x08065414	0x08062C14	StartSpellAnimBerserk	StartSpellAnimBerserk	new-hint	FE_GBA_Function_Library
0x08065450	0x08064344	efxExcalibur_Loop_Main		new-hint	FE_GBA_Function_Library
0x080655EC	0x080644E0	StartSubSpell_efxExcaliburBG		new-hint	FE_GBA_Function_Library
0x08065658	0x0806454C	efxExcaliburBG_OnEnd		new-hint	FE_GBA_Function_Library
0x08065674	0x08064568	efxExcaliburBG_Loop_A		new-hint	FE_GBA_Function_Library
0x08065708	0x08075828	EkrTriArmorKnightObj2Main1		new-hint	FE_GBA_Function_Library
0x08065758	0x08064DC4	efxGespenstBG4_Loop		new-hint	FE_GBA_Function_Library
0x08065778	0x0806466C	StartSubSpell_efxExcaliburBGCOL		new-hint	FE_GBA_Function_Library
0x080657BC	0x08063EE8	efxLunaBGCOL_OnEnd		new-hint	FE_GBA_Function_Library
0x08065808	0x080646FC	StartSubSpell_efxExcaliburSCR		new-hint	FE_GBA_Function_Library
0x080658DC	0x080647D0	StartSubSpell_efxExcaliburSCR2		new-hint	FE_GBA_Function_Library
0x080658FC	0x08063D1C	efxLunaSCR2_Loop		new-hint	FE_GBA_Function_Library
0x08065944	0x08064838	StartSubSpell_efxExcaliburBG2		new-hint	FE_GBA_Function_Library
0x08065A28	0x0806491C	efxExcaliburBG2_OnEnd		new-hint	FE_GBA_Function_Library
0x08065A44	0x0809656C	IsGameLockLevelReserved		new-hint	FE_GBA_Function_Library
0x08065A64	0x08064958	StartSubSpell_efxExcaliburBGCOL2		new-hint	FE_GBA_Function_Library
0x08065AA8	0x08061E44	efxReserveBGCOL_Loop		new-hint	FE_GBA_Function_Library
0x08065AF0	0x080649E4	StartSubSpell_efxExcaliburBG3		new-hint	FE_GBA_Function_Library
0x08065BD4	0x08064AC8	efxExcaliburBG3_OnEnd		new-hint	FE_GBA_Function_Library
0x08065BF0	0x0806464C	efxExcaliburBG_Loop_C		new-hint	FE_GBA_Function_Library
0x08065C10	0x08064B04	StartSubSpell_efxExcaliburBGCOL3		new-hint	FE_GBA_Function_Library
0x08065C54	0x080620A4	efxReserveBGCOL2_Loop		new-hint	FE_GBA_Function_Library
0x08065C9C	0x08064B90	StartSubSpell_efxExcaliburOBJ		new-hint	FE_GBA_Function_Library
0x08065D08	0x08064BFC	efxExcaliburOBJ_Loop		new-hint	FE_GBA_Function_Library
0x08065D34	0x08064C28	StartSubSpell_efxExcaliburBG0		new-hint	FE_GBA_Function_Library
0x08065D8C	0x08064C80	efxExcaliburBG0_Loop		new-hint	FE_GBA_Function_Library
0x08065E08	0x08063214	StartSpellAnimBarrier	spellThunderstorm	new-hint	FE_GBA_Function_Library
0x08065E44	-			new-hint	FE_GBA_Function_Library
0x08065FF0	0x08065008	StartSubSpell_efxOuraBG_A		new-hint	FE_GBA_Function_Library
0x08066084	-			new-hint	FE_GBA_Function_Library
0x08066128	-			new-hint	FE_GBA_Function_Library
0x080661D0	0x08060B2C	efxFenrirBG_OnEnd		new-hint	FE_GBA_Function_Library
0x08066234	0x08064D00	StartSubSpell_efxGespenstBG4		new-hint	FE_GBA_Function_Library
0x080662DC	0x08065300	efxOuraBG2_OnEnd		new-hint	FE_GBA_Function_Library
0x080662F8	0x08064938	efxExcaliburBG2_Loop		new-hint	FE_GBA_Function_Library
0x08066318	0x08064DE4	StartSubSpell_efxGespenstBGCOL2		new-hint	FE_GBA_Function_Library
0x08066360	0x080637B0	efxShineBGCOL_Loop		new-hint	FE_GBA_Function_Library
0x080663A8	-			new-hint	FE_GBA_Function_Library
0x08066410	0x08061A98	efxReserveOBJ_Loop_B		new-hint	FE_GBA_Function_Library
0x08066444	-			new-hint	FE_GBA_Function_Library
0x080664B8	0x08062FA4	efxBerserkOBJ_OnEnd		new-hint	FE_GBA_Function_Library
0x080664D0	0x0806B664	efxGorgonOBJ_Loop		new-hint	FE_GBA_Function_Library
0x08066508	-			new-hint	FE_GBA_Function_Library
0x08066524	0x08063974	StartSpellAnimLuna	StartSpellAnimLuna	new-hint	FE_GBA_Function_Library
0x08066560	0x08064EB0	efxOura_Loop_Main		new-hint	FE_GBA_Function_Library
0x080666B8	0x08065008	StartSubSpell_efxOuraBG_A		new-hint	FE_GBA_Function_Library
0x0806674C	0x0806509C	StartSubSpell_efxOuraBG_B		new-hint	FE_GBA_Function_Library
0x080667E0	0x08065130	StartSubSpell_efxOuraBG_C		new-hint	FE_GBA_Function_Library
0x08066874	0x08063378	efxMshieldBG_Loop		new-hint	FE_GBA_Function_Library
0x080668CC	0x0806521C	StartSubSpell_efxOuraBG2		new-hint	FE_GBA_Function_Library
0x080669B0	-			new-hint	FE_GBA_Function_Library
0x080669CC	0x08064AE4	efxExcaliburBG3_Loop		new-hint	FE_GBA_Function_Library
0x080669EC	0x0806533C	StartSubSpell_efxOuraBGCOL		new-hint	FE_GBA_Function_Library
0x08066A34	0x08064E2C	efxGespenstBGCOL2_Loop		new-hint	FE_GBA_Function_Library
0x08066A7C	0x080653CC	StartSubSpell_efxOuraBG3		new-hint	FE_GBA_Function_Library
0x08066ADC	0x0806542C	efxOuraBG3_Loop		new-hint	FE_GBA_Function_Library
0x08066B40	0x08064308	StartSpellAnimExcalibur	spellSilence	new-hint	FE_GBA_Function_Library
0x08066B7C	-			new-hint	FE_GBA_Function_Library
0x08066CC0	-			new-hint	FE_GBA_Function_Library
0x08066D24	0x08063BC8	efxLunaBG_Loop		new-hint	FE_GBA_Function_Library
0x08066E24	0x08063E58	efxLunaBG2_OnEnd		new-hint	FE_GBA_Function_Library
0x08066E88	-			new-hint	FE_GBA_Function_Library
0x08066F04	-			new-hint	FE_GBA_Function_Library
0x08066F68	0x08061BE4	efxReblowOBJ_Loop_B		new-hint	FE_GBA_Function_Library
0x08066F9C	-			new-hint	FE_GBA_Function_Library
0x08066FD4	0x080664A8	efxIvaldiWOUT_Loop		new-hint	FE_GBA_Function_Library
0x08067040	-			new-hint	FE_GBA_Function_Library
0x08067160	-			new-hint	FE_GBA_Function_Library
0x08067294	0x080657D4	StartSpellAnimIvaldi	StartSpellAnimIvaldi	new-hint	FE_GBA_Function_Library
0x080672D0	-			new-hint	FE_GBA_Function_Library
0x08067450	-			new-hint	FE_GBA_Function_Library
0x0806749C	-			new-hint	FE_GBA_Function_Library
0x08067584	0x0806B64C	efxGorgonOBJ_OnEnd		new-hint	FE_GBA_Function_Library
0x0806759C	-			new-hint	FE_GBA_Function_Library
0x08067618	-			new-hint	FE_GBA_Function_Library
0x08067634	-			new-hint	FE_GBA_Function_Library
0x0806768C	0x0806056C	efxHazymoonBG_Loop		new-hint	FE_GBA_Function_Library
0x08067708	0x08065498	StartSubSpell_efxSuperdruidBG3		new-hint	FE_GBA_Function_Library
0x08067768	0x080654F8	efxSuperdruidBG3_Loop		new-hint	FE_GBA_Function_Library
0x08067834	-			new-hint	FE_GBA_Function_Library
0x08067884	-			new-hint	FE_GBA_Function_Library
0x08067914	0x080655C4	StartSubSpell_efxSuperdruidOBJ2		new-hint	FE_GBA_Function_Library
0x08067974	0x080646B0	efxExcaliburBGCOL_OnEnd		new-hint	FE_GBA_Function_Library
0x08067984	-			new-hint	FE_GBA_Function_Library
0x080679E4	0x08065624	efxSuperdruidOBJ2_OnEnd		new-hint	FE_GBA_Function_Library
0x080679F4	0x08065634	StartSpellAnimFillasMight	spellRingThor	new-hint	FE_GBA_Function_Library
0x08067A30	0x08065670	StartSpellAnimThorsIre	spellRingNini	new-hint	FE_GBA_Function_Library
0x08067A6C	0x080656AC	StartSpellAnimNinisGrace	spellRingSet	new-hint	FE_GBA_Function_Library
0x08067AA8	0x080656E8	StartSpellAnimSetsLitany		new-hint	FE_GBA_Function_Library
0x08067AE4	0x08065724	efxDancepara_Loop		new-hint	FE_GBA_Function_Library
0x08067B94	0x08064E74	StartSpellAnimAura	StartSpellAnimAura	new-hint	FE_GBA_Function_Library
0x08067BD0	0x08065810	efxIvaldi_Loop_Main	Loop6C_efxIvaldi	new-hint	FE_GBA_Function_Library
0x08067D6C	0x080659AC	StartSpellBG_IvaldiBG1	StartSpellBG_IvaldiBG1	new-hint	FE_GBA_Function_Library
0x08067DD0	0x08065AEC	efxIvaldiBG2_Loop	Loop6C_efxIvaldiBG2	new-hint	FE_GBA_Function_Library
0x08067E38	0x08065A80	StartSpellBG_IvaldiBG2	StartSpellBG_IvaldiBG2	new-hint	FE_GBA_Function_Library
0x08067EA4	0x08065BB8	efxIvaldiBG3_Loop	Loop6C_efxIvaldiBG3	new-hint	FE_GBA_Function_Library
0x08067F04	0x08065B54	StartSpellBG_IvaldiBG3	StartSpellBG_IvaldiBG3	new-hint	FE_GBA_Function_Library
0x08067FE4	0x08065C38	StartSpellBG_IvaldiBG4	StartSpellBG_IvaldiBG4	new-hint	FE_GBA_Function_Library
0x0806804C	0x08065CA0	efxIvaldiBG4_Loop		new-hint	FE_GBA_Function_Library
0x0806812C	0x08065D84	PrepareSomeIvaldiParticleGraphics	PrepareSomeIvaldiParticleGraphics	new-hint	FE_GBA_Function_Library
0x0806814C	0x08065DA4	StartSpellOBJ_IvaldiFall	StartSpellOBJ_IvaldiFall	new-hint	FE_GBA_Function_Library
0x080681A0	0x08065DF8	efxIvaldiOBJFall_Loop		new-hint	FE_GBA_Function_Library
0x080682B8	0x08065F10	StartSpellOBJ_IvaldiSideWash	StartSpellOBJ_IvaldiSideWash	new-hint	FE_GBA_Function_Library
0x0806830C	0x08065F64	efxIvaldiOBJSideWash_Loop	Loop6C_efxIvaldiOBJSideWash	new-hint	FE_GBA_Function_Library
0x08068408	0x08066060	StartSubSpell_efxIvaldiOBJUprise		new-hint	FE_GBA_Function_Library
0x0806845C	0x080660B4	efxIvaldiOBJUprise_Loop		new-hint	FE_GBA_Function_Library
0x08068600	0x08066258	StartSubSpell_efxIvaldiOBJ1		new-hint	FE_GBA_Function_Library
0x08068704	0x0806635C	efxIvaldiOBJ1_Loop		new-hint	FE_GBA_Function_Library
0x08068738	0x08066390	StartSubSpell_efxIvaldiOBJ2		new-hint	FE_GBA_Function_Library
0x080687DC	0x08066434	efxIvaldiOBJ2_Loop		new-hint	FE_GBA_Function_Library
0x08068818	0x08066470	StartSubSpell_efxIvaldiWOUT		new-hint	FE_GBA_Function_Library
0x08068850	-			new-hint	FE_GBA_Function_Library
0x080688BC	0x08066514	StartSpellAnimDemonLight	spellShine	new-hint	FE_GBA_Function_Library
0x080688F8	0x08066550	efxMaohFlash_Loop_Main		new-hint	FE_GBA_Function_Library
0x08068A78	0x080666D0	StartSubSpell_efxMaohFlashBG1		new-hint	FE_GBA_Function_Library
0x08068B00	0x08065BB8	efxIvaldiBG3_Loop		new-hint	FE_GBA_Function_Library
0x08068B84	0x080667E0	StartSubSpell_efxMaohFlashBG2		new-hint	FE_GBA_Function_Library
0x08068BE0	0x0806683C	efxMaohFlashBG2_Loop		new-hint	FE_GBA_Function_Library
0x08068C7C	0x080668DC	efxMaohFlashBG2_FillTilemapRightEdge		funcmap-agree	FE_GBA_Function_Library
0x08068CB4	0x08066914	StartSubSpell_efxMaohFlashBG3		new-hint	FE_GBA_Function_Library
0x08068D3C	0x0806699C	efxMaohFlashBG3_Loop		new-hint	FE_GBA_Function_Library
0x08068DAC	0x08066A0C	StartSubSpell_efxMaohFlashBG4		new-hint	FE_GBA_Function_Library
0x08068E34	-			new-hint	FE_GBA_Function_Library
0x08068EB0	0x08066B14	StartSubSpell_efxMaohFlashWOUT		new-hint	FE_GBA_Function_Library
0x08068EDC	0x08066B40	efxMaohFlashWOUT_Loop_A		new-hint	FE_GBA_Function_Library
0x08068F58	0x08066BBC	efxMaohFlashWOUT_Loop_B		new-hint	FE_GBA_Function_Library
0x08068F70	0x08066BD4	StartSubSpell_efxMaohFlashBGCOL		new-hint	FE_GBA_Function_Library
0x08068FB8	0x08066C1C	efxMaohFlashBGCOL_Loop		new-hint	FE_GBA_Function_Library
0x08069010	0x08066C74	efxMaohFlash_GetSideXOffset		funcmap-agree	FE_GBA_Function_Library
0x08069034	0x08066C98	efxMaohFlash_RegisterSpritesGfx		new-hint	FE_GBA_Function_Library
0x08069114	0x08066E74	efxMaohFlashEyeLOBJ2_Loop		new-hint	FE_GBA_Function_Library
0x08069208	0x08066F90	efxMaohFlashEyeOBJ1_Loop		new-hint	FE_GBA_Function_Library
0x0806923C	0x08066EA8	efxMaohFlash_RegisterEyeFlashGfx		new-hint	FE_GBA_Function_Library
0x08069320	0x080670A8	efxMaohFlashEyeFire1OBJ1_Loop		new-hint	FE_GBA_Function_Library
0x08069430	0x080671C0	efxMaohFlashEyeFire2OBJ1_Loop		new-hint	FE_GBA_Function_Library
0x08069540	0x080674A0	efxMaohFlashThunderOBJ2_Loop		new-hint	FE_GBA_Function_Library
0x08069574	0x080671F4	StartSubSpell_efxMaohFlashThunderOBJ		new-hint	FE_GBA_Function_Library
0x080697D0	0x08066D7C	efxMaohFlashEyeROBJ2_Loop		new-hint	FE_GBA_Function_Library
0x08069804	0x080674D4	StartSpellAnimStone	StartSpellAnimStone	new-hint	FE_GBA_Function_Library
0x08069840	0x08067510	efxStone_Loop_Main		new-hint	FE_GBA_Function_Library
0x08069904	0x080675D4	StartSubSpell_efxStoneBG		new-hint	FE_GBA_Function_Library
0x08069990	0x08067660	efxStoneBG_Loop		new-hint	FE_GBA_Function_Library
0x08069A14	0x080676E4	StartSubSpell_efxStoneOBJ		new-hint	FE_GBA_Function_Library
0x08069A94	0x08067764	efxStoneOBJ_Loop		new-hint	FE_GBA_Function_Library
0x08069AC8	0x08067798	StartSpellAnimEvilEye	StartSpellAnimEvilEye	new-hint	FE_GBA_Function_Library
0x08069B04	0x080677D4	efxEvilEye_Loop_Main		new-hint	FE_GBA_Function_Library
0x08069BBC	0x0806788C	StartSubSpell_efxEvilEyeBG		new-hint	FE_GBA_Function_Library
0x08069C44	0x08065A10	efxIvaldiBG1_Loop	Loop6C_efxIvaldiBG1	new-hint	FE_GBA_Function_Library
0x08069CB4	0x08067984	StartSubSpell_efxEvilEyeBG2		new-hint	FE_GBA_Function_Library
0x08069D60	0x08067914	efxEvilEyeBG_Loop		new-hint	FE_GBA_Function_Library
0x08069DD0	0x08067AA0	StartSubSpell_efxEvilEyeOBJ		new-hint	FE_GBA_Function_Library
0x08069E78	0x08067B48	efxEvilEyeOBJ_Loop		new-hint	FE_GBA_Function_Library
0x08069EAC	0x08067B7C	StartSpellAnimNaglfar	StartSpellAnimNaglfar	new-hint	FE_GBA_Function_Library
0x08069EE8	0x08067BB8	efxNaglfar_Loop_Main	Loop6C_efxNaglfar	new-hint	FE_GBA_Function_Library
0x0806A0F4	0x08067DC4	StartSubSpell_efxNaglfarBG		new-hint	FE_GBA_Function_Library
0x0806A14C	0x08067E1C	efxNaglfarBG_Loop	Loop6C_efxNaglfarBG	new-hint	FE_GBA_Function_Library
0x0806A1C8	0x08067E98	StartSubSpell_efxNaglfarBG2		new-hint	FE_GBA_Function_Library
0x0806A218	0x08067EE8	efxNaglfarBG2_Loop	Loop6C_efxNaglfarBG2	new-hint	FE_GBA_Function_Library
0x0806A294	0x08067F64	StartSubSpell_efxNaglfarBG3		new-hint	FE_GBA_Function_Library
0x0806A2E8	0x08067A30	efxEvilEyeBG2_Loop		new-hint	FE_GBA_Function_Library
0x0806A358	0x08068028	StartSubSpell_efxNaglfarBG4		new-hint	FE_GBA_Function_Library
0x0806A3AC	0x08067FB8	efxNaglfarBG3_Loop		new-hint	FE_GBA_Function_Library
0x0806A41C	0x080680EC	StartSubSpell_efxNaglfarOBJ		new-hint	FE_GBA_Function_Library
0x0806A530	0x080682E0	efxNaglfarOBJ2_Loop		new-hint	FE_GBA_Function_Library
0x0806A564	0x0806823C	StartSubSpell_efxNaglfarOBJ2		new-hint	FE_GBA_Function_Library
0x0806A608	0x08068A28	efxDrzDrakbreathBG_Loop		new-hint	FE_GBA_Function_Library
0x0806A63C	0x08068314	StartSubSpell_efxNaglfarOBJRockGyre		new-hint	FE_GBA_Function_Library
0x0806A670	0x08068348	efxNaglfarOBJRockGyre_Loop		new-hint	FE_GBA_Function_Library
0x0806A93C	0x08068614	StartSubSpell_efxNaglfarBlack		new-hint	FE_GBA_Function_Library
0x0806A960	0x08068638	efxNaglfarBlack_Loop_A		new-hint	FE_GBA_Function_Library
0x0806A9A8	0x08068680	efxNaglfarBlack_Loop_B		new-hint	FE_GBA_Function_Library
0x0806AA60	0x08068738	efxNaglfarBlack_Loop_C		new-hint	FE_GBA_Function_Library
0x0806AAF8	0x08054328	EfxBlackOutRestorePalSync		new-hint	FE_GBA_Function_Library
0x0806AB0C	0x0805D064	StartSpellAnimFireBreath	StartSpellAnimFireBreath	new-hint	FE_GBA_Function_Library
0x0806AB44	0x0806881C	efxDrzDrakbreath_Loop_Main		new-hint	FE_GBA_Function_Library
0x0806ABE8	0x080688C0	StartSubSpell_efxDrzDrakbreathOBJ		new-hint	FE_GBA_Function_Library
0x0806AC98	0x08068970	efxDrzDrakbreathOBJ_Loop		new-hint	FE_GBA_Function_Library
0x0806ACFC	0x080689D4	StartSubSpell_efxDrzDrakbreathBG		new-hint	FE_GBA_Function_Library
0x0806AD50	0x08068208	efxNaglfarOBJ_Loop		new-hint	FE_GBA_Function_Library
0x0806AD88	0x08068A60	StartSubSpell_efxDrzDrakbreathBGCOL		new-hint	FE_GBA_Function_Library
0x0806ADC4	0x08068A9C	efxDrzDrakbreathBGCOL_Loop		new-hint	FE_GBA_Function_Library
0x0806AE24	0x08068AFC	SpellFx_WriteBgMapFillEdges		new-hint	FE_GBA_Function_Library
0x0806AEA8	0x0805D4D0	StartSpellAnimDarkBreath	StartSpellAnimDarkBreath	new-hint	FE_GBA_Function_Library
0x0806AEE0	0x08068BB8	efxDarkGrado_Loop_Main		new-hint	FE_GBA_Function_Library
0x0806B048	0x08068D20	efxDarkGradoMapFadeOut_Loop		new-hint	FE_GBA_Function_Library
0x0806B0A0	0x08068D78	StartSubSpell_efxDarkGradoMapFadeOut		new-hint	FE_GBA_Function_Library
0x0806B0C4	0x08068D9C	efxDarkGradoRestoreMapBg		new-hint	FE_GBA_Function_Library
0x0806B100	0x08068DD8	efxDarkGradoBG01_OnHBlank_13		new-hint	FE_GBA_Function_Library
0x0806B13C	0x08068E14	efxDarkGradoBG01_OnHBlank_12		new-hint	FE_GBA_Function_Library
0x0806B178	0x08068E50	efxDarkGradoBG01_OnHBlank_11		new-hint	FE_GBA_Function_Library
0x0806B1B4	0x08068E8C	efxDarkGradoBG01_OnHBlank_10		new-hint	FE_GBA_Function_Library
0x0806B1F0	0x08068EC8	efxDarkGradoBG01_OnHBlank_9		new-hint	FE_GBA_Function_Library
0x0806B22C	0x08068F04	efxDarkGradoBG01_OnHBlank_8		new-hint	FE_GBA_Function_Library
0x0806B268	0x08068F40	efxDarkGradoBG01_OnHBlank_7		new-hint	FE_GBA_Function_Library
0x0806B2A4	0x08068F7C	efxDarkGradoBG01_OnHBlank_6		new-hint	FE_GBA_Function_Library
0x0806B2E0	0x08068FB8	efxDarkGradoBG01_OnHBlank_5		new-hint	FE_GBA_Function_Library
0x0806B31C	0x08068FF4	efxDarkGradoBG01_OnHBlank_4		new-hint	FE_GBA_Function_Library
0x0806B358	0x08069030	efxDarkGradoBG01_OnHBlank_3		new-hint	FE_GBA_Function_Library
0x0806B394	0x0806906C	efxDarkGradoBG01_OnHBlank_2		new-hint	FE_GBA_Function_Library
0x0806B3D0	0x080690A8	efxDarkGradoBG01_OnHBlank_1		new-hint	FE_GBA_Function_Library
0x0806B40C	0x080690E4	efxDarkGradoBG01_OnHBlank_0		funcmap-agree	FE_GBA_Function_Library
0x0806B428	0x08069100	efxDarkGradoBG01_Loop		new-hint	FE_GBA_Function_Library
0x0806B5D8	0x080692B0	StartSubSpell_efxDarkGradoBG01		new-hint	FE_GBA_Function_Library
0x0806B684	0x0806935C	efxDarkGradoBG02_Loop_A		new-hint	FE_GBA_Function_Library
0x0806B6F4	0x080693CC	efxDarkGradoBG02_0		new-hint	FE_GBA_Function_Library
0x0806B728	0x08069400	efxDarkGradoBG02_Loop_B		new-hint	FE_GBA_Function_Library
0x0806B7B0	0x08069488	StartSubSpell_efxDarkGradoBG02		new-hint	FE_GBA_Function_Library
0x0806B850	0x0803629C	TrapDamageDisplay_Init		new-hint	FE_GBA_Function_Library
0x0806B858	0x08069530	efxDarkGradoPalFlash_Loop		new-hint	FE_GBA_Function_Library
0x0806B888	0x08069560			new-hint	FE_GBA_Function_Library
0x0806B89A	0x08069572			new-hint	FE_GBA_Function_Library
0x0806B94C	0x08069624			new-hint	FE_GBA_Function_Library
0x0806BA18	0x080696F0	StartSubSpell_efxDarkGradoPalFlash		new-hint	FE_GBA_Function_Library
0x0806BA2C	0x08069704	efxDarkGradoGetPieceX		funcmap-agree	FE_GBA_Function_Library
0x0806BAA4	0x0806977C	efxDarkGradoGetPieceY		funcmap-agree	FE_GBA_Function_Library
0x0806BB1C	0x080697F4	efxDarkGradoOBJ01piece_Loop		new-hint	FE_GBA_Function_Library
0x0806BBA0	0x08069878	NewEfxDarkGradoOBJ01piece		new-hint	FE_GBA_Function_Library
0x0806BCCC	0x080699A8	efxDarkGradoOBJ01_Loop		new-hint	FE_GBA_Function_Library
0x0806BDE8	0x08069AC4	StartSubSpell_efxDarkGradoOBJ01		new-hint	FE_GBA_Function_Library
0x0806BE20	0x08069AFC	efxDarkGradoOBJ02piece_Loop		new-hint	FE_GBA_Function_Library
0x0806BE8C	0x08069B68	StartSubSpell_efxDarkGradoOBJ02piece_A		new-hint	FE_GBA_Function_Library
0x0806BF3C	0x08069C18	StartSubSpell_efxDarkGradoOBJ02piece_B		new-hint	FE_GBA_Function_Library
0x0806C000	0x08069CDC	efxDarkGradoOBJ02_Loop		new-hint	FE_GBA_Function_Library
0x0806C1AC	0x08069E88	StartSubSpell_efxDarkGradoOBJ02		new-hint	FE_GBA_Function_Library
0x0806C1E8	0x0806AEF4	StartSpellAnimShadowshot	spellIcebreath	new-hint	FE_GBA_Function_Library
0x0806C224	0x08069F00	efxCrimsonEye_Loop_Main		new-hint	FE_GBA_Function_Library
0x0806C32C	0x0806A008	efxCrimsonEyeBGFinish1_Loop		new-hint	FE_GBA_Function_Library
0x0806C38C	0x0806A068	StartSubSpell_efxCrimsonEyeBGFinish1		new-hint	FE_GBA_Function_Library
0x0806C3F0	0x0806A0CC	efxCrimsonEyeOBJFinishPiece_Loop		new-hint	FE_GBA_Function_Library
0x0806C45C	0x0806A138	StartSubSpell_efxCrimsonEyeOBJFinishPiece		new-hint	FE_GBA_Function_Library
0x0806C510	0x0806A1EC	efxCrimsonEyeOBJFinish_Loop		new-hint	FE_GBA_Function_Library
0x0806C6F0	0x0806A3CC	StartSubSpell_efxCrimsonEyeOBJFinish		new-hint	FE_GBA_Function_Library
0x0806C718	0x0806A3F4	StartSubSpell_efxGorgonBGFinish_		new-hint	FE_GBA_Function_Library
0x0806C7A0	0x0806A47C	efxCrimsonEyeBG_Loop		new-hint	FE_GBA_Function_Library
0x0806C7F0	0x0806A4CC	StartSubSpell_efxCrimsonEyeBG		new-hint	FE_GBA_Function_Library
0x0806C884	0x0806A560	efxCrimsonEyeOBJ_WrapAngle		funcmap-agree	FE_GBA_Function_Library
0x0806C89C	0x0806A578	efxCrimsonEyeOBJ_SetDrawPriority		funcmap-agree	FE_GBA_Function_Library
0x0806C8B4	0x0806A590	efxCrimsonEyeOBJ_SetAffineScale		new-hint	FE_GBA_Function_Library
0x0806C958	0x0806A634	efxCrimsonEyeOBJ_GetOffsetX		funcmap-agree	FE_GBA_Function_Library
0x0806C970	0x0806A64C	efxCrimsonEyeOBJ_GetOffsetY		funcmap-agree	FE_GBA_Function_Library
0x0806C988	0x0806A664	efxCrimsonEyeOBJ_GetAdjustedOffsetX		new-hint	FE_GBA_Function_Library
0x0806C9E8	0x0806A6C4	efxCrimsonEyeOBJ_GetAdjustedOffsetY		new-hint	FE_GBA_Function_Library
0x0806CA20	0x0806A6FC	efxCrimsonEyeOBJ_SetAffineScaleEx		new-hint	FE_GBA_Function_Library
0x0806CAE8	0x0806A7C4	efxCrimsonEyeOBJ_Loop_A		new-hint	FE_GBA_Function_Library
0x0806CC0C	0x0806A8E8	efxCrimsonEyeOBJ_Loop_B		new-hint	FE_GBA_Function_Library
0x0806CCE8	0x0806A9C4	efxCrimsonEyeOBJ_Loop_C		new-hint	FE_GBA_Function_Library
0x0806CDC4	0x0806AAA0	efxCrimsonEyeOBJ_Loop_D		new-hint	FE_GBA_Function_Library
0x0806CEF0	0x0806ABCC	StartSubSpell_efxCrimsonEyeOBJ		new-hint	FE_GBA_Function_Library
0x0806D218	0x0806B4F8	StartSpellAnimDemonSurge	spellThunder	new-hint	FE_GBA_Function_Library
0x0806D254	0x0806AF30	efxDarkLongMons_Loop_Main		new-hint	FE_GBA_Function_Library
0x0806D3AC	0x0806B088	OnHBlank_0		funcmap-agree	FE_GBA_Function_Library
0x0806D3D0	0x0806B0AC	efxDarkLongMonsBG01_Loop_A		new-hint	FE_GBA_Function_Library
0x0806D440	0x0806B11C	efxDarkLongMonsBG01_Loop_B		new-hint	FE_GBA_Function_Library
0x0806D458	0x0806B134	StartSubSpell_efxDarkLongMonsBG01		new-hint	FE_GBA_Function_Library
0x0806D4B8	0x0806B194	efxDarkLongMonsBG02_Loop		new-hint	FE_GBA_Function_Library
0x0806D50C	0x0806B1E8	StartSubSpell_efxDarkLongMonsBG02		new-hint	FE_GBA_Function_Library
0x0806D570	0x0806B24C	efxDarkLongMonsOBJ_Loop		new-hint	FE_GBA_Function_Library
0x0806D5E4	0x0806B2C0	StartSubSpell_efxDarkLongMonsOBJ		new-hint	FE_GBA_Function_Library
0x0806D660	0x08069528	efxDarkGradoPalFlash_Init		new-hint	FE_GBA_Function_Library
0x0806D692	0x0806B344	EfxmagicShadowshot_FadeToBlack_Loop		new-hint	FE_GBA_Function_Library
0x0806D750	0x0806B3B8			new-hint	FE_GBA_Function_Library
0x0806D808	0x0806B4E4	StartSubSpell_efxDarkLongMonsFadeToBlack		new-hint	FE_GBA_Function_Library
0x0806D81C	0x08069EC4	StartSpellAnimCrimsonEye	StartSpellAnimCrimsonEye	new-hint	FE_GBA_Function_Library
0x0806D858	0x0806B534	efxGorgon_Loop_Main		new-hint	FE_GBA_Function_Library
0x0806D988	-			new-hint	FE_GBA_Function_Library
0x0806D9A4	0x0806B680	StartSubSpell_efxGorgon_0		new-hint	FE_GBA_Function_Library
0x0806DA60	0x0806B73C	efxGorgonBGDirt_Loop		new-hint	FE_GBA_Function_Library
0x0806DACC	0x0806B7A8	StartSubSpell_efxGorgonBGDirt		new-hint	FE_GBA_Function_Library
0x0806DB54	0x0806B830	efxGorgonBGTwister_Loop		new-hint	FE_GBA_Function_Library
0x0806DBC0	0x0806B89C	StartSubSpell_efxGorgonBGTwister		new-hint	FE_GBA_Function_Library
0x0806DC5C	0x0806B33C	EfxmagicShadowshot_FadeToBlack_Init		new-hint	FE_GBA_Function_Library
0x0806DC64	0x0806B940	EfxmagicDemonsurgeFadeBlack_Loop_FadeOut		new-hint	FE_GBA_Function_Library
0x0806DDF0	0x0806BACC	EfxmagicDemonsurgeFadeBlack_Loop_HoldBlack		new-hint	FE_GBA_Function_Library
0x0806DF00	0x0806BBDC	StartEfxmagicDemonsurgeFadeBlack		new-hint	FE_GBA_Function_Library
0x0806DF14	0x0806BBF0	efxGorgonOBJTwisterPiece_Loop		new-hint	FE_GBA_Function_Library
0x0806DFBC	0x0806BC98	StartSubSpell_efxGorgonOBJTwisterPiece		new-hint	FE_GBA_Function_Library
0x0806E0B8	0x0806BD94	efxGorgonOBJTwister_Loop		new-hint	FE_GBA_Function_Library
0x0806E210	0x0806BEEC	StartSubSpell_efxGorgonOBJTwister		new-hint	FE_GBA_Function_Library
0x0806E374	0x0806C050	efxGorgonBGFinish_Loop		new-hint	FE_GBA_Function_Library
0x0806E3DC	0x0806C0B8	StartSubSpell_efxGorgonBGFinish		new-hint	FE_GBA_Function_Library
0x0806E470	0x0806B938	EfxmagicDemonsurgeFadeBlack_Init		new-hint	FE_GBA_Function_Library
0x0806E478	0x0806C154	EfxmagicDemonsurgeFlash_Loop_White		new-hint	FE_GBA_Function_Library
0x0806E584	0x0806C260			new-hint	FE_GBA_Function_Library
0x0806E6BC	0x0806C398			new-hint	FE_GBA_Function_Library
0x0806E788	0x0806C464	StartEfxmagicDemonsurgeFlashWhite		new-hint	FE_GBA_Function_Library
0x0806E860	0x0806C53C			new-hint	FE_GBA_Function_Library
0x0806E92C	0x0806C608	StartEfxmagicDemonsurgeFlashBlack		new-hint	FE_GBA_Function_Library
0x0806E940	0x0806C61C	NewEfxDamageMojiEffect	StartEfxDamagaMojiEffect	new-hint	FE_GBA_Function_Library
0x0806E974	0x0806C650	efxDamageMojiEffectMain		new-hint	FE_GBA_Function_Library
0x0806E9A0	0x0806C67C	NewEfxDamageMojiEffectOBJ	StartEfxDamageMojiEffectOBJ	new-hint	FE_GBA_Function_Library
0x0806EA10	0x0806C6EC	efxDamageMojiEffectOBJMain		new-hint	FE_GBA_Function_Library
0x0806EA40	0x0806C71C	NewEfxPierceCritical	StartEfxCriticalEffect	new-hint	FE_GBA_Function_Library
0x0806EA8C	0x0806C768	efxCriricalEffectMain		new-hint	FE_GBA_Function_Library
0x0806EABC	0x0806C798	NewEfxCriricalEffectBG		new-hint	FE_GBA_Function_Library
0x0806EB0C	0x0806C7E8	efxCriricalEffectBGMain		new-hint	FE_GBA_Function_Library
0x0806EB34	-			new-hint	FE_GBA_Function_Library
0x0806EB64	0x0806CAE0	efxPierceCriticalEffectBGCOLMain		new-hint	FE_GBA_Function_Library
0x0806EBA0	0x0806C87C	NewEfxNormalEffect		new-hint	FE_GBA_Function_Library
0x0806EBE8	0x0806CB3C	efxPierceNormalEffectMain		new-hint	FE_GBA_Function_Library
0x0806EC28	0x0806CB7C	NewEfxPierceNormalEffectBG		new-hint	FE_GBA_Function_Library
0x0806ECB4	0x080651C4	efxOuraBG_Loop		new-hint	FE_GBA_Function_Library
0x0806ED0C	0x0806C9E8	NewEfxPierceCriticalEffect	StartEfxPierceCriticalEffect	new-hint	FE_GBA_Function_Library
0x0806ED2C	0x0806CA08	efxPierceCriticalEffectMain		new-hint	FE_GBA_Function_Library
0x0806ED5C	0x0806CA38	NewEfxPierceCriticalEffectBG		new-hint	FE_GBA_Function_Library
0x0806EDAC	0x0806CA88	efxPierceCriticalEffectBGMain		new-hint	FE_GBA_Function_Library
0x0806EDD4	0x0806C810	NewEfxCriricalEffectBGCOL		new-hint	FE_GBA_Function_Library
0x0806EE04	0x08074AFC	Loop6C2_EfxLvupBGCOL		new-hint	FE_GBA_Function_Library
0x0806EE40	0x0806CB1C	NewEfxPierceNormalEffect	normalEffect	new-hint	FE_GBA_Function_Library
0x0806EE60	0x0806C8C4	efxNormalEffectMain		new-hint	FE_GBA_Function_Library
0x0806EEA0	0x0806C904	NewEfxNormalEffectBG		new-hint	FE_GBA_Function_Library
0x0806EF2C	0x0806C990	efxNormalEffectBGMain		new-hint	FE_GBA_Function_Library
0x0806EF84	0x0806CC60	NewEfxYushaSpinShield		new-hint	FE_GBA_Function_Library
0x0806EFAC	0x0806CC88	EfxYushaSpinShieldMain		new-hint	FE_GBA_Function_Library
0x0806EFB8	0x0806CC94	NewEfxYushaSpinShieldOBJ		new-hint	FE_GBA_Function_Library
0x0806F038	0x0806CD14	efxYushaSpinShieldOBJ_0		new-hint	FE_GBA_Function_Library
0x0806F0A0	0x0806CD7C	efxYushaSpinShieldOBJ_1		new-hint	FE_GBA_Function_Library
0x0806F0C8	0x0806CDA4	efxYushaSpinShieldOBJ_2		new-hint	FE_GBA_Function_Library
0x0806F12C	0x0806CE08	efxYushaSpinShieldOBJ_3		new-hint	FE_GBA_Function_Library
0x0806F154	0x0806CE30	NewEfxHurtmutEff00		new-hint	FE_GBA_Function_Library
0x0806F198	0x0806CE74	EfxHurtmutEff00Main		new-hint	FE_GBA_Function_Library
0x0806F1A4	0x0806CE80	NewEfxHurtmutEff00OBJ		new-hint	FE_GBA_Function_Library
0x0806F1E8	0x0806D010	efxHurtmutEff01OBJ_1		new-hint	FE_GBA_Function_Library
0x0806F234	0x0806CF10	efxHurtmutEff00OBJ_1		new-hint	FE_GBA_Function_Library
0x0806F280	0x0806CF5C	efxHurtmutEff00OBJ_2		new-hint	FE_GBA_Function_Library
0x0806F2A4	0x0806CF80	NewEfxHurtmutEff01OBJ		new-hint	FE_GBA_Function_Library
0x0806F2E8	0x0806CFC4	efxHurtmutEff01OBJ_0		new-hint	FE_GBA_Function_Library
0x0806F334	0x0806CEC4	efxHurtmutEff00OBJ_0		new-hint	FE_GBA_Function_Library
0x0806F380	0x0806D05C	efxHurtmutEff01OBJ_2		new-hint	FE_GBA_Function_Library
0x0806F3A4	0x0806D080	NewEfxMagfcast	loadMagfcast	new-hint	FE_GBA_Function_Library
0x0806F4BC	0x0808A320	HelpBoxMoveCtrl_OnIdle		new-hint	FE_GBA_Function_Library
0x0806F4D8	0x0806D1B4	NewEfxMagfcastBG	loadMagfcastBG	new-hint	FE_GBA_Function_Library
0x0806F5B8	0x0806D294	EfxMagfcastBGMain		new-hint	FE_GBA_Function_Library
0x0806F63C	0x0806D320	NewEfxSunakemuri		new-hint	FE_GBA_Function_Library
0x0806F66C	0x0806D350	EfxSunakemuriMain		new-hint	FE_GBA_Function_Library
0x0806F678	0x0806D35C	NewEfxSunakemuriOBJ		new-hint	FE_GBA_Function_Library
0x0806F85C	0x0806D62C	EfxLokmsunaIOBJMain		new-hint	FE_GBA_Function_Library
0x0806F88C	0x0806D570	NewEfxLokmsuna		new-hint	FE_GBA_Function_Library
0x0806F8B8	0x0806D59C	EfxLokmsunaMain		new-hint	FE_GBA_Function_Library
0x0806F8C4	0x0806D5A8	NewEfxLokmsunaOBJ		new-hint	FE_GBA_Function_Library
0x0806F948	0x0806D540	EfxSunakemuriOBJMain		new-hint	FE_GBA_Function_Library
0x0806F978	0x0806D65C	NewEfxKingPika		new-hint	FE_GBA_Function_Library
0x0806F994	0x0806D678	EfxKingPikaMain		new-hint	FE_GBA_Function_Library
0x0806FA04	0x0806D6E8	NewEfxFlashFX		new-hint	FE_GBA_Function_Library
0x0806FA20	0x0806D704	EfxFlashFXMain		new-hint	FE_GBA_Function_Library
0x0806FA80	-			new-hint	FE_GBA_Function_Library
0x0806FAF4	0x0806D7D8	EfxSongOBJ2Main		new-hint	FE_GBA_Function_Library
0x0806FB44	0x0806D764	NewEfxSongOBJ2		new-hint	FE_GBA_Function_Library
0x0806FBB8	0x0806D89C	EfxDanceOBJMain		new-hint	FE_GBA_Function_Library
0x0806FBEC	0x0806D8D0	NewEfxSpecalEffect		new-hint	FE_GBA_Function_Library
0x0806FC9C	0x0806D980	EfxSpecalEffectMain		new-hint	FE_GBA_Function_Library
0x0806FCA8	0x0806D98C	NewEfxSRankWeaponEffect		new-hint	FE_GBA_Function_Library
0x0806FCC8	0x0806D9AC	EfxSRankWeaponEffectMain		new-hint	FE_GBA_Function_Library
0x0806FD38	0x0806DA1C	NewEfxSRankWeaponEffectBG		new-hint	FE_GBA_Function_Library
0x0806FD84	0x0806DA68	EfxSRankWeaponEffectBGMain		new-hint	FE_GBA_Function_Library
0x0806FDAC	0x0806DA90	NewEfxSRankWeaponEffectSCR		new-hint	FE_GBA_Function_Library
0x0806FDCC	0x0806DAB0	EfxSRankWeaponEffectSCRMain		new-hint	FE_GBA_Function_Library
0x0806FE4C	0x0806DB34	NewEfxSRankWeaponEffectSCR2		new-hint	FE_GBA_Function_Library
0x0806FE6C	0x080647F0	efxExcaliburSCR2_Loop		new-hint	FE_GBA_Function_Library
0x0806FEB4	0x0806DB9C	NewEfxMagdhisEffect		new-hint	FE_GBA_Function_Library
0x0806FED4	0x0806DBBC	EfxMagdhisEffectMain		new-hint	FE_GBA_Function_Library
0x0806FF20	0x0806DC08	NewEfxMagdhisEffectBG		new-hint	FE_GBA_Function_Library
0x0806FFBC	0x0806DCA4	EfxMagdhisEffectBGMain		new-hint	FE_GBA_Function_Library
0x0807004C	0x0806DD34	NewEfxMantBatabata		new-hint	FE_GBA_Function_Library
0x080702BC	0x0806DFA4	EfxMantBatabata_Loop1		new-hint	FE_GBA_Function_Library
0x080702E8	0x0806DFD0	EfxMantBatabata_Loop2		new-hint	FE_GBA_Function_Library
0x0807032C	0x0806E014	NewEfxChillEffect	StartEfxChillEffect	new-hint	FE_GBA_Function_Library
0x0807034C	0x0806E034	EfxChillEffectMain		new-hint	FE_GBA_Function_Library
0x08070390	0x0806E078	NewEfxChillEffectBG		new-hint	FE_GBA_Function_Library
0x080703E8	0x0806CC08	efxPierceNormalEffectBGMain		new-hint	FE_GBA_Function_Library
0x08070440	0x0806E128	NewEfxChillEffectBGCOL		new-hint	FE_GBA_Function_Library
0x08070470	0x080646C0	efxExcaliburBGCOL_Loop		new-hint	FE_GBA_Function_Library
0x080704AC	0x0806E1F0	NewEfxChillAnime	StartEfxChillAnime	new-hint	FE_GBA_Function_Library
0x0807054C	0x0806E290	EfxChillAnime_Loop		new-hint	FE_GBA_Function_Library
0x080705C8	-			new-hint	FE_GBA_Function_Library
0x080705E8	-			new-hint	FE_GBA_Function_Library
0x0807069C	-			new-hint	FE_GBA_Function_Library
0x08070724	-			new-hint	FE_GBA_Function_Library
0x08070794	-			new-hint	FE_GBA_Function_Library
0x080707BC	-			new-hint	FE_GBA_Function_Library
0x0807083C	-			new-hint	FE_GBA_Function_Library
0x08070874	-			new-hint	FE_GBA_Function_Library
0x080708B4	-			new-hint	FE_GBA_Function_Library
0x080708D8	-			new-hint	FE_GBA_Function_Library
0x08070918	0x0806E310	NewEfxSkillType01BG		new-hint	FE_GBA_Function_Library
0x08070A4C	0x08066758	efxMaohFlashBG1_Loop		new-hint	FE_GBA_Function_Library
0x08070B68	0x0806E58C	NewEfxSkillCommonBG		new-hint	FE_GBA_Function_Library
0x08070BEC	0x0806E610	EfxSkillCommonBG_PlaySfx		new-hint	FE_GBA_Function_Library
0x08070C94	0x0806E6E0	EfxSkillCommonBG_FreezeAnims		new-hint	FE_GBA_Function_Library
0x08070D50	0x0806E79C	EfxSkillCommonBG_UnfreezeAnims		new-hint	FE_GBA_Function_Library
0x08070E1C	0x0806E868	EfxSkillCommonBG_MoveCamToSelf		new-hint	FE_GBA_Function_Library
0x08070E58	0x0806E8A4	EfxSkillCommonBG_MoveCamToOther		new-hint	FE_GBA_Function_Library
0x08070EA4	0x0806E8F0	ResetClassReelSpell		funcmap-agree	FE_GBA_Function_Library
0x08070EB8	0x0806E904	EndActiveClassReelSpell		new-hint	FE_GBA_Function_Library
0x08070ED4	0x0806E920	EndActiveClassReelBgColorProc		new-hint	FE_GBA_Function_Library
0x08070EF0	0x0806E93C	SetActiveClassReelSpell		funcmap-disagree	FE_GBA_Function_Library
0x08070EFC	0x0806E948	SetActiveCRSpellBgColorProc		funcmap-disagree	FE_GBA_Function_Library
0x08070F08	0x0806E954	GetMagicEffectBufferFor		new-hint	FE_GBA_Function_Library
0x08070F10	0x0806E95C	SetCRSpellBgPosition		new-hint	FE_GBA_Function_Library
0x08070F64	0x0806E9B4	ClearCRSpellBgTmBuf		new-hint	FE_GBA_Function_Library
0x08070F94	0x0806E9E4	CRSpellCreateFrontAnim		new-hint	FE_GBA_Function_Library
0x08070FE8	0x0806EA38	CRSpell_WriteBgMap		new-hint	FE_GBA_Function_Library
0x08071054	0x0806EAA4	CRSpell_RegisterBgGfx		new-hint	FE_GBA_Function_Library
0x08071084	0x0806EAD4	CRSpell_RegisterBgPal		new-hint	FE_GBA_Function_Library
0x080710AC	0x0806EAFC	CRSpell_RegisterObjGfx		new-hint	FE_GBA_Function_Library
0x080710DC	0x0806EB2C	CRSpell_RegisterObjPal		new-hint	FE_GBA_Function_Library
0x08071104	0x0806EB54	StartClassReelSpellAnim		new-hint	FE_GBA_Function_Library
0x0807112C	0x0806ED0C	StartClassReelSpellAnimThunder		new-hint	FE_GBA_Function_Library
0x0807114C	0x0806EB9C	efxopFire_Loop_Main		new-hint	FE_GBA_Function_Library
0x0807116C	0x0806EBBC	StartCRSubSpell_efxopFireBG		new-hint	FE_GBA_Function_Library
0x080711A8	0x0806EBF8			new-hint	FE_GBA_Function_Library
0x080711CC	0x0806EC1C	efxopFireBG_Loop		new-hint	FE_GBA_Function_Library
0x08071218	0x0806EC68	StartCRSubSpell_efxopFireOBJ		new-hint	FE_GBA_Function_Library
0x08071298	0x0806EF24	efxopThunderOBJ_Loop		new-hint	FE_GBA_Function_Library
0x080712BC	-			new-hint	FE_GBA_Function_Library
0x080712DC	0x0806ED2C	efxopThunder_Loop_Main		new-hint	FE_GBA_Function_Library
0x08071304	0x0806ED54	StartCRSubSpell_efxopThunderBG		new-hint	FE_GBA_Function_Library
0x0807133E	0x0806ED8E			new-hint	FE_GBA_Function_Library
0x08071360	0x0806EDB0	efxopThunderBG_Loop		new-hint	FE_GBA_Function_Library
0x080713E4	0x0806EE34	StartCRSubSpell_efxopThunderBGCOL		new-hint	FE_GBA_Function_Library
0x08071418	0x0806F08C	efxopLiveBGCOL_Loop		new-hint	FE_GBA_Function_Library
0x08071458	0x0806EEA8	StartCRSubSpell_efxopThunderOBJ		new-hint	FE_GBA_Function_Library
0x080714D4	0x0806F820	efxopEvilEyeOBJ_Loop		new-hint	FE_GBA_Function_Library
0x080714F8	0x0806EF48	StartClassReelSpellAnimHeal		new-hint	FE_GBA_Function_Library
0x08071514	0x0806EF64	efxopLive_Loop_Main		new-hint	FE_GBA_Function_Library
0x08071568	0x0806EFB8	StartCRSubSpell_efxopLiveBG		new-hint	FE_GBA_Function_Library
0x0807159E	0x0806EFEE			new-hint	FE_GBA_Function_Library
0x080715BC	0x0806F00C	efxopLiveBG_Loop		new-hint	FE_GBA_Function_Library
0x08071608	0x0806F058	StartCRSubSpell_efxopLiveBGCOL		new-hint	FE_GBA_Function_Library
0x0807163C	0x0806EE68	efxopThunderBGCOL_Loop		new-hint	FE_GBA_Function_Library
0x0807167C	0x0806F0CC	StartCRSubSpell_efxopLiveALPHA		new-hint	FE_GBA_Function_Library
0x080716C8	0x0806F118	efxopLiveALPHA_Loop_B		new-hint	FE_GBA_Function_Library
0x08071734	0x0806F184	StartCRSubSpell_efxopLiveOBJ		new-hint	FE_GBA_Function_Library
0x08071798	0x0806F1E8	efxopLiveOBJ_Loop		new-hint	FE_GBA_Function_Library
0x080717C0	0x0806F648	StartClassReelSpellAnimMyrrh		new-hint	FE_GBA_Function_Library
0x080717E0	0x0806F230	efxopLightning_Loop_Main		new-hint	FE_GBA_Function_Library
0x080717F8	0x0806F248	StartCRSubSpell_efxopLightningBG		new-hint	FE_GBA_Function_Library
0x0807182E	0x0806F27E			new-hint	FE_GBA_Function_Library
0x08071850	0x0806F75C	efxopEvilEyeBG_Loop		new-hint	FE_GBA_Function_Library
0x080718B4	0x0806F304	StartCRSubSpell_efxopMistyrainBG		new-hint	FE_GBA_Function_Library
0x08071928	0x0806F378			new-hint	FE_GBA_Function_Library
0x0807193C	0x0806F38C	StartCRSubSpell_efxopMistyrainBG_2		new-hint	FE_GBA_Function_Library
0x0807197A	0x0806F3CA			new-hint	FE_GBA_Function_Library
0x080719A8	0x0806F3F8	efxopMistyrainBG_Loop		new-hint	FE_GBA_Function_Library
0x08071A00	0x0806F450	StartCRSubSpell_efxopMistyrainOBJ		new-hint	FE_GBA_Function_Library
0x08071A2C	0x0806F47C	StartCRSubSpell_efxopMistyrainOBJ2		new-hint	FE_GBA_Function_Library
0x08071A64	0x08054B54	DeleteEach6C_efxStatusUnit	DeleteEach6C_efxStatusUnit	new-hint	FE_GBA_Function_Library
0x08071A70	0x0806F4C0	efxopMistyrainOBJ_Loop_A		new-hint	FE_GBA_Function_Library
0x08071AA8	0x0806F4F8	efxopMistyrainOBJ_Loop_B		new-hint	FE_GBA_Function_Library
0x08071AE0	0x0806F530	efxopMistyrainOBJ_Loop_C		new-hint	FE_GBA_Function_Library
0x08071B18	0x0805F300	efxMistyRainObj2_0		new-hint	FE_GBA_Function_Library
0x08071B44	0x0806F594	efxopMistyrainOBJ2_Loop_B		new-hint	FE_GBA_Function_Library
0x08071B6C	0x0806F5BC	StartClassReelSpellAnimFlux		new-hint	FE_GBA_Function_Library
0x08071B90	0x0806F5E0	efxopMistyrain_Loop_Main		new-hint	FE_GBA_Function_Library
0x08071BF8	0x0806F6B4	StartClassReelSpellAnimEvilEye		new-hint	FE_GBA_Function_Library
0x08071C18	0x0806F668	efxopMyrrh_Loop_Main		new-hint	FE_GBA_Function_Library
0x08071C64	0x0806F844	StartClassReelSpellAnimStone		new-hint	FE_GBA_Function_Library
0x08071C84	0x0806F6D4	efxopEvilEye_Loop_A		new-hint	FE_GBA_Function_Library
0x08071C9C	0x0806F6EC	efxopEvilEye_Loop_B		new-hint	FE_GBA_Function_Library
0x08071CB4	0x0806F704	StartCRSubSpell_efxopEvilEyeBG		new-hint	FE_GBA_Function_Library
0x08071CE8	0x0806F738			new-hint	FE_GBA_Function_Library
0x08071D0C	0x0806F2A0	efxopLightningBG_Loop		new-hint	FE_GBA_Function_Library
0x08071D70	0x0806F7C0	StartCRSubSpell_efxopEvilEyeOBJ		new-hint	FE_GBA_Function_Library
0x08071DD0	0x0806F9D8	efxopStoneOBJ_Loop		new-hint	FE_GBA_Function_Library
0x08071E14	0x0806F864	efxopStone_Loop_A		new-hint	FE_GBA_Function_Library
0x08071E2C	0x0806F87C	efxopStone_Loop_B		new-hint	FE_GBA_Function_Library
0x08071E44	0x0806F894	StartCRSubSpell_efxopStoneBG		new-hint	FE_GBA_Function_Library
0x08071E7C	0x0806F8CC			new-hint	FE_GBA_Function_Library
0x08071EA0	0x0806F8F0	efxopStoneBG_Loop		new-hint	FE_GBA_Function_Library
0x08071F18	0x0806F968	StartCRSubSpell_efxopStoneOBJ		new-hint	FE_GBA_Function_Library
0x08071FAC	0x0806F9FC	ResetEkrDragonStatus		funcmap-agree	FE_GBA_Function_Library
0x08071FD8	0x0806FA28	GetEkrDragonStatus	getSpecialAnimationEffectInfo	new-hint	FE_GBA_Function_Library
0x08071FF8	0x0806FA48	GetEkrDragonStatusAttr	getSpecialAnimationEffectInfoState	funcmap-agree	FE_GBA_Function_Library
0x08072004	0x0806FA54	AddEkrDragonStatusAttr	setSpecialAnimationEffectInfoState	funcmap-agree	FE_GBA_Function_Library
0x0807201C	0x0806FA6C	GetEkrDragonStatusType	callSpecialAnimationEffectTypeGetter	funcmap-agree	FE_GBA_Function_Library
0x08072028	0x0806FA78	GetEkrDragonStatusType_		funcmap-agree	FE_GBA_Function_Library
0x08072034	0x0806FA84	SetEkrDragonStatusType		funcmap-agree	FE_GBA_Function_Library
0x08072048	0x0806FA98	GetEkrDragonStatusUnk1		funcmap-agree	FE_GBA_Function_Library
0x08072054	0x0806FAA4	SetEkrDragonStatusUnk1		funcmap-agree	FE_GBA_Function_Library
0x08072060	0x0806FAB0	GetBanimDragonStatusType		funcmap-agree	FE_GBA_Function_Library
0x08072088	0x0806FAD8	EkrDragonTmCpyHFlip		new-hint	FE_GBA_Function_Library
0x080720DC	0x0806FB2C	EkrDragonTmCpyExt		new-hint	FE_GBA_Function_Library
0x08072168	0x0806FBB8	EkrDragonTmCpyWithDistance		funcmap-agree	FE_GBA_Function_Library
0x080721A8	0x0806FBF8	CheckEfrDragonStatusAttrPrepared		funcmap-agree	FE_GBA_Function_Library
0x080721C4	0x0806FC14	CheckEfrDragonStatusAttrEnd		funcmap-agree	FE_GBA_Function_Library
0x080721E0	0x0806FC30	Fill16_EkrTsaBuffer		new-hint	FE_GBA_Function_Library
0x08072200	0x0806FC50	EkrDZ_CustomBgFadeIn	ekrBattleStarting_8055FE8	new-hint	FE_GBA_Function_Library
0x0807223C	0x0806FC8C	EfxDracoZombiePrepareTSA		new-hint	FE_GBA_Function_Library
0x08072288	0x0806FCD8	EfxDracoZombiePrepareImg		new-hint	FE_GBA_Function_Library
0x08072324	0x0806FD74	EkrDZ_MonsterFlyIntoScreen		new-hint	FE_GBA_Function_Library
0x08072454	0x0806FEA4	EkrDZ_PrepareBanimfx		new-hint	FE_GBA_Function_Library
0x08072484	0x0806FED4	EkrDZ_TriggerPreparedFlag		new-hint	FE_GBA_Function_Library
0x080724B0	0x0806FF00	EkrDZ_IdleInBattle		new-hint	FE_GBA_Function_Library
0x080724F8	0x0806FF48	EkrDZ_ReloadCustomBg		new-hint	FE_GBA_Function_Library
0x0807267C	0x080700CC	EkrDZ_ReloadCustomBgAndFadeOut		new-hint	FE_GBA_Function_Library
0x08072750	0x080768F8	EkrDK_SetDragonStatusBit3		new-hint	FE_GBA_Function_Library
0x08072768	0x080701B8	NewEkrDragonDracoZombie		new-hint	FE_GBA_Function_Library
0x08072798	0x080701E8	SetEkrDragonExit		funcmap-agree	FE_GBA_Function_Library
0x080727A4	0x080701F4	SetEkrDragonDead		funcmap-agree	FE_GBA_Function_Library
0x080727B4	0x08070204	SetEkrDragonSkipTransfer		funcmap-agree	FE_GBA_Function_Library
0x080727C4	0x08070214	CheckEkrDragonDead		funcmap-agree	FE_GBA_Function_Library
0x080727E4	0x08070234	CheckEkrDragonSkipTransfer		funcmap-agree	FE_GBA_Function_Library
0x08072804	0x08070254	InitEkrDragonStatus		new-hint	FE_GBA_Function_Library
0x0807282C	0x0807027C	EfxBgFlashingForDragon		new-hint	FE_GBA_Function_Library
0x08072880	0x080702D0	GetEkrDragonPalette		funcmap-agree	FE_GBA_Function_Library
0x080728AC	0x080702FC	SetEkrDragonPaletteBack		new-hint	FE_GBA_Function_Library
0x080728DC	0x0807032C	SetEkrDragonPaletteFront		new-hint	FE_GBA_Function_Library
0x0807290C	0x0807035C	BanimSetFrontPaletteForDragon		new-hint	FE_GBA_Function_Library
0x08072930	0x08070380	NewEkrDragonQuakeTree3		funcmap-agree	FE_GBA_Function_Library
0x0807293C	0x0807038C	NewEkrDragonQuake		new-hint	FE_GBA_Function_Library
0x08072974	0x080703C4	EkrDragonQuakeMain		new-hint	FE_GBA_Function_Library
0x08072B10	0x08070568	NewEkrWhiteINOUT		new-hint	FE_GBA_Function_Library
0x08072B50	0x080705A8	EkrWhiteINOUT_Loop1		new-hint	FE_GBA_Function_Library
0x08072BC0	0x08070618	EkrWhiteINOUT_Loop2		new-hint	FE_GBA_Function_Library
0x08072C18	0x08070670	EkrWhiteINOUT_Loop3		new-hint	FE_GBA_Function_Library
0x08072C88	0x080706E0	EkrWhiteINOUT_RefrainPalette		new-hint	FE_GBA_Function_Library
0x08072CB8	0x08070710	EkrDragon_BlendPalette		funcmap-agree	FE_GBA_Function_Library
0x08072D68	0x080707C0	EkrDragonPalFade_Init		new-hint	FE_GBA_Function_Library
0x08072DA4	0x080707FC	EkrDragonPalFade_Loop		new-hint	FE_GBA_Function_Library
0x08072E1C	0x08070874	EkrDragonPalFade_End		new-hint	FE_GBA_Function_Library
0x08072E48	0x080708A0	NewEkrDragonPalFade		new-hint	FE_GBA_Function_Library
0x08072E74	0x080708CC	NewEkrDragonManakete	loadFireDragonBattleAnimationBG	new-hint	FE_GBA_Function_Library
0x08072EA4	0x080708FC	EkrMyr_PrepareBanimfx		new-hint	FE_GBA_Function_Library
0x08072F14	0x0807096C	EkrMyr_WaitForTransform		new-hint	FE_GBA_Function_Library
0x08072F74	0x080709CC	EkrMyr_TrigerForPrepared		new-hint	FE_GBA_Function_Library
0x08072F94	0x080709EC	EkrMyr_InBattleIdle		new-hint	FE_GBA_Function_Library
0x08072FBC	0x08070A14	EkrMyr_ReturnToLoli		new-hint	FE_GBA_Function_Library
0x0807308C	0x08070AE4	EkrMyr_WaitForReturnEnd		new-hint	FE_GBA_Function_Library
0x080730E4	0x08070B3C	RegisterEkrDragonStatusType		new-hint	FE_GBA_Function_Library
0x08073228	0x08070D04	EfxTmReplacePal		funcmap-agree	FE_GBA_Function_Library
0x080732A0	0x08070D7C	FillBGRect	FillBGRect	funcmap-agree	FE_GBA_Function_Library
0x080732E0	0x08070DBC	EfxTmAddPal		funcmap-agree	FE_GBA_Function_Library
0x08073348	0x08070E24	EfxTmModifyPal		funcmap-agree	FE_GBA_Function_Library
0x080733B8	0x08070E94	EfxTmCpyBG		funcmap-agree	FE_GBA_Function_Library
0x080733E8	0x08070EC4	EfxTmCpyBgHFlip		new-hint	FE_GBA_Function_Library
0x08073418	0x08070EF4	EfxTmCpyExt		new-hint	FE_GBA_Function_Library
0x080734BC	0x08070FA4	EfxTmCpyExtHFlip		new-hint	FE_GBA_Function_Library
0x0807356C	0x08071068	EkrBuildGaugeBarTiles		funcmap-agree	FE_GBA_Function_Library
0x08073644	0x08071140	EkrModifyBarfx		funcmap-agree	FE_GBA_Function_Library
0x080736C4	0x080711C0	EkrPalModifyUnused		new-hint	FE_GBA_Function_Library
0x080737A4	0x080712B0	EfxPalBlackInOut		new-hint	FE_GBA_Function_Library
0x08073820	0x0807132C	EfxPalWhiteInOut	ApplyFlashingPaletteAnimation	new-hint	FE_GBA_Function_Library
0x080738A4	0x080713B0	EfxPalFlashingInOut		new-hint	FE_GBA_Function_Library
0x0807395C	0x08071468	EfxPalModifyPetrifyEffect		new-hint	FE_GBA_Function_Library
0x080739D0	0x080714DC	EfxSplitColor		funcmap-agree	FE_GBA_Function_Library
0x08073A10	0x0807151C	EfxSplitColorPetrify		new-hint	FE_GBA_Function_Library
0x08073A68	0x08071574	EfxCalcSplitedColorStep		new-hint	FE_GBA_Function_Library
0x08073AE8	0x080715F4	EfxDecodeSplitedPalette		funcmap-agree	FE_GBA_Function_Library
0x08073B80	0x0807168C	EfxChapterMapFadeOUT		new-hint	FE_GBA_Function_Library
0x08073BA4	0x080716B0	LCGRand_N	GetOtherRN_N	new-hint	FE_GBA_Function_Library
0x08073BBC	0x080716C8	NewEkrsubAnimeEmulator	StartEkrsubAnimeEmulator	new-hint	FE_GBA_Function_Library
0x08073C08	0x08071714	EkrsubAnimeEmulatorMain		new-hint	FE_GBA_Function_Library
0x08073CC8	0x080717D4	GetAnimSpriteRotScaleX		new-hint	FE_GBA_Function_Library
0x08073CE4	0x080717F0	GetAnimSpriteRotScaleY		new-hint	FE_GBA_Function_Library
0x08073E74	0x08071990	EfxPlaySE	SomeBattlePlaySound_8071990	new-hint	FE_GBA_Function_Library
0x08073ED4	0x080719F0	Loop6C_efxSoundSE	Loop6C_efxSoundSE	new-hint	FE_GBA_Function_Library
0x08073F28	0x08071A44	DoM4aSongNumStop		new-hint	FE_GBA_Function_Library
0x08073F38	0x08071A54	EfxOverrideBgm		new-hint	FE_GBA_Function_Library
0x08073F60	0x08071A7C	StopBGM1		new-hint	FE_GBA_Function_Library
0x08073F70	0x08071A8C	UnregisterEfxSoundSeExist	Unset20200AC	funcmap-agree	FE_GBA_Function_Library
0x08073F7C	0x08071A98	RegisterEfxSoundSeExist	Set20200AC	funcmap-agree	FE_GBA_Function_Library
0x08073F88	0x08071AA4	CheckEfxSoundSeExist	Get20200AC	funcmap-agree	FE_GBA_Function_Library
0x08073F94	0x08071AB0	M4aPlayWithPostionCtrl		new-hint	FE_GBA_Function_Library
0x08074050	0x08071B6C	EfxPlaySEwithCmdCtrl		new-hint	FE_GBA_Function_Library
0x0807473C	0x08072258	GetEfxSoundType1FromTerrain		new-hint	FE_GBA_Function_Library
0x08074888	0x080723A4	IsAnimSoundInPositionMaybe		new-hint	FE_GBA_Function_Library
0x080748B8	0x080723D4	GetEfxSoundType2FromBaseCon		funcmap-agree	FE_GBA_Function_Library
0x080748E4	0x08072400	GetEfxHpChangeType		new-hint	FE_GBA_Function_Library
0x08074934	0x08072450	EfxPlayHittedSFX	playHitSound	new-hint	FE_GBA_Function_Library
0x080749E0	0x08072504	EfxPlayCriticalHittedSFX		new-hint	FE_GBA_Function_Library
0x08074A24	0x08072548	EfxCheckRetaliation		funcmap-agree	FE_GBA_Function_Library
0x08074A4C	0x08072570	EfxCheckStaffType		new-hint	FE_GBA_Function_Library
0x08074B88	0x080726AC	EkrPlayMainBGM		new-hint	FE_GBA_Function_Library
0x08074D78	0x0807289C	EkrRestoreBGM		new-hint	FE_GBA_Function_Library
0x08074DAC	0x080728D0	GetBanimBossBGM		funcmap-agree	FE_GBA_Function_Library
0x08074DE8	0x0807290C	GetProperAnimSoundLocation		new-hint	FE_GBA_Function_Library
0x08074E80	0x080729A4	PlaySFX	PlaySFX	new-hint	FE_GBA_Function_Library
0x08074E9C	0x080729C0	PlaySfxAutomatically		new-hint	FE_GBA_Function_Library
0x08074EBC	0x080729E0	EkrClasschgFinished	EkrClasschgFinished	funcmap-agree	FE_GBA_Function_Library
0x08074EDC	0x08072A00	EndEkrClasschg	EndEkrClasschg	new-hint	FE_GBA_Function_Library
0x08074EF0	0x08072A14	NewEkrClassChg	NewEkrClassChg	new-hint	FE_GBA_Function_Library
0x08074F20	0x08072A44	EkrClasschgMain		new-hint	FE_GBA_Function_Library
0x0807529C	0x08072DC0	EkrClasschgRegisterDone		new-hint	FE_GBA_Function_Library
0x080752A4	0x0806F4B4	efxopMistyrainOBJ_OnEnd		new-hint	FE_GBA_Function_Library
0x080752B4	0x08072DD8	NewEkrClasschgBG1		new-hint	FE_GBA_Function_Library
0x080752F8	0x08072E1C	NewEkrClasschgBG2		new-hint	FE_GBA_Function_Library
0x0807533C	0x08072E60	EfxClasschgBgMain		new-hint	FE_GBA_Function_Library
0x080753B4	0x08072ED8	NewEfxClasschgBGSE00		new-hint	FE_GBA_Function_Library
0x080753D0	0x08072EF4	EfxClasschgBGSE00Main		new-hint	FE_GBA_Function_Library
0x08075434	0x08072F58	NewEfxClasschgBGSE01		new-hint	FE_GBA_Function_Library
0x08075450	0x08072F74	EfxClasschgBGSE01Main		new-hint	FE_GBA_Function_Library
0x08075460	0x08072F84	NewEfxClasschgOBJGain		new-hint	FE_GBA_Function_Library
0x080754AC	0x08072FD0	EfxClasschgOBJGainMain		new-hint	FE_GBA_Function_Library
0x080754C4	0x08072FE8	NewEfxClasschgOBJDrop		new-hint	FE_GBA_Function_Library
0x08075510	0x08073034	EfxClasschgOBJDropMain		new-hint	FE_GBA_Function_Library
0x08075528	0x0807304C	NewEfxClasschgOBJDiffusion		new-hint	FE_GBA_Function_Library
0x08075588	0x080730AC	EfxClasschgOBJDiffusionMain		new-hint	FE_GBA_Function_Library
0x080755A0	0x080730C4	NewEfxClasschgFIN		new-hint	FE_GBA_Function_Library
0x080756A4	0x080731C8	EfxClasschgFinMain		new-hint	FE_GBA_Function_Library
0x080756FC	0x08073220	NewEfxClasschgCLONE		new-hint	FE_GBA_Function_Library
0x0807571C	0x08076934	EkrDragonBaseHideMain		new-hint	FE_GBA_Function_Library
0x08075784	0x080732A8	NewEfxBlackInOutUnit		new-hint	FE_GBA_Function_Library
0x080757BC	0x080732E0	EfxBlackInOutUnitMain		new-hint	FE_GBA_Function_Library
0x08075864	0x08073388	NewEfxWhiteInOutUnit		new-hint	FE_GBA_Function_Library
0x0807589C	0x080733C0	EfxWhiteInOutUnitMain		new-hint	FE_GBA_Function_Library
0x08075944	0x08073468	NewEfxClasschgRST		new-hint	FE_GBA_Function_Library
0x08075988	0x080734AC	EfxClasschgRSTMain		new-hint	FE_GBA_Function_Library
0x080759D4	0x080734F8	CheckEkrLvupDone	DoesEkrLevelUpSomething	funcmap-agree	FE_GBA_Function_Library
0x080759F4	0x08073518	EndEkrLevelUp	EndEkrLevelUp	new-hint	FE_GBA_Function_Library
0x08075A08	0x0807352C	EkrLvup_InitStatusText		new-hint	FE_GBA_Function_Library
0x08075DA0	0x080738B8	EkrLvup_DrawUpdatedStatus		new-hint	FE_GBA_Function_Library
0x08075DF8	0x08073910	EkrLvup_DrawUnitName		new-hint	FE_GBA_Function_Library
0x08075E30	0x08073948	EkrLvup_DrawPreLevelValue		new-hint	FE_GBA_Function_Library
0x08075E70	0x08073988	NewEkrLevelup	NewEkrLevelup	new-hint	FE_GBA_Function_Library
0x08075EC8	0x080739E0	EkrLvup_OnPrepare		new-hint	FE_GBA_Function_Library
0x08075F34	-			new-hint	FE_GBA_Function_Library
0x08076170	0x08073CE8	EkrLvup_InitLevelUpBox		new-hint	FE_GBA_Function_Library
0x080762A0	0x08073E18	EkrLvup_SetBgs		new-hint	FE_GBA_Function_Library
0x080762D0	0x08073E48	EkrLvup_InitPalette		new-hint	FE_GBA_Function_Library
0x08076314	0x08073E8C	EkrLvup_PutWindowOnScreen		new-hint	FE_GBA_Function_Library
0x0807643C	0x08073FB4	EkrLvup_PrepareApGfx		new-hint	FE_GBA_Function_Library
0x08076468	0x08073FE0	EkrLvup_Promo_WindowScroll0		new-hint	FE_GBA_Function_Library
0x080764C8	0x08074040	EkrLvup_Promo_DrawPromoNewClassName		new-hint	FE_GBA_Function_Library
0x08076550	0x080740C8	EkrLvup_Promo_WindowScroll1		new-hint	FE_GBA_Function_Library
0x080765A4	0x0807411C	EkrLvup_DrawNewLevel		new-hint	FE_GBA_Function_Library
0x08076624	0x0807419C	EkrLvup_InitCounterForMainAnim		new-hint	FE_GBA_Function_Library
0x08076654	0x080741CC	EkrLvup_MainAnime		new-hint	FE_GBA_Function_Library
0x08076744	0x080742BC	EkrLvup_SetHBlank		new-hint	FE_GBA_Function_Library
0x08076774	0x080742EC	EkrLvup_DoNothing		new-hint	FE_GBA_Function_Library
0x08076780	0x080742F8	EkrLvup_PutWindowOffScreen		new-hint	FE_GBA_Function_Library
0x08076848	0x0807DBE4	MapAnimTorch_Init		new-hint	FE_GBA_Function_Library
0x08076980	0x08074544	EkrLvup_OnEnd		new-hint	FE_GBA_Function_Library
0x080769BC	0x08074580	NewEfxPartsofScroll		new-hint	FE_GBA_Function_Library
0x080769D4	0x08074598	EfxUpdatePartsofScroll		funcmap-agree	FE_GBA_Function_Library
0x08076A4C	0x08074610	EfxPartsofScrollMain		funcmap-agree	FE_GBA_Function_Library
0x08076A58	0x0807461C	NewEfxPartsofScroll2		new-hint	FE_GBA_Function_Library
0x08076A74	0x08074638	EfxPartsofScroll2Main		new-hint	FE_GBA_Function_Library
0x08076AF8	0x080746C0	NewEfxleveluphb		new-hint	FE_GBA_Function_Library
0x08076BC4	0x0807478C	EfxleveluphbCallBack		new-hint	FE_GBA_Function_Library
0x08076BD0	0x08074798	EfxleveluphbNop		new-hint	FE_GBA_Function_Library
0x08076BDC	0x080747A4	EfxleveluphbMain		funcmap-agree	FE_GBA_Function_Library
0x08076C6C	0x08074834	EkrLvupHBlank		funcmap-agree	FE_GBA_Function_Library
0x08076CAC	0x08074874	EfxPartsofScroll2HBlank		funcmap-agree	FE_GBA_Function_Library
0x08076CFC	0x080748C4	NewEfxlvupbg		new-hint	FE_GBA_Function_Library
0x08076D44	0x0807490C	EfxlvupbgMain		new-hint	FE_GBA_Function_Library
0x08076D9C	0x08074964	NewEfxLvupBG2		new-hint	FE_GBA_Function_Library
0x08076DE8	0x080749B0	EfxLvupBg2Main		new-hint	FE_GBA_Function_Library
0x08076E2C	0x080749F4	NewEfxLvupOBJ2		new-hint	FE_GBA_Function_Library
0x08076E8C	-			new-hint	FE_GBA_Function_Library
0x08076E98	0x08074A60	NewEfxLvupBGCOL		new-hint	FE_GBA_Function_Library
0x08076ECC	0x08074A94	Loop6C1_EfxLvupBGCOL		new-hint	FE_GBA_Function_Library
0x08076F34	0x0806C840	efxCriricalEffectBGCOLMain		new-hint	FE_GBA_Function_Library
0x08076F78	0x08074B40	EkrLvupApfxMain		new-hint	FE_GBA_Function_Library
0x08076FC8	0x08074B90	NewEkrLvupApfx		new-hint	FE_GBA_Function_Library
0x0807702C	0x08074BF4	EkrLvupApfxEndEach		new-hint	FE_GBA_Function_Library
0x08077048	0x08074C10	PutEkrLvupStatGainLabelGfx1		new-hint	FE_GBA_Function_Library
0x080770B0	0x08074C78	PutEkrLvupStatGainLabelGfx2		new-hint	FE_GBA_Function_Library
0x08077190	0x08074D58	BanimDrawStatupAp		new-hint	FE_GBA_Function_Library
0x080772A4	0x08074E6C	EobjLvup_SpawnArrowAndLabel		new-hint	FE_GBA_Function_Library
0x08077314	0x08074EDC	EobjLvup_RedrawGainLabel		new-hint	FE_GBA_Function_Library
0x0807734C	0x08074F14	EobjLvup_WaitEndAndClear		new-hint	FE_GBA_Function_Library
0x08077374	0x08074F3C	CheckEkrTriangleInvalid	HasBattleAnimTriangeAttackEnded	funcmap-agree	FE_GBA_Function_Library
0x08077390	0x08074F58	Nop_BanimEkrtriangle_0	nullsub_18	new-hint	FE_GBA_Function_Library
0x08077394	0x08074F5C	NewEkrTriangle	StartEkrTriangle	new-hint	FE_GBA_Function_Library
0x080773B8	0x08074F80	EkrTriangleMain	EkrTriangle_OnLoop	new-hint	FE_GBA_Function_Library
0x080775BC	0x08075184	NewEkrTriPegasusKnight	StartEkrPegasusKnight	new-hint	FE_GBA_Function_Library
0x080775F4	0x080751BC	EkrTriPegasusKnightMain		new-hint	FE_GBA_Function_Library
0x080776B4	0x0807527C	NewEkrTriPegasusKnightBG	StartEkrPegasusKnightBG	new-hint	FE_GBA_Function_Library
0x08077740	0x08075308	EkrTriPegasusKnightBgMain		new-hint	FE_GBA_Function_Library
0x08077788	0x08075350	NewEkrTriPegasusKnightOBJ		new-hint	FE_GBA_Function_Library
0x0807785C	0x08075424	NewEkrTriArmorKnight		new-hint	FE_GBA_Function_Library
0x08077894	0x0807545C	EkrTriArmorKnightMain		new-hint	FE_GBA_Function_Library
0x08077970	0x08075538	NewEkrTriArmorKnightOBJ		new-hint	FE_GBA_Function_Library
0x08077AF4	0x080756BC	EkrTriArmorKnightObjMain		new-hint	FE_GBA_Function_Library
0x08077B50	0x08075718	NewEkrTriArmorKnightOBJ2		new-hint	FE_GBA_Function_Library
0x08077C60	0x080645FC	efxExcaliburBG_Loop_B		new-hint	FE_GBA_Function_Library
0x08077CAC	0x080753FC	EkrTriPegasusKnightObjMain		new-hint	FE_GBA_Function_Library
0x08077CD4	0x0807589C	NewEfxTriangleQUAKE		new-hint	FE_GBA_Function_Library
0x08077D0C	0x080758D4	EfxTriangleQUAKEMain		new-hint	FE_GBA_Function_Library
0x08077E84	0x08075A50	PutBanimBgIMG		new-hint	FE_GBA_Function_Library
0x08077EA4	0x08075A70	PutBanimBgTSA		new-hint	FE_GBA_Function_Library
0x08077EE8	0x08075AB4	PutBanimBgPAL		new-hint	FE_GBA_Function_Library
0x08077F0C	0x08075AD8	PutBanimBG		new-hint	FE_GBA_Function_Library
0x08077F54	0x08075B20	CheckEkrPopupEnded	DoesBattlePopupExist	funcmap-agree	FE_GBA_Function_Library
0x08077F70	0x08075B3C	DeleteAnimsOnPopup	DeleteAnimsOnPopup	new-hint	FE_GBA_Function_Library
0x08077F8C	0x08075B58	EfxPlaySound5AVol100		new-hint	FE_GBA_Function_Library
0x08077F9C	0x08075B68	EfxPlaySound5CVol100		new-hint	FE_GBA_Function_Library
0x08077FAC	0x08075B78	MakeBattlePopupTileMapFromTSA	MakeBattlePopupTileMapFromTSA	funcmap-agree	FE_GBA_Function_Library
0x080780DC	-			new-hint	FE_GBA_Function_Library
0x08078338	0x08075F18	NewEkrPopup	StartAnimsOnPopups	new-hint	FE_GBA_Function_Library
0x0807848C	0x0807606C	BattlePopup_Wait16Frames	BattlePopup_Wait16Frames	new-hint	FE_GBA_Function_Library
0x080784A8	0x08076088	ekrPopup_DrawWRankUp	ekrPopup_DrawWRankUp	new-hint	FE_GBA_Function_Library
0x080784D0	0x08076178	ekrPopup_WaitWpnBroke	ekrPopup_WaitWpnBroke	new-hint	FE_GBA_Function_Library
0x0807850C	0x080760EC	ekrPopup_DrawWRankUp2	ekrPopup_DrawWRankUp2	new-hint	FE_GBA_Function_Library
0x08078534	0x080760B0	ekrPopup_WaitWRankUp	ekrPopup_WaitWRankUp	new-hint	FE_GBA_Function_Library
0x08078570	0x08076088	ekrPopup_DrawWRankUp		new-hint	FE_GBA_Function_Library
0x08078598	0x08076114	ekrPopup_WaitWRankUp2	ekrPopup_WaitWRankUp2	new-hint	FE_GBA_Function_Library
0x080785D4	0x080760EC	ekrPopup_DrawWRankUp2		new-hint	FE_GBA_Function_Library
0x080785FC	0x080761DC	ekrPopup_WaitWpnBroke2	ekrPopup_WaitWpnBroke2	new-hint	FE_GBA_Function_Library
0x0807863C	0x0807621C	ekrPopup_MarkEnd	ekrPopup_MarkEnd	new-hint	FE_GBA_Function_Library
0x08078670	0x08076250	ekrPopup_DrawWpnUsable		new-hint	FE_GBA_Function_Library
0x080786B0	0x08076290	ekrPopup_WaitWpnUsable		new-hint	FE_GBA_Function_Library
0x080786F0	0x080762D0	ekrPopup_DrawWpnUsable2		new-hint	FE_GBA_Function_Library
0x08078730	0x08076310	CheckBanimHensei		funcmap-agree	FE_GBA_Function_Library
0x08078750	0x08076330	BeginAnimsOnBattle_Hensei	BeginAnimsOnBattle_Hensei	new-hint	FE_GBA_Function_Library
0x08078774	0x08076354	ExecEkrHenseiEnd		new-hint	FE_GBA_Function_Library
0x0807878C	0x0807636C	NewEkrHenseiInitPROC	NewEkrHenseiInitPROC	new-hint	FE_GBA_Function_Library
0x080787A0	0x08076380	EkrHenseiInit_Init		new-hint	FE_GBA_Function_Library
0x08078800	0x080763E0	EkrHenseiInit_SetupFade		new-hint	FE_GBA_Function_Library
0x08078820	0x080764B0	EkrHenseiEnd_FadeOutLoop		new-hint	FE_GBA_Function_Library
0x08078884	0x08076464	EkrHenseiInit_End		new-hint	FE_GBA_Function_Library
0x08078890	0x08076470	NewEkrHenseiEnd		new-hint	FE_GBA_Function_Library
0x080788A4	0x08076484	EkrHenseiEnd_Init		new-hint	FE_GBA_Function_Library
0x080788D0	0x08076400	EkrHenseiInit_FadeInLoop		new-hint	FE_GBA_Function_Library
0x08078934	-			new-hint	FE_GBA_Function_Library
0x08078960	0x08076540	NewEkrDragonDemonKing		new-hint	FE_GBA_Function_Library
0x080789BC	0x0807659C	CheckEkrWpnDemonLight		new-hint	FE_GBA_Function_Library
0x080789EC	0x080765CC	EkrDKStartBaseHide		new-hint	FE_GBA_Function_Library
0x08078A04	0x080765E4	EkrDK_CustomBgFadeIn	FireDragonBGAnimation2	new-hint	FE_GBA_Function_Library
0x08078A40	0x08076620	Fill16_EkrTsaBuffer_		new-hint	FE_GBA_Function_Library
0x08078A60	0x08076640	EkrDK_BgMovement		new-hint	FE_GBA_Function_Library
0x08078ABC	0x0807669C	EkrDK_PrepareBanimfx		new-hint	FE_GBA_Function_Library
0x08078B04	0x080766E4	PrepareDemonKingBGFx		new-hint	FE_GBA_Function_Library
0x08078BB8	0x08076798	EkrDK_IdleInBattle	FireDragonBGAnimation11	new-hint	FE_GBA_Function_Library
0x08078C14	0x080767F4	EkrDK_WaitForFadeOut		new-hint	FE_GBA_Function_Library
0x08078C38	0x08076818	EkrDK_ReloadTerrainEtc		new-hint	FE_GBA_Function_Library
0x08078CC0	0x080768A0	EkrDK_ReloadCustomBgAndFadeOut	FireDragonBGAnimation14	new-hint	FE_GBA_Function_Library
0x08078D18	0x080768F8	EkrDK_SetDragonStatusBit3	FireDragonBGAnimation15	new-hint	FE_GBA_Function_Library
0x08078D30	0x08076910	NewEkrDragonBaseHide		new-hint	FE_GBA_Function_Library
0x08078D54	0x08062ED8	efxBerserkCLONE_Loop		new-hint	FE_GBA_Function_Library
0x08078DBC	0x0807699C	EkrDragonBaseHide_Nop		new-hint	FE_GBA_Function_Library
0x08078DC8	0x080769A8	NewEkrDragonBaseAppear		new-hint	FE_GBA_Function_Library
0x08078E30	0x08076A10	EkrDragonBaseAppearMain		new-hint	FE_GBA_Function_Library
0x08078E98	0x08076A78	EkrDragonBaseAppear_Nop		new-hint	FE_GBA_Function_Library
0x08078EA4	0x08076A84	EkrDKHandler_NewDragonAnime	FireDragonBGAnimation10	new-hint	FE_GBA_Function_Library
0x08078EC4	0x08076AA4	NewEkrDragonBodyAnime		new-hint	FE_GBA_Function_Library
0x08078EF4	0x08076AD4	EfxDKUpdateFrontAnimPostion		new-hint	FE_GBA_Function_Library
0x08079030	0x08076C10	EkrDemoKingAtkRavager_Init		funcmap-agree	FE_GBA_Function_Library
0x08079054	0x08076C34	EkrDemoKingAtkRavager_OnEnd		funcmap-agree	FE_GBA_Function_Library
0x08079074	0x08076C54	EkrDemoKingAtkRavager_Lunge		new-hint	FE_GBA_Function_Library
0x08079180	0x08076F48	EkrDemoKingBodyShake_Out		new-hint	FE_GBA_Function_Library
0x08079208	0x08076DE8	EkrDemoKingAtkRavager_WaitHit		new-hint	FE_GBA_Function_Library
0x08079220	0x08076E00	EkrDemoKingAtkRavager_Settle		new-hint	FE_GBA_Function_Library
0x080792A4	0x08076E84	EkrDemoKingBodyHold		new-hint	FE_GBA_Function_Library
0x08079328	0x08076F08	EkrDemoKingBodyShake_Init		funcmap-agree	FE_GBA_Function_Library
0x08079348	0x08076F28	EkrDemoKingBodyShake_OnEnd		funcmap-agree	FE_GBA_Function_Library
0x08079368	0x08076FD4	EkrDemoKingBodyShake_Back		new-hint	FE_GBA_Function_Library
0x080793F4	0x08076D60	EkrDemoKingAtkRavager_Recoil		new-hint	FE_GBA_Function_Library
0x0807947C	0x0807705C	EkrDragonBodyAnimeSet54		new-hint	FE_GBA_Function_Library
0x0807949C	0x0807707C	EkrDragonBodyAnimeMain		new-hint	FE_GBA_Function_Library
0x080795EC	0x080771C8	NewEkrDemoKingAtk		new-hint	FE_GBA_Function_Library
0x08079608	0x080771E4	EkrDemoKingAtkMain		new-hint	FE_GBA_Function_Library
0x080796E4	0x080772C0	NewEkrDragonBodvBlack		new-hint	FE_GBA_Function_Library
0x08079708	0x080772E4	EkrDragonBodyBlack_FadePalStep		new-hint	FE_GBA_Function_Library
0x08079734	0x08077310	EkrDragonBodyBlackMain		new-hint	FE_GBA_Function_Library
0x080797BC	0x08077398	EkrDragonTunk_WhiteOutSfx		new-hint	FE_GBA_Function_Library
0x080797E0	0x080773BC	EkrdragonDemonking_Init		funcmap-agree	FE_GBA_Function_Library
0x08079808	0x080773E4	EkrdragonDemonking_Loop		new-hint	FE_GBA_Function_Library
0x08079884	0x08077460	EkrdragonDemonking_OnEnd		new-hint	FE_GBA_Function_Library
0x08079898	0x08077474	EkrDemoKing_DecompressBgTsaHFlip		new-hint	FE_GBA_Function_Library
0x08079930	0x0807750C	EkrDemoKing_BG3TmSetPosition		new-hint	FE_GBA_Function_Library
0x08079984	0x08077560	NewProc087F4518		new-hint	FE_GBA_Function_Library
0x080799A8	0x08077584	NewEkrDragonTunkFace		new-hint	FE_GBA_Function_Library
0x080799C0	0x0807759C	EkrDragonTunkFaceRegisterAnim		new-hint	FE_GBA_Function_Library
0x08079A0C	0x080775E8	EkrDragonTunkFaceIdle		new-hint	FE_GBA_Function_Library
0x08079A44	0x08077620	EkrDragonTunkFaceRegisterAnim2		new-hint	FE_GBA_Function_Library
0x08079A90	0x0807766C	EkrDragonTunkFaceIdle2		funcmap-agree	FE_GBA_Function_Library
0x08079A9C	0x08074A54	EfxLvupOBJ2CallBack		new-hint	FE_GBA_Function_Library
0x08079AA8	0x08077684	EkrDragonTunkFaceUpdatePos4		new-hint	FE_GBA_Function_Library
0x08079AD4	0x080776B0	EkrDragonTunkFaceHoldPos		new-hint	FE_GBA_Function_Library
0x08079AFC	0x080776D8	EfxTmDecompress		new-hint	FE_GBA_Function_Library
0x08079B60	0x0807773C	EfxBG3TmSetPosition		new-hint	FE_GBA_Function_Library
0x08079BB4	0x08077790	NewEkrDragonTunk		new-hint	FE_GBA_Function_Library
0x08079C04	0x080777E0	DemonKingDeadWhiteOut		new-hint	FE_GBA_Function_Library
0x08079CC0	0x0807789C	EkrDragonTunkMain		new-hint	FE_GBA_Function_Library
0x08079ED0	0x08077AAC	NewEkrWhiteOUT		new-hint	FE_GBA_Function_Library
0x08079F10	0x08077AEC	EkrWhiteOutFadeIn		new-hint	FE_GBA_Function_Library
0x08079F80	0x08077B5C	EkrWhiteOutDelay		new-hint	FE_GBA_Function_Library
0x08079FD8	0x08077BB4	EkrWhiteOutFadeOut		new-hint	FE_GBA_Function_Library
0x0807A048	0x08077C24	EkrWhiteOutOnEnd		new-hint	FE_GBA_Function_Library
0x0807A15C	0x08077D38	EkrDemonkingObj_UpdateBgPosLoop		new-hint	FE_GBA_Function_Library
0x0807A1A4	0x08077D80	EkrDemonkingObj_GetShakeOffset		new-hint	FE_GBA_Function_Library
0x0807A1D8	0x08077DB4	EkrDemonkingObj_SetBgOffset		funcmap-agree	FE_GBA_Function_Library
0x0807A1EC	0x08077DC8	EkrDemonkingObj_RevealInit		new-hint	FE_GBA_Function_Library
0x0807A288	0x08077E64	EkrDemonkingObj_RevealTimerInit		funcmap-agree	FE_GBA_Function_Library
0x0807A290	0x08077E6C	EkrDemonkingObj_RevealLoop		new-hint	FE_GBA_Function_Library
0x0807A2C0	0x08077E9C	EkrDemonkingObj_RevealOnEnd		new-hint	FE_GBA_Function_Library
0x0807A2D0	0x08077EAC	EkrDemonkingObj_SetBgPosition		new-hint	FE_GBA_Function_Library
0x0807A310	0x08077EEC	EkrDemonkingObj_StartDissolveProc		new-hint	FE_GBA_Function_Library
0x0807A328	0x08077F04	EkrDemonkingObj_DissolveInit		funcmap-agree	FE_GBA_Function_Library
0x0807A334	0x08077F10	EkrDemonkingObj_DissolveLoop		new-hint	FE_GBA_Function_Library
0x0807A3C0	0x08077F9C	EkrDemonkingObj_SetTilePixel		funcmap-agree	FE_GBA_Function_Library
0x0807A3EC	0x08077FC8	CopyPalWithFade		funcmap-agree	FE_GBA_Function_Library
0x0807A468	0x08078044	NewEkrSelfThunder		new-hint	FE_GBA_Function_Library
0x0807A49C	0x08078078	EkrSelfThunderMain		new-hint	FE_GBA_Function_Library
0x0807A4C8	0x080780A4	EfxSelfThunderBGUpdateAnimTSA		new-hint	FE_GBA_Function_Library
0x0807A548	0x08078124	NewEkrSelfThunderBG		new-hint	FE_GBA_Function_Library
0x0807A564	0x08078140	EfxSelfThunderBGUpdateAnim		new-hint	FE_GBA_Function_Library
0x0807A598	0x08078174	EfxSelfThunderBGOnInit		funcmap-agree	FE_GBA_Function_Library
0x0807A5C0	0x0807819C	EfxSelfThunderBGMain		new-hint	FE_GBA_Function_Library
0x0807A638	0x08078214	GetSpellAssocStructPtr	GetSpellAssocStructPtr	new-hint	FE_GBA_Function_Library
0x0807A66C	0x08078248	GetSpellAssocCharCount	GetSpellAssocCharCount	funcmap-agree	FE_GBA_Function_Library
0x0807A67C	0x08078258	GetSpellAssocEfxIndex		funcmap-agree	FE_GBA_Function_Library
0x0807A68C	0x08078268	GetSpellAssocMapAnimProcScript	GetSpellAssocMapAnimProcScript	funcmap-agree	FE_GBA_Function_Library
0x0807A69C	0x08078278	GetSpellAssocReturnBool	GetSpellAssocReturnBool	funcmap-agree	FE_GBA_Function_Library
0x0807A6AC	0x08078288	GetSpellAssocFacing	GetSpellAssocFacing	funcmap-agree	FE_GBA_Function_Library
0x0807A6BC	0x08078298	GetSpellAssocFlashColor	GetSpellAssocFlashColor	funcmap-agree	FE_GBA_Function_Library
0x0807A6CC	0x080782A8	SelectFromWeightedArray		new-hint	FE_GBA_Function_Library
0x0807A710	0x080782EC	GenerateMonsterLevel	GenerateMonsterLevel	new-hint	FE_GBA_Function_Library
0x0807A748	0x08078324	GenerateMonsterClass	GenerateMonsterClass	funcmap-agree	FE_GBA_Function_Library
0x0807A774	0x08078350	GenerateMonsterItems	GenerateMonsterItems	funcmap-agree	FE_GBA_Function_Library
0x0807A830	0x0807840C	InitMus	MU_Init	funcmap-agree	FE_GBA_Function_Library
0x0807A84C	0x08078428	StartMuExt	MU_CreateExt	funcmap-agree	FE_GBA_Function_Library
0x0807A888	0x08078464	StartMu	MU_Create	new-hint	FE_GBA_Function_Library
0x0807A8FC	0x080784D8	UpdateMu	MU_ManualUpdate	new-hint	FE_GBA_Function_Library
0x0807A908	0x080784E4	EnableMuCamera	MU_EnableAttractCamera	funcmap-agree	FE_GBA_Function_Library
0x0807A910	0x080784EC	DisableMuCamera	MU_DisableAttractCamera	funcmap-agree	FE_GBA_Function_Library
0x0807A918	0x080784F4	StartUiMu	MU_CreateForUI	funcmap-agree	FE_GBA_Function_Library
0x0807A948	0x08078524	StartUiStandingMu		new-hint	FE_GBA_Function_Library
0x0807A964	0x08078540	StartMuInternal	MU_CreateInternal	new-hint	FE_GBA_Function_Library
0x0807AAB8	0x08078694	SetMuFacing	MU_SetFacing	new-hint	FE_GBA_Function_Library
0x0807AAE0	0x080786BC	SetMuDefaultFacing	MU_SetDefaultFacing	new-hint	FE_GBA_Function_Library
0x0807AB0C	0x080786E8	SetAutoMuDefaultFacing	MU_SetDefaultFacing_Auto	new-hint	FE_GBA_Function_Library
0x0807AB24	0x08078700	SetAutoMuMoveScript	MU_StartMoveScript_Auto	new-hint	FE_GBA_Function_Library
0x0807AB44	0x08078720	MuExists	MU_Exists	new-hint	FE_GBA_Function_Library
0x0807AB5C	0x08078738	MuExistsActive	MU_IsAnyActive	funcmap-agree	FE_GBA_Function_Library
0x0807AB94	0x08078770	IsMuActive	MU_IsActive	funcmap-agree	FE_GBA_Function_Library
0x0807ABB4	0x08078790	SetMuMoveScript	MU_StartMoveScript	funcmap-agree	FE_GBA_Function_Library
0x0807ABE8	0x080787C4	StartMuScripted	MU_CreateScripted	funcmap-agree	FE_GBA_Function_Library
0x0807AC20	0x080787FC	MuStepSe_Init	MU_StepSound_OnInit	funcmap-agree	FE_GBA_Function_Library
0x0807AC34	0x08078810	MuStepSe_PlaySeA	MU_StepSound_OnFirstSound	new-hint	FE_GBA_Function_Library
0x0807AC48	0x08078824	MuStepSe_PlaySeB	MU_StepSound_OnSecondSound	new-hint	FE_GBA_Function_Library
0x0807AC60	0x0807883C	StartPlayMuStepSe	MU_StartStepSfx	new-hint	FE_GBA_Function_Library
0x0807ACAC	0x08078888	PlayMuStepSe	MU_PlayStepSfx	new-hint	FE_GBA_Function_Library
0x0807ACB8	0x08078894	EndMuMovement	MU_8078894	new-hint	FE_GBA_Function_Library
0x0807ACBC	0x08078898	RunMuMoveScript	MU_InterpretCommandScript	new-hint	FE_GBA_Function_Library
0x0807AE28	0x08078A14	StartMuFogBump	MU_StartFogBumpFx	new-hint	FE_GBA_Function_Library
0x0807AE78	0x08078A64	MuFogBump_Init	MU_FogBumpFx_FirstFrame	new-hint	FE_GBA_Function_Library
0x0807AF1C	0x08078B08	MuFogBump_ScaleLoop	MU_FogBumpFx_TransitionInLoop	new-hint	FE_GBA_Function_Library
0x0807AFE0	0x08078BCC	MuFogBump_EndLoop	MU_FogBumpFx_DisplayLoop	new-hint	FE_GBA_Function_Library
0x0807B010	0x08078BFC	MU_IsFogBumpFxActive	MU_IsFogBumpFxActive	new-hint	FE_GBA_Function_Library
0x0807B028	0x08078C14	Mu_OnStateBump	MU_State_WaitForFogBump	funcmap-agree	FE_GBA_Function_Library
0x0807B044	0x08078C30	Mu_OnStateUnk4	MU_State_StartMovement	funcmap-agree	FE_GBA_Function_Library
0x0807B04C	0x08078C38	Mu_OnStateSleeping	MU_State_WaitForTimer	funcmap-agree	FE_GBA_Function_Library
0x0807B074	0x08078C60	Mu_OnStateMovement	MU_State_DuringMovement	new-hint	FE_GBA_Function_Library
0x0807B180	0x08078D6C	UpdateMuStepSounds	MU_AdvanceStepSfx	new-hint	FE_GBA_Function_Library
0x0807B444	0x08079030	Mu_OnLoop	MU_OnLoop	new-hint	FE_GBA_Function_Library
0x0807B4A4	0x08079090	MU_OnEnd	MU_OnEnd	new-hint	FE_GBA_Function_Library
0x0807B4B8	0x080790A4	EndAllMus	MU_EndAll	new-hint	FE_GBA_Function_Library
0x0807B4C8	0x080790B4	EndMu	MU_End	new-hint	FE_GBA_Function_Library
0x0807B4D4	0x080790C0	EndMuExt	MU_EndInternal	new-hint	FE_GBA_Function_Library
0x0807B4E0	0x080790CC	HaltMu	MU_80790CC	new-hint	FE_GBA_Function_Library
0x0807B4F4	0x080790E0	LockMus	MU_AllDisable	new-hint	FE_GBA_Function_Library
0x0807B500	0x080790EC	ReleaseMus	MU_AllEnable	new-hint	FE_GBA_Function_Library
0x0807B50C	0x080790F8	ApplyMoveScriptToCoordinates	MU_GetComputedEndPosition	funcmap-agree	FE_GBA_Function_Library
0x0807B580	0x0807916C	CanStartMu	MU_CanStart	funcmap-agree	FE_GBA_Function_Library
0x0807B5A4	0x08079190	ResetMuAnims	MU_AllRestartAnimations	funcmap-agree	FE_GBA_Function_Library
0x0807B5E0	0x080791CC	GetDefaultMuConfig	MU_GenerateConfigDefault	new-hint	FE_GBA_Function_Library
0x0807B620	0x0807920C	GetNewMuConfig	MU_GenerateConfigOther	new-hint	FE_GBA_Function_Library
0x0807B660	0x0807924C	GetMuDisplayPosition	MU_ComputeDisplayPosition	new-hint	FE_GBA_Function_Library
0x0807B70C	0x080792F8	PutMuSMS	MU_DisplayAsSMS	new-hint	FE_GBA_Function_Library
0x0807B7B8	0x080793A4	PutMu	MU_DisplayAsMMS	new-hint	FE_GBA_Function_Library
0x0807B890	0x0807947C	GetMuQ4MovementSpeed	MU_GetMovementSpeed	new-hint	FE_GBA_Function_Library
0x0807B950	0x0807953C	SetMuConfig	MU_SetMoveConfig	funcmap-agree	FE_GBA_Function_Library
0x0807B96C	0x08079558	GetMuImgBufById	MU_GetGfxBufferById	funcmap-agree	FE_GBA_Function_Library
0x0807B988	0x08079574	GetMuImg	MU_GetSheetGfx	funcmap-agree	FE_GBA_Function_Library
0x0807B99C	0x08079588	GetMuAnimForJid	MU_GetAnimationByClassId	new-hint	FE_GBA_Function_Library
0x0807B9B0	0x0807959C	MU_StartDeathFade	MU_StartDeathFade	new-hint	FE_GBA_Function_Library
0x0807BA2C	0x08079618	MuDeathFade_OnLoop	MU_DeathFade_OnLoop	new-hint	FE_GBA_Function_Library
0x0807BA68	0x08079654	MuBlink_OnLoop	MU_BlinkEffect_OnLoop	new-hint	FE_GBA_Function_Library
0x0807BAA0	0x0807968C	StartBlinkMu	MU_StartBlinkEffect	new-hint	FE_GBA_Function_Library
0x0807BAE8	0x080796D4	MU_SetupPixelEffect	MU_SetupPixelEffect	funcmap-agree	FE_GBA_Function_Library
0x0807BB44	0x08079730	MuPixelEffect_OnLoop	MU_PixelEffect_OnLoop	new-hint	FE_GBA_Function_Library
0x0807BB9C	0x08079788	MU_StartPixelEffect	MU_StartPixelEffect	new-hint	FE_GBA_Function_Library
0x0807BBE8	0x080797D4	HideMu	MU_Hide	funcmap-agree	FE_GBA_Function_Library
0x0807BBF0	0x080797DC	ShowMu	MU_Show	funcmap-agree	FE_GBA_Function_Library
0x0807BBF8	0x080797E4	SetMuScreenPosition	MU_SetDisplayPosition	funcmap-agree	FE_GBA_Function_Library
0x0807BC08	0x080797F4	SetMuScreenOffset	MU_SetDisplayOffset	funcmap-agree	FE_GBA_Function_Library
0x0807BC18	0x08079804	StartMuFadeIntoFlash	MU_StartFlashFade	new-hint	FE_GBA_Function_Library
0x0807BC6C	0x08079858	StartMuFadeFromFlash	MU_8079858	new-hint	FE_GBA_Function_Library
0x0807BCA0	0x0807988C	MuRestorePalInfo_Apply	MU_807988C	funcmap-agree	FE_GBA_Function_Library
0x0807BCC4	0x080798B0	StartMuActionAnim	MU_StartActionAnim	new-hint	FE_GBA_Function_Library
0x0807BCF4	0x080798E0	MuActionAnimFinishFunc	MU_EndSelectionApAnim	new-hint	FE_GBA_Function_Library
0x0807BCFC	0x080798E8	StartMuDelayedFaceDefender	MU_StartDelayedFaceTarget	new-hint	FE_GBA_Function_Library
0x0807BD20	0x0807990C	MuDelayedFaceDefenderFunc	MU_EndRefaceApAnim	new-hint	FE_GBA_Function_Library
0x0807BD58	0x08079944	StartMuSpeedUpAnim	MU_StartFastMoveAnim	new-hint	FE_GBA_Function_Library
0x0807BD7C	0x08079968	MuSlowDownAnimFreezeFunc	MU_EndFasterApAnim	new-hint	FE_GBA_Function_Library
0x0807BD84	0x08079970	StartMuCritFlash	MU_StartCritFlash	new-hint	FE_GBA_Function_Library
0x0807BDB4	0x080799A0	MuCritFlash_Init	MU_CritFlash_Init	funcmap-agree	FE_GBA_Function_Library
0x0807BDBC	0x080799A8	MuCritFlash_SetFadedPalette	MU_CritFlash_SetFadedPalette	funcmap-agree	FE_GBA_Function_Library
0x0807BDDC	0x080799C8	MuCritFlash_SetRegularPalette	MU_CritFlash_SetRegularPalette	new-hint	FE_GBA_Function_Library
0x0807BE00	0x080799EC	MuCritFlash_StartFadeBack_maybe	MU_CritFlash_StartFadeBack_maybe	new-hint	FE_GBA_Function_Library
0x0807BE24	0x08079A10	MuCritFlash_SpriteShakeLoop	MU_CritFlash_SpriteShakeLoop	new-hint	FE_GBA_Function_Library
0x0807BE64	0x08079A50	MuCritFlash_RestorePalette	MU_CritFlash_RestorePalette	new-hint	FE_GBA_Function_Library
0x0807BE88	0x08079A74	StartMuHitFlash	MU_StartHitFlash	new-hint	FE_GBA_Function_Library
0x0807BEE8	0x08079AD4	MuFlashFadeFrom_RestorePal	MU_HitFlash_RestorePalette	new-hint	FE_GBA_Function_Library
0x0807BF0C	0x08079AF8	SetMuMaxWalkSpeed	MU_AllForceSetMaxMoveSpeed	new-hint	FE_GBA_Function_Library
0x0807BF24	0x08079B10	MuMaxWalkSpeedFunc	MU_ForceSetMaxMoveSpeed	funcmap-agree	FE_GBA_Function_Library
0x0807BF2C	0x08079B18	SetMuSpecialSprite	MU_SetSpecialSprite	new-hint	FE_GBA_Function_Library
0x0807BF80	0x08079B6C	SetMuPal	MU_SetPaletteId	funcmap-agree	FE_GBA_Function_Library
0x0807BFA4	0x08079B90	GetMu	MU_GetByIndex	funcmap-agree	FE_GBA_Function_Library
0x0807BFCC	0x08079BB8	GetUnitMu	MU_GetByUnit	funcmap-agree	FE_GBA_Function_Library
0x0807BFF4	0x08079BE0	SortMus	MU_SortObjLayers	new-hint	FE_GBA_Function_Library
0x0807C0DC	0x08079CD8	CopyEventMoveREDAs	CopyEventMoveToBuffer	funcmap-agree	FE_GBA_Function_Library
0x0807C144	0x08079D40	ClearEventMoveBuffer	ClearEventMoveBuffer	funcmap-agree	FE_GBA_Function_Library
0x0807C178	0x08079D74	MuCtr_StartDefinedMove		new-hint	FE_GBA_Function_Library
0x0807C1DC	0x08079DDC	MuCtr_StartMoveTowards	MuCtr_CreateWithReda	new-hint	FE_GBA_Function_Library
0x0807C270	0x08079E78	MuCtr_InitDefinedMove	MuCtr_InitFromReda	new-hint	FE_GBA_Function_Library
0x0807C37C	0x08079F84	MuCtrExists	MuCtr_Exists	new-hint	FE_GBA_Function_Library
0x0807C394	0x08079F9C	SetMuMaxWalkSpeed_	MU_AllForceSetMaxMoveSpeed_	new-hint	FE_GBA_Function_Library
0x0807C3A0	0x08079FA8	MoveUnitExt		new-hint	FE_GBA_Function_Library
0x0807C40C	0x0807A014	MoveUnit_	MoveUnit_	new-hint	FE_GBA_Function_Library
0x0807C44C	0x0807A054	GenUnitDefinitionFinalPosition	GetPreferredPositionForUNIT	new-hint	FE_GBA_Function_Library
0x0807C4D8	0x0807A0E4	MuCtr_DelayMoveLoop		new-hint	FE_GBA_Function_Library
0x0807C588	0x0807A194	MuCtr_WaitForMoveLoop		new-hint	FE_GBA_Function_Library
0x0807C5F0	0x0807A1FC	MuCtr_OnEnd	MuCtr_OnEnd	new-hint	FE_GBA_Function_Library
0x0807C688	0x0807A294	MuCtr_CheckMoveDependency		new-hint	FE_GBA_Function_Library
0x0807C6F4	0x0807A300	MuCtr_FindMovingUnit		funcmap-agree	FE_GBA_Function_Library
0x0807C718	0x0807A324	MuCtr_CheckUnitPassedStep		funcmap-agree	FE_GBA_Function_Library
0x0807C74C	0x0807A358	MuCtr_ExecREDA_0	MuCtr_ExecREDA_807A358	new-hint	FE_GBA_Function_Library
0x0807C8DC	0x0807A4E8	AdjustNewUnitPosition	GetAdjustedPositionForNewUnit	new-hint	FE_GBA_Function_Library
0x0807CA10	0x0807A644	MuCtr_GenMoveScript		new-hint	FE_GBA_Function_Library
0x0807CAC0	0x0807A708	MapAnim_StoleItemPopup	MapAnimProc_DisplayItemStealingPopup	new-hint	FE_GBA_Function_Library
0x0807CAE4	0x0807A72C	DisplayWpnBrokePopup	MapAnimProc_DisplayWpnBrokePopup	new-hint	FE_GBA_Function_Library
0x0807CB28	0x0807A770	BattleUnit_ShouldDisplayWpnBroke	BattleUnit_ShouldDisplayWpnBroke	new-hint	FE_GBA_Function_Library
0x0807CB4C	0x0807A794	DisplayWRankUpPopup	MapAnimProc_DisplayWRankUpPopup	new-hint	FE_GBA_Function_Library
0x0807CB90	0x0807A7D8	BattleUnit_ShouldDisplayWRankUp	BattleUnit_ShouldDisplayWRankUp	new-hint	FE_GBA_Function_Library
0x0807CBB8	0x0807A800	MapAnim_PrepareBattleTalk	_InitFontForUIDefault	new-hint	FE_GBA_Function_Library
0x0807CBC4	0x0807A80C	MapAnim_Cleanup	MapAnim_Cleanup	new-hint	FE_GBA_Function_Library
0x0807CBF0	0x0807A838	MapAnim_AdvanceBattleRound	MapAnim_AdvanceBattleRound	funcmap-agree	FE_GBA_Function_Library
0x0807CC4C	0x0807A894	MapAnim_PrepareNextBattleRound	MapAnimProc_PrepareNextRound	new-hint	FE_GBA_Function_Library
0x0807CCA8	0x0807A8F0	MapAnim_DisplayRoundAnim	MapAnimProc_StartRoundAnimProc	new-hint	FE_GBA_Function_Library
0x0807CCBC	0x0807A904	MapAnim_ShowPoisonEffectIfAny	MapAnimProc_DisplayRoundSpecialAnims	new-hint	FE_GBA_Function_Library
0x0807CCF8	0x0807A940	MapAnim_MoveCameraOntoSubject	MapAnimProc_MoveCameraOntoSubject	new-hint	FE_GBA_Function_Library
0x0807CD14	0x0807A95C	MapAnim_MoveCameraOntoTarget	MapAnimProc_MoveCameraOntoTarget	new-hint	FE_GBA_Function_Library
0x0807CD3C	0x0807A984	MapAnim_DisplayDeathQuote	MapAnimProc_DisplayDeathQuote	new-hint	FE_GBA_Function_Library
0x0807CD9C	0x0807AA00	MapAnim_DisplayDeathFade	MapAnimProc_DisplayDeathFade	new-hint	FE_GBA_Function_Library
0x0807CDE8	0x0807AA4C	MapAnim_DisplayExpBar	MapAnimProc_DisplayExpBar	new-hint	FE_GBA_Function_Library
0x0807CE78	0x0807AADC	MapAnim_InitInfoBox		new-hint	FE_GBA_Function_Library
0x0807CF54	0x0807ABB8	MapAnim_CallBattleQuoteEvents	MapAnim_CallBattleQuoteEvents	new-hint	FE_GBA_Function_Library
0x0807D004	0x0807ACAC	SetBattleMuPalette		new-hint	FE_GBA_Function_Library
0x0807D028	0x0807ACEC	MapAnim_PlayStealSe_Unused		new-hint	FE_GBA_Function_Library
0x0807D044	0x0807B054	MapAnimSummon_PlaySound		new-hint	FE_GBA_Function_Library
0x0807D060	0x0807AD08	New6C_SummonGfx_FromActionPos	New6C_SummonGfx_FromActionPos	new-hint	FE_GBA_Function_Library
0x0807D074	0x0807AD1C	GenerateSummonUnitDef		new-hint	FE_GBA_Function_Library
0x0807D2F8	0x0807AFD0	ProcSummonDK_InitCounters		funcmap-agree	FE_GBA_Function_Library
0x0807D308	0x0807AFE0	ProcSummonDK_CheckIsEnough		new-hint	FE_GBA_Function_Library
0x0807D324	0x0807AFFC	CheckCanSummon		new-hint	FE_GBA_Function_Library
0x0807D380	0x0807C0DC	ProcMAExpBar_PlaySound74	MapAnimExpBar_FillInit	new-hint	FE_GBA_Function_Library
0x0807D39C	0x0807B070	ProcSummonDK_ResetCounter		new-hint	FE_GBA_Function_Library
0x0807D544	0x0807B1C0	SelSumPosAndMoveCamera		new-hint	FE_GBA_Function_Library
0x0807D5B4	0x0807B234	ProcSummonDK_SelectDownPos		new-hint	FE_GBA_Function_Library
0x0807D5D4	0x0807B254	ProcSummonDK_SelectRightPos		new-hint	FE_GBA_Function_Library
0x0807D5F4	0x0807B274	ProcSummonDK_SelectLeftPos		new-hint	FE_GBA_Function_Library
0x0807D614	0x0807B294	ProcSummonDK_SelectUpPos		new-hint	FE_GBA_Function_Library
0x0807D634	0x0807B2B4	LoadSumMonsterFromDK		new-hint	FE_GBA_Function_Library
0x0807D704	0x0807B3BC	SetBattleAnimFacing	SetBattleAnimActorFacing	new-hint	FE_GBA_Function_Library
0x0807D7AC	0x0807B464	SetupBattleMOVEUNITs	SetupMapBattleMUs	new-hint	FE_GBA_Function_Library
0x0807D818	0x0807B4D0	SortMapAnimActorObjLayers		funcmap-agree	FE_GBA_Function_Library
0x0807D924	0x0807B5DC	BeginMapAnimForPoisonDmg		new-hint	FE_GBA_Function_Library
0x0807D97C	0x0807B634	BeginMapAnimForEggDmg		new-hint	FE_GBA_Function_Library
0x0807D9D4	0x0807B68C	BeginMapAnimForCritAtk	StartSomeMapAnim_807B68C	new-hint	FE_GBA_Function_Library
0x0807DA2C	0x0807B6E4	BeginMapAnimForSteal	BeginMapAnimForSteal	new-hint	FE_GBA_Function_Library
0x0807DA88	0x0807B740	BeginMapAnimForSummon	BeginMapAnimForSummon	new-hint	FE_GBA_Function_Library
0x0807DAE0	0x0807B798	BeginMapAnimForSummonDK	BeginMapAnimForSummonDK	new-hint	FE_GBA_Function_Library
0x0807DB38	0x0807B7F0	BeginMapAnimForDance		new-hint	FE_GBA_Function_Library
0x0807DB9C	0x0807B854	BeginBattleMapAnims	BeginBattleMapAnims	new-hint	FE_GBA_Function_Library
0x0807DC1C	0x0807B8D4	SetupMapAnimSpellData	SetupMapAnimSpellData	new-hint	FE_GBA_Function_Library
0x0807DC48	0x0807B900	SetupMapBattleAnim	SetupMapBattleAnim	new-hint	FE_GBA_Function_Library
0x0807DD00	0x0807B9B8	GetFacingDirection	GetFacingDirection	funcmap-agree	FE_GBA_Function_Library
0x0807DD40	0x0807B9F8	UncompMapBattleBoxNumGfx		new-hint	FE_GBA_Function_Library
0x0807DD70	0x0807BA28	MapAnim_DrawNumber		new-hint	FE_GBA_Function_Library
0x0807DE2C	0x0807BAE4	PrepareMapBattleBoxNumGfx		new-hint	FE_GBA_Function_Library
0x0807DE58	0x0807BB10	MapAnim_DrawBarSegment		funcmap-agree	FE_GBA_Function_Library
0x0807DE88	0x0807BB40	MapAnim_DrawBar		new-hint	FE_GBA_Function_Library
0x0807DF00	0x0807BBB8	EndMapAnimInfoWindow	MapAnim_EndBattleInfoBox	new-hint	FE_GBA_Function_Library
0x0807DF10	0x0807BBC8	StartMapAnimInfoWindow	MapAnim_StartBattleInfoBox	new-hint	FE_GBA_Function_Library
0x0807DF38	0x0807BBF0	ProcMapInfoBox_OnEnd	MapAnimUi_Clear	new-hint	FE_GBA_Function_Library
0x0807DF48	0x0807BC00	ProcMapInfoBox_OnDraw		new-hint	FE_GBA_Function_Library
0x0807DFF0	0x0807BCA8	ProcMapInfoBox_AnimateHp		new-hint	FE_GBA_Function_Library
0x0807E098	0x0807BD54	MapInfoBox_DrawHp		new-hint	FE_GBA_Function_Library
0x0807E114	0x0807BDD0	GetBattleInfoPalByFaction		funcmap-agree	FE_GBA_Function_Library
0x0807E160	0x0807BE1C	DisplayBattleInfoBox		new-hint	FE_GBA_Function_Library
0x0807E23C	0x0807BEF8	MapInfoBox_PrepareForShake		funcmap-agree	FE_GBA_Function_Library
0x0807E298	0x0807BF54	MapInfoBoxShake		new-hint	FE_GBA_Function_Library
0x0807E308	0x0807BFC4	DrawMAExpBar		new-hint	FE_GBA_Function_Library
0x0807E370	0x0807C02C	ProcMAExpBar_OnDraw	MapAnimExpBar_LoadGfx	new-hint	FE_GBA_Function_Library
0x0807E420	0x0807ACD0	MapAnim_PlayStealSe	PlaySoundIdA0	new-hint	FE_GBA_Function_Library
0x0807E43C	0x0807C0F8	ProcMAExpBar_OnIncrement	MapAnimExpBar_FillLoop	new-hint	FE_GBA_Function_Library
0x0807E490	0x0807C14C	ProcMAExpBar_InitDisplay	MapAnimExpBar_TransitionInInit	funcmap-agree	FE_GBA_Function_Library
0x0807E4F0	0x0807C1AC	ProcMAExpBar_FrameAdvance	MapAnimExpBar_TransitionInLoop	new-hint	FE_GBA_Function_Library
0x0807E554	0x0807C210	ProcMAExpBar_LevelUpIfPossible	MapAnimExpBar_StartLevelUp	new-hint	FE_GBA_Function_Library
0x0807E574	0x08045C14	New6C_SIOMAIN2	New6C_SIOMAIN2	new-hint	FE_GBA_Function_Library
0x0807E588	0x0807C244	MADebug_FormatPrint		new-hint	FE_GBA_Function_Library
0x0807E834	0x0807C4F0	InitDebugMapAnim		new-hint	FE_GBA_Function_Library
0x0807E8AC	0x0807C568	MADebug_InitScreen		new-hint	FE_GBA_Function_Library
0x0807E9C4	0x0807C680	MADebug_MainLoop		new-hint	FE_GBA_Function_Library
0x0807EBE4	0x0807C8A0	SetupMADebugBattleUnit		new-hint	FE_GBA_Function_Library
0x0807EC40	0x0807C8FC	SetupMADebugBattle		new-hint	FE_GBA_Function_Library
0x0807EDEC	0x0807CAA8	MADebug_DoBattleAnim		new-hint	FE_GBA_Function_Library
0x0807EE14	0x0807CAD0	MapEventBattle_SetUpHitData		new-hint	FE_GBA_Function_Library
0x0807EE48	0x0807CB04	MapEventBattle_OnEnd		new-hint	FE_GBA_Function_Library
0x0807EE68	0x0807CB24	MapAnim_BeginMISSAnim	MapAnim_BeginMISSAnim	new-hint	FE_GBA_Function_Library
0x0807EEC4	0x0807CB80	MapAnim_BeginNODAMAGEAnim	MapAnim_BeginNODAMAGEAnim	new-hint	FE_GBA_Function_Library
0x0807EF20	0x0807CBDC	MapAnim_BeginWallBreakAnim	MapAnim_BeginWallBreakAnim	new-hint	FE_GBA_Function_Library
0x0807EF6C	0x0807CC28	WallBreakAnim_Init	WallBreakAnim_Init	new-hint	FE_GBA_Function_Library
0x0807EFBC	0x0807CC78	NewMapPoisonEffect	StartMapAnimPoisonEffect	new-hint	FE_GBA_Function_Library
0x0807F004	0x0807CD60	MapAnim_BeginPoisonAnim2		new-hint	FE_GBA_Function_Library
0x0807F05C	0x0807CD18	NewMapAnimPoisonAnim2		new-hint	FE_GBA_Function_Library
0x0807F0A4	0x0807CCC0	MapAnim_BeginPoisonAnim	MapAnim_BeginPoisonAnim	new-hint	FE_GBA_Function_Library
0x0807F114	0x0807CDD0	MapAnim_StartGorgonHatchAnim		new-hint	FE_GBA_Function_Library
0x0807F15C	0x08080EE4	SummonUnitGfx_Init		new-hint	FE_GBA_Function_Library
0x0807F1BC	0x0807CE78	MapAnim_GorgonHatch_Loop		new-hint	FE_GBA_Function_Library
0x0807F274	0x0807CF30	LoadGorgonFromEgg		new-hint	FE_GBA_Function_Library
0x0807F3E0	-			new-hint	FE_GBA_Function_Library
0x0807F3F8	0x0807D0B4	MapAnimCallSpellAssocLatonafx		new-hint	FE_GBA_Function_Library
0x0807F440	0x0807D0FC	MapLatonafx_Init		new-hint	FE_GBA_Function_Library
0x0807F4F8	0x0807D1B4	MapLatonafx_InitGfx		new-hint	FE_GBA_Function_Library
0x0807F60C	-			new-hint	FE_GBA_Function_Library
0x0807F624	0x0807D2E0	MapLatonaBlinkingfx_Init		new-hint	FE_GBA_Function_Library
0x0807F66C	0x0807D328	MapLatonaBlinkingfx_Main		new-hint	FE_GBA_Function_Library
0x0807F6A4	0x0807D360	NewMapLatonaShiningfx		new-hint	FE_GBA_Function_Library
0x0807F6E0	0x0807D09C	MapAnim_GorgonHatch_ClearBg2		new-hint	FE_GBA_Function_Library
0x0807F6F8	0x0807D2C8	MapLatonafx_ClearBg2		new-hint	FE_GBA_Function_Library
0x0807F710	0x0807D3CC	MapLatonaShiningfx_Start		new-hint	FE_GBA_Function_Library
0x0807F750	0x0807D40C	MapLatonaShiningfx_Loop1		new-hint	FE_GBA_Function_Library
0x0807F784	-			new-hint	FE_GBA_Function_Library
0x0807F7A8	0x0807D464	MapLatonaShiningfx_Loop3		new-hint	FE_GBA_Function_Library
0x0807F818	0x0807D4D4	MapAnimCallSpellAssocNightMarefx		new-hint	FE_GBA_Function_Library
0x0807F860	0x0807CE18	MapAnim_GorgonHatch_Init		new-hint	FE_GBA_Function_Library
0x0807F8C0	0x0807D57C	NightMarefx_Loop		new-hint	FE_GBA_Function_Library
0x0807F9B4	0x0807D39C	MapLatonaShiningfx_End		new-hint	FE_GBA_Function_Library
0x0807F9CC	0x0807D688	MapAnimCallSpellAssocAntitoxinPureWaterfx		new-hint	FE_GBA_Function_Library
0x0807FA1C	0x0807D6D8	AntitoxinPureWaterfx_Init		new-hint	FE_GBA_Function_Library
0x0807FAA4	0x0807D760	AntitoxinPureWaterfx_Loop		new-hint	FE_GBA_Function_Library
0x0807FB1C	0x0807D7D8	StartMapAnimEffect_Unk_2		new-hint	FE_GBA_Function_Library
0x0807FB5C	0x0807D818	MapAnimEffect_Unk_2_PlaySe		new-hint	FE_GBA_Function_Library
0x0807FB70	0x0807D82C	NewMapAnimEffectAnimator	NewMapAnimEffectAnimator	new-hint	FE_GBA_Function_Library
0x0807FBA4	0x0807D860	MapAnimEffectAnimator_Init		new-hint	FE_GBA_Function_Library
0x0807FC88	0x0807D944	MapAnimEffectAnimator_Loop1		new-hint	FE_GBA_Function_Library
0x0807FCFC	0x0807D9B8	MapAnimEffectAnimator_Loop2		new-hint	FE_GBA_Function_Library
0x0807FD70	0x0807DA2C	MapSpellAnim_CommonEnd		new-hint	FE_GBA_Function_Library
0x0807FDAC	0x0807DA68	MapSpellAnim_EndWithHBlank		new-hint	FE_GBA_Function_Library
0x0807FDEC	0x0807DAA8	StartWarpFlashy	StartUnitWarpRing	new-hint	FE_GBA_Function_Library
0x0807FE2C	0x0807DAE8	WarpFlashy_Init		new-hint	FE_GBA_Function_Library
0x0807FE74	0x0807DB30	WarpFlashy_Loop		new-hint	FE_GBA_Function_Library
0x0807FEEC	0x0807DBA8	MapAnimTorchEffect		new-hint	FE_GBA_Function_Library
0x0807FF28	-			new-hint	FE_GBA_Function_Library
0x0807FFE8	0x0807DCA8	MapAnimTorch_Loop1		new-hint	FE_GBA_Function_Library
0x0808004C	0x0807DD0C	MapAnimTorch_Loop2		new-hint	FE_GBA_Function_Library
0x080800B4	0x0807DD74	MapAnimTorch_ResetHBlank		funcmap-agree	FE_GBA_Function_Library
0x080800C0	0x0807DD80	MapAnimBerserkEffect		new-hint	FE_GBA_Function_Library
0x08080108	0x0807DDC8	MapAnimBerserk_Loop		new-hint	FE_GBA_Function_Library
0x08080170	0x0807DE30	MapAnimRepairEffect		new-hint	FE_GBA_Function_Library
0x080801B0	0x0807DE70	MapAnimRepair_Init		new-hint	FE_GBA_Function_Library
0x080801C0	0x0807DE80	MapAnimRepair_Init0		new-hint	FE_GBA_Function_Library
0x0808021C	0x0807E054	MapAnimRestore_Loop		new-hint	FE_GBA_Function_Library
0x0808029C	0x0807DF5C	MapAnimRepair_Loop2		new-hint	FE_GBA_Function_Library
0x080802EC	0x0807DFAC	MapAnimRepair_Loop3		new-hint	FE_GBA_Function_Library
0x08080334	0x0807DFF4	MapAnimRestoreEffect		new-hint	FE_GBA_Function_Library
0x08080378	0x0807E038	MapAnimRestore_Init		new-hint	FE_GBA_Function_Library
0x08080394	0x0807E6E0	MapAnimBarrierfx_Loop		new-hint	FE_GBA_Function_Library
0x08080414	0x0807E0D4	MapAnimSleepEffect		new-hint	FE_GBA_Function_Library
0x08080458	0x0807E118	MapAnimSleep_Init		new-hint	FE_GBA_Function_Library
0x080804BC	0x0807E17C	MapAnimSleep_Anim1		new-hint	FE_GBA_Function_Library
0x080804F0	0x0807E1B0	MapAnimSleep_Anim2		new-hint	FE_GBA_Function_Library
0x08080524	0x0807E1E4	MapAnimMonsterStoneEffect		new-hint	FE_GBA_Function_Library
0x0808056C	0x0807D51C	NightMarefx_Init		new-hint	FE_GBA_Function_Library
0x080805CC	0x0807E28C	MapAnimMonsterStone_Loop1		new-hint	FE_GBA_Function_Library
0x08080674	0x0807D3B4	MapLatonaShiningfx_Init		new-hint	FE_GBA_Function_Library
0x0808068C	0x0807E34C	StartMapAnimEffect_Unk_0		new-hint	FE_GBA_Function_Library
0x080806D0	0x0807E390	MapAnim_Init_0		new-hint	FE_GBA_Function_Library
0x08080744	0x0807E404	MapAnim_Loop1_0		new-hint	FE_GBA_Function_Library
0x08080788	0x0807E448	MapAnim_Loop2_0		new-hint	FE_GBA_Function_Library
0x080807CC	0x0807E48C	MapAnimCallSpellAssocSilencefx		new-hint	FE_GBA_Function_Library
0x08080810	0x0807E4D0	MapAnimSilence_InitGfx		new-hint	FE_GBA_Function_Library
0x080808C4	0x0807E584	MapAnimSilence_InitScreenConf		new-hint	FE_GBA_Function_Library
0x08080930	0x0807E5F0	MapAnimSilence_Loop		new-hint	FE_GBA_Function_Library
0x08080978	0x0807E638	MapAnimCallSpellAssocBarrierfx		new-hint	FE_GBA_Function_Library
0x080809BC	0x0807E67C	MapAnimBarrierfx_Init		new-hint	FE_GBA_Function_Library
0x08080A20	0x0807DEDC	MapAnimRepair_Loop1		new-hint	FE_GBA_Function_Library
0x08080AA0	0x0807E760	MapAnimUnlockEffect		new-hint	FE_GBA_Function_Library
0x08080ADC	0x0807E79C	HideUnitUnlockDoor		new-hint	FE_GBA_Function_Library
0x08080B04	0x0807E7C4	UnhideUnit		new-hint	FE_GBA_Function_Library
0x08080B20	0x0807E7E0	MapAnimUnlock_Init		new-hint	FE_GBA_Function_Library
0x08080BF0	0x0807E8B0	MapAnimUnlock_Loop1		new-hint	FE_GBA_Function_Library
0x08080C74	0x0807E934	MapAnimUnlock_Loop2		new-hint	FE_GBA_Function_Library
0x08080CB8	0x0807E978	SetDefaultMapAnimScreenConf		new-hint	FE_GBA_Function_Library
0x08080D60	0x0807EA20	StartMapAnimEffect_Unk_1		new-hint	FE_GBA_Function_Library
0x08080D90	0x08077678	EkrDragonTunkFace_OnEnd		new-hint	FE_GBA_Function_Library
0x08080DA0	0x0807EA60	MapAnimEffect_Unk_1_Loop		new-hint	FE_GBA_Function_Library
0x08080DD8	0x0807EA98	PutManimLevelUpFrame	MapAnimLevelUp_InitLevelUpBox	new-hint	FE_GBA_Function_Library
0x08080EE4	0x0807EBA4	PutManimLevelUpStat	MapAnimLevelUp_DrawActorStat	new-hint	FE_GBA_Function_Library
0x08080F48	0x0807EC08	GetManimLevelUpStatGain	MapAnimLevelUp_GetActorStatUp	funcmap-agree	FE_GBA_Function_Library
0x08081070	0x0807ED30	GetManimLevelUpBaseStat	MapAnimLevelUp_GetActorStatBase	new-hint	FE_GBA_Function_Library
0x0808112C	0x0807EDEC	ManimLevelUpStatGainLabel_Finish		new-hint	FE_GBA_Function_Library
0x08081138	0x0807EDF8	StartManimLevelUpStatGainLabels		new-hint	FE_GBA_Function_Library
0x080811B4	0x0807EE74	EndManimLevelUpStatGainLabels		new-hint	FE_GBA_Function_Library
0x080811C4	0x0807EE84	StartManimLevelUpStatGainLabelAnim		new-hint	FE_GBA_Function_Library
0x08081330	0x0807EFF0	StartPrepItemBoostStatGainLabelAnim		new-hint	FE_GBA_Function_Library
0x0808144C	0x0807F10C	StartManimLevelUp	MapAnim_StartLevelUp	new-hint	FE_GBA_Function_Library
0x08081464	0x0807F124	InitManimLevelUpWindow		funcmap-agree	FE_GBA_Function_Library
0x080814D0	0x0807F190	ClearManimLevelUpWindow		funcmap-agree	FE_GBA_Function_Library
0x080814EC	0x0807F1AC	ManimLevelUp_InitMainScreen	MapAnimLevelUpProc_InitLevelUpBox	new-hint	FE_GBA_Function_Library
0x080815FC	0x0807F2BC	ManimLevelUpLabelColor_Loop		new-hint	FE_GBA_Function_Library
0x0808164C	0x0807F30C	ManimLevelUp_ScrollIn		new-hint	FE_GBA_Function_Library
0x08081694	0x0807F354	ManimLevelUp_ScrollOut		new-hint	FE_GBA_Function_Library
0x080816DC	0x0807F39C	ManimLevelUp_PutStatGainLabels		new-hint	FE_GBA_Function_Library
0x080817B8	0x0807F478	ManimLevelUp_DimBgm	MapAnimLevelUpProc_StartMusicThingy	new-hint	FE_GBA_Function_Library
0x080817CC	0x0807F48C	ManimLevelUp_StartLevelUpText	MapAnimLevelUpProc_DisplayLevelUpSmallText	new-hint	FE_GBA_Function_Library
0x0808187C	0x0807F53C	ManimLevelUp_EndLevelUpText	MapAnimLevelUpProc_ClearLevelUpSmallText	new-hint	FE_GBA_Function_Library
0x08081888	0x0807F548	ManimLevelUp_RestoreBgm		new-hint	FE_GBA_Function_Library
0x0808189C	0x0807F55C	ManimLevelUp_Clear		new-hint	FE_GBA_Function_Library
0x080818A8	0x0807F568	MapAnimStartSpellAssocFadeExt		new-hint	FE_GBA_Function_Library
0x080818CC	0x0807F58C	SpellAssocFadeMain		new-hint	FE_GBA_Function_Library
0x08081908	0x0807F5C8	MapAnimSpellAssocResetPalExt		new-hint	FE_GBA_Function_Library
0x0808192C	0x0807F5EC	SpellAssocResetPalMain		new-hint	FE_GBA_Function_Library
0x08081954	0x0807F614	NewBG0Shaker	NewBG0Shaker	new-hint	FE_GBA_Function_Library
0x08081968	0x0806C14C	EfxmagicDemonsurgeFlash_Init		new-hint	FE_GBA_Function_Library
0x08081970	0x0807F630	BG0Shaker_Loop	BG0Shaker_Loop	new-hint	FE_GBA_Function_Library
0x08081A00	0x0807F6C0	LoadSparkGfx	LoadSparkGfx	new-hint	FE_GBA_Function_Library
0x08081A28	0x0807F6E8	PutSparkGfx		new-hint	FE_GBA_Function_Library
0x08081A64	0x0807F724	PutSparkGfxRotation		funcmap-agree	FE_GBA_Function_Library
0x08081A98	0x0807F758	MapAnimRotation_Init		funcmap-agree	FE_GBA_Function_Library
0x08081AC8	0x0807F788	MapAnimRotation_Main		new-hint	FE_GBA_Function_Library
0x08081B38	0x0807F7F8	StartStarRotationEffect	StartStarRotationEffect	new-hint	FE_GBA_Function_Library
0x08081B78	0x0807F838	StartStarExplosionEffect	StartStarExplosionEffect	funcmap-agree	FE_GBA_Function_Library
0x08081B98	0x0807F858	StartStarImplosionEffect	StartStarImplosionEffect	funcmap-agree	FE_GBA_Function_Library
0x08081BB8	0x0807FCC0	StartMapEventcallFx1		new-hint	FE_GBA_Function_Library
0x08081BDC	0x0807F89C	MapEventcallFx0_Init		new-hint	FE_GBA_Function_Library
0x08081CA4	0x0807F964	MapEventcallFx0_PlayIntroAnim		new-hint	FE_GBA_Function_Library
0x08081DE0	0x0807FAA0	MapEventcallFx0_PlayMainAnim		new-hint	FE_GBA_Function_Library
0x08081F0C	0x0807FBCC	MapEventcallFx0_FillWhiteTile		new-hint	FE_GBA_Function_Library
0x08081F98	0x0807FC58	MapEventcallFx0_RampToWhite		new-hint	FE_GBA_Function_Library
0x08082000	0x08021518	StartGameOverScreen		new-hint	FE_GBA_Function_Library
0x08082024	0x0807FCE4	MapEventcallFx1_Init		new-hint	FE_GBA_Function_Library
0x08082108	0x0807FDC8	MapEventcallFx1_FadeWhiteDown		new-hint	FE_GBA_Function_Library
0x0808214C	0x0807FE0C	MapEventcallFx1_PlayFadeAnim		new-hint	FE_GBA_Function_Library
0x08082330	0x0807FFF0	MapEventcallFx1_ClearBgs		new-hint	FE_GBA_Function_Library
0x08082354	0x08080014	StartMapEventcallFx2		new-hint	FE_GBA_Function_Library
0x08082378	0x08080038	MapEventcallFx2_OnEnd		new-hint	FE_GBA_Function_Library
0x08082390	0x08080050	MapEventcallFx2_Init		new-hint	FE_GBA_Function_Library
0x08082478	0x08080138	MapEventcallFx2_PlayAnim		new-hint	FE_GBA_Function_Library
0x080825C8	0x08080288	MapEventcallFx2_RampToWhite		new-hint	FE_GBA_Function_Library
0x080826CC	0x0808038C	MapEventcallFx2_FadeOutBlend		new-hint	FE_GBA_Function_Library
0x08082718	0x080803D8	MapEventcallFx2_ClearBgs		new-hint	FE_GBA_Function_Library
0x08082748	0x08080408	MapEventcallFx2_HBlankWobble		funcmap-agree	FE_GBA_Function_Library
0x0808278C	0x0808044C	MapanimEventcall_VsyncWaveLoop		funcmap-agree	FE_GBA_Function_Library
0x080827B4	0x08080474	StartDemonKingSummonAnim		new-hint	FE_GBA_Function_Library
0x080827D8	0x08080498	MapanimEventcall_SummonLoadFrameAndPal		new-hint	FE_GBA_Function_Library
0x08082870	0x08080530	MapanimEventcall_SummonLoadFrame		new-hint	FE_GBA_Function_Library
0x080828EC	0x080805AC	MapanimEventcall_SummonFadeFramePal		new-hint	FE_GBA_Function_Library
0x08082994	0x0807EA50	EndMapAnimEffect_Unk_1		new-hint	FE_GBA_Function_Library
0x080829A0	0x08080660	DemonKingSummonAnim_Init		new-hint	FE_GBA_Function_Library
0x08082A70	0x08080730	DemonKingSummonAnim_PhaseIntro		new-hint	FE_GBA_Function_Library
0x08082B08	0x080807C8	DemonKingSummonAnim_PhaseShakeRamp		new-hint	FE_GBA_Function_Library
0x08082BD0	0x08080890	DemonKingSummonAnim_PhaseBurst		new-hint	FE_GBA_Function_Library
0x08082C40	0x08080900	DemonKingSummonAnim_PhaseFlashWhite		new-hint	FE_GBA_Function_Library
0x08082D18	0x080809D8	DemonKingSummonAnim_PhaseDissolve		new-hint	FE_GBA_Function_Library
0x08082E58	0x08080B18	DemonKingSummonAnim_PhaseOutro		new-hint	FE_GBA_Function_Library
0x08082EC4	0x08080B84	DemonKingSummonAnim_Cleanup		new-hint	FE_GBA_Function_Library
0x08082EE8	0x08080BA8	DemonKingSummonShake_Init		funcmap-agree	FE_GBA_Function_Library
0x08082F18	0x08080BD8	DemonKingSummonShake_Loop		new-hint	FE_GBA_Function_Library
0x0808306C	0x08080D2C	New6C_SummonGfx	New6C_SummonGfx	new-hint	FE_GBA_Function_Library
0x080830AC	0x0807E22C	MapAnimMonsterStone_Init		new-hint	FE_GBA_Function_Library
0x0808310C	0x08080DCC	SummonGfxAnim_Loop		new-hint	FE_GBA_Function_Library
0x080831C4	0x08080E84	SummonGfxAnim_Cleanup		new-hint	FE_GBA_Function_Library
0x080831DC	0x08080E9C	StartSummonUnitRevealAnim		new-hint	FE_GBA_Function_Library
0x08083224	0x08080D6C	SummonGfxAnim_Init		new-hint	FE_GBA_Function_Library
0x08083284	0x08080F44	SummonUnitGfx_Loop		new-hint	FE_GBA_Function_Library
0x08083348	0x0807FCA8	MapEventcallFx0_ClearBg2		new-hint	FE_GBA_Function_Library
0x08083360	0x08081020	StartGlowingCross		new-hint	FE_GBA_Function_Library
0x080833A8	0x08081068	RemoveGlowingCrossDirectly		new-hint	FE_GBA_Function_Library
0x080833B8	0x08081078	GlowingCross_Init		new-hint	FE_GBA_Function_Library
0x08083440	0x08081100	GlowingCross_Loop		new-hint	FE_GBA_Function_Library
0x080834EC	0x080811AC	GlowingCross_OnEnd		new-hint	FE_GBA_Function_Library
0x08083510	0x080811D0	RemoveGlowingCrossDirectlyWithAnim		new-hint	FE_GBA_Function_Library
0x0808352C	0x080811EC	GlowCrossExit_Init		new-hint	FE_GBA_Function_Library
0x08083548	0x08081208	GlowCrossExit_Loop		new-hint	FE_GBA_Function_Library
0x080835A0	0x08081260	MapAnim_GetRoundProcScript	MapAnim_GetRoundProcScript	funcmap-agree	FE_GBA_Function_Library
0x080835B8	0x08081278	MapAnim_AnimateSubjectIdle	MapAnim_AnimateSubjectIdle	new-hint	FE_GBA_Function_Library
0x080835DC	0x0808129C	MapAnim_SubjectResetAnim	MapAnim_SubjectResetAnim	new-hint	FE_GBA_Function_Library
0x08083600	0x080812C0	MapAnim_StartSubjectDanceAnim		new-hint	FE_GBA_Function_Library
0x08083688	0x08081348	MapAnim_PlayDancerSe		new-hint	FE_GBA_Function_Library
0x080836C4	0x08081384	MapAnim_PlayNonDancerSe		new-hint	FE_GBA_Function_Library
0x08083700	0x080813C0	MapAnim_FreezeSubjectAnim		funcmap-agree	FE_GBA_Function_Library
0x08083738	0x080813F8	MapAnim_BeginSubjectFastAnim	MapAnim_BeginSubjectFastAnim	new-hint	FE_GBA_Function_Library
0x0808375C	0x0808141C	MapAnimMoveUnitTowardsTargetExt		funcmap-agree	FE_GBA_Function_Library
0x080837B8	0x08081478	MapAnimMoveUnitAwayFromTargetExt		funcmap-agree	FE_GBA_Function_Library
0x08083814	0x080814D4	MapAnim_MoveSubjectsTowardsTarget	MapAnim_MoveSubjectsTowardsTarget	funcmap-agree	FE_GBA_Function_Library
0x08083874	0x08081534	MapAnim_MoveSubjectsAwayFromTarget	MapAnim_MoveSubjectsAwayFromTarget	funcmap-agree	FE_GBA_Function_Library
0x080838D4	0x08081594	MapAnim_MoveCameraOnSubject	MapAnim_MoveCameraOnSubject	new-hint	FE_GBA_Function_Library
0x08083900	0x080815C0	MapAnim_MoveCameraOnTarget	MapAnim_MoveCameraOnTarget	new-hint	FE_GBA_Function_Library
0x0808392C	0x080815EC	SpellWarpMoveCamera	MapAnim_MoveCameraOnWarpTarget	new-hint	FE_GBA_Function_Library
0x0808395C	0x0808161C	MapAnim_BeginRoundSpecificAnims	MapAnim_BeginRoundSpecificAnims	new-hint	FE_GBA_Function_Library
0x08083C18	0x080818D8	RegisterMapHpChangeAnim		funcmap-agree	FE_GBA_Function_Library
0x08083C54	0x08081914	MapAnim_WaitForHPToEndChangingMaybe	MapAnim_WaitForHPToEndChangingMaybe	new-hint	FE_GBA_Function_Library
0x08083C70	0x08081930	MapAnim_PoisonEffectOnTarget	MapAnimProc_PoisonEffectOnDefender	new-hint	FE_GBA_Function_Library
0x08083C90	0x08081950	MapAnim_PoisonEffectOnTarget2		new-hint	FE_GBA_Function_Library
0x08083CB0	0x08081970	MapAnim_StartGorgonHatchConditional		new-hint	FE_GBA_Function_Library
0x08083CE8	0x080819A8	MapAnimCallSpellAssocSilence		funcmap-agree	FE_GBA_Function_Library
0x08083D08	0x080819C8	MapAnimCallSpellAssocBarrier		funcmap-agree	FE_GBA_Function_Library
0x08083D28	0x080819E8	MapAnimCallSpellAssocLatona		new-hint	FE_GBA_Function_Library
0x08083D48	0x08081A08	MapAnimCallSpellAssocNightMare		new-hint	FE_GBA_Function_Library
0x08083D68	0x08081A28	MapAnimCallSpellAssocAntitoxin		new-hint	FE_GBA_Function_Library
0x08083D94	0x08081A54	MapAnimCallSpellAssocPureWater		new-hint	FE_GBA_Function_Library
0x08083DC0	0x08081A80	MapAnimCallSpellAssocElixir		new-hint	FE_GBA_Function_Library
0x08083DF0	0x08081AB0	MapAnimCallSpellAssocHeal		new-hint	FE_GBA_Function_Library
0x08083E20	0x08081AE0	MapAnimCallSpellAssocMend		new-hint	FE_GBA_Function_Library
0x08083E50	0x08081B10	MapAnimCallSpellAssocRecover		new-hint	FE_GBA_Function_Library
0x08083E80	0x08081B40	MapAnimCallSpellAssocVulenrary		new-hint	FE_GBA_Function_Library
0x08083EB0	0x08081B70	SpellWarpStartFlashy	MapAnim_TargetUnitWarpRing	new-hint	FE_GBA_Function_Library
0x08083F0C	0x08081BCC	SpellWarpStartFlashyAtNewPos	MapAnim_WarpTargetWarpRing	new-hint	FE_GBA_Function_Library
0x08083F38	0x08081BF8	MapAnimCallSpellAssocTorch		new-hint	FE_GBA_Function_Library
0x08083F58	0x08081C18	MapAnimCallSpellAssocUnlock		funcmap-agree	FE_GBA_Function_Library
0x08083F74	0x08081C34	MapAnimCallSpellAssocBerserk		funcmap-agree	FE_GBA_Function_Library
0x08083F94	0x08081C54	MapAnimCallSpellAssocRestore		funcmap-agree	FE_GBA_Function_Library
0x08083FB4	0x08081C74	MapAnimCallSpellAssocSleep		funcmap-agree	FE_GBA_Function_Library
0x08083FD4	0x08081C94	MapAnimCallSpellAssocMonsterStone		funcmap-agree	FE_GBA_Function_Library
0x08083FF4	0x08081CB4	MapAnimCallSpellAssocRepair		funcmap-agree	FE_GBA_Function_Library
0x08084014	0x08081CD4	SpellWarpStartFlashFade	MapAnim_TargetUnitFlashOut	new-hint	FE_GBA_Function_Library
0x08084038	0x08081CF8	SpellWarpEndFlashFade	MapAnim_TargetUnitFlashIn	new-hint	FE_GBA_Function_Library
0x0808405C	0x08081D1C	SpellWarpMuHide	MapAnim_TargetHide	new-hint	FE_GBA_Function_Library
0x08084080	0x08081D40	SpellWarpStartExplosion	MapAnim_TargetStarExplosion	funcmap-agree	FE_GBA_Function_Library
0x080840C4	0x08081D84	SpellWarpStartImplosion	MapAnim_TargetStarImplosion	new-hint	FE_GBA_Function_Library
0x08084120	0x08081DE0	SpellWarpMuShow	MapAnim_TargetShow	new-hint	FE_GBA_Function_Library
0x08084144	0x08081E04	SpellWarpSetNewPosition	MapAnim_MoveTargetForWarp	new-hint	FE_GBA_Function_Library
0x08084188	0x08081E48	MapAnimStartSpellAssocFade	UnitKakudai3	funcmap-agree	FE_GBA_Function_Library
0x08084194	0x08081E54	MapAnimSpellAssocResetPal		funcmap-agree	FE_GBA_Function_Library
0x080841A0	0x0807CDB8	MapAnim_Poison2ResetMap		new-hint	FE_GBA_Function_Library
0x080841B8	0x08081E78	InitScanline		funcmap-agree	FE_GBA_Function_Library
0x080841EC	0x08081EAC	SetupMapAnimScanlineWindow		new-hint	FE_GBA_Function_Library
0x08084264	0x08081F24	UpdateMapAnimScanline		funcmap-agree	FE_GBA_Function_Library
0x08084298	0x08081F58	MapAnimResetHBlank		new-hint	FE_GBA_Function_Library
0x080842A4	0x08081F64	HBlank_MapAnimWin0H		funcmap-agree	FE_GBA_Function_Library
0x080842E8	0x08081FA8	HBlank_MapAnimEffect_Unk_0		funcmap-agree	FE_GBA_Function_Library
0x0808433C	0x08081FFC	HBlank_MapAnimGradientColor		funcmap-agree	FE_GBA_Function_Library
0x08084390	0x08082050	HBlank_MapAnimBldAlpha		funcmap-agree	FE_GBA_Function_Library
0x080843D4	0x08082094	HBlank_MapAnimBldY		funcmap-agree	FE_GBA_Function_Library
0x08084418	0x080820D8	StartManimFrameGradientScanlineEffect		new-hint	FE_GBA_Function_Library
0x080844CC	0x0808218C	PrepareProfileScanlineWindow		new-hint	FE_GBA_Function_Library
0x08084568	0x08082228	PrepareSineWaveScanlineBuf		new-hint	FE_GBA_Function_Library
0x080845A8	0x08082268	PrepareSineWaveScanlineBufOffset		new-hint	FE_GBA_Function_Library
0x080845EC	0x080822AC	PrepareSineWaveScanlineBufInterleaved		new-hint	FE_GBA_Function_Library
0x08084630	0x080822F0	PrepareSineWaveScanlineBufInterleavedOffset		new-hint	FE_GBA_Function_Library
0x08084678	0x08082338	PrepareSineWaveScanlineBufExt		new-hint	FE_GBA_Function_Library
0x080846D0	0x08082390	SwapScanlineBufs		funcmap-agree	FE_GBA_Function_Library
0x080846E0	0x080823A0	InitScanlineBuf		funcmap-agree	FE_GBA_Function_Library
0x080846FC	0x080823BC	SetScanlineBufWinL		funcmap-agree	FE_GBA_Function_Library
0x0808471C	0x080823DC	SetScanlineBufWinR		funcmap-agree	FE_GBA_Function_Library
0x0808473C	0x080823FC	MapAnimScanlineCore		funcmap-agree	FE_GBA_Function_Library
0x08084804	0x080824C4	PrepareGradientScanlineBuf		new-hint	FE_GBA_Function_Library
0x080848F0	0x0807F628	BG0Shaker_Init	BG0Shaker_Init	new-hint	FE_GBA_Function_Library
0x080848F8	0x080825B8	ManimShiftingSineWaveScanlineBuf_Loop		funcmap-agree	FE_GBA_Function_Library
0x08084928	0x080825E8	PrepareHorizontalBandScanlineBuf		funcmap-agree	FE_GBA_Function_Library
0x08084984	0x08082644	GetScanlineBufEntry		funcmap-agree	FE_GBA_Function_Library
0x08084998	0x08082658	MapAnimDitheredCircleScanlineCore		funcmap-agree	FE_GBA_Function_Library
0x08084A70	0x08082730	UpdateMapAnimDitheredCircleScanline		funcmap-agree	FE_GBA_Function_Library
0x08084AA4	0x08082764	PrepareFeatheredBandScanlineBuf		funcmap-agree	FE_GBA_Function_Library
0x08084B9C	0x0808285C	WorldFlushHBlank		funcmap-agree	FE_GBA_Function_Library
0x08084BE8	0x080828A8	HBlank_MapAnimBldAlphaWorld		funcmap-agree	FE_GBA_Function_Library
0x08084C2C	0x080828EC	HBlank_MapAnimBg2VOfs		funcmap-agree	FE_GBA_Function_Library
0x08084C5C	0x0808291C	PrepareInterlaceDitherScanlineBuf		funcmap-agree	FE_GBA_Function_Library
0x08084C8C	0x0808294C	HBlank_MapAnimBg1OfsInterlaced		new-hint	FE_GBA_Function_Library
0x08084D5C	0x08082A24	HBlank_ScrollBG0		funcmap-agree	FE_GBA_Function_Library
0x08084DB4	0x08082A7C	HBlank_ScrollBG1		new-hint	FE_GBA_Function_Library
0x08084E0C	0x08082AD4	HBlank_ScrollBG2		funcmap-agree	FE_GBA_Function_Library
0x08084E64	0x08082B2C	HBlank_ScrollBG3		funcmap-agree	FE_GBA_Function_Library
0x08084EBC	0x08082B84	HBlank_ScrollBG2WithBaseOffset		funcmap-agree	FE_GBA_Function_Library
0x08084F24	0x08082BEC	HBlank_ScrollBG1AndBG2		funcmap-agree	FE_GBA_Function_Library
0x08084F88	0x08082C50	MapAnimEllipseScanlineCore		new-hint	FE_GBA_Function_Library
0x08085178	0x08082E40	UpdateMapAnimEllipseScanline		new-hint	FE_GBA_Function_Library
0x080851B8	0x08082E80	StartEventFromInfo	CallEventDefinition	new-hint	FE_GBA_Function_Library
0x080851FC	0x08082EC4	SearchAvailableEvent	CheckEventDefinition	new-hint	FE_GBA_Function_Library
0x08085260	0x08082F28	SearchNextAvailableEvent	CheckNextEventDefinition	funcmap-agree	FE_GBA_Function_Library
0x08085290	0x08082F58	EventInfoCheckTalk		funcmap-agree	FE_GBA_Function_Library
0x080852BC	0x08082F84	CheckActiveUnitArea		funcmap-agree	FE_GBA_Function_Library
0x080852F0	0x08082FB8	CheckAnyBlueUnitArea		new-hint	FE_GBA_Function_Library
0x08085350	0x08083018	CheckAnyBlueUnitArea1		funcmap-agree	FE_GBA_Function_Library
0x0808537C	0x08083044	CheckAnyBlueUnitArea2		funcmap-agree	FE_GBA_Function_Library
0x080853CC	0x08083094	CheckAnyBlueUnitArea3		funcmap-agree	FE_GBA_Function_Library
0x080853E4	0x080830AC	CheckAnyBlueUnitArea4		funcmap-agree	FE_GBA_Function_Library
0x0808540C	0x080830D4	CheckAnyBlueUnitArea5		funcmap-agree	FE_GBA_Function_Library
0x08085434	0x080830FC	CheckAnyBlueUnitArea6		funcmap-agree	FE_GBA_Function_Library
0x0808545C	0x08083124	CheckAnyBlueUnitArea7		funcmap-agree	FE_GBA_Function_Library
0x08085484	0x0808314C	CheckAnyRedUnitArea		new-hint	FE_GBA_Function_Library
0x080854E4	0x080831AC	IsThereClosedChestAt	IsThereClosedChestAt	new-hint	FE_GBA_Function_Library
0x08085500	0x080831C8	StartAvailableChestTileEvent		new-hint	FE_GBA_Function_Library
0x08085528	0x080831F0	IsThereClosedDoorAt	IsThereClosedDoorAt	new-hint	FE_GBA_Function_Library
0x08085544	0x0808320C	StartAvailableDoorTileEvent		new-hint	FE_GBA_Function_Library
0x0808556C	0x08083234	IsThereTileCommand15		new-hint	FE_GBA_Function_Library
0x08085588	0x08083250	ShouldCallEndEvent	ShouldCallEndEvent	new-hint	FE_GBA_Function_Library
0x080855A4	0x0808326C	MaybeCallEndEvent_	MaybeCallEndEvent_	new-hint	FE_GBA_Function_Library
0x080855B8	0x08083280	CallEndEvent	CallEndEvent	new-hint	FE_GBA_Function_Library
0x080855FC	0x080832C4	Eventinfo_CondFalse_0		new-hint	FE_GBA_Function_Library
0x08085600	0x080832C8	Eventinfo_CondFalse_1		new-hint	FE_GBA_Function_Library
0x08085604	0x080832CC	Eventinfo_CondFalse_2		new-hint	FE_GBA_Function_Library
0x08085610	0x080832D8	CheckWin	CheckWin	new-hint	FE_GBA_Function_Library
0x08085620	0x080832E8	MaybeCallEndEvent	MaybeCallEndEvent	new-hint	FE_GBA_Function_Library
0x08085640	0x08083308	GetTrapPointer	GetCurrentChapterBallistaePtr	new-hint	FE_GBA_Function_Library
0x08085658	0x08083320	GetHardModeTrapPointer	GetCurrentChapterBallistae2Ptr	new-hint	FE_GBA_Function_Library
0x08085680	0x08083348	GetChapterAllyUnitDataPointer	GetChapterAllyUnitDefinitions	new-hint	FE_GBA_Function_Library
0x080856E8	0x080833B0	GetChapterEnemyUnitDefinitions	GetChapterEnemyUnitDefinitions	new-hint	FE_GBA_Function_Library
0x08085738	0x08083400	GetChapterSkirmishLeaderClasses	GetChapterSkirmishLeaderClasses	new-hint	FE_GBA_Function_Library
0x0808575C	0x08083424	AreSkirmishUnitsAvailable		new-hint	FE_GBA_Function_Library
0x080857A0	0x08083468	GetAvailableBattleTalk		new-hint	FE_GBA_Function_Library
0x080857E8	0x080834B0	ShouldCallBattleQuote	ShouldCallBattleQuote	new-hint	FE_GBA_Function_Library
0x0808583C	0x08083504	CallBattleQuoteEventsIfAny	CallBattleQuoteEventsIfAny	new-hint	FE_GBA_Function_Library
0x080858A8	0x08083570	SetPidDefeatedFlag		new-hint	FE_GBA_Function_Library
0x080858E0	0x080835A8	CheckBattleDefeatTalk	ShouldDisplayDeathQuoteForChar	new-hint	FE_GBA_Function_Library
0x08085914	0x080835DC	DisplayDefeatTalkForPid	DisplayDeathQuoteForChar	new-hint	FE_GBA_Function_Library
0x0808598C	0x08083654	KillPlayerUnitByPid		new-hint	FE_GBA_Function_Library
0x08085A54	0x0808371C	StartSupportTalk		new-hint	FE_GBA_Function_Library
0x08085A9C	0x08083764	StartSupportViewerTalk		new-hint	FE_GBA_Function_Library
0x08085AC8	0x08083790	GetSupportTalkSong_		new-hint	FE_GBA_Function_Library
0x08085AE8	0x080837B0	ForceGameOver		new-hint	FE_GBA_Function_Library
0x08085B10	0x080837D8	IsHardMode		funcmap-agree	FE_GBA_Function_Library
0x08085B30	0x080837F8	CheckTradeTutorial		new-hint	FE_GBA_Function_Library
0x08085B6C	0x08083834	EvCheck01_AFEV	EvCheck01_AFEV	new-hint	FE_GBA_Function_Library
0x08085B9C	0x08083864	EvCheck02_TURN	EvCheck02_TURN	funcmap-agree	FE_GBA_Function_Library
0x08085BE4	0x080838AC	EvCheck03_CHAR	EvCheck03_CHAR	new-hint	FE_GBA_Function_Library
0x08085C34	0x080838FC	EvCheck04_CHARASM	EvCheck04_CHARASM	new-hint	FE_GBA_Function_Library
0x08085C70	0x08083938	EvCheck05_LOCA	EvCheck05_LOCA	funcmap-agree	FE_GBA_Function_Library
0x08085CB0	0x08083978	EvCheck06_VILL	EvCheck06_VILL	funcmap-agree	FE_GBA_Function_Library
0x08085CC4	0x0808398C	EvCheck07_CHES	EvCheck07_CHES	funcmap-agree	FE_GBA_Function_Library
0x08085D00	0x080839C8	EvCheck08_DOOR	EvCheck08_DOOR	new-hint	FE_GBA_Function_Library
0x08085D48	0x08083A10	EvCheck09_	EvCheck09_	new-hint	FE_GBA_Function_Library
0x08085D90	0x08083A58	EvCheck0A_SHOP	EvCheck0A_SHOP	new-hint	FE_GBA_Function_Library
0x08085DDC	0x08083AA4	EvCheck0B_AREA	EvCheck0B_AREA	new-hint	FE_GBA_Function_Library
0x08085E54	0x08083B2C	EvCheck0E_	EvCheck0E_	new-hint	FE_GBA_Function_Library
0x08085E80	0x08083B58	EvCheck0F_	EvCheck0F_	funcmap-agree	FE_GBA_Function_Library
0x08085EC0	0x08083B98	EvCheck10_	EvCheck10_	funcmap-agree	FE_GBA_Function_Library
0x08085F00	0x08083BD8	SetChapterFlag	SetLocalEventId	funcmap-agree	FE_GBA_Function_Library
0x08085F34	0x08083C0C	ClearChapterFlag	UnsetLocalEventId	funcmap-agree	FE_GBA_Function_Library
0x08085F70	0x08083C48	ResetChapterFlags	ClearLocalEvents	new-hint	FE_GBA_Function_Library
0x08085F88	0x08083C60	CheckChapterFlag	CheckLocalEventId	funcmap-agree	FE_GBA_Function_Library
0x08085FC8	0x08083CA0	SetPermanentFlag	SetGlobalEventId	funcmap-agree	FE_GBA_Function_Library
0x08086000	0x08083CD8	ClearPermanentFlag	UnsetGlobalEventId	funcmap-agree	FE_GBA_Function_Library
0x08086040	0x08083D18	ResetPermanentFlags	ClearGlobalTriggerState	funcmap-agree	FE_GBA_Function_Library
0x0808605C	0x08083D34	CheckPermanentFlagFrom	CheckGlobalEventIdFrom	funcmap-agree	FE_GBA_Function_Library
0x08086094	0x08083D6C	CheckPermanentFlag	CheckGlobalEventId	funcmap-agree	FE_GBA_Function_Library
0x080860A8	0x08083D80	SetFlag	SetEventId	funcmap-agree	FE_GBA_Function_Library
0x080860BC	0x08083D94	ClearFlag	UnsetEventId	funcmap-agree	FE_GBA_Function_Library
0x080860D0	0x08083DA8	CheckFlag	CheckEventId	funcmap-agree	FE_GBA_Function_Library
0x080860E8	0x08083DC0	GetPermanentFlagBits	GetGlobalEventIdStorage	new-hint	FE_GBA_Function_Library
0x080860F0	0x08083DC8	GetPermanentFlagBitsSize	GetGlobalEventIdStorageSize	new-hint	FE_GBA_Function_Library
0x080860F4	0x08083DCC	GetChapterFlagBits	GetLocalEventIdStorage	new-hint	FE_GBA_Function_Library
0x080860FC	0x08083DD4	GetChapterFlagBitsSize	GetLocalEventIdStorageSize	new-hint	FE_GBA_Function_Library
0x08086100	0x08083DD8	EnqueueTutEvent		new-hint	FE_GBA_Function_Library
0x0808615C	0x08083E34	CheckTutorialEvent	CheckTutorialEvent	funcmap-agree	FE_GBA_Function_Library
0x0808618C	0x08083E64	RunTutorialEvent	RunTutorialEvent	new-hint	FE_GBA_Function_Library
0x08086240	0x08083F68	CheckForCharacterEvents	CheckForCharacterEvents	new-hint	FE_GBA_Function_Library
0x08086288	0x08083FB0	StartCharacterEvent	RunCharacterEvents	new-hint	FE_GBA_Function_Library
0x080862D4	0x08083FFC	GetChestItemSubstitute		new-hint	FE_GBA_Function_Library
0x08086350	0x08084078	GetAvailableTileEventCommand	GetLocationEventCommandAt	new-hint	FE_GBA_Function_Library
0x0808639C	0x080840C4	StartAvailableTileEvent	RunLocationEvents	new-hint	FE_GBA_Function_Library
0x08086604	0x08084330	CheckForWaitEvents	CheckForPostActionEvents	new-hint	FE_GBA_Function_Library
0x08086694	0x080843C0	RunWaitEvents	RunPostActionEvents	new-hint	FE_GBA_Function_Library
0x08086730	0x0808445C	TryCallSelectEvents	RunSelectEvents	new-hint	FE_GBA_Function_Library
0x08086784	0x080844B0	StartDestSelectedEvent	RunMoveEventsMaybe	new-hint	FE_GBA_Function_Library
0x080867D8	0x08084508	StartAfterUnitMovedEvent	RunPostMoveEvents	new-hint	FE_GBA_Function_Library
0x0808682C	0x08084560	CheckBattleForecastTutorialEvent	CheckBattleForecastTutorialEvent	new-hint	FE_GBA_Function_Library
0x08086848	-		RunPlayerPhaseStartTutorialEvent	new-hint	FE_GBA_Function_Library
0x0808685C	0x0808457C	StartBattleForecastTutorialEvent	RunBattleForecastTutorialEvent	new-hint	FE_GBA_Function_Library
0x08086870	0x080845A4	ClearActiveEventRegistry	ClearActiveEventRegistry	new-hint	FE_GBA_Function_Library
0x08086884	0x080845B8	RegisterEventActivation	RegisterEventActivation	funcmap-agree	FE_GBA_Function_Library
0x080868B0	0x080845E4	GetEventTriggerId	GetEventTriggerId	new-hint	FE_GBA_Function_Library
0x080868F4	0x08084628	SetFlag82		new-hint	FE_GBA_Function_Library
0x08086900	0x08084634	CheckFlag82		new-hint	FE_GBA_Function_Library
0x08086918	0x0808464C	GetBattleQuoteEntry	GetBattleQuoteEntry	new-hint	FE_GBA_Function_Library
0x080869B0	0x080846E4	GetDefeatTalkEntry	GetCharDeathQuoteEntry	new-hint	FE_GBA_Function_Library
0x08086A14	0x08084748	GetSupportTalkEntry		funcmap-agree	FE_GBA_Function_Library
0x08086A58	0x0808478C	GetSupportTalkSong		funcmap-agree	FE_GBA_Function_Library
0x08086AC4	0x080847F8	GetSupportTalkList		new-hint	FE_GBA_Function_Library
0x08086ACC	0x08084800	IsCharacterForceDeployed_	IsCharacterForceDeployed_	funcmap-agree	FE_GBA_Function_Library
0x08086B24	0x08084858	IsSethLArachelMyrrhInnes	IsSethLArachelMyrrhInnes	funcmap-agree	FE_GBA_Function_Library
0x08086B4C	0x080848E0	Uidebug_PickRandomActiveCond1		new-hint	FE_GBA_Function_Library
0x08086BAC	0x08084940	Uidebug_PickRandomActiveCond2		new-hint	FE_GBA_Function_Library
0x08086C0C	0x08084880	Uidebug_PickRandomActiveCond0		new-hint	FE_GBA_Function_Library
0x08086C6C	0x080849A0	Uidebug_GetClockCyclingIndex		new-hint	FE_GBA_Function_Library
0x08086CA4	0x080849D8	Uidebug_GetClockCyclingIndexHalf		new-hint	FE_GBA_Function_Library
0x08086CDC	0x08084A10	Uidebug_GetClockCyclingIndexQuarter		new-hint	FE_GBA_Function_Library
0x08086D14	0x08084A48	Uidebug_ScanUnitsCond2RetFalse		new-hint	FE_GBA_Function_Library
0x08086D34	0x08084AF4	Uidebug_ScanAllUnitsRetZero		new-hint	FE_GBA_Function_Library
0x08086DA8	0x08084ADC	Debug_PromoteUnit0x100		new-hint	FE_GBA_Function_Library
0x08086DC0	0x08084A68	Uidebug_ScanUnitsRetZero		new-hint	FE_GBA_Function_Library
0x08086DD8	0x08084B0C	Debug_RemoveAllLightRunes		new-hint	FE_GBA_Function_Library
0x08086E00	0x08084B34	Debug_SoftReset		new-hint	FE_GBA_Function_Library
0x08086E0C	0x08084B40	Debug_CondAButtonNotPressed		funcmap-agree	FE_GBA_Function_Library
0x08086E2C	0x08084B34	Debug_SoftReset		new-hint	FE_GBA_Function_Library
0x08086E38	0x08084B6C	Debug_CondAButtonPressed		funcmap-agree	FE_GBA_Function_Library
0x08086E58	0x08084B8C	Debug_RefreshMapFog		new-hint	FE_GBA_Function_Library
0x08086E64	0x08084B98	Debug_AddGold		new-hint	FE_GBA_Function_Library
0x08086E7C	0x08084BB0	Debug_SubtractPartyGold		new-hint	FE_GBA_Function_Library
0x08086E98	0x08084BCC	Debug_DecrementUnitStats		funcmap-agree	FE_GBA_Function_Library
0x08086F04	0x08084C38	Debug_DecrementCharStatsByPid		new-hint	FE_GBA_Function_Library
0x08086F18	0x08084C4C	IsCharDeployedPlayerUnit		new-hint	FE_GBA_Function_Library
0x08086F58	0x08084C8C	IsChar0DeployedPlayerUnit		new-hint	FE_GBA_Function_Library
0x08086F68	0x08084C9C	IsChar0DeployedPlayerUnit_Alt		new-hint	FE_GBA_Function_Library
0x08086F78	0x08084CAC	IsCharAlivePlayerUnit	IsCharDeadAsNonPlayerUnit	new-hint	FE_GBA_Function_Library
0x08086FB4	0x08084CE8	IsChar0AlivePlayerUnit		funcmap-agree	FE_GBA_Function_Library
0x08086FC4	0x08084CF8	IsChar0AlivePlayerUnit_02		funcmap-agree	FE_GBA_Function_Library
0x08086FD4	0x08084D08	IsChar0AlivePlayerUnit_03		funcmap-agree	FE_GBA_Function_Library
0x08086FE4	0x08084D18	IsChar0AlivePlayerUnit_04		funcmap-agree	FE_GBA_Function_Library
0x08086FF4	0x08084D28	IsChar0AlivePlayerUnit_05		funcmap-agree	FE_GBA_Function_Library
0x08087004	0x08084D38	IsChar0AlivePlayerUnit_06		funcmap-agree	FE_GBA_Function_Library
0x08087014	0x08084D48	IsChar0AlivePlayerUnit_07		funcmap-agree	FE_GBA_Function_Library
0x08087024	0x08084D58	IsChar0AlivePlayerUnit_08		new-hint	FE_GBA_Function_Library
0x08087034	0x08084D68	IsChar0AlivePlayerUnit_09		new-hint	FE_GBA_Function_Library
0x08087044	0x08084D78	IsChar0AlivePlayerUnit_10		new-hint	FE_GBA_Function_Library
0x08087054	0x08084D88	IsChar0AlivePlayerUnit_11		new-hint	FE_GBA_Function_Library
0x08087064	0x08084D98	IsChar0AlivePlayerUnit_12		new-hint	FE_GBA_Function_Library
0x08087074	0x08084DA8	IsChar0AlivePlayerUnit_13		new-hint	FE_GBA_Function_Library
0x08087084	0x08084DB8	IsChar0AlivePlayerUnit_14		new-hint	FE_GBA_Function_Library
0x08087094	0x08084DC8	IsChar0AlivePlayerUnit_15		new-hint	FE_GBA_Function_Library
0x080870A4	0x08084DD8	IsChar0AlivePlayerUnit_16		new-hint	FE_GBA_Function_Library
0x080870B4	0x08084DE8	IsChar0AlivePlayerUnit_17		new-hint	FE_GBA_Function_Library
0x080870C4	0x08084DF8	IsChar0AlivePlayerUnit_18		new-hint	FE_GBA_Function_Library
0x080870D4	0x08084E08	IsChar0AlivePlayerUnit_19		new-hint	FE_GBA_Function_Library
0x080870E4	0x08084E18	IsChar0AlivePlayerUnit_20		new-hint	FE_GBA_Function_Library
0x080870F4	0x08084E28	IsChar0AlivePlayerUnit_21		new-hint	FE_GBA_Function_Library
0x08087104	0x08084E38	IsChar0AlivePlayerUnit_22		new-hint	FE_GBA_Function_Library
0x08087114	0x08084E48	IsChar0AlivePlayerUnit_23		new-hint	FE_GBA_Function_Library
0x08087124	0x08084E58	IsChar0AlivePlayerUnit_24		new-hint	FE_GBA_Function_Library
0x08087134	0x08084E68	IsChar0AlivePlayerUnit_25		funcmap-agree	FE_GBA_Function_Library
0x08087144	0x08084E78	IsChar0AlivePlayerUnit_26		funcmap-agree	FE_GBA_Function_Library
0x08087154	0x08084E88	DoesCharExistAsPlayerUnit		new-hint	FE_GBA_Function_Library
0x08087184	0x08084EB8	DoesChar0ExistAsPlayerUnit		funcmap-agree	FE_GBA_Function_Library
0x08087194	0x08084EC8	DoesChar0ExistAsPlayerUnit_02		new-hint	FE_GBA_Function_Library
0x080871A4	0x08084ED8	DoesChar0ExistAsPlayerUnit_03		new-hint	FE_GBA_Function_Library
0x080871B4	0x08084EE8	AreAnyEnemyUnitDead	IsAnyEnemyUnitAlive	new-hint	FE_GBA_Function_Library
0x080871E8	0x08084F1C	GetDeadEnemyAmount	GetDeadEnemyAmount	new-hint	FE_GBA_Function_Library
0x08087220	0x08084F54	AreAllEnemyUnitsDead		funcmap-agree	FE_GBA_Function_Library
0x08087238	0x08084F6C	IsCharDeadAsNonPlayerUnit	IsCharDeadAsNonPlayerUnit	new-hint	FE_GBA_Function_Library
0x08087274	0x08084FA8	CountDeployedSelectablePlayerUnits		new-hint	FE_GBA_Function_Library
0x080872B0	0x08084FE4	AreAllNpcUnitsUnselectable		new-hint	FE_GBA_Function_Library
0x080872E4	0x08085018	IsChar0AliveAsNonPlayerUnit		new-hint	FE_GBA_Function_Library
0x080872F4	0x08085028	IsChar0AliveAsNonPlayerUnit_02		new-hint	FE_GBA_Function_Library
0x08087304	0x08085038	IsChar0AliveAsNonPlayerUnit_03		new-hint	FE_GBA_Function_Library
0x08087314	0x08085048	IsChar0DeadAsNonPlayerUnit_2		new-hint	FE_GBA_Function_Library
0x08087324	0x08085058	IsChar0AliveAsNonPlayerUnit_02_2		new-hint	FE_GBA_Function_Library
0x08087334	0x08085068	IsChar0AliveAsNonPlayerUnit_03_2		new-hint	FE_GBA_Function_Library
0x08087344	0x08085078	IsChar0AliveAsNonPlayerUnit_04		new-hint	FE_GBA_Function_Library
0x08087354	0x08085088	IsChar0AliveAsNonPlayerUnit_05		new-hint	FE_GBA_Function_Library
0x08087364	0x08085098	IsChar0AliveAsNonPlayerUnit_06		new-hint	FE_GBA_Function_Library
0x08087374	0x080850A8	IsChar0AliveAsNonPlayerUnit_07		new-hint	FE_GBA_Function_Library
0x08087384	0x080850B8	IsChar0AliveAsNonPlayerUnit_08		new-hint	FE_GBA_Function_Library
0x08087394	0x080850C8	IsChar0DeadAsNonPlayerUnit_09		new-hint	FE_GBA_Function_Library
0x080873A4	0x080850D8	IsChar0DeadAsNonPlayerUnit_10		new-hint	FE_GBA_Function_Library
0x080873B4	0x080850E8	IsChar0DeadAsNonPlayerUnit_11		new-hint	FE_GBA_Function_Library
0x080873C4	0x080850F8	IsChar0DeadAsNonPlayerUnit_12		new-hint	FE_GBA_Function_Library
0x080873D4	0x08085108	IsChar0DeadAsNonPlayerUnit_13		new-hint	FE_GBA_Function_Library
0x080873E4	0x08085118	IsChar0DeadAsNonPlayerUnit_14		new-hint	FE_GBA_Function_Library
0x080873F4	0x08085128	DoChars0And0HaveMaxSupport		new-hint	FE_GBA_Function_Library
0x08087408	0x0808513C	HaveChars0MaxSupport_02		new-hint	FE_GBA_Function_Library
0x0808741C	0x08085150	HaveChars0MaxSupport_03		new-hint	FE_GBA_Function_Library
0x08087430	0x08085164	HaveChars0MaxSupport_04		new-hint	FE_GBA_Function_Library
0x08087444	0x08085178	HaveChars0MaxSupport_05		new-hint	FE_GBA_Function_Library
0x08087458	0x0808518C	HaveChars0MaxSupport_06		new-hint	FE_GBA_Function_Library
0x0808746C	0x080851A0	Uidebug_CountLivingUnitsOfCharInFaction		new-hint	FE_GBA_Function_Library
0x080874B0	0x080851E4	Uidebug_CountLivingUnitsInFaction		new-hint	FE_GBA_Function_Library
0x080874EC	0x08085220	Uidebug_IsTurnNumberOver20		funcmap-agree	FE_GBA_Function_Library
0x08087504	0x08085238	Uidebug_IsTurnNumberOver25		funcmap-agree	FE_GBA_Function_Library
0x0808751C	0x08085250	Uidebug_IsTurnNumberOver30		funcmap-agree	FE_GBA_Function_Library
0x08087534	0x08085268	Uidebug_IsPlayerPhase		funcmap-agree	FE_GBA_Function_Library
0x0808754C	0x08085280	Uidebug_IsEnemyPhase		funcmap-agree	FE_GBA_Function_Library
0x08087564	0x08085298	Uidebug_IsActiveUnitMale		funcmap-agree	FE_GBA_Function_Library
0x08087580	0x080852EC	Uidebug_IsGoldOver5999		new-hint	FE_GBA_Function_Library
0x0808759C	0x08085308	Uidebug_IsGoldOver4999		new-hint	FE_GBA_Function_Library
0x080875B8	0x080852B4	Uidebug_IsGoldOver9999		new-hint	FE_GBA_Function_Library
0x080875D4	0x080852D0	Uidebug_IsGoldOver7999		new-hint	FE_GBA_Function_Library
0x080875F0	0x08085324	Uidebug_IsTalkChoiceResultOne		new-hint	FE_GBA_Function_Library
0x08087604	0x08085338	Uidebug_IsAliveEnemyCountAtLeast50		funcmap-agree	FE_GBA_Function_Library
0x08087620	0x08085354	Uidebug_IsActiveUnitHpZero		new-hint	FE_GBA_Function_Library
0x08087640	0x08085374	EventCallGameOverExt	StartGameOver	new-hint	FE_GBA_Function_Library
0x08087654	0x08085388	GameOver_FadeOutCurrentBgm		new-hint	FE_GBA_Function_Library
0x0808767C	0x080853B0	SkilGameOverForToturialExtraMap		new-hint	FE_GBA_Function_Library
0x0808769C	0x080853D0	PostGameOverHandler		new-hint	FE_GBA_Function_Library
0x080876B0	0x080853E4	CheckWaitAction_unused		funcmap-agree	FE_GBA_Function_Library
0x080876C8	0x08084B60	Debug_SoftReset2		new-hint	FE_GBA_Function_Library
0x080876D4	0x08085408	AsnycKeyStatus_ButtonB		new-hint	FE_GBA_Function_Library
0x080876E0	0x0807C230	StartMADebug6C		new-hint	FE_GBA_Function_Library
0x080876F4	0x08085428	HideAllAlliesExceptLeader		new-hint	FE_GBA_Function_Library
0x08087750	0x08085484	ResetAllPlayerUnitState	ResetAllPlayerUnitState	new-hint	FE_GBA_Function_Library
0x080877B0	0x080854E4	TryLockParentProc		new-hint	FE_GBA_Function_Library
0x080877BC	0x080854F0	TryUnlockParentProc		new-hint	FE_GBA_Function_Library
0x080877C8	0x080854FC	ResetAllBG		new-hint	FE_GBA_Function_Library
0x080877F8	0x0808552C	SwapUnitStatsChar100		new-hint	FE_GBA_Function_Library
0x0808781C	0x08085550	StartScreenFlashingWhite		new-hint	FE_GBA_Function_Library
0x08087844	0x08085578	StartScreenFlashingRed		new-hint	FE_GBA_Function_Library
0x0808786C	0x080855A0	BlackOutScreenWithBlend		new-hint	FE_GBA_Function_Library
0x080878A0	0x080855D4	DisableAllDisplay		new-hint	FE_GBA_Function_Library
0x080878C4	0x080855F8	EnableAllDisplay		new-hint	FE_GBA_Function_Library
0x080878E4	0x08085618	EventQuakefxHorizon_ViolentLoop		new-hint	FE_GBA_Function_Library
0x0808793C	0x08085670	EventQuakefxHorizon_SlightLoop		new-hint	FE_GBA_Function_Library
0x0808799C	0x080856D0	EventQuakefxVeritical_Loop		new-hint	FE_GBA_Function_Library
0x080879F4	0x08085728	StartEventVeriticalQuakefx		new-hint	FE_GBA_Function_Library
0x08087A38	0x0808576C	StartEventHorizontalQuakefxViolently		new-hint	FE_GBA_Function_Library
0x08087A7C	0x080857B0	StartEventHorizontalQuakefxSlightly		new-hint	FE_GBA_Function_Library
0x08087AC0	0x080857F4	StartEventHorizontalQuakefxViolentlyNoSound		new-hint	FE_GBA_Function_Library
0x08087AE8	0x0808581C	StartEventHorizontalQuakefxSlightlyNoSound		new-hint	FE_GBA_Function_Library
0x08087B10	0x08085844	EndEventHorizontalQuakefx		new-hint	FE_GBA_Function_Library
0x08087B38	0x0808586C	EndEventVerticalQuakefx		new-hint	FE_GBA_Function_Library
0x08087B60	0x080825B0	ManimShiftingSineWaveScanlineBuf_Init		new-hint	FE_GBA_Function_Library
0x08087B68	0x0808589C	EventQuakefx_Loop		new-hint	FE_GBA_Function_Library
0x08087BE8	0x0808591C	StartEventQuakefx		new-hint	FE_GBA_Function_Library
0x08087C14	0x08085948	EndEventQuakefx		new-hint	FE_GBA_Function_Library
0x08087C3C	0x08085970	SetEventId_0x84	TriggerDisableMapIcons	new-hint	FE_GBA_Function_Library
0x08087C48	0x0808597C	UnsetEventId_0x84	UnTriggerDisableMapIcons	new-hint	FE_GBA_Function_Library
0x08087C54	0x08085894	EventQuakefx_Init		new-hint	FE_GBA_Function_Library
0x08087C5C	0x08085990	UnitTornOut_Loop		new-hint	FE_GBA_Function_Library
0x08087C9C	0x080859D0	StartUnitTornOut		new-hint	FE_GBA_Function_Library
0x08087CB4	0x080859E8	Nop_Eventcall_0	nullsub_20	new-hint	FE_GBA_Function_Library
0x08087CB8	0x080859EC	WorldFlushInit		new-hint	FE_GBA_Function_Library
0x08087D98	0x08085ACC	WorldFlushOut		new-hint	FE_GBA_Function_Library
0x08087DFC	0x08085B30	WorldFlushReload		new-hint	FE_GBA_Function_Library
0x08087E24	0x08085B58	WorldFlushIn		new-hint	FE_GBA_Function_Library
0x08087E80	0x08085BB4	WorldFlushCallBack		new-hint	FE_GBA_Function_Library
0x08087EC8	0x08085374	EventCallGameOverExt		new-hint	FE_GBA_Function_Library
0x08087EDC	0x08085C10	RecordGlobalSupportRankC		new-hint	FE_GBA_Function_Library
0x08087EF0	0x08085C24	RecordGlobalSupportRankB		new-hint	FE_GBA_Function_Library
0x08087F04	0x08085C38	RecordGlobalSupportRankA		new-hint	FE_GBA_Function_Library
0x08087F18	0x08085C4C	InitTowerDungeonState		new-hint	FE_GBA_Function_Library
0x08087F24	0x08085C58	InitRuinsDungeonState		new-hint	FE_GBA_Function_Library
0x08087F30	0x08085C64	DisplayMapClearMapAnim		funcmap-agree	FE_GBA_Function_Library
0x08087F3C	0x08085C70	DisplayCongratulationsMapAnim		funcmap-agree	FE_GBA_Function_Library
0x08087F48	0x08085C7C	DisplayEventMapAnim		new-hint	FE_GBA_Function_Library
0x08088098	0x08085DCC	DrawEventMapAnimMaskfx		new-hint	FE_GBA_Function_Library
0x080880D4	0x08085E08	DrawEventMapAnimMaskfxTsa		new-hint	FE_GBA_Function_Library
0x08088114	0x08085E48	EventMapAnim_Init		new-hint	FE_GBA_Function_Library
0x08088160	0x08085E94	EventMapAnim_SlideSquaresInLoop		new-hint	FE_GBA_Function_Library
0x08088254	0x08085F88	EventMapAnim_SlideSquaresOutLoop		new-hint	FE_GBA_Function_Library
0x08088368	0x0808609C	EventMapAnim_DrawMaskfxLoop		new-hint	FE_GBA_Function_Library
0x080883CC	0x08086100	EventMapAnim_End		new-hint	FE_GBA_Function_Library
0x08088400	0x08085988	UnitTornOut_Init		new-hint	FE_GBA_Function_Library
0x08088408	0x0808613C	EventMapAnimBanner_SlideInLoop		new-hint	FE_GBA_Function_Library
0x080884F8	0x0808622C	EventMapAnimBanner_FlashInLoop		new-hint	FE_GBA_Function_Library
0x08088590	0x080862C4	EventMapAnimBanner_FlashOutLoop		new-hint	FE_GBA_Function_Library
0x08088628	0x0808635C	EventMapAnimBanner_HoldLoop		new-hint	FE_GBA_Function_Library
0x080886E0	0x08086414	HandleCh5xUnits_Start	HandleCh5xUnits_Start	new-hint	FE_GBA_Function_Library
0x08088730	0x08086464	HandleCh5xUnits_End	HandleCh5xUnits_End	new-hint	FE_GBA_Function_Library
0x08088798	0x080864CC	CallRouteSplitMenu	CallRouteSplitMenu	new-hint	FE_GBA_Function_Library
0x080887E0	0x08086514	MenuCommand_DrawRouteSplit	MenuCommand_DrawRouteSplit	new-hint	FE_GBA_Function_Library
0x08088830	0x08086564	Command_EirikaMode	Command_EirikaMode	new-hint	FE_GBA_Function_Library
0x0808884C	0x08086580	Command_EphraimMode	Command_EphraimMode	new-hint	FE_GBA_Function_Library
0x08088868	0x0808659C	AutolevelSecondaryLord		new-hint	FE_GBA_Function_Library
0x0808895C	0x08086690	AutoGenerateUnitdef		new-hint	FE_GBA_Function_Library
0x08088A6C	0x0808679C	SetupAutoGeneratedUnitdefs		new-hint	FE_GBA_Function_Library
0x08088B0C	0x0808683C	ApplySepiaToPaletteBuffer		new-hint	FE_GBA_Function_Library
0x08088BE4	0x08086928	StartSaveMenuPostChapter		new-hint	FE_GBA_Function_Library
0x08088BF0	0x08086934	UnusedDrawOutline		new-hint	FE_GBA_Function_Library
0x08088C1C	0x08086960	DrawStatBarLeftBorder		funcmap-agree	FE_GBA_Function_Library
0x08088C40	0x08086984	DrawStatBarShadow		funcmap-agree	FE_GBA_Function_Library
0x08088C68	0x080869AC	DrawStatBarRightBorder		new-hint	FE_GBA_Function_Library
0x08088C94	0x080869D8	DrawStatBarUnfilledCol		funcmap-agree	FE_GBA_Function_Library
0x08088CC4	0x08086A08	DrawStatBarFilledCol		funcmap-agree	FE_GBA_Function_Library
0x08088CE0	0x08086A24	DrawStatBarCappedCol		funcmap-agree	FE_GBA_Function_Library
0x08088CFC	0x08086A40	DrawStatBar		new-hint	FE_GBA_Function_Library
0x08088DE8	0x08086B2C	DrawStatBarGfx		new-hint	FE_GBA_Function_Library
0x08088E30	0x08086134	EventMapAnimBanner_Init		new-hint	FE_GBA_Function_Library
0x08088E38	0x08086B7C	BackgroundSlide_Loop		new-hint	FE_GBA_Function_Library
0x08088E74	0x08086BB8	StartMuralBackground	StartScreenMenuScrollingBg	new-hint	FE_GBA_Function_Library
0x08088F0C	0x08086C50	StartMuralBackgroundAlt		new-hint	FE_GBA_Function_Library
0x08088FA4	0x08086CE8	StartMuralBackgroundExt		new-hint	FE_GBA_Function_Library
0x08089078	0x08086DBC	EndMuralBackground	EndBG3Slider	new-hint	FE_GBA_Function_Library
0x08089088	0x08086DCC	GetLastStatScreenUid	GetSomeUnitId	new-hint	FE_GBA_Function_Library
0x08089094	0x08086DD8	SetLastStatScreenUid		new-hint	FE_GBA_Function_Library
0x080890A0	0x08086DE4	SetStatScreenConfig		new-hint	FE_GBA_Function_Library
0x080890AC	0x08086DF0	InitTexts		new-hint	FE_GBA_Function_Library
0x080890BC	0x08086E00	DisplayTexts	DrawLotsaText	new-hint	FE_GBA_Function_Library
0x08089100	0x08086E44	DisplayLeftPanel		new-hint	FE_GBA_Function_Library
0x08089268	0x08086FAC	DisplayBwl		new-hint	FE_GBA_Function_Library
0x08089354	0x080870BC	DrawStatWithBar	DrawStatScreenBar	new-hint	FE_GBA_Function_Library
0x0808941C	0x08087184	DisplayPage0	DrawUnitStatScreen	new-hint	FE_GBA_Function_Library
0x080896EC	0x08087484	DisplayPage1	DrawUnitItemScreen	new-hint	FE_GBA_Function_Library
0x08089910	0x08087698	DisplaySupportList	DrawUnitScreenSupportList	new-hint	FE_GBA_Function_Library
0x08089A00	0x08087788	DisplayWeaponExp	DrawUnitWeaponRank	new-hint	FE_GBA_Function_Library
0x08089AC4	0x08095A44	Prep_DrawChapterGoal		new-hint	FE_GBA_Function_Library
0x08089B58	0x080878CC	DisplayPage	DrawStatScreenPage	new-hint	FE_GBA_Function_Library
0x08089B90	0x08087904			new-hint	FE_GBA_Function_Library
0x08089BAC	0x08087920	FindNextUnit		new-hint	FE_GBA_Function_Library
0x08089C68	0x080879DC	PageSlide_OnLoop		new-hint	FE_GBA_Function_Library
0x08089D58	0x08087ACC	PageSlide_OnEnd		funcmap-agree	FE_GBA_Function_Library
0x08089D64	0x08087AD8	StartPageSlide		new-hint	FE_GBA_Function_Library
0x08089DCC	0x08087B40	GlowBlendCtrl_OnInit		new-hint	FE_GBA_Function_Library
0x08089E2C	0x08087BA0	GlowBlendCtrl_OnLoop		new-hint	FE_GBA_Function_Library
0x08089E7C	0x08085414	NewForceAsyncButtonB		new-hint	FE_GBA_Function_Library
0x08089E90	0x08087C04	EndGlowBlendCtrl		new-hint	FE_GBA_Function_Library
0x08089EC0	0x08087C34	UnitSlide_InitFadeOut		new-hint	FE_GBA_Function_Library
0x08089F4C	0x08087CC0	UnitSlide_FadeOutLoop		new-hint	FE_GBA_Function_Library
0x08089FB0	0x08087D24	UnitSlide_InitFadeIn		new-hint	FE_GBA_Function_Library
0x0808A024	0x08087D98	UnitSlide_FadeInLoop		new-hint	FE_GBA_Function_Library
0x0808A084	0x08087DF8	UnitSlide_SetNewUnit		new-hint	FE_GBA_Function_Library
0x0808A0B4	0x08087E28	ClearSlide		new-hint	FE_GBA_Function_Library
0x0808A108	0x08087E7C	StartUnitSlide		new-hint	FE_GBA_Function_Library
0x0808A144	0x08087EB8	DisplayPageNameSprite		new-hint	FE_GBA_Function_Library
0x0808A1D4	0x08087F48	PageNameCtrl_OnInit		new-hint	FE_GBA_Function_Library
0x0808A26C	0x08087FE0	PageNameCtrl_OnIdle		new-hint	FE_GBA_Function_Library
0x0808A2A0	0x08088014	PageNameCtrl_AnimOut		new-hint	FE_GBA_Function_Library
0x0808A368	0x080880DC	PageNameCtrl_AnimIn		new-hint	FE_GBA_Function_Library
0x0808A438	0x080881AC	PageNumCtrl_OnInit		funcmap-agree	FE_GBA_Function_Library
0x0808A450	0x080881C4	PageNumCtrl_CheckSlide		funcmap-agree	FE_GBA_Function_Library
0x0808A488	0x080881FC	PageNumCtrl_UpdateArrows		new-hint	FE_GBA_Function_Library
0x0808A570	0x080882E4	PageNumCtrl_UpdatePageNum		new-hint	FE_GBA_Function_Library
0x0808A5E0	0x08088354	PageNumCtrl_DisplayMuPlatform		new-hint	FE_GBA_Function_Library
0x0808A610	0x08088384	PageNumCtrl_DisplayBlinkIcons		new-hint	FE_GBA_Function_Library
0x0808A6D8	0x0808844C	StatScreen_BlackenScreen		new-hint	FE_GBA_Function_Library
0x0808A73C	0x080884B0	StatScreen_InitDisplay		new-hint	FE_GBA_Function_Library
0x0808A8FC	0x08088670	StatScreen_Display	DrawStatScreen	new-hint	FE_GBA_Function_Library
0x0808A9C8	0x0808873C	StatScreen_OnIdle		new-hint	FE_GBA_Function_Library
0x0808AB40	0x080888B4	StatScreen_OnClose		new-hint	FE_GBA_Function_Library
0x0808AB98	0x0808890C	StatScreen_ResumeFromHelp		new-hint	FE_GBA_Function_Library
0x0808ABAC	0x08088920	BgOffCtrl_OnLoop	StatScreenBGVPosManager_Loop	new-hint	FE_GBA_Function_Library
0x0808ABD8	0x0808894C	StartStatScreen	StartStatScreen	new-hint	FE_GBA_Function_Library
0x0808AC2C	0x080889A0	StartStatScreenHelp	StartStatScreenHelpTextBubble	new-hint	FE_GBA_Function_Library
0x0808AC8C	0x08088A00	HbPopulate_SSItem		new-hint	FE_GBA_Function_Library
0x0808ACB8	0x08088A2C	HbPopulate_SSStatus		new-hint	FE_GBA_Function_Library
0x0808AD94	0x08088B08	HbPopulate_SSPower		new-hint	FE_GBA_Function_Library
0x0808ADCC	0x08088B40	HbRedirect_SSItem		funcmap-agree	FE_GBA_Function_Library
0x0808AE20	0x08088B94	HbPopulate_SSWExp		new-hint	FE_GBA_Function_Library
0x0808AE60	0x08088BD4	HbPopulate_SSCharacter		new-hint	FE_GBA_Function_Library
0x0808AE8C	0x08088C00	HbPopulate_SSClass		funcmap-agree	FE_GBA_Function_Library
0x0808AEA0	0x08088C14	HbRedirect_SSSupports		new-hint	FE_GBA_Function_Library
0x0808AED4	0x08088C48	UpdateHelpBoxDisplay		new-hint	FE_GBA_Function_Library
0x0808AF88	0x08088CFC	HelpBox_OnOpen		new-hint	FE_GBA_Function_Library
0x0808AFC8	0x08088D3C	HelpBox_OnLoop		funcmap-agree	FE_GBA_Function_Library
0x0808AFF0	0x08088D64	HelpBox_OnClose		new-hint	FE_GBA_Function_Library
0x0808B044	0x08088DB8	HelpBox_WaitClose		new-hint	FE_GBA_Function_Library
0x0808B06C	0x08088DE0	StartHelpBox		funcmap-agree	FE_GBA_Function_Library
0x0808B0A0	0x08088E14	StartHelpBox_Unk		new-hint	FE_GBA_Function_Library
0x0808B0EC	0x08088E60	StartItemHelpBox		funcmap-agree	FE_GBA_Function_Library
0x0808B128	0x08088E9C	StartHelpBoxExt		new-hint	FE_GBA_Function_Library
0x0808B1F4	0x08088F68	StartHelpBoxExt_Unk		new-hint	FE_GBA_Function_Library
0x0808B2A4	0x08089018	CloseHelpBox		new-hint	FE_GBA_Function_Library
0x0808B2C8	0x0808903C	EndHelpBox		new-hint	FE_GBA_Function_Library
0x0808B2EC	0x08089060	HbMoveCtrl_OnInitBox		new-hint	FE_GBA_Function_Library
0x0808B314	0x08089088	HbMoveCtrl_OnIdle		new-hint	FE_GBA_Function_Library
0x0808B3DC	0x08089150	HbMoveCtrl_OnEnd		new-hint	FE_GBA_Function_Library
0x0808B3F0	0x08089164	StartMovingHelpBox	StartHelpTextBubble	new-hint	FE_GBA_Function_Library
0x0808B414	0x08089188	StartMovingHelpBoxExt		new-hint	FE_GBA_Function_Library
0x0808B438	0x080891AC	ApplyHelpBoxContentSize		new-hint	FE_GBA_Function_Library
0x0808B49C	0x08089210	ApplyHelpBoxPosition		new-hint	FE_GBA_Function_Library
0x0808B528	0x0808929C	SetHelpBoxInitPosition		funcmap-agree	FE_GBA_Function_Library
0x0808B54C	0x080892C0	ResetHelpBoxInitSize		new-hint	FE_GBA_Function_Library
0x0808B55C	0x080892D0	GetHelpBoxItemInfoKind		new-hint	FE_GBA_Function_Library
0x0808B5AC	0x08089320	HbPopulate_AutoItem		new-hint	FE_GBA_Function_Library
0x0808B5E0	0x08089354	TryRelocateHbUp		new-hint	FE_GBA_Function_Library
0x0808B610	0x08089384	TryRelocateHbDown		new-hint	FE_GBA_Function_Library
0x0808B640	0x080893B4	TryRelocateHbLeft		new-hint	FE_GBA_Function_Library
0x0808B670	-			new-hint	FE_GBA_Function_Library
0x0808B6A0	0x0806D198	EfxMagfcastMain		new-hint	FE_GBA_Function_Library
0x0808B6C4	0x08089454	StartLockingHelpBox_Unused		new-hint	FE_GBA_Function_Library
0x0808B6FC	0x0808948C	HelpPrompt_OnIdle	Loop6C_8A00B20_UpdateOAMData	new-hint	FE_GBA_Function_Library
0x0808B71C	0x080894AC	StartHelpPromptSprite_Unused		new-hint	FE_GBA_Function_Library
0x0808B750	0x080894E0	StartHelpPromptSprite		new-hint	FE_GBA_Function_Library
0x0808B7AC	0x0808953C	StartHelpPromptSprite_Unused2		new-hint	FE_GBA_Function_Library
0x0808B7E0	0x08089570	EndHelpPromptSprite		new-hint	FE_GBA_Function_Library
0x0808B7F8	0x08089588	MoveHelpPromptSprite		new-hint	FE_GBA_Function_Library
0x0808B818	0x080895A8	GetLastHelpBoxInfo		new-hint	FE_GBA_Function_Library
0x0808B824	0x080895B4	ApplyChapterTitlePal		new-hint	FE_GBA_Function_Library
0x0808B894	0x08089624	PutChapterTitleGfx	LoadChapterTitleGfx	new-hint	FE_GBA_Function_Library
0x0808B93C	0x08089678	PutChapterTitleBG		new-hint	FE_GBA_Function_Library
0x0808B96C	0x080896A8	PutChapterTitleBGAlt		new-hint	FE_GBA_Function_Library
0x0808B99C	0x080896D8	DrawChapterTitleStr		funcmap-agree	FE_GBA_Function_Library
0x0808BA30	0x08089720	DrawChapterTitleBG		funcmap-agree	FE_GBA_Function_Library
0x0808BA54	0x08089744	DrawChapterTitleBGTsa		new-hint	FE_GBA_Function_Library
0x0808BA78	0x08089768	GetChapterTitleExtra		new-hint	FE_GBA_Function_Library
0x0808BAAC	0x0808979C	GetChapterTitleWM		new-hint	FE_GBA_Function_Library
0x0808BB14	0x08089804	LoadHelpBoxGfx	LoadDialogueBoxGfx	new-hint	FE_GBA_Function_Library
0x0808BBD4	0x080898C4	LoadHelpBoxGfx2		new-hint	FE_GBA_Function_Library
0x0808BC90	0x08089980	DisplayHelpBoxObj		new-hint	FE_GBA_Function_Library
0x0808BFE0	0x08089CD4	DrawHelpBoxWeaponStats		new-hint	FE_GBA_Function_Library
0x0808C0F8	0x08089DE8	DrawHelpBoxSaveMenuStats		new-hint	FE_GBA_Function_Library
0x0808C168	0x08089E58	HelpBoxTextScroll_OnLoop		new-hint	FE_GBA_Function_Library
0x0808C1FC	0x08089EEC	HelpBoxDrawOneLineExt		new-hint	FE_GBA_Function_Library
0x0808C268	0x08089F58	HelpBoxSetupstringLines		new-hint	FE_GBA_Function_Library
0x0808C2DC	0x08089FCC	HelpBoxDrawstring		new-hint	FE_GBA_Function_Library
0x0808C31C	0x0808A00C	HelpBoxIntroDrawTexts		new-hint	FE_GBA_Function_Library
0x0808C40C	0x0808A0FC	StartHelpBoxTextInit		new-hint	FE_GBA_Function_Library
0x0808C428	0x0808A118	ClearHelpBoxText		new-hint	FE_GBA_Function_Library
0x0808C470	0x0808A160	HelpBoxIntro_bug_0		new-hint	FE_GBA_Function_Library
0x0808C498	0x0808A188	HelpBoxIntro_bug_OnClose		new-hint	FE_GBA_Function_Library
0x0808C4C8	0x0808A1B8	HelpBoxIntro_bug_WaitClose		new-hint	FE_GBA_Function_Library
0x0808C4F0	0x0808A1E0	StartHelpBoxAtPos		funcmap-agree	FE_GBA_Function_Library
0x0808C510	0x0808A200	StartHelpBoxExtInternal		new-hint	FE_GBA_Function_Library
0x0808C5E0	0x0808A2D0	CloseHelpBox_bug		new-hint	FE_GBA_Function_Library
0x0808C60C	0x0808A2FC	HelpBoxMoveCtrl_OnInitBox		new-hint	FE_GBA_Function_Library
0x0808C630	0x0808A4A4	HelpBoxLock_OnIdle		new-hint	FE_GBA_Function_Library
0x0808C650	0x0808A340	EndHelpBoxMoveCtrl		new-hint	FE_GBA_Function_Library
0x0808C664	0x0808A354	StartHelpBoxMoveCtrl		new-hint	FE_GBA_Function_Library
0x0808C694	0x0808A384	ApplyHelpBoxContentSize_bug		funcmap-agree	FE_GBA_Function_Library
0x0808C6D4	0x0808A3C4	ApplyHelpBoxPosition_bug		new-hint	FE_GBA_Function_Library
0x0808C74C	0x0808A43C	SetHelpBoxInitPosition_bug		new-hint	FE_GBA_Function_Library
0x0808C754	0x0808A444	SetHelpBoxDefaultRect		new-hint	FE_GBA_Function_Library
0x0808C764	0x0808A454	GetHelpBoxItemInfoKind_bug		new-hint	FE_GBA_Function_Library
0x0808C7B4	0x08089430	HbLock_OnIdle		new-hint	FE_GBA_Function_Library
0x0808C7D4	0x0808A4C4	StartHelpoxDirect		new-hint	FE_GBA_Function_Library
0x0808C80C	0x0808BB58	IsTalkBoxIdleActive		new-hint	FE_GBA_Function_Library
0x0808C828	0x0808A518	SetDialogueBoxConfig		new-hint	FE_GBA_Function_Library
0x0808C834	0x0808A524	GetDialogueBoxConfig		new-hint	FE_GBA_Function_Library
0x0808C840	0x0808A530	ScrollBoxDialogueTilesUp		funcmap-agree	FE_GBA_Function_Library
0x0808C8E0	0x0808A5D0	InitBoxDialogue		new-hint	FE_GBA_Function_Library
0x0808CAC0	0x0808A7B0	ApplyBoxDialoguePosition		funcmap-agree	FE_GBA_Function_Library
0x0808CB48	0x0808A838	SetBoxDialogueSize		funcmap-agree	FE_GBA_Function_Library
0x0808CB58	0x0808A848	BoxDialogue_OnInit		funcmap-agree	FE_GBA_Function_Library
0x0808CB8C	0x0808A87C	BoxDialogue_OnIdle		new-hint	FE_GBA_Function_Library
0x0808CBBC	0x0808A8AC	BoxDialogue_OnClose		new-hint	FE_GBA_Function_Library
0x0808CBF4	0x0808A8E4	BoxDialogue_DrawBoxInterpolated		new-hint	FE_GBA_Function_Library
0x0808CC84	0x0808A974	MergeBoxDialogue1		funcmap-agree	FE_GBA_Function_Library
0x0808CCAC	0x0808A99C	MergeBoxDialogue2		new-hint	FE_GBA_Function_Library
0x0808CCD0	0x0808A9C0	MergeBoxDialogue3		new-hint	FE_GBA_Function_Library
0x0808CD00	0x0808A9F0	EndBoxDialogueMerge		new-hint	FE_GBA_Function_Library
0x0808CD14	0x0808AA04	StartBoxDialogue		new-hint	FE_GBA_Function_Library
0x0808CD7C	0x0808AA6C	StartBoxDialogueExt		new-hint	FE_GBA_Function_Library
0x0808CDEC	0x0808AADC	GetBoxDialogueSize		new-hint	FE_GBA_Function_Library
0x0808CEA8	0x0808AB98	DialogBoxGetGlyphLen		new-hint	FE_GBA_Function_Library
0x0808CF1C	0x0808AC0C	DrawBoxDialogueText		new-hint	FE_GBA_Function_Library
0x0808D00C	0x0808ACFC	PutBoxDialogueBoxSprites		new-hint	FE_GBA_Function_Library
0x0808D3AC	0x0808B09C	BoxDialogueDrawText_Init		new-hint	FE_GBA_Function_Library
0x0808D3E4	0x0808B0D4	BoxDialogue_StopFaceMouthMove		new-hint	FE_GBA_Function_Library
0x0808D408	0x0808B0F8	BoxDialogue_StartFaceMouthMove		new-hint	FE_GBA_Function_Library
0x0808D42C	0x0808B11C	BoxDialogue_ClearTextLines		new-hint	FE_GBA_Function_Library
0x0808D488	0x0808B178	BoxDialogueInterpreter_Main		new-hint	FE_GBA_Function_Library
0x0808DA98	0x0808B788	BoxDialogueDrawText_WaitIdle		new-hint	FE_GBA_Function_Library
0x0808DAC8	0x0808B7B8	BoxDialogueDrawText_ScrollLines		new-hint	FE_GBA_Function_Library
0x0808DB14	0x0808B804	BoxDialogueDrawText_AfterScroll		new-hint	FE_GBA_Function_Library
0x0808DB54	0x0808B844	BoxDialogueDrawText_Finish		new-hint	FE_GBA_Function_Library
0x0808DB80	0x0808B870	BoxDialogueDrawText_ResizeBox		new-hint	FE_GBA_Function_Library
0x0808DC14	0x0808B904	BoxDialogueShouldAnimateText		new-hint	FE_GBA_Function_Library
0x0808DC38	0x0808B928	BoxDialogueDrawTextProc_Init		new-hint	FE_GBA_Function_Library
0x0808DD70	0x0808BA60	StartBoxDialogueDrawText		new-hint	FE_GBA_Function_Library
0x0808DDB4	0x0808BAA4	ClearBoxDialogueText		new-hint	FE_GBA_Function_Library
0x0808DE68	0x08097340	PrepScreenMenuExists		new-hint	FE_GBA_Function_Library
0x0808DE84	0x0808BB74	EndAllBoxDialogue		new-hint	FE_GBA_Function_Library
0x0808DEBC	0x0808BBAC	GetWindowQuadrant		new-hint	FE_GBA_Function_Library
0x0808DEDC	0x0808BBCC	GetCursorQuadrant	GetCameraMovementSpeedMaybe	funcmap-agree	FE_GBA_Function_Library
0x0808DF20	0x0808BC10	GetHpBarLeftTile		new-hint	FE_GBA_Function_Library
0x0808DF38	0x0808BC2C	GetHpBarMidTiles		funcmap-agree	FE_GBA_Function_Library
0x0808DF74	0x0808BC68	GetHpBarRightTile		new-hint	FE_GBA_Function_Library
0x0808DF94	0x0808BC94	DrawHpBar		new-hint	FE_GBA_Function_Library
0x0808DFF8	0x0808BCF8	MMB_Loop_SlideIn	Loop6CUI1_DisplayTransition	new-hint	FE_GBA_Function_Library
0x0808E170	0x0808BE70	MMB_Loop_SlideOut	Loop6CUI1_HideTransition	new-hint	FE_GBA_Function_Library
0x0808E2D4	0x0808BFD4	TerrainDisplay_Loop_SlideIn		new-hint	FE_GBA_Function_Library
0x0808E400	0x0808C100	TerrainDisplay_Loop_SlideOut		new-hint	FE_GBA_Function_Library
0x0808E534	0x0808C234	PutUnitMapUiWindow		new-hint	FE_GBA_Function_Library
0x0808E588	0x0808C288	PutTerrainDisplayWindow		new-hint	FE_GBA_Function_Library
0x0808E5CC	0x0808C2CC	ApplyUnitMapUiFramePal		new-hint	FE_GBA_Function_Library
0x0808E614	0x0808C314	GetCursorScreenSideX		funcmap-agree	FE_GBA_Function_Library
0x0808E63C	0x0808C33C	GetCursorScreenSideXAlt		funcmap-agree	FE_GBA_Function_Library
0x0808E660	0x0808C360	ClearUnitMapUiStatus		funcmap-agree	FE_GBA_Function_Library
0x0808E688	0x0808C388	PutUnitMapUiStatus	MMB_DrawStatusText	new-hint	FE_GBA_Function_Library
0x0808E75C	0x0808C45C	UnitMapUiUpdate	DrawMinimugBoxMaybe	new-hint	FE_GBA_Function_Library
0x0808E8CC	0x0808C5D0	DrawUnitMapUi	InitMinimugBoxMaybe	new-hint	FE_GBA_Function_Library
0x0808EA0C	0x0808C710	GetUnitBurstMapUiOrientationAt		new-hint	FE_GBA_Function_Library
0x0808EA4C	0x0808C750	DrawUnitBurstMapUi		new-hint	FE_GBA_Function_Library
0x0808EBE8	0x0808C8EC	ClearUnitBurstMapUi		new-hint	FE_GBA_Function_Library
0x0808EC60	0x0808C964	DrawTerrainDisplayWindow		new-hint	FE_GBA_Function_Library
0x0808EE30	0x0808CB34	TerrainDisplay_Init		new-hint	FE_GBA_Function_Library
0x0808EE58	0x0808CB5C	TerrainDisplay_Loop_OnSideChange		new-hint	FE_GBA_Function_Library
0x0808EEFC	0x0808CC00	TerrainDisplay_Loop_Display		new-hint	FE_GBA_Function_Library
0x0808EF9C	0x0808CCA0	MMB_Init		new-hint	FE_GBA_Function_Library
0x0808EFC4	0x0808CCC8	MMB_Loop_OnSideChange	Loop6CUI1_Hidden	new-hint	FE_GBA_Function_Library
0x0808F070	0x0808CD74	MMB_Loop_Display	Loop6CUI1_Displayed	new-hint	FE_GBA_Function_Library
0x0808F14C	0x0808CE50	MMB_CheckForUnit		new-hint	FE_GBA_Function_Library
0x0808F198	0x0808CE9C	BurstDisplay_Init	Init6CUI2	new-hint	FE_GBA_Function_Library
0x0808F1C4	0x0808CEC8	BurstDisplay_Loop_Display	Loop6CUI2	new-hint	FE_GBA_Function_Library
0x0808F2C0	0x0808CFC4	InitPlayerPhaseInterface	InitPlayerPhaseInterfaceMaybe	new-hint	FE_GBA_Function_Library
0x0808F438	0x08087BF0	StartGlowBlendCtrl		new-hint	FE_GBA_Function_Library
0x0808F44C	0x0808D150	EndPlayerPhaseSideWindows	EndPlayerPhaseSideWindows	new-hint	FE_GBA_Function_Library
0x0808F48C	0x0808D190	IsCursorInLowerScreenHalf		funcmap-agree	FE_GBA_Function_Library
0x0808F4B0	0x0808D1B4	GetCursorScreenQuadrant		new-hint	FE_GBA_Function_Library
0x0808F4FC	0x0808D200	DrawGoalDisplayWindow		new-hint	FE_GBA_Function_Library
0x0808F584	0x0808D288	GoalDisplay_Init	Init6CPI	new-hint	FE_GBA_Function_Library
0x0808F764	0x0808D47C	GoalDisplay_Loop_OnSideChange	Loop16CPI	new-hint	FE_GBA_Function_Library
0x0808F7FC	0x0808D514	PutGoalDisplayWindow		new-hint	FE_GBA_Function_Library
0x0808F9BC	0x0808D6D4	GoalDisplay_Loop_SlideIn	Loop26CPI	new-hint	FE_GBA_Function_Library
0x0808FA04	0x0808D71C	GoalDisplay_Loop_SlideOut	Loop46CPI	new-hint	FE_GBA_Function_Library
0x0808FA6C	0x0808D784	GoalDisplay_Loop_Display	Loop36CPI	new-hint	FE_GBA_Function_Library
0x0808FAFC	0x0808D814	IsAnyPlayerSideWindowRetracting		new-hint	FE_GBA_Function_Library
0x0808FB58	0x0808D870	MenuButtonDisp_Init		new-hint	FE_GBA_Function_Library
0x0808FB88	0x0808D8A0	UpdateMenuButtonPos		funcmap-agree	FE_GBA_Function_Library
0x0808FC0C	0x0808D924	DrawMenuButtonAt		new-hint	FE_GBA_Function_Library
0x0808FC64	0x0808D97C	MenuButtonDisp_UpdateCursorPos		new-hint	FE_GBA_Function_Library
0x0808FCA0	0x0808D9B8	MenuButtonDisp_Loop_OnSlideIn		new-hint	FE_GBA_Function_Library
0x0808FCE4	0x0808D9FC	MenuButtonDisp_Loop_Display		new-hint	FE_GBA_Function_Library
0x0808FD88	0x0808DAA0	MenuButtonDisp_Loop_OnSlideOut		new-hint	FE_GBA_Function_Library
0x0808FDCC	0x0808DAE4	OnVBlank_SioError	MinimalVBlankHandler	new-hint	FE_GBA_Function_Library
0x0808FDF0	0x0808DB08	OnMain_SioErrorWait		new-hint	FE_GBA_Function_Library
0x0808FE1C	0x0808DB34	PutSioErrorMessage		new-hint	FE_GBA_Function_Library
0x0808FEB0	0x0808DBC8	OnMain_SioError		new-hint	FE_GBA_Function_Library
0x0808FF5C	0x0808DC74	StartSioErrorScreen		new-hint	FE_GBA_Function_Library
0x0808FF94	0x0808DCAC	StartChapterStatusHelpBox		new-hint	FE_GBA_Function_Library
0x0808FFB8	0x0808DCD0	GetFirstValidBlueUnit_Unused		new-hint	FE_GBA_Function_Library
0x0808FFE0	0x0808DCF8	GetEnemyBossUnit		new-hint	FE_GBA_Function_Library
0x080900A8	0x0808DDC0	CountEnemyBossUnits		new-hint	FE_GBA_Function_Library
0x080900E0	0x0808DDF8	CountUnitsByFaction		new-hint	FE_GBA_Function_Library
0x08090120	0x0808DE38	UpdateStatusFactionSelectorGlow		new-hint	FE_GBA_Function_Library
0x080901A4	0x0808DEBC	SplitObjectiveTextOnNewline		new-hint	FE_GBA_Function_Library
0x080901D8	0x0808DEF0	UpdateUnitSpritePal		new-hint	FE_GBA_Function_Library
0x0809020C	0x0808DF24	ChapterStatus_Init		new-hint	FE_GBA_Function_Library
0x08090474	0x0808E19C	DrawChapterStatusTextForUnit		new-hint	FE_GBA_Function_Library
0x080906A8	0x0808E3D4	ChapterStatus_ShowAllLayers		new-hint	FE_GBA_Function_Library
0x080906C8	0x0808E3F4	ChapterStatus_SetupFont		new-hint	FE_GBA_Function_Library
0x08090710	0x0808E43C	DrawChapterStatusStatValues		new-hint	FE_GBA_Function_Library
0x08090780	0x0808E4AC	ChapterStatus_DrawText		new-hint	FE_GBA_Function_Library
0x080908DC	0x0808E608	ChapterStatus_LoopKeyHandler		new-hint	FE_GBA_Function_Library
0x080909F0	0x0808E71C	ChapterStatus_OnEnd		new-hint	FE_GBA_Function_Library
0x08090A1C	0x0808E748	ChapterStatus_FocusLeaderUnit		new-hint	FE_GBA_Function_Library
0x08090A38	0x0808E764	StartChapterStatusScreen	NewChapterStatusScreen	new-hint	FE_GBA_Function_Library
0x08090A70	0x0808E79C	StartChapterStatusScreen_FromPrep		new-hint	FE_GBA_Function_Library
0x08090A88	0x0808E7B4	StatusScreenSpriteDraw_Init		new-hint	FE_GBA_Function_Library
0x08090AEC	0x0808E818	StatusScreenSpriteDraw_Loop		new-hint	FE_GBA_Function_Library
0x08090CAC	0x0808E9D8	SetCgTextFlags		funcmap-agree	FE_GBA_Function_Library
0x08090CC4	0x0808E9F0	SetCgTextFlag		funcmap-agree	FE_GBA_Function_Library
0x08090CF0	0x0808EA1C	ClearCgTextFlag		funcmap-agree	FE_GBA_Function_Library
0x08090D10	0x0808EA3C	GetCgTextFlags		new-hint	FE_GBA_Function_Library
0x08090D1C	0x0808EA48	SetCgTextBlendControl		funcmap-agree	FE_GBA_Function_Library
0x08090D3C	0x0808EA68	GetCgTextBlendControl		new-hint	FE_GBA_Function_Library
0x08090D48	0x0808EA74	SetCgTextBlendAlpha		funcmap-agree	FE_GBA_Function_Library
0x08090D60	0x0808EA8C	GetCgTextBlendAlpha		new-hint	FE_GBA_Function_Library
0x08090D6C	0x0808EA98	CgText_OnHBlank		funcmap-agree	FE_GBA_Function_Library
0x08090DE0	0x0808EB0C	CgText_DrawNameBox		new-hint	FE_GBA_Function_Library
0x08090EA8	0x0808EBD4	CgText_Init		new-hint	FE_GBA_Function_Library
0x08091238	0x0808EF64	CgText_InitBlendAmt		funcmap-agree	FE_GBA_Function_Library
0x08091240	0x0808EF6C	CgText_LoopFadeIn		new-hint	FE_GBA_Function_Library
0x0809127C	0x0808EFA8	CgText_InitFadeOut		new-hint	FE_GBA_Function_Library
0x080912DC	0x0808F008	CgText_LoopFadeOut		new-hint	FE_GBA_Function_Library
0x08091320	0x0808F04C	CgText_0		new-hint	FE_GBA_Function_Library
0x08091358	0x0808F084	CgText_1		new-hint	FE_GBA_Function_Library
0x08091398	0x0808F0C4	CgText_OnEnd		new-hint	FE_GBA_Function_Library
0x080913C0	0x0808F0EC	CgText_2		new-hint	FE_GBA_Function_Library
0x080913FC	0x0808F128	StartCgText		new-hint	FE_GBA_Function_Library
0x08091544	0x0808F270	EndCgText		new-hint	FE_GBA_Function_Library
0x08091558	0x0808F284	CgTextExists		new-hint	FE_GBA_Function_Library
0x08091574	0x08097378	ShowPrepScreenMenuActiveHand		new-hint	FE_GBA_Function_Library
0x08091590	0x0808F2BC	CgText_ClearSpriteText		new-hint	FE_GBA_Function_Library
0x080915E0	0x0808F30C	CgText_ResetSpriteTextCursors		new-hint	FE_GBA_Function_Library
0x0809162C	0x0808F358	GetCgTextDimensions		new-hint	FE_GBA_Function_Library
0x080916AC	0x0808F3D8	CgText_AdjustBoxPosition		funcmap-agree	FE_GBA_Function_Library
0x080916FC	0x0808F428	GetCgTextBoxDimensions		new-hint	FE_GBA_Function_Library
0x08091874	0x0808F5A0	DoesStringContainTact		funcmap-agree	FE_GBA_Function_Library
0x0809189C	0x0808F5C8	CgText_Display		new-hint	FE_GBA_Function_Library
0x08091AF8	0x0808F824	CgText_HandleFaceBlinkCode		new-hint	FE_GBA_Function_Library
0x08091B88	0x0808F8B4	CgTextInterpreter_Loop_Main		new-hint	FE_GBA_Function_Library
0x08092184	0x0808FEA4	CgText_ScrollVramUp		funcmap-agree	FE_GBA_Function_Library
0x080921F0	0x08086B74	BackgroundSlide_Init		new-hint	FE_GBA_Function_Library
0x080921F8	0x0808FF18	CgTextInterpreter_1		new-hint	FE_GBA_Function_Library
0x0809227C	0x0808FF9C	CgTextInterpreter_2		new-hint	FE_GBA_Function_Library
0x080922A4	0x0808FFC4	RestartCgTextInterpreter		new-hint	FE_GBA_Function_Library
0x080922C8	0x0808FFE8	EndCgTextInterpreter		new-hint	FE_GBA_Function_Library
0x080922DC	0x0808FFFC	IsCgTextBlocking		new-hint	FE_GBA_Function_Library
0x080922F4	0x08090014	YesNoChoice_Loop_KeyHandler		new-hint	FE_GBA_Function_Library
0x080923CC	0x080900EC	StartYesNoChoice		new-hint	FE_GBA_Function_Library
0x0809242C	0x0809014C	UnitList_ReorderPlayerUnits		new-hint	FE_GBA_Function_Library
0x0809249C	0x080901BC	UnitList_PutHBarSprite		new-hint	FE_GBA_Function_Library
0x08092518	0x08090238	UnitList_DrawSortLabel		new-hint	FE_GBA_Function_Library
0x08092604	0x08090324	UnitList_RegisterEquippedIcon		funcmap-agree	FE_GBA_Function_Library
0x08092638	0x08090358	UnitList_ClearUnusedEquipIcons		new-hint	FE_GBA_Function_Library
0x080926F8	0x08090418	UnitList_SetCursorToUnit		new-hint	FE_GBA_Function_Library
0x080927EC	0x08090514	UnitList_SetMuralWindow		funcmap-agree	FE_GBA_Function_Library
0x080928F8	0x08090620	UnitList_StartStatScreen		new-hint	FE_GBA_Function_Library
0x08092984	0x080906AC	UnitList_ResetFromStatScreen		funcmap-agree	FE_GBA_Function_Library
0x080929B0	0x080906D8	UnitList_ResetDispFromStatScreen		new-hint	FE_GBA_Function_Library
0x080929D0	0x080906F8	UnitListScreenSprites_Init		new-hint	FE_GBA_Function_Library
0x08092A5C	0x08090784	UnitListScreenSprites_Main		new-hint	FE_GBA_Function_Library
0x08092E20	0x08090B48	UnitList_AddUnit		new-hint	FE_GBA_Function_Library
0x08092F30	0x08090C58	UnitList_BuildUnitListFromFaction		new-hint	FE_GBA_Function_Library
0x08092FD8	0x08090D00	UnitList_BuildUnitList		new-hint	FE_GBA_Function_Library
0x08093058	0x08090D80	UnitList_SetupDisplay		new-hint	FE_GBA_Function_Library
0x08093458	0x08091180	UnitList_Init		funcmap-agree	FE_GBA_Function_Library
0x080934BC	0x080911E4	UnitList_DeployUnit		new-hint	FE_GBA_Function_Library
0x08093560	0x08091288	UnitList_UndeployUnit		new-hint	FE_GBA_Function_Library
0x08093604	0x0809132C	UnitList_TogglePrepDeployState		new-hint	FE_GBA_Function_Library
0x080936B0	-			new-hint	FE_GBA_Function_Library
0x08093744	0x0809144C	UnitList_HandleListInput		new-hint	FE_GBA_Function_Library
0x08093AD0	0x080917D8	UnitList_HandleSortInput		new-hint	FE_GBA_Function_Library
0x08093DAC	0x0804D778	SetLinkArenaResultBlend		new-hint	FE_GBA_Function_Library
0x08093DE4	0x08091AEC	UnitList_Loop		new-hint	FE_GBA_Function_Library
0x08093EF8	0x08091C00	UnitList_OnEnd		new-hint	FE_GBA_Function_Library
0x08093FB8	0x08091CC0	UnitList_StartPageChange		new-hint	FE_GBA_Function_Library
0x0809404C	0x08091D54	UnitList_PageChangeOut_Loop		new-hint	FE_GBA_Function_Library
0x08094208	0x08091F10	UnitList_PageChangeIn_Loop		new-hint	FE_GBA_Function_Library
0x080943BC	0x080920C4	StartUnitListScreenField	StartUnitListMenu	new-hint	FE_GBA_Function_Library
0x080943D4	0x080920DC	StartUnitListScreenPrepMenu		new-hint	FE_GBA_Function_Library
0x0809442C	0x08092134	StartUnitListScreenForSoloAnim		new-hint	FE_GBA_Function_Library
0x0809445C	0x08092164	StartUnitListScreenUnk		new-hint	FE_GBA_Function_Library
0x0809448C	0x08092194	StartUnitListScreenWorldMap		new-hint	FE_GBA_Function_Library
0x080944C4	0x080921CC	UnitList_DrawColumnNames		new-hint	FE_GBA_Function_Library
0x08094590	0x08092298	UnitList_DrawPageHeader		new-hint	FE_GBA_Function_Library
0x080945E8	0x080922F0	UnitList_PutRow		new-hint	FE_GBA_Function_Library
0x08094EC4	0x08092BE4	SortUnitList_GetUnitSoloAnimation	SortUnitList_GetUnitSoloAnimation	funcmap-agree	FE_GBA_Function_Library
0x08094ED0	0x08092BF0	SortUnitList	SortUnitList	new-hint	FE_GBA_Function_Library
0x080972D4	0x08094FF4	CanPrepScreenSave		funcmap-agree	FE_GBA_Function_Library
0x08097304	0x08095024	Prep_GetActiveMenuItemTextId		new-hint	FE_GBA_Function_Library
0x08097374	0x08095094	Prep_GetSupportItemBitIndex		funcmap-agree	FE_GBA_Function_Library
0x080973A4	0x080950C4	Prep_CountSupportMenuItems		funcmap-agree	FE_GBA_Function_Library
0x080973C8	0x080950E8	Prep_LoadWindowGfx		new-hint	FE_GBA_Function_Library
0x08097418	0x08095138	Prep_DrawWindowFrame		new-hint	FE_GBA_Function_Library
0x08097498	0x080951B8	PrepScreenMenu_OnPickUnits		new-hint	FE_GBA_Function_Library
0x080974AC	0x080951CC	PrepScreenMenu_OnItems		new-hint	FE_GBA_Function_Library
0x080974C0	0x080951E0	PrepScreenMenu_OnSupport		new-hint	FE_GBA_Function_Library
0x080974F0	0x08095210	PrepScreenMenu_OnSave		new-hint	FE_GBA_Function_Library
0x08097520	0x08095240	PrepScreenMenu_OnStartPress		new-hint	FE_GBA_Function_Library
0x08097544	0x08095264	Prep_HasUnitDeployed		new-hint	FE_GBA_Function_Library
0x08097564	0x080853FC	UnsetKeyIgnoreMask		new-hint	FE_GBA_Function_Library
0x08097570	0x08095290	PrepScreenMenu_OnBPress		new-hint	FE_GBA_Function_Library
0x080975A0	0x08095284	PrepScreenMenu_OnUnk3	setSpecialAnimationEffectInfoState4	new-hint	FE_GBA_Function_Library
0x080975B4	0x080952D4	ResetSioPidPool		new-hint	FE_GBA_Function_Library
0x080975CC	0x080952EC	RegisterSioPid		funcmap-agree	FE_GBA_Function_Library
0x080975F4	0x08095314	RemoveSioPid		funcmap-agree	FE_GBA_Function_Library
0x08097634	0x08095354	GetUnitFromPrepList	GetPrepScreenUnitListEntry	funcmap-agree	FE_GBA_Function_Library
0x08097644	0x08095364	RegisterPrepUnitList	SetPrepScreenUnitListEntry	funcmap-agree	FE_GBA_Function_Library
0x08097654	0x08095374	PrepGetUnitAmount	GetPrepScreenUnitListSize	funcmap-agree	FE_GBA_Function_Library
0x08097664	0x08095384	PrepSetUnitAmount	SetPrepScreenUnitListSize	funcmap-agree	FE_GBA_Function_Library
0x08097674	0x08095394	PrepGetLatestCharId		new-hint	FE_GBA_Function_Library
0x080976A0	0x080953C0	PrepSetLatestCharId		new-hint	FE_GBA_Function_Library
0x080976D0	0x080953F0	IsCharacterForceDeployed	IsCharacterForceDeployed	new-hint	FE_GBA_Function_Library
0x080976FC	0x0809541C	CalcForceDeployedUnitCounts		new-hint	FE_GBA_Function_Library
0x0809773C	0x0809545C	SomeLeftoverFunctionThatReturns0	SomeLeftoverFunctionThatReturns0	new-hint	FE_GBA_Function_Library
0x08097740	0x08095460	IsUnitInCurrentRoster	IsUnitInCurrentRoster	funcmap-agree	FE_GBA_Function_Library
0x08097778	0x08095498	AtMenu_AddPrepScreenSupportMenuItem		new-hint	FE_GBA_Function_Library
0x080977E4	0x08095504	CanPrepScreenCheckMap		funcmap-agree	FE_GBA_Function_Library
0x08097804	0x08095524	InitPrepScreenMainMenu		new-hint	FE_GBA_Function_Library
0x08097954	0x08095674	GetLatestUnitIndexInPrepListByUId		new-hint	FE_GBA_Function_Library
0x08097988	0x080956A8	PrepGetLatestUnitIndex		funcmap-agree	FE_GBA_Function_Library
0x080979B8	0x080956D8	ReorderPlayerUnitsBasedOnDeployment	ReorderPlayerUnitsBasedOnDeployment	new-hint	FE_GBA_Function_Library
0x08097A28	0x08095748	SortPlayerUnitsForPrepScreen	SortPlayerUnitsForPrepScreen	new-hint	FE_GBA_Function_Library
0x08097B20	0x08095840	RemoveSomeUnitItems		new-hint	FE_GBA_Function_Library
0x08097B9C	0x080958BC	MakePrepUnitList	InitPrepScreenUnitList	new-hint	FE_GBA_Function_Library
0x08097BDC	0x080958FC	UnitGetIndexInPrepList		funcmap-agree	FE_GBA_Function_Library
0x08097C08	0x08095928	PrepUpdateSMS		new-hint	FE_GBA_Function_Library
0x08097C50	0x08095970	PrepGetDeployedUnitAmt		new-hint	FE_GBA_Function_Library
0x08097C94	0x080959B4	PrepAutoCapDeployUnits	AtMenu_AutoDeployPrepScreenUnits	funcmap-agree	FE_GBA_Function_Library
0x08097CFC	0x08095A1C	RestartMuralBackground	RestartScreenMenuScrollingBg	new-hint	FE_GBA_Function_Library
0x08097D18	0x08095A38	EndMuralBackground_	EndScreenMenuScrollingBg	new-hint	FE_GBA_Function_Library
0x08097D24	0x08095A44	Prep_DrawChapterGoal		new-hint	FE_GBA_Function_Library
0x08097DB8	0x08095AD8	PrepAtMenu_OnInit		new-hint	FE_GBA_Function_Library
0x08097E10	0x08095B30	ResetPrepMenuDescTexts		new-hint	FE_GBA_Function_Library
0x08097E44	0x08095B64	ParsePrepMenuDescTexts		new-hint	FE_GBA_Function_Library
0x08097E74	0x08095B94	DrawPrepMenuDescTexts		new-hint	FE_GBA_Function_Library
0x08097EB8	0x08095BD8	PrepMenuDescOnInit		funcmap-agree	FE_GBA_Function_Library
0x08097EC8	0x08095BE8	PrepMenuDescOnParse		funcmap-agree	FE_GBA_Function_Library
0x08097ED4	0x08095BF4	PrepMenuDescOnDraw		funcmap-agree	FE_GBA_Function_Library
0x08097EE0	0x08095C00	StartPrepMenuDesc		new-hint	FE_GBA_Function_Library
0x08097F0C	0x08095C2C	AtMenu_EndScreenElements		new-hint	FE_GBA_Function_Library
0x08097F30	0x08095C50	LoadPrepBannerGfx		new-hint	FE_GBA_Function_Library
0x08097F64	0x08095C84	AtMenu_Reinitialize		new-hint	FE_GBA_Function_Library
0x0809819C	0x08095EBC	EndPrepAtMenuIfNoUnitAvailable		new-hint	FE_GBA_Function_Library
0x0809820C	0x08095F2C	AtMenu_UpdateDescLoop		new-hint	FE_GBA_Function_Library
0x08098234	0x08095F54	AtMenu_DrawSubmenuOptions		new-hint	FE_GBA_Function_Library
0x080982B8	0x08095FD8	CleanupPrepMenuScreen		new-hint	FE_GBA_Function_Library
0x080982E4	0x08096004	AtMenu_InitSubmenuCursor		new-hint	FE_GBA_Function_Library
0x0809830C	0x0809602C	AtMenu_CtrlLoop		new-hint	FE_GBA_Function_Library
0x0809853C	0x0809625C	AtMenuSetUnitStateAndEndFlag		new-hint	FE_GBA_Function_Library
0x08098574	0x08096294	AtMenu_ResetScreenEffect		new-hint	FE_GBA_Function_Library
0x080985C4	0x080962E0	AtMenu_ResetBmUiEffect		new-hint	FE_GBA_Function_Library
0x08098600	0x0809631C	AtMenu_StartSubmenu		new-hint	FE_GBA_Function_Library
0x08098674	0x08096390	AtMenu_OnSubmenuEnd		new-hint	FE_GBA_Function_Library
0x080986E8	0x08096404	AtMenu_EnableDisplay		new-hint	FE_GBA_Function_Library
0x08098708	0x08096424	AtMenu_LockGame	AtMenu_LockGame	new-hint	FE_GBA_Function_Library
0x08098720	0x0809643C	AtMenu_UnlockGame		new-hint	FE_GBA_Function_Library
0x08098738	0x08096454	StartPrepAtMenu		new-hint	FE_GBA_Function_Library
0x0809874C	0x08096468	StartPrepAtMenuWithConfig		new-hint	FE_GBA_Function_Library
0x08098768	0x08096484	HasConvoyAccess_		new-hint	FE_GBA_Function_Library
0x08098778	0x08096494	TraineePromo_ResetScreenEffect		new-hint	FE_GBA_Function_Library
0x080987D8	0x080964F4	DoPromoteAnimForChar100		new-hint	FE_GBA_Function_Library
0x08098874	0x08096590	NullExpForChar100AndResetScreen		new-hint	FE_GBA_Function_Library
0x080988D4	0x080965F0	PrepPromoteDebugMaybe		new-hint	FE_GBA_Function_Library
0x0809894C	0x0809CCE0	PrepItemUse_FadeOutBgm		new-hint	FE_GBA_Function_Library
0x08098968	0x0808BB44	StartTalkBoxIdle		new-hint	FE_GBA_Function_Library
0x0809897C	0x080966B0	PrepAtMenuExists		new-hint	FE_GBA_Function_Library
0x08098994	0x0808A36C	IsHelpBoxMoveCtrlActive		new-hint	FE_GBA_Function_Library
0x080989AC	0x080966C8	PutPrepInformationSprite		new-hint	FE_GBA_Function_Library
0x080989D4	0x080966F0	PutPrepChapterSprite_Default		new-hint	FE_GBA_Function_Library
0x08098A94	0x080967B0	PutPrepChapterSprite_Tower		new-hint	FE_GBA_Function_Library
0x08098B54	0x08096870	PutPrepChapterSprite_Ruins		new-hint	FE_GBA_Function_Library
0x08098C14	0x08096930	PutPrepChapterSprite_Skirmish		new-hint	FE_GBA_Function_Library
0x08098C3C	0x08096958	DrawPrepScreenSprites		new-hint	FE_GBA_Function_Library
0x08098DA0	0x08096ABC	PrepSpriteDraw_Init		new-hint	FE_GBA_Function_Library
0x08098E88	0x08096BA4	PrepSpriteDraw_Loop		funcmap-agree	FE_GBA_Function_Library
0x08098E9C	0x08096BB8	PrepSpriteDraw_OnEnd		new-hint	FE_GBA_Function_Library
0x08098EA8	0x08096BC4	PrepSpriteDraw_BlinkButtonStart	NullifyBattleDamageIfUsingStone	new-hint	FE_GBA_Function_Library
0x08098EC4	0x08096BE0	PrepSpriteDraw_BlinkButtonB		new-hint	FE_GBA_Function_Library
0x08098EE0	0x08096BFC	StartPrepScreenSpriteDraw		new-hint	FE_GBA_Function_Library
0x08098F04	0x08096C20	EndPrepScreenSpriteDraw		new-hint	FE_GBA_Function_Library
0x08098F18	0x08096C34	PrepDebugDrawWindowPosition		new-hint	FE_GBA_Function_Library
0x08098FB0	0x08096CCC	PrepMenu_OnInit		new-hint	FE_GBA_Function_Library
0x08098FF4	0x08096D10	PrepMenu_CtrlLoop		new-hint	FE_GBA_Function_Library
0x08099228	0x08096F44	PrepMenu_ShowFrozenHand		new-hint	FE_GBA_Function_Library
0x08099250	0x08096F6C	PrepMenu_ShowActiveHand		new-hint	FE_GBA_Function_Library
0x0809927C	0x08096F98	PrepMenu_OnEnd		new-hint	FE_GBA_Function_Library
0x08099290	0x08096FAC	StartPrepScreenMenu		new-hint	FE_GBA_Function_Library
0x080992B4	0x08096FD0	SetPrepScreenMenuOnBPress		new-hint	FE_GBA_Function_Library
0x080992D0	0x08096FEC	SetPrepScreenMenuOnStartPress		new-hint	FE_GBA_Function_Library
0x080992EC	0x08097008	SetPrepScreenMenuOnEnd		new-hint	FE_GBA_Function_Library
0x08099308	0x08097024	SetPrepScreenMenuItem	addPrepMenuEntry	new-hint	FE_GBA_Function_Library
0x080993B0	0x080970CC	SetPrepScreenMenuSelectedItem		new-hint	FE_GBA_Function_Library
0x080993F0	0x0809710C	GetActivePrepMenuItemIndex		new-hint	FE_GBA_Function_Library
0x08099438	0x08097154	DrawPrepScreenMenuFrameAt		new-hint	FE_GBA_Function_Library
0x080994E4	0x08097200	SetPrepScreenMenuPosition		new-hint	FE_GBA_Function_Library
0x08099578	0x08097294	GetPrepMenuItemAmt		new-hint	FE_GBA_Function_Library
0x08099594	0x080972B0	EndPrepScreenMenu		new-hint	FE_GBA_Function_Library
0x080995B8	0x080972D4	ResetPrepMenuScreen		new-hint	FE_GBA_Function_Library
0x08099624	0x0808A4FC	IsBoxDialogueActive		new-hint	FE_GBA_Function_Library
0x08099640	0x0809735C	ShowPrepScreenMenuFrozenHand		new-hint	FE_GBA_Function_Library
0x0809965C	0x0808F2A0	FadeOutCgText		new-hint	FE_GBA_Function_Library
0x08099678	0x08097394	EnablePrepScreenMenu		new-hint	FE_GBA_Function_Library
0x08099694	0x080973B0	MenuScroll_Init		funcmap-agree	FE_GBA_Function_Library
0x080996C8	0x080973E4	MenuScroll_Loop		new-hint	FE_GBA_Function_Library
0x08099930	0x0809764C	LockMenuScrollBar		new-hint	FE_GBA_Function_Library
0x0809994C	0x08097668	UnlockMenuScrollBar		new-hint	FE_GBA_Function_Library
0x08099968	0x08097684	EndMenuScrollBar	Delete6CMenuScroll	new-hint	FE_GBA_Function_Library
0x0809997C	0x08097698	StartMenuScrollBar	Make6CMenuScroll	new-hint	FE_GBA_Function_Library
0x08099990	0x080976AC	PutMenuScrollBarAt		new-hint	FE_GBA_Function_Library
0x080999B0	0x080976CC	UpdateMenuScrollBarConfig		new-hint	FE_GBA_Function_Library
0x080999E4	0x08097700	InitMenuScrollBarImg		new-hint	FE_GBA_Function_Library
0x08099A2C	0x08097748	StartMenuScrollBarExt		new-hint	FE_GBA_Function_Library
0x08099A90	0x080977AC	PrepSallycir_PutColoredText		new-hint	FE_GBA_Function_Library
0x08099AD0	0x080977EC	PrepSallycir_ClampCursorScroll		funcmap-agree	FE_GBA_Function_Library
0x08099B24	0x08097840	SallyCir_OnHBlank		funcmap-agree	FE_GBA_Function_Library
0x08099B70	0x0809788C	SallyCir_Init		new-hint	FE_GBA_Function_Library
0x08099CC0	0x080979DC	SallyCir_Loop		new-hint	FE_GBA_Function_Library
0x08099D78	0x080952C0	PrepScreenMenu_OnCheckMap		new-hint	FE_GBA_Function_Library
0x08099D84	0x08097AAC	StartSallyCirProc		new-hint	FE_GBA_Function_Library
0x08099DA4	0x08097ACC	SallyCir_RectInit		funcmap-agree	FE_GBA_Function_Library
0x08099E70	0x08097B98	SallyCir_RectLoop		new-hint	FE_GBA_Function_Library
0x08099FA0	0x08097CC8	GetConvoyItemCount_		new-hint	FE_GBA_Function_Library
0x08099FB0	0x08097CD8	ViewCounter_Loop		new-hint	FE_GBA_Function_Library
0x08099FEC	0x08097D14	StartViewCounter		new-hint	FE_GBA_Function_Library
0x0809A02C	0x08097D54	TryLockProc		funcmap-agree	FE_GBA_Function_Library
0x0809A040	0x08097D68	TryUnlockProc		funcmap-agree	FE_GBA_Function_Library
0x0809A058	0x08097D80	PrepHbKeyListener_Loop		new-hint	FE_GBA_Function_Library
0x0809A080	0x08097DA8	StartPrepErrorHelpbox		new-hint	FE_GBA_Function_Library
0x0809A0B8	0x08097DE0	IsWeaponUsable		new-hint	FE_GBA_Function_Library
0x0809A0E0	0x08097E08	CountUnitUsableWeapons		funcmap-agree	FE_GBA_Function_Library
0x0809A110	0x08097E38	CanUnitJoinLinkArena		new-hint	FE_GBA_Function_Library
0x0809A14C	0x08097E74	CanUnitBeDeployedLinkArena		funcmap-agree	FE_GBA_Function_Library
0x0809A178	0x08097EA0	CheckValidLinkArenaItemSwap		new-hint	FE_GBA_Function_Library
0x0809A21C	0x08097F44	CheckValidLinkArenaItemSupply		new-hint	FE_GBA_Function_Library
0x0809A270	0x08097F98	CheckValidLinkArenaItemRemoval		new-hint	FE_GBA_Function_Library
0x0809A2B4	0x08097FDC	ApplyPrepWindowColorPalette		funcmap-agree	FE_GBA_Function_Library
0x0809A2EC	0x08098014	GetPrepPageForItem		new-hint	FE_GBA_Function_Library
0x0809A320	0x08098048	SortPrepScreenItemsByPage		new-hint	FE_GBA_Function_Library
0x0809A4BC	0x080981E4	SomethingPrepListRelated	SomethingPrepListRelated	new-hint	FE_GBA_Function_Library
0x0809A590	0x080982B8	RebuildConvoyFromPrepList		new-hint	FE_GBA_Function_Library
0x0809A5D4	0x080982FC	DebugFillConvoyWithItems		new-hint	FE_GBA_Function_Library
0x0809A5F4	0x0809831C	CountSetBits		funcmap-agree	FE_GBA_Function_Library
0x0809A61C	0x08098344	GetNthSetBitMask		funcmap-agree	FE_GBA_Function_Library
0x0809A650	0x08098378	GetFirstSetBitIndex		funcmap-agree	FE_GBA_Function_Library
0x0809A674	0x0809839C	CanUnitPrepScreenUse	CanUnitPrepScreenUse	new-hint	FE_GBA_Function_Library
0x0809A6AC	0x080983D4	PrepItemScreen_OnHBlank		funcmap-agree	FE_GBA_Function_Library
0x0809A6E0	0x08098408	PrepItemScreen_Init		new-hint	FE_GBA_Function_Library
0x0809A720	0x08098448	DrawFundsSprite_Init		new-hint	FE_GBA_Function_Library
0x0809A74C	0x08098474	DrawFundsSprite_Loop		new-hint	FE_GBA_Function_Library
0x0809A780	0x080984A8	StartDrawPrepFundsSprite		new-hint	FE_GBA_Function_Library
0x0809A7A4	0x080984CC	ShowPrepFundsSpriteAt		new-hint	FE_GBA_Function_Library
0x0809A7C4	0x080984EC	HidePrepFundsSprite		new-hint	FE_GBA_Function_Library
0x0809A7D8	0x08098500	EndDrawPrepFundsSprite		new-hint	FE_GBA_Function_Library
0x0809A7EC	0x08098514	DrawUnitInfoBg_Init		new-hint	FE_GBA_Function_Library
0x0809A804	0x0809852C	DrawUnitInfoBg_Loop		new-hint	FE_GBA_Function_Library
0x0809A82C	0x08098554	StartDrawPrepUnitInfoBgSprites		new-hint	FE_GBA_Function_Library
0x0809A848	0x08098570	ShowUnitInfoBgSpritesAt		new-hint	FE_GBA_Function_Library
0x0809A868	0x08098590	HideUnitInfoBgSprites		new-hint	FE_GBA_Function_Library
0x0809A87C	0x080985A4	EndDrawPrepUnitInfoBgSprites		new-hint	FE_GBA_Function_Library
0x0809A890	0x080985B8	PrepItemScreen_DrawFunds		new-hint	FE_GBA_Function_Library
0x0809A8D8	0x08098600	PrepItemScreen_HideFunds		new-hint	FE_GBA_Function_Library
0x0809A8F8	0x08098620	PrepItemScreen_SetupGfx		new-hint	FE_GBA_Function_Library
0x0809AC94	0x080989BC	PrepItemScreen_OnEnd		new-hint	FE_GBA_Function_Library
0x0809ACDC	0x08098A04	PutPrepItemScreenPromptText		new-hint	FE_GBA_Function_Library
0x0809AD4C	0x08098A74	PutWmItemScreenPromptText		new-hint	FE_GBA_Function_Library
0x0809AE20	0x08098B48	PrepItem_DrawPromptBox		new-hint	FE_GBA_Function_Library
0x0809AE40	0x08098B68	PrepItem_DrawPromptBoxGMap		new-hint	FE_GBA_Function_Library
0x0809AE80	0x08098BA8	PrepItem_DrawItemListBox		new-hint	FE_GBA_Function_Library
0x0809AEA0	0x08098BC8	PrepItem_DrawCommandMenuBox		new-hint	FE_GBA_Function_Library
0x0809AEC0	0x08098BE8	PrepItem_EndPopupBoxWorkers		new-hint	FE_GBA_Function_Library
0x0809AF14	0x08098C3C	PutImg_PrepItemUseUnk		new-hint	FE_GBA_Function_Library
0x0809AF64	0x08098C8C	PutImg_PrepPopupWindow		new-hint	FE_GBA_Function_Library
0x0809AF98	0x08098CC0	PrepItem_DrawUnitGridScreen		new-hint	FE_GBA_Function_Library
0x0809B118	0x08098E40	PrepItemScreen_DpadKeyHandler		new-hint	FE_GBA_Function_Library
0x0809B284	0x08098FAC	PrepItem_UpdateGridScroll		new-hint	FE_GBA_Function_Library
0x0809B3AC	0x080990D4	PrepItemScreen_StartStatScreen		new-hint	FE_GBA_Function_Library
0x0809B3D8	0x08099100	PrepItemScreen_ResumeFromStatScreen		new-hint	FE_GBA_Function_Library
0x0809B3F8	0x08099120	PrepItem_GridSelectLoop		new-hint	FE_GBA_Function_Library
0x0809B600	0x08099328	PrepItem_DrawCommandMenuText		new-hint	FE_GBA_Function_Library
0x0809B79C	0x080994C4	PrepItemScreen_DrawSelectedUnitDetails		new-hint	FE_GBA_Function_Library
0x0809B8AC	0x080995D4	PrepItem_DrawSelectedUnitScreen		new-hint	FE_GBA_Function_Library
0x0809B92C	0x08099654	PrepItem_InitCommandMenu		new-hint	FE_GBA_Function_Library
0x0809B988	0x080996B0	PrepItem_RefreshSelectedUnitItems		new-hint	FE_GBA_Function_Library
0x0809B9C0	0x080996E8	PrepItem_CommandMenuLoop		new-hint	FE_GBA_Function_Library
0x0809BD80	0x08099AA0	PrepItem_TradeRedrawItems		new-hint	FE_GBA_Function_Library
0x0809BDD8	0x08099AF8	PrepItem_InitTradeScreen		new-hint	FE_GBA_Function_Library
0x0809BF40	0x08099C60	PrepItem_EndPopupBoxesAndSync		new-hint	FE_GBA_Function_Library
0x0809BF50	0x08099C70	PrepItemScreen_Loop_MainKeyHandler		new-hint	FE_GBA_Function_Library
0x0809C098	0x08099DB8	StartPrepItemTradeScreen		new-hint	FE_GBA_Function_Library
0x0809C0C8	0x08099DE8	StartPrepItemUse		new-hint	FE_GBA_Function_Library
0x0809C0E0	0x08099E00	StartPrepItemSupply		new-hint	FE_GBA_Function_Library
0x0809C0F8	0x08099E18	StartPrepSell		new-hint	FE_GBA_Function_Library
0x0809C110	0x08099E30	StartPrepItemListScreen		new-hint	FE_GBA_Function_Library
0x0809C128	0x08099E48	StartPrepArmory		new-hint	FE_GBA_Function_Library
0x0809C148	0x08099E68	PrepItem_ClearGMapMenuOnCancel		new-hint	FE_GBA_Function_Library
0x0809C178	0x08099E98	UpdatePrepItemScreenFace		new-hint	FE_GBA_Function_Library
0x0809C224	0x08099F50	EndPrepItemScreenFace		new-hint	FE_GBA_Function_Library
0x0809C23C	0x08099F68	StartPrepItemScreen		new-hint	FE_GBA_Function_Library
0x0809C250	0x08099F7C	PrepItemScreen_DrawUnitItems		new-hint	FE_GBA_Function_Library
0x0809C360	0x0809A08C	PrepItem_SnapGridScroll		new-hint	FE_GBA_Function_Library
0x0809C3E8	0x0809A114	PrepItem_DrawUnitNameRow		new-hint	FE_GBA_Function_Library
0x0809C4EC	0x0809A21C	IsCoordHiddenByMinimug		funcmap-agree	FE_GBA_Function_Library
0x0809C500	0x0809A230	PutClassSpriteForSecretShop		new-hint	FE_GBA_Function_Library
0x0809C544	0x0809A274	PrepItem_PutUnitGridSprites		new-hint	FE_GBA_Function_Library
0x0809C5EC	0x0809A31C	PrepItemDrawPopupBox		new-hint	FE_GBA_Function_Library
0x0809C7D4	0x0809A504	PrepItemScreen_DrawVisibleUnitNames		new-hint	FE_GBA_Function_Library
0x0809C804	0x0809A538	PrepItemScreen_GiveAll		new-hint	FE_GBA_Function_Library
0x0809C84C	0x0809A580	PrepUnit_DrawUnitListNames		new-hint	FE_GBA_Function_Library
0x0809C910	0x0809A644	PrepUpdateMenuTsaScroll		new-hint	FE_GBA_Function_Library
0x0809C938	0x0809A66C	PrepUnit_DrawSMSAndObjs		new-hint	FE_GBA_Function_Library
0x0809CAE0	0x0809A814	PrepUnit_InitTexts		new-hint	FE_GBA_Function_Library
0x0809CB40	0x0809A874	PrepUnit_InitGfx		new-hint	FE_GBA_Function_Library
0x0809CBC4	0x0809A8F8	PrepUnit_InitSMS		new-hint	FE_GBA_Function_Library
0x0809CBFC	0x0809A930	PrepUnit_DrawLeftUnitName		new-hint	FE_GBA_Function_Library
0x0809CCB4	0x0809A9E8	PrepUnit_DrawLeftUnitNameCur		new-hint	FE_GBA_Function_Library
0x0809CCC4	0x0809A9F8	PrepUnit_DrawUnitItems		new-hint	FE_GBA_Function_Library
0x0809CDBC	0x0809AAF0	PrepUnit_DrawPickLeftBar		new-hint	FE_GBA_Function_Library
0x0809CE9C	0x0809ABD0	PrepCheckCanSelectUnit		new-hint	FE_GBA_Function_Library
0x0809CF0C	0x0809AC40	PrepCheckCanUnselectUnit		new-hint	FE_GBA_Function_Library
0x0809CF80	0x0809ACB4	PrepUnit_HandlePressA		new-hint	FE_GBA_Function_Library
0x0809D058	0x0809AD90	ShouldPrepUnitMenuScroll		new-hint	FE_GBA_Function_Library
0x0809D090	0x0809ADC8	PrepUnit_AdjustScrollToCursor		new-hint	FE_GBA_Function_Library
0x0809D0D8	0x0809AE10	PrepUnit_UpdateScrollArrows		new-hint	FE_GBA_Function_Library
0x0809D104	0x0809AE3C	ProcPrepUnit_OnInit		new-hint	FE_GBA_Function_Library
0x0809D144	0x0809AE7C	ProcPrepUnit_InitScreen		new-hint	FE_GBA_Function_Library
0x0809D2DC	0x0809B014	PrepUnit_EndScreenGfx		new-hint	FE_GBA_Function_Library
0x0809D300	0x0809B038	ProcPrepUnit_Idle		new-hint	FE_GBA_Function_Library
0x0809D5A4	0x0809B2DC	PrepUnit_ScrollDownLoop		new-hint	FE_GBA_Function_Library
0x0809D5EC	0x0809B324	PrepUnit_ScrollUpLoop		new-hint	FE_GBA_Function_Library
0x0809D638	0x0809B370	PrepUnit_ParkCursorOffList		new-hint	FE_GBA_Function_Library
0x0809D650	0x0809B388	PrepUnit_RestoreCursorToList		new-hint	FE_GBA_Function_Library
0x0809D67C	0x0809B3B4	PrepUnit_WaitDpadUpLoop		new-hint	FE_GBA_Function_Library
0x0809D6D4	0x0809B40C	ProcPrepUnit_OnEnd		new-hint	FE_GBA_Function_Library
0x0809D700	0x0809B438	ProcPrepUnit_OnGameStart		new-hint	FE_GBA_Function_Library
0x0809D720	0x0809B458	PrepUnit_StartUnitListScreen		new-hint	FE_GBA_Function_Library
0x0809D740	0x0809B478	PrepUnit_RecountSelectedUnits		new-hint	FE_GBA_Function_Library
0x0809D788	0x0809B4C0	PrepUnitDisableDisp		new-hint	FE_GBA_Function_Library
0x0809D7AC	0x0809B4E4	PrepUnitEnableDisp		new-hint	FE_GBA_Function_Library
0x0809D7CC	0x0809B504	PrepUnit_StartStatScreen		new-hint	FE_GBA_Function_Library
0x0809D7E8	0x0809B520	PrepUnit_RestoreListAfterStatScreen		new-hint	FE_GBA_Function_Library
0x0809D800	0x0809B538	PrepItemTrade_ApplyItemSwap		new-hint	FE_GBA_Function_Library
0x0809D82C	0x0809B564	PrepItemTrade_DpadKeyHandler		new-hint	FE_GBA_Function_Library
0x0809DA14	0x0809B74C	DrawPrepScreenItems		new-hint	FE_GBA_Function_Library
0x0809DAF4	0x0809B830	DrawPrepScreenItemIcons		new-hint	FE_GBA_Function_Library
0x0809DB30	0x0809B86C	PrepItemTrade_Init		new-hint	FE_GBA_Function_Library
0x0809DDF8	0x0809BB34	PrepItemTrade_Loop_MainKeyHandler		new-hint	FE_GBA_Function_Library
0x0809E0E8	0x0809BE24	PrepItemTrade_OnEnd		new-hint	FE_GBA_Function_Library
0x0809E100	0x0809BE3C	StartPrepItemTradeScreenProc		new-hint	FE_GBA_Function_Library
0x0809E124	0x0809BE60	StartPrepItemTradeScreenProcAtSlot		new-hint	FE_GBA_Function_Library
0x0809E144	0x0809BE80	PrepItemUseTryMoveHand		new-hint	FE_GBA_Function_Library
0x0809E1D4	0x0809BF10	DrawPrepScreenItemUseStatLabels		new-hint	FE_GBA_Function_Library
0x0809E37C	0x0809C0B4	DrawPrepScreenItemUseStatBars		new-hint	FE_GBA_Function_Library
0x0809E51C	0x0809C254	DrawPrepScreenItemUseStatValues		new-hint	FE_GBA_Function_Library
0x0809E6B4	-			new-hint	FE_GBA_Function_Library
0x0809E764	0x0809C4B4	PrepItemUseParallel_UpdateSMS		new-hint	FE_GBA_Function_Library
0x0809E788	0x0809C4D8	PrepItemUse_OnInit		funcmap-agree	FE_GBA_Function_Library
0x0809E794	0x0809C4E4	PrepItemUse_InitDisplay		new-hint	FE_GBA_Function_Library
0x0809EAC4	0x0809C820	PrepItemUse_CtrlLoop		new-hint	FE_GBA_Function_Library
0x0809EBE4	0x0809C940	ProcPrepItemUse_OnEnd		new-hint	FE_GBA_Function_Library
0x0809EBFC	0x0809C958	PrepItemUseDrawSubBox		new-hint	FE_GBA_Function_Library
0x0809EC7C	0x0809C9D8	PrepItemUseClearSubBox		new-hint	FE_GBA_Function_Library
0x0809EC98	0x0809C9F4	PrepItemUse_ConfirmWindowInit		new-hint	FE_GBA_Function_Library
0x0809ECB8	0x0809CA14	PrepItemUse_ConfirmWindowCtrlLoop		new-hint	FE_GBA_Function_Library
0x0809EDDC	0x0809CB38	PrepItemUse_HandleItemEffect		new-hint	FE_GBA_Function_Library
0x0809EE4C	0x0809CBA8	PrepItemUse_ExecPromotionItemUnused		new-hint	FE_GBA_Function_Library
0x0809EEE4	0x0809CC40	PrepItemUse_ExecPromoDoneUnusedIDLE		new-hint	FE_GBA_Function_Library
0x0809EF04	0x0809CC60	PrepItemUse_PostPromotion		new-hint	FE_GBA_Function_Library
0x0809EF34	0x0809CC9C	PrepItemUse_ResetBgmAfterPromo		new-hint	FE_GBA_Function_Library
0x0809EF78	-			new-hint	FE_GBA_Function_Library
0x0809EF94	0x0809CCFC	StartPrepItemUseScreen		new-hint	FE_GBA_Function_Library
0x0809EFAC	0x0809CD14	PrepItemUseBooster_OnDraw		new-hint	FE_GBA_Function_Library
0x0809F06C	0x0809CDD4	PrepItemUseBooster_OnInit		new-hint	FE_GBA_Function_Library
0x0809F1E0	0x0809D17C	PrepItemUseJuna_IDLE		new-hint	FE_GBA_Function_Library
0x0809F224	0x0809CF8C	PrepItemUseBooster_OnEnd		new-hint	FE_GBA_Function_Library
0x0809F2AC	0x0809D014	PrepItemUseJuna_OnDraw		new-hint	FE_GBA_Function_Library
0x0809F370	0x0809D0D4	PrepItemUseJuna_OnInit		new-hint	FE_GBA_Function_Library
0x0809F418	0x0809CF48	PrepItemUseBooster_IDLE		new-hint	FE_GBA_Function_Library
0x0809F45C	0x0809D1C0	PrepItemUseJuna_OnEnd		new-hint	FE_GBA_Function_Library
0x0809F4E0	0x0809FDA0	WmSell_DrawSupplyDialogueSpriteText		new-hint	FE_GBA_Function_Library
0x0809F514	0x0809D278	PrepItemSupply_StartPromptText		new-hint	FE_GBA_Function_Library
0x0809F560	0x0809D2C4	StoreConvoyWeaponIconGraphics	StoreConvoyWeaponIconGraphics	new-hint	FE_GBA_Function_Library
0x0809F59C	0x0809D300	PrepItemSupply_DrawItemList		new-hint	FE_GBA_Function_Library
0x0809F6B4	0x0809D418	PrepItemSupply_DrawItemListIcons		new-hint	FE_GBA_Function_Library
0x0809F718	0x0809D47C	PrepItemSupply_DrawItemListRow		new-hint	FE_GBA_Function_Library
0x0809F7CC	0x0809D530	PrepItemSupply_OnHBlank		funcmap-agree	FE_GBA_Function_Library
0x0809F80C	0x0809D570	PrepItemSupply_Init		new-hint	FE_GBA_Function_Library
0x0809F8A4	0x0809D608	PrepItemSupply_InitGiveTakeText		new-hint	FE_GBA_Function_Library
0x0809F8E0	0x0809D644	PrepItemSupply_DrawGiveTakeText		new-hint	FE_GBA_Function_Library
0x0809F968	0x0809D6CC	PrepItemSupply_DrawConvoyHeader		new-hint	FE_GBA_Function_Library
0x0809FA24	0x0809D784	PutGiveTakeBoxSprites		new-hint	FE_GBA_Function_Library
0x0809FA74	0x0809D7D4	PutGiveSprites		new-hint	FE_GBA_Function_Library
0x0809FAAC	0x0809D80C	PutTakeSprites		new-hint	FE_GBA_Function_Library
0x0809FAE4	0x0809D844	Supply_PutHighlightedCategorySprites		new-hint	FE_GBA_Function_Library
0x0809FB74	0x0809D8D4	PrepItemSupply_DrawConvoyWeaponIconTiles		funcmap-agree	FE_GBA_Function_Library
0x0809FBB4	0x0809D914	PrepItemSupply_ResetBackgrounds		new-hint	FE_GBA_Function_Library
0x0809FCA0	0x0809DA00	PrepItemSupply_InitGfx		new-hint	FE_GBA_Function_Library
0x0809FF10	0x0809DC70	PrepItemSupply_EnterGiveTakeMenu		new-hint	FE_GBA_Function_Library
0x0809FF74	0x0809DCD4	PrepItemSupply_Loop_GiveTakeKeyHandler		new-hint	FE_GBA_Function_Library
0x080A019C	0x0809DEFC	PrepItemSupply_RedrawAfterPageSwitch		new-hint	FE_GBA_Function_Library
0x080A0250	0x0809DFB0	PrepItemSupply_SwitchPageLeft		new-hint	FE_GBA_Function_Library
0x080A02F4	0x0809E054	PrepItemSupply_SwitchPageRight		new-hint	FE_GBA_Function_Library
0x080A03A0	0x0809E100	PrepItemSupply_ClampScroll		new-hint	FE_GBA_Function_Library
0x080A0424	0x0809E184	PrepItemSupply_AdjustCursorAndScroll		new-hint	FE_GBA_Function_Library
0x080A04B8	0x0809E218	PrepItemSupply_ScrollVertical		new-hint	FE_GBA_Function_Library
0x080A055C	0x0809E2BC	PrepItemSupply_RedrawConvoyHeaderWorker		new-hint	FE_GBA_Function_Library
0x080A0568	0x0809E2C8	PrepItemSupply_TakeItemFromSupply		new-hint	FE_GBA_Function_Library
0x080A06C0	0x0809E420	PrepItemSupply_Loop_ItemListKeyHandler		new-hint	FE_GBA_Function_Library
0x080A0A48	0x0809E7A8	PrepItemSupply_HandleUnitInvCursorInput		new-hint	FE_GBA_Function_Library
0x080A0AE0	0x0809E840	PrepItemSupply_SwitchToUnitInventory		new-hint	FE_GBA_Function_Library
0x080A0AFC	0x0809E85C	PrepItemSupply_GiveItemToSupply		new-hint	FE_GBA_Function_Library
0x080A0C14	0x0809E974	PrepItemSupply_Loop_UnitInvKeyHandler		new-hint	FE_GBA_Function_Library
0x080A0D1C	0x0809EA7C	PrepItemSupply_OnEnd		new-hint	FE_GBA_Function_Library
0x080A0D78	0x0809EAD8	StartPrepItemSupplyProc		new-hint	FE_GBA_Function_Library
0x080A0D94	0x0809EAF4	PrepItemSupply_ShowActiveUnitOnEnter		new-hint	FE_GBA_Function_Library
0x080A0DB4	0x0809EB14	PrepItemSupply_StartActiveUnitMuOnExit		new-hint	FE_GBA_Function_Library
0x080A0DD8	0x0809EB38	StartBmSupply		new-hint	FE_GBA_Function_Library
0x080A0DF8	0x0809EB58	MaybeStartSelectConvoyItemProc		new-hint	FE_GBA_Function_Library
0x080A0E18	0x0809EB78	PrepItemList_Init		new-hint	FE_GBA_Function_Library
0x080A0E90	0x0809EBF0	PrepItemList_DrawOwnerHeaderText		new-hint	FE_GBA_Function_Library
0x080A0ED8	0x0809EC38	PrepItemList_DrawCurrentOwnerText		new-hint	FE_GBA_Function_Library
0x080A0F9C	0x0809ECFC	List_PutHighlightedCategorySprites		new-hint	FE_GBA_Function_Library
0x080A102C	0x0809ED8C	PrepItemList_InitGfx		new-hint	FE_GBA_Function_Library
0x080A139C	0x0809F0FC	PrepItemList_OnEnd		new-hint	FE_GBA_Function_Library
0x080A13F0	0x0809F150	PrepItemList_RedrawPageContents		new-hint	FE_GBA_Function_Library
0x080A14B8	0x0809F218	PrepItemList_SwitchPageLeft		new-hint	FE_GBA_Function_Library
0x080A1564	0x0809F2C4	PrepItemList_SwitchPageRight		new-hint	FE_GBA_Function_Library
0x080A1610	0x0809F370	PrepItemList_ClampCursorAndScroll		new-hint	FE_GBA_Function_Library
0x080A1694	0x0809F3F4	PrepItemList_ScrollVertical		new-hint	FE_GBA_Function_Library
0x080A1738	0x0809F498	PrepItemList_TakeItemToUnit		new-hint	FE_GBA_Function_Library
0x080A1894	0x0809F5F4	PrepItemList_SnapCursorIntoView		new-hint	FE_GBA_Function_Library
0x080A1928	0x0809F688	PrepItemList_Loop_MainKeyHandler		new-hint	FE_GBA_Function_Library
0x080A1D28	0x0809FA88	PrepItemList_MoveUnitInvCursor		new-hint	FE_GBA_Function_Library
0x080A1DD4	0x0809FB34	PrepItemList_SwitchToUnitInventory		new-hint	FE_GBA_Function_Library
0x080A1E10	0x0809FB70	PrepItemList_SwapItemWithUnitSlot		new-hint	FE_GBA_Function_Library
0x080A1EC4	0x0809FC24	PrepItemList_Loop_UnitInvKeyHandler		new-hint	FE_GBA_Function_Library
0x080A1FF4	0x0809FD54	PrepItemList_StartTradeScreen		new-hint	FE_GBA_Function_Library
0x080A2028	0x0809FD88	StartPrepItemListScreenProc		new-hint	FE_GBA_Function_Library
0x080A2040	0x0809D244	PrepItemSupply_PutPromptBoxSprites		new-hint	FE_GBA_Function_Library
0x080A2074	0x0809FDD4	WmSell_ShowDialoguePrompt		new-hint	FE_GBA_Function_Library
0x080A20BC	0x0809FE1C	WmSell_OnHBlank		funcmap-agree	FE_GBA_Function_Library
0x080A20F8	0x0809FE58	WmSell_Init		funcmap-agree	FE_GBA_Function_Library
0x080A2198	0x0809FEFC	WmSell_DrawSellOptionSpriteText		new-hint	FE_GBA_Function_Library
0x080A2210	0x0809FF74	WmSell_DrawValueSpriteText		new-hint	FE_GBA_Function_Library
0x080A224C	0x0809FFB0	WmSell_DrawItemGoldValue		new-hint	FE_GBA_Function_Library
0x080A22D0	0x080A0034	WmSell_DrawPartyFunds		new-hint	FE_GBA_Function_Library
0x080A2378	0x080A00DC	WmSell_Setup		new-hint	FE_GBA_Function_Library
0x080A25C8	0x080A032C	WmSell_MainLoop_HandleDpadKeys		new-hint	FE_GBA_Function_Library
0x080A2660	0x080A03C4	WmSell_OnInit_ItemSelect		new-hint	FE_GBA_Function_Library
0x080A26C0	0x080A0424	WmSell_OnLoop_MainKeyHandler		new-hint	FE_GBA_Function_Library
0x080A280C	0x080A0570	WmSell_OnInit_ConfirmSell		new-hint	FE_GBA_Function_Library
0x080A2858	0x080A05BC	WmSell_ConfirmSellItem		new-hint	FE_GBA_Function_Library
0x080A28E8	0x080A064C	WmSell_OnLoop_ConfirmSellKeyHandler		new-hint	FE_GBA_Function_Library
0x080A298C	0x080A06F0	WmSell_OnEnd		new-hint	FE_GBA_Function_Library
0x080A29A8	0x080A070C	StartWorldMapSellScreen		new-hint	FE_GBA_Function_Library
0x080A29C0	0x080A0724	FortuneSubMenu_StartText		new-hint	FE_GBA_Function_Library
0x080A29FC	0x080A0760	FortuneSubMenu_Unused_SetAvailableOptions		new-hint	FE_GBA_Function_Library
0x080A2A28	0x080A078C	FortuneSubMenu_Unused_SetupText		new-hint	FE_GBA_Function_Library
0x080A2AFC	0x080A0860	FortuneSubMenu_Unused_KeyHandler		new-hint	FE_GBA_Function_Library
0x080A2B9C	-			new-hint	FE_GBA_Function_Library
0x080A2BF8	0x080A0944	StartFortuneSubMenu		new-hint	FE_GBA_Function_Library
0x080A2C10	0x080A095C	IsDivinationOptionAvailable		funcmap-agree	FE_GBA_Function_Library
0x080A2C40	0x080A098C	GetChapterDivinationTextIdHectorStory		new-hint	FE_GBA_Function_Library
0x080A2C5C	0x080A09A8	GetChapterDivinationTextIdBeginning		new-hint	FE_GBA_Function_Library
0x080A2C78	0x080A09C4	GetChapterDivinationTextIdEnding		new-hint	FE_GBA_Function_Library
0x080A2C94	0x080A09E0	GetChapterDivinationFee		new-hint	FE_GBA_Function_Library
0x080A2CB0	0x080A09FC	GetChapterDivinationPortrait		new-hint	FE_GBA_Function_Library
0x080A2CCC	0x080A0A18	IsDivinationBeginningAvailable		funcmap-agree	FE_GBA_Function_Library
0x080A2CE8	0x080A0A34	IsTacticianDivinationAvailable		funcmap-agree	FE_GBA_Function_Library
0x080A2D10	0x080A0A5C	IsDivinationPortrait1		funcmap-agree	FE_GBA_Function_Library
0x080A2D24	0x080A0A70	IsAuguryDivinationAvailable		new-hint	FE_GBA_Function_Library
0x080A2D28	0x080A0A74	IsChapterIndexAbove0x61		funcmap-agree	FE_GBA_Function_Library
0x080A2DF0	0x0808FF10	CgTextInterpreter_0		new-hint	FE_GBA_Function_Library
0x080A2DF8	-			new-hint	FE_GBA_Function_Library
0x080A2E4C	0x080B0620	ExtramenuUnk_SetIconIndex		new-hint	FE_GBA_Function_Library
0x080A2E64	-			new-hint	FE_GBA_Function_Library
0x080A3018	-			new-hint	FE_GBA_Function_Library
0x080A3074	-			new-hint	FE_GBA_Function_Library
0x080A3250	-			new-hint	FE_GBA_Function_Library
0x080A3274	-			new-hint	FE_GBA_Function_Library
0x080A32C0	-			new-hint	FE_GBA_Function_Library
0x080A3300	-			new-hint	FE_GBA_Function_Library
0x080A33E0	-			new-hint	FE_GBA_Function_Library
0x080A3458	-			new-hint	FE_GBA_Function_Library
0x080A34F0	-			new-hint	FE_GBA_Function_Library
0x080A390C	-			new-hint	FE_GBA_Function_Library
0x080A3B70	-			new-hint	FE_GBA_Function_Library
0x080A3C64	-			new-hint	FE_GBA_Function_Library
0x080A3DC8	-			new-hint	FE_GBA_Function_Library
0x080A3E24	-			new-hint	FE_GBA_Function_Library
0x080A3EF8	-			new-hint	FE_GBA_Function_Library
0x080A3F68	-			new-hint	FE_GBA_Function_Library
0x080A4088	-			new-hint	FE_GBA_Function_Library
0x080A40A0	-			new-hint	FE_GBA_Function_Library
0x080A40D4	-			new-hint	FE_GBA_Function_Library
0x080A412C	-			new-hint	FE_GBA_Function_Library
0x080A4148	-			new-hint	FE_GBA_Function_Library
0x080A43A0	-			new-hint	FE_GBA_Function_Library
0x080A43E4	-			new-hint	FE_GBA_Function_Library
0x080A44D0	-			new-hint	FE_GBA_Function_Library
0x080A4544	0x080A0900	FortuneSubMenu_OnOptionSelected		new-hint	FE_GBA_Function_Library
0x080A4568	-			new-hint	FE_GBA_Function_Library
0x080A45AC	-			new-hint	FE_GBA_Function_Library
0x080A46C0	-			new-hint	FE_GBA_Function_Library
0x080A46DC	-			new-hint	FE_GBA_Function_Library
0x080A46F8	-			new-hint	FE_GBA_Function_Library
0x080A4738	-			new-hint	FE_GBA_Function_Library
0x080A47D0	-			new-hint	FE_GBA_Function_Library
0x080A4868	-			new-hint	FE_GBA_Function_Library
0x080A487C	0x080A0A94	GetSupportScreenUnitCount	.gcc2_compiled._17	new-hint	FE_GBA_Function_Library
0x080A4888	0x080A0AA0	GetNextSupportScreenUnit		funcmap-agree	FE_GBA_Function_Library
0x080A48A8	0x080A0AC0	GetPreviousSupportScreenUnit		funcmap-agree	FE_GBA_Function_Library
0x080A48BC	0x080A0AD4	GetSupportScreenPartnerSupportLevel		funcmap-agree	FE_GBA_Function_Library
0x080A48D4	0x080A0AEC	GetSupportScreenPartnerClassId		funcmap-agree	FE_GBA_Function_Library
0x080A48EC	0x080A0B04	GetSupportScreenPartnerIsAlive		funcmap-agree	FE_GBA_Function_Library
0x080A4908	0x080A0B20	GetSupportScreenPartnerCharId		funcmap-agree	FE_GBA_Function_Library
0x080A492C	0x080A0B44	GetSupportScreenCharIdAt		funcmap-agree	FE_GBA_Function_Library
0x080A4940	0x080A0B58	GetSupportScreenClassIdAt		funcmap-agree	FE_GBA_Function_Library
0x080A4954	0x080A0B6C	GetSupportClassForCharId		new-hint	FE_GBA_Function_Library
0x080A49A4	0x080A0BBC	DoesCharIdHaveSupportTalk		new-hint	FE_GBA_Function_Library
0x080A49DC	0x080A0BF4	RegisterAllSupportTalksToGlobalSave		new-hint	FE_GBA_Function_Library
0x080A4A28	0x080A0C40	SupportScreen_SetupUnits		new-hint	FE_GBA_Function_Library
0x080A4CA8	0x080A0EC0	SupportScreen_LoadUnitSprites		new-hint	FE_GBA_Function_Library
0x080A4D18	0x080A0F30	GetTotalSupportLevel		funcmap-agree	FE_GBA_Function_Library
0x080A4D54	0x080A0F6C	GetSupportScreenUnitSupportStatus		new-hint	FE_GBA_Function_Library
0x080A4DD0	0x080A0FE8	DrawSupportScreenText		new-hint	FE_GBA_Function_Library
0x080A4E94	0x080A10BC	SupportScreen_OnInit		funcmap-agree	FE_GBA_Function_Library
0x080A4EA8	0x080A10D0	DrawSupportBannerSprites_Init		new-hint	FE_GBA_Function_Library
0x080A4ED4	0x080A10FC	DrawSupportBannerSprites_Loop		new-hint	FE_GBA_Function_Library
0x080A4F18	0x080A1140	StartDrawSupportBannerSprites		new-hint	FE_GBA_Function_Library
0x080A4F38	0x080A1160	EndDrawSupportBannerSprites		new-hint	FE_GBA_Function_Library
0x080A4F4C	0x080A1174	DrawSupportScreenUnitSprites		new-hint	FE_GBA_Function_Library
0x080A4FB8	0x080A11E0	SupportScreen_ScrollToPendingIndex		new-hint	FE_GBA_Function_Library
0x080A5048	0x080A1270	SupportScreen_SetupGraphics		new-hint	FE_GBA_Function_Library
0x080A532C	0x080A1554	SupportScreen_OnEnd		new-hint	FE_GBA_Function_Library
0x080A5354	0x080A157C	SupportScreen_UpdateBlend		new-hint	FE_GBA_Function_Library
0x080A5388	0x080A15B0	SupportScreen_Loop_KeyHandler		new-hint	FE_GBA_Function_Library
0x080A56F0	0x080A1918	SupportScreen_StartUnitSubMenu		new-hint	FE_GBA_Function_Library
0x080A5708	0x080A1930	SupportScreen_RestartSourceScreenMusic		new-hint	FE_GBA_Function_Library
0x080A5744	0x080A196C	StartSupportScreenFromPrepScreen		new-hint	FE_GBA_Function_Library
0x080A575C	0x080A1984	StartSupportScreen		new-hint	FE_GBA_Function_Library
0x080A5774	0x080A199C	SupportScreen_DrawUnitNameRow		new-hint	FE_GBA_Function_Library
0x080A5868	0x080A1A90	SupportScreen_SetPendingIndex		new-hint	FE_GBA_Function_Library
0x080A5884	0x080A1AAC	UiSupport_GetSupportTalkSong		new-hint	FE_GBA_Function_Library
0x080A58BC	0x080A1AE4	SupportSubScreen_BackupTilemaps		funcmap-agree	FE_GBA_Function_Library
0x080A5944	0x080A1B6C	GetSupportScreenPartnerCount		funcmap-agree	FE_GBA_Function_Library
0x080A5968	0x080A1B90	DrawSupportSubScreenSprites		new-hint	FE_GBA_Function_Library
0x080A5A64	0x080A1C8C	DrawSupportSubScreenUnitPartnerText		new-hint	FE_GBA_Function_Library
0x080A5C54	0x080A1E7C	DrawSupportSubScreenRemainingText		new-hint	FE_GBA_Function_Library
0x080A5D34	0x080A1F68	InitSupportSubScreenPartners		new-hint	FE_GBA_Function_Library
0x080A5E18	0x080A204C	InitSupportSubScreenPartnerLevels		new-hint	FE_GBA_Function_Library
0x080A5E48	0x080A207C	InitSupportSubScreenRemainingSupports		new-hint	FE_GBA_Function_Library
0x080A5EC8	0x080A20FC	DrawSupportSubScreenUnitPartnerDetails		new-hint	FE_GBA_Function_Library
0x080A5F20	0x080A2154	SupportSubScreen_MoveCursorToNextValidUnit		new-hint	FE_GBA_Function_Library
0x080A5F9C	0x080A21D0	SupportSubScreen_Init		new-hint	FE_GBA_Function_Library
0x080A5FE8	0x080A221C	SupportSubScreen_MakeDimmedObjPalette		funcmap-agree	FE_GBA_Function_Library
0x080A6040	0x080A2274	SupportSubScreen_SetupGraphics		new-hint	FE_GBA_Function_Library
0x080A6214	0x080A2448	SupportSubScreen_Loop_KeyHandler		new-hint	FE_GBA_Function_Library
0x080A63C4	0x080A25F8	SupportSubScreen_StartSupportConvo		new-hint	FE_GBA_Function_Library
0x080A6474	0x080A26A8	SupportSubScreen_StartSwapPage		new-hint	FE_GBA_Function_Library
0x080A64FC	0x080A2730	SupportSubScreen_DrawScrolledTilemaps		new-hint	FE_GBA_Function_Library
0x080A65CC	0x080A2800	SupportSubScreen_SwapPageOut_ToLeft		new-hint	FE_GBA_Function_Library
0x080A6638	0x080A286C	SupportSubScreen_SwapPageIn_FromRight		new-hint	FE_GBA_Function_Library
0x080A66AC	0x080A28E0	SupportSubScreen_SwapPageOut_ToRight		new-hint	FE_GBA_Function_Library
0x080A6718	0x080A294C	SupportSubScreen_SwapPageIn_FromLeft		new-hint	FE_GBA_Function_Library
0x080A678C	0x080A29C0	SupportSubScreen_ReinitAfterSwapPage		new-hint	FE_GBA_Function_Library
0x080A6878	0x080A2AAC	SupportSubScreen_EndSwapPage		new-hint	FE_GBA_Function_Library
0x080A6928	0x080A2B5C	SupportSubScreen_OnEnd		new-hint	FE_GBA_Function_Library
0x080A6948	0x080A2B7C	SupportSubScreen_PrepareSupportConvo		new-hint	FE_GBA_Function_Library
0x080A699C	0x080A2BD0	SupportSubScreen_RestoreBgm		new-hint	FE_GBA_Function_Library
0x080A69D4	0x080A2C08	StartSupportUnitSubScreen		new-hint	FE_GBA_Function_Library
0x080A6A0C	-			new-hint	FE_GBA_Function_Library
0x080A6A1C	-			new-hint	FE_GBA_Function_Library
0x080A6A30	-			new-hint	FE_GBA_Function_Library
0x080A6A7C	-			new-hint	FE_GBA_Function_Library
0x080A6AA8	-			new-hint	FE_GBA_Function_Library
0x080A6AC0	-			new-hint	FE_GBA_Function_Library
0x080A6AFC	-			new-hint	FE_GBA_Function_Library
0x080A6B90	-			new-hint	FE_GBA_Function_Library
0x080A6C20	-			new-hint	FE_GBA_Function_Library
0x080A6C60	-			new-hint	FE_GBA_Function_Library
0x080A6D34	-			new-hint	FE_GBA_Function_Library
0x080A6E4C	-		modifyPassword	new-hint	FE_GBA_Function_Library
0x080A6F1C	-			new-hint	FE_GBA_Function_Library
0x080A6FF0	-			new-hint	FE_GBA_Function_Library
0x080A7024	-			new-hint	FE_GBA_Function_Library
0x080A705C	-		initPassword	new-hint	FE_GBA_Function_Library
0x080A7150	-			new-hint	FE_GBA_Function_Library
0x080A723C	-			new-hint	FE_GBA_Function_Library
0x080A730C	-		PrintPassword	new-hint	FE_GBA_Function_Library
0x080A73D4	-			new-hint	FE_GBA_Function_Library
0x080A74D4	-			new-hint	FE_GBA_Function_Library
0x080A7620	-			new-hint	FE_GBA_Function_Library
0x080A7650	-			new-hint	FE_GBA_Function_Library
0x080A7670	0x080A2C2C	BmSave_GetUnusedBuffer		new-hint	FE_GBA_Function_Library
0x080A7680	0x080A2C3C	SramInit	SramInit	new-hint	FE_GBA_Function_Library
0x080A76F4	0x080A2CB0	IsSramWorking	IsSramWorking	funcmap-agree	FE_GBA_Function_Library
0x080A7704	0x080A2CC0	WipeSram		new-hint	FE_GBA_Function_Library
0x080A7740	0x080A2CFC	Checksum16	ComputeChecksum16	funcmap-agree	FE_GBA_Function_Library
0x080A776C	0x080A2D28	ReadGlobalSaveInfo	LoadGeneralGameMetadata	new-hint	FE_GBA_Function_Library
0x080A77EC	0x080A2DA8	WriteGlobalSaveInfo	SaveGeneralGameMetadata	new-hint	FE_GBA_Function_Library
0x080A7814	0x080A2DD0	WriteGlobalSaveInfoNoChecksum	SaveGeneralGameMetadataNoChecksum	new-hint	FE_GBA_Function_Library
0x080A7828	0x080A2DE4	InitGlobalSaveInfodata		new-hint	FE_GBA_Function_Library
0x080A78EC	0x080A2EA8	EraseBonusContentData		new-hint	FE_GBA_Function_Library
0x080A7918	0x080A2ED4	SramOffsetToAddr	GetSaveDataOffsetPointer	funcmap-agree	FE_GBA_Function_Library
0x080A792C	0x080A2EE8	SramAddrToOffset		funcmap-agree	FE_GBA_Function_Library
0x080A793C	0x080A2EF8	ReadSaveBlockInfo	SaveMetadata_Load	new-hint	FE_GBA_Function_Library
0x080A79D8	0x080A2F94	WriteSaveBlockInfo	SaveMetadata_Save	new-hint	FE_GBA_Function_Library
0x080A7A68	0x080A3024	EraseSaveBlockInfo		new-hint	FE_GBA_Function_Library
0x080A7AA8	0x080A3064	GetSaveWriteAddr	GetSaveTargetAddress	funcmap-agree	FE_GBA_Function_Library
0x080A7B58	0x080A3114	GetSaveReadAddr	GetSaveSourceAddress	funcmap-agree	FE_GBA_Function_Library
0x080A7B74	0x080A3130	WriteChapterFlags	SaveLocalEventIndexes	new-hint	FE_GBA_Function_Library
0x080A7B94	0x080A3150	WritePermanentFlags	SaveGlobalEventIndexes	new-hint	FE_GBA_Function_Library
0x080A7BB4	0x080A3170	ReadChapterFlags	LoadLocalEventIds	new-hint	FE_GBA_Function_Library
0x080A7BDC	0x080A3198	ReadPermanentFlags	LoadPermanentEids	new-hint	FE_GBA_Function_Library
0x080A7C04	0x080A31C0	ReadPermanentFlags_ret	LoadPermanentEidsIn	new-hint	FE_GBA_Function_Library
0x080A7C28	0x080A31E4	WriteSupplyItems	SaveConvoyItems	new-hint	FE_GBA_Function_Library
0x080A7CB0	0x080A326C	ReadSupplyItems	LoadConvoyItems	new-hint	FE_GBA_Function_Library
0x080A7D34	0x080A32F0	IsExtraLinkArenaEnabled		new-hint	FE_GBA_Function_Library
0x080A7D6C	0x080A3328	IsExtraSoundRoomEnabled		new-hint	FE_GBA_Function_Library
0x080A7D70	0x080A332C	IsExtraSupportViewerEnabled		funcmap-agree	FE_GBA_Function_Library
0x080A7D8C	0x080A3348	GetRankDataValidBitMap		funcmap-agree	FE_GBA_Function_Library
0x080A7E08	0x080A33C4	IsValidExtraMapAvilable		new-hint	FE_GBA_Function_Library
0x080A7E30	0x080A33EC	IsExtraFreeMapEnabled		new-hint	FE_GBA_Function_Library
0x080A7E60	0x080A341C	IsExtraBonusClaimEnabled		funcmap-agree	FE_GBA_Function_Library
0x080A7EAC	0x080A3468	GetUnitsAverageSupportValue		funcmap-agree	FE_GBA_Function_Library
0x080A7F10	0x080A34CC	GetTotalAverageSupportValue		new-hint	FE_GBA_Function_Library
0x080A7F44	0x080A3500	GetTotalGlobalSupportValue		funcmap-agree	FE_GBA_Function_Library
0x080A7F88	0x080A3544	GetTotalSupportCollection		new-hint	FE_GBA_Function_Library
0x080A7FC8	0x080A3584	GetGlobalBestSupport		new-hint	FE_GBA_Function_Library
0x080A8030	0x080A35EC	GetGlobalSupportListFromSave		new-hint	FE_GBA_Function_Library
0x080A8168	0x080A3724	UpdateBestGlobalSupportValue		new-hint	FE_GBA_Function_Library
0x080A81EC	0x080A37A8	SGM_SetCharacterKnown	SGM_SetCharacterKnown	funcmap-agree	FE_GBA_Function_Library
0x080A8234	0x080A37F0	GGM_IsCharacterKnown	GGM_IsCharacterKnown	funcmap-agree	FE_GBA_Function_Library
0x080A8278	0x080A3834	GGM_IsAnyCharacterKnown	GGM_IsAnyCharacterKnown	funcmap-agree	FE_GBA_Function_Library
0x080A82B4	0x080A3870	IsGamePlayedThrough		funcmap-agree	FE_GBA_Function_Library
0x080A82DC	0x080A3898	LoadAndVerfyRankData		new-hint	FE_GBA_Function_Library
0x080A8338	0x080A38F4	LoadBonusContentData	LoadBonusContentData	new-hint	FE_GBA_Function_Library
0x080A8394	0x080A3950	SaveBonusContentData	SaveBonusContentData	new-hint	FE_GBA_Function_Library
0x080A83C8	0x080A3984	SaveRankings		new-hint	FE_GBA_Function_Library
0x080A83F8	0x080A39B4	EraseSaveRankData		new-hint	FE_GBA_Function_Library
0x080A841C	0x080A39D8	GetNextChapterMode		new-hint	FE_GBA_Function_Library
0x080A8428	0x080A39E4	GetSavedRankData		new-hint	FE_GBA_Function_Library
0x080A848C	0x080A3A48	SaveNewRankData		funcmap-agree	FE_GBA_Function_Library
0x080A84CC	0x080A3A88	JudgeGameRankSaveData		funcmap-agree	FE_GBA_Function_Library
0x080A858C	0x080A3B48	GenerateGameRankSaveData		new-hint	FE_GBA_Function_Library
0x080A881C	0x080A3DD8	SaveEndgameRankings		funcmap-agree	FE_GBA_Function_Library
0x080A886C	0x080A3E28	EraseSoundRoomSaveData		new-hint	FE_GBA_Function_Library
0x080A8890	0x080A3E4C	LoadAndVerifySoundRoomData		new-hint	FE_GBA_Function_Library
0x080A88E8	0x080A3EA4	WriteSoundRoomSaveData		new-hint	FE_GBA_Function_Library
0x080A8914	0x080A3ED0	IsSoundRoomSongUnlocked		funcmap-agree	FE_GBA_Function_Library
0x080A894C	0x080A3F08	UnlockSoundRoomSong		funcmap-agree	FE_GBA_Function_Library
0x080A89C8	0x080A3F84	EraseLinkArenaStruct2		new-hint	FE_GBA_Function_Library
0x080A89EC	0x080A3FA8	LoadAndVerfyLinkArenaStruct2		new-hint	FE_GBA_Function_Library
0x080A8A44	0x080A4000	WriteLinkArenaStruct2		new-hint	FE_GBA_Function_Library
0x080A8A70	0x080A402C	ModifySaveLinkArenaStruct2A		funcmap-agree	FE_GBA_Function_Library
0x080A8AA8	0x080A4064	ModifySaveLinkArenaStruct2B		funcmap-agree	FE_GBA_Function_Library
0x080A8AEC	0x080A40A8	EraseSramDataIfInvalid		new-hint	FE_GBA_Function_Library
0x080A8B48	0x080A4104	ClearPidChStatsSaveData	SaveClearedBWLAndChapterWinData	new-hint	FE_GBA_Function_Library
0x080A8BE8	0x080A41A4	ClearPidStats_ret		new-hint	FE_GBA_Function_Library
0x080A8C0C	0x080A41C8	ClearPidStats		new-hint	FE_GBA_Function_Library
0x080A8C60	0x080A421C	ReadPidStats	LoadBWLEntries	new-hint	FE_GBA_Function_Library
0x080A8C8C	0x080A4248	ReadChapterStats	LoadChapterDataWinArray	new-hint	FE_GBA_Function_Library
0x080A8CA8	0x080A4264	WritePidStats	SaveBWLEntries	new-hint	FE_GBA_Function_Library
0x080A8CCC	0x080A4288	WriteChapterStats	SaveChapterWinData	new-hint	FE_GBA_Function_Library
0x080A8CE0	0x080A429C	GetChapterStats	GetChapterWinDataEntry	new-hint	FE_GBA_Function_Library
0x080A8CEC	0x080A42A8	IsChapterStatsValid		funcmap-agree	FE_GBA_Function_Library
0x080A8D00	0x080A42BC	GetNextChapterStatsSlot	GetNextChapterWinDataEntryIndex	funcmap-agree	FE_GBA_Function_Library
0x080A8D30	0x080A42EC	GetCurCompleteChapters	GetWonChapterCount	funcmap-agree	FE_GBA_Function_Library
0x080A8D74	0x080A4330	GetNextChapterStatsEntry		funcmap-agree	FE_GBA_Function_Library
0x080A8D94	0x080A4350	RegisterChapterTimeAndTurnCount	RegisterChapterTimeAndTurnCount	new-hint	FE_GBA_Function_Library
0x080A8DF0	0x080A43AC	GetGameTotalTime_unused		funcmap-agree	FE_GBA_Function_Library
0x080A8E1C	0x080A43D8	GetGameTotalTurnCount	GetGameTotalTurnCount	funcmap-agree	FE_GBA_Function_Library
0x080A8E48	0x080A4404	IsChapterBelongCurGame	DoesThisChapterCount	funcmap-agree	FE_GBA_Function_Library
0x080A8E8C	0x080A4448	GetGameTotalTime	GetGameTotalTime	funcmap-agree	FE_GBA_Function_Library
0x080A8ECC	0x080A4488	GetGameTotalTurnCount2	GetGameTotalTurnCount2	funcmap-agree	FE_GBA_Function_Library
0x080A8F0C	0x080A44C8	PidStatsAddBattleAmt		new-hint	FE_GBA_Function_Library
0x080A8F78	0x080A4534	PidStatsAddWinAmt		new-hint	FE_GBA_Function_Library
0x080A8FD8	0x080A4594	PidStatsRecordLoseData		new-hint	FE_GBA_Function_Library
0x080A90C8	0x080A4684	PidStatsRecordDefeatInfo	BWL_AddWinOrLossIdk	new-hint	FE_GBA_Function_Library
0x080A9190	0x080A474C	PidStatsAddActAmt	BWL_IncrementMoveValue	new-hint	FE_GBA_Function_Library
0x080A91D0	0x080A478C	PidStatsAddStatViewAmt	BWL_IncrementStatScreenViews	new-hint	FE_GBA_Function_Library
0x080A9210	0x080A47CC	PidStatsAddDeployAmt	BWL_IncrementDeployCountMaybe	new-hint	FE_GBA_Function_Library
0x080A9260	0x080A481C	PidStatsAddSquaresMoved	BWL_AddTilesMoved	new-hint	FE_GBA_Function_Library
0x080A92C0	0x080A487C	PidStatsAddExpGained	BWL_AddExpGained	new-hint	FE_GBA_Function_Library
0x080A9320	0x080A48DC	PidStatsSubFavval08	StoreSomeUnitSetFlags	funcmap-agree	FE_GBA_Function_Library
0x080A9334	0x080A48F0	PidStatsSubFavval100		funcmap-agree	FE_GBA_Function_Library
0x080A9348	0x080A4904	PidStatsGetTotalBattleAmt	BWL_GetTotalBattles	funcmap-agree	FE_GBA_Function_Library
0x080A936C	0x080A4928	PidStatsGetTotalWinAmt	BWL_GetTotalWins	funcmap-agree	FE_GBA_Function_Library
0x080A939C	0x080A4958	PidStatsGetTotalLossAmt		funcmap-agree	FE_GBA_Function_Library
0x080A93BC	0x080A4978	PidStatsGetTotalLevel		new-hint	FE_GBA_Function_Library
0x080A93E8	0x080A49A4	PidStatsGetTotalExpGain	BWL_GetTotalExpGained	new-hint	FE_GBA_Function_Library
0x080A940C	0x080A49C8	PidStatsGetExpGain		new-hint	FE_GBA_Function_Library
0x080A9440	0x080A49FC	PidStatsGetFavval		new-hint	FE_GBA_Function_Library
0x080A9478	0x080A4A34	PidStatsAddFavval	BWL_AddFavoritismValue	new-hint	FE_GBA_Function_Library
0x080A94E8	0x080A4AA4	PidStatsRecordBattleRes		new-hint	FE_GBA_Function_Library
0x080A9560	0x080A4B1C	IsPlaythroughIdUnique	IsPlaythroughIdUnique	new-hint	FE_GBA_Function_Library
0x080A95B0	0x080A4B6C	GetNewPlaythroughId	GetNewPlaythroughId	funcmap-agree	FE_GBA_Function_Library
0x080A95D4	0x080A4B90	GetGlobalCompletionCntByInfo	GGM_GetCompletionCount	funcmap-agree	FE_GBA_Function_Library
0x080A95F4	0x080A4BB0	GetGlobalCompletionCount	GetGlobalCompletionCount	funcmap-agree	FE_GBA_Function_Library
0x080A9614	0x080A4BD0	RegisterCompletedPlaythrough	GGM_RegisterCompletedPlaythrough	funcmap-agree	FE_GBA_Function_Library
0x080A964C	0x080A4C08	GetCurerentGameMode	GetCurerentGameMode	new-hint	FE_GBA_Function_Library
0x080A9658	0x080A4C14	SavePlayThroughData		funcmap-agree	FE_GBA_Function_Library
0x080A96F8	0x080A4CB4	CheckGameEndFlag		funcmap-agree	FE_GBA_Function_Library
0x080A971C	0x080A4CD8	SetGameEndFlag		funcmap-agree	FE_GBA_Function_Library
0x080A9740	0x080A4CFC	GetPidStats	BWL_GetEntry	new-hint	FE_GBA_Function_Library
0x080A976C	0x080A4D28	GetBonusContentClaimFlags	GetBonusContentClaimFlags	new-hint	FE_GBA_Function_Library
0x080A9778	0x080A4D34	SetBonusContentClaimFlags	SetBonusContentClaimFlags	new-hint	FE_GBA_Function_Library
0x080A9784	0x080A4D40	WriteBonusContentClaimFlags	SaveBonusContentClaimFlags	new-hint	FE_GBA_Function_Library
0x080A97A0	0x080A4D5C	ReadBonusContentClaimFlags	LoadBonusContentClaimFlags	new-hint	FE_GBA_Function_Library
0x080A97C4	0x080A4D80	WriteLastGameSaveId	UpdateLastUsedGameSaveSlot	funcmap-agree	FE_GBA_Function_Library
0x080A97E4	0x080A4DA0	ReadLastGameSaveId	GetLastUsedGameSaveSlot	funcmap-agree	FE_GBA_Function_Library
0x080A980C	0x080A4DC8	InvalidateGameSave		new-hint	FE_GBA_Function_Library
0x080A984C	0x080A4E08	CopyGameSave	CopyGameSave	new-hint	FE_GBA_Function_Library
0x080A98B4	0x080A4E70	WriteNewGameSave	SaveNewGame	new-hint	FE_GBA_Function_Library
0x080A9A28	0x080A5010	WriteGameSave	SaveGame	new-hint	FE_GBA_Function_Library
0x080A9B40	0x080A5128	ReadGameSave	LoadGame	new-hint	FE_GBA_Function_Library
0x080A9C30	0x080A5218	IsSaveValid	SaveMetadata_CheckId	new-hint	FE_GBA_Function_Library
0x080A9C44	0x080A522C	ReadGameSavePlaySt	LoadSavedChapterState	new-hint	FE_GBA_Function_Library
0x080A9C64	0x080A524C	LoadSavedBonusClaimFlags	LoadSavedBonusClaimFlags	new-hint	FE_GBA_Function_Library
0x080A9C8C	0x080A5274	LoadSavedWMStuff	LoadSavedWMStuff	new-hint	FE_GBA_Function_Library
0x080A9CA8	0x080A5290	LoadSavedEid8A	LoadSavedEid8A	new-hint	FE_GBA_Function_Library
0x080A9CD4	0x080A52BC	IsGameNotFirstChapter		funcmap-agree	FE_GBA_Function_Library
0x080A9CF4	0x080A52DC	IsGameSaveNotFirstChapter		funcmap-agree	FE_GBA_Function_Library
0x080A9D24	0x080A530C	IsGameSaveComplete		funcmap-agree	FE_GBA_Function_Library
0x080A9D54	0x080A533C	WriteGameSavePackedUnit	SaveUnit	new-hint	FE_GBA_Function_Library
0x080AA1AC	0x080A5794	LoadSavedUnit	LoadSavedUnit	new-hint	FE_GBA_Function_Library
0x080AA3F8	0x080A59E0	WriteGMMonsterRnState	SaveRNGState_Maybe	new-hint	FE_GBA_Function_Library
0x080AA418	0x080A5A00	ReadGMMonsterRnState		new-hint	FE_GBA_Function_Library
0x080AA438	0x080A5A20	InvalidateSuspendSave	ClearSaveBlock	new-hint	FE_GBA_Function_Library
0x080AA460	0x080A5A48	WriteSuspendSave	SaveSuspendedGame	new-hint	FE_GBA_Function_Library
0x080AA62C	0x080A5C14	ReadSuspendSave	LoadSuspendedGame	new-hint	FE_GBA_Function_Library
0x080AA7C0	0x080A5DA8	IsValidSuspendSave		new-hint	FE_GBA_Function_Library
0x080AA814	0x080A5DFC	ReadSuspendSavePlaySt	LoadSuspendedChapterState	funcmap-agree	FE_GBA_Function_Library
0x080AA828	0x080A5E10	EncodeSuspendSavePackedUnit	PackUnitStructForSuspend	funcmap-agree	FE_GBA_Function_Library
0x080AAB30	0x080A6118	ReadSuspendSavePackedUnit	UnpackUnitStructFromSuspend	new-hint	FE_GBA_Function_Library
0x080AAD88	0x080A6370	WriteTraps	SaveTrapStructs	new-hint	FE_GBA_Function_Library
0x080AADA4	0x080A638C	ReadTraps		new-hint	FE_GBA_Function_Library
0x080AADC8	0x080A63B0	GetLastSuspendSaveId	GetLastSuspendSaveId	new-hint	FE_GBA_Function_Library
0x080AADE8	0x080A63D0	GetNextSuspendSaveId	GetNextSuspendSaveId	funcmap-agree	FE_GBA_Function_Library
0x080AADF8	0x080A63E0	WriteSwappedSuspendSaveId	UpdateNextSuspendSaveId	new-hint	FE_GBA_Function_Library
0x080AAE20	0x080A6408	SramChecksum32	ComputeSaveChecksum	new-hint	FE_GBA_Function_Library
0x080AAE48	0x080A6430	VerifySaveBlockChecksum	SaveMetadata_VerifyChecksum	new-hint	FE_GBA_Function_Library
0x080AAE6C	0x080A6454	PopulateSaveBlockChecksum	SaveMetadata_ComputeChecksum	new-hint	FE_GBA_Function_Library
0x080AAE88	0x080A6470	GetGameStateChecksum_Unused		new-hint	FE_GBA_Function_Library
0x080AAF5C	0x080A6544	SaveStub_Empty		new-hint	FE_GBA_Function_Library
0x080AAF64	0x080A654C	IsMultiArenaSaveValid		new-hint	FE_GBA_Function_Library
0x080AAF78	0x080A6560	WriteNewMultiArenaSave		new-hint	FE_GBA_Function_Library
0x080AB0D8	0x080A66C0	ReadMultiArenaSaveTeamRaw		new-hint	FE_GBA_Function_Library
0x080AB10C	0x080A66F4	ReadMultiArenaSaveTeamName		new-hint	FE_GBA_Function_Library
0x080AB150	0x080A6738	WriteMultiArenaSaveTeamName		new-hint	FE_GBA_Function_Library
0x080AB18C	0x080A6774	WipeMultiArenaSaveTeam		new-hint	FE_GBA_Function_Library
0x080AB1E0	0x080A67C8	CopyMultiArenaSaveTeam		new-hint	FE_GBA_Function_Library
0x080AB258	0x080A6840	SwapMultiArenaSaveTeams		new-hint	FE_GBA_Function_Library
0x080AB2F4	0x080A68DC	WriteMultiArenaSaveTeam		new-hint	FE_GBA_Function_Library
0x080AB354	0x080A693C	ReadMultiArenaSaveTeam		new-hint	FE_GBA_Function_Library
0x080AB3B8	0x080A69A0	WriteMultiArenaSaveRankings		new-hint	FE_GBA_Function_Library
0x080AB3F4	0x080A69DC	ReadMultiArenaSaveRankings		new-hint	FE_GBA_Function_Library
0x080AB41C	0x080A6A04	WriteMultiArenaSaveConfig		new-hint	FE_GBA_Function_Library
0x080AB458	0x080A6A40	ReadMultiArenaSaveConfig		new-hint	FE_GBA_Function_Library
0x080AB480	0x080A6A68	IsMultiArenaSaveReady		funcmap-agree	FE_GBA_Function_Library
0x080AB4B8	0x080A6AA0	LoadAndVerfySuspendSave		new-hint	FE_GBA_Function_Library
0x080AB514	0x080A6AFC	ReadExtraMapSaveHead		new-hint	FE_GBA_Function_Library
0x080AB588	0x080A6B70	GetExtraMapMapReadAddr		funcmap-agree	FE_GBA_Function_Library
0x080AB5A8	0x080A6B90	GetExtraMapMapSize		funcmap-agree	FE_GBA_Function_Library
0x080AB5CC	0x080A6BB4	GetExtraMapInfoReadAddr		funcmap-agree	FE_GBA_Function_Library
0x080AB5EC	0x080A6BD4	GetExtraMapInfoSize		funcmap-agree	FE_GBA_Function_Library
0x080AB610	0x080A6BF8	ExtraMapChecksum		funcmap-agree	FE_GBA_Function_Library
0x080AB634	0x080A6C1C	IsExtraMapAvailable		new-hint	FE_GBA_Function_Library
0x080AB6A4	0x080A6C8C	ReadExtraMapInfo		new-hint	FE_GBA_Function_Library
0x080AB734	0x080A6D1C	GetExtraMapEmptyString		funcmap-agree	FE_GBA_Function_Library
0x080AB73C	0x080A6D24	GetChapterTitleName_		new-hint	FE_GBA_Function_Library
0x080AB750	0x080A6D38	NullBmMapHidden_		new-hint	FE_GBA_Function_Library
0x080AB764	0x080A6D4C	GetCurrentChapterStats		new-hint	FE_GBA_Function_Library
0x080AB7B8	0x080A6DA0	WriteWorldMapNodes		new-hint	FE_GBA_Function_Library
0x080AB83C	0x080A6E24	ReadWorldMapNodes		funcmap-agree	FE_GBA_Function_Library
0x080AB8C8	0x080A6EB0	WriteWorldMapPaths		funcmap-agree	FE_GBA_Function_Library
0x080AB924	0x080A6F0C	ReadWorldMapPaths		new-hint	FE_GBA_Function_Library
0x080AB968	0x080A6F50	WriteWorldMapUnits		funcmap-agree	FE_GBA_Function_Library
0x080AB9D4	0x080A6FBC	ReadWorldMapUnits		funcmap-agree	FE_GBA_Function_Library
0x080ABA4C	0x080A7034	WriteWorldMapSkirmishes		funcmap-agree	FE_GBA_Function_Library
0x080ABA6C	0x080A7054	ReadWorldMapSkirmishes		funcmap-agree	FE_GBA_Function_Library
0x080ABA8C	0x080A7074	ClearWorldMapStuff		new-hint	FE_GBA_Function_Library
0x080ABAC8	0x080A70B0	WriteWorldMapStuff	SaveWMStuff	new-hint	FE_GBA_Function_Library
0x080ABB50	0x080A7138	ReadWorldMapStuff	LoadWMStuff	new-hint	FE_GBA_Function_Library
0x080ABBFC	0x080A71E4	StoreGMMonsterRnState		new-hint	FE_GBA_Function_Library
0x080ABC10	0x080A71F8	LoadGMMonsterRnState		new-hint	FE_GBA_Function_Library
0x080ABC24	0x080A720C	CopyGlobalSaveInfo		new-hint	FE_GBA_Function_Library
0x080ABC54	0x080A723C	SetGlobalSaveInfoPtr		funcmap-agree	FE_GBA_Function_Library
0x080ABC70	0x080A7258	SetPlayStPtrWithChIndexModify		new-hint	FE_GBA_Function_Library
0x080ABCB0	0x080A7298	CopyGMapSaveInfo		funcmap-agree	FE_GBA_Function_Library
0x080ABCC8	0x080A72B0	CopySuspendSaveBlock		new-hint	FE_GBA_Function_Library
0x080ABD04	0x080A72EC	CopyGameSaveBlock		new-hint	FE_GBA_Function_Library
0x080ABD40	0x080A7328	CopyBonusClaimSaveData		new-hint	FE_GBA_Function_Library
0x080ABD54	0x080A733C	CopyLinkArenaStruct2		funcmap-agree	FE_GBA_Function_Library
0x080ABD64	0x080A734C	CopySoundRoomSaveData		funcmap-agree	FE_GBA_Function_Library
0x080ABD78	0x080A7360	CopyGameRankSaveData		new-hint	FE_GBA_Function_Library
0x080ABD8C	0x080A7374	EraseInvalidSaveData		new-hint	FE_GBA_Function_Library
0x080ABF90	0x080A7578	GetMinimapConnectKindAt		funcmap-agree	FE_GBA_Function_Library
0x080ABFE4	0x080A75CC	NormalizeSeaMinimapTerrain		funcmap-agree	FE_GBA_Function_Library
0x080AC000	0x080A75E8	GetMinimapSeaKindAt		funcmap-agree	FE_GBA_Function_Library
0x080AC094	0x080A767C	NormalizeWaterMinimapTerrain		funcmap-agree	FE_GBA_Function_Library
0x080AC0B4	0x080A769C	GetMinimapWaterKindAt		funcmap-agree	FE_GBA_Function_Library
0x080AC148	0x080A7730	GetMinimapRiverKindAt		funcmap-agree	FE_GBA_Function_Library
0x080AC1EC	0x080A77D4	GetMinimapCliffKindAt		funcmap-agree	FE_GBA_Function_Library
0x080AC314	0x080A78FC	GetMinimapStairTileAt		funcmap-agree	FE_GBA_Function_Library
0x080AC358	0x080A7940	GetMinimapDoorTileAt		funcmap-agree	FE_GBA_Function_Library
0x080AC388	0x080A7970	GetMinimapBridgeKindAt		funcmap-agree	FE_GBA_Function_Library
0x080AC424	0x080A7A0C	GetMinimapTileAt		funcmap-agree	FE_GBA_Function_Library
0x080AC610	0x080A7BF8	GetMinimapTerrainCellAt		funcmap-agree	FE_GBA_Function_Library
0x080AC624	0x080A7C0C	GetMinimapObjectCellAt		new-hint	FE_GBA_Function_Library
0x080AC674	0x080A7C5C	DrawMinimapInternal		funcmap-agree	FE_GBA_Function_Library
0x080AC89C	0x080A7E84	Minimap_Init		new-hint	FE_GBA_Function_Library
0x080AC8DC	0x080A7EC4	Minimap_OnHBlank		funcmap-agree	FE_GBA_Function_Library
0x080AC91C	0x080A7F04	InitMinimapWindowBuffers		funcmap-agree	FE_GBA_Function_Library
0x080AC934	0x080A7F1C	Minimap_InitOpenAnim		new-hint	FE_GBA_Function_Library
0x080ACA38	0x080A8020	Minimap_OpenAnim		new-hint	FE_GBA_Function_Library
0x080ACBD0	0x080A81B8	Minimap_InitCloseAnim		new-hint	FE_GBA_Function_Library
0x080ACC4C	0x080A8234	Minimap_CloseAnim		new-hint	FE_GBA_Function_Library
0x080ACDE8	0x080A83D0	ApplyMinimapGraphics		new-hint	FE_GBA_Function_Library
0x080ACE28	0x080A8410	InitMinimapFlashPalette		funcmap-agree	FE_GBA_Function_Library
0x080ACEB4	0x080A849C	Minimap_ApplyFlashPalette		new-hint	FE_GBA_Function_Library
0x080ACEF0	0x080A84D8	Minimap_ApplyViewportFlashColor		new-hint	FE_GBA_Function_Library
0x080ACF34	0x080A851C	Minimap_PutViewport		new-hint	FE_GBA_Function_Library
0x080ACF80	0x080A8568	Minimap_AdjustDisplay		new-hint	FE_GBA_Function_Library
0x080ACFFC	0x080A85E4	Minimap_HandleMoveInput		funcmap-agree	FE_GBA_Function_Library
0x080AD0C4	0x080A86AC	Minimap_InitProcVars		funcmap-agree	FE_GBA_Function_Library
0x080AD0E4	0x080A86CC	Minimap_AdjustCursorOnClose		new-hint	FE_GBA_Function_Library
0x080AD120	0x080A8708	Minimap_Main		new-hint	FE_GBA_Function_Library
0x080AD1E0	0x080A87C8	StartMinimapPlayerPhase		new-hint	FE_GBA_Function_Library
0x080AD1F4	0x080A87DC	StartMinimapPrepPhase		new-hint	FE_GBA_Function_Library
0x080AD208	0x080A87F0	DrawMinimap		new-hint	FE_GBA_Function_Library
0x080AD244	0x080A882C	SaveMenu_NewGame		new-hint	FE_GBA_Function_Library
0x080AD25C	0x080A8844	SaveMenuGetBitfile		funcmap-agree	FE_GBA_Function_Library
0x080AD294	0x080A887C	SaveMenuGetBitfileByMask		funcmap-agree	FE_GBA_Function_Library
0x080AD2D0	0x080A88B8	BitfileToIndex		funcmap-agree	FE_GBA_Function_Library
0x080AD2F8	0x080A88E0	SaveMenuHandleHelpBox		new-hint	FE_GBA_Function_Library
0x080AD368	0x080A8950	LoadSaveMenuInfo		new-hint	FE_GBA_Function_Library
0x080AD3FC	0x080A89E4	SaveMenuWaitHelpBoxAnim		new-hint	FE_GBA_Function_Library
0x080AD4B4	0x080A8A9C	SaveMenuPutChapterTitle		new-hint	FE_GBA_Function_Library
0x080AD508	0x080A8AF0	SaveMenu_SetLcdChapterIdx		new-hint	FE_GBA_Function_Library
0x080AD644	0x080A8C2C	SaveMenu_Init		new-hint	FE_GBA_Function_Library
0x080AD6EC	0x080A8CD4	SaveMenu_InitScreen		new-hint	FE_GBA_Function_Library
0x080AD91C	0x080A8F04	SaveMenu_LoadExtraMenuGraphics		new-hint	FE_GBA_Function_Library
0x080AD9A4	0x080A8FD0	SaveMenuInitUnused		new-hint	FE_GBA_Function_Library
0x080AD9E8	0x080A8F8C	SaveMenuInit		new-hint	FE_GBA_Function_Library
0x080ADA2C	0x080A9014	SaveMenu_JumpToTarget		new-hint	FE_GBA_Function_Library
0x080ADA3C	0x080A9024	SameMenu_CtrlLoop	Loop6C_savemenu	new-hint	FE_GBA_Function_Library
0x080ADC68	0x080A9250	SaveMenuWriteNewGame		new-hint	FE_GBA_Function_Library
0x080ADCA4	0x080A9290	ExecSaveMenuMiscOption		new-hint	FE_GBA_Function_Library
0x080ADEA8	0x080A9494	SaveMenu_SaveSlotSelectLoop		new-hint	FE_GBA_Function_Library
0x080AE0E4	0x080A96D0	_ExecSaveMenuMiscOption		funcmap-agree	FE_GBA_Function_Library
0x080AE0F0	0x080A96DC	SaveMenuRegisterSlotSelected		funcmap-agree	FE_GBA_Function_Library
0x080AE100	0x080A96EC	SaveMenuWaitSlotBoxScrolling		new-hint	FE_GBA_Function_Library
0x080AE3D4	0x080A99C0	SaveMenuScrollSlot		new-hint	FE_GBA_Function_Library
0x080AE41C	0x080A9A08	SaveMenuLoadExtraOptionGfx		new-hint	FE_GBA_Function_Library
0x080AE42C	0x080A9A18	SaveMenuScrollBackToMain		new-hint	FE_GBA_Function_Library
0x080AE47C	0x080A9A68	SaveMenuScrollExtrasIn		new-hint	FE_GBA_Function_Library
0x080AE4C4	0x080A9AB0	SaveMenuScrollExtrasOut		new-hint	FE_GBA_Function_Library
0x080AE508	0x080A9AF4	SaveMenuScrollExtraSlotIn		new-hint	FE_GBA_Function_Library
0x080AE558	0x080A9B44	SaveMenuScrollExtraSlotOut		new-hint	FE_GBA_Function_Library
0x080AE774	0x080A9D20	SaveMenuTryMoveExtraSlotCursor		new-hint	FE_GBA_Function_Library
0x080AE7D8	0x080A9D84	SaveMenuPopupHelpBox_Init		new-hint	FE_GBA_Function_Library
0x080AE810	0x080A9DBC	SaveMenuPopupHelpBox_WaitInput		new-hint	FE_GBA_Function_Library
0x080AE850	0x080A9DFC	StartSaveMenuPopupHelpBox		new-hint	FE_GBA_Function_Library
0x080AE870	0x080A9E1C	SaveMenuExtraSlotSelectLoop		new-hint	FE_GBA_Function_Library
0x080AEA6C	0x080AA018	SaveMenuStartSqMask		new-hint	FE_GBA_Function_Library
0x080AEA84	0x080AA030	PostSaveMenuHandler		new-hint	FE_GBA_Function_Library
0x080AEB54	0x080AA100	ExtraMapStartSomeBgm		new-hint	FE_GBA_Function_Library
0x080AEB6C	0x080AA118	ExecExtraMap		new-hint	FE_GBA_Function_Library
0x080AEB98	0x080A87DC	StartMinimapPrepPhase		new-hint	FE_GBA_Function_Library
0x080AEBAC	-			new-hint	FE_GBA_Function_Library
0x080AECD0	0x080AA1EC	SaveMenu_ResetLcdFormDifficulty		funcmap-agree	FE_GBA_Function_Library
0x080AED2C	0x080AA248	SaveMenuOpenWindowBox		new-hint	FE_GBA_Function_Library
0x080AED8C	0x080AA2A8	SaveMenuCloseWindowBox		new-hint	FE_GBA_Function_Library
0x080AEDF0	0x080AA30C	SaveMenu_ReloadScreenFormDifficulty		new-hint	FE_GBA_Function_Library
0x080AEF3C	0x080AA458	SaveMenu_PostDifficultHandler		new-hint	FE_GBA_Function_Library
0x080AEF60	0x080AA47C	SaveMenuSlotSelDrawSprite		new-hint	FE_GBA_Function_Library
0x080AEF80	0x080AA49C	SaveMenuStartBonusClaim		new-hint	FE_GBA_Function_Library
0x080AEF98	0x080AA4B4	SaveMenu_EndHelpPromptSprite		new-hint	FE_GBA_Function_Library
0x080AEFA4	0x080AA4C0	StartSaveMenu	Make6C_savemenu	new-hint	FE_GBA_Function_Library
0x080AEFDC	0x080AA4F8	SaveMenuDirectlySelectSlotOnPrepScreen		new-hint	FE_GBA_Function_Library
0x080AEFFC	0x080AA518	Make6C_SaveMenuPostChapter	Make6C_savemenu2	new-hint	FE_GBA_Function_Library
0x080AF010	0x080AA52C	SaveMenu_SetDifficultyChoice	savemenu_SetDifficultyChoice	new-hint	FE_GBA_Function_Library
0x080AF034	0x080AA550	BonusClaimMenu_Init		new-hint	FE_GBA_Function_Library
0x080AF0F8	0x080AA658	BonusClaimMenu_PromptSong4		new-hint	FE_GBA_Function_Library
0x080AF138	0x080AA614	BonusClaimMenu_PromptSong3		new-hint	FE_GBA_Function_Library
0x080AF17C	0x080AA69C	BonusClaimMenu_WaitInput		new-hint	FE_GBA_Function_Library
0x080AF1B8	0x080AA6D8	BonusClaimMenu_SaveData		new-hint	FE_GBA_Function_Library
0x080AF1CC	0x080AA6EC	StartBonusClaimMenu		new-hint	FE_GBA_Function_Library
0x080AF1E0	0x080AA700	InitSaveMenuHelpTextSt		funcmap-agree	FE_GBA_Function_Library
0x080AF1F8	0x080AA718	GetLeaderNameForSaveMenu		new-hint	FE_GBA_Function_Library
0x080AF224	0x080AA744	GetLeaderLevelForSaveMenu		funcmap-agree	FE_GBA_Function_Library
0x080AF248	0x080AA768	GetWMNodeNameForSaveMenu		new-hint	FE_GBA_Function_Library
0x080AF270	0x080AA790	SaveMenuCopyPalette		funcmap-agree	FE_GBA_Function_Library
0x080AF28C	0x080AA7AC	SaveMenuUpdateCursorPalette		new-hint	FE_GBA_Function_Library
0x080AF2CC	0x080AA7EC	SaveDraw_DrawPlayTime		new-hint	FE_GBA_Function_Library
0x080AF4B8	0x080AA9D8	SaveDraw_ScrollFogBG		new-hint	FE_GBA_Function_Library
0x080AF540	0x080AAA6C	SaveDraw_OnEnd		new-hint	FE_GBA_Function_Library
0x080AF54C	0x080AAA78	SaveDraw_Init		new-hint	FE_GBA_Function_Library
0x080AF64C	0x080AAB78	SaveDraw_SetObjPalColor		new-hint	FE_GBA_Function_Library
0x080AF698	0x080AABC4	SaveDraw_DrawMainMenuOption		new-hint	FE_GBA_Function_Library
0x080AF714	0x080AAC40	SaveDraw_DrawExtraMenuOption		new-hint	FE_GBA_Function_Library
0x080AF790	0x080AACBC	SaveDraw_UpdateSlotPalette		new-hint	FE_GBA_Function_Library
0x080AF8B4	0x080AADE0	SaveDraw_DrawSelectedOption		new-hint	FE_GBA_Function_Library
0x080AF964	0x080AAE90	SaveDraw_DrawMainMenuOptions		new-hint	FE_GBA_Function_Library
0x080AFA40	0x080AAF6C	SaveDraw_DrawExtraMenuOptions		new-hint	FE_GBA_Function_Library
0x080AFB30	0x080AB05C	SaveDraw_DrawSlots		new-hint	FE_GBA_Function_Library
0x080AFD74	0x080AB2A0	SaveDraw_Loop_Main		new-hint	FE_GBA_Function_Library
0x080AFDD4	0x080AB300	StartSaveDraw	StartSaveDraw	new-hint	FE_GBA_Function_Library
0x080AFDE8	0x080AB314	SaveDrawCursor_Init		funcmap-agree	FE_GBA_Function_Library
0x080AFE14	0x080AB340	SaveDrawCursor_Loop		new-hint	FE_GBA_Function_Library
0x080AFFB0	0x080AB4F4	SaveDraw_SetCursorBox		new-hint	FE_GBA_Function_Library
0x080AFFD0	0x080AB514	SaveDraw_SetCursorSlotMark		funcmap-agree	FE_GBA_Function_Library
0x080AFFF0	0x080AB534	StartSaveDrawCursor		new-hint	FE_GBA_Function_Library
0x080B0004	0x080AB548	SaveDraw_InitParticles		funcmap-agree	FE_GBA_Function_Library
0x080B0028	0x080AB56C	SaveDraw_UpdateParticles		new-hint	FE_GBA_Function_Library
0x080B01DC	0x080AB720	SaveBgFog_Init		new-hint	FE_GBA_Function_Library
0x080B021C	0x080AB760	StartSaveBgFog		new-hint	FE_GBA_Function_Library
0x080B0238	0x080AB77C	EndSaveBgFog		new-hint	FE_GBA_Function_Library
0x080B0250	0x080AB794	SaveMenuInitSubBoxText		new-hint	FE_GBA_Function_Library
0x080B0278	0x080AB7BC	SaveMenuDrawSubSelBoxExt		new-hint	FE_GBA_Function_Library
0x080B02F8	0x080AB83C	SaveMenuDrawSubSelBox		new-hint	FE_GBA_Function_Library
0x080B032C	0x080AB874	AddMainMenuOption		funcmap-agree	FE_GBA_Function_Library
0x080B0340	0x080AB888	AddExtraMenuOption		funcmap-agree	FE_GBA_Function_Library
0x080B0354	0x080AB89C	InitSaveMenuChoice		new-hint	FE_GBA_Function_Library
0x080B0444	0x080AB98C	SaveMenuModifySaveSlot		new-hint	FE_GBA_Function_Library
0x080B04B4	0x080AB9FC	SaveMenuTryMoveSaveSlotCursor		new-hint	FE_GBA_Function_Library
0x080B054C	0x080ABA98	SaveMenuHasOptions		funcmap-agree	FE_GBA_Function_Library
0x080B0568	0x080ABAB4	SqMask_Loop		new-hint	FE_GBA_Function_Library
0x080B0698	0x080ABBE4	SaveBgUp_Loop		new-hint	FE_GBA_Function_Library
0x080B06B4	0x080AA144	CallExtraMap		new-hint	FE_GBA_Function_Library
0x080B06C8	0x080ABC14	SaveMenuInitSaveSlotData		new-hint	FE_GBA_Function_Library
0x080B083C	0x080ABD88	SaveMenuInitSlotPalette		new-hint	FE_GBA_Function_Library
0x080B08F0	0x080ABE3C	SaveDrawSetDifficultSlotPalette		new-hint	FE_GBA_Function_Library
0x080B09F8	0x080ABF44	SaveMenuGetValidMenuAmt		funcmap-agree	FE_GBA_Function_Library
0x080B0A28	0x080ABF74	SaveMenu_LoadExtraSelectGfx		new-hint	FE_GBA_Function_Library
0x080B0A94	0x080ABFE0	DrawDifficultyModeText		new-hint	FE_GBA_Function_Library
0x080B0AE8	0x080AC034	DifficultySelect_PutModeText		new-hint	FE_GBA_Function_Library
0x080B0B2C	0x080AC078	DifficultySelect_OnEnd		funcmap-agree	FE_GBA_Function_Library
0x080B0B38	0x080AC084	InitDifficultySelectScreen		new-hint	FE_GBA_Function_Library
0x080B0C50	0x080AC1A8	DifficultySelect_Init		new-hint	FE_GBA_Function_Library
0x080B0C64	0x080AC1BC	DifficultySelect_WinBoxOpen		new-hint	FE_GBA_Function_Library
0x080B0CD4	0x080AC22C	DifficultySelect_WinBoxClose		new-hint	FE_GBA_Function_Library
0x080B0D30	0x080AC288	DifficultySelect_Loop_KeyHandler		new-hint	FE_GBA_Function_Library
0x080B0E88	0x080ABC00	StartSaveBgUp		new-hint	FE_GBA_Function_Library
0x080B0E9C	0x080AC3F4	DrawDifficultySprite_Init		funcmap-agree	FE_GBA_Function_Library
0x080B0EC0	0x080AC418	DrawDifficultyMenuCursorMaybe		new-hint	FE_GBA_Function_Library
0x080B0FA0	0x080AC4F8	DifficultyMenu_UpdateModePalettes		new-hint	FE_GBA_Function_Library
0x080B1120	0x080AC680	DifficultyMenu_StartCursorMove		funcmap-agree	FE_GBA_Function_Library
0x080B1138	0x080AC698	StartDrawDifficultyMenuSprites		new-hint	FE_GBA_Function_Library
0x080B114C	0x080AC6AC	InterpolateCubicSpline		new-hint	FE_GBA_Function_Library
0x080B1224	0x080AC784	InterpolateCubicSplineDerivative		new-hint	FE_GBA_Function_Library
0x080B12E4	0x080AC844	BlitClippedTileMapToBg		new-hint	FE_GBA_Function_Library
0x080B13A4	0x080AC904	UiCursorHand_Init		funcmap-agree	FE_GBA_Function_Library
0x080B13D0	0x080AC930	UiCursorHand_Loop		new-hint	FE_GBA_Function_Library
0x080B1460	0x080AC9C0	StartUiCursorHand		new-hint	FE_GBA_Function_Library
0x080B1474	0x080AC9D4	SetUiCursorHandConfig		new-hint	FE_GBA_Function_Library
0x080B14EC	0x080ACA4C	UiCursorHand_0		new-hint	FE_GBA_Function_Library
0x080B1524	0x080ACA84	ClearUiCursorHandConfig		new-hint	FE_GBA_Function_Library
0x080B1544	0x080ACAA4	ClearAllUiCursorHandConfig		new-hint	FE_GBA_Function_Library
0x080B1568	0x080ACAC8	BlockUiCursorHand		new-hint	FE_GBA_Function_Library
0x080B1584	0x080ACAE4	UnblockUiCursorHand		new-hint	FE_GBA_Function_Library
0x080B15A0	0x080ACB00	EndUiCursorHand		new-hint	FE_GBA_Function_Library
0x080B15B4	0x080ACB14	UiSpinningArrows_Init		funcmap-agree	FE_GBA_Function_Library
0x080B15D4	0x080ACB34	UiSpinningArrows_Loop		new-hint	FE_GBA_Function_Library
0x080B1780	0x080ACCE0	StartUiSpinningArrows		new-hint	FE_GBA_Function_Library
0x080B1794	0x080ACCF4	LoadUiSpinningArrowGfx		new-hint	FE_GBA_Function_Library
0x080B1800	0x080ACD7C	SetUiSpinningArrowPositions		new-hint	FE_GBA_Function_Library
0x080B181C	0x080ACD60	SetUiSpinningArrowConfig		new-hint	FE_GBA_Function_Library
0x080B1844	0x080ACDA4	SetUiSpinningArrowFastMaybe		new-hint	FE_GBA_Function_Library
0x080B187C	0x080ACDDC	EndUiSpinningArrows		new-hint	FE_GBA_Function_Library
0x080B1898	0x080ACDF8	ParallelFiniteLoop_Loop		new-hint	FE_GBA_Function_Library
0x080B18C0	0x080ACE20	StartParallelFiniteLoop		new-hint	FE_GBA_Function_Library
0x080B18DC	0x080ACE3C	SysBlackBox_Init		funcmap-agree	FE_GBA_Function_Library
0x080B18F4	0x080ACE54	SysBlackBox_Main		new-hint	FE_GBA_Function_Library
0x080B1C4C	0x080AD1AC	NewSysBlackBoxHandler		new-hint	FE_GBA_Function_Library
0x080B1C70	0x080AD1D0	SysBlackBoxSetGfx		new-hint	FE_GBA_Function_Library
0x080B1CA4	0x080AD204	EnableSysBlackBox		new-hint	FE_GBA_Function_Library
0x080B1D0C	0x080AD26C	DisableSysBlackBox		new-hint	FE_GBA_Function_Library
0x080B1D2C	0x080AD28C	BlockAllSysBlackBoxs		new-hint	FE_GBA_Function_Library
0x080B1D48	0x080AD2A8	UnblockAllSysBlackBoxs		new-hint	FE_GBA_Function_Library
0x080B1D74	0x080AD2D4	EndSysBlackBoxs		new-hint	FE_GBA_Function_Library
0x080B1D88	0x080AD2E8	ParallelWorker_OnLoop	_CallDifferedLoop	new-hint	FE_GBA_Function_Library
0x080B1D98	0x080AD2F8	StartParallelWorker	Get6CDifferedLoop6C	new-hint	FE_GBA_Function_Library
0x080B1DBC	0x080AD31C	EndAllParallelWorkers	DeleteEach6CDifferedLoop	new-hint	FE_GBA_Function_Library
0x080B1DD8	0x080AD338	GetParallelWorker	Find6CDifferedLoop	new-hint	FE_GBA_Function_Library
0x080B1E04	0x080AD364	DisplayExtendedSysHand		new-hint	FE_GBA_Function_Library
0x080B1ED4	0x080AD434	SysHandCursor_Init		funcmap-agree	FE_GBA_Function_Library
0x080B1EDC	0x080AD43C	SysHandCursor_Loop		new-hint	FE_GBA_Function_Library
0x080B1F1C	0x080AD47C	ResetSysHandCursor		new-hint	FE_GBA_Function_Library
0x080B1F40	0x080AD4A0	DisplaySysHandCursorTextShadow		new-hint	FE_GBA_Function_Library
0x080B1F84	0x080AD4E4	SetSysHandCursorXPos		new-hint	FE_GBA_Function_Library
0x080B1FA0	0x080AD500	SetSysHandCursorYPos		new-hint	FE_GBA_Function_Library
0x080B1FBC	0x080AD51C	ShowSysHandCursor		new-hint	FE_GBA_Function_Library
0x080B2004	0x080AD564	HideSysHandCursor		new-hint	FE_GBA_Function_Library
0x080B2020	0x080AD580	EndSysHandCursor		new-hint	FE_GBA_Function_Library
0x080B2034	0x080AD594	ConfigSysHandCursorShadowEnabled		new-hint	FE_GBA_Function_Library
0x080B2054	0x080AD5B4	DisableAllGfx		new-hint	FE_GBA_Function_Library
0x080B2078	0x080AD5D8	EnableAllGfx	EnableAllGfx	new-hint	FE_GBA_Function_Library
0x080B2098	0x080AD5F8	SysGrayBox_Init		funcmap-agree	FE_GBA_Function_Library
0x080B20B0	0x080AD610	SysGrayBox_Loop		new-hint	FE_GBA_Function_Library
0x080B23F0	0x080AD950	NewSysGrayBox		new-hint	FE_GBA_Function_Library
0x080B2438	0x080AD998	EnableUnransportWindow		new-hint	FE_GBA_Function_Library
0x080B2488	0x080AD9E8	DisableSysGrayBox		new-hint	FE_GBA_Function_Library
0x080B24C4	0x080ADA24	SysBrownBox_Init		funcmap-agree	FE_GBA_Function_Library
0x080B24DC	0x080ADA3C	SysBrownBox_Loop		new-hint	FE_GBA_Function_Library
0x080B261C	0x080ADB7C	StartSysBrownBox	StartSmallBrownNameBoxes	new-hint	FE_GBA_Function_Library
0x080B269C	0x080ADBFC	EnableSysBrownBox		new-hint	FE_GBA_Function_Library
0x080B26E4	0x080ADC44	DisableSysBrownBox		new-hint	FE_GBA_Function_Library
0x080B2708	0x080ADC68	SetSysBrownBoxWidth		new-hint	FE_GBA_Function_Library
0x080B2730	0x080ADC90	EndSysBrownBox	EndSmallBrownNameBoxes	new-hint	FE_GBA_Function_Library
0x080B2744	0x080ADCA4	SysboxTextMain		new-hint	FE_GBA_Function_Library
0x080B27C4	0x080ADD24	NewSysboxText		new-hint	FE_GBA_Function_Library
0x080B2874	0x080ADDD4	EndAllProcChildren		new-hint	FE_GBA_Function_Library
0x080B289C	0x080ADDFC	BgAffinRotScaling		new-hint	FE_GBA_Function_Library
0x080B2924	0x080ADE90	BgAffinScaling		new-hint	FE_GBA_Function_Library
0x080B296C	0x080ADEE0	BgAffinAnchoring		new-hint	FE_GBA_Function_Library
0x080B29C4	0x080ADF48	BgAffinRotScalingHighPrecision		new-hint	FE_GBA_Function_Library
0x080B2A38	0x080ADFBC	BgAffinScalingHighPrecision		funcmap-agree	FE_GBA_Function_Library
0x080B2A78	0x080ADFFC	BgAffinAnchoringHighPrecision		funcmap-agree	FE_GBA_Function_Library
0x080B2AC0	0x080AE044	Mode4BlitRect		new-hint	FE_GBA_Function_Library
0x080B2B6C	0x080AE0F0	Mode4FillRect		new-hint	FE_GBA_Function_Library
0x080B2BE4	0x080AE168	SetBlankBgColor		new-hint	FE_GBA_Function_Library
0x080B2C08	0x080AE18C	FadeInOut_Init	FadeInOut_Init	new-hint	FE_GBA_Function_Library
0x080B2C1C	0x080AE1A0	FadeIn_Loop	FadeIn_Loop	new-hint	FE_GBA_Function_Library
0x080B2C7C	0x080AE200	FadeOut_Loop	FadeOut_Loop	new-hint	FE_GBA_Function_Library
0x080B2CC4	0x080AE248	FadeInOut_DisableGfx	FadeInOut_DisableGfx	funcmap-agree	FE_GBA_Function_Library
0x080B2D1C	0x080AE2B8	FadeOutExists	FadeOutExists	new-hint	FE_GBA_Function_Library
0x080B2D34	0x080AE2A0	FadeInExists	FadeInExists	new-hint	FE_GBA_Function_Library
0x080B2D4C	0x080AE2D0	NewFadeIn	NewFadeIn	new-hint	FE_GBA_Function_Library
0x080B2D70	0x080AE2F4	NewFadeOut	NewFadeOut	new-hint	FE_GBA_Function_Library
0x080B2D94	-			new-hint	FE_GBA_Function_Library
0x080B2DB8	0x080AE318	NewBlockedFadeIn		new-hint	FE_GBA_Function_Library
0x080B2DDC	0x080AE360	NewFadeIn2		new-hint	FE_GBA_Function_Library
0x080B2E04	0x080AE388	NewFadeOut2		new-hint	FE_GBA_Function_Library
0x080B2E2C	0x080AE3B0	NewFadeInWhite		new-hint	FE_GBA_Function_Library
0x080B2E50	0x080AE3D4	NewFadeOutWhite		new-hint	FE_GBA_Function_Library
0x080B2E74	0x080AE33C	NewBlockedFadeOut		new-hint	FE_GBA_Function_Library
0x080B2E98	0x080AE3F8	NewBlockedFadeInWhite		new-hint	FE_GBA_Function_Library
0x080B2EBC	0x080AE440	NewFadeInWhite2		new-hint	FE_GBA_Function_Library
0x080B2EE4	0x080AE468	NewFadeOutWhite2		new-hint	FE_GBA_Function_Library
0x080B2F0C	0x080AE490	WipeAllPalette		new-hint	FE_GBA_Function_Library
0x080B2F30	0x080AE4B4	EndFadeInOut		new-hint	FE_GBA_Function_Library
0x080B2F54	0x080AE4D8	BmBgfx_Init		funcmap-agree	FE_GBA_Function_Library
0x080B2F94	0x080AE518	BmBgfx_Loop		new-hint	FE_GBA_Function_Library
0x080B3198	0x080AE71C	BmBgfx_End		new-hint	FE_GBA_Function_Library
0x080B31CC	0x080AE750	CheckBmBgfxDone		new-hint	FE_GBA_Function_Library
0x080B31E8	0x080AE76C	BmBgfxAdvance		new-hint	FE_GBA_Function_Library
0x080B320C	0x080ADA10	EndSysGrayBoxs		new-hint	FE_GBA_Function_Library
0x080B3220	0x080AE7A4	BmBgfxSetLoopEN		new-hint	FE_GBA_Function_Library
0x080B3240	0x080AE7C4	StartBmBgfx		new-hint	FE_GBA_Function_Library
0x080B32E8	0x080AE86C	MixPaletteCore		new-hint	FE_GBA_Function_Library
0x080B33B4	0x080AE938	MixPalette_Loop		funcmap-agree	FE_GBA_Function_Library
0x080B33E0	0x080AE964	StartMixPalette	loadGradientPalette	new-hint	FE_GBA_Function_Library
0x080B3418	0x080AE790	EndBmBgfx		new-hint	FE_GBA_Function_Library
0x080B342C	0x080AE9B0	StartSpriteAnimfx		new-hint	FE_GBA_Function_Library
0x080B34A0	0x080AEA24	GetBgXOffset		funcmap-agree	FE_GBA_Function_Library
0x080B34EC	0x080AEA70	GetBgYOffset		funcmap-agree	FE_GBA_Function_Library
0x080B3538	0x080AEABC	AppendString		new-hint	FE_GBA_Function_Library
0x080B3558	0x080AEADC	AppendCharacter		funcmap-agree	FE_GBA_Function_Library
0x080B3720	0x080AEAE8	CopyTextChar		new-hint	FE_GBA_Function_Library
0x080B3754	0x08097AA0	SallyCir_OnEnd		new-hint	FE_GBA_Function_Library
0x080B3760	0x080AEB28	FadeOutBgm		new-hint	FE_GBA_Function_Library
0x080B377C	0x08096668	FadeOutPrepBgm		new-hint	FE_GBA_Function_Library
0x080B3798	0x080AEB60	BonusClaimHelp_Init		new-hint	FE_GBA_Function_Library
0x080B37C4	0x080AEB8C	BonusClaimHelp_Loop		new-hint	FE_GBA_Function_Library
0x080B3804	0x080AEBCC	StartBonusClaimHelpBox		new-hint	FE_GBA_Function_Library
0x080B3824	0x080AEC04	IsPointInTriangle		funcmap-agree	FE_GBA_Function_Library
0x080B3874	0x080AEC54	BonusClaim_ReadSaveInfoRetFalse		new-hint	FE_GBA_Function_Library
0x080B3888	0x080AEC68	BonusClaim_ReadSaveInfoRetFalse2		new-hint	FE_GBA_Function_Library
0x080B389C	0x080AEC7C	IsSoundRoomCompleted		funcmap-agree	FE_GBA_Function_Library
0x080B38B4	0x080AEC94	CountTotalSoundRoomSongs		funcmap-agree	FE_GBA_Function_Library
0x080B38D4	0x080AECB4	CountSecretSoundRoomSongs		funcmap-agree	FE_GBA_Function_Library
0x080B390C	0x080AECEC	IsSoundRoomSongPlayable		funcmap-agree	FE_GBA_Function_Library
0x080B3930	0x080AED10	CountDisplayedSoundRoomSongs		funcmap-agree	FE_GBA_Function_Library
0x080B3984	0x080AED64	InitSoundRoomSongData		new-hint	FE_GBA_Function_Library
0x080B3AE4	0x080AEEC4	SoundRoomSongChange_FadeOutPrevious		new-hint	FE_GBA_Function_Library
0x080B3B08	0x080AEEE8	SoundRoomSongChange_StartNext		new-hint	FE_GBA_Function_Library
0x080B3B44	0x080AEF24	PlayNextShuffledSong		new-hint	FE_GBA_Function_Library
0x080B3B84	0x080AEF64	InitSoundRoomShuffleBuffer		new-hint	FE_GBA_Function_Library
0x080B3D00	0x080AF0E0	SoundRoom_StartNextSong_Positive		new-hint	FE_GBA_Function_Library
0x080B3D60	0x080AF140	SoundRoom_StartNextSong_Negative		new-hint	FE_GBA_Function_Library
0x080B3DC0	0x080AF1A0	UpdateVolumeGraphBuffer		funcmap-agree	FE_GBA_Function_Library
0x080B3DF8	0x080AF1D8	InitSoundRoomVolumeGraph		new-hint	FE_GBA_Function_Library
0x080B3E4C	0x080AF22C	VolumeGraphBuffer_Loop		funcmap-agree	FE_GBA_Function_Library
0x080B3F58	0x080AF338	SoundRoom_UpdateScrollBar		new-hint	FE_GBA_Function_Library
0x080B3F70	0x080AF350	SoundRoom_PutHandCursor		new-hint	FE_GBA_Function_Library
0x080B3F98	0x080AF378	SoundRoom_GetScrollDirection		funcmap-agree	FE_GBA_Function_Library
0x080B3FE8	0x080AF3C8	SoundRoom_DrawSongList		new-hint	FE_GBA_Function_Library
0x080B40F0	0x080AF4D0	SoundRoom_DrawCompletionPercent		new-hint	FE_GBA_Function_Library
0x080B4130	0x080AF510	TickCurrentSongTime		funcmap-agree	FE_GBA_Function_Library
0x080B4144	0x080AF524	SoundRoomUi_Init		new-hint	FE_GBA_Function_Library
0x080B4414	0x080AF7F4	StartSoundRoomSong		new-hint	FE_GBA_Function_Library
0x080B4460	0x080AF840	StopSoundRoomSong		new-hint	FE_GBA_Function_Library
0x080B4498	0x080AF878	TryDrawSoundRoomSongTitle		new-hint	FE_GBA_Function_Library
0x080B44C0	0x080AF8A0	SoundRoomUi_Loop_MainKeyHandler		new-hint	FE_GBA_Function_Library
0x080B4684	0x080AFA64	SoundRoomUi_RestartTitleMusic		new-hint	FE_GBA_Function_Library
0x080B46B4	0x080AFA94	SoundRoomUi_OnEnd		new-hint	FE_GBA_Function_Library
0x080B47D4	0x080AFBBC	SoundRoomUi_0		new-hint	FE_GBA_Function_Library
0x080B4878	0x080AFC60	SoundRoomUi_Loop_MainUiSlideOut		new-hint	FE_GBA_Function_Library
0x080B48B0	0x080AFC98	SoundRoomUi_1		new-hint	FE_GBA_Function_Library
0x080B48FC	0x080AFCE4	SoundRoomUi_2		new-hint	FE_GBA_Function_Library
0x080B4910	0x080AFCF8	SoundRoomUi_Loop_MainUiSlideIn		new-hint	FE_GBA_Function_Library
0x080B4960	0x080AFD48	SoundRoomUi_3		new-hint	FE_GBA_Function_Library
0x080B4974	0x080AFD5C	SoundRoomUi_Loop_ShufflePlayUiSlideIn		new-hint	FE_GBA_Function_Library
0x080B4A0C	0x080AFDF4	SoundRoomUi_Loop_ShufflePlayKeyHandler		new-hint	FE_GBA_Function_Library
0x080B4AA4	0x080AFE8C	SoundRoomUi_Loop_ShufflePlayUiSlideOut		new-hint	FE_GBA_Function_Library
0x080B4B34	-			new-hint	FE_GBA_Function_Library
0x080B4B48	0x080AFF30	SoundRoom_InitText		new-hint	FE_GBA_Function_Library
0x080B4C30	0x080B0018	DrawSoundRoomSongTitle		new-hint	FE_GBA_Function_Library
0x080B4CA0	0x080B0088	SoundRoom_DrawSongTitleSprites		new-hint	FE_GBA_Function_Library
0x080B4D94	0x080B017C	DrawSoundRoomVolumeGraphSprites		new-hint	FE_GBA_Function_Library
0x080B4E1C	0x080B0204	SoundRoom_DrawVolumeGraphSprites		funcmap-agree	FE_GBA_Function_Library
0x080B4E58	0x080B0240	DrawMusicPlayerTime		new-hint	FE_GBA_Function_Library
0x080B4F3C	0x080B0324	SoundRoom_DrawSprites_Loop		new-hint	FE_GBA_Function_Library
0x080B505C	0x080B0444	DrawSoundRoomSprites		new-hint	FE_GBA_Function_Library
0x080B5070	0x080B0458	ExtramenuUnk_HBlank		new-hint	FE_GBA_Function_Library
0x080B50D4	0x080B04BC	ExtramenuUnk_Init		new-hint	FE_GBA_Function_Library
0x080B5110	0x080B04F8	ExtramenuUnk_LoadGfx		new-hint	FE_GBA_Function_Library
0x080B51DC	0x080B05C4	ExtramenuUnk_DrawIconLoop		new-hint	FE_GBA_Function_Library
0x080B5224	0x080AFF1C	StartSoundRoomScreen		new-hint	FE_GBA_Function_Library
0x080B5238	0x080B0620	ExtramenuUnk_SetIconIndex		new-hint	FE_GBA_Function_Library
0x080B5250	0x080B0638	PutChapterBannerSprites		new-hint	FE_GBA_Function_Library
0x080B528C	0x080B0674	BonusClaim_DrawChapterTitle		new-hint	FE_GBA_Function_Library
0x080B5314	0x080B06FC	BonusClaim_HBlankHandler		new-hint	FE_GBA_Function_Library
0x080B5378	0x080B0760	InitBonusClaimData	InitBonusContentClaimList	new-hint	FE_GBA_Function_Library
0x080B54AC	0x080B0894	DrawBonusClaimItemText	DrawBonusItemMenuEntry	new-hint	FE_GBA_Function_Library
0x080B5640	0x080B0A24	SetBonusItemClaimed	SetBonusContentClaimed	new-hint	FE_GBA_Function_Library
0x080B566C	0x080B0A50	SetupBonusClaimTargets		new-hint	FE_GBA_Function_Library
0x080B56D8	0x080B0ABC	BonusClaim_DrawMainWindowFrame		new-hint	FE_GBA_Function_Library
0x080B56F8	0x080B0ADC	BonusClaim_Init	ClaimBonusItemMenu_Init	new-hint	FE_GBA_Function_Library
0x080B5954	0x080B0D38	BonusClaim_Loop_MainKeyHandler	ClaimBonusItemMenu_MainLoop	new-hint	FE_GBA_Function_Library
0x080B5BB0	0x080B0F94	BonusClaim_DrawTargetUnitSprites		new-hint	FE_GBA_Function_Library
0x080B5C24	0x080B1008	BonusClaim_EndTargetSpriteWorker		new-hint	FE_GBA_Function_Library
0x080B5C3C	0x080B1020	BonusClaim_StartSelectTargetSubMenu		new-hint	FE_GBA_Function_Library
0x080B5E00	0x080B11E4	TryClaimBonusItem		new-hint	FE_GBA_Function_Library
0x080B5EA4	0x080B1288	BonusClaim_Loop_SelectTargetKeyHandler		new-hint	FE_GBA_Function_Library
0x080B5F70	0x080B1350	BonusClaim_EndSelectTargetSubMenu		new-hint	FE_GBA_Function_Library
0x080B5FDC	0x080B13BC	BonusClaim_DrawItemSentPopup		new-hint	FE_GBA_Function_Library
0x080B6208	0x080B15E8	BonusClaim_Loop_PopupDisplayTimer		new-hint	FE_GBA_Function_Library
0x080B6240	0x080B1620	BonusClaim_ClearItemSentPopup		new-hint	FE_GBA_Function_Library
0x080B628C	0x080B166C	BonusClaim_OnEnd		new-hint	FE_GBA_Function_Library
0x080B62A8	0x080B060C	StartExtramenuUnk		new-hint	FE_GBA_Function_Library
0x080B62BC	0x080B169C	GetConfigUnk32DifficultyAdjusted		funcmap-agree	FE_GBA_Function_Library
0x080B62EC	0x080B16CC	GetSelectedGameOption		funcmap-agree	FE_GBA_Function_Library
0x080B62FC	0x080B16DC	GetSelectedOptionValue		new-hint	FE_GBA_Function_Library
0x080B6320	0x080B1700	DrawGameOptionIcon		funcmap-agree	FE_GBA_Function_Library
0x080B63A4	0x080B1784	DrawGameOptionHelpText		new-hint	FE_GBA_Function_Library
0x080B6404	0x080B17E4	DrawGameOptionText		new-hint	FE_GBA_Function_Library
0x080B6470	0x080B1850	DrawOptionValueTexts		new-hint	FE_GBA_Function_Library
0x080B6540	0x080B1920	ConfigSprites_Init		new-hint	FE_GBA_Function_Library
0x080B6558	0x080B1938	DrawConfigUiSprites		new-hint	FE_GBA_Function_Library
0x080B6628	0x080B1A08	Config_Init		new-hint	FE_GBA_Function_Library
0x080B68B0	0x080B1C90	WindowColorOptionChangeHandler		new-hint	FE_GBA_Function_Library
0x080B68CC	0x080B1CAC	MusicOptionChangeHandler		new-hint	FE_GBA_Function_Library
0x080B6934	0x080B1D14	GenericOptionChangeHandler		new-hint	FE_GBA_Function_Library
0x080B6A00	0x080B1DE8	GetGameOption		funcmap-agree	FE_GBA_Function_Library
0x080B6B7C	0x080B1F64	SetGameOption		funcmap-agree	FE_GBA_Function_Library
0x080B6DA0	0x080B2188	PutGameOptionRow		new-hint	FE_GBA_Function_Library
0x080B6E24	0x080B220C	Config_Loop_KeyHandler		new-hint	FE_GBA_Function_Library
0x080B707C	0x080B2464	Config_HandleExit		new-hint	FE_GBA_Function_Library
0x080B70C4	0x080B24AC	Config_SetSourceFromPrep		funcmap-agree	FE_GBA_Function_Library
0x080B70D8	0x080B24C0	Config_SetSourceFromWorldMap		new-hint	FE_GBA_Function_Library
0x080B70F4	0x080B24DC	ColFadeOut_Init		funcmap-agree	FE_GBA_Function_Library
0x080B7134	0x080B251C	ColFadeOut_Loop		new-hint	FE_GBA_Function_Library
0x080B7220	0x080B2608	ColFadeIn_Loop		new-hint	FE_GBA_Function_Library
0x080B7344	0x080B272C	NewColFadeOut		new-hint	FE_GBA_Function_Library
0x080B7398	0x080B2780	NewColFadeIn		new-hint	FE_GBA_Function_Library
0x080B7430	0x080B2818	ClassReel_Init		new-hint	FE_GBA_Function_Library
0x080B74B8	0x080B28A0	ClassReel_ButtonPress_GoToTitle		new-hint	FE_GBA_Function_Library
0x080B751C	0x080B2904	ClassReel_Loop		new-hint	FE_GBA_Function_Library
0x080B75A0	0x080B2988	IsClassReelFinished		new-hint	FE_GBA_Function_Library
0x080B75D0	0x080B29B8	SetClassReelMode		new-hint	FE_GBA_Function_Library
0x080B75EC	0x080AEB1C	ClearPrimaryHBlankHandler		new-hint	FE_GBA_Function_Library
0x080B75F8	0x080B29E0	ClassReel_OnEnd		new-hint	FE_GBA_Function_Library
0x080B7610	0x080B29F8	StartClassReel	Make6C_opinfo	new-hint	FE_GBA_Function_Library
0x080B762C	0x080B2A14	PutClassNameIntroLetter		new-hint	FE_GBA_Function_Library
0x080B79D8	0x080B2DF0	ClassIntro_LoopBackdropFadeIn		new-hint	FE_GBA_Function_Library
0x080B7A98	0x080B2EA8	ClassIntro_LoopOut		new-hint	FE_GBA_Function_Library
0x080B7AF8	0x080B2F08	ClassIntro_DisableAllExceptBg1		funcmap-agree	FE_GBA_Function_Library
0x080B7B1C	0x080B2F2C	ClassIntro_OnEnd		new-hint	FE_GBA_Function_Library
0x080B7B2C	0x080B2F3C	StartClassNameIntro		new-hint	FE_GBA_Function_Library
0x080B7B64	0x080B2F74	ClassIntroLetter_LoopFadeIn		new-hint	FE_GBA_Function_Library
0x080B7BC0	0x080B2FD0	ClassIntroLetter_LoopDisplay		new-hint	FE_GBA_Function_Library
0x080B7BE8	0x080B2FF8	ClassIntroLetter_LoopFadeOut		new-hint	FE_GBA_Function_Library
0x080B7C4C	0x080B305C	StartClassNameIntroLetter		new-hint	FE_GBA_Function_Library
0x080B7C6C	0x080B307C	ClassIntro_EnablePalSync		new-hint	FE_GBA_Function_Library
0x080B7C78	0x080B3088	ClassIntroIcon_Init		new-hint	FE_GBA_Function_Library
0x080B7CEC	0x080B30FC	PutClassWeaponRankIcons		new-hint	FE_GBA_Function_Library
0x080B7DA0	0x080B31B0	ClassIntroIcon_LoopFadeIn		new-hint	FE_GBA_Function_Library
0x080B7DDC	0x080B31EC	ClassIntroIcon_LoopDisplay		funcmap-agree	FE_GBA_Function_Library
0x080B7DF8	0x080B3208	ClassIntroIcon_LoopFadeOut		new-hint	FE_GBA_Function_Library
0x080B7E4C	0x080B325C	StartClassNameIntroIcon		new-hint	FE_GBA_Function_Library
0x080B7E6C	0x080B327C	ClassIntroFlare_Init		funcmap-agree	FE_GBA_Function_Library
0x080B7E9C	0x080B32AC	ClassIntroFlare_Loop		new-hint	FE_GBA_Function_Library
0x080B7FD4	0x080B33E4	ClassIntroBurst_Init		funcmap-agree	FE_GBA_Function_Library
0x080B7FEC	0x080B33FC	PutClassIntroBurstSprites		new-hint	FE_GBA_Function_Library
0x080B8088	0x080B3498	ClassIntroBurst_Loop		new-hint	FE_GBA_Function_Library
0x080B828C	0x080B36E0	ClassInfoDisplay_HBlankHandler		funcmap-agree	FE_GBA_Function_Library
0x080B82EC	0x080B3740	ClassInfoDisplay_ResetWindowBlend		new-hint	FE_GBA_Function_Library
0x080B83A8	0x080B37FC	ClassInfoDisplay_Init		new-hint	FE_GBA_Function_Library
0x080B87C0	0x080B3C14	ClassInfoDisplay_AutoAdvanceWorker		new-hint	FE_GBA_Function_Library
0x080B87FC	0x080B3C50	ClassInfoDisplay_LoopWindowIn		new-hint	FE_GBA_Function_Library
0x080B8930	0x080B3D84	ClassInfoDisplay_ExecScript		new-hint	FE_GBA_Function_Library
0x080B89C4	0x080B3E18	ClassInfoDisplay_LoopScript		new-hint	FE_GBA_Function_Library
0x080B8A48	0x080B3E9C	ClassInfoDisplay_OnEnd		new-hint	FE_GBA_Function_Library
0x080B8A88	0x080B3EDC	StartClassAnimDisplay		new-hint	FE_GBA_Function_Library
0x080B8AA8	-			new-hint	FE_GBA_Function_Library
0x080B8B28	-			new-hint	FE_GBA_Function_Library
0x080B8C64	0x080B40D0	StartClassStatsDisplay		new-hint	FE_GBA_Function_Library
0x080B8C78	0x080B40E4	SetClassStatsDisplayNameX		new-hint	FE_GBA_Function_Library
0x080B8C80	0x080B40EC	GetClassReelEntry		funcmap-agree	FE_GBA_Function_Library
0x080B8C9C	-			new-hint	FE_GBA_Function_Library
0x080B8CDC	0x080B4154	Shop_GetPortraitIndex	Shop6C_GetPortraitIndex	funcmap-agree	FE_GBA_Function_Library
0x080B8CF0	0x080B4168	StartShopDialogue		new-hint	FE_GBA_Function_Library
0x080B8D48	0x080B41C0	StartDefaultArmoryScreen		funcmap-agree	FE_GBA_Function_Library
0x080B8D58	0x080B41D0	StartArmoryScreenOrphaned		funcmap-agree	FE_GBA_Function_Library
0x080B8D68	0x080B41E0	StartArmoryScreen	MakeShopArmory	funcmap-agree	FE_GBA_Function_Library
0x080B8D78	0x080B41F0	StartVendorScreenOrphaned		funcmap-agree	FE_GBA_Function_Library
0x080B8D88	0x080B4200	StartVendorScreen	MakeShopVendor	funcmap-agree	FE_GBA_Function_Library
0x080B8D98	0x080B4210	StartSecretShopScreenOrphaned		funcmap-agree	FE_GBA_Function_Library
0x080B8DA8	0x080B4220	StartSecretShopScreen		funcmap-agree	FE_GBA_Function_Library
0x080B8DB8	0x080B4230	StartArmoryScreen2		funcmap-agree	FE_GBA_Function_Library
0x080B8DC8	0x080B4240	StartShopScreen	MakeShop	new-hint	FE_GBA_Function_Library
0x080B8E3C	0x080B42B4	UpdateShopItemCounts		new-hint	FE_GBA_Function_Library
0x080B8E70	0x080B42E8	TalkChoice_OnBuy		new-hint	FE_GBA_Function_Library
0x080B8E90	0x080B4308	TalkChoice_OnSell		new-hint	FE_GBA_Function_Library
0x080B8EB4	0x080B432C	Shop_EntryDialogue		new-hint	FE_GBA_Function_Library
0x080B8ED8	0x080B4350	Shop_HandleEntryDialoguePrompt		new-hint	FE_GBA_Function_Library
0x080B8F30	0x080B43A8	Shop_BuyDialogue		new-hint	FE_GBA_Function_Library
0x080B8F44	0x080B43BC	ShopDrawBuyItemLine		new-hint	FE_GBA_Function_Library
0x080B8FA0	0x080B4418	ShopDrawSellItemLine		new-hint	FE_GBA_Function_Library
0x080B8FFC	0x080B4474	Shop_InitBuyState		new-hint	FE_GBA_Function_Library
0x080B9030	0x080B44A8	Shop_Loop_BuyKeyHandler		new-hint	FE_GBA_Function_Library
0x080B91B8	0x080B4630	Shop_HandleBuyConfirmPrompt		new-hint	FE_GBA_Function_Library
0x080B91D4	0x080B464C	Shop_TryAddItemToInventory		new-hint	FE_GBA_Function_Library
0x080B9238	0x080B46B0	Shop_HandleSendToConvoyPrompt		new-hint	FE_GBA_Function_Library
0x080B9254	0x080B46CC	Shop_NoSendToConvoyDialogue		new-hint	FE_GBA_Function_Library
0x080B9284	0x080B46FC	Shop_AddItemToConvoy		new-hint	FE_GBA_Function_Library
0x080B92A4	0x080B471C	Shop_SendToConvoyDialogue		new-hint	FE_GBA_Function_Library
0x080B92B8	0x080B4730	Shop_CheckIfConvoyFull		new-hint	FE_GBA_Function_Library
0x080B92D4	0x080B474C	Shop_ConvoyFullDialogue		new-hint	FE_GBA_Function_Library
0x080B92E8	0x080B4760	Shop_AnythingElseDialogue		new-hint	FE_GBA_Function_Library
0x080B92FC	0x080B4774	Shop_SellDialogue		new-hint	FE_GBA_Function_Library
0x080B9310	0x080B4788	Shop_InitSellState		new-hint	FE_GBA_Function_Library
0x080B933C	0x080B47B4	Shop_Loop_SellKeyHandler		new-hint	FE_GBA_Function_Library
0x080B94B8	0x080B4930	Shop_HandleSellConfirmPrompt		new-hint	FE_GBA_Function_Library
0x080B9540	0x080B49B8	Shop_SellAnythingElseDialogue		new-hint	FE_GBA_Function_Library
0x080B9554	0x080B49CC	Shop_AnythingElseRestartDialogue		new-hint	FE_GBA_Function_Library
0x080B9570	0x080B49E8	Shop_AnythingElseContinueDialogue		new-hint	FE_GBA_Function_Library
0x080B9580	0x080B49F8	Shop_ExitShopDialogue		new-hint	FE_GBA_Function_Library
0x080B95A8	-			new-hint	FE_GBA_Function_Library
0x080B95C8	0x080B4A40	Shop_PrepEntryDialogue		new-hint	FE_GBA_Function_Library
0x080B95DC	0x080B4A54	Shop_Loop_UnkKeyHandler		new-hint	FE_GBA_Function_Library
0x080B9704	0x080B4B7C	StartShopFadeIn		new-hint	FE_GBA_Function_Library
0x080B9738	0x080B4BB0	StartShopFadeOut		new-hint	FE_GBA_Function_Library
0x080B9774	0x080B4BEC	Shop_Init		new-hint	FE_GBA_Function_Library
0x080B99AC	0x080B4E24	StartUiGoldBox		new-hint	FE_GBA_Function_Library
0x080B9A10	0x080B4E88	InitGoldBoxText		new-hint	FE_GBA_Function_Library
0x080B9A3C	0x080B4EB4	ClearGoldBoxTextTm2Line		funcmap-agree	FE_GBA_Function_Library
0x080B9A5C	0x080B4ED4	DisplayGoldBoxText		new-hint	FE_GBA_Function_Library
0x080B9A8C	0x080B4F04	ShopInitTexts_OnBuy		new-hint	FE_GBA_Function_Library
0x080B9B18	0x080B4F90	DrawShopSoldItems		new-hint	FE_GBA_Function_Library
0x080B9BC8	0x080B5040	InitShopBuyStatus		new-hint	FE_GBA_Function_Library
0x080B9BE4	0x080B505C	ShopInitTexts_OnSell		new-hint	FE_GBA_Function_Library
0x080B9C50	0x080B50C8	ShopDrawDefaultSellItemLine		new-hint	FE_GBA_Function_Library
0x080B9CD0	0x080B5148	InitShopSellStatus		new-hint	FE_GBA_Function_Library
0x080B9CEC	0x080B5164	DrawShopItemPriceLine		new-hint	FE_GBA_Function_Library
0x080B9D44	0x080B51C0	DrawShopItemLine		new-hint	FE_GBA_Function_Library
0x080B9DA4	0x080B5220	GetItemPurchasePrice		new-hint	FE_GBA_Function_Library
0x080B9DEC	0x080B5268	GetItemSellPrice		new-hint	FE_GBA_Function_Library
0x080B9E00	0x080B527C	IsItemSellable		new-hint	FE_GBA_Function_Library
0x080B9E28	0x080B52A4	GoldBox_OnLoop		new-hint	FE_GBA_Function_Library
0x080B9E50	0x080B52CC	InitShopScreenConfig		new-hint	FE_GBA_Function_Library
0x080B9EFC	0x080B5378	_DisplayShopUiArrows		new-hint	FE_GBA_Function_Library
0x080B9F08	0x080B5384	DisplayShopUiArrows		funcmap-agree	FE_GBA_Function_Library
0x080B9F40	0x080B53BC	UnpackUiVArrowGfx		new-hint	FE_GBA_Function_Library
0x080B9F7C	0x080B53F8	DisplayUiVArrow		new-hint	FE_GBA_Function_Library
0x080B9FC4	0x080B5440	HandleShopBuyAction		new-hint	FE_GBA_Function_Library
0x080BA01C	0x080B5498	ShopTryMoveHand		new-hint	FE_GBA_Function_Library
0x080BA0AC	0x080B5528	ShopSt_SetHeadLocBak		new-hint	FE_GBA_Function_Library
0x080BA0B8	0x080B5534	ShopTryScrollPage		funcmap-agree	FE_GBA_Function_Library
0x080BA100	0x080B557C	ShopUpdateBg2Offset		funcmap-agree	FE_GBA_Function_Library
0x080BA130	0x080B55AC	RegisterShopState		funcmap-agree	FE_GBA_Function_Library
0x080BA188	0x080B5604	Shop_TryMoveHandPage		new-hint	FE_GBA_Function_Library
0x080BA210	0x080B568C	ShopSt_GetHeadLoc		new-hint	FE_GBA_Function_Library
0x080BA21C	0x080B5698	ShopSt_GetBg2Offset		funcmap-agree	FE_GBA_Function_Library
0x080BA22C	0x080B56A8	ShopSt_GetHandLoc		new-hint	FE_GBA_Function_Library
0x080BA238	0x080B56B4	ShopSt_SetLineHeight		new-hint	FE_GBA_Function_Library
0x080BA244	0x080B56C0	ShopSt_SetSetPageScrollTrigOffset		new-hint	FE_GBA_Function_Library
0x080BA250	0x080B56CC	IsShopPageScrolling		funcmap-agree	FE_GBA_Function_Library
0x080BA274	0x080B56F0	ShouldDisplayUpArrow		funcmap-agree	FE_GBA_Function_Library
0x080BA290	0x080B570C	ShouldDisplayDownArrow		funcmap-agree	FE_GBA_Function_Library
0x080BA2B4	0x080B5730	ArenaUi_IsBgmActive		funcmap-agree	FE_GBA_Function_Library
0x080BA2F0	0x080B576C	StartArenaScreen		new-hint	FE_GBA_Function_Library
0x080BA310	0x080B578C	StartArenaResultsScreen		new-hint	FE_GBA_Function_Library
0x080BA324	0x080B57A0	ArenaUi_Init		new-hint	FE_GBA_Function_Library
0x080BA4F4	0x080B5970	ArenaUi_UpdatePlayerUnitAfterBattle		new-hint	FE_GBA_Function_Library
0x080BA51C	0x080B5998	ArenaUi_WelcomeDialogue		new-hint	FE_GBA_Function_Library
0x080BA550	0x080B59CC	ArenaUi_WagerGoldDialogue		new-hint	FE_GBA_Function_Library
0x080BA570	0x080B59EC	ArenaUi_CheckConfirmation		new-hint	FE_GBA_Function_Library
0x080BA5BC	0x080B5A38	ArenaUi_ConfirmWager		new-hint	FE_GBA_Function_Library
0x080BA600	0x080B5A7C	ArenaUi_InstructionsDialogue		new-hint	FE_GBA_Function_Library
0x080BA614	0x080B5A90	ArenaUi_GoodLuckDialogue		new-hint	FE_GBA_Function_Library
0x080BA628	0x080B5AA4	ArenaUi_FadeOutBgm		new-hint	FE_GBA_Function_Library
0x080BA638	0x080B5AB4	ArenaUi_StartArenaBattle		new-hint	FE_GBA_Function_Library
0x080BA684	0x080B5B00	ArenaUi_StartPartialLock		new-hint	FE_GBA_Function_Library
0x080BA690	0x080B5B0C	ArenaUi_InitWrapper		funcmap-agree	FE_GBA_Function_Library
0x080BA69C	0x080B5B18	ArenaUi_ResultsDialogue		new-hint	FE_GBA_Function_Library
0x080BA720	0x080B5B9C	ArenaUi_ShowGoldBoxOnVictoryOrDraw		new-hint	FE_GBA_Function_Library
0x080BA768	0x080B4A20	Shop_OnExit		new-hint	FE_GBA_Function_Library
0x080BA788	0x080B5C04	StartArenaDialogue		new-hint	FE_GBA_Function_Library
0x080BA7CC	0x080B5C48	DrawArenaOpponentDetailsText		new-hint	FE_GBA_Function_Library
0x080BA864	0x080B5CE0	Arena_PlayResultSong		new-hint	FE_GBA_Function_Library
0x080BA8B0	0x080B5D2C	Arena_PlayArenaSong		new-hint	FE_GBA_Function_Library
0x080BA8C0	0x080B5D3C	StartSuspendPrompt		new-hint	FE_GBA_Function_Library
0x080BA8CC	0x080B5D48	ArenaUi_IsTalkChoiceYes		new-hint	FE_GBA_Function_Library
0x080BA8E0	0x080B5D5C	WriteSuspendPlayerIdle	SuspendCommand	new-hint	FE_GBA_Function_Library
0x080BA8F8	0x080B5D74	GetGameTacticsRank		new-hint	FE_GBA_Function_Library
0x080BA9F0	0x080B5E6C	GetGameSurvivalRank	GetChapterSurvivalRank	new-hint	FE_GBA_Function_Library
0x080BAA28	0x080B5EA4	GetGameExpRank		new-hint	FE_GBA_Function_Library
0x080BAB20	0x080B5F9C	GetGameCombatRank		new-hint	FE_GBA_Function_Library
0x080BAB54	0x080B5FD0	GetGameFundsRank		new-hint	FE_GBA_Function_Library
0x080BABF4	0x080B6070	GetOverallRank	GetOverallRank	funcmap-agree	FE_GBA_Function_Library
0x080BAC4C	0x080B60C8	GetOverallRankFrom3		funcmap-agree	FE_GBA_Function_Library
0x080BAC88	0x080B6104	GetGameOverallRank		funcmap-agree	FE_GBA_Function_Library
0x080BACC8	0x080B6144	GetChapterTacticsRank	GetChapterTacticsRank	new-hint	FE_GBA_Function_Library
0x080BAD48	0x080B61C4	GetChapterSurvivalRank	GetChapterSurvivalRank	new-hint	FE_GBA_Function_Library
0x080BAD80	0x080B61FC	GetOverallRankFrom2		funcmap-agree	FE_GBA_Function_Library
0x080BADB0	0x080B622C	GetGameDeathCount	GetDeadUnitAmount	new-hint	FE_GBA_Function_Library
0x080BADE8	0x080B6264	GetGameWinPerc		new-hint	FE_GBA_Function_Library
0x080BAE08	0x080B6284	GetChapterDeathCount	GetChapterDeathCount	new-hint	FE_GBA_Function_Library
0x080BAE60	0x080B62DC	GetChapterFundsRank	GetChapterFundsRank	new-hint	FE_GBA_Function_Library
0x080BAEDC	0x080B6358	GetChapterWinPerc	GetChapterWinPerc	new-hint	FE_GBA_Function_Library
0x080BAF74	0x080B63F0	GetChapterCombatRank	GetChapterCombatRank	new-hint	FE_GBA_Function_Library
0x080BAFA8	0x080B6424	GetChapterExpRank	GetChapterExpRank	new-hint	FE_GBA_Function_Library
0x080BB088	0x080B6504	ComputeChapterRankings	ComputeChapterRankings	new-hint	FE_GBA_Function_Library
0x080BB170	0x080B65EC	GetCG		new-hint	FE_GBA_Function_Library
0x080BB17C	0x080B65F8	DisplayCGfx		new-hint	FE_GBA_Function_Library
0x080BB1F8	0x080B6720	GetPidTitleTextId		funcmap-agree	FE_GBA_Function_Library
0x080BB21C	0x080B6744	GetPidDefeatType		funcmap-agree	FE_GBA_Function_Library
0x080BB328	0x080B67E8	SetupCharacterEndingGfx		new-hint	FE_GBA_Function_Library
0x080BB350	0x080B6810	SetupCharacterEndingBg		new-hint	FE_GBA_Function_Library
0x080BB3DC	0x080B689C	PutEndingBattleDisplayBg		new-hint	FE_GBA_Function_Library
0x080BB460	0x080B6920	InitCharacterEndingText		new-hint	FE_GBA_Function_Library
0x080BB4AC	0x080B696C	CharacterEnding_Init		new-hint	FE_GBA_Function_Library
0x080BB514	0x080B69D4	CharacterEnding_0		new-hint	FE_GBA_Function_Library
0x080BB550	0x080B6A10	GetUnitForCharacterEnding		new-hint	FE_GBA_Function_Library
0x080BB58C	0x080B6A4C	GetUnitASupporterPid		new-hint	FE_GBA_Function_Library
0x080BB5C0	0x080B6A80	DoesUnitHavePairedEnding		new-hint	FE_GBA_Function_Library
0x080BB620	0x080B6AE0	LoadNextCharacterEnding		new-hint	FE_GBA_Function_Library
0x080BB718	0x080B6BD8	CharacterEnding_StartBattleDisplay		new-hint	FE_GBA_Function_Library
0x080BB740	0x080B6C00	CharacterEnding_StartBattleDisplayText		new-hint	FE_GBA_Function_Library
0x080BB754	0x080B6C14	CharacterEnding_End		new-hint	FE_GBA_Function_Library
0x080BB7B4	0x080B6C74	CharacterEnding_Unused_0		new-hint	FE_GBA_Function_Library
0x080BB7D4	0x080B1688	StartBonusClaimScreen	StartClaimBonusItemMenu	new-hint	FE_GBA_Function_Library
0x080BB7E8	0x080B6CA8	CharacterEnding_LoadUnitBattleStats		new-hint	FE_GBA_Function_Library
0x080BB864	0x080B6D24	SoloEndingBattleDisp_Init	IceCrystal4	new-hint	FE_GBA_Function_Library
0x080BB9D8	0x080B6ED0	SoloEndingBattleDisp_Loop		new-hint	FE_GBA_Function_Library
0x080BBA1C	0x080B6F14	StartSoloEndingBattleDisplay		new-hint	FE_GBA_Function_Library
0x080BBC98	0x080B71DC	PairedEndingBattleDisp_Loop_SlideIn		new-hint	FE_GBA_Function_Library
0x080BBCF8	0x080B723C	PairedEndingBattleDisp_InitBlend		new-hint	FE_GBA_Function_Library
0x080BBD30	0x080B7274	PairedEndingBattleDisp_Loop_Blend		new-hint	FE_GBA_Function_Library
0x080BBD60	0x080B72A4	StartPairedEndingBattleDisplay		new-hint	FE_GBA_Function_Library
0x080BBD80	0x080B72C4	EndingBattleInitText		new-hint	FE_GBA_Function_Library
0x080BBE08	0x080B734C	EndingBattleText_Loop		new-hint	FE_GBA_Function_Library
0x080BBEE8	0x080B742C	StartEndingBattleText		new-hint	FE_GBA_Function_Library
0x080BBF08	0x080B744C	EndEndingBattleText		new-hint	FE_GBA_Function_Library
0x080BBF18	-			new-hint	FE_GBA_Function_Library
0x080BBF5C	0x080B74B0	Fin_Init		new-hint	FE_GBA_Function_Library
0x080BBF84	0x080B74D8	Fin_Loop_KeyListener		new-hint	FE_GBA_Function_Library
0x080BBFAC	0x080B7500	Fin_InitBlend		new-hint	FE_GBA_Function_Library
0x080BBFEC	0x080B7540	Fin_Loop_Blend		new-hint	FE_GBA_Function_Library
0x080BC020	0x080B7574	Fin_End		new-hint	FE_GBA_Function_Library
0x080BC044	0x080B6C94	StartCharacterEndings		new-hint	FE_GBA_Function_Library
0x080BC058	0x080B75AC	EndingDetails_InitFog		new-hint	FE_GBA_Function_Library
0x080BC0C0	0x080B7614	EndingDetails_LoopFog		new-hint	FE_GBA_Function_Library
0x080BC0F4	0x080B7648	TurnRecord_Init		new-hint	FE_GBA_Function_Library
0x080BC1B8	0x080B770C	TurnRecord_SetupText		new-hint	FE_GBA_Function_Library
0x080BC2A4	0x080B7800	HandleTurnRecordText		new-hint	FE_GBA_Function_Library
0x080BC590	0x080B7B30	TurnRecord_Loop_Main		new-hint	FE_GBA_Function_Library
0x080BC638	0x080B7BD8	EndingDetails_PutSprites		new-hint	FE_GBA_Function_Library
0x080BCA74	-			new-hint	FE_GBA_Function_Library
0x080BCCF0	-			new-hint	FE_GBA_Function_Library
0x080BCD2C	-			new-hint	FE_GBA_Function_Library
0x080BCD5C	-			new-hint	FE_GBA_Function_Library
0x080BCD74	-			new-hint	FE_GBA_Function_Library
0x080BCE68	-			new-hint	FE_GBA_Function_Library
0x080BCE94	0x080B29D4	ClassReel_FadeOutBGM		new-hint	FE_GBA_Function_Library
0x080BCEA0	0x08009D6C	GameControlHandlePostNormalOrExtraChapter		new-hint	FE_GBA_Function_Library
0x080BCECC	0x080B8014	TurnRecord_SetupGfx		new-hint	FE_GBA_Function_Library
0x080BD020	0x080B8168	TurnRecord_End		new-hint	FE_GBA_Function_Library
0x080BD02C	0x080B7598	StartFinScreen	loadFireRing	new-hint	FE_GBA_Function_Library
0x080BD040	0x080B8174	StartEndingTurnRecordScreen		new-hint	FE_GBA_Function_Library
0x080BD05C	0x080B8190	EndingDetails_DimPalette		new-hint	FE_GBA_Function_Library
0x080BD0CC	0x080B8200	EndingDetails_FadeOutBgm		new-hint	FE_GBA_Function_Library
0x080BD0D8	0x080B820C	WorldMapFaceHolder_Init		funcmap-agree	FE_GBA_Function_Library
0x080BD108	0x080B823C	WMFaceCtrl_Init		new-hint	FE_GBA_Function_Library
0x080BD138	0x080B826C	GetWMFaceTileXAndScroll		funcmap-agree	FE_GBA_Function_Library
0x080BD158	0x080B828C	GetWMFaceBg		funcmap-agree	FE_GBA_Function_Library
0x080BD174	0x080B82A8	GetWMFaceVramOffset		funcmap-agree	FE_GBA_Function_Library
0x080BD194	0x080B82C8	PutWMFaceOnBg		new-hint	FE_GBA_Function_Library
0x080BD218	0x080B8350	HandleWMFaceFade		new-hint	FE_GBA_Function_Library
0x080BD304	0x080B843C	WMFaceCtrl_LoopExt		new-hint	FE_GBA_Function_Library
0x080BD4F8	0x080B8630	WMFaceCtrl_Loop		new-hint	FE_GBA_Function_Library
0x080BD548	0x080B8680	StartWMFaceCtrl		new-hint	FE_GBA_Function_Library
0x080BD55C	0x080B8694	EndWMFaceCtrl		new-hint	FE_GBA_Function_Library
0x080BD56C	0x080B86A4	GetWMFaceBlendAmt		new-hint	FE_GBA_Function_Library
0x080BD594	0x080B86CC	WmDrawFace		new-hint	FE_GBA_Function_Library
0x080BD70C	0x080B8844	WmClearFace		new-hint	FE_GBA_Function_Library
0x080BD824	0x080B895C	HideWmFace		new-hint	FE_GBA_Function_Library
0x080BD8E0	0x080B8A18	WorldMap_Destruct	GM_OnEnd	new-hint	FE_GBA_Function_Library
0x080BD944	0x080B8A7C	WorldMap_StartMuWalkScroll		new-hint	FE_GBA_Function_Library
0x080BDA04	0x080B8B3C	WorldMap_WaitMuWalkScroll		new-hint	FE_GBA_Function_Library
0x080BDA28	0x080B8B60	WorldMap_IsMonsterAtUnclearedNode		funcmap-agree	FE_GBA_Function_Library
0x080BDA6C	0x080B8BA4	WorldMap_MuWalkLoop		new-hint	FE_GBA_Function_Library
0x080BDC24	0x080B8D5C	SetupGraphicSystemsForWorldMap	InitGraphicSystemsForWorldMap	new-hint	FE_GBA_Function_Library
0x080BDCDC	0x080B8E14	SetupGmapNodeGfx		new-hint	FE_GBA_Function_Library
0x080BDD28	0x080B8E60	WorldMap_SetupBgGfx		new-hint	FE_GBA_Function_Library
0x080BDE6C	0x080B8FA4	DeployEveryUnit	DeployAllBlueUnits	new-hint	FE_GBA_Function_Library
0x080BDE9C	0x080B8FD4	WorldMap_SetInitialState	GM_80B8FD4	funcmap-agree	FE_GBA_Function_Library
0x080BDEB4	0x080B8FEC	WorldMap_SetNextNodeIcon		new-hint	FE_GBA_Function_Library
0x080BDEF0	0x080B9028	WorldMap_ShowMapUnits		new-hint	FE_GBA_Function_Library
0x080BDF94	0x080B90CC	WorldMap_ResetMapUnits		new-hint	FE_GBA_Function_Library
0x080BDFDC	0x080B9114	WorldMap_SetMergedNodeIcon		funcmap-agree	FE_GBA_Function_Library
0x080BE01C	0x080B9154	WorldMap_Init	GM_80B9154	new-hint	FE_GBA_Function_Library
0x080BE0E0	0x080B9218	WmMain_MoveCamera		funcmap-agree	FE_GBA_Function_Library
0x080BE198	0x080B92D0	WorldMap_HandleNodeConfirm		new-hint	FE_GBA_Function_Library
0x080BE2A8	0x080B93E0	WmMain_MoveCursor		new-hint	FE_GBA_Function_Library
0x080BE3F8	0x080B955C	WorldMap_FindNextSelectableNode		new-hint	FE_GBA_Function_Library
0x080BE44C	0x080B95B0	WorldMap_FindNearestNode		new-hint	FE_GBA_Function_Library
0x080BE4B8	0x080B961C	WorldMap_JumpCursorToNode		new-hint	FE_GBA_Function_Library
0x080BE578	0x080B96DC	WorldMap_WaitCursorJump		new-hint	FE_GBA_Function_Library
0x080BE594	0x080B96F8	WorldMap_LoopExt		new-hint	FE_GBA_Function_Library
0x080BE694	0x080B97F8	WorldMap_EnableUnitSprites		new-hint	FE_GBA_Function_Library
0x080BE6A0	0x080B9804	WorldMap_Loop		funcmap-agree	FE_GBA_Function_Library
0x080BE6AC	0x080B9810	WorldMap_TeardownForSubscreen		new-hint	FE_GBA_Function_Library
0x080BE6BC	0x080B9820	WorldMap_StartUnitList		new-hint	FE_GBA_Function_Library
0x080BE6C8	0x080B982C	WorldMap_RestoreDisplay		new-hint	FE_GBA_Function_Library
0x080BE718	0x080B987C	WorldMap_CallGuide		new-hint	FE_GBA_Function_Library
0x080BE738	0x080B989C	WorldMap_ResumeFromGuide		new-hint	FE_GBA_Function_Library
0x080BE744	0x080B98A8	WorldMap_RestoreDisplayAfterGuide		new-hint	FE_GBA_Function_Library
0x080BE794	0x080B98F8	WorldMap_StartConfigScreen		new-hint	FE_GBA_Function_Library
0x080BE7B4	0x080B9918	WorldMap_ResumeFromConfigScreen		new-hint	FE_GBA_Function_Library
0x080BE7C0	0x080B9924	WorldMap_RestoreDisplayAfterConfig		new-hint	FE_GBA_Function_Library
0x080BE810	0x080B9974	StartWorldmapStatusScreen		new-hint	FE_GBA_Function_Library
0x080BE830	0x080B9994	WorldMap_ResumeFromStatusScreen		new-hint	FE_GBA_Function_Library
0x080BE83C	0x080B99A0	WorldMap_RestoreDisplayAfterStatus		new-hint	FE_GBA_Function_Library
0x080BE88C	0x080B99F0	WorldMap_ShowEverything		new-hint	FE_GBA_Function_Library
0x080BE8AC	0x080B9A10	WorldMap_HideEverything	WorldMap_HideEverything	new-hint	FE_GBA_Function_Library
0x080BE8D0	0x080B9A34	WorldMap_FadeInOnTimerFlag		new-hint	FE_GBA_Function_Library
0x080BE8F4	0x080B9A58	WorldMap_StartSkirmishAnim		new-hint	FE_GBA_Function_Library
0x080BE930	0x080B9A94	Worldmap_WaitForSkirmishAnim		new-hint	FE_GBA_Function_Library
0x080BE94C	0x080B9AB0	WorldMap_EndSkirmishDisplay		new-hint	FE_GBA_Function_Library
0x080BE988	0x080B9AEC	WorldMap_RemoveMergedSkirmishUnits		new-hint	FE_GBA_Function_Library
0x080BE9D4	0x080B9B38	WorldMap_CallIntroEvent	WorldMap_InitChapterTransition	new-hint	FE_GBA_Function_Library
0x080BEA40	0x080B9BA4	WorldMap_PostBeginningEvent		new-hint	FE_GBA_Function_Library
0x080BEB4C	0x080B9CB0	WorldMap_WaitForChapterIntroEvents	WorldMap_WaitForChapterIntroEvents	new-hint	FE_GBA_Function_Library
0x080BEBA0	0x080B9D04	WorldMap_SetMonsterMergedState		funcmap-agree	FE_GBA_Function_Library
0x080BEBB0	0x080B9D14	WorldMap_GenerateRandomMonsters		new-hint	FE_GBA_Function_Library
0x080BEC4C	0x080B9DB8	_WmMergeMonsters		new-hint	FE_GBA_Function_Library
0x080BEC58	0x080B9DC4	WorldMap_WaitMonsterMerging		new-hint	FE_GBA_Function_Library
0x080BEC74	0x080B9DE0	Worlmap_StartGmapSogu		new-hint	FE_GBA_Function_Library
0x080BECD4	0x080B9E40	Worlmap_WaitGmapSogu		new-hint	FE_GBA_Function_Library
0x080BECF8	0x080B9E64	WorldMap_HideFaceAndCenterCamera		new-hint	FE_GBA_Function_Library
0x080BED38	0x080B9EA4	ResetWorldMapScreen		new-hint	FE_GBA_Function_Library
0x080BED9C	0x080B9F08	NULL_WorldmapMain_0	DoNothing	new-hint	FE_GBA_Function_Library
0x080BEDA8	0x080B9F14	WorldMap_StartArmory		new-hint	FE_GBA_Function_Library
0x080BEDB8	0x080B9F24	WorldMap_StartVendor		new-hint	FE_GBA_Function_Library
0x080BEDC8	0x080B9F34	WorldMap_StartSecretShop		new-hint	FE_GBA_Function_Library
0x080BEDD8	0x080B9F44	WorldMap_StartManageItems		new-hint	FE_GBA_Function_Library
0x080BEDE8	0x080B9F54	WorldMap_UpdateBgm		new-hint	FE_GBA_Function_Library
0x080BEE54	0x080B9FC0	UpdateWorldMapBgm		new-hint	FE_GBA_Function_Library
0x080BEE68	0x080B9FD4	WorldMap_PrepareSaveMenu		new-hint	FE_GBA_Function_Library
0x080BEE9C	0x080BA008	WorldMap_RestartWithTimer		new-hint	FE_GBA_Function_Library
0x080BEEB8	0x080BA024	EndWM	EndWM	new-hint	FE_GBA_Function_Library
0x080BEEE8	0x080BA054	WM_Exists	DoesTCSWrapperExist	new-hint	FE_GBA_Function_Library
0x080BEF00	0x080BA06C	WorldMap_MergeFace_Loop		new-hint	FE_GBA_Function_Library
0x080BEF48	0x080BA0B4	WmMergeFace		new-hint	FE_GBA_Function_Library
0x080BEF94	0x080BA100	WorldMap_FadeMapSpritePalOut_Loop		new-hint	FE_GBA_Function_Library
0x080BF02C	0x080BA288	WorldMap_StartFadeMapSpritePalIn		new-hint	FE_GBA_Function_Library
0x080BF088	0x080BA1F4	WorldMap_FadeMapSpritePalIn_Loop		new-hint	FE_GBA_Function_Library
0x080BF11C	0x080BA198	WorldMap_StartFadeMapSpritePalOut		new-hint	FE_GBA_Function_Library
0x080BF178	0x080BA2E4	NewWorldMap	GM_Start	new-hint	FE_GBA_Function_Library
0x080BF1C8	0x080BA334	WorldMap_CallBeginningEvent	GM_SetupChapterStuff	new-hint	FE_GBA_Function_Library
0x080BF268	0x080BA3D4	CallChapterWMIntroEvents	GM_CallChapterWMIntroEvent	new-hint	FE_GBA_Function_Library
0x080BF2F0	0x080BA458	GMapScreen_FillBg3TileIndices		funcmap-agree	FE_GBA_Function_Library
0x080BF328	0x080BA490	GMapScreen_LoadTileGfx		new-hint	FE_GBA_Function_Library
0x080BF368	0x080BA4D0	GMapScreen_ApplyTilePalettes		new-hint	FE_GBA_Function_Library
0x080BF4B4	0x080BA61C	GMScreenVSync_Init		funcmap-agree	FE_GBA_Function_Library
0x080BF4C0	0x080BA628	GMScreenVSync_Loop		new-hint	FE_GBA_Function_Library
0x080BF578	0x080BA6DC	GMapScreenVSync_AddCopyRequest		funcmap-agree	FE_GBA_Function_Library
0x080BF5B4	0x080BA718	NewMapScreenVSync	StartGMapScreenVSync	new-hint	FE_GBA_Function_Library
0x080BF5F4	0x080BA758	MapScreen_OnDelete	GMapScreen_OnEnd	new-hint	FE_GBA_Function_Library
0x080BF600	0x080BA764	MapScreen_Init	GMapScreen_Init	new-hint	FE_GBA_Function_Library
0x080BF6B4	0x080BA818	GMapScreenVSync_RequestFullCopy		new-hint	FE_GBA_Function_Library
0x080BF73C	0x080BA8A0	GMapScreen_UpdateScroll		new-hint	FE_GBA_Function_Library
0x080BF950	0x080BAB00	GMapScreen_ResetState		new-hint	FE_GBA_Function_Library
0x080BF95C	0x080BAB0C	GMapScreen_Loop		new-hint	FE_GBA_Function_Library
0x080BFA40	0x080BABF0	NewMapScreen	StartGMapScreen	new-hint	FE_GBA_Function_Library
0x080BFA6C	0x080BAC1C	MMS_GetGfx	MMS_GetGfx	funcmap-agree	FE_GBA_Function_Library
0x080BFA80	0x080BAC30	MMS_GetROMTCS2	MMS_GetROMTCS2	new-hint	FE_GBA_Function_Library
0x080BFA94	0x080BAC44	GetMapUnitMMSGfxBuffer	GetMapUnitMMSGfxBuffer	funcmap-agree	FE_GBA_Function_Library
0x080BFAA8	0x080BAC58	GmapUnit_Destruct	GmapUnit_Destruct	new-hint	FE_GBA_Function_Library
0x080BFAB4	0x080BAC64	GmapUnit_Init	GmapUnit_Init	funcmap-agree	FE_GBA_Function_Library
0x080BFAC8	0x080BAC78	GmapUnit_Loop	GmapUnit_Loop	new-hint	FE_GBA_Function_Library
0x080BFC04	0x080BADD4	GetPaletteIdForAllegience	GetPaletteIdForAllegience	funcmap-agree	FE_GBA_Function_Library
0x080BFC20	0x080BADF0	NewMapUnit	NewMapUnit	new-hint	FE_GBA_Function_Library
0x080BFD3C	0x080BAF0C	MapUnitC_DeleteGmapUnit	MapUnitC_DeleteGmapUnit	new-hint	FE_GBA_Function_Library
0x080BFD64	0x080BAF34	MapUnitC_SetPosition	MapUnitC_SetPosition	funcmap-agree	FE_GBA_Function_Library
0x080BFD74	0x080BAF44	MapUnitC_GetPosition		funcmap-agree	FE_GBA_Function_Library
0x080BFD88	0x080BAF58	MapUnitC_AddToPosition		funcmap-agree	FE_GBA_Function_Library
0x080BFDA0	0x080BAF70	MapUnitC_GetAnimId		funcmap-agree	FE_GBA_Function_Library
0x080BFDB4	0x080BAF84	MapUnitC_SetAnimId	MapUnitC_SetTCSAnim	new-hint	FE_GBA_Function_Library
0x080BFDD4	0x080BAFA4	MapUnitC_SetDisplayEnabled		new-hint	FE_GBA_Function_Library
0x080BFDFC	0x080BAFCC	MapUnitC_IsBlendEnabled		funcmap-agree	FE_GBA_Function_Library
0x080BFE10	0x080BAFE0	MapUnitC_SetBlendEnabled		new-hint	FE_GBA_Function_Library
0x080BFE38	0x080BB008	MapUnitC_GetLayer		funcmap-agree	FE_GBA_Function_Library
0x080BFE48	0x080BB018	MapUnitC_SetLayer	MapUnitC_SetTCSOAMIndex	funcmap-agree	FE_GBA_Function_Library
0x080BFE58	0x080BB028	MapUnitC_GetFaction		funcmap-agree	FE_GBA_Function_Library
0x080BFE68	0x080BB038	MapUnitC_SetFaction	MapUnitC_SetAllegienceColorIndex	funcmap-agree	FE_GBA_Function_Library
0x080BFEA8	0x080BB078	MapUnitC_SetPalette		funcmap-agree	FE_GBA_Function_Library
0x080BFED4	0x080BB0A4	MapUnitC_SetGfxNeedsUpdate	MapUnitC_MarkSomething	funcmap-agree	FE_GBA_Function_Library
0x080BFF10	0x080BB0E0	MapUnitC_SetDisplayedClass		new-hint	FE_GBA_Function_Library
0x080BFFB8	0x080BB188	MapUnitC_GetInitialClass		funcmap-agree	FE_GBA_Function_Library
0x080BFFC4	0x080BB194	MapUnitC_GetDisplayedClass		funcmap-agree	FE_GBA_Function_Library
0x080BFFD0	0x080BB1A0	GmapUnitContainer_Destruct	GmapUnitContainer_Destruct	new-hint	FE_GBA_Function_Library
0x080BFFF8	0x080BB1C8	GmapUnitContainer_Init	GmapUnitContainer_Init	new-hint	FE_GBA_Function_Library
0x080C0018	0x080BB1E8	NewGmapUnitContainer	NewGmapUnitContainer	new-hint	FE_GBA_Function_Library
0x080C003C	0x080BB20C	GmapUnitFade_Destruct	GmapUnitFade_Destruct	new-hint	FE_GBA_Function_Library
0x080C009C	0x080BB26C	GmapUnitFade_InterpolateColor		new-hint	FE_GBA_Function_Library
0x080C0178	0x080BB348	GmapUnitFade_Loop	GmapUnitFade_Loop	new-hint	FE_GBA_Function_Library
0x080C0218	0x080BB3E8	StartGmapUnitFade		new-hint	FE_GBA_Function_Library
0x080C02AC	0x080BB47C	EndGmapUnitFade		new-hint	FE_GBA_Function_Library
0x080C02BC	0x080BB48C	GetGmapUnitFade		new-hint	FE_GBA_Function_Library
0x080C02CC	0x080BB49C	GmapUnitFade_AddUnit		funcmap-agree	FE_GBA_Function_Library
0x080C02F0	0x080BB4C0	StartGmapUnitFadeIn		new-hint	FE_GBA_Function_Library
0x080C0368	0x080BB538	StartGmapUnitFadeOut		new-hint	FE_GBA_Function_Library
0x080C03E0	0x080BB5B0	WMLoc_GetChapterId	WMLocation_GetChapterId	funcmap-agree	FE_GBA_Function_Library
0x080C0414	0x080BB5E4	WMLoc_GetNextLocId	WMLoc_GetNextLocId	new-hint	FE_GBA_Function_Library
0x080C0458	0x080BB628	GetNodeAtPosition		funcmap-agree	FE_GBA_Function_Library
0x080C052C	0x080BB6FC	SkipGmNodeIconDisplay		funcmap-agree	FE_GBA_Function_Library
0x080C0538	0x080BB708	UnskipGmNodeIconDisplay		funcmap-agree	FE_GBA_Function_Library
0x080C0548	0x080BB718	GmapScreen2_Destruct	GmapScreen2_Destruct	new-hint	FE_GBA_Function_Library
0x080C0554	0x080BB724	GmapScreen2_Init	GmapScreen2_Init	funcmap-agree	FE_GBA_Function_Library
0x080C0574	0x080BB744	GmapScreen2_GetNodeScreenPos		new-hint	FE_GBA_Function_Library
0x080C05C8	0x080BB798	GmapScreen2_Loop	GmapScreen2_Loop	new-hint	FE_GBA_Function_Library
0x080C07E8	0x080BB9A4	StartGmNodeIconDisplay		new-hint	FE_GBA_Function_Library
0x080C086C	0x080BBA28	GetWorldMapNodeName		new-hint	FE_GBA_Function_Library
0x080C0890	0x080BBA4C	GetWorldMapNodeIdByOrder		funcmap-agree	FE_GBA_Function_Library
0x080C08C8	0x080BBA84	GmapCursor_Init	GmapCursor_Init	new-hint	FE_GBA_Function_Library
0x080C0918	0x080BBAD4	GmapCursor_Loop	GmapCursor_Destruct	new-hint	FE_GBA_Function_Library
0x080C0A08	0x080BBBC4	NewGmapCursor	NewGmapCursor	new-hint	FE_GBA_Function_Library
0x080C0A38	0x080BBBF4	MapRoute_RenderPathGfx		funcmap-agree	FE_GBA_Function_Library
0x080C0A98	0x080BBC54	MapRoute_RenderOpenPaths		new-hint	FE_GBA_Function_Library
0x080C0B0C	0x080BBCC8	MapRoute_BlitFullWindow		new-hint	FE_GBA_Function_Library
0x080C0BE8	0x080BBDA4	MapRoute_BlitScrollEdge		new-hint	FE_GBA_Function_Library
0x080C0CFC	0x080BBEB8	MapRoute_Init		new-hint	FE_GBA_Function_Library
0x080C0D60	0x080BBF1C	MapRoute_OffsetTileIndices		funcmap-agree	FE_GBA_Function_Library
0x080C0DA4	0x080BBF60	MapRoute_Loop		new-hint	FE_GBA_Function_Library
0x080C0F00	0x080BC0BC	MapRoute_StartTransition	GMapRoute_StartTransition	new-hint	FE_GBA_Function_Library
0x080C0F38	0x080BC0F4	MapRoute_PrepareTransition		new-hint	FE_GBA_Function_Library
0x080C0FC8	0x080BC184	MapRoute_EnableBGSyncs	GMapRoute_EnableBGSyncs	new-hint	FE_GBA_Function_Library
0x080C0FFC	0x080BC1B8	MapRoute_TransitionLoop	GMapRoute_TransitionLoop	new-hint	FE_GBA_Function_Library
0x080C106C	0x080BC228	MapRoute_TransitionEnd	GMapRoute_TransitionEnd	new-hint	FE_GBA_Function_Library
0x080C10E0	0x080BC29C	MapRoute_BeginRouteTransition	MapRoute_BeginRouteTransition	new-hint	FE_GBA_Function_Library
0x080C1120	0x080BC2DC	MapRoute_0	GMapRoute_80BC2DC	new-hint	FE_GBA_Function_Library
0x080C11E8	0x080BC3A4	StartGMapRoute	StartGMapRoute	new-hint	FE_GBA_Function_Library
0x080C1218	0x080BC3D4	GetGmPathWaypointCount		funcmap-agree	FE_GBA_Function_Library
0x080C1248	0x080BC404	MapRoute_ClearBg		new-hint	FE_GBA_Function_Library
0x080C126C	0x080BC428	WorldMap_ResetTextCursors		new-hint	FE_GBA_Function_Library
0x080C1298	0x080BC454	StartWMGeneralMenu		new-hint	FE_GBA_Function_Library
0x080C12D4	0x080BC490	WMGeneralMenu_OnInit		new-hint	FE_GBA_Function_Library
0x080C12E4	0x080BC4A0	WMGeneralMenu_OnEnd		new-hint	FE_GBA_Function_Library
0x080C12F0	0x080BC4AC	WMGeneralMenu_OnCancel		new-hint	FE_GBA_Function_Library
0x080C1308	0x080BC4C4	WMMenu_OnUnitSelected		new-hint	FE_GBA_Function_Library
0x080C1320	0x080BC4DC	WMMenu_OnStatusSelected		new-hint	FE_GBA_Function_Library
0x080C1338	0x080BC4F4	WMMenu_OnGuideDraw		new-hint	FE_GBA_Function_Library
0x080C13AC	0x080BC56C	WMMenu_OnGuideSelected		new-hint	FE_GBA_Function_Library
0x080C13C4	0x080BC584	WMMenu_OnOptionsSelected		new-hint	FE_GBA_Function_Library
0x080C13DC	0x080BC59C	WMMenu_OnSaveSelected		new-hint	FE_GBA_Function_Library
0x080C13F4	0x080BC5B4	StartWMNodeMenu		new-hint	FE_GBA_Function_Library
0x080C1474	0x080BC634	WMNodeMenu_OnInit		new-hint	FE_GBA_Function_Library
0x080C1484	0x080BC644	WMNodeMenu_OnEnd		new-hint	FE_GBA_Function_Library
0x080C1490	0x080BC650	WMNodeMenu_OnCancel		new-hint	FE_GBA_Function_Library
0x080C14B4	0x080BC674	WMMenu_IsArmoryAvailable		funcmap-agree	FE_GBA_Function_Library
0x080C14EC	0x080BC6AC	WMMenu_IsVendorAvailable		funcmap-agree	FE_GBA_Function_Library
0x080C1524	0x080BC6E4	WMMenu_IsSecretShopAvailable		funcmap-agree	FE_GBA_Function_Library
0x080C156C	0x080BC72C	WMMenu_IsNodeUnclearedAvailable		funcmap-agree	FE_GBA_Function_Library
0x080C1594	0x080BC754	WMMenu_IsNodeClearedAvailable		funcmap-agree	FE_GBA_Function_Library
0x080C15BC	0x080BC77C	WMMenu_OnArmorySelected		new-hint	FE_GBA_Function_Library
0x080C15E4	0x080BC7A4	WMMenu_OnVendorSelected		new-hint	FE_GBA_Function_Library
0x080C160C	0x080BC7CC	WMMenu_OnSecretShopSelected		new-hint	FE_GBA_Function_Library
0x080C1634	0x080BC7F4	WMMenu_OnManageItemsSelected		new-hint	FE_GBA_Function_Library
0x080C165C	0x080BC81C	GmDataInit		new-hint	FE_GBA_Function_Library
0x080C16D8	0x080BC898	GmPathsInit		funcmap-agree	FE_GBA_Function_Library
0x080C16FC	0x080BC8BC	AddGmPath	SetupNewWMRoute	funcmap-agree	FE_GBA_Function_Library
0x080C172C	0x080BC8EC	RemoveGmPath	WM_RemovePath	funcmap-agree	FE_GBA_Function_Library
0x080C17B0	0x080BC970	RefreshGmNodeLinksExt		new-hint	FE_GBA_Function_Library
0x080C184C	0x080BCA0C	RefreshGmNodeLinks		funcmap-agree	FE_GBA_Function_Library
0x080C185C	0x080BCA1C	GetGmSkirmishUnitAtNode		funcmap-agree	FE_GBA_Function_Library
0x080C1894	0x080BCA54	GmBuildSkirmishNodeList		funcmap-agree	FE_GBA_Function_Library
0x080C18D0	0x080BCA90	GmIsNodeInList		funcmap-agree	FE_GBA_Function_Library
0x080C18F8	0x080BCAB8	GmFindPathRecursive		new-hint	FE_GBA_Function_Library
0x080C19D4	0x080BCBAC	GmFindPathThroughBlockedRecursive		new-hint	FE_GBA_Function_Library
0x080C1B20	0x080BCCFC	GmFindPath		new-hint	FE_GBA_Function_Library
0x080C1BFC	0x080BCDE4	GetGmPathBetweenNodes		funcmap-agree	FE_GBA_Function_Library
0x080C1C4C	0x080BCE34	BuildGmPathSplineData		new-hint	FE_GBA_Function_Library
0x080C1DC0	0x080BCFB4	ResetGmStoryNode		funcmap-agree	FE_GBA_Function_Library
0x080C1DE8	0x080BCFDC	GetPlayChapterId		new-hint	FE_GBA_Function_Library
0x080C1E20	0x080BD014	GetNextUnclearedNode		funcmap-agree	FE_GBA_Function_Library
0x080C1E54	0x080BD048	GetNextUnclearedChapter		new-hint	FE_GBA_Function_Library
0x080C1E74	0x080BD068	GetBattleMapKind	GetBattleMapType	new-hint	FE_GBA_Function_Library
0x080C2018	0x080BD20C	GetGmUnitFaction		funcmap-agree	FE_GBA_Function_Library
0x080C2030	0x080BD224	GetChapterIndexOnWmNode		new-hint	FE_GBA_Function_Library
0x080C206C	0x080BD260	GetGmRNState		new-hint	FE_GBA_Function_Library
0x080C207C	0x080BD270	SetGmRNState		new-hint	FE_GBA_Function_Library
0x080C2090	0x080BD284	GetGmPathSearchResult		funcmap-agree	FE_GBA_Function_Library
0x080C2098	0x080BD28C	GetGmPathNode		funcmap-agree	FE_GBA_Function_Library
0x080C20A8	0x080BD29C	GetGmPathLength		funcmap-agree	FE_GBA_Function_Library
0x080C20B8	0x080BD2AC	GetCharacterClassId	GetCharacterClassId	new-hint	FE_GBA_Function_Library
0x080C20F8	0x080BD2EC	MapMUPrim_MakeUnitForChar	MapMUPrim_MakeUnitForChar	new-hint	FE_GBA_Function_Library
0x080C2180	0x080BD374	MapMUPrim_MakeUnitForClass	MapMUPrim_MakeUnitForClass	new-hint	FE_GBA_Function_Library
0x080C21F4	0x080BD3E8	MapMUPrim_RemoveLinkedMapUnit	MapMUPrim_RemoveLinkedMapUnit	new-hint	FE_GBA_Function_Library
0x080C221C	0x080BD410	GmMuPrim_OnInit		funcmap-agree	FE_GBA_Function_Library
0x080C2228	0x080BD41C	GmMuPrim_CalcMoveDuration		new-hint	FE_GBA_Function_Library
0x080C2250	0x080BD444	GmMuPrim_0		new-hint	FE_GBA_Function_Library
0x080C23C4	0x080BD5B8	GmMuPrim_TrackMovementDelta		new-hint	FE_GBA_Function_Library
0x080C246C	0x080BD660	GmMuPrim_GetFacingFromAngle		funcmap-agree	FE_GBA_Function_Library
0x080C24B4	0x080BD6A8	GmMuPrim_GetMovementFacing		new-hint	FE_GBA_Function_Library
0x080C252C	0x080BD740	GmMuPrim_UpdateMovement		new-hint	FE_GBA_Function_Library
0x080C261C	0x080BD830	GmMuPrim_1		new-hint	FE_GBA_Function_Library
0x080C27C4	0x080BD9D8	GmMuPrim_2		new-hint	FE_GBA_Function_Library
0x080C2864	0x080BDA78	GmMuPrim_3		new-hint	FE_GBA_Function_Library
0x080C29EC	0x080BDC04	GmMu_OnInit	MapMU_FillPrim	new-hint	FE_GBA_Function_Library
0x080C2A10	0x080BDC28	StartGmMu	NewMapMU	new-hint	FE_GBA_Function_Library
0x080C2A24	0x080BDC3C	GmMu_SetUnit	MapMU_SetUnit	new-hint	FE_GBA_Function_Library
0x080C2B14	0x080BDD2C	GmMu_RemoveUnit	MapMU_RemoveUnit	new-hint	FE_GBA_Function_Library
0x080C2B7C	0x080BDD94	GmMu_RemoveLinkedUnits		new-hint	FE_GBA_Function_Library
0x080C2BAC	0x080BDDC4	GmShowMuUnit		new-hint	FE_GBA_Function_Library
0x080C2C24	0x080BDE3C	GmHideMuUnit		new-hint	FE_GBA_Function_Library
0x080C2C9C	0x080BDEB4	GmMu_StartMoveBetweenNodes		new-hint	FE_GBA_Function_Library
0x080C2D8C	0x080BDFA4	GmMu_StartMoveToPosition		new-hint	FE_GBA_Function_Library
0x080C2E3C	0x080BE054	GmMu_PauseMovement		funcmap-agree	FE_GBA_Function_Library
0x080C2E50	0x080BE068	GmMu_ResumeMovement		funcmap-agree	FE_GBA_Function_Library
0x080C2E8C	0x080BE0A4	GmMu_GetRawPosition		new-hint	FE_GBA_Function_Library
0x080C2EB0	0x080BE0C8	GmMu_GetSpriteLayer		new-hint	FE_GBA_Function_Library
0x080C2ED0	0x080BE0E8	GmMu_SetSpriteLayer	MapMU_SetUnitTCSOAMIndex	new-hint	FE_GBA_Function_Library
0x080C2EF0	0x080BE108	GmMu_0	MapMU_80BE108	new-hint	FE_GBA_Function_Library
0x080C2F14	0x080BE12C	GmMu_IsMoving		funcmap-agree	FE_GBA_Function_Library
0x080C2F7C	0x080BE194	GmMuPrim_FinishMovement		new-hint	FE_GBA_Function_Library
0x080C3118	0x080BE330	GmMu_FinishMovement		funcmap-agree	FE_GBA_Function_Library
0x080C318C	0x080BE3A0	GmMu_GetPosition		new-hint	FE_GBA_Function_Library
0x080C31B4	0x080BE3C8	GmMu_SetNode		new-hint	FE_GBA_Function_Library
0x080C31D4	0x080BE3E8	GmMu_SetFastForwardEnabled		new-hint	FE_GBA_Function_Library
0x080C31F8	0x080BE40C	GmMu_StartFadeIn		new-hint	FE_GBA_Function_Library
0x080C3218	0x080BE42C	GmMu_StartFadeOut		new-hint	FE_GBA_Function_Library
0x080C3238	0x080BE44C	GmUnitFadeExists		new-hint	FE_GBA_Function_Library
0x080C3248	0x080BE45C	GmMuPrim_PlayStepSfx		new-hint	FE_GBA_Function_Library
0x080C3320	0x080BE534	MapMU_SetUnitClass	MapMU_SetUnitClass	new-hint	FE_GBA_Function_Library
0x080C333C	0x080BE550	MapMU_SetUnitChar	MapMU_SetUnitChar	new-hint	FE_GBA_Function_Library
0x080C3358	0x080BE56C	InitGMapPI		new-hint	FE_GBA_Function_Library
0x080C3380	0x080BE594	GetGMapPIQuadrantFromOffsets		new-hint	FE_GBA_Function_Library
0x080C33A0	0x080BE5B4	ApplyGMapPIMinimapUnitPalette		new-hint	FE_GBA_Function_Library
0x080C33E4	0x080BE5F8	PutGMapPILevelDigits		new-hint	FE_GBA_Function_Library
0x080C3424	0x080BE638	UpdateGMapPILevelDigits		new-hint	FE_GBA_Function_Library
0x080C3448	0x080BE65C	DrawGMapPIPanelAtHeight		new-hint	FE_GBA_Function_Library
0x080C3618	0x080BE82C	ClearGMapPIPanel		new-hint	FE_GBA_Function_Library
0x080C36D4	0x080BE8E8	PutGMapPINodeName		new-hint	FE_GBA_Function_Library
0x080C3704	0x080BE918	PutGMapPICharName		new-hint	FE_GBA_Function_Library
0x080C3744	0x080BE958	PutGMapPIFace		new-hint	FE_GBA_Function_Library
0x080C378C	0x080BE9A0	PutGMapPIClassName		new-hint	FE_GBA_Function_Library
0x080C37C4	0x080BE9D8	PutGMapPIShopIcons		funcmap-agree	FE_GBA_Function_Library
0x080C3864	0x080BEA78	PutGMapPILevelNumber		new-hint	FE_GBA_Function_Library
0x080C3918	0x080BEB2C	DrawGMapPIPanelContents		new-hint	FE_GBA_Function_Library
0x080C39C0	0x080BEBD4	GMapPI_ShowInit		new-hint	FE_GBA_Function_Library
0x080C3A44	0x080BEC58	GMapPI_ShowLoop		new-hint	FE_GBA_Function_Library
0x080C3AA4	0x080BECB8	GMapPI_TrackCursorLoop		new-hint	FE_GBA_Function_Library
0x080C3BB8	0x080BEDCC	GMapPI_RequestHide		funcmap-agree	FE_GBA_Function_Library
0x080C3BC0	0x080BEDD4	GMapPI_HideLoop		new-hint	FE_GBA_Function_Library
0x080C3C34	0x080BEE48	GMapPI_GetGMapUnitIndexAndFaction		new-hint	FE_GBA_Function_Library
0x080C3C88	0x080BEE9C	InitGMapPIInterfaceKind		funcmap-agree	FE_GBA_Function_Library
0x080C3D0C	0x080BEF20	RedrawGMapPIForNode		funcmap-agree	FE_GBA_Function_Library
0x080C3D58	0x080BEF6C	GMapPI_WaitForNodeLoop		new-hint	FE_GBA_Function_Library
0x080C3DA4	0x080BEFB8	GMapPI_Init		new-hint	FE_GBA_Function_Library
0x080C3E34	0x080BF048	StartWorldMapPlayerInterface		new-hint	FE_GBA_Function_Library
0x080C3F28	0x080BF13C	StartGMapPlayerInterface		new-hint	FE_GBA_Function_Library
0x080C3F48	0x080BF15C	EndGMapPlayerInterface		new-hint	FE_GBA_Function_Library
0x080C3F6C	0x080BF180	GmMoveCursor_OnEnd		funcmap-agree	FE_GBA_Function_Library
0x080C3F84	0x080BF198	GmMoveCursor_OnLoop		new-hint	FE_GBA_Function_Library
0x080C3FFC	0x080BF210	StartGmMoveCursor		new-hint	FE_GBA_Function_Library
0x080C4080	0x080BF294	GmMoveCursorExists		new-hint	FE_GBA_Function_Library
0x080C4098	0x080BF2AC	GmScrollManage_OnEnd		funcmap-agree	FE_GBA_Function_Library
0x080C40C4	0x080BF2D8	GmScrollManage_OnLoop		new-hint	FE_GBA_Function_Library
0x080C415C	0x080BF370	StartGmScrollManage		new-hint	FE_GBA_Function_Library
0x080C41E0	0x080BF3F4	GmScrollManageExist		new-hint	FE_GBA_Function_Library
0x080C4274	0x080BF490	CheckGmScrolling		new-hint	FE_GBA_Function_Library
0x080C428C	0x080BF4A8	EndGmScroll		new-hint	FE_GBA_Function_Library
0x080C42B4	0x080BF4D0	SetGmClassUnit	WM_PutClassSprite	new-hint	FE_GBA_Function_Library
0x080C42E8	0x080BF504	SetGmCharUnit	WM_PutCharSprite	new-hint	FE_GBA_Function_Library
0x080C431C	0x080BF538	RemoveGmUnit	WM_RemoveUnit	new-hint	FE_GBA_Function_Library
0x080C4338	0x080BF554	ShowGmUnit		new-hint	FE_GBA_Function_Library
0x080C4354	0x080BF570	HideGmUnit		new-hint	FE_GBA_Function_Library
0x080C4370	0x080BF58C	AddAndDrawGmPath	WM_DrawPath	new-hint	FE_GBA_Function_Library
0x080C43A8	0x080BF5C4	GmPalFade_Init		funcmap-agree	FE_GBA_Function_Library
0x080C43C0	0x080BF5DC	GmPalFade_Loop		new-hint	FE_GBA_Function_Library
0x080C44A4	0x080BF6C0	StartGmPalFade		new-hint	FE_GBA_Function_Library
0x080C4514	0x080BF730	IsGmPalFadeActive		new-hint	FE_GBA_Function_Library
0x080C452C	0x080BF748	EndGmPalFade		new-hint	FE_GBA_Function_Library
0x080C456C	0x080BF788	StartGmPalFade_		funcmap-agree	FE_GBA_Function_Library
0x080C4598	0x080BF7B4	RememberBlendState		funcmap-agree	FE_GBA_Function_Library
0x080C45C0	0x080BF7DC	RestoreBlendState		funcmap-agree	FE_GBA_Function_Library
0x080C45E8	0x080BF804	GmapBaseEntry_OnEnd		new-hint	FE_GBA_Function_Library
0x080C4674	0x080BF890	GmapBaseEntry_Init		new-hint	FE_GBA_Function_Library
0x080C46B0	0x080BF8CC	GmapBaseEntry_0		new-hint	FE_GBA_Function_Library
0x080C476C	0x080BF988	GmapBaseEntry_1		new-hint	FE_GBA_Function_Library
0x080C4800	0x080BFA1C	GmapBaseEntry_2		new-hint	FE_GBA_Function_Library
0x080C48D0	0x080BFAEC	StartGmBaseEntry		new-hint	FE_GBA_Function_Library
0x080C4908	0x080BFB24	EndGmBaseEntry		new-hint	FE_GBA_Function_Library
0x080C4918	0x080BFB34	GmBaseEntryExists		new-hint	FE_GBA_Function_Library
0x080C4930	0x080BFB4C	GmapMuEntry_OnEnd		new-hint	FE_GBA_Function_Library
0x080C4974	0x080BFB90	GmapMuEntry_Init		new-hint	FE_GBA_Function_Library
0x080C49B0	0x080BFBCC	GmapMuEntry_0		new-hint	FE_GBA_Function_Library
0x080C4A28	0x080BFC44	GmapMuEntry_1		new-hint	FE_GBA_Function_Library
0x080C4AAC	0x080BFCC8	StartGmapMuEntry1		new-hint	FE_GBA_Function_Library
0x080C4AE4	0x080BFD00	EndGmapMuEntry1		new-hint	FE_GBA_Function_Library
0x080C4AF4	0x080BFD10	GmapMuEntry1Exists	DoesBMXFADEExist	new-hint	FE_GBA_Function_Library
0x080C4B0C	0x080BFD28	LoadWorldmapMinimap		new-hint	FE_GBA_Function_Library
0x080C4B64	0x080BFD80	GmMuEntry_Init		funcmap-agree	FE_GBA_Function_Library
0x080C4B84	0x080BFDA0	GmMuEntry_SetupHblankGradient		new-hint	FE_GBA_Function_Library
0x080C4CDC	0x080BFEF8	GmMuEntry_0		new-hint	FE_GBA_Function_Library
0x080C4DB4	0x080BFFD0	GmMuEntry_1		new-hint	FE_GBA_Function_Library
0x080C4E64	0x080C0080	GmMuEntry_2		new-hint	FE_GBA_Function_Library
0x080C4F28	0x080C0144	GmMuEntry_3		new-hint	FE_GBA_Function_Library
0x080C4FC0	0x080C01DC	StartGmapMuEntry	StartGMapMuEntry	new-hint	FE_GBA_Function_Library
0x080C4FE4	0x080C0200	EndGmMuEntry		new-hint	FE_GBA_Function_Library
0x080C4FF4	0x080C0210	GmMuEntryExists		new-hint	FE_GBA_Function_Library
0x080C500C	0x080C0228	GetGmMuEntryFlag		new-hint	FE_GBA_Function_Library
0x080C5024	0x080C0240	GmMuEntryStartShow		new-hint	FE_GBA_Function_Library
0x080C5088	0x080C02A4	GmMuEntryStartHide		new-hint	FE_GBA_Function_Library
0x080C50EC	0x080C0308	GmapLineFade_OnEnd		new-hint	FE_GBA_Function_Library
0x080C513C	0x080C0358	GmapLineFade_0		new-hint	FE_GBA_Function_Library
0x080C51F0	0x080C040C	GmapLineFade_Init		new-hint	FE_GBA_Function_Library
0x080C52B0	0x080C04CC	GmapLineFade_Loop		new-hint	FE_GBA_Function_Library
0x080C52D8	0x080C04F4	StartGmapLineFade		new-hint	FE_GBA_Function_Library
0x080C5304	0x080C0520	EndGmapLineFade		new-hint	FE_GBA_Function_Library
0x080C5314	0x080C0530	IsGmapLineFadeActive		new-hint	FE_GBA_Function_Library
0x080C5330	0x080C054C	GmTmConfront_LoadPositions		new-hint	FE_GBA_Function_Library
0x080C5390	0x080C05AC	GmTmConfront_InitUnitPositionA		funcmap-agree	FE_GBA_Function_Library
0x080C53A8	0x080C05C4	GmTmConfront_InitUnitPositionB		new-hint	FE_GBA_Function_Library
0x080C53DC	0x080C05F8	GmTmConfront_InitUnitPositionC		funcmap-agree	FE_GBA_Function_Library
0x080C53F4	0x080C0610	GmTmConfront_Loop_MoveUnitPositions		new-hint	FE_GBA_Function_Library
0x080C54CC	0x080C06F0	GmTmConfront_StartAnim		new-hint	FE_GBA_Function_Library
0x080C5588	0x080C07B8	GmTmConfront_WaitForAnim		new-hint	FE_GBA_Function_Library
0x080C55A4	0x080C07D4	StartWorldmapSkirmishAnim		new-hint	FE_GBA_Function_Library
0x080C55DC	0x080C080C	EndWorldmapSkirmishAnim		new-hint	FE_GBA_Function_Library
0x080C55EC	0x080C081C	IsWorldmapSkirmishAnimActive		new-hint	FE_GBA_Function_Library
0x080C5604	0x080C0834	GetWMPointDistance		new-hint	FE_GBA_Function_Library
0x080C5628	0x080C0858	GetWMCenteredCameraPosition	GetWMCenteredCameraPosition	new-hint	FE_GBA_Function_Library
0x080C5668	0x080C089C	GetWMCursorScreenQuadrant		funcmap-agree	FE_GBA_Function_Library
0x080C572C	0x080C0960	IsChapterMonsterSpawnActive		new-hint	FE_GBA_Function_Library
0x080C5784	0x080C09B8	ClearWMPlayerInterfaceTilemapBuffers		new-hint	FE_GBA_Function_Library
0x080C57B8	0x080C09EC	StartWorldmapStatusHelpBox		new-hint	FE_GBA_Function_Library
0x080C57DC	0x080C0A10	WorldmapStatus_GetCharDescription		new-hint	FE_GBA_Function_Library
0x080C5810	0x080C0A44	WorldmapStatus_GetClassDescription		new-hint	FE_GBA_Function_Library
0x080C5830	0x080C0A64	WorldmapStatus_CountAllies		new-hint	FE_GBA_Function_Library
0x080C5868	0x080C0A9C	PutWorldmapStatusDetails		new-hint	FE_GBA_Function_Library
0x080C59F4	0x080C0C28	WorldmapStatus_InitText		new-hint	FE_GBA_Function_Library
0x080C5A10	0x080C0C44	WorldmapStatus_InitDetails		new-hint	FE_GBA_Function_Library
0x080C5AC0	0x080C0CF4	WorldmapStatus_InitGfx		new-hint	FE_GBA_Function_Library
0x080C5BBC	0x080C0DF0	WorldmapStatus_Init		new-hint	FE_GBA_Function_Library
0x080C5C18	0x080C0E4C	WorldmapStatus_OnEnd		new-hint	FE_GBA_Function_Library
0x080C5C24	0x080C0E58	WorldmapStatus_0		new-hint	FE_GBA_Function_Library
0x080C5C88	0x080C0EBC	WorldmapStatus_PutTimeAndGold		new-hint	FE_GBA_Function_Library
0x080C5CCC	0x080C0F00	WorldmapStatus_Loop_KeyHandler		new-hint	FE_GBA_Function_Library
0x080C5D70	0x080C0FA4	WorldmapStatus_1		new-hint	FE_GBA_Function_Library
0x080C5D7C	0x080C0FB0	GmapEffectPal_OnEnd		funcmap-agree	FE_GBA_Function_Library
0x080C5DB4	0x080C0FE8	GmapEffectPal_Init		new-hint	FE_GBA_Function_Library
0x080C5E84	0x080C10B8	GmapEffectPal_Loop		new-hint	FE_GBA_Function_Library
0x080C5F68	0x080C119C	GmapEffect_0		new-hint	FE_GBA_Function_Library
0x080C6050	0x080C128C	GmapEffect_OnEnd		new-hint	FE_GBA_Function_Library
0x080C6070	0x080C12AC	GmapEffect_Init		new-hint	FE_GBA_Function_Library
0x080C60E8	0x080C1324	GmapEffect_Loop		new-hint	FE_GBA_Function_Library
0x080C6134	0x080C1370	StartGmapEffect		new-hint	FE_GBA_Function_Library
0x080C6190	0x080C13CC	EndGmapEffectProc		new-hint	FE_GBA_Function_Library
0x080C619C	0x080C13D8	EndGmapEffect		new-hint	FE_GBA_Function_Library
0x080C61AC	0x080C13E8	GmapSugoAdvance		new-hint	FE_GBA_Function_Library
0x080C622C	0x080C1470	GmapSogu_End		new-hint	FE_GBA_Function_Library
0x080C623C	0x080C1480	GmapSogu_Init		new-hint	FE_GBA_Function_Library
0x080C62E0	0x080C1524	GmapSogu_Loop1		new-hint	FE_GBA_Function_Library
0x080C63E0	0x080C1624	GmapSogu_Loop2		new-hint	FE_GBA_Function_Library
0x080C6448	0x080C168C	NewGmapSogu		new-hint	FE_GBA_Function_Library
0x080C6498	0x080C16DC	GmapSoguExists		new-hint	FE_GBA_Function_Library
0x080C64B0	0x080C16F4	GetWmMonsterGenAmount		new-hint	FE_GBA_Function_Library
0x080C64E0	0x080C1724	GenerateRandomonsterMergeNode		new-hint	FE_GBA_Function_Library
0x080C6530	0x080C1774	GenerateRandomonsterMergeConf		new-hint	FE_GBA_Function_Library
0x080C66A8	0x080C18EC	GmapTimeMons_Init		new-hint	FE_GBA_Function_Library
0x080C66DC	0x080C1920	GmapTimeMons_ExecMonsterMergeMu		new-hint	FE_GBA_Function_Library
0x080C6814	0x080C1A58	GmapTimeMons_WaitSpriteDone		new-hint	FE_GBA_Function_Library
0x080C6830	0x080C1A74	NewGmapTimeMons		new-hint	FE_GBA_Function_Library
0x080C686C	0x080C1AB0	WmRemoveRandomMonsters		new-hint	FE_GBA_Function_Library
0x080C6898	0x080C1ADC	WmMergeMonsters	PlaySoundIdA0	new-hint	FE_GBA_Function_Library
0x080C68B4	0x080C1AF8	WmShowMonsters		new-hint	FE_GBA_Function_Library
0x080C699C	0x080C1BE0	GmapTimeMonsExists		new-hint	FE_GBA_Function_Library
0x080C69B4	0x080C1BF8	WorldMapHblank		funcmap-agree	FE_GBA_Function_Library
0x080C6ABC	0x080C1D00	SetWorldMapHblank		new-hint	FE_GBA_Function_Library
0x080C6B2C	0x080C1D70	ClearWmHblank		new-hint	FE_GBA_Function_Library
0x080C6B5C	0x080C1DA0	GetWorldMapHblankBuffer		funcmap-agree	FE_GBA_Function_Library
0x080C6B84	0x080C1DC8	FlipWorldMapHblankBuffer		funcmap-agree	FE_GBA_Function_Library
0x080C6B94	0x080C1DD8	SetWorldMapHblankDest		funcmap-agree	FE_GBA_Function_Library
0x080C6BA4	0x080C1DE8	ClearWorldMapHblankChannelFlags		funcmap-agree	FE_GBA_Function_Library
0x080C6BB8	0x080C1DFC	SetWorldMapHblankChannelFlag0		funcmap-agree	FE_GBA_Function_Library
0x080C6BD0	0x080C1E14	SetWorldMapHblankChannelFlag1		funcmap-agree	FE_GBA_Function_Library
0x080C6BE8	0x080C1E2C	GmapRmUpdateDirect_Loop		new-hint	FE_GBA_Function_Library
0x080C6BFC	0x080C1E40	GmapRmUpdateExt_End		new-hint	FE_GBA_Function_Library
0x080C6C10	0x080C1E54	GmapRmUpdateExt_Delay	SleepCallback6C	new-hint	FE_GBA_Function_Library
0x080C6C2C	0x080C1E70	GmapRmUpdateExt_InitPosition		new-hint	FE_GBA_Function_Library
0x080C6C48	0x080C1E8C	GmapRmUpdateExt_ScrollPosition		new-hint	FE_GBA_Function_Library
0x080C6CD0	0x080C1F18	StartGmapRmUpdateExt		new-hint	FE_GBA_Function_Library
0x080C6D14	0x080C1F5C	EndGmapRmUpdateExt		new-hint	FE_GBA_Function_Library
0x080C6D24	0x080C1F6C	GmapRm_OnEnd		new-hint	FE_GBA_Function_Library
0x080C6D98	0x080C1FE0	GmapRm_StartUpdateDirect		new-hint	FE_GBA_Function_Library
0x080C6E14	0x080C205C	GmapRm_Goto0IfFlag0		new-hint	FE_GBA_Function_Library
0x080C6E30	0x080C2078	GmapRm_Goto1IfFlag1		new-hint	FE_GBA_Function_Library
0x080C6E4C	0x080C2094	GmapRm_Blocking		new-hint	FE_GBA_Function_Library
0x080C6E68	0x080C20B0	GmapRm_InitBlend		new-hint	FE_GBA_Function_Library
0x080C6EC4	0x080C210C	GmapRm_BlendIn		new-hint	FE_GBA_Function_Library
0x080C6F04	0x080C214C	GmapRm_0		new-hint	FE_GBA_Function_Library
0x080C7004	0x080C224C	GmapRm_BlendOut		new-hint	FE_GBA_Function_Library
0x080C7048	0x080C2290	GmapRm_RemoveUnits		new-hint	FE_GBA_Function_Library
0x080C70B4	0x080C22FC	GmapRm_DisplayLeaderUnit		new-hint	FE_GBA_Function_Library
0x080C70D8	0x080C2320	GmapRm_1		new-hint	FE_GBA_Function_Library
0x080C7150	0x080C2398	GmapRm_2		new-hint	FE_GBA_Function_Library
0x080C71D8	0x080C2420	StartGmapRm	Make6C_Gmap_RM	new-hint	FE_GBA_Function_Library
0x080C7218	0x080C2460	EndGmapRM		new-hint	FE_GBA_Function_Library
0x080C7228	0x080C2470	GmapRMExists		new-hint	FE_GBA_Function_Library
0x080C7240	0x080C2488	GmapRm_SetPosition		new-hint	FE_GBA_Function_Library
0x080C7264	0x080C24AC	GmapRm_GetPosition	GetWMDisplayPosition	new-hint	FE_GBA_Function_Library
0x080C7290	0x080C24D8	GmapRm_SetUnblocked	MarkSomethingInMenu	new-hint	FE_GBA_Function_Library
0x080C72B0	0x080C24F8	GmapRm_EndAll		new-hint	FE_GBA_Function_Library
0x080C7350	0x080C2598	GmapRmBaPalAnim1_End		new-hint	FE_GBA_Function_Library
0x080C7370	0x080C25B8	GmapRmBaPalAnim1_Init		new-hint	FE_GBA_Function_Library
0x080C73B0	0x080C25F8	GmapRmBaPalAnim1_Loop1		new-hint	FE_GBA_Function_Library
0x080C7410	0x080C2658	GmapRmBaPalAnim1_Loop2		new-hint	FE_GBA_Function_Library
0x080C7474	0x080C26BC	StartGmapRmBaPalAnim1		new-hint	FE_GBA_Function_Library
0x080C7498	0x080C26E0	EndGmapRmBaPalAnim1		new-hint	FE_GBA_Function_Library
0x080C74A8	0x080C26F0	CheckGmapRmBaPalAnim1Exists	DoesMoveUnitExist	new-hint	FE_GBA_Function_Library
0x080C74C0	0x080C2708	CheckGmapRmBaPalAnim1State		new-hint	FE_GBA_Function_Library
0x080C74E0	0x080C2728	GmapRmBorder1_End		new-hint	FE_GBA_Function_Library
0x080C7508	0x080C2750	GmapRmBorder1_0		new-hint	FE_GBA_Function_Library
0x080C7560	0x080C27A8	GmapRmBorder1_PutSprite2		new-hint	FE_GBA_Function_Library
0x080C75BC	0x080C2804	GmapRmBorder1_NationMergeIn		new-hint	FE_GBA_Function_Library
0x080C767C	0x080C28C4	GmapRmBorder1_1		new-hint	FE_GBA_Function_Library
0x080C7694	0x080C28DC	GmapRmBorder1_NationMergeOut		new-hint	FE_GBA_Function_Library
0x080C771C	0x080C2964	GmapRmBorder1_2		new-hint	FE_GBA_Function_Library
0x080C77B0	0x080C29F8	GmapRmBorder1_3		new-hint	FE_GBA_Function_Library
0x080C77D4	0x080C2A1C	GmapRmBorder1_4		new-hint	FE_GBA_Function_Library
0x080C77F8	0x080C2A40	StartGmapRmBorder1		new-hint	FE_GBA_Function_Library
0x080C7864	0x080C2AAC	DrawWmNationHighLightMapGfx		new-hint	FE_GBA_Function_Library
0x080C788C	0x080C2AD4	WmShowNationHighlightedMap		new-hint	FE_GBA_Function_Library
0x080C7934	0x080C2B7C	EndGmapRmBorder1		new-hint	FE_GBA_Function_Library
0x080C797C	0x080C2BC4	GmapRmBorder1Exists		new-hint	FE_GBA_Function_Library
0x080C79C8	0x080C2C10	RequestGmapRmBorder1Remove		new-hint	FE_GBA_Function_Library
0x080C7A10	0x080C2C58	WmDotPalAnim_Init		new-hint	FE_GBA_Function_Library
0x080C7A38	0x080C2C80	BlendWmDotPalette		new-hint	FE_GBA_Function_Library
0x080C7AFC	0x080C2D44	WmDotPalAnim_Loop1		new-hint	FE_GBA_Function_Library
0x080C7B5C	0x080C2DA4	WmDotPalAnim_Loop2		new-hint	FE_GBA_Function_Library
0x080C7BBC	0x080C2E04	StartWmDotPalAnim		new-hint	FE_GBA_Function_Library
0x080C7BE0	0x080C2E28	EndAllWmDotPalAnim		new-hint	FE_GBA_Function_Library
0x080C7BF0	0x080C2E38	IsWmDotPalAnimActive		new-hint	FE_GBA_Function_Library
0x080C7C08	0x080C2E50	GetWmDotPalAnimFlag		new-hint	FE_GBA_Function_Library
0x080C7C28	0x080C2E70	WmPlaceDot_OnEnd		new-hint	FE_GBA_Function_Library
0x080C7C5C	0x080C2EA4	WmPlaceDot_Init		new-hint	FE_GBA_Function_Library
0x080C7CA8	0x080C2EF0	PutWmDotSprite		new-hint	FE_GBA_Function_Library
0x080C7D34	0x080C2F7C	WmPlaceDot_Loop1		new-hint	FE_GBA_Function_Library
0x080C7D54	0x080C2F9C	WmPlaceDot_Loop2		new-hint	FE_GBA_Function_Library
0x080C7D78	0x080C2FC0	StartWmPlaceDot		new-hint	FE_GBA_Function_Library
0x080C7E04	0x080C304C	EndWmPlaceDotByIndex		new-hint	FE_GBA_Function_Library
0x080C7E4C	0x080C3094	IsWmPlaceDotActiveAtIndex		new-hint	FE_GBA_Function_Library
0x080C7E98	0x080C30E0	SetWmPlaceDotFlagForIndex		new-hint	FE_GBA_Function_Library
0x080C7EDC	0x080C3124	GmapAutoMu_OnEnd		new-hint	FE_GBA_Function_Library
0x080C7F60	0x080C31A8	GmapAutoMu_WaitInitialDelay		new-hint	FE_GBA_Function_Library
0x080C7F7C	0x080C31C4	GmapAutoMu_0		new-hint	FE_GBA_Function_Library
0x080C7F98	0x080C31E0	GmapAutoMu_1		new-hint	FE_GBA_Function_Library
0x080C7FB4	0x080C31FC	GmapAutoMu_2		new-hint	FE_GBA_Function_Library
0x080C7FD8	0x080C3220	GmapAutoMu_StartFadeIn		new-hint	FE_GBA_Function_Library
0x080C7FFC	0x080C3244	GmapAutoMu_StartFadeOut		new-hint	FE_GBA_Function_Library
0x080C801C	0x080C3264	GmapAutoMu_WaitForFadeEnd		new-hint	FE_GBA_Function_Library
0x080C8038	0x080C3280	GmapAutoMu_3		new-hint	FE_GBA_Function_Library
0x080C809C	0x080C32E4	GmapAutoMu_4		new-hint	FE_GBA_Function_Library
0x080C8108	0x080C3350	GmapAutoMu_5		new-hint	FE_GBA_Function_Library
0x080C8130	0x080C3378	StartGmapAutoMu_Type0		new-hint	FE_GBA_Function_Library
0x080C818C	0x080C33D4	StartGmapAutoMu_Type1		new-hint	FE_GBA_Function_Library
0x080C81F4	0x080C343C	EndGmAutoMuFor		new-hint	FE_GBA_Function_Library
0x080C823C	0x080C3484	IsGmAutoMuActiveFor		new-hint	FE_GBA_Function_Library
0x080C8288	0x080C34D0	GenerateGradientPalette		new-hint	FE_GBA_Function_Library
0x080C8348	0x080C3590	ClearWmTextVram		new-hint	FE_GBA_Function_Library
0x080C837C	0x080C35C4	WmText_Init		funcmap-agree	FE_GBA_Function_Library
0x080C83A4	0x080C35EC	WmText_Loop_DrawText		new-hint	FE_GBA_Function_Library
0x080C83DC	0x080C3624	ShowWmText		new-hint	FE_GBA_Function_Library
0x080C8418	0x080C3660	HideWmText		new-hint	FE_GBA_Function_Library
0x080C8444	0x080C368C	StartWmTextHandler		new-hint	FE_GBA_Function_Library
0x080C8458	0x080C36A0	StartWmTextMsg		new-hint	FE_GBA_Function_Library
0x080C84A0	0x080C36E8	WmMinimap_PutCursorIcon		new-hint	FE_GBA_Function_Library
0x080C8528	0x080C3770	WmMinimap_PutStoryNodeIcon		new-hint	FE_GBA_Function_Library
0x080C85C4	0x080C380C	WmMinimap_PutLordIcon		new-hint	FE_GBA_Function_Library
0x080C8674	0x080C38BC	WmMinimap_PutSkirmishIcons		new-hint	FE_GBA_Function_Library
0x080C87E0	0x080C3A28	WmMinimap_BlinkPalette		new-hint	FE_GBA_Function_Library
0x080C881C	0x080C3A64	PutWmMinimapSprites		funcmap-agree	FE_GBA_Function_Library
0x080C8844	0x080C3A8C	GMapRadar_0		new-hint	FE_GBA_Function_Library
0x080C8870	0x080C3AB8	GMapRadar_1		new-hint	FE_GBA_Function_Library
0x080C88F8	0x080C3B40	GMapRadar_2		new-hint	FE_GBA_Function_Library
0x080C899C	0x080C3BE4	PutWmMinimapGfx		new-hint	FE_GBA_Function_Library
0x080C8ADC	0x080C3D24	GMapRadar_SlideIn		new-hint	FE_GBA_Function_Library
0x080C8B14	0x080C3D5C	GMapRadar_SlideOut		new-hint	FE_GBA_Function_Library
0x080C8B54	0x080C3D9C	GMapRadar_Init		funcmap-agree	FE_GBA_Function_Library
0x080C8B64	0x080C3DAC	StartWorldMapMinimapCore		new-hint	FE_GBA_Function_Library
0x080C8C38	0x080C3E80	StartWorldmapMinimap		new-hint	FE_GBA_Function_Library
0x080C8C4C	0x080C3E94	EndWorldmapMinimap		new-hint	FE_GBA_Function_Library
0x080C8C80	0x080C3EC8	GMapBaseMenu_Init		funcmap-agree	FE_GBA_Function_Library
0x080C8C94	0x080C3EDC	GMapBaseMenu_StartItemScreen		new-hint	FE_GBA_Function_Library
0x080C8CBC	0x080C3F04	GMapBaseMenu_RestoreBgm		new-hint	FE_GBA_Function_Library
0x080C8CDC	0x080C3F24	GMapBaseMenu_ShopFromItemScreen		new-hint	FE_GBA_Function_Library
0x080C8D40	0x080C3F88	GMapBaseMenu_StartArmory		new-hint	FE_GBA_Function_Library
0x080C8D6C	0x080C3FB4	GMapBaseMenu_StartVendor		new-hint	FE_GBA_Function_Library
0x080C8D98	0x080C3FE0	GMapBaseMenu_StartSecretShop		new-hint	FE_GBA_Function_Library
0x080C8DC4	0x080C400C	StartGMapBaseMenu		new-hint	FE_GBA_Function_Library
0x080C8DF0	0x080C4038	EndGMapBaseMenu		new-hint	FE_GBA_Function_Library
0x080C8E00	0x080C4048	FindGMapBaseMenu		new-hint	FE_GBA_Function_Library
0x080C8E10	0x080C4058	IsGMapBaseMenuActive		new-hint	FE_GBA_Function_Library
0x080C8E28	0x080C4070	GetGMapBaseMenuKind		funcmap-agree	FE_GBA_Function_Library
0x080C8E40	0x080C4088	GetGMapBaseMenuPid		funcmap-agree	FE_GBA_Function_Library
0x080C8E54	0x080C409C	SetGMapBaseMenuPid		funcmap-agree	FE_GBA_Function_Library
0x080C8E68	0x080C40B0	CreditsBlendCG_Init		funcmap-agree	FE_GBA_Function_Library
0x080C8E70	0x080C40B8	CreditsBlendCG_0		new-hint	FE_GBA_Function_Library
0x080C8EE4	0x080C412C	CreditsBlendCG_1		new-hint	FE_GBA_Function_Library
0x080C8F10	0x080C4158	CreditsBlendCG_2		new-hint	FE_GBA_Function_Library
0x080C8F3C	0x080C4184	CreditsBlendCG_3		new-hint	FE_GBA_Function_Library
0x080C8F9C	0x080C41E4	CreditsBlendCG_OnEnd		funcmap-agree	FE_GBA_Function_Library
0x080C8FAC	0x080C41F4	StartBlendCreditsCGMaybe		new-hint	FE_GBA_Function_Library
0x080C8FC8	0x080C4210	IsCreditsBlendCGActive		new-hint	FE_GBA_Function_Library
0x080C8FE0	0x080C4228	EndCreditsBlendCG		new-hint	FE_GBA_Function_Library
0x080C8FF0	0x080C4238	EndingCredits_UpdateStaffReel		new-hint	FE_GBA_Function_Library
0x080C916C	0x080C43B4	EndingCredits_UpdateScroll		new-hint	FE_GBA_Function_Library
0x080C9218	0x080C4460	EndingCredits_Init		new-hint	FE_GBA_Function_Library
0x080C9398	0x080C45E0	EndingCredits_LoadCG		new-hint	FE_GBA_Function_Library
0x080C941C	0x080C4664	EndingCredits_Loop_Main		new-hint	FE_GBA_Function_Library
0x080C949C	0x080C46E4	EndingCredits_EndBlendCG		funcmap-agree	FE_GBA_Function_Library
0x080C94A8	0x080C46F0	EndingCredits_0		new-hint	FE_GBA_Function_Library
0x080C94F0	0x080C4738	EndingCredits_ShowCopyright		new-hint	FE_GBA_Function_Library
0x080C9568	0x080C47B0	EndingCredits_AwaitInputForEnd		new-hint	FE_GBA_Function_Library
0x080C95AC	0x080C47F4	EndingCredits_OnEnd		new-hint	FE_GBA_Function_Library
0x080C9630	0x080C4878	StartEndingCredits		new-hint	FE_GBA_Function_Library
0x080C9644	0x080C488C	OpSubtitle_InitBgFromCommGfx		new-hint	FE_GBA_Function_Library
0x080C96A8	0x080C48F0	OpSubtitle_FillBgIncrementalTiles		new-hint	FE_GBA_Function_Library
0x080C96D0	0x080C4918	OpSubtitle_HandleStartPress		new-hint	FE_GBA_Function_Library
0x080C96FC	0x080C4944	OpSubtitle_Init		new-hint	FE_GBA_Function_Library
0x080C97F4	0x080C4A3C	Subtitle_LightFlareFx_Init		new-hint	FE_GBA_Function_Library
0x080C9840	0x080C4A88	Subtitle_LightFlareFx_Loop		new-hint	FE_GBA_Function_Library
0x080C9958	0x080C4BA0	Subtitle_LightFlareFx_End		funcmap-agree	FE_GBA_Function_Library
0x080C996C	0x080C4BB4	OpSubtitle_FadePalette		new-hint	FE_GBA_Function_Library
0x080C99F4	0x080C4C3C	OpSubtitle_AwaitTimer2a		new-hint	FE_GBA_Function_Library
0x080C9A18	0x080C4C60	OpSubtitle_LoadSlideToBg0		new-hint	FE_GBA_Function_Library
0x080C9A88	0x080C4CD0	OpSubtitle_LoadSlideToBg0AndBg1		new-hint	FE_GBA_Function_Library
0x080C9B0C	0x080C4D54	OpSubtitle_LoadTitleSlide		new-hint	FE_GBA_Function_Library
0x080C9B58	0x080C4DA0	OpSubtitle_FadeInSlide_Loop		new-hint	FE_GBA_Function_Library
0x080C9BD0	0x080C4E18	OpSubtitle_FadeOutSlideAndAdvance_Loop		new-hint	FE_GBA_Function_Library
0x080C9C7C	0x080C4EC4	OpSubtitle_FadeOutSlideToTitle_Loop		new-hint	FE_GBA_Function_Library
0x080C9D18	0x080C4F60	OpSubtitle_BlendFadeInSlide_Loop		new-hint	FE_GBA_Function_Library
0x080C9DD4	0x080C501C	OpSubtitle_BlendFadeOutSlide_Loop		new-hint	FE_GBA_Function_Library
0x080C9E58	0x080C50A0	OpSubtitle_SetupScrollTextBgs		new-hint	FE_GBA_Function_Library
0x080C9EBC	0x080C5104	OpSubtitle_FadeInScrollTextPal_Loop		new-hint	FE_GBA_Function_Library
0x080C9F60	0x080C51A8	OpSubtitle_ReloadTitleSlide		new-hint	FE_GBA_Function_Library
0x080C9F80	0x080C51C8	OpSubtitle_SetupBackgrounds		new-hint	FE_GBA_Function_Library
0x080C9FD0	0x080C5218	OpSubtitle_SetupTitleBgs		new-hint	FE_GBA_Function_Library
0x080CA0E0	0x080C5328	OpSubtitle_ClearTileAndDisableTitleBg2		new-hint	FE_GBA_Function_Library
0x080CA128	0x080C5370	OpSubtitle_BackupPalette		new-hint	FE_GBA_Function_Library
0x080CA144	0x080C538C	OpSubtitle_FadeOutWholePalette_Loop		new-hint	FE_GBA_Function_Library
0x080CA1B8	0x080C5400	OpSubtitle_FadeOutBgm		new-hint	FE_GBA_Function_Library
0x080CA1C4	0x080C540C	OpSubtitle_ResetBg1Position		new-hint	FE_GBA_Function_Library
0x080CA1D4	0x080C541C	StartIntroMonologue		new-hint	FE_GBA_Function_Library
0x080CA1E8	0x080C5430	DrawTitleSprites_Init		funcmap-agree	FE_GBA_Function_Library
0x080CA1F8	0x080C5440	DrawTitleSprites_Loop		new-hint	FE_GBA_Function_Library
0x080CA318	0x080C5548	Title_SetBg2AffineScale		new-hint	FE_GBA_Function_Library
0x080CA350	0x080C5580	SkipTitleFx_Loop_KeyListener		new-hint	FE_GBA_Function_Library
0x080CA374	0x080C55A4	Title_StartSkipFxListener		new-hint	FE_GBA_Function_Library
0x080CA388	0x080C55B8	Title_EndSkipFxListener		new-hint	FE_GBA_Function_Library
0x080CA39C	0x080C55CC	Title_Init		new-hint	FE_GBA_Function_Library
0x080CA4C4	0x080C56F4	Title_SetupMainGraphics		new-hint	FE_GBA_Function_Library
0x080CA618	0x080C5848	TitleScreenTryJumpIntroAnim		new-hint	FE_GBA_Function_Library
0x080CA640	0x080C5870	Title_EnableMainScreenDisplay		new-hint	FE_GBA_Function_Library
0x080CA69C	0x080C58CC	Title_SetupSpecialEffectGraphics		new-hint	FE_GBA_Function_Library
0x080CA838	0x080C5A44	Title_PrepareRotatingBlueLights		new-hint	FE_GBA_Function_Library
0x080CA8E4	0x080C5AF0	Title_Loop_DrawRotatingBlueLights		new-hint	FE_GBA_Function_Library
0x080CA9C8	0x080C5BD4	Title_PrepareRedBlueOrbs		new-hint	FE_GBA_Function_Library
0x080CAA58	0x080C5C64	Title_Loop_DrawRedBlueOrbs		new-hint	FE_GBA_Function_Library
0x080CABE4	0x080C5DF0	Title_PrepareMainScreenWithExtendedBgm		new-hint	FE_GBA_Function_Library
0x080CAC54	0x080C5E60	Title_Loop_RevealGreenDragonFlashFx		new-hint	FE_GBA_Function_Library
0x080CAC94	0x080C5EA0	Title_Loop_FlashFxExpand		new-hint	FE_GBA_Function_Library
0x080CAD20	0x080C5F2C	Title_LoadDemonKingOnBg2		new-hint	FE_GBA_Function_Library
0x080CAD78	0x080C5F84	Title_ShowBg2		funcmap-agree	FE_GBA_Function_Library
0x080CADA8	0x080C5FB4	Title_ShowBg1AfterDemonKing		funcmap-agree	FE_GBA_Function_Library
0x080CADDC	0x080C5FE8	Title_PrepareMainLogoZoom		new-hint	FE_GBA_Function_Library
0x080CAE84	0x080C6090	Title_Loop_MainLogoZoom		new-hint	FE_GBA_Function_Library
0x080CAEC0	0x080C60CC	Title_ClearLightExplosionScratch		new-hint	FE_GBA_Function_Library
0x080CB014	0x080C6104	Title_PrepareLightExplosionFx		new-hint	FE_GBA_Function_Library
0x080CB054	0x080C6144	DrawTitleLightBubbleSprites		new-hint	FE_GBA_Function_Library
0x080CB114	0x080C6204	Title_Loop_LightExplosionFx		new-hint	FE_GBA_Function_Library
0x080CB228	0x080C62DC	Title_EnterMainScreen		new-hint	FE_GBA_Function_Library
0x080CB2A0	0x080C6354	Title_IDLE		new-hint	FE_GBA_Function_Library
0x080CB310	0x080C63C4	Title_EndAllProcChildren		new-hint	FE_GBA_Function_Library
0x080CB31C	0x080C63D0	Title_RestartProc		new-hint	FE_GBA_Function_Library
0x080CB370	0x080C6424	StartTitleScreen_WithMusic		new-hint	FE_GBA_Function_Library
0x080CB390	0x080C6444	StartTitleScreen_FlagFalse		new-hint	FE_GBA_Function_Library
0x080CB3A8	0x080C645C	StartTitleScreen_FlagTrue		new-hint	FE_GBA_Function_Library
0x080CB3C0	0x080C6474	OpAnimPutObjCommon		new-hint	FE_GBA_Function_Library
0x080CB650	0x080C6704	OpAnimfxTerminatorMain		new-hint	FE_GBA_Function_Library
0x080CB684	0x080C6738	NewOpAnimfxTerminator	AddSomeChild6C	new-hint	FE_GBA_Function_Library
0x080CB698	0x080C674C	EndOpAnimfxTerminator	DeleteSome6C	new-hint	FE_GBA_Function_Library
0x080CB6AC	0x080C6760	CopyToPalOpAnim	StorePaletteToBufferMaybe	new-hint	FE_GBA_Function_Library
0x080CB6C8	0x080C677C	CopyFirstPalDirectly		funcmap-agree	FE_GBA_Function_Library
0x080CB6E0	0x080C6794	SetFirstPalDirectly		funcmap-agree	FE_GBA_Function_Library
0x080CB70C	0x080C67C0	ClearFirstPalDirectly		funcmap-agree	FE_GBA_Function_Library
0x080CB720	0x080C67D4	TsaModifyFirstPalMaybe		new-hint	FE_GBA_Function_Library
0x080CB8BC	0x080C69B0	BlendPaletteToColor		funcmap-agree	FE_GBA_Function_Library
0x080CB960	0x080C6A54	OpAnimInit	Initialize6CIntroSequence	new-hint	FE_GBA_Function_Library
0x080CBA5C	0x080C6B50	OpAnimAllBlack		new-hint	FE_GBA_Function_Library
0x080CBA98	0x080C6B8C	OpAnimFadeInMain		new-hint	FE_GBA_Function_Library
0x080CBAE4	0x080C6BD8	NewProcOpAnimFadeIn		new-hint	FE_GBA_Function_Library
0x080CBAFC	0x080C6BF0	BgAffineSetOpAnim		new-hint	FE_GBA_Function_Library
0x080CBB30	0x080C6C24	SetupOpAnimWorldMapfx		new-hint	FE_GBA_Function_Library
0x080CBD28	0x080C6E1C	OpAnimBldAlphaUpdateBgPalette		new-hint	FE_GBA_Function_Library
0x080CBD9C	0x080C6E90	OpAnimBldAlphaDelay	Until6C2AIs8Callback	new-hint	FE_GBA_Function_Library
0x080CBDBC	0x080C6EB0	OpAnimBldAlphaMain		new-hint	FE_GBA_Function_Library
0x080CBE04	0x080C6EF8	OpAnimBldAlphaExists		new-hint	FE_GBA_Function_Library
0x080CBE1C	0x080C6F10	OpAnimUpdateScreen1		new-hint	FE_GBA_Function_Library
0x080CBE7C	0x080C6F70	OpAnimWorldMapfxMain		new-hint	FE_GBA_Function_Library
0x080CBF5C	0x080C7050	OpAnimSetupCharacterScene		new-hint	FE_GBA_Function_Library
0x080CC0BC	0x080C71B0	Proc08AA6D04Main		funcmap-agree	FE_GBA_Function_Library
0x080CC0CC	0x080C71C0	NewProc08AA6D04		new-hint	FE_GBA_Function_Library
0x080CC0E0	0x080C71D4	EndProc08AA6D04		new-hint	FE_GBA_Function_Library
0x080CC0F0	0x080C71E4	OpAnim1_UpdateScrollOneLine		new-hint	FE_GBA_Function_Library
0x080CC178	0x080C726C	OpAnim1_UpdateScroll		new-hint	FE_GBA_Function_Library
0x080CC1B0	0x080C72A4	OpAnimApplyScrollPalettes		new-hint	FE_GBA_Function_Library
0x080CC2C0	0x080C73B0	OpAnimPreparefxEphraim		new-hint	FE_GBA_Function_Library
0x080CC520	0x080C7610	OpAnimMergeBGProcInit		new-hint	FE_GBA_Function_Library
0x080CC528	0x080C7618	OpAnimMergeBGProcUpdateBgPalette		new-hint	FE_GBA_Function_Library
0x080CC590	0x080C7680	OpAnimDrawSplitLine		new-hint	FE_GBA_Function_Library
0x080CC5D8	0x080C76C8	OpAnimEphraimfxFlyIn		new-hint	FE_GBA_Function_Library
0x080CC754	0x080C7844	OpAnimHBlank1		funcmap-agree	FE_GBA_Function_Library
0x080CC7CC	0x080C78BC	OpAnimHBlank2		funcmap-agree	FE_GBA_Function_Library
0x080CC810	0x080C7900	OpAnimEphraimSetupSplitWindow		new-hint	FE_GBA_Function_Library
0x080CC904	0x080C79F4	OpAnim1AdvanceSplitLine		new-hint	FE_GBA_Function_Library
0x080CC994	0x080C7A84	OpAnimEphraimMergeShadow		new-hint	FE_GBA_Function_Library
0x080CCA10	0x080C7AE8	OpAnimEphraimDisplayName		new-hint	FE_GBA_Function_Library
0x080CCAC0	0x080C835C	OpAnimEirikaExit		new-hint	FE_GBA_Function_Library
0x080CCC50	0x080C7CF8	OpAnimPreparefxEirika		new-hint	FE_GBA_Function_Library
0x080CCEE8	0x080C7F90	OpAnimEirikafxFlyIn		new-hint	FE_GBA_Function_Library
0x080CD058	0x080C8100	OpAnimEirikaSetupSplitWindow		new-hint	FE_GBA_Function_Library
0x080CD0DC	0x080C8184	OpAnimEirikaAdvanceSplitLine		new-hint	FE_GBA_Function_Library
0x080CD16C	0x080C8214	OpAnimEirikaMergeShadow		new-hint	FE_GBA_Function_Library
0x080CD1E8	0x080C8278	OpAnimEirikaDisplayName		new-hint	FE_GBA_Function_Library
0x080CD2E0	0x080C7B80	OpAnimEphraimExit		new-hint	FE_GBA_Function_Library
0x080CD474	0x080C84D8	OpAnimFadeToBlack		new-hint	FE_GBA_Function_Library
0x080CD4F0	0x080C8554	OpAnimScrollBg3Loop		funcmap-agree	FE_GBA_Function_Library
0x080CD500	0x080C8564	OpAnimApplyScrollAndPalettes		new-hint	FE_GBA_Function_Library
0x080CD51C	0x080C8580	OpAnimDarkenBg2Init		new-hint	FE_GBA_Function_Library
0x080CD54C	0x080C85B0	OpAnimDarkenBg2In		new-hint	FE_GBA_Function_Library
0x080CD598	0x080C85FC	OpAnimRestoreColorEffectsOnEnd		new-hint	FE_GBA_Function_Library
0x080CD5A4	0x080C8608	OpAnimDarkenBg2OutInit		new-hint	FE_GBA_Function_Library
0x080CD5D4	0x080C8638	OpAnimDarkenBg2Out		new-hint	FE_GBA_Function_Library
0x080CD620	0x080C8684	OpAnimRestoreColorEffectsOnEnd2		new-hint	FE_GBA_Function_Library
0x080CD62C	0x080C8690	OpAnimJoshuaScrollIn		new-hint	FE_GBA_Function_Library
0x080CD7D8	0x080C883C	OpAnimScrollInLArachel		new-hint	FE_GBA_Function_Library
0x080CD8D0	0x080C8934	OpAnimScrollInSeth		new-hint	FE_GBA_Function_Library
0x080CD9BC	0x080C8A20	OpAnimScrollInMyrrh		new-hint	FE_GBA_Function_Library
0x080CDAA8	0x080C8B0C	OpAnimScrollInSaleh		new-hint	FE_GBA_Function_Library
0x080CDB94	0x080C8BF8	OpAnimScrollInTethys		new-hint	FE_GBA_Function_Library
0x080CDC80	0x080C8CE4	OpAnimScrollInBlank		new-hint	FE_GBA_Function_Library
0x080CDCCC	0x080C8D30	OpAnimFaceMontageBegin		new-hint	FE_GBA_Function_Library
0x080CDEC4	0x080C8ED4	OpAnimFaceMontageEwanGroup		new-hint	FE_GBA_Function_Library
0x080CE014	0x080C9024	OpAnimFaceMontageGarciaGroup		new-hint	FE_GBA_Function_Library
0x080CE0F0	0x080C98A0	OpAnimFaceMontageValterGroup		new-hint	FE_GBA_Function_Library
0x080CE208	0x080C9100	OpAnimFaceMontageVanessaGroup		new-hint	FE_GBA_Function_Library
0x080CE320	0x080C9330	OpAnimFaceMontageColmGroup		new-hint	FE_GBA_Function_Library
0x080CE3FC	0x080C940C	OpAnimFaceMontageKnollGroup		new-hint	FE_GBA_Function_Library
0x080CE54C	0x080C955C	OpAnimFaceMontageLuteGroup		new-hint	FE_GBA_Function_Library
0x080CE628	0x080C9218	OpAnimFaceMontageGilliamGroup		new-hint	FE_GBA_Function_Library
0x080CE740	0x080C9750	OpAnimFaceMontageKyleGroup		new-hint	FE_GBA_Function_Library
0x080CE890	0x080C9638	OpAnimFaceMontageDuesselGroup		new-hint	FE_GBA_Function_Library
0x080CE9A8	0x080C99B8	OpAnimFaceMontageLyonGroup		new-hint	FE_GBA_Function_Library
0x080CEA84	-			new-hint	FE_GBA_Function_Library
0x080CEAC8	0x080C9AFC	OpAnimFadeToWhite		new-hint	FE_GBA_Function_Library
0x080CEB38	0x080C9B6C	OpAnimConfigCharacterScrollBg		new-hint	FE_GBA_Function_Library
0x080CEBD4	0x080C9C08	OpAnimSetupJoshuaScroll		new-hint	FE_GBA_Function_Library
0x080CEC28	0x080C9C5C	OpAnimSetupLArachelScroll		new-hint	FE_GBA_Function_Library
0x080CEC78	0x080C9CAC	OpAnimSetupSethScroll		new-hint	FE_GBA_Function_Library
0x080CECC8	0x080C9CFC	OpAnimSetupMyrrhScroll		new-hint	FE_GBA_Function_Library
0x080CED18	0x080C9D4C	OpAnimSetupSalehScroll		new-hint	FE_GBA_Function_Library
0x080CED6C	0x080C9DA0	OpAnimSetupTethysScroll		new-hint	FE_GBA_Function_Library
0x080CEDBC	0x080C9DF0	OpAnimCharacterScrollInBegin		new-hint	FE_GBA_Function_Library
0x080CEE38	0x080C9E6C	OpAnimCharacterScrollInMain		new-hint	FE_GBA_Function_Library
0x080CEEB4	0x080C9EE8	OpAnimCharacterScrollOutBegin		new-hint	FE_GBA_Function_Library
0x080CEF48	0x080C9F7C	OpAnimCharacterScrollOutMain		new-hint	FE_GBA_Function_Library
0x080CEFC4	0x080C9FF8	OpAnimCharacterFlyIn1		new-hint	FE_GBA_Function_Library
0x080CF0D8	0x080CA10C	OpAnimCharacterFlyIn2		new-hint	FE_GBA_Function_Library
0x080CF238	0x080CA26C	OpAnimCharacterFlyOutBg1		new-hint	FE_GBA_Function_Library
0x080CF384	0x080CA3B8	OpAnimCharacterFlyOut		new-hint	FE_GBA_Function_Library
0x080CF470	0x080CA4A4	OpAnimGatherUnitsBegin		new-hint	FE_GBA_Function_Library
0x080CF4A8	0x080CA4DC	OpAnimGatherUnitsMain		new-hint	FE_GBA_Function_Library
0x080CF8F8	0x080CA92C	OpAnimGatherUnitsEnd		new-hint	FE_GBA_Function_Library
0x080CF9D4	0x080CA9F8	OpAnimCalcObjSlideIn		new-hint	FE_GBA_Function_Library
0x080CFA14	0x080CAA38	OpAnimTitleFlyInSeg1		new-hint	FE_GBA_Function_Library
0x080CFB8C	0x080CABB0	OpAnimTitleFlyInSeg2		new-hint	FE_GBA_Function_Library
0x080CFDFC	0x080CAE20	OpAnimTitleFlyInSeg3		new-hint	FE_GBA_Function_Library
0x080CFF08	0x080CAF2C	OpAnimTitleFlyInSeg4		new-hint	FE_GBA_Function_Library
0x080D007C	0x080CB0A0	OpAnimTitleFlyInSeg5		new-hint	FE_GBA_Function_Library
0x080D01E8	0x080CB20C	OpAnimTitleFlyInSeg6		new-hint	FE_GBA_Function_Library
0x080D02FC	0x080CB320	OpAnimTitleFlyInSeg7		new-hint	FE_GBA_Function_Library
0x080D0570	0x080CB594	OpAnimTitleFlyInSeg8		new-hint	FE_GBA_Function_Library
0x080D067C	0x080CB6A0	OpAnimTitleFlyInSeg9		new-hint	FE_GBA_Function_Library
0x080D0854	0x080CB878	OpAnimTitleFlyInSeg10		new-hint	FE_GBA_Function_Library
0x080D0A40	0x080CBA64	OpAnimTitleFlyInSeg11		new-hint	FE_GBA_Function_Library
0x080D0C1C	0x080CBC40	OpAnimTitleFlyInSeg12		new-hint	FE_GBA_Function_Library
0x080D0D58	0x080CBD7C	OpAnimEnd		new-hint	FE_GBA_Function_Library
0x080D0DB4	-			new-hint	FE_GBA_Function_Library
0x080D0DD8	0x080CBE0C	GameIntroPrepareNintendofx		new-hint	FE_GBA_Function_Library
0x080D0EC4	0x080CBEF8	OpAnimHS_BrightenPalette		new-hint	FE_GBA_Function_Library
0x080D0F68	0x080CBF9C	OpAnimHS_InitFadeToBlack		new-hint	FE_GBA_Function_Library
0x080D0F8C	0x080CBFC0	OpAnimHS_FadeToBlackLoop		new-hint	FE_GBA_Function_Library
0x080D1040	0x080CC074	GameEarlyStartDelay		new-hint	FE_GBA_Function_Library
0x080D10A0	0x080CC1A0	GameIntroIntelligentSystemsFadeOUT		new-hint	FE_GBA_Function_Library
0x080D10E0	0x080CC13C	GameIntroIntelligentSystemsFadeIN		new-hint	FE_GBA_Function_Library
0x080D1144	0x080CC0FC	GameIntroNintendoFadeOUT		new-hint	FE_GBA_Function_Library
0x080D1184	0x080CC468	MakePromotionScreen	NewPromotionMain	funcmap-agree	FE_GBA_Function_Library
0x080D11B4	0x080CC498	Make6C_PromotionMain	NewPromotionMain_raw	new-hint	FE_GBA_Function_Library
0x080D11C8	0x080CC4AC	PromoMain_InitScreen		new-hint	FE_GBA_Function_Library
0x080D12D0	0x080CC5B4	PromoMain_HandleType		new-hint	FE_GBA_Function_Library
0x080D1344	0x080CC628	PromoHandleTraineePostType		new-hint	FE_GBA_Function_Library
0x080D1388	0x080CC66C	PromoMain_HandlePrepEndEffect		new-hint	FE_GBA_Function_Library
0x080D13B4	0x080CC698	PromoMain_OnEnd		new-hint	FE_GBA_Function_Library
0x080D13F0	0x080CC6D4	PromoHandler_SetupAndStartUI		new-hint	FE_GBA_Function_Library
0x080D1620	0x080CC904	PromoHandler_SetInitStat	PromotionInit_SetNullState	funcmap-agree	FE_GBA_Function_Library
0x080D162C	0x080CC910	PromoHandlerIdle	PromotionInit_Loop	new-hint	FE_GBA_Function_Library
0x080D165C	0x080CC940	StartTraineePromoScreen		new-hint	FE_GBA_Function_Library
0x080D16AC	0x080CC990	StartPrepScreenPromotion		new-hint	FE_GBA_Function_Library
0x080D1730	0x080CCA14	StartBmPromotion	NewPromotion	new-hint	FE_GBA_Function_Library
0x080D1780	0x080CCA64	ChangeClassDescription	ChangePromotionClassDescText	new-hint	FE_GBA_Function_Library
0x080D18D0	0x080CCBD4	ClassChgLoadEfxTerrain		new-hint	FE_GBA_Function_Library
0x080D18F0	0x080CCBF4	ClassChgLoadUI		new-hint	FE_GBA_Function_Library
0x080D1928	0x080CCC2C	ClassChgSelDrawPidName		new-hint	FE_GBA_Function_Library
0x080D19A0	0x080CCCA4	Check3rdTraineeEnabled	IsThirdTraineePromotionAllowed	new-hint	FE_GBA_Function_Library
0x080D1A3C	0x080CCD34	StartPromoClassSelect	Make6C_PromotionSub	new-hint	FE_GBA_Function_Library
0x080D1A50	0x080CCD48	Make6C_PromotionMenuSelect	PromotionDisplay_Init	new-hint	FE_GBA_Function_Library
0x080D1C68	0x080CCF60	ClassChgSel_InitDescAndBg	PromotionDisplay_InitClassDesc	new-hint	FE_GBA_Function_Library
0x080D1D1C	0x080CD014	LoadBattleSpritesForBranchScreen	PromotionDisplay_MainLoop	new-hint	FE_GBA_Function_Library
0x080D1ECC	0x080CD1D4	ClassChgSel_OnEndCleanupBm		new-hint	FE_GBA_Function_Library
0x080D1F10	0x080CD218	PrepClassChgOnCancel		new-hint	FE_GBA_Function_Library
0x080D1F8C	0x080CD294	ClassChgSel_RoutePreEndByType		new-hint	FE_GBA_Function_Library
0x080D1FC4	0x080CD2CC	ClassChgSel_RouteOnEndByType		new-hint	FE_GBA_Function_Library
0x080D1FF0	0x080CD2F8	StartAndWaitPromoSelect		new-hint	FE_GBA_Function_Library
0x080D2028	0x080CD330	PromoMain_WaitSelectDone		funcmap-agree	FE_GBA_Function_Library
0x080D2044	0x080CD34C	ClassChgSel_SetBlendWindowConfig		new-hint	FE_GBA_Function_Library
0x080D216C	0x080CD47C	ClassChgSel_StartClassBattleSprite		new-hint	FE_GBA_Function_Library
0x080D2260	0x080CD570	LoadClassBattleSprite	GetClassAnimationIdForWeapon	new-hint	FE_GBA_Function_Library
0x080D2308	0x080CD618	NewCcramifyEnd		new-hint	FE_GBA_Function_Library
0x080D231C	0x080CD62C	RefreshBMapDisplay_FromPromotion		new-hint	FE_GBA_Function_Library
0x080D2348	0x080CD658	PromoMain_SetupTraineeEvent		funcmap-agree	FE_GBA_Function_Library
0x080D2358	0x080CD668	StartPromoTraineeEvent		new-hint	FE_GBA_Function_Library
0x080D236C	0x080CD67C	RemovePromoTraineeEventFace		funcmap-agree	FE_GBA_Function_Library
0x080D23A0	0x080CD6B0	PromoTrainee_InitScreen		new-hint	FE_GBA_Function_Library
0x080D2480	0x080CD790	PromoTrainee_OnEnd		new-hint	FE_GBA_Function_Library
0x080D24EC	0x080CD7FC	PromoTrainee_Talk1		new-hint	FE_GBA_Function_Library
0x080D2588	0x080CD898	PromoTrainee_Talk2		new-hint	FE_GBA_Function_Library
0x080D25E8	0x080CD8F8	PromoTrainee_Talk3		new-hint	FE_GBA_Function_Library
0x080D2648	0x080CD958	PromoTrainee_Talk4		new-hint	FE_GBA_Function_Library
0x080D26A8	0x080CD9B8	PromoTrainee_Talk5		new-hint	FE_GBA_Function_Library
0x080D271C	0x080CDA2C	PromoMain_SetupTraineeEvent_		funcmap-agree	FE_GBA_Function_Library
0x080D2728	0x080CDA38	PromoTraineeEventExists		funcmap-agree	FE_GBA_Function_Library
0x080D273C	0x080CDA4C	ResetMenuTextCursors		new-hint	FE_GBA_Function_Library
0x080D2774	0x080CDA84	PromoSubConfirm_OnInit		new-hint	FE_GBA_Function_Library
0x080D2780	0x080CDA90	PromoSubConfirm_OnEnd		new-hint	FE_GBA_Function_Library
0x080D27C8	0x080CDAD8	PromoSubConfirmMenuOnSelect		new-hint	FE_GBA_Function_Library
0x080D280C	0x080CDB1C	ClassChgMenuSelOnInit		new-hint	FE_GBA_Function_Library
0x080D2818	0x080CDB28	ClassChgMenuSelOnEnd		new-hint	FE_GBA_Function_Library
0x080D2824	0x080CDB34	ClassChgMenuItem_OnSelect	PromotionCommand_OnSelect	new-hint	FE_GBA_Function_Library
0x080D2904	0x080CDC14	ClassChgMenuSelOnPressB		new-hint	FE_GBA_Function_Library
0x080D2938	0x080CDC48	ClassChgMenuOnDrawCore		new-hint	FE_GBA_Function_Library
0x080D29C0	0x080CDCC4	ClassChgMenuItem_OnTextDraw	PromotionCommand_OnTextDraw	new-hint	FE_GBA_Function_Library
0x080D29FC	0x080CDD00	ClassChgMenuItem_OnChange	PromotionCommand_OnChange	new-hint	FE_GBA_Function_Library
0x080D2A34	0x080CDD38	ClassChgMenuItem_3rdUsability	Usability_ThirdPromotionOption	new-hint	FE_GBA_Function_Library
0x080D2A74	0x080CDD78	ClassChgMenuExec	PromotionMenuSelect_OnInit	new-hint	FE_GBA_Function_Library
0x080D2AD8	0x080CDDDC	NewClassChgMenuSelect	StartPromotionMenuSelect	new-hint	FE_GBA_Function_Library
0x080D2AEC	0x080CDDF0	ClassChgExecPromotionReal		new-hint	FE_GBA_Function_Library
0x080D2B70	0x080CDE74	ClassChgPostConfirmWaitBanimEnd		new-hint	FE_GBA_Function_Library
0x080D2B94	0x080CDE98	ClassChgPostConfirmGetUnit		new-hint	FE_GBA_Function_Library
0x080D2BA4	0x080CDEA8	ExecClassChgReal		new-hint	FE_GBA_Function_Library
0x080D2C48	0x080CDF4C	IsGuideLocked		new-hint	FE_GBA_Function_Library
0x080D2C74	0x080CDF78	GuideSpriteDraw_Init		new-hint	FE_GBA_Function_Library
0x080D2C84	0x080CDF88	GuideSpriteDraw_Loop		new-hint	FE_GBA_Function_Library
0x080D2E44	0x080CE148	PutGuideBottomBarText		new-hint	FE_GBA_Function_Library
0x080D2EBC	0x080CE1C0	PutGuideCategoryName		new-hint	FE_GBA_Function_Library
0x080D2F44	0x080CE248	PutGuideCategoryList		funcmap-agree	FE_GBA_Function_Library
0x080D2F88	0x080CE28C	ClearGuideCategoryTilemap		funcmap-agree	FE_GBA_Function_Library
0x080D2FE0	0x080CE2E4	GuideMenuRefresh_SyncBg1		new-hint	FE_GBA_Function_Library
0x080D2FEC	0x080CE2F0	GuideMenuRefresh_SyncBg0Bg1		new-hint	FE_GBA_Function_Library
0x080D2FF8	0x080CE2FC	GuideEntry_RedrawUp		new-hint	FE_GBA_Function_Library
0x080D3084	0x080CE388	GuideEntry_RedrawDown		new-hint	FE_GBA_Function_Library
0x080D3110	0x080CE414	BuildAndPutGuideEntryList		new-hint	FE_GBA_Function_Library
0x080D3284	0x080CE588	GuideEntry_DrawInitial		funcmap-agree	FE_GBA_Function_Library
0x080D32B8	0x080CE5BC	GetStringNextLine		new-hint	FE_GBA_Function_Library
0x080D32EC	0x080CE5F0	MoveGuideDetailText		new-hint	FE_GBA_Function_Library
0x080D344C	0x080CE750	GuideList_ScrollUp		new-hint	FE_GBA_Function_Library
0x080D3554	0x080CE858	GuideList_ScrollDown		new-hint	FE_GBA_Function_Library
0x080D3658	0x080CE95C	GuideDetailsRedraw_Init		new-hint	FE_GBA_Function_Library
0x080D36E4	0x080CE9E8	GuideDetailsRedraw_Loop		new-hint	FE_GBA_Function_Library
0x080D37E4	0x080CEAE8	BuildGuideTopicList		new-hint	FE_GBA_Function_Library
0x080D38A0	0x080CEBA4	BuildGuideChapterList		new-hint	FE_GBA_Function_Library
0x080D3964	0x080CEC68	SetGuidePanelTilemapPalette		funcmap-agree	FE_GBA_Function_Library
0x080D39AC	0x080CECB0	Guide_Init		new-hint	FE_GBA_Function_Library
0x080D3C0C	0x080CEF10	Guide_SetBlend		new-hint	FE_GBA_Function_Library
0x080D3C44	0x080CEF48	GetGuideAction		funcmap-agree	FE_GBA_Function_Library
0x080D3CD0	0x080CEFD4	Guide_MainLoop		new-hint	FE_GBA_Function_Library
0x080D4140	0x080CF448	Guide_OnEnd		new-hint	FE_GBA_Function_Library
0x080D4158	0x080CF460	BmGuideTextSetAllGreen		new-hint	FE_GBA_Function_Library
0x080D4178	0x080CF480	BmGuideTextShowGreenOrNormal		new-hint	FE_GBA_Function_Library
0x080D41B0	0x080CF4B8	umul3232H32	m4a_1	funcmap-agree	FE_GBA_Function_Library
0x080D41C0	0x080CF4C8	SoundMain	SoundMain	funcmap-agree	FE_GBA_Function_Library
0x080D4244	0x080CF54C	SoundMainRAM	SoundMainRAM	funcmap-agree	FE_GBA_Function_Library
0x080D45E2	0x080CF8EA	_081DD25E	nullsub_88	new-hint	FE_GBA_Function_Library
0x080D45E8	0x080CF8F0	SoundMainBTM	SoundMainBTM	funcmap-agree	FE_GBA_Function_Library
0x080D4600	0x080CF908	RealClearChain	RealClearChain	funcmap-agree	FE_GBA_Function_Library
0x080D4620	0x080CF928	ply_fine	ply_fine	funcmap-agree	FE_GBA_Function_Library
0x080D4650	0x080CF958	MPlayJumpTableCopy	MPlayJumpTableCopy	funcmap-agree	FE_GBA_Function_Library
0x080D4668	0x080CF970	ldrb_r3_r2	ldrb_r3_r2	new-hint	FE_GBA_Function_Library
0x080D466A	0x080CF972	chk_adr_r2	chk_adr_r2	new-hint	FE_GBA_Function_Library
0x080D4684	0x080CF98C	ld_r3_tp_adr_i	ld_r3_tp_adr_i	funcmap-agree	FE_GBA_Function_Library
0x080D4690	0x080CF998	ply_goto	ply_goto	funcmap-agree	FE_GBA_Function_Library
0x080D46B0	0x080CF9B8	ply_patt	ply_patt	funcmap-agree	FE_GBA_Function_Library
0x080D46CC	0x080CF9D4	ply_pend	ply_pend	funcmap-agree	FE_GBA_Function_Library
0x080D46E0	0x080CF9E8	ply_rept	ply_rept	funcmap-agree	FE_GBA_Function_Library
0x080D4710	0x080CFA18	ply_prio	ply_prio	funcmap-agree	FE_GBA_Function_Library
0x080D471C	0x080CFA24	ply_tempo	ply_tempo	funcmap-agree	FE_GBA_Function_Library
0x080D4730	0x080CFA38	ply_keysh	ply_keysh	funcmap-agree	FE_GBA_Function_Library
0x080D4744	0x080CFA4C	ply_voice	ply_voice	funcmap-agree	FE_GBA_Function_Library
0x080D4774	0x080CFA7C	ply_vol	ply_vol	funcmap-agree	FE_GBA_Function_Library
0x080D4788	0x080CFA90	ply_pan	ply_pan	funcmap-agree	FE_GBA_Function_Library
0x080D479C	0x080CFAA4	ply_bend	ply_bend	funcmap-agree	FE_GBA_Function_Library
0x080D47B0	0x080CFAB8	ply_bendr	ply_bendr	funcmap-agree	FE_GBA_Function_Library
0x080D47C4	0x080CFACC	ply_lfodl	ply_lfodl	funcmap-agree	FE_GBA_Function_Library
0x080D47D0	0x080CFAD8	ply_modt	ply_modt	funcmap-agree	FE_GBA_Function_Library
0x080D47E8	0x080CFAF0	ply_tune	ply_tune	funcmap-agree	FE_GBA_Function_Library
0x080D47FC	0x080CFB04	ply_port	ply_port	funcmap-agree	FE_GBA_Function_Library
0x080D480C	0x080CFB14			new-hint	FE_GBA_Function_Library
0x080D4814	0x080CFB1C	m4aSoundVSync	m4aSoundVSync	funcmap-agree	FE_GBA_Function_Library
0x080D4860	0x080CFB68	MPlayMain	MPlayMain	funcmap-agree	FE_GBA_Function_Library
0x080D4AB8	0x080CFDC0	call_r3	nullsub_89	new-hint	FE_GBA_Function_Library
0x080D4AC8	0x080CFDD0	TrackStop	TrackStop	funcmap-agree	FE_GBA_Function_Library
0x080D4B0C	0x080CFE14	ChnVolSetAsm	ChnVolSetAsm	funcmap-agree	FE_GBA_Function_Library
0x080D4B3C	0x080CFE44	ply_note	ply_note_rev01	funcmap-agree	FE_GBA_Function_Library
0x080D4D3C	0x080D0044	ply_endtie	ply_endtie_rev01	funcmap-agree	FE_GBA_Function_Library
0x080D4D7C	0x080D0084	clear_modM	clear_modM	funcmap-agree	FE_GBA_Function_Library
0x080D4D98	0x080D00A0	ld_r3_tp_adr_i_unchecked	ld_r3_tp_adr_i_rev	new-hint	FE_GBA_Function_Library
0x080D4DA4	0x080D00AC	ply_lfos	ply_lfos_rev01	funcmap-agree	FE_GBA_Function_Library
0x080D4DB8	0x080D00C0	ply_mod	ply_mod_rev01	funcmap-agree	FE_GBA_Function_Library
0x080D4DCC	0x080D00D4	MidiKeyToFreq	MidiKey2fr	funcmap-agree	FE_GBA_Function_Library
0x080D4E34	0x080D013C	MPlayContinue	MPlayContinue	funcmap-agree	FE_GBA_Function_Library
0x080D4E50	0x080D0158	MPlayFadeOut	SoundStuff_80D0158	funcmap-agree	FE_GBA_Function_Library
0x080D4E70	0x080D0178	m4aSoundInit	m4aSoundInit	funcmap-agree	FE_GBA_Function_Library
0x080D4EE8	0x080D01F0	m4aSoundMain	m4aSoundMain	funcmap-agree	FE_GBA_Function_Library
0x080D4EF4	0x080D01FC	m4aSongNumStart	m4aSongNumStart	funcmap-agree	FE_GBA_Function_Library
0x080D4F20	0x080D0228	m4aSongNumStartOrChange		funcmap-agree	FE_GBA_Function_Library
0x080D4F6C	0x080D0274	m4aSongNumStartOrContinue		funcmap-agree	FE_GBA_Function_Library
0x080D4FC0	0x080D02C8	m4aSongNumStop	m4aSongNumStop	funcmap-agree	FE_GBA_Function_Library
0x080D4FF4	0x080D02FC	m4aSongNumContinue	m4aSongNumStartOrContinue	funcmap-agree	FE_GBA_Function_Library
0x080D5028	0x080D0330	m4aMPlayAllStop	m4aMPlayAllStop	funcmap-agree	FE_GBA_Function_Library
0x080D5054	0x080D035C	m4aMPlayContinue	m4aMPlayContinue	funcmap-agree	FE_GBA_Function_Library
0x080D5060	0x080D0368	m4aMPlayAllContinue	m4aMPlayAllContinue	funcmap-agree	FE_GBA_Function_Library
0x080D508C	0x080D0394	m4aMPlayFadeOut	m4aMPlayFadeOut	funcmap-agree	FE_GBA_Function_Library
0x080D509C	0x080D03A4	m4aMPlayFadeOutTemporarily	m4aMPlayFadeOutTemporarily	funcmap-agree	FE_GBA_Function_Library
0x080D50BC	0x080D03C4	m4aMPlayFadeIn	m4aMPlayFadeIn	funcmap-agree	FE_GBA_Function_Library
0x080D50E4	0x080D03EC	m4aMPlayImmInit	m4aMPlayImmInit	funcmap-agree	FE_GBA_Function_Library
0x080D512C	0x080D0434	MPlayExtender	MPlayExtender	funcmap-agree	FE_GBA_Function_Library
0x080D5248	0x080D0550	ClearChain	ClearChain	new-hint	FE_GBA_Function_Library
0x080D525C	0x080D0564	Clear64byte	Clear64byte	new-hint	FE_GBA_Function_Library
0x080D5270	0x080D0578	SoundInit	SoundInit	funcmap-agree	FE_GBA_Function_Library
0x080D5368	0x080D0670	SampleFreqSet	SampleFreqSet	new-hint	FE_GBA_Function_Library
0x080D540C	0x080D0714	m4aSoundMode	m4aSoundMode	funcmap-agree	FE_GBA_Function_Library
0x080D54A4	0x080D07AC	SoundClear	SoundClear	new-hint	FE_GBA_Function_Library
0x080D54F8	0x080D0800	m4aSoundVSyncOff	m4aSoundVSyncOff	funcmap-agree	FE_GBA_Function_Library
0x080D5574	0x080D087C	m4aSoundVSyncOn	m4aSoundVSyncOn	funcmap-agree	FE_GBA_Function_Library
0x080D55B0	0x080D08B8	MPlayOpen	MPlayOpen	funcmap-agree	FE_GBA_Function_Library
0x080D5628	0x080D0930	MPlayStart	MPlayStart	funcmap-agree	FE_GBA_Function_Library
0x080D570C	0x080D0A14	m4aMPlayStop	m4aMPlayStop	funcmap-agree	FE_GBA_Function_Library
0x080D574C	0x080D0A54	FadeOutBody	FadeOutBody	funcmap-agree	FE_GBA_Function_Library
0x080D5814	0x080D0B1C	TrkVolPitSet	TrkVolPitSet	funcmap-agree	FE_GBA_Function_Library
0x080D58C8	0x080D0BD0	MidiKeyToCgbFreq	MidiKeyToCgbFreq	funcmap-agree	FE_GBA_Function_Library
0x080D5970	0x080D0C78	CgbOscOff	CgbOscOff	funcmap-agree	FE_GBA_Function_Library
0x080D59C0	0x080D0CC8	CgbModVol	CgbModVol	funcmap-agree	FE_GBA_Function_Library
0x080D5A28	0x080D0D30	CgbSound		funcmap-agree	FE_GBA_Function_Library
0x080D5E74	0x080D117C	m4aMPlayTempoControl		funcmap-agree	FE_GBA_Function_Library
0x080D5E9C	0x080D11A4	m4aMPlayVolumeControl	m4aMPlayVolumeControl	funcmap-agree	FE_GBA_Function_Library
0x080D5F04	0x080D120C	m4aMPlayPitchControl		funcmap-agree	FE_GBA_Function_Library
0x080D5F78	0x080D1280	m4aMPlayPanpotControl		funcmap-agree	FE_GBA_Function_Library
0x080D5FE0	0x080D12E8	ClearModM		funcmap-agree	FE_GBA_Function_Library
0x080D6000	0x080D1308	m4aMPlayModDepthSet		funcmap-agree	FE_GBA_Function_Library
0x080D6074	0x080D137C	m4aMPlayLFOSpeedSet		funcmap-agree	FE_GBA_Function_Library
0x080D60E8	0x080D13F0	ply_memacc		new-hint	FE_GBA_Function_Library
0x080D6240	0x080D1548	ply_xcmd		new-hint	FE_GBA_Function_Library
0x080D6260	0x080D1568	ply_xxx	ply_memacc	new-hint	FE_GBA_Function_Library
0x080D6274	0x080D157C	ply_xwave	ply_xwave	funcmap-agree	FE_GBA_Function_Library
0x080D62BC	0x080D15C4	ply_xtype	ply_xtype	funcmap-agree	FE_GBA_Function_Library
0x080D62D0	0x080D15D8	ply_xatta	ply_xatta	funcmap-agree	FE_GBA_Function_Library
0x080D62E4	0x080D15EC	ply_xdeca	ply_xdeca	funcmap-agree	FE_GBA_Function_Library
0x080D62F8	0x080D1600	ply_xsust	ply_xsust	funcmap-agree	FE_GBA_Function_Library
0x080D630C	0x080D1614	ply_xrele	ply_xrele	funcmap-agree	FE_GBA_Function_Library
0x080D6320	0x080D1628	ply_xiecv	ply_xiecv	funcmap-agree	FE_GBA_Function_Library
0x080D632C	0x080D1634	ply_xiecl	ply_xswee	funcmap-agree	FE_GBA_Function_Library
0x080D6338	0x080D1640	ply_xleng	ply_xcmd_0C	funcmap-agree	FE_GBA_Function_Library
0x080D634C	0x080D1654	ply_xswee	ply_xcmd_0D	funcmap-agree	FE_GBA_Function_Library
0x080D6364	0x080D166C	ArcTan2	ArcTan2	new-hint	FE_GBA_Function_Library
0x080D6368	0x080D1670	BgAffineSet	BgAffineSet	new-hint	FE_GBA_Function_Library
0x080D636C	0x080D1674	CpuFastSet	CpuFastSet	new-hint	FE_GBA_Function_Library
0x080D6370	0x080D1678	CpuSet	CpuSet	new-hint	FE_GBA_Function_Library
0x080D6374	0x080D167C	Div	Div	new-hint	FE_GBA_Function_Library
0x080D6378	0x080D1680	DivArm	DivArm	new-hint	FE_GBA_Function_Library
0x080D637C	0x080D1684	DivRem	Mod	new-hint	FE_GBA_Function_Library
0x080D6390	0x080D1690	LZ77UnCompVram	LZ77UnCompVram	new-hint	FE_GBA_Function_Library
0x080D6394	0x080D1694	LZ77UnCompWram	LZ77UnCompWram	new-hint	FE_GBA_Function_Library
0x080D6398	0x080D1698	MultiBoot	SVC_Multiboot	new-hint	FE_GBA_Function_Library
0x080D63A0	0x080D16A0	ObjAffineSet	ObjAffineSet	new-hint	FE_GBA_Function_Library
0x080D63AC	0x080D16B0	SoftReset	SoftReset	funcmap-agree	FE_GBA_Function_Library
0x080D63C4	0x080D16C8	SoundBiasReset	SoundBiasReset	new-hint	FE_GBA_Function_Library
0x080D63CC	0x080D16D0	SoundBiasSet	SoundBiasSet	new-hint	FE_GBA_Function_Library
0x080D63D4	0x080D16D8	Sqrt	SVC_Sqrt	new-hint	FE_GBA_Function_Library
0x080D63D8	0x080D16DC	VBlankIntrWait	VBlankIntrWait	new-hint	FE_GBA_Function_Library
0x080D63E0	0x080D16E4	ReadSramFast_Core	ReadSramFast_Core	new-hint	FE_GBA_Function_Library
0x080D6420	0x080D1724	WriteSramFast	WriteSramFast	new-hint	FE_GBA_Function_Library
0x080D6460	0x080D1764	VerifySramFast_Core	VerifySramFast_Core	funcmap-agree	FE_GBA_Function_Library
0x080D64AC	0x080D17B0	SetSramFastFunc	SetSramFastFunc	funcmap-agree	FE_GBA_Function_Library
0x080D6548	0x080D184C	WriteAndVerifySramFast	WriteAndVerifySramFast	funcmap-agree	FE_GBA_Function_Library
0x080D6588	0x080D188C	__ashldi3	llsl_thumb	funcmap-agree	FE_GBA_Function_Library
0x080D65C0	0x080D18C4	_call_via_r1	BXR1	new-hint	FE_GBA_Function_Library
0x080D65C4	0x080D18C8	_call_via_r2	BXR2	new-hint	FE_GBA_Function_Library
0x080D65C8	0x080D18CC	_call_via_r3	BXR3	new-hint	FE_GBA_Function_Library
0x080D65CC	0x080D18D0	_call_via_r4	BXR4	new-hint	FE_GBA_Function_Library
0x080D65D0	0x080D18D4	_call_via_r5	BXR5	new-hint	FE_GBA_Function_Library
0x080D65D4	0x080D18D8	_call_via_r6	BXR6	new-hint	FE_GBA_Function_Library
0x080D65D8	0x080D18DC	_call_via_r7	BXR7	new-hint	FE_GBA_Function_Library
0x080D65DC	0x080D18E0	_call_via_r8	BXR8	new-hint	FE_GBA_Function_Library
0x080D65E0	0x080D18E4	_call_via_r9	BXR9	new-hint	FE_GBA_Function_Library
0x080D65E4	0x080D18E8	_call_via_sl	BXR10	new-hint	FE_GBA_Function_Library
0x080D65E8	0x080D18EC	_call_via_fp	BXR11	new-hint	FE_GBA_Function_Library
0x080D65EC	0x080D18F0	_call_via_ip	BXR12	new-hint	FE_GBA_Function_Library
0x080D65F8	0x080D18FC	__divsi3	__divsi3	funcmap-agree	FE_GBA_Function_Library
0x080D668C	0x080D1990	__div0	nullsub_1	new-hint	FE_GBA_Function_Library
0x080D6690	0x080D1994	__modsi3	__modsi3	funcmap-agree	FE_GBA_Function_Library
0x080D6760	0x080D1A64	__muldi3	.gcc2_compiled._28	funcmap-agree	FE_GBA_Function_Library
0x080D67D0	0x080D1AD4	__udivsi3	_div	funcmap-agree	FE_GBA_Function_Library
0x080D6848	0x080D1B4C	__umodsi3	__umodsi3	funcmap-agree	FE_GBA_Function_Library
0x080D6908	0x080D1C0C	memcpy	memcpy	funcmap-agree	FE_GBA_Function_Library
0x080D6968	0x080D1C6C	memset	memset	funcmap-agree	FE_GBA_Function_Library
0x080D69BC	0x080D1D3C	strcpy	strcpy	funcmap-agree	FE_GBA_Function_Library
0x080D6A08	0x080D1D88	strlen	strlen	funcmap-agree	FE_GBA_Function_Library
0x080D6A4C	0x080D2F7C	vsprintf	.gcc2_compiled._16	new-hint	FE_GBA_Function_Library
0x080D6A80	0x080D1E10	__sprint	.gcc2_compiled._15	new-hint	FE_GBA_Function_Library
0x080D6AA0	0x080D1E30	__sbprintf	__sbprintf	new-hint	FE_GBA_Function_Library
0x080D6B14	0x080D1EA4	vfprintf	vfprintf	funcmap-agree	FE_GBA_Function_Library
0x080D6B28	0x080D1EB8	_vfprintf_r	_vfprintf_r	new-hint	FE_GBA_Function_Library
0x080D7A88	0x080D2E18	cvt	cvt	new-hint	FE_GBA_Function_Library
0x080D7B7C	0x080D2F0C	exponent	exponent	new-hint	FE_GBA_Function_Library
0x080D7BEC	0x080D2FB0	__swsetup	.gcc2_compiled._17	funcmap-agree	FE_GBA_Function_Library
0x080D7C98	0x080D305C	quorem		new-hint	FE_GBA_Function_Library
0x080D7DF4	0x080D31B8	_dtoa_r	_dtoa_r	new-hint	FE_GBA_Function_Library
0x080D8AEC	0x080D3EB0	fflush	.gcc2_compiled._19	new-hint	FE_GBA_Function_Library
0x080D8B80	0x080D3F44	std		funcmap-agree	FE_GBA_Function_Library
0x080D8BB8	0x080D3F7C	__sfmoreglue	__sfmoreglue	new-hint	FE_GBA_Function_Library
0x080D8BE8	0x080D3FAC	__sfp	__sfp	funcmap-agree	FE_GBA_Function_Library
0x080D8C5C	0x080D4020	_cleanup_r	_cleanup_r	funcmap-agree	FE_GBA_Function_Library
0x080D8C6C	0x080D4030	_cleanup	_cleanup	funcmap-agree	FE_GBA_Function_Library
0x080D8C7C	0x080D4040	__sinit	__sinit	funcmap-agree	FE_GBA_Function_Library
0x080D8CDC	0x080D40A0	_free_r	.gcc2_compiled._21	funcmap-agree	FE_GBA_Function_Library
0x080D8E9C	0x080D4260	_malloc_trim_r	_malloc_trim_r	new-hint	FE_GBA_Function_Library
0x080D8F5C	0x080D4320	__sfvwrite	.gcc2_compiled._22	new-hint	FE_GBA_Function_Library
0x080D9188	0x080D454C	_fwalk	.gcc2_compiled._23	new-hint	FE_GBA_Function_Library
0x080D91C8	0x080D458C	_setlocale_r	.gcc2_compiled._24	funcmap-agree	FE_GBA_Function_Library
0x080D9204	0x080D45C8	_localeconv_r	_localeconv_r	new-hint	FE_GBA_Function_Library
0x080D920C	0x080D45D0	setlocale	setlocale	funcmap-agree	FE_GBA_Function_Library
0x080D9224	0x080D45E8	localeconv	localeconv	funcmap-agree	FE_GBA_Function_Library
0x080D9234	0x080D45F8	__smakebuf	.gcc2_compiled._25	funcmap-agree	FE_GBA_Function_Library
0x080D9310	0x080D46D4	malloc_extend_top	.gcc2_compiled._26	funcmap-agree	FE_GBA_Function_Library
0x080D946C	0x080D4830	_malloc_r	_malloc_r	funcmap-agree	FE_GBA_Function_Library
0x080D982C	0x080D4BF0	_mbtowc_r	.gcc2_compiled._27	funcmap-agree	FE_GBA_Function_Library
0x080D9858	0x080D4C1C	memchr	.gcc2_compiled._28	funcmap-agree	FE_GBA_Function_Library
0x080D98D8	0x080D4C9C	memmove	.gcc2_compiled._29	funcmap-agree	FE_GBA_Function_Library
0x080D9960	0x080D4D24	__malloc_lock	nullsub_3	new-hint	FE_GBA_Function_Library
0x080D9964	0x080D4D28	__malloc_unlock	nullsub_4	new-hint	FE_GBA_Function_Library
0x080D9968	0x080D4D2C	_Balloc	.gcc2_compiled._30	funcmap-agree	FE_GBA_Function_Library
0x080D99C0	0x080D4D84	_Bfree	_Bfree	funcmap-agree	FE_GBA_Function_Library
0x080D99D8	0x080D4D9C	_multadd	_multadd	new-hint	FE_GBA_Function_Library
0x080D9A70	0x080D4E34	_s2b	_s2b	new-hint	FE_GBA_Function_Library
0x080D9AF4	0x080D4EB8	_hi0bits	_hi0bits	funcmap-agree	FE_GBA_Function_Library
0x080D9B4C	0x080D4F10	_lo0bits	_lo0bits	funcmap-agree	FE_GBA_Function_Library
0x080D9BD0	0x080D4F94	_i2b	_i2b	funcmap-agree	FE_GBA_Function_Library
0x080D9BE4	0x080D4FA8	_multiply	_multiply	funcmap-agree	FE_GBA_Function_Library
0x080D9D50	0x080D5114	_pow5mult	_pow5mult	funcmap-agree	FE_GBA_Function_Library
0x080D9DE8	0x080D51AC	_lshift	_lshift	funcmap-agree	FE_GBA_Function_Library
0x080D9E88	0x080D524C	__mcmp	__mcmp	funcmap-agree	FE_GBA_Function_Library
0x080D9EC8	0x080D528C	__mdiff	__mdiff	funcmap-agree	FE_GBA_Function_Library
0x080D9FB8	0x080D537C	_ulp	_ulp	funcmap-agree	FE_GBA_Function_Library
0x080DA004	0x080D53C8	_b2d	_b2d	funcmap-agree	FE_GBA_Function_Library
0x080DA0C0	0x080D5484	_d2b	_d2b	funcmap-agree	FE_GBA_Function_Library
0x080DA1A8	0x080D556C	_ratio	_ratio	funcmap-agree	FE_GBA_Function_Library
0x080DA1F8	0x080D55BC	_mprec_log10	_mprec_log10	funcmap-agree	FE_GBA_Function_Library
0x080DA238	0x080D55FC	isinf	.gcc2_compiled._31	funcmap-agree	FE_GBA_Function_Library
0x080DA25C	0x080D5620	isnan	.gcc2_compiled._32	funcmap-agree	FE_GBA_Function_Library
0x080DA27C	0x080D5640	_sbrk_r	.gcc2_compiled._44	funcmap-agree	FE_GBA_Function_Library
0x080DA2A8	0x080D566C	__sread	.gcc2_compiled._33	funcmap-agree	FE_GBA_Function_Library
0x080DA2DC	0x080D56A0	__swrite	__swrite	funcmap-agree	FE_GBA_Function_Library
0x080DA31C	0x080D56E0	__sseek	__sseek	funcmap-agree	FE_GBA_Function_Library
0x080DA35C	0x080D5720	__sclose	__sclose	funcmap-agree	FE_GBA_Function_Library
0x080DA36C	0x080D5730	strcmp		funcmap-agree	FE_GBA_Function_Library
0x080DA3C8	0x080D578C	findslot	.gcc2_compiled._35	funcmap-agree	FE_GBA_Function_Library
0x080DA3E8	0x080D57AC	remap_handle	remap_handle	funcmap-agree	FE_GBA_Function_Library
0x080DA434	0x080D57F8	initialise_monitor_handles	initialise_monitor_handles	funcmap-agree	FE_GBA_Function_Library
0x080DA4A4	0x080D5868	get_errno	get_errno	funcmap-agree	FE_GBA_Function_Library
0x080DA4B8	0x080D587C	error	error	funcmap-agree	FE_GBA_Function_Library
0x080DA4CC	0x080D5890	wrap	wrap	funcmap-agree	FE_GBA_Function_Library
0x080DA4E4	0x080D58A8	_swiread	_swiread	funcmap-agree	FE_GBA_Function_Library
0x080DA508	0x080D58CC	_read	_read	funcmap-agree	FE_GBA_Function_Library
0x080DA550	0x080D5914	_swilseek	_swilseek	funcmap-agree	FE_GBA_Function_Library
0x080DA5D4	0x080D5998	_lseek	_lseek	funcmap-agree	FE_GBA_Function_Library
0x080DA5E0	0x080D59A4	_swiwrite	_swiwrite	funcmap-agree	FE_GBA_Function_Library
0x080DA604	0x080D59C8	_write	_write	funcmap-agree	FE_GBA_Function_Library
0x080DA650	0x080D5A14	_swiopen	_swiopen	new-hint	FE_GBA_Function_Library
0x080DA6F0	0x080D5AB4	_open	_open	funcmap-agree	FE_GBA_Function_Library
0x080DA704	0x080D5AC8	_swiclose	_swiclose	funcmap-agree	FE_GBA_Function_Library
0x080DA738	0x080D5AFC	_close	_close	funcmap-agree	FE_GBA_Function_Library
0x080DA744	0x080D5B08	_exit	_exit	new-hint	FE_GBA_Function_Library
0x080DA764	0x080D5B28	_kill	_kill	new-hint	FE_GBA_Function_Library
0x080DA788	0x080D5B4C	_sbrk	_sbrk	funcmap-agree	FE_GBA_Function_Library
0x080DA7C4	0x080D5B88	_fstat	_fstat	funcmap-agree	FE_GBA_Function_Library
0x080DA7D0	0x080D5B94	_unlink	_unlink	new-hint	FE_GBA_Function_Library
0x080DA7DC	0x080D5BA0	_gettimeofday	_gettimeofday	funcmap-agree	FE_GBA_Function_Library
0x080DA808	0x080D5BCC	_times	_times	funcmap-agree	FE_GBA_Function_Library
0x080DA82C	0x080D5BF0	_write_r	.gcc2_compiled._36	funcmap-agree	FE_GBA_Function_Library
0x080DA85C	0x080D5C20	_calloc_r	.gcc2_compiled._37	new-hint	FE_GBA_Function_Library
0x080DA8B4	0x080D5C78	_close_r		funcmap-agree	FE_GBA_Function_Library
0x080DA8E0	0x080D5CA4	__errno	.gcc2_compiled._39	new-hint	FE_GBA_Function_Library
0x080DA8EC	0x080D5CB0	_fstat_r	.gcc2_compiled._40	funcmap-agree	FE_GBA_Function_Library
0x080DA918	0x080D5CDC	abort	.gcc2_compiled._41	funcmap-agree	FE_GBA_Function_Library
0x080DA938	0x080D5CFC	isatty	isatty	new-hint	FE_GBA_Function_Library
0x080DA940	0x080D5D04	_lseek_r	.gcc2_compiled._42	funcmap-agree	FE_GBA_Function_Library
0x080DA970	0x080D5D34	_read_r	.gcc2_compiled._43	funcmap-agree	FE_GBA_Function_Library
0x080DA9A0	0x080D5D64	__pack_d	.gcc2_compiled._47	funcmap-agree	FE_GBA_Function_Library
0x080DAAE8	0x080D5EAC	__unpack_d	__unpack_d	funcmap-agree	FE_GBA_Function_Library
0x080DABC0	0x080D5F84	_fpadd_parts	_fpadd_parts	funcmap-agree	FE_GBA_Function_Library
0x080DAE2C	0x080D61F0	__adddf3	__adddf3	funcmap-agree	FE_GBA_Function_Library
0x080DAE5C	0x080D6220	__subdf3	__subdf3	funcmap-agree	FE_GBA_Function_Library
0x080DAE94	0x080D6258	__muldf3	__muldf3	new-hint	FE_GBA_Function_Library
0x080DB13C	0x080D6500	__divdf3	__divdf3	funcmap-agree	FE_GBA_Function_Library
0x080DB2C4	0x080D6688	__fpcmp_parts_d	__fpcmp_parts_d	funcmap-agree	FE_GBA_Function_Library
0x080DB3C4	0x080D6788	__cmpdf2	__cmpdf2	funcmap-agree	FE_GBA_Function_Library
0x080DB3F0	0x080D67B4	__eqdf2	__eqdf2	funcmap-agree	FE_GBA_Function_Library
0x080DB43C	0x080D6800	__nedf2	__nedf2	funcmap-agree	FE_GBA_Function_Library
0x080DB488	0x080D684C	__gtdf2	__gtdf2	funcmap-agree	FE_GBA_Function_Library
0x080DB4D4	0x080D6898	__gedf2	__gedf2	funcmap-agree	FE_GBA_Function_Library
0x080DB520	0x080D68E4	__ltdf2	__ltdf2	funcmap-agree	FE_GBA_Function_Library
0x080DB56C	0x080D6930	__ledf2	__ledf2	funcmap-agree	FE_GBA_Function_Library
0x080DB5B8	0x080D697C	__floatsidf	__floatsidf	funcmap-agree	FE_GBA_Function_Library
0x080DB634	0x080D69F8	__fixdfsi	__fixdfsi	funcmap-agree	FE_GBA_Function_Library
0x080DB6A8	0x080D6A6C	__negdf2	__negdf2	funcmap-agree	FE_GBA_Function_Library
0x080DB6D0	0x080D6A94	__make_dp	__make_dp	funcmap-agree	FE_GBA_Function_Library
0x080DB6F8	0x080D6ABC	__truncdfsf2	__truncdfsf2	funcmap-agree	FE_GBA_Function_Library
0x080DB73C	0x080D6B00	__pack_f	.gcc2_compiled._48	funcmap-agree	FE_GBA_Function_Library
0x080DB7F4	0x080D6BB8	__unpack_f	__unpack_f	funcmap-agree	FE_GBA_Function_Library
0x080DB870	0x080D6C34	_fpadd_parts	_fpadd_parts_0	funcmap-agree	FE_GBA_Function_Library
0x080DB9EC	0x080D6DB0	__addsf3	__addsf3	funcmap-agree	FE_GBA_Function_Library
0x080DBA18	0x080D6DDC	__subsf3	__subsf3	funcmap-agree	FE_GBA_Function_Library
0x080DBA4C	0x080D6E10	__mulsf3	__mulsf3	new-hint	FE_GBA_Function_Library
0x080DBBB0	0x080D6F74	__divsf3	__divsf3	funcmap-agree	FE_GBA_Function_Library
0x080DBC9C	0x080D7060	__fpcmp_parts_f	__fpcmp_parts_f	funcmap-agree	FE_GBA_Function_Library
0x080DBD80	0x080D7144	__cmpsf2	__cmpsf2	funcmap-agree	FE_GBA_Function_Library
0x080DBDA8	0x080D716C	__eqsf2	__eqsf2	funcmap-agree	FE_GBA_Function_Library
0x080DBDF0	0x080D71B4	__nesf2	__nesf2	funcmap-agree	FE_GBA_Function_Library
0x080DBE38	0x080D71FC	__gtsf2	__gtsf2	funcmap-agree	FE_GBA_Function_Library
0x080DBE80	0x080D7244	__gesf2	__gesf2	funcmap-agree	FE_GBA_Function_Library
0x080DBEC8	0x080D728C	__ltsf2	__ltsf2	funcmap-agree	FE_GBA_Function_Library
0x080DBF10	0x080D72D4	__lesf2	__lesf2	funcmap-agree	FE_GBA_Function_Library
0x080DBF58	0x080D731C	__floatsisf	__floatsisf	funcmap-agree	FE_GBA_Function_Library
0x080DBFB8	0x080D737C	__fixsfsi	__fixsfsi	funcmap-agree	FE_GBA_Function_Library
0x080DC020	0x080D73E4	__negsf2	__negsf2	funcmap-agree	FE_GBA_Function_Library
0x080DC044	0x080D7408	__make_fp	__make_fp	funcmap-agree	FE_GBA_Function_Library
0x080DC05C	0x080D7420	__extendsfdf2	__extendsfdf2	funcmap-agree	FE_GBA_Function_Library
0x080DC088	0x080D744C	__lshrdi3	.gcc2_compiled._49	funcmap-agree	FE_GBA_Function_Library
0x080DC0BC	0x080D7480	__negdi2	.gcc2_compiled._50	funcmap-agree	FE_GBA_Function_Library
0x080DC0D4	0x080D7498	ClearOAMBuffer	ClearOAMBuffer	new-hint	FE_GBA_Function_Library
0x080DC0DC	0x080D74A0	CallARM_FillTileRect	BgTileMap_ApplyTSA	new-hint	FE_GBA_Function_Library
0x080DC0E4	0x080D74A8	TileMap_FillRect	BgTileMap_FillRect	new-hint	FE_GBA_Function_Library
0x080DC0EC	0x080D74B0	CALLARM_ColorFadeTick		new-hint	FE_GBA_Function_Library
0x080DC0F4	0x080D74B8	TileMap_CopyRect	BgTileMap_CopyRect	new-hint	FE_GBA_Function_Library
0x080DC0FC	0x080D74C0	ComputeChecksum32	ComputeChecksum32	new-hint	FE_GBA_Function_Library
