#include "global.h"
#include "anime.h"

extern const u8 AnimScr_EfxLuna2[];
extern const u8 AnimScr_NaglfarBG4[];
extern const u8 AnimSpr_DarkBreathOBJ_0[];
extern const u8 AnimSpr_DarkBreathOBJ_1[];
extern const u8 AnimSpr_DarkBreathOBJ_10[];
extern const u8 AnimSpr_DarkBreathOBJ_11[];
extern const u8 AnimSpr_DarkBreathOBJ_12[];
extern const u8 AnimSpr_DarkBreathOBJ_13[];
extern const u8 AnimSpr_DarkBreathOBJ_14[];
extern const u8 AnimSpr_DarkBreathOBJ_15[];
extern const u8 AnimSpr_DarkBreathOBJ_16[];
extern const u8 AnimSpr_DarkBreathOBJ_17[];
extern const u8 AnimSpr_DarkBreathOBJ_18[];
extern const u8 AnimSpr_DarkBreathOBJ_19[];
extern const u8 AnimSpr_DarkBreathOBJ_2[];
extern const u8 AnimSpr_DarkBreathOBJ_20[];
extern const u8 AnimSpr_DarkBreathOBJ_21[];
extern const u8 AnimSpr_DarkBreathOBJ_22[];
extern const u8 AnimSpr_DarkBreathOBJ_23[];
extern const u8 AnimSpr_DarkBreathOBJ_3[];
extern const u8 AnimSpr_DarkBreathOBJ_4[];
extern const u8 AnimSpr_DarkBreathOBJ_5[];
extern const u8 AnimSpr_DarkBreathOBJ_6[];
extern const u8 AnimSpr_DarkBreathOBJ_7[];
extern const u8 AnimSpr_DarkBreathOBJ_8[];
extern const u8 AnimSpr_DarkBreathOBJ_9[];
extern const u8 AnimSpr_NaglfarOBJ_0[];
extern const u8 AnimSpr_NaglfarOBJ_1[];
extern const u8 AnimSpr_NaglfarOBJ_10[];
extern const u8 AnimSpr_NaglfarOBJ_11[];
extern const u8 AnimSpr_NaglfarOBJ_12[];
extern const u8 AnimSpr_NaglfarOBJ_13[];
extern const u8 AnimSpr_NaglfarOBJ_14[];
extern const u8 AnimSpr_NaglfarOBJ_15[];
extern const u8 AnimSpr_NaglfarOBJ_16[];
extern const u8 AnimSpr_NaglfarOBJ_17[];
extern const u8 AnimSpr_NaglfarOBJ_18[];
extern const u8 AnimSpr_NaglfarOBJ_19[];
extern const u8 AnimSpr_NaglfarOBJ_2[];
extern const u8 AnimSpr_NaglfarOBJ_20[];
extern const u8 AnimSpr_NaglfarOBJ_21[];
extern const u8 AnimSpr_NaglfarOBJ_22[];
extern const u8 AnimSpr_NaglfarOBJ_3[];
extern const u8 AnimSpr_NaglfarOBJ_4[];
extern const u8 AnimSpr_NaglfarOBJ_5[];
extern const u8 AnimSpr_NaglfarOBJ_6[];
extern const u8 AnimSpr_NaglfarOBJ_7[];
extern const u8 AnimSpr_NaglfarOBJ_8[];
extern const u8 AnimSpr_NaglfarOBJ_9[];
extern const u8 AnimSprite_EfxExcalibur_1[];
extern const u8 AnimSprite_EfxExcalibur_10[];
extern const u8 AnimSprite_EfxExcalibur_11[];
extern const u8 AnimSprite_EfxExcalibur_12[];
extern const u8 AnimSprite_EfxExcalibur_13[];
extern const u8 AnimSprite_EfxExcalibur_14[];
extern const u8 AnimSprite_EfxExcalibur_15[];
extern const u8 AnimSprite_EfxExcalibur_16[];
extern const u8 AnimSprite_EfxExcalibur_17[];
extern const u8 AnimSprite_EfxExcalibur_18[];
extern const u8 AnimSprite_EfxExcalibur_19[];
extern const u8 AnimSprite_EfxExcalibur_2[];
extern const u8 AnimSprite_EfxExcalibur_20[];
extern const u8 AnimSprite_EfxExcalibur_21[];
extern const u8 AnimSprite_EfxExcalibur_22[];
extern const u8 AnimSprite_EfxExcalibur_23[];
extern const u8 AnimSprite_EfxExcalibur_24[];
extern const u8 AnimSprite_EfxExcalibur_25[];
extern const u8 AnimSprite_EfxExcalibur_26[];
extern const u8 AnimSprite_EfxExcalibur_27[];
extern const u8 AnimSprite_EfxExcalibur_28[];
extern const u8 AnimSprite_EfxExcalibur_29[];
extern const u8 AnimSprite_EfxExcalibur_3[];
extern const u8 AnimSprite_EfxExcalibur_30[];
extern const u8 AnimSprite_EfxExcalibur_31[];
extern const u8 AnimSprite_EfxExcalibur_32[];
extern const u8 AnimSprite_EfxExcalibur_33[];
extern const u8 AnimSprite_EfxExcalibur_34[];
extern const u8 AnimSprite_EfxExcalibur_4[];
extern const u8 AnimSprite_EfxExcalibur_5[];
extern const u8 AnimSprite_EfxExcalibur_6[];
extern const u8 AnimSprite_EfxExcalibur_9[];
extern const u8 AnimSprite_EfxShine_10[];
extern const u8 AnimSprite_EfxShine_11[];
extern const u8 AnimSprite_EfxShine_12[];
extern const u8 AnimSprite_EfxShine_13[];
extern const u8 AnimSprite_EfxShine_14[];
extern const u8 AnimSprite_EfxShine_15[];
extern const u8 AnimSprite_EfxShine_16[];
extern const u8 AnimSprite_EfxShine_17[];
extern const u8 AnimSprite_EfxShine_18[];
extern const u8 AnimSprite_EfxShine_19[];
extern const u8 AnimSprite_EfxShine_5[];
extern const u8 AnimSprite_EfxShine_6[];
extern const u8 AnimSprite_EfxShine_7[];
extern const u8 AnimSprite_EfxShine_8[];
extern const u8 AnimSprite_EfxShine_9[];
extern const u8 DirectSoundData_furu4_e3_13k8b[];
extern const u8 DirectSoundData_wmap_mon_attack1_13k[];
extern const u8 Img_DemonLightBg_Close_25[];
extern const u8 Img_DemonLightBg_Close_7[];
extern const u8 Img_Ekrdragonfx_13[];
extern const u8 Img_ManimBarrierBgfx[];
extern const u8 Pal_LunaSprites[];
extern const u8 Pal_ShineSprites[];
extern const u8 banim_bos_at1_sheet_8[];
extern const u8 banim_genm_al1_sheet_2[];
extern const u8 banim_genm_sw1_2_oam_l_bin[];
extern const u8 btl_bg_3_tiles[];
extern const u8 data_085D30F8[];
extern const u8 Tsa_DarkBreathBg_10[];
extern const u8 Tsa_DarkBreathBg_11[];
extern const u8 gGfx_0878F150[];
extern const u8 pad_BC3A00[];
extern const u8 portrait_Villager_Girl_Young_mouth[];
extern const u8 voicegroup029[];

/* Migrated from asm/frontier_df3_banim_aura.s (region-same graphics, single section).
 * Each symbol kept in the original section/order; byte-identical via INCBIN_U*.
 */

u8 frontier_df3_banim_aura_000_7463DC[] __attribute__((section(".data.frontier_df3_banim_aura.gap0"))) = INCBIN_U8("graphics/frontier_df3_banim_aura/frontier_df3_banim_aura_000a_7463DC.map.bin.lz");
u8 data_0874687C[] __attribute__((section(".data.frontier_df3_banim_aura.gap0"))) = INCBIN_U8("graphics/frontier_df3_banim_aura/data_0874687C.map.bin.lz");
u8 data_08746D0C[] __attribute__((section(".data.frontier_df3_banim_aura.gap0"))) = INCBIN_U8("graphics/frontier_df3_banim_aura/data_08746D0C.map.bin.lz");
u8 data_087471A8[] __attribute__((section(".data.frontier_df3_banim_aura.gap0"))) = INCBIN_U8("graphics/frontier_df3_banim_aura/data_087471A8.map.bin.lz");
u8 data_08747650[] __attribute__((section(".data.frontier_df3_banim_aura.gap0"))) = INCBIN_U8("graphics/frontier_df3_banim_aura/data_08747650.4bpp.lz");
u8 data_08748B3C[] __attribute__((section(".data.frontier_df3_banim_aura.gap0"))) = INCBIN_U8("graphics/frontier_df3_banim_aura/data_08748B3C.4bpp.lz");
u8 data_08749EE8[] __attribute__((section(".data.frontier_df3_banim_aura.gap0"))) = INCBIN_U8("graphics/frontier_df3_banim_aura/data_08749EE8.4bpp.lz");
u8 data_0874B298[] __attribute__((section(".data.frontier_df3_banim_aura.gap0"))) = INCBIN_U8("graphics/frontier_df3_banim_aura/data_0874B298.4bpp.lz");
u8 data_0874C5B4[] __attribute__((section(".data.frontier_df3_banim_aura.gap0"))) = INCBIN_U8("graphics/frontier_df3_banim_aura/data_0874C5B4.4bpp.lz");
/* data_0874D95C: raw non-LZ trailing carve (was part of hybrid JP-LZ blob), byte-exact. */
u8 data_0874D95C[] __attribute__((section(".data.frontier_df3_banim_aura.gap0"))) = {
    0x0E, 0x52, 0xBF, 0x7F, 0x0D, 0x64, 0xDF, 0x79, 0x0A, 0x5C, 0x07, 0x4C, 0xBF, 0x74, 0x1E, 0x6C,
    0x15, 0x70, 0x1A, 0x74, 0x1D, 0x74, 0x1F, 0x6C, 0x7E, 0x78, 0x3A, 0x74, 0x9B, 0x70, 0x1F, 0x70,
    0x10, 0xB0, 0x04, 0x00, 0x00, 0x00, 0x00, 0x01, 0x00, 0x02, 0x00, 0x03, 0x00, 0x00, 0x04, 0x00,
    0x05, 0x00, 0x06, 0x00, 0x07, 0x00, 0x00, 0x08, 0x00, 0x09, 0x00, 0x0A, 0x00, 0x0B, 0x00, 0x00,
    0x0C, 0x00, 0x0D, 0x00, 0x0E, 0x00, 0x0F, 0x00, 0x00, 0x10, 0x00, 0x11, 0x00, 0x12, 0x00, 0x13,
    0x00, 0x00, 0x14, 0x00, 0x15, 0x00, 0x16, 0x00, 0x17, 0x00, 0x10, 0x18, 0x00, 0x19, 0x00, 0x01,
    0x1A, 0x00, 0x1B, 0x00, 0x00, 0x1C, 0x00, 0x1D, 0x00, 0x1E, 0x00, 0xEF, 0x00, 0x00, 0x20, 0x00,
    0x21, 0x00, 0x22, 0x00, 0x23, 0x00, 0x00, 0x24, 0x00, 0x25, 0x00, 0x26, 0x00, 0x27, 0x00, 0x00,
    0x28, 0x00, 0x29, 0x00, 0x2A, 0x00, 0x2B, 0x00, 0x00, 0x2C, 0x00, 0x2D, 0x00, 0x2E, 0x00, 0x2F,
    0x00, 0x00, 0x30, 0x00, 0x31, 0x00, 0x32, 0x00, 0x33, 0x00, 0x00, 0x34, 0x00, 0x35, 0x00, 0x36,
    0x00, 0x37, 0x00, 0x00, 0x38, 0x00, 0x39, 0x00, 0x3A, 0x00, 0x3B, 0x00, 0x00, 0x3C, 0x00, 0x3D,
    0x00, 0x3E, 0x00, 0x3F, 0x00, 0x00, 0x40, 0x00, 0x41, 0x00, 0x42, 0x00, 0x43, 0x00, 0x00, 0x44,
    0x00, 0x45, 0x00, 0x46, 0x00, 0x47, 0x00, 0x00, 0x48, 0x00, 0x49, 0x00, 0x4A, 0x00, 0x4B, 0x00,
    0x00, 0x4C, 0x00, 0x4D, 0x00, 0x4E, 0x00, 0x4F, 0x00, 0x00, 0x50, 0x00, 0x51, 0x00, 0x52, 0x00,
    0x53, 0x00, 0x00, 0x54, 0x00, 0x55, 0x00, 0x56, 0x00, 0x57, 0x00, 0x00, 0x58, 0x00, 0x59, 0x00,
    0x5A, 0x00, 0x5B, 0x00, 0x00, 0x5C, 0x00, 0x5D, 0x00, 0x5E, 0x00, 0x5F, 0x00, 0x00, 0x60, 0x00,
    0x61, 0x00, 0x62, 0x00, 0x63, 0x00, 0x00, 0x64, 0x00, 0x65, 0x00, 0x66, 0x00, 0x67, 0x00, 0x00,
    0x68, 0x00, 0x69, 0x00, 0x6A, 0x00, 0x6B, 0x00, 0x00, 0x6C, 0x00, 0x6D, 0x00, 0x6E, 0x00, 0x6F,
    0x00, 0x00, 0x70, 0x00, 0x71, 0x00, 0x72, 0x00, 0x73, 0x00, 0x00, 0x74, 0x00, 0x75, 0x00, 0x76,
    0x00, 0x77, 0x00, 0x00, 0x78, 0x00, 0x79, 0x00, 0x7A, 0x00, 0x7B, 0x00, 0x00, 0x7C, 0x00, 0x7D,
    0x00, 0x7E, 0x00, 0x7F, 0x00, 0x00, 0x80, 0x00, 0x81, 0x00, 0x82, 0x00, 0x83, 0x00, 0x00, 0x84,
    0x00, 0x85, 0x00, 0x86, 0x00, 0x87, 0x00, 0x00, 0x88, 0x00, 0x89, 0x00, 0x8A, 0x00, 0x8B, 0x00,
    0x00, 0x8C, 0x00, 0x8D, 0x00, 0x8E, 0x00, 0x8F, 0x00, 0x00, 0x90, 0x00, 0x91, 0x00, 0x92, 0x00,
    0x93, 0x00, 0x00, 0x94, 0x00, 0x95, 0x00, 0x96, 0x00, 0x97, 0x00, 0x00, 0x98, 0x00, 0x99, 0x00,
    0x9A, 0x00, 0x9B, 0x00, 0x00, 0x9C, 0x00, 0x9D, 0x00, 0x9E, 0x00, 0x9F, 0x00, 0x00, 0xA0, 0x00,
    0xA1, 0x00, 0xA2, 0x00, 0xA3, 0x00, 0x00, 0xA4, 0x00, 0xA5, 0x00, 0xA6, 0x00, 0xA7, 0x00, 0x00,
    0xA8, 0x00, 0xA9, 0x00, 0xAA, 0x00, 0xAB, 0x00, 0x00, 0xAC, 0x00, 0xAD, 0x00, 0xAE, 0x00, 0xAF,
    0x00, 0x00, 0xB0, 0x00, 0xB1, 0x00, 0xB2, 0x00, 0xB3, 0x00, 0x00, 0xB4, 0x00, 0xB5, 0x00, 0xB6,
    0x00, 0xB7, 0x00, 0x00, 0xB8, 0x00, 0xB9, 0x00, 0xBA, 0x00, 0xBB, 0x00, 0x00, 0xBC, 0x00, 0xBD,
    0x00, 0xBE, 0x00, 0xBF, 0x00, 0x00, 0xC0, 0x00, 0xC1, 0x00, 0xC2, 0x00, 0xC3, 0x00, 0x00, 0xC4,
    0x00, 0xC5, 0x00, 0xC6, 0x00, 0xC7, 0x00, 0x00, 0xC8, 0x00, 0xC9, 0x00, 0xCA, 0x00, 0xCB, 0x00,
    0x00, 0xCC, 0x00, 0xCD, 0x00, 0xCE, 0x00, 0xCF, 0x00, 0x00, 0xD0, 0x00, 0xD1, 0x00, 0xD2, 0x00,
    0xD3, 0x00, 0x00, 0xD4, 0x00, 0xD5, 0x00, 0xD6, 0x00, 0xD7, 0x00, 0x00, 0xD8, 0x00, 0xD9, 0x00,
    0xDA, 0x00, 0xDB, 0x00, 0x00, 0xDC, 0x00, 0xDD, 0x00, 0xDE, 0x00, 0xDF, 0x00, 0x00, 0xE0, 0x00,
    0xE1, 0x00, 0xE2, 0x00, 0xE3, 0x00, 0x00, 0xE4, 0x00, 0xE5, 0x00, 0xE6, 0x00, 0xE7, 0x00, 0x00,
    0xE8, 0x00, 0xE9, 0x00, 0xEA, 0x00, 0xEB, 0x00, 0x01, 0xEC, 0x00, 0xED, 0x00, 0xEE, 0x00, 0x1F,
    0xF0, 0x01, 0xFF, 0xF0, 0x01, 0xF0, 0x01, 0xF0, 0x01, 0xF0, 0x01, 0xF0, 0x01, 0xF0, 0x01, 0xF0,
    0x01, 0xF0, 0x01, 0xFF, 0xF0, 0x01, 0xF0, 0x01, 0xF0, 0x01, 0xF0, 0x01, 0xF0, 0x01, 0xF0, 0x01,
    0xF0, 0x01, 0xF0, 0x01, 0xFF, 0xF0, 0x01, 0xF0, 0x01, 0xF0, 0x01, 0xF0, 0x01, 0xF0, 0x01, 0xF0,
    0x01, 0xF0, 0x01, 0xF0, 0x01, 0xFF, 0xF0, 0x01, 0xF0, 0x01, 0xF0, 0x01, 0xF0, 0x01, 0xF0, 0x01,
    0xF0, 0x01, 0xF0, 0x01, 0xF0, 0x01, 0xFE, 0xF0, 0x01, 0xF0, 0x01, 0xF0, 0x01, 0xF0, 0x01, 0xF0,
    0x01, 0xF0, 0x01, 0xE0, 0x01, 0x00, 0x00, 0x00, 0x10, 0xB0, 0x04, 0x00, 0x00, 0x00, 0x00, 0x01,
    0x00, 0x02, 0x00, 0x03, 0x00, 0x00, 0x04, 0x00, 0x05, 0x00, 0x06, 0x00, 0x07, 0x00, 0x00, 0x08,
    0x00, 0x09, 0x00, 0x0A, 0x00, 0x0B, 0x00, 0x00, 0x0C, 0x00, 0x0D, 0x00, 0x0E, 0x00, 0x0F, 0x00,
    0x00, 0x10, 0x00, 0x11, 0x00, 0x12, 0x00, 0x13, 0x00, 0x00, 0x14, 0x00, 0x15, 0x00, 0x16, 0x00,
    0x17, 0x00, 0x00, 0x18, 0x00, 0x19, 0x00, 0x1A, 0x00, 0x1B, 0x00, 0x00, 0x1C, 0x00, 0x1D, 0x00,
    0x1E, 0x00, 0xF0, 0x00, 0x00, 0x20, 0x00, 0x21, 0x00, 0x22, 0x00, 0x23, 0x00, 0x00, 0x24, 0x00,
    0x25, 0x00, 0x26, 0x00, 0x27, 0x00, 0x00, 0x28, 0x00, 0x29, 0x00, 0x2A, 0x00, 0x2B, 0x00, 0x00,
    0x2C, 0x00, 0x2D, 0x00, 0x2E, 0x00, 0x2F, 0x00, 0x00, 0x30, 0x00, 0x31, 0x00, 0x32, 0x00, 0x33,
    0x00, 0x00, 0x34, 0x00, 0x35, 0x00, 0x36, 0x00, 0x37, 0x00, 0x00, 0x38, 0x00, 0x39, 0x00, 0x3A,
    0x00, 0x3B, 0x00, 0x00, 0x3C, 0x00, 0x3D, 0x00, 0x3E, 0x00, 0x3F, 0x00, 0x00, 0x40, 0x00, 0x41,
    0x00, 0x42, 0x00, 0x43, 0x00, 0x00, 0x44, 0x00, 0x45, 0x00, 0x46, 0x00, 0x47, 0x00, 0x00, 0x48,
    0x00, 0x49, 0x00, 0x4A, 0x00, 0x4B, 0x00, 0x00, 0x4C, 0x00, 0x4D, 0x00, 0x4E, 0x00, 0x4F, 0x00,
    0x00, 0x50, 0x00, 0x51, 0x00, 0x52, 0x00, 0x53, 0x00, 0x00, 0x54, 0x00, 0x55, 0x00, 0x56, 0x00,
    0x57, 0x00, 0x00, 0x58, 0x00, 0x59, 0x00, 0x5A, 0x00, 0x5B, 0x00, 0x00, 0x5C, 0x00, 0x5D, 0x00,
    0x5E, 0x00, 0x5F, 0x00, 0x00, 0x60, 0x00, 0x61, 0x00, 0x62, 0x00, 0x63, 0x00, 0x00, 0x64, 0x00,
    0x65, 0x00, 0x66, 0x00, 0x67, 0x00, 0x00, 0x68, 0x00, 0x69, 0x00, 0x6A, 0x00, 0x6B, 0x00, 0x00,
    0x6C, 0x00, 0x6D, 0x00, 0x6E, 0x00, 0x6F, 0x00, 0x00, 0x70, 0x00, 0x71, 0x00, 0x72, 0x00, 0x73,
    0x00, 0x00, 0x74, 0x00, 0x75, 0x00, 0x76, 0x00, 0x77, 0x00, 0x00, 0x78, 0x00, 0x79, 0x00, 0x7A,
    0x00, 0x7B, 0x00, 0x00, 0x7C, 0x00, 0x7D, 0x00, 0x7E, 0x00, 0x7F, 0x00, 0x00, 0x80, 0x00, 0x81,
    0x00, 0x82, 0x00, 0x83, 0x00, 0x00, 0x84, 0x00, 0x85, 0x00, 0x86, 0x00, 0x87, 0x00, 0x00, 0x88,
    0x00, 0x89, 0x00, 0x8A, 0x00, 0x8B, 0x00, 0x00, 0x8C, 0x00, 0x8D, 0x00, 0x8E, 0x00, 0x8F, 0x00,
    0x00, 0x90, 0x00, 0x91, 0x00, 0x92, 0x00, 0x93, 0x00, 0x00, 0x94, 0x00, 0x95, 0x00, 0x96, 0x00,
    0x97, 0x00, 0x00, 0x98, 0x00, 0x99, 0x00, 0x9A, 0x00, 0x9B, 0x00, 0x00, 0x9C, 0x00, 0x9D, 0x00,
    0x9E, 0x00, 0x9F, 0x00, 0x00, 0xA0, 0x00, 0xA1, 0x00, 0xA2, 0x00, 0xA3, 0x00, 0x00, 0xA4, 0x00,
    0xA5, 0x00, 0xA6, 0x00, 0xA7, 0x00, 0x00, 0xA8, 0x00, 0xA9, 0x00, 0xAA, 0x00, 0xAB, 0x00, 0x00,
    0xAC, 0x00, 0xAD, 0x00, 0xAE, 0x00, 0xAF, 0x00, 0x00, 0xB0, 0x00, 0xB1, 0x00, 0xB2, 0x00, 0xB3,
    0x00, 0x00, 0xB4, 0x00, 0xB5, 0x00, 0xB6, 0x00, 0xB7, 0x00, 0x00, 0xB8, 0x00, 0xB9, 0x00, 0xBA,
    0x00, 0xBB, 0x00, 0x00, 0xBC, 0x00, 0xBD, 0x00, 0xBE, 0x00, 0xBF, 0x00, 0x00, 0xC0, 0x00, 0xC1,
    0x00, 0xC2, 0x00, 0xC3, 0x00, 0x00, 0xC4, 0x00, 0xC5, 0x00, 0xC6, 0x00, 0xC7, 0x00, 0x00, 0xC8,
    0x00, 0xC9, 0x00, 0xCA, 0x00, 0xCB, 0x00, 0x00, 0xCC, 0x00, 0xCD, 0x00, 0xCE, 0x00, 0xCF, 0x00,
    0x00, 0xD0, 0x00, 0xD1, 0x00, 0xD2, 0x00, 0xD3, 0x00, 0x00, 0xD4, 0x00, 0xD5, 0x00, 0xD6, 0x00,
    0xD7, 0x00, 0x00, 0xD8, 0x00, 0xD9, 0x00, 0xDA, 0x00, 0xDB, 0x00, 0x00, 0xDC, 0x00, 0xDD, 0x00,
    0xDE, 0x00, 0xDF, 0x00, 0x00, 0xE0, 0x00, 0xE1, 0x00, 0xE2, 0x00, 0xE3, 0x00, 0x00, 0xE4, 0x00,
    0xE5, 0x00, 0xE6, 0x00, 0xE7, 0x00, 0x00, 0xE8, 0x00, 0xE9, 0x00, 0xEA, 0x00, 0xEB, 0x00, 0x00,
    0xEC, 0x00, 0xED, 0x00, 0xEE, 0x00, 0xEF, 0x00, 0x7F, 0x1F, 0xF0, 0x01, 0xF0, 0x01, 0xF0, 0x01,
    0xF0, 0x01, 0xF0, 0x01, 0xF0, 0x01, 0xF0, 0x01, 0xFF, 0xF0, 0x01, 0xF0, 0x01, 0xF0, 0x01, 0xF0,
    0x01, 0xF0, 0x01, 0xF0, 0x01, 0xF0, 0x01, 0xF0, 0x01, 0xFF, 0xF0, 0x01, 0xF0, 0x01, 0xF0, 0x01,
    0xF0, 0x01, 0xF0, 0x01, 0xF0, 0x01, 0xF0, 0x01, 0xF0, 0x01, 0xFF, 0xF0, 0x01, 0xF0, 0x01, 0xF0,
    0x01, 0xF0, 0x01, 0xF0, 0x01, 0xF0, 0x01, 0xF0, 0x01, 0xF0, 0x01, 0xFF, 0xF0, 0x01, 0xF0, 0x01,
    0xF0, 0x01, 0xF0, 0x01, 0xF0, 0x01, 0xF0, 0x01, 0xF0, 0x01, 0xF0, 0x01, 0x80, 0xE0, 0x01, 0x00,
    0x10, 0xB0, 0x04, 0x00, 0x00, 0x00, 0x00, 0x01, 0x00, 0x02, 0x00, 0x03, 0x00, 0x00, 0x04, 0x00,
    0x05, 0x00, 0x06, 0x00, 0x07, 0x00, 0x00, 0x08, 0x00, 0x09, 0x00, 0x0A, 0x00, 0x0B, 0x00, 0x00,
    0x0C, 0x00, 0x0D, 0x00, 0x0E, 0x00, 0x0F, 0x00, 0x00, 0x10, 0x00, 0x11, 0x00, 0x12, 0x00, 0x13,
    0x00, 0x00, 0x14, 0x00, 0x15, 0x00, 0x16, 0x00, 0x17, 0x00, 0x00, 0x18, 0x00, 0x19, 0x00, 0x1A,
    0x00, 0x1B, 0x00, 0x00, 0x1C, 0x00, 0x1D, 0x00, 0x1E, 0x00, 0xF0, 0x00, 0x00, 0x20, 0x00, 0x21,
    0x00, 0x22, 0x00, 0x23, 0x00, 0x00, 0x24, 0x00, 0x25, 0x00, 0x26, 0x00, 0x27, 0x00, 0x00, 0x28,
    0x00, 0x29, 0x00, 0x2A, 0x00, 0x2B, 0x00, 0x00, 0x2C, 0x00, 0x2D, 0x00, 0x2E, 0x00, 0x2F, 0x00,
    0x00, 0x30, 0x00, 0x31, 0x00, 0x32, 0x00, 0x33, 0x00, 0x00, 0x34, 0x00, 0x35, 0x00, 0x36, 0x00,
    0x37, 0x00, 0x00, 0x38, 0x00, 0x39, 0x00, 0x3A, 0x00, 0x3B, 0x00, 0x00, 0x3C, 0x00, 0x3D, 0x00,
    0x3E, 0x00, 0x3F, 0x00, 0x00, 0x40, 0x00, 0x41, 0x00, 0x42, 0x00, 0x43, 0x00, 0x00, 0x44, 0x00,
    0x45, 0x00, 0x46, 0x00, 0x47, 0x00, 0x00, 0x48, 0x00, 0x49, 0x00, 0x4A, 0x00, 0x4B, 0x00, 0x00,
    0x4C, 0x00, 0x4D, 0x00, 0x4E, 0x00, 0x4F, 0x00, 0x00, 0x50, 0x00, 0x51, 0x00, 0x52, 0x00, 0x53,
    0x00, 0x00, 0x54, 0x00, 0x55, 0x00, 0x56, 0x00, 0x57, 0x00, 0x00, 0x58, 0x00, 0x59, 0x00, 0x5A,
    0x00, 0x5B, 0x00, 0x00, 0x5C, 0x00, 0x5D, 0x00, 0x5E, 0x00, 0x5F, 0x00, 0x00, 0x60, 0x00, 0x61,
    0x00, 0x62, 0x00, 0x63, 0x00, 0x00, 0x64, 0x00, 0x65, 0x00, 0x66, 0x00, 0x67, 0x00, 0x00, 0x68,
    0x00, 0x69, 0x00, 0x6A, 0x00, 0x6B, 0x00, 0x00, 0x6C, 0x00, 0x6D, 0x00, 0x6E, 0x00, 0x6F, 0x00,
    0x00, 0x70, 0x00, 0x71, 0x00, 0x72, 0x00, 0x73, 0x00, 0x00, 0x74, 0x00, 0x75, 0x00, 0x76, 0x00,
    0x77, 0x00, 0x00, 0x78, 0x00, 0x79, 0x00, 0x7A, 0x00, 0x7B, 0x00, 0x00, 0x7C, 0x00, 0x7D, 0x00,
    0x7E, 0x00, 0x7F, 0x00, 0x00, 0x80, 0x00, 0x81, 0x00, 0x82, 0x00, 0x83, 0x00, 0x00, 0x84, 0x00,
    0x85, 0x00, 0x86, 0x00, 0x87, 0x00, 0x00, 0x88, 0x00, 0x89, 0x00, 0x8A, 0x00, 0x8B, 0x00, 0x00,
    0x8C, 0x00, 0x8D, 0x00, 0x8E, 0x00, 0x8F, 0x00, 0x00, 0x90, 0x00, 0x91, 0x00, 0x92, 0x00, 0x93,
    0x00, 0x00, 0x94, 0x00, 0x95, 0x00, 0x96, 0x00, 0x97, 0x00, 0x00, 0x98, 0x00, 0x99, 0x00, 0x9A,
    0x00, 0x9B, 0x00, 0x00, 0x9C, 0x00, 0x9D, 0x00, 0x9E, 0x00, 0x9F, 0x00, 0x00, 0xA0, 0x00, 0xA1,
    0x00, 0xA2, 0x00, 0xA3, 0x00, 0x00, 0xA4, 0x00, 0xA5, 0x00, 0xA6, 0x00, 0xA7, 0x00, 0x00, 0xA8,
    0x00, 0xA9, 0x00, 0xAA, 0x00, 0xAB, 0x00, 0x00, 0xAC, 0x00, 0xAD, 0x00, 0xAE, 0x00, 0xAF, 0x00,
    0x00, 0xB0, 0x00, 0xB1, 0x00, 0xB2, 0x00, 0xB3, 0x00, 0x00, 0xB4, 0x00, 0xB5, 0x00, 0xB6, 0x00,
    0xB7, 0x00, 0x00, 0xB8, 0x00, 0xB9, 0x00, 0xBA, 0x00, 0xBB, 0x00, 0x00, 0xBC, 0x00, 0xBD, 0x00,
    0xBE, 0x00, 0xBF, 0x00, 0x00, 0xC0, 0x00, 0xC1, 0x00, 0xC2, 0x00, 0xC3, 0x00, 0x00, 0xC4, 0x00,
    0xC5, 0x00, 0xC6, 0x00, 0xC7, 0x00, 0x00, 0xC8, 0x00, 0xC9, 0x00, 0xCA, 0x00, 0xCB, 0x00, 0x00,
    0xCC, 0x00, 0xCD, 0x00, 0xCE, 0x00, 0xCF, 0x00, 0x00, 0xD0, 0x00, 0xD1, 0x00, 0xD2, 0x00, 0xD3,
    0x00, 0x00, 0xD4, 0x00, 0xD5, 0x00, 0xD6, 0x00, 0xD7, 0x00, 0x00, 0xD8, 0x00, 0xD9, 0x00, 0xDA,
    0x00, 0xDB, 0x00, 0x00, 0xDC, 0x00, 0xDD, 0x00, 0xDE, 0x00, 0xDF, 0x00, 0x00, 0xE0, 0x00, 0xE1,
    0x00, 0xE2, 0x00, 0xE3, 0x00, 0x00, 0xE4, 0x00, 0xE5, 0x00, 0xE6, 0x00, 0xE7, 0x00, 0x00, 0xE8,
    0x00, 0xE9, 0x00, 0xEA, 0x00, 0xEB, 0x00, 0x00, 0xEC, 0x00, 0xED, 0x00, 0xEE, 0x00, 0xEF, 0x00,
    0x7F, 0x1F, 0xF0, 0x01, 0xF0, 0x01, 0xF0, 0x01, 0xF0, 0x01, 0xF0, 0x01, 0xF0, 0x01, 0xF0, 0x01,
    0xFF, 0xF0, 0x01, 0xF0, 0x01, 0xF0, 0x01, 0xF0, 0x01, 0xF0, 0x01, 0xF0, 0x01, 0xF0, 0x01, 0xF0,
    0x01, 0xFF, 0xF0, 0x01, 0xF0, 0x01, 0xF0, 0x01, 0xF0, 0x01, 0xF0, 0x01, 0xF0, 0x01, 0xF0, 0x01,
    0xF0, 0x01, 0xFF, 0xF0, 0x01, 0xF0, 0x01, 0xF0, 0x01, 0xF0, 0x01, 0xF0, 0x01, 0xF0, 0x01, 0xF0,
    0x01, 0xF0, 0x01, 0xFF, 0xF0, 0x01, 0xF0, 0x01, 0xF0, 0x01, 0xF0, 0x01, 0xF0, 0x01, 0xF0, 0x01,
    0xF0, 0x01, 0xF0, 0x01, 0x80, 0xE0, 0x01, 0x00, 0x10, 0xB0, 0x04, 0x00, 0x00, 0x00, 0x00, 0x01,
    0x00, 0x02, 0x00, 0x03, 0x00, 0x00, 0x04, 0x00, 0x05, 0x00, 0x06, 0x00, 0x07, 0x00, 0x00, 0x08,
    0x00, 0x09, 0x00, 0x0A, 0x00, 0x0B, 0x00, 0x00, 0x0C, 0x00, 0x0D, 0x00, 0x0E, 0x00, 0x0F, 0x00,
    0x00, 0x10, 0x00, 0x11, 0x00, 0x12, 0x00, 0x13, 0x00, 0x00, 0x14, 0x00, 0x15, 0x00, 0x16, 0x00,
    0x17, 0x00, 0x00, 0x18, 0x00, 0x19, 0x00, 0x1A, 0x00, 0x1B, 0x00, 0x00, 0x1C, 0x00, 0x1D, 0x00,
    0x1E, 0x00, 0xEF, 0x00, 0x00, 0x20, 0x00, 0x21, 0x00, 0x22, 0x00, 0x23, 0x00, 0x00, 0x24, 0x00,
    0x25, 0x00, 0x26, 0x00, 0x27, 0x00, 0x00, 0x28, 0x00, 0x29, 0x00, 0x2A, 0x00, 0x2B, 0x00, 0x00,
    0x2C, 0x00, 0x2D, 0x00, 0x2E, 0x00, 0x2F, 0x00, 0x00, 0x30, 0x00, 0x31, 0x00, 0x32, 0x00, 0x33,
    0x00, 0x00, 0x34, 0x00, 0x35, 0x00, 0x36, 0x00, 0x37, 0x00, 0x00, 0x38, 0x00, 0x39, 0x00, 0x3A,
    0x00, 0x3B, 0x00, 0x00, 0x3C, 0x00, 0x3D, 0x00, 0x3E, 0x00, 0x3F, 0x00, 0x00, 0x40, 0x00, 0x41,
    0x00, 0x42, 0x00, 0x43, 0x00, 0x00, 0x44, 0x00, 0x45, 0x00, 0x46, 0x00, 0x47, 0x00, 0x00, 0x48,
    0x00, 0x49, 0x00, 0x4A, 0x00, 0x4B, 0x00, 0x00, 0x4C, 0x00, 0x4D, 0x00, 0x4E, 0x00, 0x4F, 0x00,
    0x00, 0x50, 0x00, 0x51, 0x00, 0x52, 0x00, 0x53, 0x00, 0x00, 0x54, 0x00, 0x55, 0x00, 0x56, 0x00,
    0x57, 0x00, 0x00, 0x58, 0x00, 0x59, 0x00, 0x5A, 0x00, 0x5B, 0x00, 0x00, 0x5C, 0x00, 0x5D, 0x00,
    0x5E, 0x00, 0x5F, 0x00, 0x00, 0x60, 0x00, 0x61, 0x00, 0x62, 0x00, 0x63, 0x00, 0x00, 0x64, 0x00,
    0x65, 0x00, 0x66, 0x00, 0x67, 0x00, 0x00, 0x68, 0x00, 0x69, 0x00, 0x6A, 0x00, 0x6B, 0x00, 0x00,
    0x6C, 0x00, 0x6D, 0x00, 0x6E, 0x00, 0x6F, 0x00, 0x00, 0x70, 0x00, 0x71, 0x00, 0x72, 0x00, 0x73,
    0x00, 0x00, 0x74, 0x00, 0x75, 0x00, 0x76, 0x00, 0x77, 0x00, 0x00, 0x78, 0x00, 0x79, 0x00, 0x7A,
    0x00, 0x7B, 0x00, 0x00, 0x7C, 0x00, 0x7D, 0x00, 0x7E, 0x00, 0x7F, 0x00, 0x00, 0x80, 0x00, 0x81,
    0x00, 0x82, 0x00, 0x83, 0x00, 0x00, 0x84, 0x00, 0x85, 0x00, 0x86, 0x00, 0x87, 0x00, 0x00, 0x88,
    0x00, 0x89, 0x00, 0x8A, 0x00, 0x8B, 0x00, 0x00, 0x8C, 0x00, 0x8D, 0x00, 0x8E, 0x00, 0x8F, 0x00,
    0x00, 0x90, 0x00, 0x91, 0x00, 0x92, 0x00, 0x93, 0x00, 0x00, 0x94, 0x00, 0x95, 0x00, 0x96, 0x00,
    0x97, 0x00, 0x00, 0x98, 0x00, 0x99, 0x00, 0x9A, 0x00, 0x9B, 0x00, 0x00, 0x9C, 0x00, 0x9D, 0x00,
    0x9E, 0x00, 0x9F, 0x00, 0x00, 0xA0, 0x00, 0xA1, 0x00, 0xA2, 0x00, 0xA3, 0x00, 0x00, 0xA4, 0x00,
    0xA5, 0x00, 0xA6, 0x00, 0xA7, 0x00, 0x00, 0xA8, 0x00, 0xA9, 0x00, 0xAA, 0x00, 0xAB, 0x00, 0x00,
    0xAC, 0x00, 0xAD, 0x00, 0xAE, 0x00, 0xAF, 0x00, 0x00, 0xB0, 0x00, 0xB1, 0x00, 0xB2, 0x00, 0xB3,
    0x00, 0x00, 0xB4, 0x00, 0xB5, 0x00, 0xB6, 0x00, 0xB7, 0x00, 0x00, 0xB8, 0x00, 0xB9, 0x00, 0xBA,
    0x00, 0xBB, 0x00, 0x00, 0xBC, 0x00, 0xBD, 0x00, 0xBE, 0x00, 0xBF, 0x00, 0x00, 0xC0, 0x00, 0xC1,
    0x00, 0xC2, 0x00, 0xC3, 0x00, 0x00, 0xC4, 0x00, 0xC5, 0x00, 0xC6, 0x00, 0xC7, 0x00, 0x00, 0xC8,
    0x00, 0xC9, 0x00, 0xCA, 0x00, 0xCB, 0x00, 0x00, 0xCC, 0x00, 0xCD, 0x00, 0xCE, 0x00, 0xCF, 0x00,
    0x00, 0xD0, 0x00, 0xD1, 0x00, 0xD2, 0x00, 0xD3, 0x00, 0x00, 0xD4, 0x00, 0xD5, 0x00, 0xD6, 0x00,
    0xD7, 0x00, 0x00, 0xD8, 0x00, 0xD9, 0x00, 0xDA, 0x00, 0xDB, 0x00, 0x00, 0xDC, 0x00, 0xDD, 0x00,
    0xDE, 0x00, 0xDF, 0x00, 0x00, 0xE0, 0x00, 0xE1, 0x00, 0xE2, 0x00, 0xE3, 0x00, 0x01, 0xE4, 0x00,
    0xE5, 0x00, 0xE6, 0x00, 0xE7, 0x01, 0x95, 0x00, 0xE8, 0x00, 0xE9, 0x00, 0xEA, 0x00, 0xEB, 0x00,
    0x01, 0xEC, 0x00, 0xED, 0x00, 0xEE, 0x00, 0x1F, 0xF0, 0x01, 0xFF, 0xF0, 0x01, 0xF0, 0x01, 0xF0,
    0x01, 0xF0, 0x01, 0xF0, 0x01, 0xF0, 0x01, 0xF0, 0x01, 0xF0, 0x01, 0xFF, 0xF0, 0x01, 0xF0, 0x01,
    0xF0, 0x01, 0xF0, 0x01, 0xF0, 0x01, 0xF0, 0x01, 0xF0, 0x01, 0xF0, 0x01, 0xFF, 0xF0, 0x01, 0xF0,
    0x01, 0xF0, 0x01, 0xF0, 0x01, 0xF0, 0x01, 0xF0, 0x01, 0xF0, 0x01, 0xF0, 0x01, 0xFF, 0xF0, 0x01,
    0xF0, 0x01, 0xF0, 0x01, 0xF0, 0x01, 0xF0, 0x01, 0xF0, 0x01, 0xF0, 0x01, 0xF0, 0x01, 0xFE, 0xF0,
    0x01, 0xF0, 0x01, 0xF0, 0x01, 0xF0, 0x01, 0xF0, 0x01, 0xF0, 0x01, 0xE0, 0x01, 0x00, 0x00, 0x00,
    0x10, 0xB0, 0x04, 0x00, 0x00, 0x00, 0x00, 0x01, 0x00, 0x02, 0x00, 0x03, 0x00, 0x00, 0x04, 0x00,
    0x05, 0x00, 0x06, 0x00, 0x07, 0x00, 0x00, 0x08, 0x00, 0x09, 0x00, 0x0A, 0x00, 0x0B, 0x00, 0x00,
    0x0C, 0x00, 0x0D, 0x00, 0x0E, 0x00, 0x0F, 0x00, 0x00, 0x10, 0x00, 0x11, 0x00, 0x12, 0x00, 0x13,
    0x00, 0x00, 0x14, 0x00, 0x15, 0x00, 0x16, 0x00, 0x17, 0x00, 0x00, 0x18, 0x00, 0x19, 0x00, 0x1A,
    0x00, 0x1B, 0x00, 0x00, 0x1C, 0x00, 0x1D, 0x00, 0x1E, 0x00, 0xF0, 0x00, 0x00, 0x20, 0x00, 0x21,
    0x00, 0x22, 0x00, 0x23, 0x00, 0x00, 0x24, 0x00, 0x25, 0x00, 0x26, 0x00, 0x27, 0x00, 0x00, 0x28,
    0x00, 0x29, 0x00, 0x2A, 0x00, 0x2B, 0x00, 0x00, 0x2C, 0x00, 0x2D, 0x00, 0x2E, 0x00, 0x2F, 0x00,
    0x00, 0x30, 0x00, 0x31, 0x00, 0x32, 0x00, 0x33, 0x00, 0x00, 0x34, 0x00, 0x35, 0x00, 0x36, 0x00,
    0x37, 0x00, 0x00, 0x38, 0x00, 0x39, 0x00, 0x3A, 0x00, 0x3B, 0x00, 0x00, 0x3C, 0x00, 0x3D, 0x00,
    0x3E, 0x00, 0x3F, 0x00, 0x00, 0x40, 0x00, 0x41, 0x00, 0x42, 0x00, 0x43, 0x00, 0x00, 0x44, 0x00,
    0x45, 0x00, 0x46, 0x00, 0x47, 0x00, 0x00, 0x48, 0x00, 0x49, 0x00, 0x4A, 0x00, 0x4B, 0x00, 0x00,
    0x4C, 0x00, 0x4D, 0x00, 0x4E, 0x00, 0x4F, 0x00, 0x00, 0x50, 0x00, 0x51, 0x00, 0x52, 0x00, 0x53,
    0x00, 0x00, 0x54, 0x00, 0x55, 0x00, 0x56, 0x00, 0x57, 0x00, 0x00, 0x58, 0x00, 0x59, 0x00, 0x5A,
    0x00, 0x5B, 0x00, 0x00, 0x5C, 0x00, 0x5D, 0x00, 0x5E, 0x00, 0x5F, 0x00, 0x00, 0x60, 0x00, 0x61,
    0x00, 0x62, 0x00, 0x63, 0x00, 0x00, 0x64, 0x00, 0x65, 0x00, 0x66, 0x00, 0x67, 0x00, 0x00, 0x68,
    0x00, 0x69, 0x00, 0x6A, 0x00, 0x6B, 0x00, 0x00, 0x6C, 0x00, 0x6D, 0x00, 0x6E, 0x00, 0x6F, 0x00,
    0x00, 0x70, 0x00, 0x71, 0x00, 0x72, 0x00, 0x73, 0x00, 0x00, 0x74, 0x00, 0x75, 0x00, 0x76, 0x00,
    0x77, 0x00, 0x00, 0x78, 0x00, 0x79, 0x00, 0x7A, 0x00, 0x7B, 0x00, 0x00, 0x7C, 0x00, 0x7D, 0x00,
    0x7E, 0x00, 0x7F, 0x00, 0x00, 0x80, 0x00, 0x81, 0x00, 0x82, 0x00, 0x83, 0x00, 0x00, 0x84, 0x00,
    0x85, 0x00, 0x86, 0x00, 0x87, 0x00, 0x00, 0x88, 0x00, 0x89, 0x00, 0x8A, 0x00, 0x8B, 0x00, 0x00,
    0x8C, 0x00, 0x8D, 0x00, 0x8E, 0x00, 0x8F, 0x00, 0x00, 0x90, 0x00, 0x91, 0x00, 0x92, 0x00, 0x93,
    0x00, 0x00, 0x94, 0x00, 0x95, 0x00, 0x96, 0x00, 0x97, 0x00, 0x00, 0x98, 0x00, 0x99, 0x00, 0x9A,
    0x00, 0x9B, 0x00, 0x00, 0x9C, 0x00, 0x9D, 0x00, 0x9E, 0x00, 0x9F, 0x00, 0x00, 0xA0, 0x00, 0xA1,
    0x00, 0xA2, 0x00, 0xA3, 0x00, 0x00, 0xA4, 0x00, 0xA5, 0x00, 0xA6, 0x00, 0xA7, 0x00, 0x00, 0xA8,
    0x00, 0xA9, 0x00, 0xAA, 0x00, 0xAB, 0x00, 0x00, 0xAC, 0x00, 0xAD, 0x00, 0xAE, 0x00, 0xAF, 0x00,
    0x00, 0xB0, 0x00, 0xB1, 0x00, 0xB2, 0x00, 0xB3, 0x00, 0x00, 0xB4, 0x00, 0xB5, 0x00, 0xB6, 0x00,
    0xB7, 0x00, 0x00, 0xB8, 0x00, 0xB9, 0x00, 0xBA, 0x00, 0xBB, 0x00, 0x00, 0xBC, 0x00, 0xBD, 0x00,
    0xBE, 0x00, 0xBF, 0x00, 0x00, 0xC0, 0x00, 0xC1, 0x00, 0xC2, 0x00, 0xC3, 0x00, 0x00, 0xC4, 0x00,
    0xC5, 0x00, 0xC6, 0x00, 0xC7, 0x00, 0x00, 0xC8, 0x00, 0xC9, 0x00, 0xCA, 0x00, 0xCB, 0x00, 0x00,
    0xCC, 0x00, 0xCD, 0x00, 0xCE, 0x00, 0xCF, 0x00, 0x00, 0xD0, 0x00, 0xD1, 0x00, 0xD2, 0x00, 0xD3,
    0x00, 0x00, 0xD4, 0x00, 0xD5, 0x00, 0xD6, 0x00, 0xD7, 0x00, 0x00, 0xD8, 0x00, 0xD9, 0x00, 0xDA,
    0x00, 0xDB, 0x00, 0x00, 0xDC, 0x00, 0xDD, 0x00, 0xDE, 0x00, 0xDF, 0x00, 0x00, 0xE0, 0x00, 0xE1,
    0x00, 0xE2, 0x00, 0xE3, 0x00, 0x00, 0xE4, 0x00, 0xE5, 0x00, 0xE6, 0x00, 0xE7, 0x00, 0x00, 0xE8,
    0x00, 0xE9, 0x00, 0xEA, 0x00, 0xEB, 0x00, 0x00, 0xEC, 0x00, 0xED, 0x00, 0xEE, 0x00, 0xEF, 0x00,
    0x7F, 0x1F, 0xF0, 0x01, 0xF0, 0x01, 0xF0, 0x01, 0xF0, 0x01, 0xF0, 0x01, 0xF0, 0x01, 0xF0, 0x01,
    0xFF, 0xF0, 0x01, 0xF0, 0x01, 0xF0, 0x01, 0xF0, 0x01, 0xF0, 0x01, 0xF0, 0x01, 0xF0, 0x01, 0xF0,
    0x01, 0xFF, 0xF0, 0x01, 0xF0, 0x01, 0xF0, 0x01, 0xF0, 0x01, 0xF0, 0x01, 0xF0, 0x01, 0xF0, 0x01,
    0xF0, 0x01, 0xFF, 0xF0, 0x01, 0xF0, 0x01, 0xF0, 0x01, 0xF0, 0x01, 0xF0, 0x01, 0xF0, 0x01, 0xF0,
    0x01, 0xF0, 0x01, 0xFF, 0xF0, 0x01, 0xF0, 0x01, 0xF0, 0x01, 0xF0, 0x01, 0xF0, 0x01, 0xF0, 0x01,
    0xF0, 0x01, 0xF0, 0x01, 0x80, 0xE0, 0x01, 0x00,
};
/* frontier_df3_banim_aura_001_74F150: atomic relocation carve (was INCBIN); every embedded ROM
   pointer expressed as .4byte Sym(+addend), byte-exact. make compare is the oracle. */
u32 frontier_df3_banim_aura_001_74F150[] __attribute__((section(".data.frontier_df3_banim_aura.gap1"))) = {
    0x80000000, 0xFF840019, 0x0000FFF4, 0x00000001, 0x00000000, 0x00000000,
    0x80008000, 0xFF81001D, 0x0000FFF2, 0x40008000, 0xFF91001F, 0x0000FFF2,
    0x00008000, 0xFF990040, 0x0000FFF2, 0x00008000, 0xFF990041, 0x00000002,
    0x00000001, 0x00000000, 0x00000000, (u32)&AnimScr_NaglfarBG4 + 0x2, (u32)&AnimSpr_NaglfarOBJ_0 + 0x2, (u32)&AnimSpr_NaglfarOBJ_1 + 0x2,
    (u32)&AnimSpr_NaglfarOBJ_2 + 0x2, (u32)&AnimSpr_NaglfarOBJ_3 + 0x2, (u32)&AnimSpr_NaglfarOBJ_4 + 0x2, (u32)&AnimSpr_NaglfarOBJ_5 + 0x2, (u32)&AnimSpr_NaglfarOBJ_6 + 0x2, (u32)&AnimSpr_NaglfarOBJ_7 + 0x2,
    (u32)&AnimSpr_NaglfarOBJ_8 + 0x2, (u32)&AnimSpr_NaglfarOBJ_9 + 0x2, (u32)&AnimSpr_NaglfarOBJ_10 + 0x2, (u32)&AnimSpr_NaglfarOBJ_11 + 0x2, (u32)&AnimSpr_NaglfarOBJ_12 + 0x2, (u32)&AnimSpr_NaglfarOBJ_13 + 0x2,
    (u32)&AnimSpr_NaglfarOBJ_14 + 0x2, (u32)&AnimSpr_NaglfarOBJ_15 + 0x2, (u32)&AnimSpr_NaglfarOBJ_16 + 0x2, (u32)&AnimSpr_NaglfarOBJ_17 + 0x2, (u32)&AnimSpr_NaglfarOBJ_18 + 0x2, (u32)&AnimSpr_NaglfarOBJ_19 + 0x2,
    (u32)&AnimSpr_NaglfarOBJ_20 + 0x2, (u32)&AnimSpr_NaglfarOBJ_21 + 0x2, (u32)&AnimSpr_NaglfarOBJ_22 + 0x2, (u32)&frontier_df3_banim_aura_001_74F150 + 0x2, (u32)&frontier_df3_banim_aura_001_74F150 + 0x1A, 0x80000000,
};
/* frontier_df3_banim_aura_002_74FD8C: atomic relocation carve (was INCBIN); every embedded ROM
   pointer expressed as .4byte Sym(+addend), byte-exact. make compare is the oracle. */
u32 frontier_df3_banim_aura_002_74FD8C[] __attribute__((section(".data.frontier_df3_banim_aura.gap2"))) = {
    0x90000000, 0x005C0019, 0x0000FFF4, 0x00000001, 0x00000000, 0x00000000,
    0x90008000, 0x006F001D, 0x0000FFF2, 0x50008000, 0x0067001F, 0x0000FFF2,
    0x10008000, 0x005F0040, 0x0000FFF2, 0x10008000, 0x005F0041, 0x00000002,
    0x00000001, 0x00000000, 0x00000000, (u32)&AnimSpr_DarkBreathOBJ_0 + 0x2, (u32)&AnimSpr_DarkBreathOBJ_1 + 0x2, (u32)&AnimSpr_DarkBreathOBJ_2 + 0x2,
    (u32)&AnimSpr_DarkBreathOBJ_3 + 0x2, (u32)&AnimSpr_DarkBreathOBJ_4 + 0x2, (u32)&AnimSpr_DarkBreathOBJ_5 + 0x2, (u32)&AnimSpr_DarkBreathOBJ_6 + 0x2, (u32)&AnimSpr_DarkBreathOBJ_7 + 0x2, (u32)&AnimSpr_DarkBreathOBJ_8 + 0x2,
    (u32)&AnimSpr_DarkBreathOBJ_9 + 0x2, (u32)&AnimSpr_DarkBreathOBJ_10 + 0x2, (u32)&AnimSpr_DarkBreathOBJ_11 + 0x2, (u32)&AnimSpr_DarkBreathOBJ_12 + 0x2, (u32)&AnimSpr_DarkBreathOBJ_13 + 0x2, (u32)&AnimSpr_DarkBreathOBJ_14 + 0x2,
    (u32)&AnimSpr_DarkBreathOBJ_15 + 0x2, (u32)&AnimSpr_DarkBreathOBJ_16 + 0x2, (u32)&AnimSpr_DarkBreathOBJ_17 + 0x2, (u32)&AnimSpr_DarkBreathOBJ_18 + 0x2, (u32)&AnimSpr_DarkBreathOBJ_19 + 0x2, (u32)&AnimSpr_DarkBreathOBJ_20 + 0x2,
    (u32)&AnimSpr_DarkBreathOBJ_21 + 0x2, (u32)&AnimSpr_DarkBreathOBJ_22 + 0x2, (u32)&AnimSpr_DarkBreathOBJ_23 + 0x2, (u32)&frontier_df3_banim_aura_002_74FD8C + 0x2, (u32)&frontier_df3_banim_aura_002_74FD8C + 0x1A, 0x80000000,
    0x00200010, 0xF0000030, 0xFF019001, (u32)&Img_DemonLightBg_Close_7 + 0x54F, 0x7777FFFF, 0x7FDD0200,
    0xCDD7037F, 0xDD777FFF, 0x04000F20, 0xFF030080, 0x888CCDD7, 0xC502CDDD,
    0x88CCDD88, 0xAA020088, 0xAA88CC04, 0x0C00DDA8, 0xEE00E777, 0x777777CE,
    0x00AAA8EE, 0xAA88ABAA, 0xA8AAAAAB, 0xA8AAA800, 0xAA888AAA, 0xAAAA00AA,
    0x888A8A88, 0xCC02CCCC, 0xCECEEECC, 0xAA1900EE, 0xAABAAA08, 0xC81200AA,
    0xDC11CC8C, 0x031088DD, 0x00EEECC8, 0xEE7E051D, 0x007EEEEE, 0x1B00A81D,
    0xEDCC8803, 0x007DDDDD, 0x18791050, 0x00F7777E, 0xF7920081, 0x0080FFF7,
    0xC888881A, 0xDCDCC8C8, 0x00CDCC3A, 0xB09B0013, 0x4F00CC01, 0xCDDC10CC,
    0xDC0700DD, 0x3DCCCDDD, 0x980077CC, 0xBB20D200, 0x007D0110, 0x00DD424B,
    0xEEDDDE38, 0xCE93107D, 0xC88CCC01, 0xC5EEEEE7, 0xF770F500, 0x22002350,
    0xEC776F10, 0xEE13CECC, 0x2300C888, 0x4300ECC5, 0x01901C50, 0x10D77717,
    0xDDDD7742, 0xCC7702D7, 0xE7DDDEEE, 0xB07F9C10, 0x007F2321, 0xCC1B0178,
    0x40DDDDCC, 0xD72310DD, 0x7D7DDD7D, 0x290080D7, 0x8CCCCDEE, 0x03CCEEE7,
    0xA8A8888C, 0x05008CA8, 0x88182600, 0x2B00CDD7, 0x88CC4F11, 0x018879A8,
    0x01020038, 0xAA3A2119, 0xD447118A, 0x0A000400, 0xBB0200BB, 0xAABB1800,
    0xBBBBBA16, 0x20881000, 0xAB011024, 0xBBBBAB11, 0x9BB90100, 0x7007209B,
    0x113E00BA, 0xBB1E501E, 0x18AABAAB, 0x00ABBABB, 0xAB01303D, 0x01C8ABBA,
    0x881A209B, 0xAA4801A8, 0xC85088A8, 0x00886900, 0xABBB886C, 0xAB8A0EAA,
    0x6E00ABAA, 0x7F011C10, 0x5EEC02CC, 0xEEEEECCC, 0x09770300, 0x7DDDCCC8,
    0x8A770300, 0xA8000400, 0xCCCC8C88, 0x3EECCC8C, 0x01117E7E, 0x2B119701,
    0x0101F810, 0xDD7D127D, 0xEC2E11DD, 0xEE77115C, 0x023311F4, 0x0105104B,
    0x1D00771C, 0xCC07CDCD, 0xECECECC5, 0x23100B32, 0xF7503301, 0x0177E421,
    0xDCCD7724, 0x00DD68DD, 0xDD16121C, 0xDD7D4011, 0x02128ED7, 0x31F7777F,
    0x1061119C, 0xDD07DDDD, 0xD7DDCCDC, 0x81203000, 0x11C3FFB1, 0xA85A0115,
    0xE2DDD7D7, 0xCB8C101B, 0xDD003B01, 0x41008AA8, 0x309600D5, 0x0180F19F,
    0xFD005F22, 0x7F7D8200, 0xFF1EE07F, 0x9B205F02, 0x1BE04612, 0x1BF05F52,
    0x019001F0, 0x55555500, 0xC888C855, 0x7B11D058, 0x003F1BD0, 0x73377503,
    0x555E00F3, 0x88AA3335, 0xF0D255C8, 0xF301303D, 0x33334710, 0xFD7F6A01,
    0x01807DF0, 0x56205133, 0x1F5001F0, 0xBE4E203F, 0x00335510, 0x8003002A,
    0x508B011F, 0x3300330B, 0x55335333, 0x00338555, 0x3F55C533, 0x3F85C5C3,
    0x888C3317, 0x00572B90, 0x006B01D7, 0xBAAA1002, 0xAABC0288, 0xE099B9BB,
    0x1E00B190, 0xBBBAF320, 0x0199B9B9, 0x996999B9, 0xA0666696, 0x5558001F,
    0xABAABA58, 0x994099BA, 0x69660100, 0x46666666, 0xF71F6080, 0x5833F3F3,
    0x8806C888, 0xABBBBABB, 0x1D001E20, 0x60644064, 0x33377F1F, 0xC2C83E73,
    0x16136C03, 0x9BB9B999, 0x80261F10, 0xE77F3F00, 0xE7778C5E, 0xE58C1DCE,
    0x101D00E5, 0x9B530398, 0x96263F10, 0x69620066, 0x03BB0469, 0x13C4BA04,
    0x9B38434A, 0x5E0399BB, 0x99079969, 0xB99996BB, 0x53037003, 0x10CC4A03,
    0x99071008, 0x035A33B9, 0x1B8ACE1B, 0x2355E8CA, 0xBAA0439B, 0x26005803,
    0x1F108A77, 0xEF124903, 0x049B5337, 0xECE72406, 0x0C107B13, 0x04D77512,
    0x8A3A40B0, 0x8A8A288A, 0x22581310, 0x8C88C88E, 0x039522F3, 0x159A135C,
    0x2588A83B, 0x3F9E1453, 0x0400C8CC, 0x0110B422, 0x1310B802, 0x04B32D10,
    0x3300C867, 0xDCCCB003, 0x1A000E15, 0xDC3A03B5, 0x0F002520, 0x8C3110CD,
    0x20FECF03, 0x12014017, 0x000200DB, 0x102A0003, 0xCD5BCC0F, 0x10CD0500,
    0xCCD61404, 0xFB149335, 0x131610FF, 0x001B000D, 0x10491007, 0x03F31484,
    0x6610EE7A, 0x6B101520, 0x1282008C, 0xAACE0406, 0x103B30C0, 0xDC777D03,
    0x0A777D7D, 0x777EEEEC, 0x007E6A04, 0x06BCECA9, 0xE7538828, 0x03500720,
    0x5EE58703, 0x8C557503, 0xF2E55C5C, 0x07D713B1, 0xE3E3F73F, 0xF36E1275,
    0x872B121F, 0x5EE53E04, 0x1FF05E55, 0x63041F40, 0x73357500, 0xE5555537,
    0x1DF0C058, 0xFF7FBE14, 0x53733733, 0x8C8EEE0E, 0xA33140CC, 0x37DD0463,
    0x855E5E01, 0x88ACCACC, 0xAB287305, 0xBA3E02AB, 0x66B92F02, 0x96690066,
    0x66626426, 0x44004444, 0x41111144, 0x31111141, 0x1D001111, 0x9B991E22,
    0x02B702BA, 0x9666BBB9, 0x23109969, 0x44441041, 0x121E0062, 0xD9555888,
    0x9605E723, 0x009B15CC, 0x0366AB22, 0x4424001A, 0x24246662, 0x13C12242,
    0xFF77038C, 0x33333C5C, 0x3C68E701, 0xDF02CE14, 0x666B00BB, 0x22272222,
    0x3F0F8422, 0x0607123C, 0x00A0124C, 0x69996969, 0x42422422, 0x3FBC7394,
    0xBA2B3633, 0x9669C822, 0x62969618, 0xEF132303, 0x2AC3C333, 0x432233CC,
    0xAB170688, 0x1599B503, 0x23966999, 0xE2036680, 0x3C0200A8, 0x24038CBA,
    0x1F130200, 0x69991C00, 0x641C1080, 0xBA262666, 0x962C99BB, 0xBB0E00BB,
    0x15105203, 0x03806999, 0x42666676, 0x44242666, 0x16424608, 0x26850344,
    0x44026466, 0x44264644, 0x14020044, 0x111A11E5, 0x1102001D, 0x46030014,
    0x10E62C11, 0xF02D2108, 0xF0144401, 0x41019018, 0x22441102, 0x00211211,
    0x21172109, (u32)&voicegroup029 + 0x371, 0x20021012, 0x00110004, 0x66962244, 0x62222242,
    0x22222114, 0x10112F21, 0x4C622204, 0x62070062, 0x03090012, 0x0062BAE2,
    0x96AB9996, 0x66AAABB9, 0x22F30380, 0x66B99666, 0xBB009996, 0xAAAB9966,
    0x00969662, 0x5C8C8AAB, 0x5588AAE5, 0x058A7332, 0x5507006C, 0xAA0400BB,
    0x335C8800, 0x333C5888, 0x33CC00A8, 0xF7777333, 0xF3007377, 0x3F73FF7F,
    0x0B337FFF, 0x3537F333, 0x45330400, 0xFF5F454D, 0xE1123F08, 0x45027402,
    0x6BA22A00, 0x5C137513, 0xF7DB38BE, 0x1F70B768, 0x0710A033, 0x6CCD6803,
    0x008B08FF, 0xE358E74B, 0xCCCDB633, 0x5CCCDD11, 0xAAA88F03, 0xA1A801CD,
    (u32)&portrait_Villager_Girl_Young_mouth + 0x228, 0xEE77887B, 0xFE8F13C5, 0x46084C14, 0x9D04E314, 0xC4015318,
    0xA6BBD201, 0x33BA2B02, 0x148BAAA5, 0x993712B3, 0x009B993F, 0x01080101,
    0x10EB11E5, 0xFEC3191D, 0x39151D00, 0x1D121600, 0xBB050100, 0xFF660200,
    0x77089848, 0x9A189818, 0x3F021E30, 0x1F003E12, 0x60208A7C, 0x21109715,
    0x01203A40, 0x62026664, 0xC88A8A24, 0x8A11055C, 0x8ABBAB0C, 0x657605AA,
    0x416466DB, 0x58472326, 0xC8355555, 0x05827701, 0xB8BB881F, 0x9D00BAAA,
    0x0296429B, 0x6462649B, 0x351F1062, 0x03533526, 0x1955E5E5, 0xB9A2004F,
    0x61009B62, 0x46465F10, 0x141F1046, 0xC8C55507, 0xE3008EC8, 0xD820C015,
    0x62B81280, 0x22622646, 0x12E62424, 0x117D0A76, 0x06B9AB1B, 0x66D42292,
    0xB1026264, 0x4142BC02, 0x8BA89522, 0x267629E1, 0x62972093, 0x00246626,
    0x12417358, 0xF09AF2B0, 0xF0211101, 0x1B1D9025, 0x30242121, 0x12041008,
    0x0F70B822, 0xAE22117F, 0x0200CB42, 0xE5221430, 0x1F200140, 0x4242421A,
    0x01A01280, 0x42201024, 0x63302473, 0x3F0001F0, 0x01102424, 0x408719F0,
    0x4442421F, 0xF0AC1341, 0xF1C6A001, 0xA7209540, 0x9D338333, 0x20221121,
    0x9D03DAE4, 0x00124C00, 0x12C820CB, 0x5F145C01, 0x22040541, 0xD7109803,
    0x41002010, 0x2240CC00, 0x14214810, 0x64121224, 0x23264437, 0x124410AD,
    0x0110AC13, 0x00E22F00, 0x030C402C, 0x8AB996C4, 0x8AB9DA03, 0x96260320,
    0x64120099, 0x00261A40, 0x22626262, 0xF3333CC8, 0xA7038A40, 0xF33CC88A,
    0xCC2388AB, 0xC8D103F3, 0x3F059696, 0x9978CF21, 0x01309F88, 0x530A2E00,
    0xE0B98888, 0x01000113, 0x33FF1DF6, 0x1658555C, 0x22999B85, 0x1C89B94F,
    0x1E552104, 0x07555355, 0x238C02AA, 0x7FA70B4B, 0xC8E5E301, 0x8C555573,
    0xAA19F009, 0x6B02AC88, 0xB8AA940B, 0x00C04803, 0xB94A081E, 0xBAAB8ACA,
    0x8B03E2AC, 0x2113EB2B, 0x139BBABA, 0x00D6B943, 0x69AC023C, 0x1296F002,
    0x660C009A, 0x0569B938, 0x19C00263, 0xB6999939, 0x10E802D2, 0x4D4346C3,
    0xF4024262, 0x42640066, 0x66694446, 0x10E74244, 0x13BF103B, 0x05446407,
    0x12010080, 0x013090B7, 0x37001414, 0x46669644, 0x2366423F, 0x01850545,
    0x00160090, 0xFFD92205, 0x2C70A305, 0xCC36ED02, 0x14000180, 0x9DF5C715,
    0x3001F0E8, 0x41194201, 0x14145603, 0x5100F641, 0x6F205602, 0x064101F0,
    0x14190019, 0xF05E00FE, 0x002A561F, 0xF23E0004, 0x14572699, 0x67002166,
    0x6464BA00, 0x010087F0, 0x00214141, 0x224414BB, 0x83176626, 0x331EB0E7,
    0x143F1067, 0xF0C72722, 0xFFB81601, 0x1FF0C540, 0x9F10D746, 0x01F00738,
    0x51011D20, 0xA300447F, 0x180019F0, 0xBF005C20, 0xF3706411, 0x11F110F4,
    0x11161089, 0x010046D0, 0x00FC1164, 0x008501A7, 0x0BAD4189, 0x69020013,
    0x05667F46, 0x11E30725, 0x0B173003, 0x222A120D, 0xDA22C33E, 0x62428B25,
    0xB1272624, 0x18EF2D00, 0x051610BF, 0x420B9BC4, 0x48131F30, 0x07B01005,
    0x001522C7, 0x9B262400, 0x627F6699, 0x46001C00, 0x82031400, 0x36051D10,
    0x963E4F08, 0x130F1096, 0x202A107C, 0xB9471B07, 0x0EFF08C2, 0x8AABB970,
    0xAA5E078A, 0x9696220F, 0x078313A9, 0x0A03236B, 0x1D5576BB, 0x0ADB2A87,
    0x07008A80, 0x80C89E0E, 0xABB98F36, 0x33CC5CCC, 0xCD3C06C8, 0x18C3CCC3,
    0xC80130E1, 0xAB08C874, 0xAA031F00, 0x331F095C, 0x3C3317C3, 0xC3820A33,
    0xD5261C30, 0xCC7E222F, 0xDE081906, 0x6409AF4A, 0xEF059B03, 0xDA06B99B,
    0x13CA1869, 0xBA773FA9, 0xFF8603BB, 0xE7107120, 0xD5200A06, 0xF7060311,
    0xDB26AF13, 0x000001DF, 0x9824621A, 0x1F105B15, 0xF7262F27, 0x468823BE,
    0x03210F01, 0x620C0110, 0x7C967001, 0x350F4796, 0x2053118E, 0x120B0009,
    0x09115B44, 0x1A40422E, 0x0522CE25, 0x7F06000C, 0x26CE0812, 0x2509201C,
    0x280405AB, 0xFFA612E6, 0x2A562856, 0x37006003, 0x2F201B00, 0x213972F2,
    0x000023FC, 0x02340057, 0x10D6D368, 0xEF24441B, 0x00546312, 0x1312D592,
    0x044434B5, 0xAF563230, 0x1321B672, 0x3564218F, 0x0170D829, 0x22FF0E10,
    0x1A3910B4, 0x1008000F, 0x3AD11207, 0xB701D016, 0x10465F20, 0x6447A01D,
    0x3C003500, (u32)&TerrainTable_MovCost_BerserkerSnow + 0x3B, 0x4266463F, 0x215E0A46, (u32)&pad_BC3A00 + 0x32C74, 0x0D25462F,
    0xA7011145, 0x84016958, 0x01BFDF32, 0xE52796A1, 0x8B0B9221, 0x26030C10,
    0x00FF0A06, 0x2818430D, 0x350740BF, 0x0E391027, 0xFF341330, 0x2129F802,
    0x0F102003, 0x70039310, 0x4D16E70A, 0x024070E6, 0xBB0E092D, 0x30FB50BB,
    0x03FD9687, 0x2E7B335F, 0x101F4045, 0x46F008D5, 0x20FF8620, 0x0F690262,
    0x10431023, 0x190200EC, 0xFF41202C, 0x9A033D20, 0x961E1B10, 0xE7101600,
    0xDB009502, (u32)&data_085D30F8 + 0x7, 0x391B10CA, 0x00710099, 0x00AB20B1, 0xDD02F956,
    0x1A008703, 0x721EF102, 0xEA10A888, 0x39D712FF, 0x103530DF, 0x00852E17,
    0x111F1104, 0xB106AF06, 0xB9220F9B, 0x431C401F, 0x3B0A3303, 0x26AAAA10,
    0x6666C403, 0x00822622, 0x969B2227, 0x56036262, 0x1F04AA29, 0x96460366,
    0x106B1B0C, 0x266F6692, 0xDC326F19, 0x04FB1229, 0x1F6B1929, 0x1F039763,
    0x32246269, 0x04336342, 0x574F1090, 0x9BDF0066, 0x23962800, 0x30040088,
    0x8F14CF27, 0x6262400D, 0x97118714, 0x15007533, 0x14EF17E4, 0x262C007F,
    0x46A10322, 0x0737F142, 0x75231D27, 0x244401B0, 0x3FA70424, 0xE9032262,
    0x7F605A10, 0x1B19A353, 0x60FF5020, 0x0901B004, 0x8054F036, 0x1045201E,
    0xFF060041, 0x3B60DD70, 0x3E103C00, 0xD078D928, 0x1E04E020, 0x9010244C,
    0x38396226, 0x2221C729, 0x00122128, 0x8A102606, 0x38622662, 0xFB124646,
    0x3106B523, 0x20212141, 0xAB091414, 0x64464262, 0x62643F22, 0x07063002,
    0xB8131C02, 0x48125D53, 0x063E03E7, 0x661F531E, 0x025F7366, 0xFF9A1369,
    0x39305403, 0xD9011F00, 0xAC138853, 0xA902E612, 0x220400FB, 0x104620CE,
    0x4637001D, 0x99236328, 0x0420667F, 0x24004200, 0x54208F03, 0x9C037910,
    0x205D10FF, 0x309A1636, 0x00262483, 0x0098002F, 0x7940FF57, 0x20127C20,
    0x19132500, 0xCA43CF2B, 0x00FFAC03, 0x09AD1319, 0x02FB010C, 0x23D813F7,
    0xFF7D63DB, 0xA613BA26, 0x28003209, 0x17500210, 0xD105DE26, 0x198103FF,
    0x3018409F, 0x4317001C, 0x065A133C, 0x1CAB6F19, 0xB912008F, 0x14303703,
    0x4C0DB753, 0x405F23E3, 0xBB410C13, 0x1200ABBA, 0x00EE1C20, 0x101F5041,
    0x6E13BA13, 0x0A00680C, 0x4B0DBFA8, 0x4033008A, 0x0017001D, 0x03FB0608,
    0x1FC85C6B, 0x7B038C7F, 0x9A030D0D, 0x03E1A8A8, 0x0096065D, 0xCC5C8C01,
    0x7FC0068C, 0x00CC2DCD, 0x002B1724, 0x200A101E, 0x00DF0D2B, 0xCCDDCD88,
    0xDCCCCCDC, 0x0300DD53, 0xDD4307DC, 0x000E0088, 0x10CC794E, 0x005F072B,
    0xDD260E15, 0x76471E7D, 0x2E0600D7, 0xDD26004F, 0x4C174E10, 0x1F07D6CD,
    0x0ECD5A0E, 0x1C20D787, 0xBDD7703E, 0x0DA8A510, 0x1723175B, 0x8C6A0E43,
    0xCD6F3A10, 0x771E8D00, 0x344901BA, 0x30351B69, 0xA147CE01, 0x8A882D00,
    0x89443A01, 0x2E88D200, 0xE600CCA8, 0x2E1C005C, 0xAAC21098, 0x1D5F0DE8,
    0x8A600081, 0x558CA90E, 0x5C5501EE, 0xC5CEEEEE, 0xC52200EC, 0x90171611,
    0x10B9BABA, 0x8310BA63, 0x888C850C, 0x31DF17AA, 0x16AA8809, 0x01469669,
    0x9F0496F6, 0xED9BAF2E, 0x0400472B, 0x25AB9240, 0x699D029F, 0x14EB4102,
    0x11EB240B, 0x9E25BAE9, 0x0257669B, 0x1736DFA0, 0x1E69C725, 0x603415A9,
    0x16DC021E, 0x3B46E16F, 0x34227310, 0x62624444, 0x22F55E00, 0x265973C6,
    0xBB41102B, 0x0362A604, 0x9429FB1D, 0xAA151E30, 0x2A122736, 0x56380924,
    0x9A16FFA4, 0x59005B00, 0x1F10D412, 0xF4025148, 0x20FF2715, 0x06040035,
    0xB0B462B5, 0x36DC0251, 0x7FA75F20, 0x505820B9, 0x09EF022C, 0x12F702DA,
    0x7F0720A1, 0x036713BB, 0x00721052, 0x2F1513F3, 0x9F0800C7, 0xB9BBB911,
    0x25004537, 0x17119D10, 0x13FF2F16, 0x40303325, 0x37D9309F, 0x203F014B,
    0xD003108E, 0x4C0A3337, 0x8AE20199, 0x7BDD3EDE, 0x204CDD7D, 0x194E00D0,
    0x4F02DE82, 0x7F7C1200, 0x09111F90, 0x58136C10, 0x7FAAFA01, 0xE7777F1F,
    0x61301F90, 0xAC01E200, 0xDD402310, 0x777FE409, 0x7FFFCCD7, 0x00DD772F,
    0xB137774A, 0xAF009937, 0xAB204702, 0xAA020ABB, 0xBAA88CCD, 0x88C602BE,
    0x0B440422, 0xDB131621, 0x7FAA0D00, 0x1F4B12AB, 0x10952DFA, 0x101F275A,
    0xEF1D0B21, 0xAE2D5B21, 0x10BA6842, 0x1259072B, 0x5F4E007D, 0xBAE127BA,
    0xDE021500, 0x02000B24, 0x349DFB03, 0x13AAA807, 0x020300DB, 0x5D03A8C0,
    0x038A8A2E, 0xCB138A03, 0x2313DB13, 0x0200F0EE, 0x23030320, 0xCCCC1B34,
    0xEC00CCEC, 0xEEECE7EE, 0x007EF777, 0x77F77777, 0x77FFFF77, 0xFF333318,
    0x9003F323, 0x4FD7EEEE, 0x77BB03D7, 0x235FC1F7, 0x701810C6, 0xFFDD3501,
    0x3D00E303, 0xEE020077, 0x77401F10, 0xD777F003, 0xDDD7CCCD, 0x015CDD26,
    0x04DDCC82, 0xDEE71349, 0x88CCCD13, 0xCD8C2301, 0xAD007013, 0x5C6714B1,
    0x7E04DF13, 0x00A8888C, 0x8514FDAA, 0x2324DB24, 0x0E00C510, 0x18A8D100,
    0xE044F65F, 0x75181F41, 0x03A84B24, 0x88F710E9, 0x4100C85F, 0x54EA14C8,
    0x201D003E, 0x73EA24ED, 0x30EF24CD, 0x8C57741F, 0x13840088, 0xFF23FFFA,
    0x45116720, 0x55102210, 0x4E105801, 0x50FB8B20, 0x110F2478, 0x258A0587,
    0x8201BA96, 0x28FF8910, 0x021633E4, 0x05D301D7, 0x35A410C3, 0xF58C1C5A,
    0x43335C01, 0x071C5E22, 0x8C3A10B9, 0x00D18310, 0xCD3A019E, 0xBBB9C02C,
    0xB74B13AB, 0x169B3F42, 0xBAAB0216, 0xEE0F3E01, 0x04FFF601, 0x125710E3,
    0x125D1610, 0x102F1C3E, 0x7F02009B, 0x009700B9, 0x10595677, 0x2C5A2A6A,
    0xDF091074, 0x73137B30, 0x14A1039B, 0x359D1D56, 0xFDF54357, 0x9502100A,
    0x36001710, 0x1F30C423, 0xFE271A8A, 0x4C106814, 0x1600D123, 0x0901A802,
    0xF5882811, 0x0130632D, 0xC1311300, 0xCD0200C8, 0x02993F06, 0x00777757,
    0xAB170135, 0x803111BA, 0xCCDC3D0D, 0xDD777DDC, 0x4502BD7D, 0x1069327F,
    0x1600177E, 0x8502ECA8, 0xD21610F3, 0x7001F083, 0xF0000001, 0xFF01F001,
    0x01F001F0, 0x01F001F0, 0x01F001F0, 0x01F001F0, 0xF001F0FF, 0xF001F001,
    0xF001F001, 0xF001F001, 0x01F0C001, 0x00000150, 0x5F4F520E, (u32)&Tsa_DarkBreathBg_10 + 0xB7,
    (u32)&Img_ManimBarrierBgfx + 0x7A1, 0x04611E23, 0x0D810461, 0x052104A1, (u32)&Img_DemonLightBg_Close_25 + 0xCC6, 0x04410881,
    0x00050010, 0x1000F420, 0x02000101, 0x00000300, 0x00050004, 0x00070006,
    0x09000800, 0x0B000A00, 0x000C0000, 0x000E000D, 0x1000000F, 0x12001100,
    0x00001300, 0x00150014, 0x00170016, 0x19001800, 0x1B001A00, 0x1C392082,
    0x1E001D00, 0x001F0700, 0x21002000, 0x23002200, 0x00240000, 0x00260025,
    0x28000027, 0x2A002900, 0x00002B00, 0x002D002C, 0x002F002E, 0x31003000,
    0x33003200, 0x00340000, 0x00360035, 0x38000037, 0x3A003900, 0x00003B00,
    0x003D003C, 0x003F003E, 0x41004000, 0x43004200, 0x00440000, 0x00460045,
    0x48000047, 0x4A004900, 0x00004B00, 0x004D004C, 0x004F004E, 0x51005000,
    0x53005200, 0x00540000, 0x00560055, 0x58000057, 0x5A005900, 0x00805B00,
    0x5D005C01, 0x5F005E00, 0x00600002, 0x20620061, 0x00006311, 0x00650064,
    0x00670066, 0x69006800, 0x6B006A00, 0x006C0000, 0x006E006D, 0x7000006F,
    0x72007100, 0x20C07300, 0x74011025, 0x76007500, 0x00770000, 0x00790078,
    0x7B00007A, 0x7D007C00, 0x00007E00, 0x0080007F, 0x00820081, 0x84008300,
    0x86008500, 0x00870000, 0x00890088, 0x8B00008A, 0x8D008C00, 0x00008E00,
    0x0090008F, 0x00920091, 0x94009300, 0x96009500, 0x00970000, 0x00990098,
    0x9B00009A, 0x9D009C00, 0x00009E00, 0x00A0009F, 0x00A200A1, 0xA400A300,
    0xA600A500, 0x00A70000, 0x00A900A8, 0xAB0000AA, 0xAD00AC00, 0x0000AE00,
    0x00B000AF, 0x00B200B1, 0xB400B300, 0xB600B500, 0x00B70000, 0x00B900B8,
    0xBB0000BA, 0xBD00BC00, 0x0000BE00, 0x00C000BF, 0x00C200C1, 0xC400C300,
    0xC600C500, 0x00C70000, 0x00C900C8, 0xCB0000CA, 0xCD00CC00, 0x0000CE00,
    0x00D000CF, 0x00D200D1, 0xD400D300, 0xD600D500, 0x00D70000, 0x00D900D8,
    0xDB0000DA, 0xDD00DC00, 0x0000DE00, 0x00E000DF, 0x00E200E1, 0xE400E300,
    0xE600E500, 0x00E70000, 0x00E900E8, 0xEB0000EA, 0xED00EC00, 0x0000EE00,
    0x00F000EF, 0x00F200F1, 0xCFE1F37F, 0x0FF20FF2, 0xCFD10F92, 0x0FF20FF2,
    0xD10F92FF, 0xF20FF2CF, 0xD10F920F, 0xF20FF2CF, 0x0F92FF0F, 0x0FF2CFD1,
    0x0F920FF2, 0x0FF2CFD1, 0x92FB0FF2, 0xF2CFD10F, 0x920FF20F, 0x01F0000F,
    0xF0FF01F0, 0xF001F001, 0xF001F001, 0xF001F001, 0xFF01F001, 0x01F001F0,
    0x01F001F0, 0x01F001F0, 0x01A001F0,
};
u8 frontier_df3_banim_aura_003_754840[] __attribute__((section(".data.frontier_df3_banim_aura.gap3"))) = INCBIN_U8("graphics/frontier_df3_banim_aura/frontier_df3_banim_aura_003a_754840.map.bin.lz");
u8 data_087548F0[] __attribute__((section(".data.frontier_df3_banim_aura.gap3"))) = INCBIN_U8("graphics/frontier_df3_banim_aura/data_087548F0.map.bin.lz");
u8 data_087549F8[] __attribute__((section(".data.frontier_df3_banim_aura.gap3"))) = INCBIN_U8("graphics/frontier_df3_banim_aura/data_087549F8.map.bin.lz");
u8 data_08754B34[] __attribute__((section(".data.frontier_df3_banim_aura.gap3"))) = INCBIN_U8("graphics/frontier_df3_banim_aura/data_08754B34.map.bin.lz");
u8 data_08754CA8[] __attribute__((section(".data.frontier_df3_banim_aura.gap3"))) = INCBIN_U8("graphics/frontier_df3_banim_aura/data_08754CA8.map.bin.lz");
u8 data_08754E40[] __attribute__((section(".data.frontier_df3_banim_aura.gap3"))) = INCBIN_U8("graphics/frontier_df3_banim_aura/data_08754E40.map.bin.lz");
u8 data_08754FB4[] __attribute__((section(".data.frontier_df3_banim_aura.gap3"))) = INCBIN_U8("graphics/frontier_df3_banim_aura/data_08754FB4.map.bin.lz");
u8 data_087550C0[] __attribute__((section(".data.frontier_df3_banim_aura.gap3"))) = INCBIN_U8("graphics/frontier_df3_banim_aura/data_087550C0.map.bin.lz");
u8 data_08755194[] __attribute__((section(".data.frontier_df3_banim_aura.gap3"))) = INCBIN_U8("graphics/frontier_df3_banim_aura/data_08755194.map.bin.lz");
u8 data_08755234[] __attribute__((section(".data.frontier_df3_banim_aura.gap3"))) = INCBIN_U8("graphics/frontier_df3_banim_aura/data_08755234.4bpp.lz");
/* data_087554F8: raw non-LZ trailing carve (was part of hybrid JP-LZ blob), byte-exact. */
u8 data_087554F8[] __attribute__((section(".data.frontier_df3_banim_aura.gap3"))) = {
    0x55, 0x53, 0xFF, 0x67, 0x9F, 0x0A, 0x7C, 0x05, 0x1E, 0x0A, 0x5F, 0x03, 0x55, 0x53, 0x55, 0x53,
    0x55, 0x53, 0x55, 0x53, 0x55, 0x53, 0x55, 0x53, 0x55, 0x53, 0x55, 0x53, 0x55, 0x53, 0x55, 0x53,
    0x01, 0x00, 0xFF, 0xFF, 0x05, 0x05, 0x00, 0x00, 0x00, 0x00, 0x05, 0x05, 0x00, 0x01, 0x00, 0x80,
    0x00, 0x00, 0xF0, 0xFF, 0xF0, 0xFF, 0x00, 0x00, 0x01, 0x00, 0x00, 0x00, 0x00, 0x00, 0x00, 0x00,
    0x00, 0x00, 0x00, 0x00, 0x01, 0x00, 0xFF, 0xFF, 0x78, 0x02, 0x6F, 0x00, 0x91, 0xFF, 0x78, 0x02,
    0x00, 0x01, 0x00, 0x80, 0x00, 0x00, 0xF0, 0xFF, 0xF0, 0xFF, 0x00, 0x00, 0x01, 0x00, 0x00, 0x00,
    0x00, 0x00, 0x00, 0x00, 0x00, 0x00, 0x00, 0x00, 0x01, 0x00, 0xFF, 0xFF, 0x92, 0x01, 0x92, 0x00,
    0x6E, 0xFF, 0x92, 0x01, 0x00, 0x01, 0x00, 0x80, 0x00, 0x00, 0xF0, 0xFF, 0xF0, 0xFF, 0x00, 0x00,
    0x01, 0x00, 0x00, 0x00, 0x00, 0x00, 0x00, 0x00, 0x00, 0x00, 0x00, 0x00, 0x01, 0x00, 0xFF, 0xFF,
    0x16, 0x01, 0xA0, 0x00, 0x60, 0xFF, 0x16, 0x01, 0x00, 0x01, 0x00, 0x80, 0x00, 0x00, 0xF0, 0xFF,
    0xF0, 0xFF, 0x00, 0x00, 0x01, 0x00, 0x00, 0x00, 0x00, 0x00, 0x00, 0x00, 0x00, 0x00, 0x00, 0x00,
};
/* frontier_df3_banim_aura_004_7557C4: atomic relocation carve (was INCBIN); every embedded ROM
   pointer expressed as .4byte Sym(+addend), byte-exact. make compare is the oracle. */
u32 frontier_df3_banim_aura_004_7557C4[] __attribute__((section(".data.frontier_df3_banim_aura.gap4"))) = {
    0x00000000, 0x0000001F, 0x0000FFF8, 0x00000001, 0x00000000, 0x00000000,
    (u32)&Pal_ShineSprites + 0x21, (u32)&Pal_ShineSprites + 0x45, (u32)&Pal_ShineSprites + 0x69, (u32)&Pal_ShineSprites + 0x8D, (u32)&AnimSprite_EfxShine_5 + 0x1, (u32)&AnimSprite_EfxShine_6 + 0x1,
    (u32)&AnimSprite_EfxShine_7 + 0x1, (u32)&AnimSprite_EfxShine_8 + 0x1, (u32)&AnimSprite_EfxShine_9 + 0x1, (u32)&AnimSprite_EfxShine_10 + 0x1, (u32)&AnimSprite_EfxShine_11 + 0x1, (u32)&AnimSprite_EfxShine_12 + 0x1,
    (u32)&AnimSprite_EfxShine_13 + 0x1, (u32)&AnimSprite_EfxShine_14 + 0x1, (u32)&AnimSprite_EfxShine_15 + 0x1, (u32)&AnimSprite_EfxShine_16 + 0x1, (u32)&AnimSprite_EfxShine_17 + 0x1, (u32)&AnimSprite_EfxShine_18 + 0x1,
    (u32)&AnimSprite_EfxShine_19 + 0x1, (u32)&frontier_df3_banim_aura_004_7557C4 + 0x70000003, 0x84000013, 0x81000000, 0x00180010, 0xF0000035,
    0x50014001, 0x80450300, 0x0055500F, 0x02004402, 0x23445533, 0x33442200,
    0x22232112, 0x10225421, 0x03000518, 0x43030054, 0x50000055, 0x45554432,
    0x44003321, 0x33221134, 0x20122223, 0x4D701222, 0x45500005, 0x45050054,
    0x34544334, 0x43003223, 0x32211223, 0x55222112, 0x34180021, 0x00240300,
    0x0300136A, 0x0E001240, 0x23450022, 0x34185021, 0x07002112, 0x21114210,
    0x11110112, 0x11111122, 0x1E050012, 0x00342112, 0x20030010, 0x21010011,
    0x08001275, 0x01402110, 0x32030021, 0x43702200, 0x07002D00, 0x0FF0D6F0,
    0xEF000000, 0xEEF000FE, 0x34EF00EE, 0x1AF0EDDE, 0x000F1A20, 0x1FEEFE1A,
    0xF0EEDCCD, 0x0001703F, 0x003DA02D, 0x00EF6403, 0xEF330006, 0xF00320DE,
    0x00CD40EE, 0xDEEFDC02, 0x00EECBBC, 0xDEBAABCD, 0xCDA88ABC, 0x7788AB00,
    0x67788ABC, 0x677A01BC, 0x6688AB66, 0x4042B066, 0x0F3E10FF, 0xFEEEEF00,
    0xDDEE03F0, 0xCCDEEFEE, 0x9C009F80, 0x9C00F040, 0xF0EEEEEF, 0xED11DEEE,
    0x9C00DEEF, 0xF0CBBCCD, 0x00001993, 0x000300FE, 0x10ED0045, 0x01F0E708,
    0x68004B10, 0x0321EEEF, 0xF720F7F0, 0xEDB200AE, 0xA0DCB200, 0x00CC00D3,
    0xFF60BC06, 0x2000CC00, 0xBBCDEE8A, 0x6B90AA8A, 0xCB0800DC, 0x00BA0800,
    0x00F2A808, 0xD0031008, 0xDE4FF078, 0xCC0600DD, 0xBB5600A8, 0x21AA5600,
    0xA88ABB23, 0x88AABC00, 0x8888AB88, 0x0E00A078, 0xCB0E00CB, 0xBA7788AA,
    0x67788800, 0x667788A6, 0x67AA0266, 0x6A776666, 0x10660300, 0x00DD6666,
    0x78ABCD28, 0x6ABC0587, 0x30AB7776, 0x16007616, 0xA7031083, 0xBAA66666,
    0x8FE0FBF0, 0x2114F0C3, 0xEE000F1D, 0xF040F1EE, 0x38F0D73F, 0x00FE4701,
    0xD600EED6, 0xA7F15FB2, 0xB20110F8, 0x100B2033, 0xDE5B3013, 0x0083ABBC,
    0xBC888ADF, 0x0320888A, 0x10D50B10, 0xAAFB0113, 0x11BB0302, 0x0F117803,
    0x00677720, 0x78667703, 0x6A00A777, 0xAAAA77AA, 0x078AAABB, 0x8ABBCC78,
    0xF079F077, 0x20E3B301, 0xA8034450, 0x34450033, 0x34502822, 0x03508733,
    0x3455458F, 0x54342200, 0x43231234, 0x12120433, 0x03232232, 0x70222267,
    0x13832322, 0x23831371, 0xBE321112, 0x40229C13, 0x00AF0310, 0x309A2303,
    0x217C1203, 0x20001C00, 0x05003340, 0x43322500, 0x32124400, 0x43225554,
    0x31002005, 0x54320300, 0x00435500, 0x32445555, 0x21334444, 0x2233331E,
    0xDA632F00, 0x13003340, 0x4B00C721, 0x32320800, 0x208F1233, 0xA14B1203,
    0x03003FF1, 0x788A666A, 0x056B0377, 0x8ABC6767, 0x883F0187, 0x8A533F01,
    0x01AB3F01, 0x52BBBC3F, 0x806712E7, 0x7ABA1A00, 0x76A88887, 0xA8880077,
    0xBA887766, 0xA82F7666, 0xFEDFF2CB, 0x0B100320, 0xBB121310, 0x33C312FE,
    0x2253034B, 0xD3F3F204, 0xAB060043, 0x130600C1, 0xBCDEDC43, 0x9700CBAA,
    0x1704BA52, 0x661E04A7, 0x88B300AA, 0x12C802E9, 0xBAEB01EB, 0xBCA8F301,
    0xAB0B9800, 0x02887777, 0xED0187E6, 0xA87F0310, 0x6A13E202, 0x0B1073E3,
    0xCBB5A350, 0x25D06B15, 0x300310D3, 0x23451810, 0x34582212, 0x01234205,
    0x115601A7, 0x21822223, 0x121231C8, 0x07001311, 0xCA41C513, 0x33310120,
    0x31100013, 0x1200B605, 0x23333213, 0x3C443231, 0xEF113123, 0x39000300,
    0x32220310, 0x10E701F5, 0x200B1003, 0x8C008837, 0xAF940088, 0x00870310,
    0x9FC0A70B, 0x03100753, 0xF0FD4FC5, 0x604B6101, 0xF1BFD303, 0xFF0F406B,
    0xEE50D904, 0x04EED904, 0xCDEDDDB8, 0xDCCC06BB, 0x01BBAABC, 0x0FA603F1,
    0xFEA60380, 0xEEDCBBBC, 0xCB1AAAAB, 0xB0008AED, 0x00880310, 0x02EA88B0,
    0x053F5003, 0x9405DE94, 0xBC9405CD, 0xABD80380, 0x6ABCDEED, 0xAB32CDDC,
    0x00420267, 0x02CBAA06, 0x03C3BA52, 0x783F229A, 0x02888887, 0x3A030043,
    0x3B928887, 0x0350AB91, 0x786B0287, 0xBA87771F, 0x0320BB03, 0x7700BF03,
    0x00BF7F00, 0x9300AA8B, 0x5F02EB05, 0xDFA2C700, 0x002C0350, 0x77FE04EF,
    0x2B252715, 0x785988AA, 0x12773B05, 0xAAE732E3, 0xC41E0478, 0x010001F0,
    0x04766667, 0x2277662D, 0xC8073222, 0x03234443, 0x03803482, 0x44443477,
    0x33333444, 0x317813DD, 0x804311BF, 0x7F377017, 0x28210213, 0xE6013321,
    0x54030044, 0xBA027666, 0xCBA666DC, 0xA80310ED, 0xD2D000FF, 0xF1FF1083,
    0x530170DF, 0xF0275047, 0xD321FB23, 0x0140A7F5, 0xCB138A01, 0x134B1388,
    0x0BB49C53, 0x1B15DEEF, 0x4B130310, 0x76107A88, 0x4403AA77, 0x777ABCBB,
    0x1F01CC61, 0x66664F15, 0xC320CBBA, 0x760300B3, 0xF2017701, 0x7B4187DC,
    0x50FEC710, 0xB003909B, 0x9073F4A7, 0x24B33501, 0x18FFA873, 0x180B1803,
    0x047B2813, 0xF1AFD333, 0xFF98070B, 0x01F0A027, 0x43F67FB0, 0x17F58F20,
    0x9A00A3A0, 0x43127760, 0xDE783702, 0x0AAAABCC, 0xBBBCDDEE, 0x02CC6E02,
    0x000EDD77, 0x01DEEEFF, 0x372B023A, 0x6A00776B, 0xABAA6776, 0x01BB7667,
    0xBC7678AB, 0x0177778A, 0x16009A46, 0x0300BA87, 0x01878B04, 0x8840774B,
    0x77A78406, 0xA8A87788, 0xA74B05BD, 0xF3D25305, 0x0B853FD5, 0x720600AB,
    0x509B158A, 0xAA0F1003, 0xA8A100BA, 0xBA031083, 0xA778887A, 0x03180300,
    0x22A66730, 0x889300BC, 0x72BA8667, 0x00030078, 0x6687000B, 0xAADB12A6,
    0x050410F2, 0x0301103F, (u32)&banim_genm_sw1_2_oam_l_bin + 0x7CA, 0x7A0FBC18, 0x00AB6666, 0x101640C8,
    0x222B00D5, 0x4A057776, 0x057666A8, 0xAA00A6EB, 0xBBBA66CB, 0x02CBA6DC,
    0xDCBAEDCC, 0x0202EEDD, 0xBB14FFFE, 0xFB7197F1, 0xA7090710, 0x9F237F06,
    0xFF556301, 0x04BB63E1, 0x6304CC5B, 0x9F4B08DD, 0xEE005E09, 0x20961D06,
    0xFF00F710, 0xF2FD0321, 0x84B321BF, 0x50F773D3, 0x7A3F0663, 0x12B9E703,
    0x03407863, 0x3B01F713, 0x3F0A8ABB, 0x1608AB78, 0xBF41E400, 0x7877F433,
    0x00764B77, 0x06877803, 0x4FF2884E, 0x10F97353, 0xC01F4A67, 0x10BF1001,
    0xF2FEEEC7, 0xA385B696, 0x150A00DF, 0xCA00DD83, 0x5ACD4F02, 0xAADA00BB,
    0xDB01AB13, 0x66B30968, 0x663E05AA, 0x0A006E0A, 0x86070F6E, 0x8607A5FE,
    0xED3202EE, 0x66780186, 0x06FB0310, 0xB333F930, 0x2063208B, 0xDFF20003,
    0x68337F23, 0x004A0266, 0x0078886B, 0x547F007E, 0xCC8700BB, 0x00DD8F00,
    0xB2EEEE97, 0x06666310, 0xED760594, 0xBB7F00AA, 0xCC8700AF, 0x14DD8F00,
    0xF4AF11BB, 0xF7EDC0BF, 0xF3E72311, 0x38009F74, 0x7038F0FF, 0x7A43039F,
    0x2A9304CD, 0x74E369C3, 0x1401A72F, 0x1C01BFBA, 0xF79400BA, 0xF09F70DF,
    0xA45F6262, 0x4FD4FC6F, 0x01B0D7F2, 0x3F09D403, 0x68886703, 0x88030081,
    0xA8888A77, 0x47AA087A, 0x8A3D07AB, 0xC11CBBCD, 0xFE0354A6, 0x250330FD,
    0x32381473, 0x508F1B7A, 0x16007601, 0xA8137657, 0x874F04A6, 0xEB011718,
    0x777F7715, 0x03200B00, 0x03108315, 0x7795404C, 0xF1EB0FD0, 0x0301B0F3,
    0xA2038802, 0x29A2038A, 0x27A6F26F, 0xA3100300, 0x78764F04, 0x45880300,
    0x78C40478, 0x2F0A8866, 0x55960187, 0xA7031077, 0x01BA0400, 0x9F01BA9F,
    0xAABBA810, 0x8ABB1508, 0xCC4BDCBA, 0xBCDD9501, 0x06CD8701, 0xFCDF6832,
    0x9FD12F14, 0xA0F1DFF8, 0xC3F60B5A, 0xAB5FDEEF, 0x1C8A1008, 0x104F05FB,
    (u32)&Img_Ekrdragonfx_13 + 0x2B7, 0xAF0AF0B5, 0x3A0AA004, 0xDEEE9F04, 0xFF2BEEDC, 0xEF6B00EE,
    0xD1F00300, 0xFEDFF1CF, 0x01F001F0, 0x26FFDFFC, 0x51E01D14, 0x650F6F06,
    0x081C00EF, 0x02DEEEB7, 0xD28ECD72, 0xD20E0057, 0xFED20E0F, 0xBF10B710,
    0xFBD7C710, 0x7A5F6E1B, 0xF4780600, 0x42A3091F, 0x6A09FF33, 0x6B91FFAE,
    0x13FAFF8E, 0x03107341, 0xBC551A03, 0x03AB2203, 0x72038A6A, 0x5806078A,
    0xA74609A7, 0xC606EA02, 0x19AB6777, 0x00CBA778, 0x66930912, 0x783F05BA,
    0x96CC12A6, 0x037F0E5F, 0xBC7667BB, 0x060F00F4, 0x165F8666, 0x420A868B,
    0x09B7CBA8, 0x5F14DCDE, 0x09EE6208, 0x101F6226, 0x9FF1F707, 0xC3F71FF2,
    0x03AA9771, 0x06F2096C, 0x677A10E3, 0x8A173EDD, 0x75CDDEEE, 0x26BA07AB,
    0x689FA397, 0x0288A537, 0xE302B5F4, 0x005B0277, 0x110076CE, 0xA94F0C76,
    0x10672616, 0xB10386DE, 0xFB22A787, 0x8E13877F, 0x07107364, 0xE789CF2B,
    0xC7C0D7FE, 0x7341F07E, 0x83519389, 0xFF140310, 0xF0769B0D, 0x4F28F70C,
    0x5B080F20, 0x8778888A, 0x880A059C, 0x180400A8, 0xA81C0D02, 0x05CB40A7,
    0xCBBCCB0F, 0x0FCDDCBA, 0xDEDCBADC, 0x7B25A707, 0xFFA3F7F5, 0x12FEED3F,
    0x127F1277, 0x007CA787, 0xBD3FF301, 0x40DD8FB1, 0x07D20F3F, 0xA83FF0DD,
    0xBA51F001, 0x02BAF801, 0xAABBA703, 0xBB26E601, 0x761F947A, 0x10FF1178,
    0xBA558803, 0x12BA6E07, 0x4001AAB3, 0x7DFF02BB, 0x100703CC, 0xD01F9C6F,
    0x76BE917F, 0x675B6005, 0x10A76345, 0x767B0003, 0xAF3E5700, 0xB70E877F,
    0x03208B09, 0x0300C33E, 0x8F541F6E, 0xFA0FD0FE, 0xF28FC27F, 0x043FBA7B,
    0xBA760290, 0xD003CD5A, 0x01D813DE, 0x3001EF70, 0x7041DFF0, 0x01FE5F01,
    0xA8E7F25F, 0xF001F04D, 0x01F0F701, 0x07FE77F7, 0x17EF2DD0, 0x5D9A0033,
    0x3AF0EEF7, 0xBD073FD0, (u32)&DirectSoundData_furu4_e3_13k8b + 0x31C, 0xED33082B, 0x013B08CC, (u32)&banim_genm_al1_sheet_2 + 0x7D,
    0x88970F4B, 0x9BF8FCA8, 0x1EF3CF71, 0x91105FF0, 0xDEEF9727, 0x6A01DD55,
    0xBB1203CC, 0x1AAA9604, 0xC209AAFF, 0xED779E88, 0x00DC7800, 0x00A1CB78,
    0xD706BA78, 0x77ABCBBA, 0x7854B7DE, 0x0178B103, 0x531E77F7, 0xBA657766,
    0x4320B7AE, 0xC000BCDE, 0xAE4700AB, 0x0166BF1E, 0xC301A8BB, 0x0320F316,
    0x4402B76A, 0x141A3E67, 0xA754771B, 0x2F52EF53, 0x630350FB, 0x72E3A3CF,
    0x888A0A2B, 0x0350BE03, 0x78A30EA5, 0x777A6B0C, 0x1577DE05, 0x17A853DF,
    0x0310A75C, 0xD60B6ABA, 0x25E70300, 0x38C72B63, 0x0ABA763C, 0x2BDB1BB6,
    0x3B18CCDF, 0x77677F05, 0xDFFBFB12, 0x10F77A66, 0x3B340020, 0xA73523DF,
    0xDF7B4500, 0xBA57E009, 0x06AA9D03, 0x03007744, 0xC371F7F2, 0xF0BEF1FF,
    0xF001F001, 0xF001F001, 0xF001F001, 0x01F0F801, 0x01F001F0, 0x019001F0,
    0x480E5355, 0x65286E6C, 0x206244C5, 0x74B57D5B, 0x586E68B0, 0x3C68488A,
    0x24253047, 0x0C021803,
};
u8 frontier_df3_banim_aura_005_756454[] __attribute__((section(".data.frontier_df3_banim_aura.gap5"))) = INCBIN_U8("graphics/frontier_df3_banim_aura/frontier_df3_banim_aura_005a_756454.4bpp.lz");
/* data_08756BB4: raw non-LZ trailing carve (was part of hybrid JP-LZ blob), byte-exact. */
u8 data_08756BB4[] __attribute__((section(".data.frontier_df3_banim_aura.gap5"))) = {
    0x55, 0x53, 0x15, 0x50, 0x11, 0x50, 0x0C, 0x4C, 0x08, 0x48, 0x06, 0x3C, 0x05, 0x2C, 0x03, 0x1C,
    0x02, 0x10, 0x03, 0x1C, 0x05, 0x2C, 0x06, 0x3C, 0x08, 0x48, 0x0C, 0x4C, 0x11, 0x50, 0x15, 0x50,
    0x55, 0x53, 0x15, 0x50, 0x15, 0x50, 0x11, 0x50, 0x0C, 0x4C, 0x08, 0x48, 0x06, 0x3C, 0x05, 0x2C,
    0x03, 0x1C, 0x02, 0x10, 0x03, 0x1C, 0x05, 0x2C, 0x06, 0x3C, 0x08, 0x48, 0x0C, 0x4C, 0x11, 0x50,
    0x55, 0x53, 0x11, 0x50, 0x15, 0x50, 0x15, 0x50, 0x11, 0x50, 0x0C, 0x4C, 0x08, 0x48, 0x06, 0x3C,
    0x05, 0x2C, 0x03, 0x1C, 0x02, 0x10, 0x03, 0x1C, 0x05, 0x2C, 0x06, 0x3C, 0x08, 0x48, 0x0C, 0x4C,
    0x55, 0x53, 0x0C, 0x4C, 0x11, 0x50, 0x15, 0x50, 0x15, 0x50, 0x11, 0x50, 0x0C, 0x4C, 0x08, 0x48,
    0x06, 0x3C, 0x05, 0x2C, 0x03, 0x1C, 0x02, 0x10, 0x03, 0x1C, 0x05, 0x2C, 0x06, 0x3C, 0x08, 0x48,
    0x55, 0x53, 0x08, 0x48, 0x0C, 0x4C, 0x11, 0x50, 0x15, 0x50, 0x15, 0x50, 0x11, 0x50, 0x0C, 0x4C,
    0x08, 0x48, 0x06, 0x3C, 0x05, 0x2C, 0x03, 0x1C, 0x02, 0x10, 0x03, 0x1C, 0x05, 0x2C, 0x06, 0x3C,
    0x55, 0x53, 0x06, 0x3C, 0x08, 0x48, 0x0C, 0x4C, 0x11, 0x50, 0x15, 0x50, 0x15, 0x50, 0x11, 0x50,
    0x0C, 0x4C, 0x08, 0x48, 0x06, 0x3C, 0x05, 0x2C, 0x03, 0x1C, 0x02, 0x10, 0x03, 0x1C, 0x05, 0x2C,
    0x55, 0x53, 0x05, 0x2C, 0x06, 0x3C, 0x08, 0x48, 0x0C, 0x4C, 0x11, 0x50, 0x15, 0x50, 0x15, 0x50,
    0x11, 0x50, 0x0C, 0x4C, 0x08, 0x48, 0x06, 0x3C, 0x05, 0x2C, 0x03, 0x1C, 0x02, 0x10, 0x03, 0x1C,
    0x55, 0x53, 0x03, 0x1C, 0x05, 0x2C, 0x06, 0x3C, 0x08, 0x48, 0x0C, 0x4C, 0x11, 0x50, 0x15, 0x50,
    0x15, 0x50, 0x11, 0x50, 0x0C, 0x4C, 0x08, 0x48, 0x06, 0x3C, 0x05, 0x2C, 0x03, 0x1C, 0x02, 0x10,
    0x55, 0x53, 0x02, 0x10, 0x03, 0x1C, 0x05, 0x2C, 0x06, 0x3C, 0x08, 0x48, 0x0C, 0x4C, 0x11, 0x50,
    0x15, 0x50, 0x15, 0x50, 0x11, 0x50, 0x0C, 0x4C, 0x08, 0x48, 0x06, 0x3C, 0x05, 0x2C, 0x03, 0x1C,
    0x55, 0x53, 0x03, 0x1C, 0x02, 0x10, 0x03, 0x1C, 0x05, 0x2C, 0x06, 0x3C, 0x08, 0x48, 0x0C, 0x4C,
    0x11, 0x50, 0x15, 0x50, 0x15, 0x50, 0x11, 0x50, 0x0C, 0x4C, 0x08, 0x48, 0x06, 0x3C, 0x05, 0x2C,
    0x55, 0x53, 0x05, 0x2C, 0x03, 0x1C, 0x02, 0x10, 0x03, 0x1C, 0x05, 0x2C, 0x06, 0x3C, 0x08, 0x48,
    0x0C, 0x4C, 0x11, 0x50, 0x15, 0x50, 0x15, 0x50, 0x11, 0x50, 0x0C, 0x4C, 0x08, 0x48, 0x06, 0x3C,
    0x55, 0x53, 0x06, 0x3C, 0x05, 0x2C, 0x03, 0x1C, 0x02, 0x10, 0x03, 0x1C, 0x05, 0x2C, 0x06, 0x3C,
    0x08, 0x48, 0x0C, 0x4C, 0x11, 0x50, 0x15, 0x50, 0x15, 0x50, 0x11, 0x50, 0x0C, 0x4C, 0x08, 0x48,
    0x55, 0x53, 0x08, 0x48, 0x06, 0x3C, 0x05, 0x2C, 0x03, 0x1C, 0x02, 0x10, 0x03, 0x1C, 0x05, 0x2C,
    0x06, 0x3C, 0x08, 0x48, 0x0C, 0x4C, 0x11, 0x50, 0x15, 0x50, 0x15, 0x50, 0x11, 0x50, 0x0C, 0x4C,
    0x55, 0x53, 0x0C, 0x4C, 0x08, 0x48, 0x06, 0x3C, 0x05, 0x2C, 0x03, 0x1C, 0x02, 0x10, 0x03, 0x1C,
    0x05, 0x2C, 0x06, 0x3C, 0x08, 0x48, 0x0C, 0x4C, 0x11, 0x50, 0x15, 0x50, 0x15, 0x50, 0x11, 0x50,
    0x55, 0x53, 0x11, 0x50, 0x0C, 0x4C, 0x08, 0x48, 0x06, 0x3C, 0x05, 0x2C, 0x03, 0x1C, 0x02, 0x10,
    0x03, 0x1C, 0x05, 0x2C, 0x06, 0x3C, 0x08, 0x48, 0x0C, 0x4C, 0x11, 0x50, 0x15, 0x50, 0x15, 0x50,
};
u8 frontier_df3_banim_aura_006_756F38[] __attribute__((section(".data.frontier_df3_banim_aura.gap6"))) = INCBIN_U8("graphics/frontier_df3_banim_aura/frontier_df3_banim_aura_006_756F38.4bpp.lz");
u8 frontier_df3_banim_aura_007_758E68[] __attribute__((section(".data.frontier_df3_banim_aura.gap7"))) = INCBIN_U8("graphics/frontier_df3_banim_aura/frontier_df3_banim_aura_007a_758E68.4bpp.lz");
/* data_08759A38: raw non-LZ trailing carve (was part of hybrid JP-LZ blob), byte-exact. */
u32 data_08759A38[] __attribute__((section(".data.frontier_df3_banim_aura.gap7"))) = {
    0x71765355, 0x4CCE68D2, 0x3C8B44AC, 0x2C683469, 0x1C252446, 0x0C021403,
    0x53555355, 0x53555355, 0x0004B010, 0xF0001F3F, 0xF001F001, 0xF001F001,
    0xFF01F001, 0x01F001F0, 0x01F001F0, 0x01F001F0, 0x01F001F0, 0xF001F0FF,
    0xF001F001, 0xF001F001, 0xF001F001, 0x01F0E001, 0x011001F0, 0x001D001C,
    0xFB00381E, 0x01F019F0, 0x003C01E0, 0x3E000E3D, 0x19F03F00, 0x01E001F0,
    0x5D00035C, 0x5F005E00, 0x01F019F0, 0x7C01E080, 0x7E007D00, 0xF0FF7F00,
    0xF001F019, 0xF001F001, 0xF001F001, 0xFF01F001, 0x01F001F0, 0x01F001F0,
    0x01F001F0, 0x01F001F0, 0xF001F0FF, 0xF001F001, 0xF001F001, 0xF001F001,
    0x01F0FF01, 0x01F001F0, 0x01F001F0, 0x01F001F0, 0x000001E0, 0x0004B010,
    0xF0001F3F, 0xF001F001, 0xF001F001, 0xFF01F001, 0x01F001F0, 0x01F001F0,
    0x01F001F0, 0x01F001F0, 0xF001F0FE, 0xF001F001, 0xF001F001, 0x1F01F001,
    0xF0070038, 0xF001F013, 0x009C0001, 0x9E009D01, 0xF6009F00, 0xF0C01BF0,
    0xBC01C001, 0xBE00BD00, 0x00BF1C00, 0xF01BF0F7, 0xDC01C001, 0x00DD0100,
    0x00DF00DE, 0xC01BF0F8, 0x01C001F0, 0x00FD00FC, 0xFF7F00FE, 0x01F019F0,
    0x01F001F0, 0x01F001F0, 0xF0FF01F0, 0xF001F001, 0xF001F001, 0xF001F001,
    0xFF01F001, 0x01F001F0, 0x01F001F0, 0x01F001F0, 0x01F001F0, 0xF001F0FF,
    0xF001F001, 0xF001F001, 0xF001F001, 0x01E08001, 0x0004B010, 0xF0001F3F,
    0xF001F001, 0xF001F001, 0xFF01F001, 0x01F001F0, 0x01F001F0, 0x01F001F0,
    0x01F001F0, 0xF001F0FE, 0xF001F001, 0xF001F001, 0x1601B001, 0x00170000,
    0x00190018, 0x1B00381A, 0x01F01DF0, 0x003601A0, 0x38000037, 0x3A003900,
    0xF0E03B00, 0xA001F01D, 0x57005601, 0x00035800, 0x005A0059, 0xF01DF05B,
    0x01A08001, 0x00770076, 0x0E790078, 0x7B007A00, 0x01F01DF0, 0x009601A0,
    0x98009700, 0x9A009900, 0xF09B0038, 0xA001F01D, 0xB700B601, 0x00B80000,
    0x00BA00B9, 0x1DF0FFBB, 0x01F001F0, 0x01F001F0, 0x01F001F0, 0xF0FF01F0,
    0xF001F001, 0xF001F001, 0xF001F001, 0xFF01F001, 0x01F001F0, 0x01F001F0,
    0x01F001F0, 0x01F001F0, 0xF001F0F8, 0xF001F001, 0x00016001, 0x0004B010,
    0xF0001F3F, 0xF001F001, 0xF001F001, 0xFF01F001, 0x01F001F0, 0x01F001F0,
    0x01F001F0, 0x01F001F0, 0xF001F0F0, 0x5001F001, 0x11001001, 0x00120100,
    0x00140013, 0xC01DF015, 0x01A001F0, 0x00310030, 0x33070032, 0x35003400,
    0x01F01DF0, 0x500001A0, 0x52005100, 0x1C005300, 0xF0550054, 0xA001F01D,
    0x00007001, 0x00720071, 0x00740073, 0x1DF07570, 0x01A001F0, 0x00910090,
    0x93009201, 0x95009400, 0xF0C01DF0, 0xB001A001, 0xB200B100, 0x00B30700,
    0xF0B500B4, 0xA001F01D, 0x00D00001, 0x00D200D1, 0xD41F00D3, 0x1DF0D500,
    0x01F001F0, 0x01F001F0, 0xF001F0FF, 0xF001F001, 0xF001F001, 0xF001F001,
    0x01F0FF01, 0x01F001F0, 0x01F001F0, 0x01F001F0, 0xF0FF01F0, 0xF001F001,
    0xF001F001, 0xF001F001, 0x00016001, 0x0004B010, 0xF0001F3F, 0xF001F001,
    0xF001F001, 0xFF01F001, 0x01F001F0, 0x01F001F0, 0x01F001F0, 0x01F001F0,
    0x09000800, 0x0B000A00, 0x000C0100, 0x000E000D, 0xC021F00F, 0x016001F0,
    0x00290028, 0x2B00002A, 0x2D002C00, 0x70002E00, 0xF021F02F, 0x48016001,
    0x00004900, 0x004B004A, 0x004D004C, 0x4F004E1C, 0x01F021F0, 0x00680160,
    0x6A006900, 0x6C006B00, 0x006D0700, 0xF06F006E, 0x6001F021, 0x00880001,
    0x008A0089, 0x8C01008B, 0x8E008D00, 0x21F08F00, 0x6001F0C0, 0xA900A801,
    0x0000AA00, 0x00AC00AB, 0x00AE00AD, 0x21F0AF70, 0x016001F0, 0x00C900C8,
    0xCB00CA00, 0xCD00CC00, 0x00CE1C00, 0xF021F0CF, 0xE8016001, 0x00E90000,
    0x00EB00EA, 0xED0700EC, 0xEF00EE00, 0x01F021F0, 0xD6000180, 0xD800D700,
    0x1F00D900, 0xF0DB00DA, 0xF001F01D, 0xF001F001, 0x01F0FF01, 0x01F001F0,
    0x01F001F0, 0x01F001F0, 0xF0FF01F0, 0xF001F001, 0xF001F001, 0xF001F001,
    0xF801F001, 0x01F001F0, 0x01F001F0, 0x00000100, 0x0004B010, 0xF0001F3F,
    0xF001F001, 0xF001F001, 0xFF01F001, 0x01F001F0, 0x01F001F0, 0x01F001F0,
    0x01F001F0, 0x01000000, 0x03000200, 0x00040700, 0xF0060005, 0x8001F01F,
    0x00200001, 0x00220021, 0x24010023, 0x26002500, 0x21F02700, 0x6001F0C0,
    0x41004001, 0x00004200, 0x00440043, 0x00460045, 0x21F04770, 0x016001F0,
    0x00610060, 0x63006200, 0x65006400, 0x00661C00, 0xF021F067, 0x80016001,
    0x00810000, 0x00830082, 0x85070084, 0x87008600, 0x01F021F0, 0xA0000160,
    0xA200A100, 0x0100A300, 0x00A500A4, 0xF0A700A6, 0x01F0C021, 0x00C00160,
    0x00C200C1, 0xC400C300, 0xC600C500, 0xF0C77000, 0x6001F021, 0xE100E001,
    0x00E20000, 0x00E400E3, 0xE61C00E5, 0x21F0E700, 0x018001F0, 0xF10000F0,
    0xF300F200, 0x7F00F400, 0xF01DF0F5, 0xF001F001, 0xF001F001, 0xFF01F001,
    0x01F001F0, 0x01F001F0, 0x01F001F0, 0x01F001F0, 0xF001F0FF, 0xF001F001,
    0xF001F001, 0xF001F001, 0x01F0E001, 0x010001F0, 0x0004B010, 0xF0001F3F,
    0xF001F001, 0xF001F001, 0xFF01F001, 0x01F001F0, 0x01F001F0, 0x01F001F0,
    0x01F001F0, 0x0C01308E, 0x15F00D00, 0x01F001F0, 0x000E0000, 0x0010000F,
    0x12700011, 0x01F01BF0, 0x00370180, 0x39000038, 0x3B003A00, 0x1C003C00,
    0xF03E003D, 0x6001F021, 0x00003F01, 0x00510050, 0x00530052, 0x55005407,
    0x21F05600, 0x016001F0, 0x58005710, 0x00590940, 0x5B70005A, 0x01F021F0,
    0x005C0160, 0x7200005D, 0x5E00B300, 0x1C005F00, 0xF0710070, 0x6001F021,
    0x00007301, 0x00750074, 0x00770076, 0x79007807, 0x21F07A00, 0x016001F0,
    0x7C007B00, 0x7E007D00, 0x007F0100, 0x00910090, 0xC021F092, 0x018001F0,
    0x00320031, 0x34070033, 0x36003500, 0x01F01DF0, 0xF0FF01F0, 0xF001F001,
    0xF001F001, 0xF001F001, 0xFF01F001, 0x01F001F0, 0x01F001F0, 0x01F001F0,
    0x01F001F0, 0xF001F0FE, 0xF001F001, 0xF001F001, 0x00010001, 0x0004B010,
    0xF0001F3F, 0xF001F001, 0xF001F001, 0xFF01F001, 0x01F001F0, 0x01F001F0,
    0x01F001F0, 0x01F001F0, 0x0201308F, 0x15F00300, 0x01F001F0, 0x08010100,
    0x0A000900, 0x19F00B00, 0x8001F0C0, 0x29002801, 0x00002A00, 0x002C002B,
    0x002E002D, 0x21F02F70, 0x016001F0, 0x00490048, 0x4B004A00, 0x4D004C00,
    0x004E1C00, 0xF021F04F, 0x68016001, 0x00691000, 0x6C07006A, 0x1C006D00,
    0xF06F006E, 0x6001F021, 0x40008801, 0x8C072089, 0x8E008D00, 0xF08F7000,
    0x6001F021, 0x8B008A01, 0x00950000, 0x00AC00AB, 0x931C00AD, 0x21F09400,
    0x016001F0, 0x9600006B, 0x98009700, 0x07009900, 0x009B009A, 0xF021F09C,
    0x00018001, 0x001B001A, 0x001D001C, 0x30001E1F, 0x01F01DF0, 0x01F001F0,
    0xF0FF01F0, 0xF001F001, 0xF001F001, 0xF001F001, 0xFF01F001, 0x01F001F0,
    0x01F001F0, 0x01F001F0, 0x01F001F0, 0xF001F0F8, 0xF001F001, 0x00010001,
    0x0004B010, 0xF0001F3F, 0xF001F001, 0xF001F001, 0xFF01F001, 0x01F001F0,
    0x01F001F0, 0x01F001F0, 0x01F001F0, 0x0001308F, 0x15F00100, 0x01F001F0,
    0x04010100, 0x06000500, 0x19F00700, 0x8001F0C0, 0x21002001, 0x00002200,
    0x00240023, 0x00260025, 0x21F02770, 0x016001F0, 0x00410040, 0x09204241,
    0x00460045, 0xC421F047, 0x016001F0, 0x40610060, 0x1C006509, 0xF0670066,
    0x6001F021, 0x47008001, 0x860B6081, 0x21F08700, 0x018001F0, 0x05208240,
    0x009D00A4, 0x9F70009E, 0x01F01FF0, 0x00620180, 0x85000083, 0xA100A000,
    0x7000A200, 0xF01FF0A3, 0x13018001, 0x01001400, 0x00160015, 0xF0300017,
    0x01F0C71D, 0x001801E0, 0xF015F019, 0xFF01F001, 0x01F001F0, 0x01F001F0,
    0x01F001F0, 0x01F001F0, 0xF001F0FF, 0xF001F001, 0xF001F001, 0xF001F001,
    0x01F0E001, 0x01F001F0, 0x00000000, 0x0004B010, 0xF0001F3F, 0xF001F001,
    0xF001F001, 0xFF01F001, 0x01F001F0, 0x01F001F0, 0x01F001F0, 0x01F001F0,
    0x1501308F, 0x15F01600, 0x01F001F0, 0x34010100, 0x36003500, 0x19F03700,
    0x8001F0C0, 0x48004701, 0x00004900, 0x004B004A, 0x004D004C, 0x21F04E70,
    0x016001F0, 0x00550054, 0x57005600, 0x59005800, 0x005A1C00, 0xF021F05B,
    0x74016001, 0x00750000, 0x00770076, 0x97070078, 0x7A007900, 0x01F021F0,
    0x7E110160, 0x0B607F00, 0xF0810080, 0x01F0C121, 0x00860160, 0x00880087,
    0x008E0107, 0x0090008F, 0xC421F091, 0x018001F0, 0x008D008C, 0x07009205,
    0x00940093, 0xF01FF095, 0x01018001, 0x001E001D, 0xF0390038, 0x01F0FF19,
    0x01F001F0, 0x01F001F0, 0x01F001F0, 0xF0FF01F0, 0xF001F001, 0xF001F001,
    0xF001F001, 0xFF01F001, 0x01F001F0, 0x01F001F0, 0x01F001F0, 0x01F001F0,
    0x00014080, 0x0004B010, 0xF0001F3F, 0xF001F001, 0xF001F001, 0xFF01F001,
    0x01F001F0, 0x01F001F0, 0x01F001F0, 0x01F001F0, 0x0801308E, 0x15F00900,
    0x01F001F0, 0x000A0000, 0x000C000B, 0x0E70000D, 0x01F01BF0, 0x00260180,
    0x28000027, 0x2A002900, 0x70002B00, 0xF01FF02C, 0x3E018001, 0x00003F00,
    0x0050004F, 0x00520051, 0x1FF05370, 0x018001F0, 0x005F005E, 0x61006004,
    0x0B006200, 0x73710072, 0x01F021F0, 0x006B0160, 0x0709406C, 0x007C007B,
    0xF021F07D, 0x04016001, 0x006E006D, 0x8207006F, 0x00830700, 0xF0850084,
    0x8001F021, 0x00701001, 0x89072071, 0x70008A00, 0xF01FF08B, 0x3A018001,
    0x1F003B00, 0xF03D003C, 0xF001F019, 0xF001F001, 0x01F0FF01, 0x01F001F0,
    0x01F001F0, 0x01F001F0, 0xF0FF01F0, 0xF001F001, 0xF001F001, 0xF001F001,
    0xF801F001, 0x01F001F0, 0x01F001F0, 0x00000140, 0x0004B010, 0xF0001F3F,
    0xF001F001, 0xF001F001, 0xFF01F001, 0x01F001F0, 0x01F001F0, 0x01F001F0,
    0x01F001F0, 0x00011083, 0x02000100, 0x01F017F0, 0x0001F080, 0x00040003,
    0x061C0005, 0x1BF00700, 0x01A001F0, 0x21000020, 0x23002200, 0x70002400,
    0xF01DF025, 0x40018001, 0x00004100, 0x00430042, 0x00450044, 0x1FF04670,
    0x018001F0, 0x0010000F, 0x12001111, 0x005C0B20, 0xC121F05D, 0x016001F0,
    0x00140013, 0x0709202D, 0x00640063, 0xF021F065, 0x04016001, 0x002F002E,
    0x66092030, 0x00671C00, 0xF021F068, 0x31018001, 0x00321100, 0x69092033,
    0x1FF06A00, 0xA001F0C0, 0x1A001901, 0x78001B00, 0xF019F01C, 0x0001F001,
    0x18001701, 0xF015F0FF, 0xF001F001, 0xF001F001, 0xF001F001, 0x01F0FF01,
    0x01F001F0, 0x01F001F0, 0x01F001F0, 0xF0FC01F0, 0xF001F001, 0xF001F001,
    0x0001E001, 0x00100010, 0xF0000034, 0x50018001, 0x50050EB0, 0x55500500,
    0x55505555, 0x55550045, 0x44553445, 0x05582233, 0x10552880, 0x44040003,
    0x00005055, 0x00555443, 0xFF544322, 0x01703FC0, 0x1CF02B10, 0x79607FF0,
    0x33000B00, 0x08005540, 0x45550055, 0x55015044, 0x44453433, 0x57F02223,
    0x0520009F, 0x507F5055, 0xF054E09E, 0xCE01F07B, 0x40802610, 0x0E005005,
    0x00015B00, 0x55540044, 0x55433345, 0x60F02234, 0x40CF107F, 0x052110A4,
    0x07455444, 0x34433355, 0xF03D7054, 0xFF01F077, 0x7FF17FF0, 0x7FF17FF1,
    0x27F17FF1, 0x01F08BF0, 0xF17FF1FF, 0xF17FF17F, 0xF054F07F, 0x101FB07B,
    0x3CF0E938, 0x2D300DC1, 0x00033025, 0x8A025135, 0x11506280, 0x12017011,
    0x062203A0, 0x44211212, 0x401F9014, 0x00852101, 0x2111211D, 0x52032024,
    0x60FF6400, 0x505C4003, 0x607FF09B, 0x4083607F, 0x00720052, 0x11121242,
    0x21121454, 0x040310B3, 0x8D200360, 0x03002321, 0xD0DF6F30, 0x537B5003,
    0x4C120300, 0x03F07FD0, 0xF0F79FD0, 0x606EF101, 0x455E1003, 0xCB000A00,
    0x25000320, 0x11123445, 0x3C111344, 0xC5003411, 0x03200600, 0x55432DB1,
    0x3111110A, 0x43090044, 0xFF310300, 0x01703F31, 0x0310A751, 0xC3105C10,
    0x0310CB10, 0xB0D710FB, 0x60032077, 0x3503107B, 0x02007F00, 0x21011177,
    0x7FC0BB61, 0x00760005, 0xFE7FF083, 0x83507F50, 0x83407F60, 0xFFD07F80,
    0x0350D341, 0x12245525, 0x74004511, 0xF0ABFF50, 0x7700237F, 0x327B1021,
    0x7FA07B40, 0x6300557F, 0x030077A0, 0x7FF05392, 0x7FF17FF1, 0xF07FF1FF,
    0xF17FF1FF, 0xF17FF17F, 0xF17FF17F, 0x7FF1FF7F, 0x7FF17FF1, 0x01F07F40,
    0xFBF31EF4, 0xF0EABFF2, 0x03030003, 0x0330156F, 0x2503D004, 0xD30310D7,
    0x0340126F, 0xF3034023, 0xFE5FE353, 0x7FA077F0, 0x03F0EB73, 0x77C0FF03,
    0xF5130310, 0x03F07FF0, 0x5B1103C0, 0x21080042, 0x113C6001, 0x01030021,
    0x05060079, 0xFF4245B4, 0xBA040500, 0x250003A0, 0xD6250310, 0xF731EB62,
    0x650322E3, 0x113FF5A2, 0x03002411, 0x13E91313, 0x203BF51B, 0x06005203,
    0xBD041155, 0xF4BF64FE, 0x55BE5193, 0xA643553F, 0x117FF01E, 0x13251133,
    0x50080057, 0xF07FF025, 0x6B73FF7F, 0x7F5083F0, 0x3B967B60, 0x7FD07FF0,
    0x50A0FFF0, 0x0600427F, 0x42211154, 0x7FD0FF55, 0x83807441, 0xBFF67FF0,
    0x0320BFF6, 0xF0D75616, 0x21834001, 0xF6225702, 0xF0BFF6BF, 0x7FF0EF7F,
    0x7F207FF0, 0xF780F022, 0xF17FF03F, 0x01F0FC87, 0xF7F35359, 0x03F02BF4,
    0x2112BF61, 0xE703054D, 0x03003505, 0x10058B03, 0x0320B70F, 0x108C0025,
    0xA3002403, 0x011001F0, 0x0320257D, 0xFFF36BF3, 0xFFA303F0, 0xFF03F024,
    0x77F00370, 0x73F001B0, 0xC75003B0, 0xB09A0350, 0x900110EE, 0x2503F0CB,
    0x01F02214, 0x4D450190, 0x45E30924, 0x3018F044, 0x74042201, 0x94F1447C,
    0x01F001F0, 0x01F001F0, 0x40630000, 0x7FB07FF0, 0x7B440004, 0xFB01F065,
    0x01F001F0, 0x5D8201F0, 0xF0557F10, 0x7F7F607F, 0xF06F0B54, 0xF001F017,
    0xF00EFB01, 0x070F0601, 0x55311322, 0x40DBF155, 0x00C5017F, 0x21243135,
    0x31355550, 0xB3DB35FC, 0xF06BF322, 0x9203F07F, 0xBD1344BF, 0x0040AB46,
    0x108F0003, 0x21477303, 0xF0FCA746, 0xF0BFF201, 0xD0BBF203, 0x45A75201,
    0x03008041, 0x50212542, 0x3F414554, 0xD3660500, 0x01C079F1, 0x1FF35FD0,
    0x10DF0B73, 0x4003105F, 0x3B170340, 0xFFF3B3F0, 0x91B503F0, 0xE70305BF,
    0x40340320, 0x8B003503, 0x0340507F, 0x3FF17FF4, 0xD3F177F0, 0x014001F0,
    0xC700446E, 0x02220360, 0x55B1052D, 0x008000B4, 0x00000008, 0x1C275355,
    0x4575306F, 0x5E3F55BB, 0x533F76DF, 0x21D73A9B, 0x53550933, 0x53555355,
    0x53555355, 0xFFFF0001, 0x000000D5, 0x00D50000, 0x80000100, 0xFFF00000,
    0x0000FFF0, 0x00000001, 0x00000000, 0x00000000, 0xFFFF0001, 0x000000D5,
    0x00D50000, 0x80000100, 0xFFF00004, 0x0000FFF0, 0x00000001, 0x00000000,
    0x00000000, 0xFFFF0001, 0x000000D5, 0x00D50000, 0x80000100, 0xFFF00008,
    0x0000FFF0, 0x00000001, 0x00000000, 0x00000000, 0xFFFF0001, 0x00000505,
    0x05050000, 0x80000100, 0xFFF00000, 0x0000FFF0, 0x00000001, 0x00000000,
    0x00000000, 0xFFFF0001, 0x0000035E, 0x035E0000, 0x80000100, 0xFFF00004,
    0x0000FFF0, 0x00000001, 0x00000000, 0x00000000, 0xFFFF0001, 0x00000282,
    0x02820000, 0x80000100, 0xFFF00008, 0x0000FFF0, 0x00000001, 0x00000000,
    0x00000000, 0xFFFF0001, 0x00000200, 0x02000000, 0x80000100, 0xFFF00000,
    0x0000FFF0, 0x00000001, 0x00000000, 0x00000000, 0xFFFF0001, 0x000001AC,
    0x01AC0000, 0x80000100, 0xFFF00004, 0x0000FFF0, 0x00000001, 0x00000000,
    0x00000000, 0xFFFF0001, 0x0000016E, 0x016E0000, 0x80000100, 0xFFF00008,
    0x0000FFF0, 0x00000001, 0x00000000, 0x00000000, 0xFFFF0001, 0x00000141,
    0x01410000, 0x80000100, 0xFFF00000, 0x0000FFF0, 0x00000001, 0x00000000,
    0x00000000, 0xFFFF0001, 0x0000011C, 0x011C0000, 0x80000100, 0xFFF00004,
    0x0000FFF0, 0x00000001, 0x00000000, 0x00000000, 0x80000000, 0xFFF00008,
    0x0000FFF0, 0x00000001, 0x00000000, 0x00000000, 0xFFFF0001, 0x000000E9,
    0x00E90000, 0x80000100, 0xFFF00000, 0x0000FFF0, 0x00000001, 0x00000000,
    0x00000000, (u32)&Pal_LunaSprites + 0x8d, (u32)&Pal_LunaSprites + 0xb1, (u32)&Pal_LunaSprites + 0xd5, (u32)&Pal_LunaSprites + 0xf9, (u32)&Pal_LunaSprites + 0x11d,
    (u32)&Pal_LunaSprites + 0x141, (u32)&Pal_LunaSprites + 0x165, (u32)&Pal_LunaSprites + 0x189, (u32)&Pal_LunaSprites + 0x1ad, 0x80000000, (u32)&Pal_LunaSprites + 0x23,
    (u32)&Pal_LunaSprites + 0x47, (u32)&Pal_LunaSprites + 0x6b, 0x80000000, (u32)&Pal_LunaSprites + 0x1ad, (u32)&Pal_LunaSprites + 0x189, (u32)&Pal_LunaSprites + 0x165,
    (u32)&Pal_LunaSprites + 0x141, (u32)&Pal_LunaSprites + 0x11d, (u32)&Pal_LunaSprites + 0xf9, (u32)&Pal_LunaSprites + 0xd5, (u32)&Pal_LunaSprites + 0xb1, (u32)&Pal_LunaSprites + 0x8d,
    0x80000000, (u32)&Pal_LunaSprites + 0x6b, (u32)&Pal_LunaSprites + 0x47, (u32)&Pal_LunaSprites + 0x23, 0x80000000, 0xFFFF0001,
    0x000000D5, 0x00D50000, 0x80000100, 0xFFF00000, 0x0000FFF0, 0x00000001,
    0x00000000, 0x00000000, 0xFFFF0001, 0x000000D5, 0x00D50000, 0x80000100,
    0xFFF00004, 0x0000FFF0, 0x00000001, 0x00000000, 0x00000000, 0xFFFF0001,
    0x000000D5, 0x00D50000, 0x80000100, 0xFFF00008, 0x0000FFF0, 0x00000001,
    0x00000000, 0x00000000, 0xFFFF0001, 0x00000505, 0x05050000, 0x80000100,
    0xFFF00000, 0x0000FFF0, 0x00000001, 0x00000000, 0x00000000, 0xFFFF0001,
    0x0000035E, 0x035E0000, 0x80000100, 0xFFF00004, 0x0000FFF0, 0x00000001,
    0x00000000, 0x00000000, 0xFFFF0001, 0x00000282, 0x02820000, 0x80000100,
    0xFFF00008, 0x0000FFF0, 0x00000001, 0x00000000, 0x00000000, 0xFFFF0001,
    0x00000200, 0x02000000, 0x80000100, 0xFFF00000, 0x0000FFF0, 0x00000001,
    0x00000000, 0x00000000, 0xFFFF0001, 0x000001AC, 0x01AC0000, 0x80000100,
    0xFFF00004, 0x0000FFF0, 0x00000001, 0x00000000, 0x00000000, 0xFFFF0001,
    0x0000016E, 0x016E0000, 0x80000100, 0xFFF00008, 0x0000FFF0, 0x00000001,
    0x00000000, 0x00000000, 0xFFFF0001, 0x00000141, 0x01410000, 0x80000100,
    0xFFF00000, 0x0000FFF0, 0x00000001, 0x00000000, 0x00000000, 0xFFFF0001,
    0x0000011C, 0x011C0000, 0x80000100, 0xFFF00004, 0x0000FFF0, 0x00000001,
    0x00000000, 0x00000000, 0x80000000, 0xFFF00008, 0x0000FFF0, 0x00000001,
    0x00000000, 0x00000000, 0xFFFF0001, 0x000000E9, 0x00E90000, 0x80000100,
    0xFFF00000, 0x0000FFF0, 0x00000001, 0x00000000, 0x00000000, (u32)&AnimScr_EfxLuna2 + 0xa5,
    (u32)&AnimScr_EfxLuna2 + 0xc9, (u32)&AnimScr_EfxLuna2 + 0xed, (u32)&AnimScr_EfxLuna2 + 0x111, (u32)&AnimScr_EfxLuna2 + 0x135, (u32)&AnimScr_EfxLuna2 + 0x159, (u32)&AnimScr_EfxLuna2 + 0x17d,
    (u32)&AnimScr_EfxLuna2 + 0x1a1, (u32)&AnimScr_EfxLuna2 + 0x1c5, 0x82000000, (u32)&AnimScr_EfxLuna2 + 0x3b, (u32)&AnimScr_EfxLuna2 + 0x5f, (u32)&AnimScr_EfxLuna2 + 0x83,
    0x82000000,
};
u8 frontier_df3_banim_aura_008_75CEFC[] __attribute__((section(".data.frontier_df3_banim_aura.gap8"))) = INCBIN_U8("graphics/frontier_df3_banim_aura/frontier_df3_banim_aura_008_75CEFC.4bpp.lz");
struct AnimSpriteData frontier_df3_banim_aura_009_75D570[] __attribute__((section(".data.frontier_df3_banim_aura.gap9"))) =
{
    { .header = (u32)(0x0003) | ((u32)0xFFFF << 16), .as = { .affine = { 0x0052, 0x0062, 0xFF9E, 0x0052 } } },
    { .header = (u32)(0x0003) | ((u32)0xFFFF << 16), .as = { .affine = { 0x0080, 0x0000, 0x0000, 0x0080 } } },
    { .header = (u32)(0x0003) | ((u32)0xFFFF << 16), .as = { .affine = { 0xFF93, 0xFF7E, 0xFF9E, 0x0052 } } },
    { .header = (u32)(0x0300) | ((u32)(0x8000) << 16), .as = { .object = { 0x0000, -76, -27 } } },
    { .header = (u32)(0x0300) | ((u32)(0x8200) << 16), .as = { .object = { 0x000C, -33, -54 } } },
    { .header = (u32)(0x0300) | ((u32)(0x8400) << 16), .as = { .object = { 0x0008, 13, -30 } } },
    ANIM_SPRITE_END,
    { .header = (u32)(0x0003) | ((u32)0xFFFF << 16), .as = { .affine = { 0x0052, 0x0062, 0xFF9E, 0x0052 } } },
    { .header = (u32)(0x0003) | ((u32)0xFFFF << 16), .as = { .affine = { 0x0080, 0x0000, 0x0000, 0x0080 } } },
    { .header = (u32)(0x0003) | ((u32)0xFFFF << 16), .as = { .affine = { 0xFF93, 0xFF7E, 0xFF9E, 0x0052 } } },
    { .header = (u32)(0x0300) | ((u32)(0x8000) << 16), .as = { .object = { 0x0000, -76, -27 } } },
    { .header = (u32)(0x0300) | ((u32)(0x8200) << 16), .as = { .object = { 0x000C, -33, -54 } } },
    { .header = (u32)(0x0300) | ((u32)(0x8400) << 16), .as = { .object = { 0x0008, 13, -30 } } },
    ANIM_SPRITE_END,
};
/* multi-slice atomic relocation carve (was several INCBIN_U8 slices of one .bin);
   every embedded ROM pointer -> .4byte Sym(+addend), byte-exact. make compare is the oracle. */
u32 frontier_df3_banim_aura_010_75DE94[] __attribute__((section(".data.frontier_df3_banim_aura.gap10"))) = {
    (u32)&AnimSprite_EfxExcalibur_26 + 0x1, (u32)&AnimSprite_EfxExcalibur_1 + 0x1, (u32)&AnimSprite_EfxExcalibur_2 + 0x1, (u32)&AnimSprite_EfxExcalibur_3 + 0x1, (u32)&AnimSprite_EfxExcalibur_4 + 0x1, (u32)&AnimSprite_EfxExcalibur_5 + 0x1,
    (u32)&AnimSprite_EfxExcalibur_6 + 0x1, (u32)&frontier_df3_banim_aura_009_75D570 + 0x1, (u32)&frontier_df3_banim_aura_009_75D570 + 0x55, (u32)&AnimSprite_EfxExcalibur_9 + 0x1, (u32)&AnimSprite_EfxExcalibur_10 + 0x1, (u32)&AnimSprite_EfxExcalibur_11 + 0x1,
    (u32)&AnimSprite_EfxExcalibur_12 + 0x1, (u32)&AnimSprite_EfxExcalibur_13 + 0x1, (u32)&AnimSprite_EfxExcalibur_14 + 0x1, (u32)&AnimSprite_EfxExcalibur_15 + 0x1, (u32)&AnimSprite_EfxExcalibur_16 + 0x1, (u32)&AnimSprite_EfxExcalibur_17 + 0x1,
    (u32)&AnimSprite_EfxExcalibur_18 + 0x1, (u32)&AnimSprite_EfxExcalibur_19 + 0x1, (u32)&AnimSprite_EfxExcalibur_20 + 0x1, (u32)&AnimSprite_EfxExcalibur_21 + 0x1, (u32)&AnimSprite_EfxExcalibur_22 + 0x1, (u32)&AnimSprite_EfxExcalibur_23 + 0x1,
    (u32)&AnimSprite_EfxExcalibur_24 + 0x1, (u32)&AnimSprite_EfxExcalibur_25 + 0x1, (u32)&AnimSprite_EfxExcalibur_27 + 0x1, (u32)&AnimSprite_EfxExcalibur_28 + 0x1, (u32)&AnimSprite_EfxExcalibur_29 + 0x1, (u32)&AnimSprite_EfxExcalibur_30 + 0x1,
    (u32)&AnimSprite_EfxExcalibur_31 + 0x1, (u32)&AnimSprite_EfxExcalibur_32 + 0x1, (u32)&AnimSprite_EfxExcalibur_33 + 0x1, (u32)&AnimSprite_EfxExcalibur_34 + 0x1, 0x81000000,
};
u32 data_0875DF20[] __attribute__((section(".data.frontier_df3_banim_aura.gap10"))) = {
    0x00180010, 0xF0000033, 0xB0017001, 0x2013F00D, 0x00E04101, 0x0000D003,
    0x11609ABB, 0x0D00DD40, 0xA9000D9D, 0x00020A8B, 0x000D89D9, 0xAB0300DA,
    0x10D98D2D, 0x2E000E19, 0x00EE0300, 0x00AE5703, 0x0300AA0E, 0xE00340A0,
    0x2C03006F, 0x03700C90, 0x40031000, 0x0090C001, 0x809E0000, 0x8089E000,
    0x7DD00000, 0xAD90008A, 0x80000A9B, 0x3110ACB8, 0x0B2140C0, 0x004000C0,
    0xDC0BBC03, 0x01BB9C00, 0x809B0B8C, 0xF0980B68, 0x0130CE63, 0xEB008C00,
    0x01700410, 0xF409EB10, 0x01D00740, 0x03008B50, 0xBB0300D0, 0xCE00170D,
    0xBDC200B9, 0x107129F0, 0xDD358A00, 0x40BE7008, 0x3E009DF2, 0x5F03009E,
    0x0AAD10A0, 0x01F036F0, 0x01F001F0, 0x90FE99B1, 0xF001F003, 0x0101A001,
    0xD00360D6, 0x00A0D018, 0x0300CDC5, 0xD000CEB0, 0x00D00DE0, 0x61F00CC0,
    0x00C02B50, 0x00AC1F2C, 0xF01AF0DC, 0x01018001, 0xE701F014, 0x0380AE41,
    0xDBE06C02, 0xA3E05301, 0x71EDCFD1, 0x11A91060, 0x3E00B083, 0x00C00310,
    0xCA11DA1E, 0x00A06722, 0xCE981103, 0xD0C00300, 0x98113300, 0xBB3B10D0,
    0x00990000, 0x78E00088, 0x67E00087, 0xB0008700, 0x90008987, 0xBBAB00A8,
    0x9800C99D, 0xE000B9AE, 0x9BAAC0A8, 0x04BA9DDA, 0xB000090B, 0xA90300C9,
    0xB00E00D9, 0xB0EABA98, 0x97009098, 0x558098AB, 0x1A688888, 0x50886633,
    0xDB9490BC, 0xBAA91000, 0x1288E900, 0x1057326D, 0xA400CBF7, 0x0300B08C,
    0x4094108E, 0x9DBBD0AD, 0x988000B9, 0x988B99CE, 0x89009BD0, 0x688C00B7,
    0x048E00C7, 0x80E0B967, 0x67110066, 0x8889009B, 0xBB687067, 0x76007B88,
    0x966789BB, 0x00669BBB, 0x76CDCB96, 0x97CDEB97, 0xCB998700, 0xE97788B7,
    0x55893AB8, 0x01F07F72, 0x20990120, 0x00A0B087, 0x03009C03, 0x0B7800AC,
    0x580D009C, 0x780E9C0E, 0x000CAB0B, 0xD0BA0879, 0x0074012E, 0x0300B0C9,
    0x009A00CA, 0x00C9E007, 0x03038090, 0xDE00B89D, 0x0000C89B, 0x000989AB,
    0xD00A8889, 0xBAA87900, 0x89D9899A, 0xEA8A0087, 0xABB08669, 0x9000C8D9,
    0x9E999889, 0x00998888, 0xA97878AE, 0xC97767B0, 0x77779C00, 0x887788B9,
    0x77870E9A, 0x6E219B88, 0x72C26A11, 0xBCA1E0EC, 0x018001F0, 0xDE0000EE,
    0x9702DFED, 0x01ED0300, 0x526D31E5, 0x0047F22C, 0x000D0003, 0xEEBBE00E,
    0x993FCEEE, 0xF03B00CC, 0xD0588001, 0x21931101, 0xE9728297, 0x00DCC00D,
    0xD00300DD, 0x000BCD04, 0x0300ACC0, 0x00100DAB, 0x1100AAC0, 0xCCCDD0AB,
    0xACB0AB00, 0xBAB0CC00, 0xABCD0000, 0xAAD000DA, 0x002000DA, 0xDB4101BA,
    0x0B00DDCB, 0x0DBBCC01, 0x0C99CD0C, 0x0022C902, 0xCC1402CC, 0x0300D00D,
    0xBC002AE0, 0x009C5A00, 0xB002BC03, 0xE00C6CBD, 0xEB3E12C1, 0x07101E41,
    0xB05200EB, 0x00B08A00, 0x00EABD58, 0x00000B64, 0x000CAAAB, 0x00DCCA9B,
    0xAB0BABBC, 0x8B0CACA9, 0x9500A840, 0xBAABB0EA, 0xAA00B0BB, 0x9AC0BBAA,
    0x00D0CB9A, 0xBEEB9989, 0xAADB9999, 0xBCAA9900, 0xBDAA99A9, 0xC5E07500,
    0x40288166, 0x03009B15, 0x69EB019C, 0x00FB60AD, 0x2535E018, 0x9702B9B0,
    0x8C00C900, 0x8DE0B978, 0x9BAA0067, 0x799B5678, 0x8C005667, 0x7C556777,
    0x00457777, 0x3564788A, 0xA8653347, 0x75323600, 0x654345D9, 0x656500D8,
    0x8886A766, 0xA6009766, 0x96A866AB, 0x06A8568B, 0xB8678864, 0x02030378,
    0x89550036, 0x009AEC01, 0x03007774, 0x4F930246, 0x57B90246, 0x003936D6,
    0x136F1103, 0x007D5613, 0x76007803, 0x009A0376, 0x7700B803, 0x7777788C,
    0x0055588D, 0x53588C57, 0x44598957, 0x7C995500, 0x50B74434, 0xBB220024,
    0xB922245B, 0x3200245B, 0x08558BB8, 0x00578988, 0x478877E7, 0x457755B5,
    0x45447500, 0x44445434, 0x43540033, 0x52522444, 0x32002455, 0x00CA087B,
    0x00DD097B, 0x0DDB9900, 0x0DDC9800, 0x00B8002B, 0x0300C769, 0x106800E7,
    0x0100D703, 0x00AB0413, 0x0300AC03, 0x72160311, 0x0300A862, 0xAE8ADB13,
    0x00E302E0, 0x03106840, 0x680D9B87, 0x0E008887, 0xE0A86669, 0x00B95569,
    0xC94455D0, 0x774345CC, 0x8B977700, 0x8BA66556, 0xA6540045, 0x5643458C,
    0x43002390, 0x4223A034, 0x0133BD58, 0x44AAA743, 0x14799754, 0x2517A802,
    0x98BD02B9, 0x97886900, 0x79000100, 0x7B000086, 0xF50B0085, 0x01F00700,
    0x0200F1F5, 0xCD0300DE, 0x02800703, 0xE0BCCD3E, 0xD0BBCDDD, 0xABDDDD00,
    0x9BCADEE0, 0xCB9900AD, 0xDB989C0E, 0xA900AB00, 0xCBCB0ECB, 0x00EC0DCC,
    0x0C0DCCEE, 0x0C0ECC00, 0x0EBCE001, 0x0ECDEECA, 0xA6EB3800, 0x108F122A,
    0x7701ACE8, 0x1116B2BD, 0xFB10B083, 0x001341BC, 0xC0BB0C03, 0xBBBB00BC,
    0x9B999CC0, 0x97009CC0, 0x889DCD9B, 0x01B0DD99, 0x900B8878, 0x00006668,
    0x900D0003, 0xC00C7668, 0xCC000C99, 0xBB0B9BCD, 0x00098BCC, 0xB989BB99,
    0x98788988, 0x77888800, 0x68888798, 0x99960796, 0x02B07668, 0x106518E3,
    0x2C16F977, 0x03500C55, 0xDB001640, 0x7B83CE00, 0x287F04C4, 0x00C0AC48,
    0x8A00E302, 0xA9031090, 0xAA0300BD, 0x00888B00, 0x778B00CA, 0x667700DB,
    0x67EEEB00, 0xB9999965, 0x877800AD, 0x7667ADC8, 0x6700AEC8, 0x45B07865,
    0x00C05665, 0xD07A6445, 0xCCC96555, 0xB976660D, 0x1467509B, 0x6900BAD8,
    0xD607AA53, 0x9DDD019B, 0x110B00A7, 0xE00000E5, 0xBE00008A, 0x00000066,
    0x0000556D, 0x00006459, 0x008656C0, 0x00AA66B0, 0xB0A8A000, 0x90B9A000,
    0x44790087, 0x236B9634, 0x4C00A623, 0x3AB82112, 0x00BB2112, 0x9A43223A,
    0x68653336, 0x76534500, 0x66645547, 0x66660043, 0x34443387, 0x33003365,
    0x23335222, 0x00433112, 0x55111124, 0x65111246, 0x22235600, 0x33356643,
    0x00B50068, 0x00C76700, 0x02AA7500, 0x0C0274EF, 0x528C0073, 0x90528300,
    0xA9637B00, 0x5B887111, 0x982A9000, 0x5B69035C, 0x00490D06, 0x00805703,
    0x90005713, 0x80007578, 0x87557800, 0x57334557, 0x33450055, 0x23555555,
    0x45405545, 0x55120310, 0x57124575, 0x12357500, 0x12345757, 0x44750042,
    0x55843233, 0x53002255, 0x32217555, 0x00117554, 0x11433322, 0x21222222,
    0x03002169, 0x00750800, 0x1099756B, 0x0ECE0003, 0x0CCC0B97, 0xAB00DEC8,
    0xAC00070C, 0x0700050C, 0xD0E30CCC, 0x188E11CD, 0x007711B5, 0xAE0C00AC,
    0x9EEDE099, 0xE0007600, 0x0000656D, 0x00750069, 0xA9666800, 0x430045AB,
    0x43335A89, 0x00234789, 0x22358953, 0x22236A53, 0x22496300, 0x22475222,
    0x56530022, 0x65444323, 0x68047655, 0x76555665, 0x54747B03, 0x43457700,
    0x44455455, 0x55430055, 0x33435445, 0x340A5333, 0x01953322, 0x00037567,
    0x00D84255, 0x0000A603, 0x44550044, 0x546D01AD, 0x03650300, 0xCC9A420B,
    0x07AE8200, 0xF701B08B, 0x00FB04BC, 0xEDDD450E, 0x9AAAD000, 0x8989C00C,
    0x78A0040C, 0x07900E87, 0x008890A7, 0x999C00A9, 0xB9ABCECB, 0xBBADDC00,
    0xCCA9CCCA, 0x99ED00CC, 0x99CB9AAA, 0xB8008899, 0x97788999, 0x00778AA9,
    0x78ACBB77, 0x89BCCB77, 0xCCA98802, 0x01CE999B, 0x02F7CD6F, 0x0593177F,
    0xB88B2345, 0x0F000310, 0x0085E816, 0xD000906B, 0x0D7B04DC, 0x8D407F14,
    0x9BCC0F35, 0xB9BCD000, 0xBCC00000, 0x899BCB99, 0x999B0077, 0x99997789,
    0x89106799, 0x03108999, 0x89B99956, 0xB99B5602, 0x059B5679, 0x0680860F,
    0x99C876E9, 0x99976699, 0x7665B900, 0x6655B998, 0x55870477, 0x05666666,
    0xAE65660B, 0x00B90800, 0xFC02B97B, 0x83120310, 0xEE00B60C, 0x1403000B,
    0x73760717, 0x30CE0311, 0x03210E00, 0x8780D30A, 0x8B400000, 0x888A1D01,
    0x6567CDCB, 0x557CAB00, 0x4569AB65, 0x57AB0075, 0x458C7544, 0x6B008544,
    0x69744444, 0x00754444, 0x66654578, 0x8A987787, 0x77788700, 0x67997798,
    0x99760096, 0x76776567, 0x77006667, 0x76677765, 0x05555565, 0x55445675,
    0x97E400B7, 0x77410301, 0xC8777F05, 0x00660000, 0xB518AD55, 0x87030076,
    0x6F021B02, 0x50B90650, 0x6A76005B, 0x00775B01, 0x69047870, 0x4887800C,
    0xA738F902, 0x3A88C000, 0x46544545, 0x54551045, 0x65032034, 0x01453555,
    0x34355555, 0x02234434, 0x10124462, 0x56753203, 0x22657B12, 0x53343214,
    0x12320F00, 0x2022117A, 0x7A021112, 0x33211111, 0x01944012, 0xDD0B9667,
    0x000DC70D, 0xC0E60B9A, 0xA0C50868, 0xC4075600, 0xB40757BD, 0x076808CC,
    0x1D06AD73, 0x00455880, 0x35589000, 0x2558C0DB, 0x5C00BA00, 0x7000AB45,
    0x00BC0044, 0x0CC05480, 0xB0004370, 0x5543700B, 0x08112235, 0x11122344,
    0x34115B03, 0x11120034, 0x11134445, 0x24234554, 0x11180011, 0x0C005553,
    0x02807000, 0x311122F3, 0x41112345, 0x11345500, 0x11455532, 0x24540032,
    0x22453311, 0x35015311, 0xCCC0C322, 0xF302B40C, 0xABCE9400, 0xAABD74EB,
    0xB85400DA, 0x97530AAA, 0x530109AA, 0x830BAAA7, 0x9D00989B, 0x6F068A40,
    0xC0008A0D, 0x01A888B9, 0xF7038C03, 0x00F71390, 0x8D40ABD0, 0x676B1701,
    0x77344334, 0x34444500, 0x34554667, 0x55440067, 0x55335624, 0x43405523,
    0x55548703, 0x55534522, 0x24331204, 0x03003211, 0x33003321, 0x44322111,
    0x00223212, 0x22443454, 0x22344443, 0x01233222, 0x65211323, 0x82657301,
    0x0D867B01, 0x01C6B000, 0xD000A66D, 0xAB8600DD, 0xBA8500B9, 0x13B50406,
    0x00733562, 0x07020E03, 0x00DD00EE, 0x00C0DED0, 0x0D80EDE0, 0x0D9EED48,
    0xAB90EE00, 0xACBAAB01, 0x9ABABBAB, 0xCB000320, 0xBBAB9BBB, 0x019A9BBB,
    0x8889AA9A, 0x10788888, 0xDB980003, 0xB988BBBC, 0x880DCBBB, 0x00B99A98,
    0x887B050F, 0x07C37609, 0x77840534, 0x19789987, 0x80E41363, 0x000CCE17,
    0x000B0ECE, 0x0A0D08BC, 0x0300BD00, 0x40D90DCE, 0xC01D0600, 0xD000899C,
    (u32)&gGfx_0878F150 + 0x4F4C, 0x000E6902, 0xE8E08990, 0x14007C04, 0x02B08302, 0x9987B083,
    0x55667900, 0x55566788, 0x03008077, 0x55567878, 0x04578889, 0x68899855,
    0x55180055, 0x00997097, 0x02EB020C, 0x755566F3, 0x55670089, 0x55789985,
    0x89009976, 0x68987655, 0x05897755, 0x79975566, (u32)&banim_bos_at1_sheet_8 + 0x23E, 0xD850DE02,
    0x0EB80300, 0xEE0C9823, 0xDB97010E, 0xEB970DEE, 0xA88707EE, 0x1EACFA15,
    0xEF0BAC63, 0x00D000AA, 0xC000AEBA, 0xC000B0CA, 0x0F01DB50, 0xCC9704CD,
    0x0056898D, 0x67995665, 0x68895666, 0x89567701, 0x78467766, 0x77006804,
    0x67456765, 0x00447776, 0x34777567, 0x54334655, 0x43030080, 0x43335555,
    0x07806654, 0x665676FB, 0x56666544, 0x45544400, 0x35444445, 0xEA873943,
    0x0001E702, 0xE8D06E05, 0x01816800, 0xCDA8008E, 0x06A700DB, 0x03D74004,
    0x9C008762, 0x010D785B, 0x0C7A60C0, 0x019BAD00, 0xD99D0218, 0xB9A0BD00,
    0x00B97706, 0xB9009BDD, 0x22229BCD, 0x23123301, 0x24113322, 0x02996602,
    0x02451165, 0x116902DA, 0x81031046, 0x31110B00, 0x42112344, 0x43007702,
    0x42114465, 0x0E113446, 0x11233431, 0x19007B05, 0x00420120, 0x320977A9,
    0x32D75696, 0xB6557500, 0xA4457543, 0x44770063, 0x447762B4, 0x670062D6,
    0x78620955, 0x14000C86, 0x0353800B, 0x030054EF, 0xEB000055, 0xBD007580,
    0x0000757D, 0xD0545979, 0xD0434578, 0x33357900, 0x24445854, 0x54580054,
    0x33377525, 0x35007834, 0x34593222, 0x12582112, 0x00111134, 0x00211165,
    0x550C215F, 0x23222234, 0x218C038E, 0x00225823, 0x0320217B, 0xD0D47F40,
    0xE40D00BB, 0xD50CB000, 0x0E00DDD0, 0x00B9B0B4, 0x00989E83, 0x978B520E,
    0x9777420E, 0x85320E08, 0x989C0799, 0x9B000049, 0x7B0C5988, 0x00CA5B88,
    0xA76B888B, 0x788A879B, 0x8988CD00, 0x999B0C79, 0xBDDA019B, 0x4433348B,
    0xB75D0011, 0x03336623, 0x240311D7, 0x0320F700, 0x00C16010, 0x336F3075,
    0x43311132, 0x5402FF00, 0x43211134, 0x11003433, 0x7BD51100, 0x8CC60075,
    0x85000076, 0x5400988A, 0x00009778, 0x0D766543, 0x00655443, 0x4545430B,
    0x5446530A, 0x16090C5E, 0xFD8512B0, 0x0C0130E9, 0x89057856, 0x8A779988,
    0x0299CF02, 0x02AB41D2, 0x7789ABDA, 0x0310AC77, 0x770B0080, 0x7789AA97,
    0x9A00BBA8, 0xAACBA977, 0x01ACA877, 0x9A97779A, 0x12877789, 0x0130A0FC,
    0x987908A8, 0x980DBC0C, 0x0CBBDB00, 0x0AABDBA9, 0xAADD00C9, 0xAADDC80A,
    0xCD05C80C, 0xDEC800BB, 0x05C0661B, 0xEF12AC11, 0xC02507C0, 0x24011105,
    0x98009DBD, 0x8789BC00, 0x0079BD00, 0x889C9877, 0x989C9868, 0x7BB96900,
    0x79BC7877, 0x9D760066, 0x9C655678, 0x55045578, 0x55556778, 0x65556205,
    0x66789902, 0x03678866, 0x66016605, 0x66676556, 0xF6056555, 0x000310FD,
    0x1D01101B, 0x150310A0, 0x850308EF, 0x96F31280, 0x8600DBC0, 0x0010DBBB,
    0x1406C976, 0x006BBAD0, 0x7BAABD00, 0x7DAA9D0E, 0xAAAD00EC, 0xA9BDC98D,
    0xE0009AAC, 0x0E9BABAA, 0x01BDBBBD, 0x56ADD00C, 0x02336655, 0x443322C8,
    0x44550300, 0x33030034, 0x34463311, 0x33330340, (u32)&btl_bg_3_tiles + 0x963, 0x44433343,
    0x54556D07, 0x65530033, 0x76533356, 0x43183356, 0x18005565, 0x33332900,
    0x979D0007, 0x98AEE800, 0xAC00A700, 0x9A7600BA, 0x006500B9, 0x65009887,
    0x650D8776, 0x0C676700, 0x0E766875, 0xCCBB0000, 0xAA8AE08A, 0x5700E08A,
    0x46007977, 0x00006755, 0x00554338, 0x0044457C, 0x3347C012, 0x36540308,
    0xB425C301, 0x80140300, 0x117A0203, 0x56118202, 0x65521374, 0x7B1201A0,
    0x64060042, 0x32110011, 0xC89A6265, 0xBA00520D, 0xCA410CEB, 0x00310D0D,
    0x21000DB7, 0x43000CA5, 0x000B9600, 0x000BA876, 0x0CBB0098, 0x45999D00,
    0xD900DD23, 0xD9D02249, 0x00001259, 0x00237CDD, 0x00479DDD, 0x89BDD01B,
    0xA5198A0B, 0x125CD088, 0x00355754, 0x7F024703, 0x02881058, 0xF568167C,
    0x73000300, 0x7B207710, 0x54290053, 0x54001A00, 0x0ECDC543, 0x02BEC854,
    0xBDCB750D, 0x970D870C, 0x0DCB0A87, 0x03009700, 0xB88D0F98, 0xAB7E0480,
    0xD08ACDB9, 0x7A40BDB9, 0x0079EB03, 0x007ABBBB, 0x7879E002, (u32)&DirectSoundData_wmap_mon_attack1_13k + 0x1F4,
    0x03BA35FF, 0xCE193897, 0x03506F20, 0x45034046, 0x130310F8, 0x5101F0FF,
    0x22031003, 0x64004652, 0x9556420D, 0x00665200, 0x886300C8, 0xAA730D0B,
    0x630D0D10, 0xB7430B01, 0x43700000, 0xFB270F09, 0xDDBD0110, 0xAC0100D0,
    0x9E00CDBB, 0x7B06BBA9, 0xADFB0AA9, 0x0FBA8F12, 0x008B774B, 0x807A6403,
    0x77FA0203, 0xBC03009A, 0xE552D879, 0x128701A0, 0xCA0600F6, 0x981C7777,
    0x4709C8CB, 0x8609EF18, 0x06AB9700, 0x0B088704, 0xDC0F05A9, 0x6119F906,
    0x89DDD000, 0x8D0D0067, 0x0D000A66, 0xFB02569D, 0x8B110067, 0xE08F3BA6,
    0xCCD01C03, 0x0150C752, 0x0300A066, 0x8B030079, 0x9C555556, 0x030303E5,
    0x65120001, 0x86030077, 0x40940C00, 0x00976503, 0x1A009829, 0x02BF8798,
    0x6F0098F8, 0x72016A18, 0x07190320, 0xCD000B5C, 0x00ACE0DB, 0x019CD0DB,
    0x9BE0DB00, 0x0EDDDD00, 0x069B5487, 0x7B06690F, 0x5A1C0757, 0xE312AB65,
    0x68038057, 0x10670340, 0xF0030303, 0x012001F0, 0x03200F03, 0x86687444,
    0x78640000, 0x887400B7, 0x850002EA, 0x95000DAA, 0xB1855A0A, 0x0A65D900,
    0x009B1708, 0xFF037000, 0xF31CD070, 0x86E4831C, 0x11123578, 0x34678A00,
    0x5678AB23, 0x9ABC0045, 0xABCD6778, 0x0DB0999A, 0xAB00AA82, 0xDDDD4900,
    0x53002211, 0x65433286, 0x20654497, 0x8C09A976, 0x689988B8, 0x99BA00C8,
    0x88CCB978, 0xDD0BD999, 0x1C0DDDDD, 0x7F1ABA73, 0x4DDC031D, 0xADF5BF07,
    0x7FF0050C, 0x22457F60, 0x578B1200, 0x789B3334, 0xBC550045, 0xCD777799,
    0x894699BB, 0x00BB7F00, 0x067F30DE, 0x3344549F, 0x45550207, 0x98F70155,
    0x99880499, 0x0EBBDCBB, 0x15CCCC07, 0x000D0DDD, 0x7F00984D, 0x79770098,
    0x0E0300D9, 0xB07F20FE, 0x01456C01, 0x4A5774F7, 0xA08B1AFB, 0xEF264401,
    0x56001212, 0xAA332346, 0x80665689, 0x4321FFE0, 0x65422155, 0x65430477,
    0x05668887, 0x55998877, 0x0C7F10BA, 0x02667F50, 0x80029978, 0xF801CA77,
    0x01B0FF50, 0xF09A18D0, 0x00014001, 0x77789BDE, 0x899ACDE0, 0x0FFA0ED8,
    0x2311DEA3, 0x887701A0, 0x98EC00B9, 0xAA0DCBA9, 0x0003DCCB, 0x0EDDEDCC,
    0x00E308EE, 0x4A09F827, 0x62063E6F, 0x015001F0, 0x206689BC, 0x6300C056,
    0x9989BCD0, 0xBBDD2900, 0xA0DD7F0B, 0x0B666663, 0x5701805B, 0xCB998999,
    0x3EDCBBBB, 0xC0C0CCDD, 0x0310C712, 0x0150C4F0, 0x5313FC8E, 0x672D5F09,
    0x5F70865F, 0x4567C302, 0x78343400, 0xCC554568, 0x887813AB, 0xE0DB11E0,
    0x20001DDE, 0xCB0580C1, 0x87644377, 0x00876599, 0xA988AAA9, 0xBBAAAAAA,
    0xDD0EDC01, 0xEE0EEEED, 0x8856DF40, 0x0CBBDF0B, 0xE5F0ECD8, 0x00000120,
};
u8 data_0875F138[] __attribute__((section(".data.frontier_df3_banim_aura.gap10"))) = {
    0x55, 0x53, 0x9E, 0x7D, 0x5B, 0x79, 0x17, 0x71, 0xD4, 0x68, 0x91, 0x64, 0x4E, 0x5C, 0x0B, 0x54,
    0x0B, 0x54, 0x09, 0x48, 0x08, 0x3C, 0x06, 0x30, 0x04, 0x24, 0x02, 0x18, 0x01, 0x0C, 0xFF, 0x37,
    0x10, 0xB0, 0x04, 0x00, 0x30, 0x1F, 0x00, 0xF0, 0x01, 0x10, 0x01, 0x0F, 0x04, 0x0E, 0x04, 0x00,
    0x0D, 0x04, 0x0C, 0x04, 0x1F, 0x00, 0x58, 0x04, 0x07, 0x57, 0x04, 0x56, 0x04, 0x55, 0x00, 0x09,
    0x70, 0x13, 0xF0, 0x01, 0x80, 0x90, 0x01, 0x28, 0x04, 0x27, 0x04, 0x26, 0x04, 0x25, 0x80, 0x00,
    0x27, 0x70, 0x04, 0x6F, 0x04, 0x6E, 0x04, 0x6D, 0xF0, 0x00, 0x09, 0x70, 0x13, 0xF0, 0x01, 0x90,
    0x01, 0x40, 0x04, 0x3F, 0x04, 0x10, 0x3E, 0x04, 0x3D, 0x00, 0x27, 0x88, 0x04, 0x87, 0x04, 0x1F,
    0x86, 0x04, 0x85, 0x00, 0x09, 0x70, 0x13, 0xF0, 0x01, 0x90, 0x01, 0x70, 0xA9, 0x01, 0xA0, 0x04,
    0x9F, 0x04, 0x9E, 0x04, 0x9D, 0xA0, 0xBD, 0xE0, 0xF0, 0x01, 0x90, 0x01, 0x70, 0xA9, 0x1F, 0x00,
    0xB7, 0x04, 0xB6, 0x3F, 0x04, 0xB5, 0xA0, 0xBD, 0xF0, 0x01, 0x91, 0x23, 0x70, 0xA9, 0x70, 0x01,
    0x50, 0x13, 0xFF, 0xF1, 0x33, 0xB1, 0x23, 0x70, 0xA9, 0x70, 0x01, 0x50, 0x13, 0xF1, 0x33, 0xD1,
    0x23, 0x50, 0xA9, 0xFF, 0x90, 0x01, 0x30, 0x13, 0xF1, 0x33, 0xD1, 0x23, 0xF0, 0x01, 0xF0, 0x23,
    0xF1, 0x23, 0xF1, 0x0F, 0xFF, 0xF0, 0x23, 0xF0, 0x23, 0xF1, 0x0F, 0xF1, 0x47, 0xF1, 0x47, 0xF1,
    0x0F, 0xF1, 0x0F, 0xF1, 0x47, 0xFF, 0xD0, 0x01, 0xF1, 0x0F, 0xF1, 0x47, 0xF1, 0x47, 0xF1, 0x0F,
    0xB3, 0x01, 0xF1, 0x23, 0xF0, 0x01, 0xFF, 0xB1, 0x0F, 0xF3, 0x15, 0xF0, 0x2D, 0xF1, 0x33, 0xD3,
    0x01, 0xF1, 0x23, 0xF0, 0x01, 0x91, 0x33, 0xFF, 0xF3, 0x15, 0xF1, 0x23, 0xF0, 0x01, 0xF3, 0x01,
    0xF1, 0x23, 0xF0, 0x01, 0xF0, 0xBD, 0xF0, 0xA9, 0xF0, 0xF0, 0x01, 0xF0, 0x01, 0xF0, 0xA9, 0x70,
    0x01, 0x00, 0x00, 0x00, 0x10, 0xB0, 0x04, 0x00, 0x30, 0x1F, 0x00, 0xF0, 0x01, 0x10, 0x01, 0x13,
    0x04, 0x12, 0x04, 0x00, 0x11, 0x04, 0x10, 0x04, 0x1F, 0x00, 0x5C, 0x04, 0x07, 0x5B, 0x04, 0x5A,
    0x04, 0x59, 0x00, 0x09, 0x70, 0x13, 0xF0, 0x01, 0x80, 0x90, 0x01, 0x2C, 0x04, 0x2B, 0x04, 0x2A,
    0x04, 0x29, 0x80, 0x00, 0x27, 0x74, 0x04, 0x73, 0x04, 0x72, 0x04, 0x71, 0xF0, 0x00, 0x09, 0x70,
    0x13, 0xF0, 0x01, 0x90, 0x01, 0x44, 0x04, 0x43, 0x04, 0x10, 0x42, 0x04, 0x41, 0x00, 0x27, 0x8C,
    0x04, 0x8B, 0x04, 0x1F, 0x8A, 0x04, 0x89, 0x00, 0x09, 0x70, 0x13, 0xF0, 0x01, 0x90, 0x01, 0x70,
    0xA9, 0x01, 0xA4, 0x04, 0xA3, 0x04, 0xA2, 0x04, 0xA1, 0xA0, 0xBD, 0xE0, 0xF0, 0x01, 0x90, 0x01,
    0x70, 0xA9, 0xBB, 0x04, 0xBA, 0x04, 0xB9, 0x3F, 0x04, 0xB8, 0xA0, 0xBD, 0xF0, 0x01, 0x91, 0x23,
    0x70, 0xA9, 0x70, 0x01, 0x50, 0x13, 0xFF, 0xF1, 0x33, 0xB1, 0x23, 0x70, 0xA9, 0x70, 0x01, 0x50,
    0x13, 0xF1, 0x33, 0xB1, 0x23, 0x70, 0xA9, 0xFF, 0x70, 0x01, 0x50, 0x13, 0xF1, 0x33, 0xD1, 0x23,
    0xF0, 0x01, 0xF0, 0x23, 0xF1, 0x23, 0xF1, 0x0F, 0xFF, 0xF0, 0x23, 0xF0, 0x23, 0xF1, 0x0F, 0xF1,
    0x47, 0xF1, 0x47, 0xF1, 0x0F, 0xF1, 0x0F, 0xF1, 0x47, 0xFF, 0xB0, 0x01, 0xF1, 0x0F, 0xF1, 0x47,
    0xF1, 0x47, 0xF1, 0x0F, 0xD3, 0x01, 0xF1, 0x23, 0xF0, 0x01, 0xFF, 0xB1, 0x0F, 0xF3, 0x15, 0xF0,
    0x2D, 0xF1, 0x33, 0xD3, 0x01, 0xF1, 0x23, 0xF0, 0x01, 0x91, 0x33, 0xFF, 0xF3, 0x15, 0xF1, 0x23,
    0xF1, 0x33, 0xF3, 0x01, 0xF1, 0x23, 0xF0, 0x01, 0xF0, 0xBD, 0xF0, 0xA9, 0xF0, 0xF0, 0x01, 0xF0,
    0x01, 0xF0, 0xA9, 0x70, 0x01, 0x00, 0x00, 0x00, 0x10, 0xB0, 0x04, 0x00, 0x30, 0x1F, 0x00, 0xF0,
    0x01, 0x10, 0x01, 0x17, 0x04, 0x16, 0x04, 0x00, 0x15, 0x04, 0x14, 0x04, 0x1F, 0x00, 0x60, 0x04,
    0x07, 0x5F, 0x04, 0x5E, 0x04, 0x5D, 0x00, 0x09, 0x70, 0x13, 0xF0, 0x01, 0x80, 0x90, 0x01, 0x30,
    0x04, 0x2F, 0x04, 0x2E, 0x04, 0x2D, 0x80, 0x00, 0x27, 0x78, 0x04, 0x77, 0x04, 0x76, 0x04, 0x75,
    0xF0, 0x00, 0x09, 0x70, 0x13, 0xF0, 0x01, 0x90, 0x01, 0x48, 0x04, 0x47, 0x04, 0x10, 0x46, 0x04,
    0x45, 0x00, 0x27, 0x90, 0x04, 0x8F, 0x04, 0x1F, 0x8E, 0x04, 0x8D, 0x00, 0x09, 0x70, 0x13, 0xF0,
    0x01, 0x90, 0x01, 0x70, 0xA9, 0x01, 0xA8, 0x04, 0xA7, 0x04, 0xA6, 0x04, 0xA5, 0xA0, 0xBD, 0xE0,
    0xF0, 0x01, 0x90, 0x01, 0x70, 0xA9, 0xBF, 0x04, 0xBE, 0x04, 0xBD, 0x3F, 0x04, 0xBC, 0xA0, 0xBD,
    0xF0, 0x01, 0x91, 0x23, 0x70, 0xA9, 0x70, 0x01, 0x50, 0x13, 0xFF, 0xF1, 0x33, 0xB1, 0x23, 0x70,
    0xA9, 0x70, 0x01, 0x50, 0x13, 0xF1, 0x33, 0xB1, 0x23, 0x70, 0xA9, 0xFF, 0x70, 0x01, 0x50, 0x13,
    0xF1, 0x33, 0xD1, 0x23, 0xF0, 0x01, 0xF0, 0x23, 0xF1, 0x23, 0xF1, 0x0F, 0xFF, 0xF0, 0x23, 0xF0,
    0x23, 0xF1, 0x0F, 0xF1, 0x47, 0xF1, 0x47, 0xF1, 0x0F, 0xF1, 0x0F, 0xF1, 0x47, 0xFF, 0xB0, 0x01,
    0xF1, 0x0F, 0xF1, 0x47, 0xF1, 0x47, 0xF1, 0x0F, 0xD3, 0x01, 0xF1, 0x23, 0xF0, 0x01, 0xFF, 0xB1,
    0x0F, 0xF3, 0x15, 0xF0, 0x2D, 0xF1, 0x33, 0xD3, 0x01, 0xF1, 0x23, 0xF0, 0x01, 0x91, 0x33, 0xFF,
    0xF3, 0x15, 0xF1, 0x23, 0xF1, 0x33, 0xF3, 0x01, 0xF1, 0x23, 0xF0, 0x01, 0xF0, 0xBD, 0xF0, 0xA9,
    0xF0, 0xF0, 0x01, 0xF0, 0x01, 0xF0, 0xA9, 0x70, 0x01, 0x00, 0x00, 0x00, 0x10, 0xB0, 0x04, 0x00,
    0x30, 0x1F, 0x00, 0xF0, 0x01, 0x10, 0x01, 0x03, 0x04, 0x02, 0x04, 0x00, 0x01, 0x04, 0x00, 0x04,
    0x1F, 0x00, 0x50, 0x04, 0x07, 0x4F, 0x04, 0x4E, 0x04, 0x4D, 0x00, 0x09, 0x70, 0x13, 0xF0, 0x01,
    0x80, 0x90, 0x01, 0x1B, 0x04, 0x1A, 0x04, 0x19, 0x04, 0x18, 0x80, 0x00, 0x27, 0x68, 0x04, 0x67,
    0x04, 0x66, 0x04, 0x65, 0xF0, 0x00, 0x09, 0x70, 0x13, 0xF0, 0x01, 0x90, 0x01, 0x34, 0x04, 0x33,
    0x04, 0x10, 0x32, 0x04, 0x31, 0x00, 0x27, 0x80, 0x04, 0x7F, 0x04, 0x1E, 0x7E, 0x04, 0x7D, 0x00,
    0x09, 0x70, 0x13, 0xF0, 0x01, 0x90, 0x01, 0x4C, 0x02, 0x04, 0x4B, 0x04, 0x4A, 0x04, 0x49, 0x00,
    0x27, 0x98, 0x03, 0x04, 0x97, 0x04, 0x96, 0x04, 0x95, 0x00, 0x09, 0x70, 0x13, 0xC0, 0xF0, 0x01,
    0x90, 0x01, 0x64, 0x04, 0x63, 0x04, 0x62, 0x04, 0x40, 0x61, 0x00, 0x27, 0xB0, 0x04, 0xAF, 0x04,
    0xAE, 0x04, 0x78, 0xAD, 0x00, 0x09, 0x70, 0x13, 0xF0, 0x01, 0x10, 0x01, 0x07, 0x04, 0x06, 0x00,
    0x04, 0x05, 0x04, 0x04, 0x04, 0x7C, 0x04, 0x7B, 0x0C, 0x04, 0x7A, 0x04, 0x79, 0xA0, 0x27, 0x50,
    0x13, 0x0B, 0x04, 0x04, 0x0A, 0x04, 0x09, 0x04, 0x08, 0xE0, 0x43, 0x20, 0x04, 0x00, 0x1E, 0x04,
    0x1D, 0x04, 0x1C, 0x04, 0x94, 0x04, 0x06, 0x93, 0x04, 0x92, 0x04, 0x91, 0xA0, 0x1F, 0x50, 0x13,
    0x24, 0x02, 0x04, 0x23, 0x04, 0x22, 0x04, 0x21, 0xE0, 0x3B, 0x38, 0x00, 0x04, 0x37, 0x04, 0x36,
    0x04, 0x35, 0x04, 0xAC, 0x03, 0x04, 0xAB, 0x04, 0xAA, 0x04, 0xA9, 0xA0, 0x1F, 0x50, 0x13, 0x01,
    0x3C, 0x04, 0x3B, 0x04, 0x3A, 0x04, 0x39, 0xE0, 0x3B, 0xE0, 0x71, 0xCD, 0xF0, 0x01, 0x50, 0x01,
    0x54, 0x04, 0x53, 0x04, 0x52, 0x3C, 0x04, 0x51, 0xE0, 0x23, 0x71, 0xCD, 0xF0, 0x01, 0x50, 0x01,
    0x6C, 0x04, 0x07, 0x6B, 0x04, 0x6A, 0x04, 0x69, 0xE0, 0x23, 0x51, 0xCD, 0xF1, 0x0F, 0x80, 0x71,
    0x47, 0x84, 0x04, 0x83, 0x04, 0x82, 0x04, 0x81, 0xF0, 0xE0, 0x3B, 0x51, 0xCD, 0xF1, 0x0F, 0x71,
    0x47, 0x9C, 0x04, 0x9B, 0x04, 0x1E, 0x9A, 0x04, 0x99, 0xE0, 0x3B, 0x51, 0xCD, 0xF1, 0x0F, 0x71,
    0x47, 0xB4, 0x03, 0x04, 0xB3, 0x04, 0xB2, 0x04, 0xB1, 0xF0, 0xD7, 0xE1, 0x0F, 0xFF, 0xF3, 0x15,
    0xF0, 0x2D, 0xF1, 0x0F, 0x31, 0x0F, 0xF3, 0x15, 0xF0, 0x2D, 0xB0, 0x01, 0x71, 0x0F, 0xFF, 0xF3,
    0x15, 0xF0, 0x2D, 0xB0, 0x01, 0x71, 0x0F, 0xF3, 0x15, 0xF0, 0x2D, 0xB0, 0x01, 0x71, 0x0F, 0xFF,
    0xF3, 0x15, 0xF0, 0x2D, 0xF0, 0x01, 0xB3, 0x01, 0xF0, 0x19, 0xF0, 0x01, 0xD0, 0x01, 0xF3, 0x15,
    0x80, 0x50, 0x01, 0x00, 0x10, 0xB0, 0x04, 0x00, 0x30, 0x1F, 0x00, 0xF0, 0x01, 0x10, 0x01, 0x07,
    0x04, 0x06, 0x04, 0x00, 0x05, 0x04, 0x04, 0x04, 0x1F, 0x00, 0x54, 0x04, 0x07, 0x53, 0x04, 0x52,
    0x04, 0x51, 0x00, 0x09, 0x70, 0x13, 0xF0, 0x01, 0x80, 0x90, 0x01, 0x20, 0x04, 0x1E, 0x04, 0x1D,
    0x04, 0x1C, 0x80, 0x00, 0x27, 0x6C, 0x04, 0x6B, 0x04, 0x6A, 0x04, 0x69, 0xF0, 0x00, 0x09, 0x70,
    0x13, 0xF0, 0x01, 0x90, 0x01, 0x38, 0x04, 0x37, 0x04, 0x10, 0x36, 0x04, 0x35, 0x00, 0x27, 0x84,
    0x04, 0x83, 0x04, 0x1E, 0x82, 0x04, 0x81, 0x00, 0x09, 0x70, 0x13, 0xF0, 0x01, 0x90, 0x01, 0x50,
    0x02, 0x04, 0x4F, 0x04, 0x4E, 0x04, 0x4D, 0x00, 0x27, 0x9C, 0x03, 0x04, 0x9B, 0x04, 0x9A, 0x04,
    0x99, 0x00, 0x09, 0x70, 0x13, 0xC0, 0xF0, 0x01, 0x90, 0x01, 0x68, 0x04, 0x67, 0x04, 0x66, 0x04,
    0x40, 0x65, 0x00, 0x27, 0xB4, 0x04, 0xB3, 0x04, 0xB2, 0x04, 0x78, 0xB1, 0x00, 0x09, 0x70, 0x13,
    0xF0, 0x01, 0x10, 0x01, 0x0B, 0x04, 0x0A, 0x00, 0x04, 0x09, 0x04, 0x08, 0x04, 0x80, 0x04, 0x7F,
    0x0C, 0x04, 0x7E, 0x04, 0x7D, 0xA0, 0x27, 0x50, 0x13, 0x03, 0x04, 0x04, 0x02, 0x04, 0x01, 0x04,
    0x00, 0xE0, 0x43, 0x24, 0x04, 0x00, 0x23, 0x04, 0x22, 0x04, 0x21, 0x04, 0x98, 0x04, 0x06, 0x97,
    0x04, 0x96, 0x04, 0x95, 0xA0, 0x1F, 0x50, 0x13, 0x1B, 0x02, 0x04, 0x1A, 0x04, 0x19, 0x04, 0x18,
    0xE0, 0x3B, 0x3C, 0x00, 0x04, 0x3B, 0x04, 0x3A, 0x04, 0x39, 0x04, 0xB0, 0x03, 0x04, 0xAF, 0x04,
    0xAE, 0x04, 0xAD, 0xA0, 0x1F, 0x50, 0x13, 0x01, 0x34, 0x04, 0x33, 0x04, 0x32, 0x04, 0x31, 0xE0,
    0x3B, 0xE0, 0x71, 0xCD, 0xF0, 0x01, 0x50, 0x01, 0x4C, 0x04, 0x4B, 0x04, 0x4A, 0x3C, 0x04, 0x49,
    0xE0, 0x23, 0x71, 0xCD, 0xF0, 0x01, 0x50, 0x01, 0x64, 0x04, 0x07, 0x63, 0x04, 0x62, 0x04, 0x61,
    0xE0, 0x23, 0x51, 0xCD, 0xF1, 0x0F, 0x80, 0x71, 0x47, 0x7C, 0x04, 0x7B, 0x04, 0x7A, 0x04, 0x79,
    0xF0, 0xE0, 0x3B, 0x51, 0xCD, 0xF1, 0x0F, 0x71, 0x47, 0x94, 0x04, 0x93, 0x04, 0x1E, 0x92, 0x04,
    0x91, 0xE0, 0x3B, 0x51, 0xCD, 0xF1, 0x0F, 0x71, 0x47, 0xAC, 0x03, 0x04, 0xAB, 0x04, 0xAA, 0x04,
    0xA9, 0xF0, 0xD7, 0xE1, 0x0F, 0xFF, 0xF3, 0x15, 0xF0, 0x2D, 0xF1, 0x0F, 0x31, 0x0F, 0xF3, 0x15,
    0xF0, 0x2D, 0xB0, 0x01, 0x71, 0x0F, 0xFF, 0xF3, 0x15, 0xF0, 0x2D, 0xB0, 0x01, 0x71, 0x0F, 0xF3,
    0x15, 0xF0, 0x2D, 0xB0, 0x01, 0x71, 0x0F, 0xFF, 0xF3, 0x15, 0xF0, 0x2D, 0xF0, 0x01, 0xB3, 0x01,
    0xF0, 0x19, 0xF0, 0x01, 0xD0, 0x01, 0xF3, 0x15, 0x80, 0x50, 0x01, 0x00, 0x10, 0xB0, 0x04, 0x00,
    0x30, 0x1F, 0x00, 0xF0, 0x01, 0x10, 0x01, 0x0B, 0x04, 0x0A, 0x04, 0x00, 0x09, 0x04, 0x08, 0x04,
    0x1F, 0x00, 0x4C, 0x04, 0x07, 0x4B, 0x04, 0x4A, 0x04, 0x49, 0x00, 0x09, 0x70, 0x13, 0xF0, 0x01,
    0x80, 0x90, 0x01, 0x24, 0x04, 0x23, 0x04, 0x22, 0x04, 0x21, 0x80, 0x00, 0x27, 0x64, 0x04, 0x63,
    0x04, 0x62, 0x04, 0x61, 0xF0, 0x00, 0x09, 0x70, 0x13, 0xF0, 0x01, 0x90, 0x01, 0x3C, 0x04, 0x3B,
    0x04, 0x10, 0x3A, 0x04, 0x39, 0x00, 0x27, 0x7C, 0x04, 0x7B, 0x04, 0x1E, 0x7A, 0x04, 0x79, 0x00,
    0x09, 0x70, 0x13, 0xF0, 0x01, 0x90, 0x01, 0x54, 0x02, 0x04, 0x53, 0x04, 0x52, 0x04, 0x51, 0x00,
    0x27, 0x94, 0x03, 0x04, 0x93, 0x04, 0x92, 0x04, 0x91, 0x00, 0x09, 0x70, 0x13, 0xC0, 0xF0, 0x01,
    0x90, 0x01, 0x6C, 0x04, 0x6B, 0x04, 0x6A, 0x04, 0x40, 0x69, 0x00, 0x27, 0xAC, 0x04, 0xAB, 0x04,
    0xAA, 0x04, 0x78, 0xA9, 0x00, 0x09, 0x70, 0x13, 0xF0, 0x01, 0x10, 0x01, 0x03, 0x04, 0x02, 0x00,
    0x04, 0x01, 0x04, 0x00, 0x04, 0x84, 0x04, 0x83, 0x0C, 0x04, 0x82, 0x04, 0x81, 0xA0, 0x27, 0x50,
    0x13, 0x07, 0x04, 0x04, 0x06, 0x04, 0x05, 0x04, 0x04, 0xE0, 0x43, 0x1B, 0x04, 0x00, 0x1A, 0x04,
    0x19, 0x04, 0x18, 0x04, 0x9C, 0x04, 0x06, 0x9B, 0x04, 0x9A, 0x04, 0x99, 0xA0, 0x1F, 0x50, 0x13,
    0x20, 0x02, 0x04, 0x1E, 0x04, 0x1D, 0x04, 0x1C, 0xE0, 0x3B, 0x34, 0x00, 0x04, 0x33, 0x04, 0x32,
    0x04, 0x31, 0x04, 0xB4, 0x03, 0x04, 0xB3, 0x04, 0xB2, 0x04, 0xB1, 0xA0, 0x1F, 0x50, 0x13, 0x01,
    0x38, 0x04, 0x37, 0x04, 0x36, 0x04, 0x35, 0xE0, 0x3B, 0xE0, 0x71, 0xCD, 0xF0, 0x01, 0x50, 0x01,
    0x50, 0x04, 0x4F, 0x04, 0x4E, 0x3C, 0x04, 0x4D, 0xE0, 0x23, 0x71, 0xCD, 0xF0, 0x01, 0x50, 0x01,
    0x68, 0x04, 0x07, 0x67, 0x04, 0x66, 0x04, 0x65, 0xE0, 0x23, 0x51, 0xCD, 0xF1, 0x0F, 0x80, 0x71,
    0x47, 0x80, 0x04, 0x7F, 0x04, 0x7E, 0x04, 0x7D, 0xF0, 0xE0, 0x3B, 0x51, 0xCD, 0xF1, 0x0F, 0x71,
    0x47, 0x98, 0x04, 0x97, 0x04, 0x1E, 0x96, 0x04, 0x95, 0xE0, 0x3B, 0x51, 0xCD, 0xF1, 0x0F, 0x71,
    0x47, 0xB0, 0x03, 0x04, 0xAF, 0x04, 0xAE, 0x04, 0xAD, 0xF0, 0xD7, 0xE1, 0x0F, 0xFF, 0xF3, 0x15,
    0xF0, 0x2D, 0xF1, 0x0F, 0x31, 0x0F, 0xF3, 0x15, 0xF0, 0x2D, 0xB0, 0x01, 0x71, 0x0F, 0xFF, 0xF3,
    0x15, 0xF0, 0x2D, 0xB0, 0x01, 0x71, 0x0F, 0xF3, 0x15, 0xF0, 0x2D, 0xB0, 0x01, 0x71, 0x0F, 0xFF,
    0xF3, 0x15, 0xF0, 0x2D, 0xF0, 0x01, 0xB3, 0x01, 0xF0, 0x19, 0xF0, 0x01, 0xD0, 0x01, 0xF3, 0x15,
    0x80, 0x50, 0x01, 0x00, 0x10, 0xB0, 0x04, 0x00, 0x20, 0x1F, 0x00, 0xB0, 0x01, 0x58, 0x04, 0x57,
    0x04, 0x56, 0x00, 0x04, 0x55, 0x04, 0x03, 0x04, 0x02, 0x04, 0x01, 0x00, 0x04, 0x00, 0x04, 0x1F,
    0x00, 0x50, 0x04, 0x4F, 0x0F, 0x04, 0x4E, 0x04, 0x4D, 0x00, 0x09, 0x50, 0x13, 0x50, 0x23, 0xD0,
    0x3B, 0x00, 0x70, 0x04, 0x6F, 0x04, 0x6E, 0x04, 0x6D, 0x04, 0x01, 0x1B, 0x04, 0x1A, 0x04, 0x19,
    0x04, 0x18, 0x00, 0x1F, 0x01, 0x68, 0x04, 0x67, 0x04, 0x66, 0x04, 0x65, 0x00, 0x09, 0xE0, 0x50,
    0x13, 0x50, 0x23, 0xD0, 0x3B, 0x88, 0x04, 0x87, 0x04, 0x86, 0x00, 0x04, 0x85, 0x04, 0x34, 0x04,
    0x33, 0x04, 0x32, 0x20, 0x04, 0x31, 0x00, 0x1F, 0x80, 0x04, 0x7F, 0x04, 0x7E, 0x3C, 0x04, 0x7D,
    0x00, 0x09, 0x50, 0x13, 0x50, 0x23, 0xD0, 0x3B, 0xA0, 0x04, 0x00, 0x9F, 0x04, 0x9E, 0x04, 0x9D,
    0x04, 0x4C, 0x04, 0x04, 0x4B, 0x04, 0x4A, 0x04, 0x49, 0x00, 0x1F, 0x98, 0x04, 0x07, 0x97, 0x04,
    0x96, 0x04, 0x95, 0x00, 0x09, 0x50, 0x13, 0x50, 0x23, 0x80, 0xD0, 0x3B, 0x1F, 0x00, 0xB7, 0x04,
    0xB6, 0x04, 0xB5, 0x00, 0x04, 0x64, 0x04, 0x63, 0x04, 0x62, 0x04, 0x61, 0x80, 0x00, 0x1F, 0xB0,
    0x04, 0xAF, 0x04, 0xAE, 0x04, 0xAD, 0xF0, 0x00, 0x09, 0x70, 0x13, 0x30, 0x23, 0x50, 0x31, 0x0F,
    0x04, 0x0E, 0x04, 0x00, 0x0D, 0x04, 0x0C, 0x04, 0x07, 0x04, 0x06, 0x04, 0x00, 0x05, 0x04, 0x04,
    0x04, 0x7C, 0x04, 0x7B, 0x04, 0x18, 0x7A, 0x04, 0x79, 0xA0, 0x5B, 0x50, 0x13, 0x0B, 0x04, 0x0A,
    0x08, 0x04, 0x09, 0x04, 0x08, 0x60, 0x1B, 0x28, 0x04, 0x27, 0x00, 0x04, 0x26, 0x04, 0x25, 0x04,
    0x20, 0x04, 0x1E, 0x00, 0x04, 0x1D, 0x04, 0x1C, 0x04, 0x94, 0x04, 0x93, 0x0C, 0x04, 0x92, 0x04,
    0x91, 0xA0, 0x3B, 0x50, 0x13, 0x24, 0x04, 0x04, 0x23, 0x04, 0x22, 0x04, 0x21, 0x60, 0x1B, 0x40,
    0x04, 0x00, 0x3F, 0x04, 0x3E, 0x04, 0x3D, 0x04, 0x38, 0x04, 0x00, 0x37, 0x04, 0x36, 0x04, 0x35,
    0x04, 0xAC, 0x04, 0x06, 0xAB, 0x04, 0xAA, 0x04, 0xA9, 0xA0, 0x3B, 0x50, 0x13, 0x3C, 0x03, 0x04,
    0x3B, 0x04, 0x3A, 0x04, 0x39, 0x60, 0x1B, 0x51, 0xB3, 0xE0, 0x71, 0xCD, 0xF0, 0x01, 0x50, 0x01,
    0x54, 0x04, 0x53, 0x04, 0x52, 0x3E, 0x04, 0x51, 0x60, 0x23, 0x51, 0xB3, 0x71, 0xCD, 0xF0, 0x01,
    0x50, 0x01, 0x6C, 0x03, 0x04, 0x6B, 0x04, 0x6A, 0x04, 0x69, 0x60, 0x23, 0x51, 0xB3, 0xF0, 0x51,
    0xCD, 0xD1, 0x0F, 0x10, 0x01, 0x51, 0x47, 0x84, 0x04, 0x83, 0x04, 0x1F, 0x82, 0x04, 0x81, 0x60,
    0x1B, 0x51, 0xB3, 0x51, 0xCD, 0xD1, 0x0F, 0x10, 0x01, 0x80, 0x51, 0x47, 0x9C, 0x04, 0x9B, 0x04,
    0x9A, 0x04, 0x99, 0xFC, 0x80, 0x1B, 0x31, 0xB3, 0x51, 0xCD, 0xD1, 0x0F, 0x10, 0x01, 0x51, 0x47,
    0xB4, 0x04, 0x07, 0xB3, 0x04, 0xB2, 0x04, 0xB1, 0xE0, 0xD7, 0x51, 0xE7, 0x71, 0x0F, 0xFF, 0xF3,
    0x15, 0x50, 0x23, 0xD0, 0x3B, 0x51, 0xE7, 0x71, 0x0F, 0xF3, 0x15, 0x50, 0x23, 0xD0, 0x3B, 0xFF,
    0x51, 0xE7, 0x71, 0x0F, 0xF3, 0x15, 0x50, 0x23, 0xF3, 0xBF, 0x31, 0xE7, 0x71, 0x0F, 0xF3, 0x15,
    0xFF, 0xF3, 0xBF, 0xB1, 0xE7, 0x71, 0x0F, 0xF3, 0x15, 0xF3, 0xBF, 0xB1, 0xE7, 0xF3, 0x01, 0xF0,
    0x23, 0xFC, 0xF3, 0xBF, 0x31, 0xE7, 0x71, 0x4B, 0x73, 0x15, 0x50, 0x13, 0x50, 0x23, 0x00, 0x00,
    0x10, 0xB0, 0x04, 0x00, 0x20, 0x1F, 0x00, 0xB0, 0x01, 0x5C, 0x04, 0x5B, 0x04, 0x5A, 0x00, 0x04,
    0x59, 0x04, 0x07, 0x04, 0x06, 0x04, 0x05, 0x00, 0x04, 0x04, 0x04, 0x1F, 0x00, 0x54, 0x04, 0x53,
    0x0F, 0x04, 0x52, 0x04, 0x51, 0x00, 0x09, 0x50, 0x13, 0x50, 0x23, 0xD0, 0x3B, 0x00, 0x74, 0x04,
    0x73, 0x04, 0x72, 0x04, 0x71, 0x04, 0x01, 0x20, 0x04, 0x1E, 0x04, 0x1D, 0x04, 0x1C, 0x00, 0x1F,
    0x01, 0x6C, 0x04, 0x6B, 0x04, 0x6A, 0x04, 0x69, 0x00, 0x09, 0xE0, 0x50, 0x13, 0x50, 0x23, 0xD0,
    0x3B, 0x8C, 0x04, 0x8B, 0x04, 0x8A, 0x00, 0x04, 0x89, 0x04, 0x38, 0x04, 0x37, 0x04, 0x36, 0x20,
    0x04, 0x35, 0x00, 0x1F, 0x84, 0x04, 0x83, 0x04, 0x82, 0x3C, 0x04, 0x81, 0x00, 0x09, 0x50, 0x13,
    0x50, 0x23, 0xD0, 0x3B, 0xA4, 0x04, 0x00, 0xA3, 0x04, 0xA2, 0x04, 0xA1, 0x04, 0x50, 0x04, 0x04,
    0x4F, 0x04, 0x4E, 0x04, 0x4D, 0x00, 0x1F, 0x9C, 0x04, 0x07, 0x9B, 0x04, 0x9A, 0x04, 0x99, 0x00,
    0x09, 0x50, 0x13, 0x50, 0x23, 0x80, 0xD0, 0x3B, 0xBB, 0x04, 0xBA, 0x04, 0xB9, 0x04, 0xB8, 0x00,
    0x04, 0x68, 0x04, 0x67, 0x04, 0x66, 0x04, 0x65, 0x80, 0x00, 0x1F, 0xB4, 0x04, 0xB3, 0x04, 0xB2,
    0x04, 0xB1, 0xF0, 0x00, 0x09, 0x50, 0x13, 0x50, 0x23, 0x50, 0x33, 0x13, 0x04, 0x12, 0x04, 0x00,
    0x11, 0x04, 0x10, 0x04, 0x0B, 0x04, 0x0A, 0x04, 0x00, 0x09, 0x04, 0x08, 0x04, 0x80, 0x04, 0x7F,
    0x04, 0x18, 0x7E, 0x04, 0x7D, 0xA0, 0x5B, 0x50, 0x13, 0x03, 0x04, 0x02, 0x08, 0x04, 0x01, 0x04,
    0x00, 0x60, 0x1B, 0x2C, 0x04, 0x2B, 0x00, 0x04, 0x2A, 0x04, 0x29, 0x04, 0x24, 0x04, 0x23, 0x00,
    0x04, 0x22, 0x04, 0x21, 0x04, 0x98, 0x04, 0x97, 0x0C, 0x04, 0x96, 0x04, 0x95, 0xA0, 0x3B, 0x50,
    0x13, 0x1B, 0x04, 0x04, 0x1A, 0x04, 0x19, 0x04, 0x18, 0x60, 0x1B, 0x44, 0x04, 0x00, 0x43, 0x04,
    0x42, 0x04, 0x41, 0x04, 0x3C, 0x04, 0x00, 0x3B, 0x04, 0x3A, 0x04, 0x39, 0x04, 0xB0, 0x04, 0x06,
    0xAF, 0x04, 0xAE, 0x04, 0xAD, 0xA0, 0x3B, 0x50, 0x13, 0x34, 0x03, 0x04, 0x33, 0x04, 0x32, 0x04,
    0x31, 0x60, 0x1B, 0x51, 0xB3, 0xE0, 0x71, 0xCD, 0xF0, 0x01, 0x50, 0x01, 0x4C, 0x04, 0x4B, 0x04,
    0x4A, 0x3E, 0x04, 0x49, 0x60, 0x23, 0x51, 0xB3, 0x71, 0xCD, 0xF0, 0x01, 0x50, 0x01, 0x64, 0x03,
    0x04, 0x63, 0x04, 0x62, 0x04, 0x61, 0x60, 0x23, 0x51, 0xB3, 0xF0, 0x51, 0xCD, 0xD1, 0x0F, 0x10,
    0x01, 0x51, 0x47, 0x7C, 0x04, 0x7B, 0x04, 0x1F, 0x7A, 0x04, 0x79, 0x60, 0x1B, 0x51, 0xB3, 0x51,
    0xCD, 0xD1, 0x0F, 0x10, 0x01, 0x80, 0x51, 0x47, 0x94, 0x04, 0x93, 0x04, 0x92, 0x04, 0x91, 0xFC,
    0x60, 0x1B, 0x51, 0xB3, 0x51, 0xCD, 0xD1, 0x0F, 0x10, 0x01, 0x51, 0x47, 0xAC, 0x04, 0x07, 0xAB,
    0x04, 0xAA, 0x04, 0xA9, 0xE0, 0xD7, 0x51, 0xE7, 0x71, 0x0F, 0xFF, 0xF3, 0x15, 0x50, 0x23, 0xD0,
    0x3B, 0x51, 0xE7, 0x71, 0x0F, 0xF3, 0x15, 0x50, 0x23, 0xD0, 0x3B, 0xFF, 0x51, 0xE7, 0x71, 0x0F,
    0xF3, 0x15, 0x50, 0x23, 0xF3, 0xBF, 0x31, 0xE7, 0x71, 0x0F, 0xF3, 0x15, 0xFF, 0xF3, 0xBF, 0xB1,
    0xE7, 0x71, 0x0F, 0xF3, 0x15, 0xF3, 0xBF, 0xB1, 0xE7, 0x71, 0x0F, 0x73, 0x15, 0xFE, 0x50, 0x13,
    0xF3, 0xBF, 0xB1, 0xE7, 0x71, 0x0F, 0x73, 0x15, 0x50, 0x13, 0x50, 0x23, 0x10, 0xB0, 0x04, 0x00,
    0x20, 0x1F, 0x00, 0xB0, 0x01, 0x60, 0x04, 0x5F, 0x04, 0x5E, 0x00, 0x04, 0x5D, 0x04, 0x0B, 0x04,
    0x0A, 0x04, 0x09, 0x00, 0x04, 0x08, 0x04, 0x1F, 0x00, 0x4C, 0x04, 0x4B, 0x0F, 0x04, 0x4A, 0x04,
    0x49, 0x00, 0x09, 0x50, 0x13, 0x50, 0x23, 0xD0, 0x3B, 0x00, 0x78, 0x04, 0x77, 0x04, 0x76, 0x04,
    0x75, 0x04, 0x01, 0x24, 0x04, 0x23, 0x04, 0x22, 0x04, 0x21, 0x00, 0x1F, 0x01, 0x64, 0x04, 0x63,
    0x04, 0x62, 0x04, 0x61, 0x00, 0x09, 0xE0, 0x50, 0x13, 0x50, 0x23, 0xD0, 0x3B, 0x90, 0x04, 0x8F,
    0x04, 0x8E, 0x00, 0x04, 0x8D, 0x04, 0x3C, 0x04, 0x3B, 0x04, 0x3A, 0x20, 0x04, 0x39, 0x00, 0x1F,
    0x7C, 0x04, 0x7B, 0x04, 0x7A, 0x3C, 0x04, 0x79, 0x00, 0x09, 0x50, 0x13, 0x50, 0x23, 0xD0, 0x3B,
    0xA8, 0x04, 0x00, 0xA7, 0x04, 0xA6, 0x04, 0xA5, 0x04, 0x54, 0x04, 0x04, 0x53, 0x04, 0x52, 0x04,
    0x51, 0x00, 0x1F, 0x94, 0x04, 0x07, 0x93, 0x04, 0x92, 0x04, 0x91, 0x00, 0x09, 0x50, 0x13, 0x50,
    0x23, 0x80, 0xD0, 0x3B, 0xBF, 0x04, 0xBE, 0x04, 0xBD, 0x04, 0xBC, 0x00, 0x04, 0x6C, 0x04, 0x6B,
    0x04, 0x6A, 0x04, 0x69, 0x80, 0x00, 0x1F, 0xAC, 0x04, 0xAB, 0x04, 0xAA, 0x04, 0xA9, 0xF0, 0x00,
    0x09, 0x50, 0x13, 0x50, 0x23, 0x50, 0x33, 0x17, 0x04, 0x16, 0x04, 0x00, 0x15, 0x04, 0x14, 0x04,
    0x03, 0x04, 0x02, 0x04, 0x00, 0x01, 0x04, 0x00, 0x04, 0x84, 0x04, 0x83, 0x04, 0x18, 0x82, 0x04,
    0x81, 0xA0, 0x5B, 0x50, 0x13, 0x07, 0x04, 0x06, 0x08, 0x04, 0x05, 0x04, 0x04, 0x60, 0x1B, 0x30,
    0x04, 0x2F, 0x00, 0x04, 0x2E, 0x04, 0x2D, 0x04, 0x1B, 0x04, 0x1A, 0x00, 0x04, 0x19, 0x04, 0x18,
    0x04, 0x9C, 0x04, 0x9B, 0x0C, 0x04, 0x9A, 0x04, 0x99, 0xA0, 0x3B, 0x50, 0x13, 0x20, 0x04, 0x04,
    0x1E, 0x04, 0x1D, 0x04, 0x1C, 0x60, 0x1B, 0x48, 0x04, 0x00, 0x47, 0x04, 0x46, 0x04, 0x45, 0x04,
    0x34, 0x04, 0x00, 0x33, 0x04, 0x32, 0x04, 0x31, 0x04, 0xB4, 0x04, 0x06, 0xB3, 0x04, 0xB2, 0x04,
    0xB1, 0xA0, 0x3B, 0x50, 0x13, 0x38, 0x03, 0x04, 0x37, 0x04, 0x36, 0x04, 0x35, 0x60, 0x1B, 0x51,
    0xB3, 0xE0, 0x71, 0xCD, 0xF0, 0x01, 0x50, 0x01, 0x50, 0x04, 0x4F, 0x04, 0x4E, 0x3E, 0x04, 0x4D,
    0x60, 0x23, 0x51, 0xB3, 0x71, 0xCD, 0xF0, 0x01, 0x50, 0x01, 0x68, 0x03, 0x04, 0x67, 0x04, 0x66,
    0x04, 0x65, 0x60, 0x23, 0x51, 0xB3, 0xF0, 0x51, 0xCD, 0xD1, 0x0F, 0x10, 0x01, 0x51, 0x47, 0x80,
    0x04, 0x7F, 0x04, 0x1F, 0x7E, 0x04, 0x7D, 0x60, 0x1B, 0x51, 0xB3, 0x51, 0xCD, 0xD1, 0x0F, 0x10,
    0x01, 0x80, 0x51, 0x47, 0x98, 0x04, 0x97, 0x04, 0x96, 0x04, 0x95, 0xFC, 0x60, 0x1B, 0x51, 0xB3,
    0x51, 0xCD, 0xD1, 0x0F, 0x10, 0x01, 0x51, 0x47, 0xB0, 0x04, 0x07, 0xAF, 0x04, 0xAE, 0x04, 0xAD,
    0xE0, 0xD7, 0x51, 0xE7, 0x71, 0x0F, 0xFF, 0xF3, 0x15, 0x50, 0x23, 0xD0, 0x3B, 0x51, 0xE7, 0x71,
    0x0F, 0xF3, 0x15, 0x50, 0x23, 0xD0, 0x3B, 0xFF, 0x51, 0xE7, 0x71, 0x0F, 0xF3, 0x15, 0x50, 0x23,
    0xF3, 0xBF, 0x31, 0xE7, 0x71, 0x0F, 0xF3, 0x15, 0xFF, 0xF3, 0xBF, 0xB1, 0xE7, 0x71, 0x0F, 0xF3,
    0x15, 0xF3, 0xBF, 0xB1, 0xE7, 0x71, 0x0F, 0x73, 0x15, 0xFE, 0x50, 0x13, 0xF3, 0xBF, 0xB1, 0xE7,
    0x71, 0x0F, 0x73, 0x15, 0x50, 0x13, 0x50, 0x23, 0x10, 0xB0, 0x04, 0x00, 0x20, 0x1F, 0x00, 0xB0,
    0x01, 0x4C, 0x04, 0x4B, 0x04, 0x4A, 0x00, 0x04, 0x49, 0x04, 0x03, 0x04, 0x02, 0x04, 0x01, 0x00,
    0x04, 0x00, 0x04, 0x1F, 0x00, 0x50, 0x04, 0x4F, 0x0F, 0x04, 0x4E, 0x04, 0x4D, 0x00, 0x09, 0x50,
    0x13, 0x50, 0x23, 0xD0, 0x3B, 0x00, 0x64, 0x04, 0x63, 0x04, 0x62, 0x04, 0x61, 0x04, 0x01, 0x1B,
    0x04, 0x1A, 0x04, 0x19, 0x04, 0x18, 0x00, 0x1F, 0x01, 0x68, 0x04, 0x67, 0x04, 0x66, 0x04, 0x65,
    0x00, 0x09, 0xE0, 0x50, 0x13, 0x50, 0x23, 0xD0, 0x3B, 0x7C, 0x04, 0x7B, 0x04, 0x7A, 0x00, 0x04,
    0x79, 0x04, 0x34, 0x04, 0x33, 0x04, 0x32, 0x20, 0x04, 0x31, 0x00, 0x1F, 0x80, 0x04, 0x7F, 0x04,
    0x7E, 0x3C, 0x04, 0x7D, 0x00, 0x09, 0x50, 0x13, 0x50, 0x23, 0xD0, 0x3B, 0x94, 0x04, 0x04, 0x93,
    0x04, 0x92, 0x04, 0x91, 0x80, 0x97, 0x98, 0x04, 0x07, 0x97, 0x04, 0x96, 0x04, 0x95, 0x00, 0x09,
    0x50, 0x13, 0x50, 0x23, 0x80, 0xD0, 0x3B, 0xAC, 0x04, 0xAB, 0x04, 0xAA, 0x04, 0xA9, 0x80, 0x80,
    0x97, 0xB0, 0x04, 0xAF, 0x04, 0xAE, 0x04, 0xAD, 0xF0, 0x00, 0x09, 0x50, 0x13, 0x50, 0x23, 0x50,
    0x33, 0x07, 0x04, 0x06, 0x04, 0x0E, 0x05, 0x04, 0x04, 0x04, 0x50, 0x07, 0xF0, 0x97, 0x70, 0xCF,
    0x0B, 0x02, 0x04, 0x0A, 0x04, 0x09, 0x04, 0x08, 0x60, 0x1B, 0x20, 0x01, 0x04, 0x1E, 0x04, 0x1D,
    0x04, 0x1C, 0x04, 0x50, 0x07, 0xC0, 0xF0, 0x97, 0x70, 0xCF, 0x24, 0x04, 0x23, 0x04, 0x22, 0x04,
    0x40, 0x21, 0x60, 0x1B, 0x38, 0x04, 0x37, 0x04, 0x36, 0x04, 0x38, 0x35, 0x04, 0x50, 0x07, 0xD0,
    0x97, 0x90, 0xCF, 0x3C, 0x04, 0x3B, 0x0F, 0x04, 0x3A, 0x04, 0x39, 0x60, 0x1B, 0x51, 0xC5, 0x71,
    0xCD, 0xF0, 0x01, 0x80, 0x50, 0x01, 0x54, 0x04, 0x53, 0x04, 0x52, 0x04, 0x51, 0xF8, 0x60, 0x23,
    0x51, 0xC5, 0x71, 0xCD, 0xF0, 0x01, 0x50, 0x01, 0x6C, 0x04, 0x6B, 0x0F, 0x04, 0x6A, 0x04, 0x69,
    0x60, 0x23, 0x51, 0xC5, 0x50, 0x07, 0xD1, 0x0F, 0x80, 0x91, 0x4F, 0x84, 0x04, 0x83, 0x04, 0x82,
    0x04, 0x81, 0xF8, 0x60, 0x1B, 0x51, 0xC5, 0x50, 0x07, 0xD1, 0x0F, 0x91, 0x4F, 0x9C, 0x04, 0x9B,
    0x0F, 0x04, 0x9A, 0x04, 0x99, 0x60, 0x1B, 0x51, 0xC5, 0x50, 0x07, 0xD1, 0x0F, 0x80, 0x91, 0x4F,
    0xB4, 0x04, 0xB3, 0x04, 0xB2, 0x04, 0xB1, 0xFF, 0xE0, 0xD7, 0x50, 0xAB, 0x71, 0x0F, 0xF3, 0x15,
    0x50, 0xBB, 0xD0, 0x3B, 0x50, 0xAB, 0x71, 0x0F, 0xFF, 0xF3, 0x15, 0x50, 0xBB, 0xD0, 0x3B, 0x50,
    0xAB, 0x71, 0x0F, 0xF3, 0x15, 0x50, 0xBB, 0xF1, 0xBB, 0xFF, 0x30, 0xAB, 0x71, 0x0F, 0xF3, 0x15,
    0xF2, 0x03, 0xB1, 0xBB, 0x71, 0x0F, 0xF3, 0x15, 0xF2, 0x03, 0xFF, 0x30, 0x01, 0x50, 0xAB, 0x71,
    0x21, 0x73, 0x15, 0x50, 0x13, 0x73, 0xD1, 0xB0, 0x01, 0x50, 0xAB, 0xF0, 0x71, 0x21, 0x73, 0x15,
    0x50, 0x13, 0x50, 0xBB, 0x10, 0xB0, 0x04, 0x00, 0x20, 0x1F, 0x00, 0xB0, 0x01, 0x50, 0x04, 0x4F,
    0x04, 0x4E, 0x00, 0x04, 0x4D, 0x04, 0x07, 0x04, 0x06, 0x04, 0x05, 0x00, 0x04, 0x04, 0x04, 0x1F,
    0x00, 0x54, 0x04, 0x53, 0x0F, 0x04, 0x52, 0x04, 0x51, 0x00, 0x09, 0x50, 0x13, 0x50, 0x23, 0xD0,
    0x3B, 0x00, 0x68, 0x04, 0x67, 0x04, 0x66, 0x04, 0x65, 0x04, 0x01, 0x20, 0x04, 0x1E, 0x04, 0x1D,
    0x04, 0x1C, 0x00, 0x1F, 0x01, 0x6C, 0x04, 0x6B, 0x04, 0x6A, 0x04, 0x69, 0x00, 0x09, 0xE0, 0x50,
    0x13, 0x50, 0x23, 0xD0, 0x3B, 0x80, 0x04, 0x7F, 0x04, 0x7E, 0x00, 0x04, 0x7D, 0x04, 0x38, 0x04,
    0x37, 0x04, 0x36, 0x20, 0x04, 0x35, 0x00, 0x1F, 0x84, 0x04, 0x83, 0x04, 0x82, 0x3C, 0x04, 0x81,
    0x00, 0x09, 0x50, 0x13, 0x50, 0x23, 0xD0, 0x3B, 0x98, 0x04, 0x04, 0x97, 0x04, 0x96, 0x04, 0x95,
    0x80, 0x97, 0x9C, 0x04, 0x07, 0x9B, 0x04, 0x9A, 0x04, 0x99, 0x00, 0x09, 0x50, 0x13, 0x50, 0x23,
    0x80, 0xD0, 0x3B, 0xB0, 0x04, 0xAF, 0x04, 0xAE, 0x04, 0xAD, 0x80, 0x80, 0x97, 0xB4, 0x04, 0xB3,
    0x04, 0xB2, 0x04, 0xB1, 0xF0, 0x00, 0x09, 0x50, 0x13, 0x50, 0x23, 0x50, 0x33, 0x0B, 0x04, 0x0A,
    0x04, 0x0E, 0x09, 0x04, 0x08, 0x04, 0x50, 0x07, 0xF0, 0x97, 0x70, 0xCF, 0x03, 0x02, 0x04, 0x02,
    0x04, 0x01, 0x04, 0x00, 0x60, 0x1B, 0x24, 0x01, 0x04, 0x23, 0x04, 0x22, 0x04, 0x21, 0x04, 0x50,
    0x07, 0xC0, 0xF0, 0x97, 0x70, 0xCF, 0x1B, 0x04, 0x1A, 0x04, 0x19, 0x04, 0x40, 0x18, 0x60, 0x1B,
    0x3C, 0x04, 0x3B, 0x04, 0x3A, 0x04, 0x38, 0x39, 0x04, 0x50, 0x07, 0xD0, 0x97, 0x90, 0xCF, 0x34,
    0x04, 0x33, 0x0F, 0x04, 0x32, 0x04, 0x31, 0x60, 0x1B, 0x51, 0xC5, 0x71, 0xCD, 0xF0, 0x01, 0x80,
    0x50, 0x01, 0x4C, 0x04, 0x4B, 0x04, 0x4A, 0x04, 0x49, 0xF8, 0x60, 0x23, 0x51, 0xC5, 0x71, 0xCD,
    0xF0, 0x01, 0x50, 0x01, 0x64, 0x04, 0x63, 0x0F, 0x04, 0x62, 0x04, 0x61, 0x60, 0x23, 0x51, 0xC5,
    0x50, 0x07, 0xD1, 0x0F, 0x80, 0x91, 0x4F, 0x7C, 0x04, 0x7B, 0x04, 0x7A, 0x04, 0x79, 0xF8, 0x60,
    0x1B, 0x51, 0xC5, 0x50, 0x07, 0xD1, 0x0F, 0x91, 0x4F, 0x94, 0x04, 0x93, 0x0F, 0x04, 0x92, 0x04,
    0x91, 0x60, 0x1B, 0x51, 0xC5, 0x50, 0x07, 0xD1, 0x0F, 0x80, 0x91, 0x4F, 0xAC, 0x04, 0xAB, 0x04,
    0xAA, 0x04, 0xA9, 0xFF, 0xE0, 0xD7, 0x50, 0xAB, 0x71, 0x0F, 0xF3, 0x15, 0x50, 0xBB, 0xD0, 0x3B,
    0x50, 0xAB, 0x71, 0x0F, 0xFF, 0xF3, 0x15, 0x50, 0xBB, 0xD0, 0x3B, 0x50, 0xAB, 0x71, 0x0F, 0xF3,
    0x15, 0x50, 0xBB, 0xF1, 0xBB, 0xFF, 0x30, 0xAB, 0x71, 0x0F, 0xF3, 0x15, 0xF2, 0x03, 0xB1, 0xBB,
    0x71, 0x0F, 0xF3, 0x15, 0xF2, 0x03, 0xFF, 0x30, 0x01, 0x50, 0xAB, 0x71, 0x21, 0x73, 0x15, 0x50,
    0x13, 0x73, 0xD1, 0xB0, 0x01, 0x50, 0xAB, 0xF0, 0x71, 0x21, 0x73, 0x15, 0x50, 0x13, 0x50, 0xBB,
    0x10, 0xB0, 0x04, 0x00, 0x20, 0x1F, 0x00, 0xB0, 0x01, 0x54, 0x04, 0x53, 0x04, 0x52, 0x00, 0x04,
    0x51, 0x04, 0x0B, 0x04, 0x0A, 0x04, 0x09, 0x00, 0x04, 0x08, 0x04, 0x1F, 0x00, 0x4C, 0x04, 0x4B,
    0x0F, 0x04, 0x4A, 0x04, 0x49, 0x00, 0x09, 0x50, 0x13, 0x50, 0x23, 0xD0, 0x3B, 0x00, 0x6C, 0x04,
    0x6B, 0x04, 0x6A, 0x04, 0x69, 0x04, 0x01, 0x24, 0x04, 0x23, 0x04, 0x22, 0x04, 0x21, 0x00, 0x1F,
    0x01, 0x64, 0x04, 0x63, 0x04, 0x62, 0x04, 0x61, 0x00, 0x09, 0xE0, 0x50, 0x13, 0x50, 0x23, 0xD0,
    0x3B, 0x84, 0x04, 0x83, 0x04, 0x82, 0x00, 0x04, 0x81, 0x04, 0x3C, 0x04, 0x3B, 0x04, 0x3A, 0x20,
    0x04, 0x39, 0x00, 0x1F, 0x7C, 0x04, 0x7B, 0x04, 0x7A, 0x3C, 0x04, 0x79, 0x00, 0x09, 0x50, 0x13,
    0x50, 0x23, 0xD0, 0x3B, 0x9C, 0x04, 0x04, 0x9B, 0x04, 0x9A, 0x04, 0x99, 0x80, 0x97, 0x94, 0x04,
    0x07, 0x93, 0x04, 0x92, 0x04, 0x91, 0x00, 0x09, 0x50, 0x13, 0x50, 0x23, 0x80, 0xD0, 0x3B, 0xB4,
    0x04, 0xB3, 0x04, 0xB2, 0x04, 0xB1, 0x80, 0x80, 0x97, 0xAC, 0x04, 0xAB, 0x04, 0xAA, 0x04, 0xA9,
    0xF0, 0x00, 0x09, 0x50, 0x13, 0x50, 0x23, 0x50, 0x33, 0x03, 0x04, 0x02, 0x04, 0x0E, 0x01, 0x04,
    0x00, 0x04, 0x50, 0x07, 0xF0, 0x97, 0x70, 0xCF, 0x07, 0x02, 0x04, 0x06, 0x04, 0x05, 0x04, 0x04,
    0x60, 0x1B, 0x1B, 0x01, 0x04, 0x1A, 0x04, 0x19, 0x04, 0x18, 0x04, 0x50, 0x07, 0xC0, 0xF0, 0x97,
    0x70, 0xCF, 0x20, 0x04, 0x1E, 0x04, 0x1D, 0x04, 0x40, 0x1C, 0x60, 0x1B, 0x34, 0x04, 0x33, 0x04,
    0x32, 0x04, 0x38, 0x31, 0x04, 0x50, 0x07, 0xD0, 0x97, 0x90, 0xCF, 0x38, 0x04, 0x37, 0x0F, 0x04,
    0x36, 0x04, 0x35, 0x60, 0x1B, 0x51, 0xC5, 0x71, 0xCD, 0xF0, 0x01, 0x80, 0x50, 0x01, 0x50, 0x04,
    0x4F, 0x04, 0x4E, 0x04, 0x4D, 0xF8, 0x60, 0x23, 0x51, 0xC5, 0x71, 0xCD, 0xF0, 0x01, 0x50, 0x01,
    0x68, 0x04, 0x67, 0x0F, 0x04, 0x66, 0x04, 0x65, 0x60, 0x23, 0x51, 0xC5, 0x50, 0x07, 0xD1, 0x0F,
    0x80, 0x91, 0x4F, 0x80, 0x04, 0x7F, 0x04, 0x7E, 0x04, 0x7D, 0xF8, 0x60, 0x1B, 0x51, 0xC5, 0x50,
    0x07, 0xD1, 0x0F, 0x91, 0x4F, 0x98, 0x04, 0x97, 0x0F, 0x04, 0x96, 0x04, 0x95, 0x60, 0x1B, 0x51,
    0xC5, 0x50, 0x07, 0xD1, 0x0F, 0x80, 0x91, 0x4F, 0xB0, 0x04, 0xAF, 0x04, 0xAE, 0x04, 0xAD, 0xFF,
    0xE0, 0xD7, 0x50, 0xAB, 0x71, 0x0F, 0xF3, 0x15, 0x50, 0xBB, 0xD0, 0x3B, 0x50, 0xAB, 0x71, 0x0F,
    0xFF, 0xF3, 0x15, 0x50, 0xBB, 0xD0, 0x3B, 0x50, 0xAB, 0x71, 0x0F, 0xF3, 0x15, 0x50, 0xBB, 0xF1,
    0xBB, 0xFF, 0x30, 0xAB, 0x71, 0x0F, 0xF3, 0x15, 0xF2, 0x03, 0xB1, 0xBB, 0x71, 0x0F, 0xF3, 0x15,
    0xF2, 0x03, 0xFF, 0x30, 0x01, 0x50, 0xAB, 0x71, 0x21, 0x73, 0x15, 0x50, 0x13, 0x73, 0xD1, 0xB0,
    0x01, 0x50, 0xAB, 0xF0, 0x71, 0x21, 0x73, 0x15, 0x50, 0x13, 0x50, 0xBB,
};
u8 frontier_df3_banim_aura_011_761780[] __attribute__((section(".data.frontier_df3_banim_aura.gap11"))) = INCBIN_U8("graphics/frontier_df3_banim_aura/frontier_df3_banim_aura_011a_761780.4bpp.lz");
/* data_08762170: raw trailing carve (pre-sliced hybrid blob), byte-exact. */
u8 data_08762170[] __attribute__((section(".data.frontier_df3_banim_aura.gap11"))) = INCBIN_U8("graphics/frontier_df3_banim_aura/data_08762170.gbapal");
/* data_087621F0: raw trailing carve (pre-sliced hybrid blob), byte-exact. */
u8 data_087621F0[] __attribute__((section(".data.frontier_df3_banim_aura.gap11"))) = {
    0x10, 0x00, 0x08, 0x00, 0x00, 0x00, 0x00, 0x01, 0x00, 0x02, 0x00, 0x03, 0x00, 0x00, 0x04, 0x00,
    0x05, 0x00, 0x06, 0x00, 0x07, 0x00, 0x00, 0x08, 0x00, 0x09, 0x00, 0x0A, 0x00, 0x0B, 0x00, 0x00,
    0x0C, 0x00, 0x0D, 0x00, 0x0E, 0x00, 0x0F, 0x00, 0xC0, 0xF0, 0x1F, 0xB0, 0x1F, 0x20, 0x00, 0x21,
    0x00, 0x22, 0x00, 0x00, 0x23, 0x00, 0x24, 0x00, 0x25, 0x00, 0x26, 0x00, 0x00, 0x27, 0x00, 0x28,
    0x00, 0x29, 0x00, 0x2A, 0x00, 0x00, 0x2B, 0x00, 0x2C, 0x00, 0x2D, 0x00, 0x2E, 0x00, 0x60, 0x2F,
    0xF0, 0x1F, 0xC0, 0x1F, 0x40, 0x00, 0x41, 0x00, 0x42, 0x00, 0x00, 0x43, 0x00, 0x44, 0x00, 0x45,
    0x00, 0x46, 0x00, 0x00, 0x47, 0x00, 0x48, 0x00, 0x49, 0x00, 0x4A, 0x00, 0x00, 0x4B, 0x00, 0x4C,
    0x00, 0x4D, 0x00, 0x4E, 0x30, 0x00, 0x4F, 0xF0, 0x1F, 0xC0, 0x1F, 0x60, 0x00, 0x61, 0x00, 0x00,
    0x62, 0x00, 0x63, 0x00, 0x64, 0x00, 0x65, 0x00, 0x00, 0x66, 0x00, 0x67, 0x00, 0x68, 0x00, 0x69,
    0x00, 0x00, 0x6A, 0x00, 0x6B, 0x00, 0x6C, 0x00, 0x6D, 0x00, 0x18, 0x6E, 0x00, 0x6F, 0xF0, 0x1F,
    0xC0, 0x1F, 0x80, 0x00, 0x81, 0x00, 0x00, 0x82, 0x00, 0x83, 0x00, 0x84, 0x00, 0x85, 0x00, 0x00,
    0x86, 0x00, 0x87, 0x00, 0x88, 0x00, 0x89, 0x00, 0x00, 0x8A, 0x00, 0x8B, 0x00, 0x8C, 0x00, 0x8D,
    0x0C, 0x00, 0x8E, 0x00, 0x8F, 0xF0, 0x1F, 0xC0, 0x1F, 0xA0, 0x00, 0x00, 0xA1, 0x00, 0xA2, 0x00,
    0xA3, 0x00, 0xA4, 0x00, 0x00, 0xA5, 0x00, 0xA6, 0x00, 0xA7, 0x00, 0xA8, 0x00, 0x00, 0xA9, 0x00,
    0xAA, 0x00, 0xAB, 0x00, 0xAC, 0x00, 0x06, 0xAD, 0x00, 0xAE, 0x00, 0xAF, 0xF0, 0x1F, 0xC0, 0x1F,
    0x10, 0xFF, 0xF0, 0x01, 0xF0, 0x01, 0xF0, 0x01, 0xF0, 0x01, 0xF0, 0x01, 0xF0, 0x01, 0xF0, 0x01,
    0xF0, 0x01, 0xFE, 0xF0, 0x01, 0xF0, 0x01, 0xF0, 0x01, 0xF0, 0x01, 0xF0, 0x01, 0xF0, 0x01, 0x00,
    0x01, 0xA8, 0x00, 0x08, 0xA9, 0x08, 0xAA, 0x08, 0xAB, 0x08, 0xAC, 0x00, 0x08, 0xAD, 0x08, 0xAE,
    0x08, 0xAF, 0x08, 0xA0, 0x00, 0x08, 0xA1, 0x08, 0xA2, 0x08, 0xA3, 0x08, 0xA4, 0x01, 0x08, 0xA5,
    0x08, 0xA6, 0x08, 0xA7, 0x08, 0xF0, 0x1F, 0x80, 0xB0, 0x1F, 0x89, 0x0C, 0x88, 0x0C, 0x87, 0x0C,
    0x86, 0x00, 0x0C, 0x85, 0x0C, 0x84, 0x0C, 0x83, 0x0C, 0x82, 0x00, 0x0C, 0x81, 0x0C, 0x80, 0x0C,
    0x8F, 0x0C, 0x8E, 0x00, 0x0C, 0x8D, 0x0C, 0x8C, 0x0C, 0x8B, 0x0C, 0x8A, 0x60, 0x0C, 0xF0, 0x1F,
    0xB0, 0x1F, 0x69, 0x0C, 0x68, 0x0C, 0x67, 0x00, 0x0C, 0x66, 0x0C, 0x65, 0x0C, 0x64, 0x0C, 0x63,
    0x00, 0x0C, 0x62, 0x0C, 0x61, 0x0C, 0x60, 0x0C, 0x6F, 0x00, 0x0C, 0x6E, 0x0C, 0x6D, 0x0C, 0x6C,
    0x0C, 0x6B, 0x30, 0x0C, 0x6A, 0xF0, 0x1F, 0xC0, 0x1F, 0x49, 0x0C, 0x48, 0x0C, 0x00, 0x47, 0x0C,
    0x46, 0x0C, 0x45, 0x0C, 0x44, 0x0C, 0x00, 0x43, 0x0C, 0x42, 0x0C, 0x41, 0x0C, 0x40, 0x0C, 0x00,
    0x4F, 0x0C, 0x4E, 0x0C, 0x4D, 0x0C, 0x4C, 0x0C, 0x18, 0x4B, 0x0C, 0x4A, 0xF0, 0x1F, 0xC0, 0x1F,
    0x29, 0x0C, 0x28, 0x00, 0x0C, 0x27, 0x0C, 0x26, 0x0C, 0x25, 0x0C, 0x24, 0x00, 0x0C, 0x23, 0x0C,
    0x22, 0x0C, 0x21, 0x0C, 0x20, 0x00, 0x0C, 0x2F, 0x0C, 0x2E, 0x0C, 0x2D, 0x0C, 0x2C, 0x0C, 0x0C,
    0x2B, 0x0C, 0x2A, 0xF0, 0x1F, 0xC0, 0x1F, 0x09, 0x0C, 0x00, 0x08, 0x0C, 0x07, 0x0C, 0x06, 0x0C,
    0x05, 0x0C, 0x00, 0x04, 0x0C, 0x03, 0x0C, 0x02, 0x0C, 0x01, 0x0C, 0x00, 0x00, 0x0C, 0x0F, 0x0C,
    0x0E, 0x0C, 0x0D, 0x0C, 0x07, 0x0C, 0x0C, 0x0B, 0x0C, 0x0A, 0xF0, 0x1F, 0xC0, 0x1F, 0xF1, 0x91,
    0xFF, 0xF0, 0x01, 0xF0, 0x01, 0xF0, 0x01, 0xF0, 0x01, 0xF0, 0x01, 0xF0, 0x01, 0xF0, 0x01, 0xF0,
    0x01, 0xFF, 0xF0, 0x01, 0xF0, 0x01, 0xF0, 0x01, 0xF0, 0x01, 0xF0, 0x01, 0xF0, 0x01, 0xF0, 0x01,
    0xF0, 0x01, 0xFF, 0xF0, 0x01, 0xF0, 0x01, 0xF0, 0x01, 0xF0, 0x01, 0xF0, 0x01, 0xF0, 0x01, 0xF0,
    0x01, 0xF0, 0x01, 0xFF, 0xF0, 0x01, 0xF0, 0x01, 0xF0, 0x01, 0xF0, 0x01, 0xF0, 0x01, 0xF0, 0x01,
    0xF0, 0x01, 0xF0, 0x01, 0xFF, 0xF0, 0x01, 0xF0, 0x01, 0xF0, 0x01, 0xF0, 0x01, 0xF0, 0x01, 0xF0,
    0x01, 0xF0, 0x01, 0xF0, 0x01, 0xFF, 0xF0, 0x01, 0xF0, 0x01, 0xF0, 0x01, 0xF0, 0x01, 0xF0, 0x01,
    0xF0, 0x01, 0xF0, 0x01, 0xF0, 0x01, 0xFF, 0xF0, 0x01, 0xF0, 0x01, 0xF0, 0x01, 0xF0, 0x01, 0xF0,
    0x01, 0xF0, 0x01, 0xF0, 0x01, 0xD0, 0x01, 0x00,
};
/* data_08762468: raw trailing carve (pre-sliced hybrid blob), byte-exact. */
u8 data_08762468[] __attribute__((section(".data.frontier_df3_banim_aura.gap11"))) = {
    0x10, 0x00, 0x10, 0x00, 0x00, 0x8C, 0x44, 0x96, 0x00, 0x8C, 0x35, 0x96, 0x0C, 0x80, 0x10, 0x03,
    0xA0, 0x36, 0x74, 0x0B, 0xB0, 0x57, 0x63, 0x00, 0xC9, 0xC0, 0x69, 0x54, 0xB8, 0xC0, 0x69, 0x43,
    0x00, 0xA7, 0x00, 0x8B, 0x35, 0x86, 0x00, 0x00, 0x90, 0x08, 0x46, 0x00, 0x00, 0xA0, 0x00, 0x03,
    0xB0, 0x57, 0x00, 0x01, 0x00, 0xC0, 0x69, 0x00, 0x00, 0x00, 0x7A, 0x00, 0x03, 0x28, 0x9C, 0x0C,
    0x00, 0x14, 0x0B, 0x00, 0x10, 0x22, 0x63, 0xC9, 0x20, 0x00, 0x23, 0x00, 0x03, 0x22, 0x62, 0xC9,
    0x00, 0x34, 0x08, 0x53, 0xB8, 0x00, 0x35, 0x00, 0x36, 0x46, 0x33, 0x96, 0x00, 0x0C, 0x57, 0x32,
    0x85, 0x0C, 0x69, 0x33, 0x75, 0xEB, 0x00, 0x22, 0xF0, 0x01, 0xC0, 0x01, 0xCC, 0xB0, 0x03, 0xC0,
    0x00, 0x5A, 0x50, 0x03, 0x90, 0x10, 0x0E, 0x59, 0x0A, 0x00, 0x03, 0xCA, 0x00, 0xC0, 0x6A, 0x08,
    0xC9, 0x00, 0x00, 0x7B, 0x00, 0x03, 0x9C, 0xB7, 0x00, 0x15, 0x00, 0xAC, 0xB6, 0x00, 0x03, 0xA6,
    0x00, 0x93, 0x97, 0xF0, 0x4E, 0xC0, 0x30, 0x01, 0x50, 0x44, 0xAC, 0x95, 0x0C, 0x00, 0xAC, 0xA5,
    0xE1, 0x00, 0x03, 0x00, 0x2D, 0x10, 0x39, 0x7B, 0xC8, 0x00, 0x00, 0x10, 0x49, 0x02, 0x6A, 0xCA,
    0x00, 0x00, 0x69, 0x0A, 0x10, 0x27, 0xAC, 0x4A, 0x24, 0x00, 0x03, 0x34, 0xCC, 0x00, 0x03, 0xCB,
    0x00, 0x0B, 0xCC, 0x00, 0x0C, 0xAC, 0x34, 0xBC, 0xCC, 0x9C, 0x34, 0xBC, 0x00, 0xCB, 0x9B, 0x34,
    0xAC, 0xBB, 0x9B, 0x24, 0xA5, 0xD5, 0x00, 0x4B, 0x50, 0x03, 0x94, 0x00, 0x03, 0x93, 0x00, 0x03,
    0x84, 0x40, 0x03, 0x44, 0x83, 0x10, 0x68, 0x9C, 0x35, 0x32, 0x00, 0x03, 0x33, 0x00, 0x15, 0x9C,
    0x25, 0x53, 0x00, 0x03, 0x74, 0x01, 0x4C, 0x85, 0x00, 0x03, 0x00, 0x95, 0x00, 0x8B, 0x44, 0xA6,
    0x00, 0x8C, 0x34, 0x00, 0xA6, 0x64, 0xB8, 0x00, 0x00, 0x86, 0xCB, 0x00, 0x2F, 0x00, 0x97, 0x00,
    0x8C, 0xB9, 0x00, 0x2E, 0x11, 0x10, 0x00, 0x0A, 0xF0, 0x01, 0xC0, 0xF0, 0x01, 0x30, 0x01, 0xBC,
    0x67, 0x0B, 0x00, 0xAC, 0x75, 0x00, 0x0C, 0x00, 0x9C, 0x74, 0x0C, 0x00, 0x7B, 0x85, 0x00, 0x0C,
    0xC0, 0x7A, 0x97, 0x0C, 0xC0, 0x89, 0x98, 0x00, 0x0C, 0xBC, 0x9A, 0x99, 0x0C, 0xBC, 0xAA, 0xA9,
    0xC0, 0xF0, 0x4A, 0xD0, 0x01, 0x90, 0x84, 0x0C, 0x00, 0x8C, 0x73, 0x80, 0x30, 0x03, 0x7C, 0x83,
    0x0B, 0x00, 0x7C, 0x73, 0x0B, 0x29, 0x00, 0x6B, 0x00, 0x03, 0x4B, 0x01, 0xE7, 0x4B, 0x53, 0x01,
    0x09, 0xC0, 0xF0, 0x01, 0x90, 0x01, 0x69, 0x84, 0x0B, 0x00, 0x9B, 0x56, 0x00, 0xC9, 0x00, 0xAC,
    0x48, 0xB8, 0x00, 0xC0, 0x5A, 0x0A, 0xA7, 0x0C, 0x00, 0x6A, 0x01, 0x50, 0x7B, 0x00, 0x14, 0x8C,
    0x0E, 0x64, 0xCA, 0x00, 0x9C, 0x00, 0x03, 0xF0, 0x32, 0xC0, 0xBF, 0x77, 0x40, 0x35, 0x01, 0xBB,
    0x45, 0x00, 0xC0, 0x7B, 0x34, 0x00, 0xE5, 0x01, 0x14, 0x01, 0x30, 0x00, 0x03, 0xAC, 0x36, 0x01,
    0xBB, 0x37, 0x01, 0x9E, 0x00, 0x49, 0x32, 0x74, 0x0B, 0x00, 0x22, 0x63, 0x0A, 0x24, 0x00, 0x22,
    0x00, 0x8A, 0x22, 0x43, 0x02, 0x4B, 0x42, 0xB8, 0x00, 0x00, 0x22, 0x22, 0x97, 0x0C, 0x23, 0x32,
    0x96, 0x0F, 0x0C, 0x23, 0x22, 0x85, 0xF2, 0x3F, 0xF2, 0x3E, 0x82, 0x3A, 0x01, 0x68, 0x75, 0xC0,
    0x01, 0xD4, 0x20, 0x03, 0x00, 0x3A, 0xB0, 0x01, 0x1E, 0x6C, 0x40, 0x03, 0x55, 0x6B, 0x80, 0x07,
    0x7C, 0x00, 0x03, 0x8C, 0x00, 0x03, 0x8B, 0xF1, 0x3E, 0x94, 0xF0, 0x01, 0x00, 0xC0, 0x40, 0x03,
    0xB0, 0xF0, 0x03, 0x00, 0xB0, 0x00, 0x69, 0x23, 0x53, 0xA7, 0x58, 0x23, 0x53, 0xB8, 0x00, 0x58,
    0x23, 0x52, 0xC9, 0x48, 0x23, 0x62, 0xC9, 0x44, 0x47, 0x03, 0x10, 0x48, 0x23, 0x53, 0x10, 0x07,
    0xCA, 0x47, 0xE0, 0x13, 0x14, 0xF0, 0x4F, 0xA0, 0x01, 0xAC, 0x34, 0x74, 0x0B, 0x8B, 0x00, 0x32,
    0x73, 0x0B, 0x6B, 0x22, 0x74, 0x0A, 0x5A, 0x08, 0x23, 0x63, 0xCA, 0x6A, 0x01, 0x04, 0x6A, 0x22,
    0x32, 0x00, 0xC8, 0x6B, 0x22, 0x22, 0xC7, 0x7B, 0x23, 0x32, 0xFE, 0x02, 0x3D, 0xF0, 0x01, 0xF0,
    0x01, 0xF0, 0x01, 0xF0, 0x01, 0xF0, 0x01, 0x20, 0x01, 0x9C, 0x2A, 0x36, 0x74, 0x03, 0xDA, 0x54,
    0x03, 0xDA, 0x43, 0x01, 0x10, 0x35, 0x1A, 0x00, 0x00, 0x9B, 0x01, 0x9B, 0x13, 0xEF, 0xA0, 0x10,
    0x07, 0x36, 0xAB, 0x10, 0xC0, 0xA8, 0x00, 0x03, 0x86, 0x01, 0x4E, 0x74, 0x01, 0x56, 0x03, 0xEA,
    0x2A, 0x00, 0x52, 0x03, 0x43, 0x43, 0x00, 0x03, 0x53, 0x00, 0x03, 0x8B, 0x00, 0x35, 0x74, 0x0A,
    0x9C, 0x26, 0x63, 0xC9, 0xA0, 0x18, 0x36, 0x53, 0xC8, 0x30, 0x03, 0x10, 0x0B, 0x85, 0x0A, 0x9C,
    0x07, 0x46, 0x97, 0x0C, 0x8B, 0x55, 0xF0, 0xBE, 0xF0, 0x01, 0xF3, 0xFA, 0xC7, 0x53, 0xFA, 0x20,
    0x03, 0x00, 0xB0, 0x88, 0x00, 0x10, 0x04, 0x73, 0x10, 0x03, 0x3F, 0x00, 0x8B, 0x11, 0x32, 0x12,
    0x55, 0x41, 0x7F, 0x20, 0x2D, 0x11, 0xE9, 0x00, 0x9A, 0x6C, 0xAC, 0x14, 0x1C, 0x00, 0x03, 0x8C,
    0x13, 0xE6, 0x03, 0x19, 0x7B, 0x9A, 0x0A, 0x0C, 0xC0, 0x6A, 0x78, 0x00, 0x1C, 0x87, 0x00, 0x24,
    0x96, 0xBA, 0x00, 0x03, 0xA6, 0x10, 0x03, 0x00, 0x34, 0x00, 0x1F, 0x00, 0x00, 0xBA, 0x00, 0x80,
    0x10, 0xDB, 0xBC, 0xA9, 0x89, 0x24, 0xB0, 0x99, 0x88, 0x00, 0x24, 0xC0, 0x89, 0x67, 0x24, 0xC0,
    0x7A, 0x67, 0x04, 0x23, 0xC0, 0x6B, 0x56, 0x23, 0x02, 0xA6, 0x33, 0x00, 0x43, 0xAC, 0x03, 0xD3,
    0xB0, 0x37, 0x32, 0x74, 0x83, 0xEB, 0x10, 0x03, 0xE0, 0x14, 0x03, 0x10, 0x03, 0x54, 0x13, 0x00,
    0x7B, 0x33, 0xA7, 0x00, 0x01, 0x7B, 0x43, 0xB7, 0x00, 0x7B, 0x44, 0xB7, 0x03, 0xEF, 0x81, 0x00,
    0x03, 0x35, 0xB7, 0x00, 0x9C, 0x45, 0xC7, 0x01, 0x42, 0x07, 0xC7, 0x00, 0xB0, 0x47, 0xC7, 0xF0,
    0xEF, 0xF0, 0x01, 0x82, 0x63, 0x80, 0xD0, 0x03, 0xBC, 0xBC, 0xBB, 0xAA, 0x0C, 0xCC, 0xBC, 0x04,
    0xAA, 0x00, 0xCC, 0xCC, 0xB9, 0x30, 0x03, 0xBC, 0xC9, 0xAF, 0x00, 0x07, 0xC8, 0x00, 0x07, 0xC7,
    0x00, 0x03, 0x10, 0xC5, 0xF0, 0x01, 0x90, 0x57, 0x00, 0xC0, 0x4A, 0x44, 0xB7, 0xC0, 0x59, 0x54,
    0xA6, 0x00, 0xB0, 0x68, 0x64, 0x95, 0xBC, 0x77, 0x66, 0x84, 0x08, 0xAC, 0x78, 0x57, 0x73, 0x00,
    0x03, 0x74, 0x8B, 0x99, 0x03, 0x68, 0x62, 0x9B, 0xAA, 0x69, 0x62, 0x85, 0x2F, 0x20, 0x03, 0xC2,
    0x13, 0x70, 0x90, 0x03, 0x00, 0xAC, 0x45, 0xC9, 0x01, 0x07, 0xB8, 0x0B, 0x00, 0xB0, 0x38, 0xB6,
    0x05, 0x87, 0xA5, 0x03, 0xC7, 0x01, 0x0E, 0x4B, 0x8B, 0x01, 0x0A, 0x9C, 0x75, 0x00, 0x1C, 0x66,
    0xC5, 0x73, 0xE0, 0x47, 0xD6, 0x13, 0xE3, 0x00, 0x03, 0x6A, 0x41, 0xBF, 0x7B, 0x46, 0x3F, 0x50,
    0x07, 0x79, 0x42, 0x22, 0x02, 0xF7, 0x22, 0x22, 0x64, 0x09, 0x10, 0x03, 0x24, 0x84, 0x00, 0x0B,
    0x24, 0x32, 0x85, 0x0B, 0x13, 0xFB, 0x24, 0x42, 0x0F, 0x97, 0x00, 0x23, 0x32, 0x12, 0x79, 0xF0,
    0x01, 0xB4, 0x5F, 0x00, 0x6D, 0x5B, 0xAC, 0x40, 0x03, 0xBB, 0x44, 0x02, 0x04, 0x95, 0xC0, 0x01,
    0xDC, 0x10, 0x03, 0xA9, 0x23, 0xE3, 0x8B, 0x00, 0x89, 0x8B, 0x00, 0x18, 0xAC, 0xBA, 0x02, 0x29,
    0x81, 0x02, 0x19, 0xC0, 0x8A, 0xCB, 0x00, 0xC0, 0x9B, 0x00, 0x25, 0x7F, 0xBC, 0xF2, 0xA0, 0xC0,
    0xCF, 0xF3, 0xF3, 0xB0, 0x03, 0x13, 0xEF, 0x13, 0xE7, 0x30, 0x07, 0xF8, 0x03, 0xFB, 0x40, 0x07,
    0x40, 0x03, 0xF1, 0xA0, 0xC0, 0x01, 0x7B, 0x22, 0x43, 0x80, 0x03, 0xE7, 0x43, 0xB7, 0x6B, 0x54,
    0x65, 0xB7, 0x6B, 0x00, 0x76, 0x77, 0xA7, 0x6A, 0x87, 0x98, 0x98, 0x6A, 0x00, 0x97, 0x9A, 0x89,
    0x6B, 0xA7, 0xAA, 0x7A, 0x6B, 0x1F, 0xB8, 0xBC, 0x8A, 0xF1, 0x5F, 0x31, 0x57, 0x15, 0x78, 0xF5,
    0x7C, 0xF0, 0x01, 0xF4, 0xF0, 0x01, 0xD0, 0x01, 0x23, 0xE7, 0x03, 0xEF, 0x9C, 0x00, 0x03, 0x8C,
    0x55, 0xAC, 0x01, 0x28, 0x64, 0x00, 0x95, 0x64, 0x04, 0x0F, 0x00, 0x03, 0x59, 0x63, 0x68, 0x63,
    0x07, 0x79, 0x03, 0xF7, 0xC0, 0x03, 0xFF, 0xAC, 0xA7, 0x0C, 0x00, 0xC0, 0x8B, 0xA8, 0xCC, 0xBC,
    0x68, 0xB9, 0xCB, 0x00, 0x9A, 0x47, 0xA9, 0xAB, 0x79, 0x65, 0xB9, 0xAA, 0x01, 0x68, 0x74, 0x7A,
    0x73, 0xCA, 0x00, 0x69, 0x00, 0x20, 0x5F, 0x47, 0x03, 0x60, 0x56, 0x01, 0x4D, 0x14, 0x23, 0x13,
    0x6B, 0x11, 0x58, 0xF4, 0xFC, 0xFE, 0xF2, 0xEF, 0x21, 0xAF, 0x53, 0xF2, 0x83, 0xF6, 0x50, 0xEB,
    0xF0, 0x01, 0xB0, 0x01, 0x9B, 0x00, 0xCB, 0xBC, 0x69, 0x9C, 0xCB, 0xBC, 0x68, 0xBC, 0x00, 0xA9,
    0xAA, 0x87, 0xC0, 0x8A, 0x88, 0x96, 0xC0, 0x31, 0x6B, 0x66, 0x07, 0x77, 0x03, 0x8B, 0xAC, 0x34,
    0xC8, 0x00, 0xD6, 0x78, 0xB8, 0x11, 0x23, 0x00, 0x92, 0xA2, 0x9B, 0xA0, 0x01, 0xB0, 0x49, 0x33,
    0x8D, 0x00, 0xEB, 0x32, 0x00, 0xC0, 0x26, 0x9B, 0x06, 0xA3, 0xAC, 0x05, 0x03, 0x4B, 0xBC, 0x06,
    0x9B, 0xB0, 0x48, 0x00, 0x95, 0x5A, 0x08, 0x68, 0x64, 0x2F, 0xEA, 0x10, 0xD3, 0xD0, 0x07, 0x02,
    0x01, 0xB7, 0x03, 0x1F, 0xB6, 0x00, 0x03, 0xA7, 0x82, 0x00, 0x03, 0x96, 0x00, 0xA0, 0x37, 0x85,
    0x01, 0x52, 0x84, 0x8F, 0x25, 0x57, 0x8C, 0x24, 0x63, 0xF2, 0x53, 0x31, 0xBF, 0x10, 0x93, 0x41,
    0x1F, 0xFA, 0x54, 0xCF, 0x10, 0x03, 0x50, 0xFE, 0x62, 0xC5, 0x13, 0xE3, 0x0C, 0x20, 0x03, 0xC9,
    0xAB, 0x30, 0x03, 0xAC, 0x00, 0x16, 0xAC, 0x00, 0x3D, 0x9C, 0x10, 0x03, 0x23, 0x61, 0x96, 0x00,
    0x37, 0xC0, 0x9B, 0x00, 0x03, 0x79, 0x01, 0xC7, 0x01, 0xBF, 0xB0, 0x50, 0x56, 0x00, 0x03, 0x58,
    0x43, 0x73, 0x8B, 0xA9, 0xBB, 0x7A, 0x00, 0x63, 0xB9, 0xCC, 0x6A, 0x64, 0xCA, 0xC0, 0x6A, 0xC0,
    0x01, 0xCA, 0x30, 0x03, 0xC9, 0x00, 0x6A, 0x53, 0xB9, 0xCC, 0x8F, 0x09, 0xE0, 0xBB, 0x59, 0x32,
    0x50, 0x8B, 0x90, 0x03, 0x10, 0x97, 0x10, 0xDB, 0xEE, 0x07, 0xED, 0x10, 0x9E, 0x03, 0xE3, 0xAC,
    0x00, 0x53, 0x20, 0x03, 0x02, 0x23, 0x8B, 0xAB, 0x01, 0x23, 0x6A, 0x01, 0x33, 0x59, 0x10, 0x03,
    0x43, 0x52, 0x87, 0x10, 0x03, 0xFE, 0x18, 0xDF, 0x10, 0x37, 0x11, 0x2F, 0x11, 0x37, 0x33, 0x5C,
    0x1A, 0x33, 0x10, 0x8F, 0xB0, 0x74, 0x47, 0x30, 0x03, 0x12, 0x6B, 0x1A, 0x53, 0x9C, 0x02, 0x77,
    0x8C, 0x35, 0x19, 0x23, 0x42, 0xC8, 0x07, 0xF3, 0x07, 0xFB, 0x42, 0xCA, 0x08, 0x03, 0x0E, 0x09,
    0x00, 0x22, 0x52, 0x08, 0x0B, 0x10, 0x0B, 0x10, 0x13, 0x32, 0xF1, 0x10, 0x51, 0xA2, 0x33, 0x00,
    0xEB, 0x03, 0x13, 0xC0, 0x8A, 0x78, 0x03, 0xCB, 0x03, 0xBB, 0xCC, 0x8B, 0xCA, 0x0C, 0xB0, 0x00,
    0xAC, 0x11, 0x12, 0x55, 0x9B, 0x00, 0x07, 0x8A, 0x00, 0x03, 0x57, 0x00, 0x0B, 0x98, 0x00, 0xD4,
    0xDD, 0x01, 0x40, 0x50, 0x36, 0x99, 0x00, 0x03, 0x14, 0x6F, 0x16, 0x3B, 0x9C, 0x41, 0x6F, 0xFA,
    0x26, 0x3B, 0x46, 0x3F, 0x20, 0xBB, 0x50, 0xF3, 0x10, 0xBB, 0xA8, 0x00, 0x14, 0x88, 0xBC, 0x00,
    0x43, 0x79, 0x34, 0xC0, 0x93, 0xEF, 0x98, 0x07, 0x20, 0x3F, 0x47, 0x22, 0x02, 0x53, 0xB8, 0x47,
    0x22, 0x43, 0xA8, 0x00, 0x03, 0x85, 0x0B, 0x47, 0x22, 0x52, 0x76, 0x00, 0x0F, 0x87, 0x00, 0x07,
    0x00, 0x0F, 0x5F, 0x52, 0x00, 0x17, 0x63, 0x20, 0xC0, 0x10, 0x63, 0x10, 0x8F, 0x10, 0x67, 0x10,
    0x5B, 0x44, 0xAA, 0x04, 0x86, 0xCC, 0xAB, 0x0C, 0x00, 0x03, 0xCB, 0x00, 0x00, 0x6B, 0xB8, 0xCC,
    0x9B, 0x7B, 0xB8, 0x00, 0xBC, 0x06, 0x7B, 0xB7, 0x00, 0xC0, 0x7C, 0x00, 0x03, 0x06, 0xBC, 0xC0,
    0x6D, 0x8C, 0x01, 0x3C, 0x10, 0x03, 0x9C, 0x00, 0x03, 0x51, 0x87, 0x99, 0x00, 0x8B, 0x74, 0x8A,
    0x14, 0xC6, 0x11, 0xFE, 0x00, 0x14, 0xBC, 0x00, 0x48, 0xC0, 0x88, 0xF3, 0xF4, 0x01, 0xF0, 0x01,
    0xF0, 0x01, 0xB3, 0x89, 0x48, 0x63, 0x01, 0x96, 0x00, 0x03, 0x02, 0x37, 0x53, 0x00, 0xA0, 0x47,
    0x43, 0x02, 0xBB, 0x33, 0xA0, 0x00, 0x07, 0x22, 0x00, 0x07, 0x22, 0x00, 0x90, 0x36, 0x32, 0x00,
    0x98, 0x89, 0x47, 0x86, 0x88, 0x78, 0x54, 0xB8, 0x00, 0x76, 0x66, 0x75, 0xCA, 0x44, 0x54, 0x96,
    0x0C, 0x00, 0x34, 0x45, 0xA7, 0x0C, 0x33, 0x54, 0xC9, 0x00, 0x5F, 0x33, 0x09, 0xB7, 0x43, 0x03,
    0xE8, 0xF9, 0xA0, 0xF5, 0xA1, 0x89, 0x9C, 0x00, 0xC9, 0x80, 0x45, 0xB0, 0xC0, 0x7B, 0x0B, 0x00,
    0xB0, 0x7A, 0x0B, 0xF5, 0xF3, 0xE3, 0xF0, 0x01, 0xF0, 0x01, 0x94, 0xBE, 0x47, 0x06, 0x9F, 0x57,
    0x10, 0x03, 0x08, 0x0A, 0x00, 0xB0, 0x67, 0x30, 0x03, 0xA0, 0x76, 0x0B, 0x27, 0x00, 0xA0, 0x0C,
    0x7B, 0x90, 0x85, 0xF0, 0x5E, 0xF1, 0x00, 0x03, 0x27, 0xB5, 0x26, 0x8F, 0x8C, 0x42, 0x1F, 0x50,
    0x03, 0x90, 0x10, 0x5D, 0xA7, 0x00, 0x04, 0xA5, 0x0A, 0xF1, 0x00, 0x0B, 0x39, 0x00, 0x54, 0x00,
    0xC1, 0x44, 0x01, 0x72, 0x41, 0x34, 0x02, 0x2C, 0x25, 0xB7, 0x0C, 0x00, 0x36, 0x10, 0x18, 0x10,
    0x8B, 0x34, 0x63, 0x08, 0x03, 0x43, 0x00, 0x7A, 0x33, 0x00, 0x43, 0xC0, 0x5A, 0x33, 0x32, 0xC0,
    0x59, 0x35, 0x00, 0x22, 0xB0, 0x68, 0x35, 0x33, 0xB0, 0x66, 0x66, 0x07, 0x23, 0xC0, 0x8A, 0x76,
    0x35, 0x51, 0xBF, 0x29, 0x3F, 0x00, 0x37, 0x55, 0x54, 0x06, 0xD2, 0x52, 0x00, 0x54, 0x43, 0x0D,
    0x59, 0x32, 0x0B, 0xD6, 0xFB, 0x43, 0xE7, 0x11, 0x1B, 0x01, 0x23, 0x1A, 0xB0, 0x10, 0x03, 0xA0,
    0x40, 0x03, 0x01, 0x2B, 0x77, 0x8C, 0x00, 0x38, 0x10, 0x03, 0x1A, 0xB3, 0x7C, 0x00, 0x07, 0x6A,
    0xCF, 0x40, 0x0B, 0xE0, 0x02, 0xFA, 0xD2, 0xD3, 0x90, 0x03, 0xA6, 0xAA, 0x58, 0x43, 0x87, 0x00,
    0x78, 0x47, 0x32, 0x78, 0x66, 0x45, 0x43, 0x59, 0x00, 0x44, 0x33, 0x43, 0x69, 0x22, 0x22, 0x53,
    0x69, 0x10, 0x23, 0x32, 0x63, 0x00, 0x03, 0x75, 0x69, 0x22, 0x43, 0x7F, 0x96, 0x19, 0x13, 0x10,
    0xC6, 0x15, 0xB3, 0x10, 0xA7, 0x55, 0xB7, 0x55, 0x33, 0x05, 0x02, 0xAC, 0x16, 0x07, 0x84, 0x07,
    0xC6, 0xA6, 0x08, 0x03, 0x08, 0xDB, 0x46, 0xB8, 0x10, 0x00, 0x8B, 0x55, 0x0E, 0x23, 0x63, 0xCA,
    0xB0, 0x47, 0x3F, 0x74, 0x0A, 0x10, 0x2B, 0xFC, 0xD3, 0xF0, 0x01, 0xF0, 0x01, 0xF0, 0x01, 0xF0,
    0x01, 0xFF, 0xF0, 0x01, 0xF0, 0x01, 0xF0, 0x01, 0xF0, 0x01, 0xF0, 0x01, 0xF0, 0x01, 0xF0, 0x01,
    0xF0, 0x01, 0xFF, 0xF0, 0x01, 0xF0, 0x01, 0xF0, 0x01, 0xF0, 0x01, 0xF0, 0x01, 0xF0, 0x01, 0xF0,
    0x01, 0xF0, 0x01, 0xF0, 0xF0, 0x01, 0xF0, 0x01, 0xF0, 0x01, 0x90, 0x01,
};
/* data_08762C54: raw trailing carve (pre-sliced hybrid blob), byte-exact. */
u8 data_08762C54[] __attribute__((section(".data.frontier_df3_banim_aura.gap11"))) = {
    0x98, 0x63, 0xFF, 0x7F, 0xFF, 0x7F, 0xFF, 0x7F, 0xBF, 0x7F, 0x7E, 0x7B, 0x3E, 0x77, 0xFD, 0x72,
    0xBD, 0x6E, 0xFB, 0x61, 0xD9, 0x61, 0xB7, 0x61, 0x95, 0x61, 0x67, 0x1C, 0x44, 0x10, 0x21, 0x04,
    0x00, 0x80, 0x00, 0x80, 0x00, 0x00, 0xA0, 0xFF, 0xB8, 0xFF, 0x00, 0x00, 0x00, 0x80, 0x00, 0x40,
    0x02, 0x00, 0xB0, 0xFF, 0xB8, 0xFF, 0x00, 0x00, 0x00, 0x80, 0x00, 0x80, 0x0A, 0x00, 0xA0, 0xFF,
    0xD8, 0xFF, 0x00, 0x00, 0x00, 0x00, 0x00, 0x40, 0x13, 0x00, 0xA0, 0xFF, 0xF8, 0xFF, 0x00, 0x00,
    0x00, 0x40, 0x00, 0x00, 0x53, 0x00, 0xA0, 0xFF, 0x08, 0x00, 0x00, 0x00, 0x00, 0x00, 0x00, 0x60,
    0x13, 0x00, 0xA0, 0xFF, 0x18, 0x00, 0x00, 0x00, 0x00, 0x40, 0x00, 0x20, 0x53, 0x00, 0xA0, 0xFF,
    0x10, 0x00, 0x00, 0x00, 0x00, 0x80, 0x00, 0x80, 0x03, 0x00, 0xD0, 0xFF, 0xE0, 0xFF, 0x00, 0x00,
    0x00, 0x80, 0x00, 0x80, 0x0C, 0x00, 0xC8, 0xFF, 0x00, 0x00, 0x00, 0x00, 0x00, 0x40, 0x00, 0x80,
    0x15, 0x00, 0xC0, 0xFF, 0x20, 0x00, 0x00, 0x00, 0x00, 0x40, 0x00, 0x40, 0x55, 0x00, 0xC0, 0xFF,
    0x30, 0x00, 0x00, 0x00, 0x00, 0x80, 0x00, 0xA0, 0x03, 0x00, 0xD0, 0xFF, 0xC0, 0xFF, 0x00, 0x00,
    0x00, 0x40, 0x00, 0x60, 0x55, 0x00, 0xC0, 0xFF, 0x38, 0x00, 0x00, 0x00, 0x00, 0x80, 0x00, 0x80,
    0x05, 0x00, 0x38, 0x00, 0xF0, 0xFF, 0x00, 0x00, 0x00, 0x80, 0x00, 0x40, 0x07, 0x00, 0x48, 0x00,
    0xF0, 0xFF, 0x00, 0x00, 0x00, 0x80, 0x00, 0x80, 0x0E, 0x00, 0x38, 0x00, 0x10, 0x00, 0x00, 0x00,
    0x00, 0x80, 0x00, 0x40, 0x10, 0x00, 0x48, 0x00, 0x10, 0x00, 0x00, 0x00, 0x00, 0x00, 0x00, 0x40,
    0x19, 0x00, 0x38, 0x00, 0x30, 0x00, 0x00, 0x00, 0x00, 0x80, 0x00, 0x00, 0x1B, 0x00, 0x48, 0x00,
    0x30, 0x00, 0x00, 0x00, 0x00, 0x80, 0x00, 0xA0, 0x05, 0x00, 0x38, 0x00, 0xD0, 0xFF, 0x00, 0x00,
    0x00, 0x80, 0x00, 0x60, 0x07, 0x00, 0x48, 0x00, 0xD0, 0xFF, 0x00, 0x00, 0x00, 0x80, 0x00, 0xA0,
    0x0E, 0x00, 0x38, 0x00, 0xB0, 0xFF, 0x00, 0x00, 0x00, 0x80, 0x00, 0x60, 0x10, 0x00, 0x48, 0x00,
    0xB0, 0xFF, 0x00, 0x00, 0x00, 0x80, 0x00, 0x80, 0x11, 0x00, 0x60, 0x00, 0xD0, 0xFF, 0x00, 0x00,
    0x00, 0x80, 0x00, 0x80, 0x08, 0x00, 0x58, 0x00, 0xB0, 0xFF, 0x00, 0x00, 0x00, 0x00, 0x00, 0x40,
    0x1C, 0x00, 0x60, 0x00, 0xF0, 0xFF, 0x00, 0x00, 0x00, 0x40, 0x00, 0x00, 0x5C, 0x00, 0x60, 0x00,
    0x00, 0x00, 0x00, 0x00, 0x00, 0x80, 0x00, 0xA0, 0x11, 0x00, 0x60, 0x00, 0x20, 0x00, 0x00, 0x00,
    0x00, 0x00, 0x00, 0x60, 0x1C, 0x00, 0x60, 0x00, 0x10, 0x00, 0x00, 0x00, 0x00, 0x40, 0x00, 0x20,
    0x5C, 0x00, 0x60, 0x00, 0x08, 0x00, 0x00, 0x00, 0x00, 0x00, 0x00, 0x60, 0x2A, 0x00, 0xA0, 0xFF,
    0x30, 0x00, 0x00, 0x00, 0x00, 0x40, 0x00, 0x20, 0x6A, 0x00, 0xA0, 0xFF, 0x28, 0x00, 0x00, 0x00,
    0x00, 0x40, 0x00, 0x30, 0x0C, 0x00, 0xD0, 0xFF, 0xB8, 0xFF, 0x00, 0x00, 0x01, 0x00, 0x00, 0x00,
    0x00, 0x00, 0x00, 0x00, 0x00, 0x00, 0x00, 0x00, 0x00, 0x80, 0x00, 0xA0, 0x03, 0x00, 0xA8, 0xFF,
    0xF8, 0xFF, 0x00, 0x00, 0x00, 0x80, 0x00, 0xA0, 0x0C, 0x00, 0xA0, 0xFF, 0xD8, 0xFF, 0x00, 0x00,
    0x00, 0x40, 0x00, 0xA0, 0x15, 0x00, 0x98, 0xFF, 0xC8, 0xFF, 0x00, 0x00, 0x00, 0x40, 0x00, 0x60,
    0x55, 0x00, 0x98, 0xFF, 0xC0, 0xFF, 0x00, 0x00, 0x00, 0x80, 0x00, 0x80, 0x03, 0x00, 0xA8, 0xFF,
    0x18, 0x00, 0x00, 0x00, 0x00, 0x40, 0x00, 0x40, 0x55, 0x00, 0x98, 0xFF, 0xB8, 0xFF, 0x00, 0x00,
    0x00, 0x80, 0x00, 0xA0, 0x11, 0x00, 0x40, 0x00, 0x00, 0x00, 0x00, 0x00, 0x00, 0x80, 0x00, 0xA0,
    0x08, 0x00, 0x38, 0x00, 0x20, 0x00, 0x00, 0x00, 0x00, 0x00, 0x00, 0x60, 0x1C, 0x00, 0x40, 0x00,
    0xF0, 0xFF, 0x00, 0x00, 0x00, 0x40, 0x00, 0x20, 0x5C, 0x00, 0x40, 0x00, 0xE8, 0xFF, 0x00, 0x00,
    0x00, 0x80, 0x00, 0x80, 0x11, 0x00, 0x40, 0x00, 0xB0, 0xFF, 0x00, 0x00, 0x00, 0x00, 0x00, 0x40,
    0x1C, 0x00, 0x40, 0x00, 0xD0, 0xFF, 0x00, 0x00, 0x00, 0x40, 0x00, 0x00, 0x5C, 0x00, 0x40, 0x00,
    0xE0, 0xFF, 0x00, 0x00, 0x00, 0x40, 0x00, 0x10, 0x0C, 0x00, 0xA8, 0xFF, 0x38, 0x00, 0x00, 0x00,
    0x00, 0x80, 0x00, 0x90, 0x03, 0x00, 0x50, 0x00, 0xE0, 0xFF, 0x00, 0x00, 0x00, 0x80, 0x00, 0x90,
    0x0C, 0x00, 0x58, 0x00, 0x00, 0x00, 0x00, 0x00, 0x00, 0x40, 0x00, 0x90, 0x15, 0x00, 0x50, 0x00,
    0x20, 0x00, 0x00, 0x00, 0x00, 0x40, 0x00, 0x50, 0x55, 0x00, 0x50, 0x00, 0x30, 0x00, 0x00, 0x00,
    0x00, 0x80, 0x00, 0xB0, 0x03, 0x00, 0x50, 0x00, 0xC0, 0xFF, 0x00, 0x00, 0x00, 0x40, 0x00, 0x70,
    0x55, 0x00, 0x50, 0x00, 0x38, 0x00, 0x00, 0x00, 0x00, 0x40, 0x00, 0x20, 0x0C, 0x00, 0x50, 0x00,
    0xB8, 0xFF, 0x00, 0x00, 0x01, 0x00, 0x00, 0x00, 0x00, 0x00, 0x00, 0x00, 0x00, 0x00, 0x00, 0x00,
    0x00, 0x00, 0x00, 0x00, 0x10, 0x00, 0x00, 0x00, 0xF8, 0xFF, 0x00, 0x00, 0x01, 0x00, 0x00, 0x00,
    0x00, 0x00, 0x00, 0x00, 0x00, 0x00, 0x00, 0x00, 0x00, 0x80, 0x00, 0x90, 0x03, 0x00, 0x40, 0x00,
    0x08, 0x00, 0x00, 0x00, 0x00, 0x80, 0x00, 0xB0, 0x03, 0x00, 0x40, 0x00, 0xE8, 0xFF, 0x00, 0x00,
    0x00, 0x40, 0x00, 0x20, 0x0C, 0x00, 0x40, 0x00, 0xE0, 0xFF, 0x00, 0x00, 0x00, 0x80, 0x00, 0x90,
    0x03, 0x00, 0x40, 0x00, 0xB8, 0xFF, 0x00, 0x00, 0x00, 0x40, 0x00, 0x00, 0x0C, 0x00, 0x40, 0x00,
    0xD8, 0xFF, 0x00, 0x00, 0x00, 0x00, 0x00, 0x50, 0x0C, 0x00, 0x48, 0x00, 0x28, 0x00, 0x00, 0x00,
    0x00, 0x40, 0x00, 0x10, 0x4C, 0x00, 0x48, 0x00, 0x38, 0x00, 0x00, 0x00, 0x01, 0x00, 0x00, 0x00,
    0x00, 0x00, 0x00, 0x00, 0x00, 0x00, 0x00, 0x00, 0x00, 0x80, 0x00, 0x80, 0x00, 0x00, 0xD8, 0xFF,
    0xB8, 0xFF, 0x00, 0x00, 0x00, 0x80, 0x00, 0x40, 0x02, 0x00, 0xE8, 0xFF, 0xB8, 0xFF, 0x00, 0x00,
    0x00, 0x80, 0x00, 0x80, 0x0A, 0x00, 0xD8, 0xFF, 0xD8, 0xFF, 0x00, 0x00, 0x00, 0x00, 0x00, 0x40,
    0x13, 0x00, 0xD8, 0xFF, 0xF8, 0xFF, 0x00, 0x00, 0x00, 0x40, 0x00, 0x00, 0x53, 0x00, 0xD8, 0xFF,
    0x08, 0x00, 0x00, 0x00, 0x00, 0x00, 0x00, 0x60, 0x13, 0x00, 0xD8, 0xFF, 0x18, 0x00, 0x00, 0x00,
    0x00, 0x40, 0x00, 0x20, 0x53, 0x00, 0xD8, 0xFF, 0x10, 0x00, 0x00, 0x00, 0x00, 0x80, 0x00, 0x80,
    0x05, 0x00, 0x00, 0x00, 0xF0, 0xFF, 0x00, 0x00, 0x00, 0x80, 0x00, 0x40, 0x07, 0x00, 0x10, 0x00,
    0xF0, 0xFF, 0x00, 0x00, 0x00, 0x80, 0x00, 0x80, 0x0E, 0x00, 0x00, 0x00, 0x10, 0x00, 0x00, 0x00,
    0x00, 0x80, 0x00, 0x40, 0x10, 0x00, 0x10, 0x00, 0x10, 0x00, 0x00, 0x00, 0x00, 0x00, 0x00, 0x40,
    0x19, 0x00, 0x00, 0x00, 0x30, 0x00, 0x00, 0x00, 0x00, 0x80, 0x00, 0x00, 0x1B, 0x00, 0x10, 0x00,
    0x30, 0x00, 0x00, 0x00, 0x00, 0x80, 0x00, 0xA0, 0x05, 0x00, 0x00, 0x00, 0xD0, 0xFF, 0x00, 0x00,
    0x00, 0x80, 0x00, 0x60, 0x07, 0x00, 0x10, 0x00, 0xD0, 0xFF, 0x00, 0x00, 0x00, 0x80, 0x00, 0xA0,
    0x0E, 0x00, 0x00, 0x00, 0xB0, 0xFF, 0x00, 0x00, 0x00, 0x80, 0x00, 0x60, 0x10, 0x00, 0x10, 0x00,
    0xB0, 0xFF, 0x00, 0x00, 0x00, 0x80, 0x00, 0x80, 0x11, 0x00, 0x48, 0x00, 0xD0, 0xFF, 0x00, 0x00,
    0x00, 0x80, 0x00, 0x80, 0x08, 0x00, 0x40, 0x00, 0xB0, 0xFF, 0x00, 0x00, 0x00, 0x00, 0x00, 0x40,
    0x1C, 0x00, 0x48, 0x00, 0xF0, 0xFF, 0x00, 0x00, 0x00, 0x40, 0x00, 0x00, 0x5C, 0x00, 0x48, 0x00,
    0x00, 0x00, 0x00, 0x00, 0x00, 0x80, 0x00, 0xA0, 0x11, 0x00, 0x48, 0x00, 0x20, 0x00, 0x00, 0x00,
    0x00, 0x00, 0x00, 0x60, 0x1C, 0x00, 0x48, 0x00, 0x10, 0x00, 0x00, 0x00, 0x00, 0x40, 0x00, 0x20,
    0x5C, 0x00, 0x48, 0x00, 0x08, 0x00, 0x00, 0x00, 0x00, 0x00, 0x00, 0x60, 0x2A, 0x00, 0xD8, 0xFF,
    0x30, 0x00, 0x00, 0x00, 0x00, 0x40, 0x00, 0x20, 0x6A, 0x00, 0xD8, 0xFF, 0x28, 0x00, 0x00, 0x00,
    0x01, 0x00, 0x00, 0x00, 0x00, 0x00, 0x00, 0x00, 0x00, 0x00, 0x00, 0x00, 0x00, 0x80, 0x00, 0xA0,
    0x05, 0x00, 0xD8, 0xFF, 0xE0, 0xFF, 0x00, 0x00, 0x00, 0x80, 0x00, 0x60, 0x07, 0x00, 0xE8, 0xFF,
    0xE0, 0xFF, 0x00, 0x00, 0x00, 0x80, 0x00, 0xA0, 0x0E, 0x00, 0xD8, 0xFF, 0xC0, 0xFF, 0x00, 0x00,
    0x00, 0x80, 0x00, 0x60, 0x10, 0x00, 0xE8, 0xFF, 0xC0, 0xFF, 0x00, 0x00, 0x00, 0x00, 0x00, 0x60,
    0x19, 0x00, 0xD8, 0xFF, 0xB0, 0xFF, 0x00, 0x00, 0x00, 0x80, 0x00, 0x20, 0x1B, 0x00, 0xE8, 0xFF,
    0xB0, 0xFF, 0x00, 0x00, 0x00, 0x80, 0x00, 0x80, 0x05, 0x00, 0xD8, 0xFF, 0x00, 0x00, 0x00, 0x00,
    0x00, 0x80, 0x00, 0x40, 0x07, 0x00, 0xE8, 0xFF, 0x00, 0x00, 0x00, 0x00, 0x00, 0x80, 0x00, 0x80,
    0x0E, 0x00, 0xD8, 0xFF, 0x20, 0x00, 0x00, 0x00, 0x00, 0x80, 0x00, 0x40, 0x10, 0x00, 0xE8, 0xFF,
    0x20, 0x00, 0x00, 0x00, 0x00, 0x80, 0x00, 0xB0, 0x03, 0x00, 0x00, 0x00, 0x20, 0x00, 0x00, 0x00,
    0x00, 0x80, 0x00, 0xB0, 0x0C, 0x00, 0x08, 0x00, 0x00, 0x00, 0x00, 0x00, 0x00, 0x40, 0x00, 0xB0,
    0x15, 0x00, 0x00, 0x00, 0xF0, 0xFF, 0x00, 0x00, 0x00, 0x40, 0x00, 0x70, 0x55, 0x00, 0x00, 0x00,
    0xE8, 0xFF, 0x00, 0x00, 0x00, 0x80, 0x00, 0x90, 0x0C, 0x00, 0x08, 0x00, 0xB0, 0xFF, 0x00, 0x00,
    0x00, 0x40, 0x00, 0x90, 0x15, 0x00, 0x00, 0x00, 0xD0, 0xFF, 0x00, 0x00, 0x00, 0x40, 0x00, 0x50,
    0x55, 0x00, 0x00, 0x00, 0xE0, 0xFF, 0x00, 0x00, 0x00, 0x80, 0x00, 0x90, 0x11, 0x00, 0xA0, 0xFF,
    0xD0, 0xFF, 0x00, 0x00, 0x00, 0x80, 0x00, 0x90, 0x08, 0x00, 0xA8, 0xFF, 0xB0, 0xFF, 0x00, 0x00,
    0x00, 0x00, 0x00, 0x50, 0x1C, 0x00, 0xA0, 0xFF, 0xF0, 0xFF, 0x00, 0x00, 0x00, 0x40, 0x00, 0x10,
    0x5C, 0x00, 0xA0, 0xFF, 0x00, 0x00, 0x00, 0x00, 0x00, 0x80, 0x00, 0xB0, 0x11, 0x00, 0xA0, 0xFF,
    0x20, 0x00, 0x00, 0x00, 0x00, 0x00, 0x00, 0x70, 0x1C, 0x00, 0xA0, 0xFF, 0x10, 0x00, 0x00, 0x00,
    0x00, 0x40, 0x00, 0x30, 0x5C, 0x00, 0xA0, 0xFF, 0x08, 0x00, 0x00, 0x00, 0x01, 0x00, 0x00, 0x00,
    0x00, 0x00, 0x00, 0x00, 0x00, 0x00, 0x00, 0x00, 0x00, 0x80, 0x00, 0x80, 0x00, 0x00, 0x18, 0x00,
    0xD0, 0xFF, 0x00, 0x00, 0x00, 0x80, 0x00, 0x40, 0x02, 0x00, 0x28, 0x00, 0xD0, 0xFF, 0x00, 0x00,
    0x00, 0x80, 0x00, 0x80, 0x0A, 0x00, 0x18, 0x00, 0xF0, 0xFF, 0x00, 0x00, 0x00, 0x00, 0x00, 0x40,
    0x13, 0x00, 0x18, 0x00, 0x10, 0x00, 0x00, 0x00, 0x00, 0x40, 0x00, 0x00, 0x53, 0x00, 0x18, 0x00,
    0x20, 0x00, 0x00, 0x00, 0x00, 0x00, 0x00, 0x60, 0x13, 0x00, 0x18, 0x00, 0x30, 0x00, 0x00, 0x00,
    0x00, 0x40, 0x00, 0x20, 0x53, 0x00, 0x18, 0x00, 0x28, 0x00, 0x00, 0x00, 0x00, 0x80, 0x00, 0xA0,
    0x00, 0x00, 0x18, 0x00, 0xB0, 0xFF, 0x00, 0x00, 0x00, 0x80, 0x00, 0x60, 0x02, 0x00, 0x28, 0x00,
    0xB0, 0xFF, 0x00, 0x00, 0x01, 0x00, 0x00, 0x00, 0x00, 0x00, 0x00, 0x00, 0x00, 0x00, 0x00, 0x00,
    0x00, 0x80, 0x00, 0x80, 0x03, 0x00, 0x20, 0x00, 0xE0, 0xFF, 0x00, 0x00, 0x00, 0x80, 0x00, 0x80,
    0x0C, 0x00, 0x18, 0x00, 0x00, 0x00, 0x00, 0x00, 0x00, 0x40, 0x00, 0x80, 0x15, 0x00, 0x10, 0x00,
    0x20, 0x00, 0x00, 0x00, 0x00, 0x40, 0x00, 0x40, 0x55, 0x00, 0x10, 0x00, 0x30, 0x00, 0x00, 0x00,
    0x00, 0x80, 0x00, 0xA0, 0x03, 0x00, 0x20, 0x00, 0xC0, 0xFF, 0x00, 0x00, 0x00, 0x40, 0x00, 0x60,
    0x55, 0x00, 0x10, 0x00, 0x38, 0x00, 0x00, 0x00, 0x00, 0x40, 0x00, 0x30, 0x0C, 0x00, 0x20, 0x00,
    0xB8, 0xFF, 0x00, 0x00, 0x01, 0x00, 0x00, 0x00, 0x00, 0x00, 0x00, 0x00, 0x00, 0x00, 0x00, 0x00,
};
/* data_087632D4: raw trailing carve (pre-sliced hybrid blob), byte-exact. */
u32 data_087632D4[] __attribute__((section(".data.frontier_df3_banim_aura.gap11"))) = {
    (u32)&data_08762C54 + 0x33b, (u32)&data_08762C54 + 0x47e, 0x28762F16, (u32)&data_08762C54 + 0x5ab, (u32)&data_08762C54 + 0x622, 0x28762F16,
    0x18762C74, (u32)&data_08762C54 + 0x1ba, (u32)&data_08762C54 + 0x2da, (u32)&data_08762C54 + 0x2c2, (u32)&data_08762C54 + 0x5ab, (u32)&data_08762C54 + 0x622,
    0x78762F17, 0x84000013, 0x82000000,
};
/* data_08763310: raw trailing carve (pre-sliced hybrid blob), byte-exact. */
u8 data_08763310[] __attribute__((section(".data.frontier_df3_banim_aura.gap11"))) = {
    0x10, 0x00, 0x10, 0x00, 0x35, 0x00, 0x00, 0xF0, 0x01, 0x40, 0x01, 0x50, 0x00, 0x03, 0x45, 0x80,
    0x0F, 0x50, 0x55, 0x00, 0x02, 0x44, 0x00, 0x02, 0x33, 0x55, 0x44, 0x23, 0x00, 0x22, 0x44, 0x33,
    0x12, 0x21, 0x23, 0x22, 0x21, 0x40, 0x22, 0x40, 0x18, 0x00, 0x54, 0x05, 0x00, 0x00, 0x43, 0x00,
    0x55, 0x05, 0x50, 0x32, 0x44, 0x55, 0x45, 0x21, 0x00, 0x33, 0x44, 0x34, 0x11, 0x22, 0x33, 0x23,
    0x22, 0x10, 0x12, 0x22, 0x12, 0x70, 0x4D, 0x05, 0x00, 0x55, 0x45, 0x00, 0x54, 0x05, 0x45, 0x34,
    0x43, 0x54, 0x34, 0x23, 0x00, 0x32, 0x43, 0x23, 0x12, 0x21, 0x32, 0x12, 0x21, 0x3F, 0x22, 0x21,
    0xF0, 0x76, 0xF0, 0x01, 0xF0, 0x01, 0xF0, 0x01, 0xF0, 0x01, 0xF0, 0x01, 0xFF, 0xF0, 0x01, 0xF0,
    0x01, 0xF0, 0x01, 0xF0, 0x01, 0xF0, 0x01, 0xF0, 0x01, 0xF0, 0x01, 0xF0, 0x01, 0xFF, 0xF0, 0x01,
    0xF0, 0x01, 0xF0, 0x01, 0xF0, 0x01, 0xF0, 0x01, 0xF0, 0x01, 0xF0, 0x01, 0xF0, 0x01, 0xFF, 0xF0,
    0x01, 0xF0, 0x01, 0xF0, 0x01, 0xF0, 0x01, 0xF0, 0x01, 0xF0, 0x01, 0xF0, 0x01, 0xF0, 0x01, 0xFF,
    0xF0, 0x01, 0xF0, 0x01, 0xF0, 0x01, 0xF0, 0x01, 0xF0, 0x01, 0xF0, 0x01, 0xF0, 0x01, 0xF0, 0x01,
    0xFF, 0xF0, 0x01, 0xF0, 0x01, 0xF0, 0x01, 0xF0, 0x01, 0xF0, 0x01, 0xF0, 0x01, 0xF0, 0x01, 0xF0,
    0x01, 0xF5, 0xF0, 0x01, 0xF0, 0x01, 0xF0, 0x01, 0xE3, 0xE6, 0x34, 0x00, 0x03, 0x24, 0x03, 0xEA,
    0x50, 0x13, 0x00, 0x03, 0x12, 0x00, 0x0E, 0x22, 0x00, 0x45, 0x23, 0x01, 0x21, 0x50, 0x34, 0x12,
    0x21, 0x50, 0x45, 0x23, 0xC2, 0x00, 0x11, 0x21, 0x12, 0x11, 0x11, 0x22, 0x11, 0x11, 0x23, 0x11,
    0x12, 0x00, 0x05, 0x12, 0x21, 0x34, 0x00, 0x10, 0x00, 0x03, 0xCE, 0x20, 0x11, 0x00, 0x01, 0x21,
    0x12, 0x00, 0x08, 0x10, 0x21, 0x40, 0x01, 0x21, 0xAF, 0x00, 0x03, 0x32, 0x00, 0x22, 0x43, 0x00,
    0x2D, 0x00, 0x07, 0x00, 0x3E, 0x60, 0x1A, 0x83, 0x30, 0x1F, 0x22, 0x22, 0x22, 0x12, 0x21, 0x00,
    0x47, 0x00, 0x08, 0x1F, 0x32, 0x32, 0x33, 0xF0, 0x8F, 0xF0, 0x01, 0xF0, 0x01, 0xF0, 0x01, 0xF0,
    0x01, 0xFF, 0xF0, 0x01, 0xF0, 0x01, 0xF0, 0x01, 0xF0, 0x01, 0xF0, 0x01, 0xF0, 0x01, 0xF0, 0x01,
    0xF0, 0x01, 0xFF, 0xF0, 0x01, 0xF0, 0x01, 0xF0, 0x01, 0xF0, 0x01, 0xF0, 0x01, 0xF0, 0x01, 0xF0,
    0x01, 0xF0, 0x01, 0xFF, 0xF0, 0x01, 0xF0, 0x01, 0xF0, 0x01, 0xF0, 0x01, 0xF0, 0x01, 0xF0, 0x01,
    0xF0, 0x01, 0xF0, 0x01, 0xFF, 0xF0, 0x01, 0xF0, 0x01, 0xF0, 0x01, 0xF0, 0x01, 0xF0, 0x01, 0xF0,
    0x01, 0xF0, 0x01, 0xF0, 0x01, 0xFF, 0xF0, 0x01, 0xF0, 0x01, 0xF0, 0x01, 0xF0, 0x01, 0xF0, 0x01,
    0xF0, 0x01, 0xF0, 0x01, 0xF0, 0x01, 0xFC, 0xF0, 0x01, 0xF0, 0x01, 0xF0, 0x01, 0xF0, 0x01, 0xD3,
    0xFD, 0x23, 0xE7, 0x21, 0x00, 0x73, 0x55, 0x03, 0xF7, 0x00, 0x0C, 0x30, 0x03, 0x44, 0x23, 0x04,
    0x0B, 0x14, 0x13, 0x61, 0x14, 0x43, 0xD1, 0x13, 0xE3, 0x23, 0x12, 0x11, 0x32, 0x13, 0xFC, 0x7E,
    0x22, 0x40, 0x10, 0x04, 0x0F, 0x00, 0x03, 0x23, 0xFA, 0x30, 0x03, 0x03, 0xD6, 0x21, 0xF0, 0x14,
    0x2E, 0x40, 0x33, 0x13, 0xEB, 0x04, 0x0B, 0x43, 0x44, 0x12, 0x32, 0x01, 0x54, 0x55, 0x22, 0x43,
    0x05, 0x00, 0x31, 0x00, 0x03, 0x00, 0x32, 0x54, 0x00, 0x55, 0x43, 0x55, 0x55, 0x44, 0x01, 0x32,
    0x44, 0x44, 0x33, 0x21, 0x33, 0x33, 0x28, 0x3F, 0xFF, 0xF0, 0x01, 0xF0, 0x01, 0xF0, 0x01, 0xF0,
    0x01, 0xF0, 0x01, 0xF0, 0x01, 0xF0, 0x01, 0xF0, 0x01, 0xFF, 0xF0, 0x01, 0xF0, 0x01, 0xF0, 0x01,
    0xF0, 0x01, 0xF0, 0x01, 0xF0, 0x01, 0xF0, 0x01, 0xF0, 0x01, 0xFF, 0xF0, 0x01, 0xF0, 0x01, 0xF0,
    0x01, 0xF0, 0x01, 0xF0, 0x01, 0xF0, 0x01, 0xF0, 0x01, 0xF0, 0x01, 0xFF, 0xF0, 0x01, 0xF0, 0x01,
    0xF0, 0x01, 0xF0, 0x01, 0xF0, 0x01, 0xF0, 0x01, 0xF0, 0x01, 0xF0, 0x01, 0xFF, 0xF0, 0x01, 0xF0,
    0x01, 0xF0, 0x01, 0xF0, 0x01, 0xF0, 0x01, 0xF0, 0x01, 0xF0, 0x01, 0xF0, 0x01, 0xFF, 0xF0, 0x01,
    0xF0, 0x01, 0xF0, 0x01, 0xF0, 0x01, 0xF0, 0x01, 0xF0, 0x01, 0xF0, 0x01, 0xF0, 0x01, 0xCD, 0xF0,
    0x01, 0x90, 0x01, 0x45, 0x32, 0x00, 0x03, 0x07, 0x87, 0x45, 0x13, 0xF3, 0xF9, 0xE0, 0x03, 0x13,
    0xEF, 0x00, 0x03, 0x03, 0xCF, 0x10, 0x03, 0x22, 0x32, 0x03, 0xE7, 0xE4, 0x10, 0x03, 0x10, 0x0B,
    0x28, 0x00, 0x22, 0x32, 0x0C, 0x08, 0x43, 0x44, 0x50, 0x23, 0x03, 0xE2, 0x34, 0x03, 0xD7, 0x34,
    0x44, 0x44, 0x44, 0x1F, 0x34, 0x33, 0x33, 0x03, 0xD8, 0x07, 0xE6, 0x24, 0x03, 0x48, 0x00, 0x18,
    0x30, 0x95, 0x38, 0x3F, 0x13, 0x22, 0x00, 0x4A, 0x33, 0x00, 0x46, 0x44, 0x00, 0x03, 0x7F, 0x54,
    0xF0, 0x8F, 0xF0, 0x01, 0xF0, 0x01, 0xF0, 0x01, 0xF0, 0x01, 0xF0, 0x01, 0xF0, 0x01, 0xFF, 0xF0,
    0x01, 0xF0, 0x01, 0xF0, 0x01, 0xF0, 0x01, 0xF0, 0x01, 0xF0, 0x01, 0xF0, 0x01, 0xF0, 0x01, 0xFF,
    0xF0, 0x01, 0xF0, 0x01, 0xF0, 0x01, 0xF0, 0x01, 0xF0, 0x01, 0xF0, 0x01, 0xF0, 0x01, 0xF0, 0x01,
    0xFF, 0xF0, 0x01, 0xF0, 0x01, 0xF0, 0x01, 0xF0, 0x01, 0xF0, 0x01, 0xF0, 0x01, 0xF0, 0x01, 0xF0,
    0x01, 0xFF, 0xF0, 0x01, 0xF0, 0x01, 0xF0, 0x01, 0xF0, 0x01, 0xF0, 0x01, 0xF0, 0x01, 0xF0, 0x01,
    0xF0, 0x01, 0xFF, 0xF0, 0x01, 0xF0, 0x01, 0xF0, 0x01, 0xF0, 0x01, 0xF0, 0x01, 0xF0, 0x01, 0xF0,
    0x01, 0xF0, 0x01, 0xE0, 0xF0, 0x01, 0xF0, 0x01, 0xB0, 0x01, 0x00, 0x00,
};
/* data_0876361C: raw trailing carve (pre-sliced hybrid blob), byte-exact. */
u8 data_0876361C[] __attribute__((section(".data.frontier_df3_banim_aura.gap11"))) = {
    0x55, 0x53, 0x1F, 0x7F, 0x54, 0x7E, 0x70, 0x7D, 0x2E, 0x65, 0xE8, 0x4C, 0x55, 0x53, 0x55, 0x53,
    0x55, 0x53, 0x55, 0x53, 0x55, 0x53, 0x55, 0x53, 0x55, 0x53, 0x55, 0x53, 0x55, 0x53, 0x55, 0x53,
    0x04, 0x00, 0xFF, 0xFF, 0x3D, 0x0A, 0x00, 0x00, 0x00, 0x00, 0x3D, 0x0A, 0x04, 0x00, 0xFF, 0xFF,
    0xC3, 0xF5, 0x00, 0x00, 0x00, 0x00, 0x3D, 0x0A, 0x04, 0x00, 0xFF, 0xFF, 0x3D, 0x0A, 0x00, 0x00,
    0x00, 0x00, 0xC3, 0xF5, 0x04, 0x00, 0xFF, 0xFF, 0xC3, 0xF5, 0x00, 0x00, 0x00, 0x00, 0xC3, 0xF5,
    0x00, 0x01, 0x00, 0x80, 0x00, 0x00, 0xEE, 0xFF, 0xEE, 0xFF, 0x00, 0x00, 0x00, 0x01, 0x00, 0x82,
    0x00, 0x00, 0xF1, 0xFF, 0xEE, 0xFF, 0x00, 0x00, 0x00, 0x01, 0x00, 0x84, 0x00, 0x00, 0xEE, 0xFF,
    0xF1, 0xFF, 0x00, 0x00, 0x00, 0x01, 0x00, 0x86, 0x00, 0x00, 0xF1, 0xFF, 0xF1, 0xFF, 0x00, 0x00,
    0x01, 0x00, 0x00, 0x00, 0x00, 0x00, 0x00, 0x00, 0x00, 0x00, 0x00, 0x00, 0x04, 0x00, 0xFF, 0xFF,
    0x05, 0x05, 0x00, 0x00, 0x00, 0x00, 0x05, 0x05, 0x04, 0x00, 0xFF, 0xFF, 0xFB, 0xFA, 0x00, 0x00,
    0x00, 0x00, 0x05, 0x05, 0x04, 0x00, 0xFF, 0xFF, 0x05, 0x05, 0x00, 0x00, 0x00, 0x00, 0xFB, 0xFA,
    0x04, 0x00, 0xFF, 0xFF, 0xFB, 0xFA, 0x00, 0x00, 0x00, 0x00, 0xFB, 0xFA, 0x00, 0x01, 0x00, 0x80,
    0x00, 0x00, 0xEC, 0xFF, 0xEC, 0xFF, 0x00, 0x00, 0x00, 0x01, 0x00, 0x82, 0x00, 0x00, 0xF3, 0xFF,
    0xEC, 0xFF, 0x00, 0x00, 0x00, 0x01, 0x00, 0x84, 0x00, 0x00, 0xEC, 0xFF, 0xF3, 0xFF, 0x00, 0x00,
    0x00, 0x01, 0x00, 0x86, 0x00, 0x00, 0xF3, 0xFF, 0xF3, 0xFF, 0x00, 0x00, 0x01, 0x00, 0x00, 0x00,
    0x00, 0x00, 0x00, 0x00, 0x00, 0x00, 0x00, 0x00, 0x04, 0x00, 0xFF, 0xFF, 0x5E, 0x03, 0x00, 0x00,
    0x00, 0x00, 0x5E, 0x03, 0x04, 0x00, 0xFF, 0xFF, 0xA2, 0xFC, 0x00, 0x00, 0x00, 0x00, 0x5E, 0x03,
    0x04, 0x00, 0xFF, 0xFF, 0x5E, 0x03, 0x00, 0x00, 0x00, 0x00, 0xA2, 0xFC, 0x04, 0x00, 0xFF, 0xFF,
    0xA2, 0xFC, 0x00, 0x00, 0x00, 0x00, 0xA2, 0xFC, 0x00, 0x01, 0x00, 0x80, 0x00, 0x00, 0xEB, 0xFF,
    0xEB, 0xFF, 0x00, 0x00, 0x00, 0x01, 0x00, 0x82, 0x00, 0x00, 0xF4, 0xFF, 0xEB, 0xFF, 0x00, 0x00,
    0x00, 0x01, 0x00, 0x84, 0x00, 0x00, 0xEB, 0xFF, 0xF4, 0xFF, 0x00, 0x00, 0x00, 0x01, 0x00, 0x86,
    0x00, 0x00, 0xF4, 0xFF, 0xF4, 0xFF, 0x00, 0x00, 0x01, 0x00, 0x00, 0x00, 0x00, 0x00, 0x00, 0x00,
    0x00, 0x00, 0x00, 0x00, 0x04, 0x00, 0xFF, 0xFF, 0x82, 0x02, 0x00, 0x00, 0x00, 0x00, 0x82, 0x02,
    0x04, 0x00, 0xFF, 0xFF, 0x7E, 0xFD, 0x00, 0x00, 0x00, 0x00, 0x82, 0x02, 0x04, 0x00, 0xFF, 0xFF,
    0x82, 0x02, 0x00, 0x00, 0x00, 0x00, 0x7E, 0xFD, 0x04, 0x00, 0xFF, 0xFF, 0x7E, 0xFD, 0x00, 0x00,
    0x00, 0x00, 0x7E, 0xFD, 0x00, 0x01, 0x00, 0x80, 0x00, 0x00, 0xE9, 0xFF, 0xE9, 0xFF, 0x00, 0x00,
    0x00, 0x01, 0x00, 0x82, 0x00, 0x00, 0xF6, 0xFF, 0xE9, 0xFF, 0x00, 0x00, 0x00, 0x01, 0x00, 0x84,
    0x00, 0x00, 0xE9, 0xFF, 0xF6, 0xFF, 0x00, 0x00, 0x00, 0x01, 0x00, 0x86, 0x00, 0x00, 0xF6, 0xFF,
    0xF6, 0xFF, 0x00, 0x00, 0x01, 0x00, 0x00, 0x00, 0x00, 0x00, 0x00, 0x00, 0x00, 0x00, 0x00, 0x00,
    0x04, 0x00, 0xFF, 0xFF, 0x00, 0x02, 0x00, 0x00, 0x00, 0x00, 0x00, 0x02, 0x04, 0x00, 0xFF, 0xFF,
    0x00, 0xFE, 0x00, 0x00, 0x00, 0x00, 0x00, 0x02, 0x04, 0x00, 0xFF, 0xFF, 0x00, 0x02, 0x00, 0x00,
    0x00, 0x00, 0x00, 0xFE, 0x04, 0x00, 0xFF, 0xFF, 0x00, 0xFE, 0x00, 0x00, 0x00, 0x00, 0x00, 0xFE,
    0x00, 0x01, 0x00, 0x80, 0x00, 0x00, 0xE9, 0xFF, 0xE9, 0xFF, 0x00, 0x00, 0x00, 0x01, 0x00, 0x82,
    0x00, 0x00, 0xF6, 0xFF, 0xE9, 0xFF, 0x00, 0x00, 0x00, 0x01, 0x00, 0x84, 0x00, 0x00, 0xE9, 0xFF,
    0xF6, 0xFF, 0x00, 0x00, 0x00, 0x01, 0x00, 0x86, 0x00, 0x00, 0xF6, 0xFF, 0xF6, 0xFF, 0x00, 0x00,
    0x01, 0x00, 0x00, 0x00, 0x00, 0x00, 0x00, 0x00, 0x00, 0x00, 0x00, 0x00, 0x04, 0x00, 0xFF, 0xFF,
    0xAC, 0x01, 0x00, 0x00, 0x00, 0x00, 0xAC, 0x01, 0x04, 0x00, 0xFF, 0xFF, 0x51, 0xFE, 0x00, 0x00,
    0x00, 0x00, 0xAF, 0x01, 0x04, 0x00, 0xFF, 0xFF, 0xAF, 0x01, 0x00, 0x00, 0x00, 0x00, 0x51, 0xFE,
    0x04, 0x00, 0xFF, 0xFF, 0x51, 0xFE, 0x00, 0x00, 0x00, 0x00, 0x51, 0xFE, 0x00, 0x01, 0x00, 0x80,
    0x00, 0x00, 0xE6, 0xFF, 0xE6, 0xFF, 0x00, 0x00, 0x00, 0x01, 0x00, 0x82, 0x00, 0x00, 0xF9, 0xFF,
    0xE6, 0xFF, 0x00, 0x00, 0x00, 0x01, 0x00, 0x84, 0x00, 0x00, 0xE6, 0xFF, 0xF9, 0xFF, 0x00, 0x00,
    0x00, 0x01, 0x00, 0x86, 0x00, 0x00, 0xF9, 0xFF, 0xF9, 0xFF, 0x00, 0x00, 0x01, 0x00, 0x00, 0x00,
    0x00, 0x00, 0x00, 0x00, 0x00, 0x00, 0x00, 0x00, 0x04, 0x00, 0xFF, 0xFF, 0x6E, 0x01, 0x00, 0x00,
    0x00, 0x00, 0x6E, 0x01, 0x04, 0x00, 0xFF, 0xFF, 0x92, 0xFE, 0x00, 0x00, 0x00, 0x00, 0x6E, 0x01,
    0x04, 0x00, 0xFF, 0xFF, 0x6E, 0x01, 0x00, 0x00, 0x00, 0x00, 0x92, 0xFE, 0x04, 0x00, 0xFF, 0xFF,
    0x92, 0xFE, 0x00, 0x00, 0x00, 0x00, 0x92, 0xFE, 0x00, 0x01, 0x00, 0x80, 0x00, 0x00, 0xE4, 0xFF,
    0xE4, 0xFF, 0x00, 0x00, 0x00, 0x01, 0x00, 0x82, 0x00, 0x00, 0xFB, 0xFF, 0xE4, 0xFF, 0x00, 0x00,
    0x00, 0x01, 0x00, 0x84, 0x00, 0x00, 0xE4, 0xFF, 0xFB, 0xFF, 0x00, 0x00, 0x00, 0x01, 0x00, 0x86,
    0x00, 0x00, 0xFB, 0xFF, 0xFB, 0xFF, 0x00, 0x00, 0x01, 0x00, 0x00, 0x00, 0x00, 0x00, 0x00, 0x00,
    0x00, 0x00, 0x00, 0x00, 0x04, 0x00, 0xFF, 0xFF, 0x41, 0x01, 0x00, 0x00, 0x00, 0x00, 0x41, 0x01,
    0x04, 0x00, 0xFF, 0xFF, 0xBF, 0xFE, 0x00, 0x00, 0x00, 0x00, 0x41, 0x01, 0x04, 0x00, 0xFF, 0xFF,
    0x41, 0x01, 0x00, 0x00, 0x00, 0x00, 0xBF, 0xFE, 0x04, 0x00, 0xFF, 0xFF, 0xBF, 0xFE, 0x00, 0x00,
    0x00, 0x00, 0xBF, 0xFE, 0x00, 0x01, 0x00, 0x80, 0x00, 0x00, 0xE3, 0xFF, 0xE3, 0xFF, 0x00, 0x00,
    0x00, 0x01, 0x00, 0x82, 0x00, 0x00, 0xFC, 0xFF, 0xE3, 0xFF, 0x00, 0x00, 0x00, 0x01, 0x00, 0x84,
    0x00, 0x00, 0xE3, 0xFF, 0xFC, 0xFF, 0x00, 0x00, 0x00, 0x01, 0x00, 0x86, 0x00, 0x00, 0xFC, 0xFF,
    0xFC, 0xFF, 0x00, 0x00, 0x01, 0x00, 0x00, 0x00, 0x00, 0x00, 0x00, 0x00, 0x00, 0x00, 0x00, 0x00,
    0x04, 0x00, 0xFF, 0xFF, 0x1C, 0x01, 0x00, 0x00, 0x00, 0x00, 0x1C, 0x01, 0x04, 0x00, 0xFF, 0xFF,
    0xE4, 0xFE, 0x00, 0x00, 0x00, 0x00, 0x1C, 0x01, 0x04, 0x00, 0xFF, 0xFF, 0x1C, 0x01, 0x00, 0x00,
    0x00, 0x00, 0xE4, 0xFE, 0x04, 0x00, 0xFF, 0xFF, 0xE4, 0xFE, 0x00, 0x00, 0x00, 0x00, 0xE4, 0xFE,
    0x00, 0x01, 0x00, 0x80, 0x00, 0x00, 0xE1, 0xFF, 0xE1, 0xFF, 0x00, 0x00, 0x00, 0x01, 0x00, 0x82,
    0x00, 0x00, 0xFE, 0xFF, 0xE1, 0xFF, 0x00, 0x00, 0x00, 0x01, 0x00, 0x84, 0x00, 0x00, 0xE1, 0xFF,
    0xFE, 0xFF, 0x00, 0x00, 0x00, 0x01, 0x00, 0x86, 0x00, 0x00, 0xFE, 0xFF, 0xFE, 0xFF, 0x00, 0x00,
    0x01, 0x00, 0x00, 0x00, 0x00, 0x00, 0x00, 0x00, 0x00, 0x00, 0x00, 0x00, 0x00, 0x00, 0x00, 0x80,
    0x00, 0x00, 0xE0, 0xFF, 0xE0, 0xFF, 0x00, 0x00, 0x00, 0x00, 0x00, 0x90, 0x00, 0x00, 0x00, 0x00,
    0xE0, 0xFF, 0x00, 0x00, 0x00, 0x00, 0x00, 0xA0, 0x00, 0x00, 0xE0, 0xFF, 0x00, 0x00, 0x00, 0x00,
    0x00, 0x00, 0x00, 0xB0, 0x00, 0x00, 0x00, 0x00, 0x00, 0x00, 0x00, 0x00, 0x01, 0x00, 0x00, 0x00,
    0x00, 0x00, 0x00, 0x00, 0x00, 0x00, 0x00, 0x00, 0x00, 0x00, 0x00, 0x00, 0x04, 0x00, 0x00, 0x00,
    0xF8, 0xFF, 0x00, 0x00, 0x01, 0x00, 0x00, 0x00, 0x00, 0x00, 0x00, 0x00, 0x00, 0x00, 0x00, 0x00,
};
/* data_08763A5C: raw trailing carve (pre-sliced hybrid blob), byte-exact. */
u32 data_08763A5C[] __attribute__((section(".data.frontier_df3_banim_aura.gap11"))) = {
    (u32)&data_0876361C + 0x21, (u32)&data_0876361C + 0x429, (u32)&data_0876361C + 0x8d, (u32)&data_0876361C + 0x429, (u32)&data_0876361C + 0xf9, (u32)&data_0876361C + 0x429,
    (u32)&data_0876361C + 0x165, (u32)&data_0876361C + 0x429, (u32)&data_0876361C + 0x1d1, (u32)&data_0876361C + 0x429, (u32)&data_0876361C + 0x23d, (u32)&data_0876361C + 0x429,
    (u32)&data_0876361C + 0x2a9, (u32)&data_0876361C + 0x429, (u32)&data_0876361C + 0x315, (u32)&data_0876361C + 0x429, (u32)&data_0876361C + 0x381, (u32)&data_0876361C + 0x429,
    (u32)&data_0876361C + 0x3ed, (u32)&data_0876361C + 0x429, 0x82000000,
};
/* data_08763AB0: raw trailing carve (pre-sliced hybrid blob), byte-exact. */
u32 data_08763AB0[] __attribute__((section(".data.frontier_df3_banim_aura.gap11"))) = {
    (u32)&data_0876361C + 0x3ed, (u32)&data_0876361C + 0x429, 0x82000000,
};
/* data_08763ABC: raw trailing carve (pre-sliced hybrid blob), byte-exact. */
u32 data_08763ABC[] __attribute__((section(".data.frontier_df3_banim_aura.gap11"))) = {
    (u32)&data_0876361C + 0x3ed, (u32)&data_0876361C + 0x429, (u32)&data_0876361C + 0x381, (u32)&data_0876361C + 0x429, (u32)&data_0876361C + 0x315, (u32)&data_0876361C + 0x429,
    (u32)&data_0876361C + 0x2a9, (u32)&data_0876361C + 0x429, (u32)&data_0876361C + 0x23d, (u32)&data_0876361C + 0x429, (u32)&data_0876361C + 0x1d1, (u32)&data_0876361C + 0x429,
    (u32)&data_0876361C + 0x165, (u32)&data_0876361C + 0x429, (u32)&data_0876361C + 0xf9, (u32)&data_0876361C + 0x429, (u32)&data_0876361C + 0x8d, (u32)&data_0876361C + 0x429,
    (u32)&data_0876361C + 0x21, (u32)&data_0876361C + 0x429, 0x82000000,
};
